epoch,loss,train_acc,val_acc,test_acc,gradient_norm
1,1.0894933938980103,0.3995943069458008,0.3995943069458008,0.39936748147010803,0.1326895935376009
2,1.0873935222625732,0.3995943069458008,0.3995943069458008,0.39936748147010803,0.12748787447211726
3,1.0853692293167114,0.3995943069458008,0.3995943069458008,0.39936748147010803,0.12230285924800509
4,1.0834251642227173,0.3995943069458008,0.3995943069458008,0.39936748147010803,0.11713329207480272
5,1.0815671682357788,0.3995943069458008,0.3995943069458008,0.39936748147010803,0.11201134812971092
6,1.0797984600067139,0.3995943069458008,0.3995943069458008,0.39936748147010803,0.10694977886182284
7,1.0781198740005493,0.3995943069458008,0.3995943069458008,0.39936748147010803,0.10195487594568581
8,1.0765310525894165,0.3995943069458008,0.3995943069458008,0.39936748147010803,0.09703197259373562
9,1.0750315189361572,0.3995943069458008,0.3995943069458008,0.39936748147010803,0.0921863046665661
10,1.073620319366455,0.3995943069458008,0.3995943069458008,0.39936748147010803,0.08742289061891137
11,1.0722968578338623,0.3995943069458008,0.3995943069458008,0.39936748147010803,0.08274683598240214
12,1.0710595846176147,0.3995943069458008,0.3995943069458008,0.39936748147010803,0.07816285765848828
13,1.0699069499969482,0.3995943069458008,0.3995943069458008,0.39936748147010803,0.07367584276516383
14,1.0688369274139404,0.3995943069458008,0.3995943069458008,0.39936748147010803,0.06929029050181983
15,1.0678476095199585,0.3995943069458008,0.3995943069458008,0.39936748147010803,0.06501057891815219
16,1.0669366121292114,0.3995943069458008,0.3995943069458008,0.39936748147010803,0.060840906024014145
17,1.0661014318466187,0.3995943069458008,0.3995943069458008,0.39936748147010803,0.05678516476469784
18,1.0653388500213623,0.3995943069458008,0.3995943069458008,0.39936748147010803,0.05284704649009521
19,1.0646463632583618,0.3995943069458008,0.3995943069458008,0.39936748147010803,0.049029915598218024
20,1.0640207529067993,0.3995943069458008,0.3995943069458008,0.39936748147010803,0.04533693861050112
21,1.0634584426879883,0.3995943069458008,0.3995943069458008,0.39936748147010803,0.04177082566896062
22,1.0629560947418213,0.3995943069458008,0.3995943069458008,0.39936748147010803,0.038334042957584684
23,1.0625101327896118,0.3995943069458008,0.3995943069458008,0.39936748147010803,0.035028616699472714
24,1.0621169805526733,0.3995943069458008,0.3995943069458008,0.39936748147010803,0.03185632285593366
25,1.0617725849151611,0.3995943069458008,0.3995943069458008,0.39936748147010803,0.028818540957120317
26,1.0614739656448364,0.3995943069458008,0.3995943069458008,0.39936748147010803,0.025916287352189527
27,1.061216950416565,0.3995943069458008,0.3995943069458008,0.39936748147010803,0.02315011761844798
28,1.0609978437423706,0.3995943069458008,0.3995943069458008,0.39936748147010803,0.02052031360236242
29,1.0608131885528564,0.3995943069458008,0.3995943069458008,0.39936748147010803,0.018026743343641932
30,1.0606598854064941,0.3995943069458008,0.3995943069458008,0.39936748147010803,0.01566890976587679
31,1.060534119606018,0.3995943069458008,0.3995943069458008,0.39936748147010803,0.013445977259745947
32,1.0604329109191895,0.3995943069458008,0.3995943069458008,0.39936748147010803,0.011356774688495481
33,1.06035315990448,0.3995943069458008,0.3995943069458008,0.39936748147010803,0.009399823158204966
34,1.0602918863296509,0.3995943069458008,0.3995943069458008,0.39936748147010803,0.007573394532903551
35,1.0602467060089111,0.3995943069458008,0.3995943069458008,0.39936748147010803,0.005875576240939132
36,1.060214877128601,0.3995943069458008,0.3995943069458008,0.39936748147010803,0.0043045964141611055
37,1.0601942539215088,0.3995943069458008,0.3995943069458008,0.39936748147010803,0.0028597371072899493
38,1.0601826906204224,0.3995943069458008,0.3995943069458008,0.39936748147010803,0.0015460925545727016
39,1.0601781606674194,0.3995943069458008,0.3995943069458008,0.39936748147010803,0.0004569807534864538
40,1.0601794719696045,0.3995943069458008,0.3995943069458008,0.39936748147010803,0.0008891746990824952
41,1.0601848363876343,0.3995943069458008,0.3995943069458008,0.39936748147010803,0.0018446026217110805
42,1.0601930618286133,0.3995943069458008,0.3995943069458008,0.39936748147010803,0.0027230382011304084
43,1.060202956199646,0.3995943069458008,0.3995943069458008,0.39936748147010803,0.003506290461918924
44,1.0602140426635742,0.3995943069458008,0.3995943069458008,0.39936748147010803,0.004194850498370262
45,1.060225009918213,0.3995943069458008,0.3995943069458008,0.39936748147010803,0.004791834896946109
46,1.0602353811264038,0.3995943069458008,0.3995943069458008,0.39936748147010803,0.005301144499170488
47,1.0602450370788574,0.3995943069458008,0.3995943069458008,0.39936748147010803,0.005726965378952287
48,1.060253620147705,0.3995943069458008,0.3995943069458008,0.39936748147010803,0.006073844134275962
49,1.0602604150772095,0.3995943069458008,0.3995943069458008,0.39936748147010803,0.006346192328665931
50,1.0602658987045288,0.3995943069458008,0.3995943069458008,0.39936748147010803,0.00654861314378324
51,1.0602695941925049,0.3995943069458008,0.3995943069458008,0.39936748147010803,0.006685653380913088
52,1.0602717399597168,0.3995943069458008,0.3995943069458008,0.39936748147010803,0.0067618712980174024
53,1.060271978378296,0.3995943069458008,0.3995943069458008,0.39936748147010803,0.006781930167314376
54,1.0602712631225586,0.3995943069458008,0.3995943069458008,0.39936748147010803,0.006750295711309199
55,1.0602692365646362,0.3995943069458008,0.3995943069458008,0.39936748147010803,0.006671461654389681
56,1.0602658987045288,0.3995943069458008,0.3995943069458008,0.39936748147010803,0.0065498738073901394
57,1.060261607170105,0.3995943069458008,0.3995943069458008,0.39936748147010803,0.006389764812546043
58,1.0602566003799438,0.3995943069458008,0.3995943069458008,0.39936748147010803,0.006195489688226242
59,1.0602508783340454,0.3995943069458008,0.3995943069458008,0.39936748147010803,0.005971089468053211
60,1.0602450370788574,0.3995943069458008,0.3995943069458008,0.39936748147010803,0.005720597401703829
61,1.0602385997772217,0.3995943069458008,0.3995943069458008,0.39936748147010803,0.0054478431425780995
62,1.060232400894165,0.3995943069458008,0.3995943069458008,0.39936748147010803,0.005156575321314634
63,1.0602260828018188,0.3995943069458008,0.3995943069458008,0.39936748147010803,0.004850354571423356
64,1.0602198839187622,0.3995943069458008,0.3995943069458008,0.39936748147010803,0.004532530804049942
65,1.0602139234542847,0.3995943069458008,0.3995943069458008,0.39936748147010803,0.004206386389657668
66,1.060208797454834,0.3995943069458008,0.3995943069458008,0.39936748147010803,0.003874859843061527
67,1.0602034330368042,0.3995943069458008,0.3995943069458008,0.39936748147010803,0.003540878437888275
68,1.0601990222930908,0.3995943069458008,0.3995943069458008,0.39936748147010803,0.003206966809734782
69,1.0601948499679565,0.3995943069458008,0.3995943069458008,0.39936748147010803,0.0028757471440277204
70,1.060191035270691,0.3995943069458008,0.3995943069458008,0.39936748147010803,0.002549358126323023
71,1.0601880550384521,0.3995943069458008,0.3995943069458008,0.39936748147010803,0.002229847078564306
72,1.0601853132247925,0.3995943069458008,0.3995943069458008,0.39936748147010803,0.0019191321922093457
73,1.0601832866668701,0.3995943069458008,0.3995943069458008,0.39936748147010803,0.0016188402413190458
74,1.0601813793182373,0.3995943069458008,0.3995943069458008,0.39936748147010803,0.0013303338406594034
75,1.0601803064346313,0.3995943069458008,0.3995943069458008,0.39936748147010803,0.0010549908168630152
76,1.0601792335510254,0.3995943069458008,0.3995943069458008,0.39936748147010803,0.0007938256419078713
77,1.060178518295288,0.3995943069458008,0.3995943069458008,0.39936748147010803,0.0005478320975157648
78,1.0601781606674194,0.3995943069458008,0.3995943069458008,0.39936748147010803,0.00031803272380943203
79,1.0601779222488403,0.3995943069458008,0.3995943069458008,0.39936748147010803,0.00010787775071187917
80,1.0601779222488403,0.3995943069458008,0.3995943069458008,0.39936748147010803,0.00010361217888466978
81,1.0601780414581299,0.3995943069458008,0.3995943069458008,0.39936748147010803,0.0002804159791232006
82,1.0601781606674194,0.3995943069458008,0.3995943069458008,0.39936748147010803,0.0004439874892752903
83,1.0601786375045776,0.3995943069458008,0.3995943069458008,0.39936748147010803,0.0005913373413686963
84,1.0601788759231567,0.3995943069458008,0.3995943069458008,0.39936748147010803,0.0007224484234230533
85,1.060179352760315,0.3995943069458008,0.3995943069458008,0.39936748147010803,0.0008374952745944214
86,1.0601798295974731,0.3995943069458008,0.3995943069458008,0.39936748147010803,0.000936864373154674
87,1.0601799488067627,0.3995943069458008,0.3995943069458008,0.39936748147010803,0.0010210242176724874
88,1.060180425643921,0.3995943069458008,0.3995943069458008,0.39936748147010803,0.0010906836734742346
89,1.0601806640625,0.3995943069458008,0.3995943069458008,0.39936748147010803,0.0011465087644541548
90,1.0601811408996582,0.3995943069458008,0.3995943069458008,0.39936748147010803,0.001189115907908443
91,1.0601810216903687,0.3995943069458008,0.3995943069458008,0.39936748147010803,0.0012194046363768985
92,1.0601810216903687,0.3995943069458008,0.3995943069458008,0.39936748147010803,0.0012381433310647868
93,1.0601811408996582,0.3995943069458008,0.3995943069458008,0.39936748147010803,0.0012462296265056115
94,1.0601810216903687,0.3995943069458008,0.3995943069458008,0.39936748147010803,0.0012445462617831074
95,1.0601811408996582,0.3995943069458008,0.3995943069458008,0.39936748147010803,0.0012339498613297552
96,1.060180902481079,0.3995943069458008,0.3995943069458008,0.39936748147010803,0.0012153742938423087
97,1.060180902481079,0.3995943069458008,0.3995943069458008,0.39936748147010803,0.0011897061774125623
98,1.0601807832717896,0.3995943069458008,0.3995943069458008,0.39936748147010803,0.001157789047354129
99,1.0601805448532104,0.3995943069458008,0.3995943069458008,0.39936748147010803,0.0011205262318646086
100,1.060180425643921,0.3995943069458008,0.3995943069458008,0.39936748147010803,0.0010787041979157697
101,1.0601801872253418,0.3995943069458008,0.3995943069458008,0.39936748147010803,0.0010331767273613587
102,1.0601800680160522,0.3995943069458008,0.3995943069458008,0.39936748147010803,0.0009847405432869337
103,1.0601797103881836,0.3995943069458008,0.3995943069458008,0.39936748147010803,0.0009340062366588731
104,1.060179591178894,0.3995943069458008,0.3995943069458008,0.39936748147010803,0.0008817538137747552
105,1.060179591178894,0.3995943069458008,0.3995943069458008,0.39936748147010803,0.0008286946236491193
106,1.0601792335510254,0.3995943069458008,0.3995943069458008,0.39936748147010803,0.0007752713800701528
107,1.0601792335510254,0.3995943069458008,0.3995943069458008,0.39936748147010803,0.0007221840047603432
108,1.0601792335510254,0.3995943069458008,0.3995943069458008,0.39936748147010803,0.0006698221788703674
109,1.0601788759231567,0.3995943069458008,0.3995943069458008,0.39936748147010803,0.000618651835002156
110,1.0601786375045776,0.3995943069458008,0.3995943069458008,0.39936748147010803,0.0005691122399005374
111,1.0601783990859985,0.3995943069458008,0.3995943069458008,0.39936748147010803,0.0005215623442357837
112,1.0601783990859985,0.3995943069458008,0.3995943069458008,0.39936748147010803,0.0004762743071778434
113,1.060178279876709,0.3995943069458008,0.3995943069458008,0.39936748147010803,0.00043350821606562577
114,1.0601781606674194,0.3995943069458008,0.3995943069458008,0.39936748147010803,0.0003934784993438467
115,1.060178279876709,0.3995943069458008,0.3995943069458008,0.39936748147010803,0.00035630202893886136
116,1.0601781606674194,0.3995943069458008,0.3995943069458008,0.39936748147010803,0.0003221185886793739
117,1.0601781606674194,0.3995943069458008,0.3995943069458008,0.39936748147010803,0.0002910764739994756
118,1.0601780414581299,0.3995943069458008,0.3995943069458008,0.39936748147010803,0.0002630709456602062
119,1.0601780414581299,0.3995943069458008,0.3995943069458008,0.39936748147010803,0.00023825475160305765
120,1.0601781606674194,0.3995943069458008,0.3995943069458008,0.39936748147010803,0.00021654141856991796
121,1.0601779222488403,0.3995943069458008,0.3995943069458008,0.39936748147010803,0.00019780787196170164
122,1.0601779222488403,0.3995943069458008,0.3995943069458008,0.39936748147010803,0.0001820649900896683
123,1.0601781606674194,0.3995943069458008,0.3995943069458008,0.39936748147010803,0.00016924456286955355
124,1.0601779222488403,0.3995943069458008,0.3995943069458008,0.39936748147010803,0.00015907914675829964
125,1.0601780414581299,0.3995943069458008,0.3995943069458008,0.39936748147010803,0.0001515782153229612
126,1.0601779222488403,0.3995943069458008,0.3995943069458008,0.39936748147010803,0.00014647215985558735
127,1.0601781606674194,0.3995943069458008,0.3995943069458008,0.39936748147010803,0.0001436218535164955
128,1.0601780414581299,0.3995943069458008,0.3995943069458008,0.39936748147010803,0.00014287903485120666
129,1.0601779222488403,0.3995943069458008,0.3995943069458008,0.39936748147010803,0.00014397625016038108
130,1.0601781606674194,0.3995943069458008,0.3995943069458008,0.39936748147010803,0.0001468372370326972
131,1.0601778030395508,0.3995943069458008,0.3995943069458008,0.39936748147010803,0.00015113372699479267
132,1.0601780414581299,0.3995943069458008,0.3995943069458008,0.39936748147010803,0.0001567813479209383
133,1.0601779222488403,0.3995943069458008,0.3995943069458008,0.39936748147010803,0.00016356573973303395
134,1.0601779222488403,0.3995943069458008,0.3995943069458008,0.39936748147010803,0.00017129724201680143
135,1.0601780414581299,0.3995943069458008,0.3995943069458008,0.39936748147010803,0.00017984066679904736
136,1.0601781606674194,0.3995943069458008,0.3995943069458008,0.39936748147010803,0.00018894489066320665
137,1.0601780414581299,0.3995943069458008,0.3995943069458008,0.39936748147010803,0.00019849752649854448
138,1.0601781606674194,0.3995943069458008,0.3995943069458008,0.39936748147010803,0.0002083952704002464
139,1.0601781606674194,0.3995943069458008,0.3995943069458008,0.39936748147010803,0.00021841995003950404
140,1.0601780414581299,0.3995943069458008,0.3995943069458008,0.39936748147010803,0.000228484421536537
141,1.0601780414581299,0.3995943069458008,0.3995943069458008,0.39936748147010803,0.00023845834698417564
142,1.0601781606674194,0.3995943069458008,0.3995943069458008,0.39936748147010803,0.0002482350770312449
143,1.0601781606674194,0.3995943069458008,0.3995943069458008,0.39936748147010803,0.0002577176915751359
144,1.0601781606674194,0.3995943069458008,0.3995943069458008,0.39936748147010803,0.00026683293283359124
145,1.0601780414581299,0.3995943069458008,0.3995943069458008,0.39936748147010803,0.0002754854592742337
146,1.0601781606674194,0.3995943069458008,0.3995943069458008,0.39936748147010803,0.0002836460985832241
147,1.0601781606674194,0.3995943069458008,0.3995943069458008,0.39936748147010803,0.00029128495353043164
148,1.060178279876709,0.3995943069458008,0.3995943069458008,0.39936748147010803,0.00029832746949885275
149,1.060178279876709,0.3995943069458008,0.3995943069458008,0.39936748147010803,0.00030471459107527145
150,1.0601781606674194,0.3995943069458008,0.3995943069458008,0.39936748147010803,0.00031050232914452516
151,1.0601779222488403,0.3995943069458008,0.3995943069458008,0.39936748147010803,0.0003155861905142334
152,1.0601781606674194,0.3995943069458008,0.3995943069458008,0.39936748147010803,0.0003200704491345585
153,1.0601781606674194,0.3995943069458008,0.3995943069458008,0.39936748147010803,0.0003238971789233528
154,1.060178279876709,0.3995943069458008,0.3995943069458008,0.39936748147010803,0.00032705171242349994
155,1.0601781606674194,0.3995943069458008,0.3995943069458008,0.39936748147010803,0.0003296524964018094
156,1.0601781606674194,0.3995943069458008,0.3995943069458008,0.39936748147010803,0.0003316632104486022
157,1.060178279876709,0.3995943069458008,0.3995943069458008,0.39936748147010803,0.0003330863491263482
158,1.060178279876709,0.3995943069458008,0.3995943069458008,0.39936748147010803,0.00033404040434549824
159,1.060178279876709,0.3995943069458008,0.3995943069458008,0.39936748147010803,0.00033451341659981496
160,1.060178279876709,0.3995943069458008,0.3995943069458008,0.39936748147010803,0.00033451341659981496
161,1.0601781606674194,0.3995943069458008,0.3995943069458008,0.39936748147010803,0.0003340863894312341
162,1.0601781606674194,0.3995943069458008,0.3995943069458008,0.39936748147010803,0.00033332877474971954
163,1.0601781606674194,0.3995943069458008,0.3995943069458008,0.39936748147010803,0.00033224820213876286
164,1.0601781606674194,0.3995943069458008,0.3995943069458008,0.39936748147010803,0.00033089868426566826
165,1.0601781606674194,0.3995943069458008,0.3995943069458008,0.39936748147010803,0.0003293136288075209
166,1.0601781606674194,0.3995943069458008,0.3995943069458008,0.39936748147010803,0.0003275735710356832
167,1.0601780414581299,0.3995943069458008,0.3995943069458008,0.39936748147010803,0.000325638007306404
168,1.0601783990859985,0.3995943069458008,0.3995943069458008,0.39936748147010803,0.0003236234284136678
169,1.0601781606674194,0.3995943069458008,0.3995943069458008,0.39936748147010803,0.00032150174092714475
170,1.0601781606674194,0.3995943069458008,0.3995943069458008,0.39936748147010803,0.0003193602850264902
171,1.060178279876709,0.3995943069458008,0.3995943069458008,0.39936748147010803,0.0003172032860150782
172,1.0601781606674194,0.3995943069458008,0.3995943069458008,0.39936748147010803,0.00031506224774618025
173,1.0601780414581299,0.3995943069458008,0.3995943069458008,0.39936748147010803,0.0003129799997772441
174,1.0601781606674194,0.3995943069458008,0.3995943069458008,0.39936748147010803,0.0003109939042236516
175,1.0601781606674194,0.3995943069458008,0.3995943069458008,0.39936748147010803,0.0003090314654882974
176,1.0601781606674194,0.3995943069458008,0.3995943069458008,0.39936748147010803,0.0003071967070947353
177,1.0601780414581299,0.3995943069458008,0.3995943069458008,0.39936748147010803,0.00030549209237599627
178,1.060178279876709,0.3995943069458008,0.3995943069458008,0.39936748147010803,0.00030389804428352594
179,1.0601781606674194,0.3995943069458008,0.3995943069458008,0.39936748147010803,0.0003024423783771349
180,1.0601781606674194,0.3995943069458008,0.3995943069458008,0.39936748147010803,0.0003011617739894403
181,1.0601781606674194,0.3995943069458008,0.3995943069458008,0.39936748147010803,0.0002999955359586076
182,1.0601781606674194,0.3995943069458008,0.3995943069458008,0.39936748147010803,0.0002990100615381988
183,1.0601781606674194,0.3995943069458008,0.3995943069458008,0.39936748147010803,0.0002981033455912736
184,1.0601781606674194,0.3995943069458008,0.3995943069458008,0.39936748147010803,0.00029739271463096346
185,1.0601781606674194,0.3995943069458008,0.3995943069458008,0.39936748147010803,0.00029682740866000855
186,1.0601781606674194,0.3995943069458008,0.3995943069458008,0.39936748147010803,0.0002963884578310055
187,1.0601780414581299,0.3995943069458008,0.3995943069458008,0.39936748147010803,0.0002960734482868516
188,1.0601781606674194,0.3995943069458008,0.3995943069458008,0.39936748147010803,0.00029589863692898433
189,1.0601781606674194,0.3995943069458008,0.3995943069458008,0.39936748147010803,0.00029580082763677864
190,1.0601781606674194,0.3995943069458008,0.3995943069458008,0.39936748147010803,0.0002958337465655168
191,1.0601781606674194,0.3995943069458008,0.3995943069458008,0.39936748147010803,0.00029597740124091246
192,1.0601781606674194,0.3995943069458008,0.3995943069458008,0.39936748147010803,0.000296155788949705
193,1.060178279876709,0.3995943069458008,0.3995943069458008,0.39936748147010803,0.00029643961256789545
194,1.0601780414581299,0.3995943069458008,0.3995943069458008,0.39936748147010803,0.00029676188337193884
195,1.0601781606674194,0.3995943069458008,0.3995943069458008,0.39936748147010803,0.00029711735858862554
196,1.0601781606674194,0.3995943069458008,0.3995943069458008,0.39936748147010803,0.00029755208205998747
197,1.060178279876709,0.3995943069458008,0.3995943069458008,0.39936748147010803,0.0002980061645393662
198,1.0601780414581299,0.3995943069458008,0.3995943069458008,0.39936748147010803,0.00029844802145362695
199,1.0601780414581299,0.3995943069458008,0.3995943069458008,0.39936748147010803,0.00029893813364855593
200,1.0601780414581299,0.3995943069458008,0.3995943069458008,0.39936748147010803,0.00029941068973159634
201,1.0601780414581299,0.3995943069458008,0.3995943069458008,0.39936748147010803,0.000299901029325019
202,1.0601779222488403,0.3995943069458008,0.3995943069458008,0.39936748147010803,0.00030034798836745056
203,1.0601781606674194,0.3995943069458008,0.3995943069458008,0.39936748147010803,0.0003008236796717233
204,1.0601781606674194,0.3995943069458008,0.3995943069458008,0.39936748147010803,0.0003012588805262043
205,1.0601781606674194,0.3995943069458008,0.3995943069458008,0.39936748147010803,0.0003016452156260917
206,1.0601781606674194,0.3995943069458008,0.3995943069458008,0.39936748147010803,0.00030201864660722293
207,1.0601781606674194,0.3995943069458008,0.3995943069458008,0.39936748147010803,0.00030234356035628286
208,1.0601781606674194,0.3995943069458008,0.3995943069458008,0.39936748147010803,0.00030266637634645123
209,1.0601781606674194,0.3995943069458008,0.3995943069458008,0.39936748147010803,0.0003029602249541846
210,1.0601780414581299,0.3995943069458008,0.3995943069458008,0.39936748147010803,0.00030316959088420604
211,1.0601781606674194,0.3995943069458008,0.3995943069458008,0.39936748147010803,0.00030340505439463596
212,1.0601781606674194,0.3995943069458008,0.3995943069458008,0.39936748147010803,0.0003035857480332434
213,1.0601781606674194,0.3995943069458008,0.3995943069458008,0.39936748147010803,0.0003037190220120142
214,1.0601781606674194,0.3995943069458008,0.3995943069458008,0.39936748147010803,0.0003038001441344074
215,1.0601781606674194,0.3995943069458008,0.3995943069458008,0.39936748147010803,0.0003038885631572285
216,1.0601780414581299,0.3995943069458008,0.3995943069458008,0.39936748147010803,0.0003038728268742395
217,1.0601780414581299,0.3995943069458008,0.3995943069458008,0.39936748147010803,0.0003038728268742395
218,1.0601781606674194,0.3995943069458008,0.3995943069458008,0.39936748147010803,0.0003038729905544824
219,1.0601780414581299,0.3995943069458008,0.3995943069458008,0.39936748147010803,0.000303839691500979
220,1.0601781606674194,0.3995943069458008,0.3995943069458008,0.39936748147010803,0.0003037636792863585
221,1.0601781606674194,0.3995943069458008,0.3995943069458008,0.39936748147010803,0.0003036976735620587
222,1.0601781606674194,0.3995943069458008,0.3995943069458008,0.39936748147010803,0.0003036130604508913
223,1.0601781606674194,0.3995943069458008,0.3995943069458008,0.39936748147010803,0.0003034911185335046
224,1.0601781606674194,0.3995943069458008,0.3995943069458008,0.39936748147010803,0.0003033340046952096
225,1.0601781606674194,0.3995943069458008,0.3995943069458008,0.39936748147010803,0.00030320522495743925
226,1.0601781606674194,0.3995943069458008,0.3995943069458008,0.39936748147010803,0.00030308443180360905
227,1.0601781606674194,0.3995943069458008,0.3995943069458008,0.39936748147010803,0.00030294639889827954
228,1.0601780414581299,0.3995943069458008,0.3995943069458008,0.39936748147010803,0.00030281730180413695
229,1.0601781606674194,0.3995943069458008,0.3995943069458008,0.39936748147010803,0.0003027078557800795
230,1.0601781606674194,0.3995943069458008,0.3995943069458008,0.39936748147010803,0.00030253073623754214
231,1.0601781606674194,0.3995943069458008,0.3995943069458008,0.39936748147010803,0.0003023721599273016
232,1.0601781606674194,0.3995943069458008,0.3995943069458008,0.39936748147010803,0.0003022855068933453
233,1.0601779222488403,0.3995943069458008,0.3995943069458008,0.39936748147010803,0.0003021543049553134
234,1.0601779222488403,0.3995943069458008,0.3995943069458008,0.39936748147010803,0.00030209302809079864
235,1.0601781606674194,0.3995943069458008,0.3995943069458008,0.39936748147010803,0.0003020086594629896
236,1.0601781606674194,0.3995943069458008,0.3995943069458008,0.39936748147010803,0.0003018916123367434
237,1.0601781606674194,0.3995943069458008,0.3995943069458008,0.39936748147010803,0.0003018038678319542
238,1.0601781606674194,0.3995943069458008,0.3995943069458008,0.39936748147010803,0.00030173545532461484
239,1.0601781606674194,0.3995943069458008,0.3995943069458008,0.39936748147010803,0.0003016951728698394
240,1.0601781606674194,0.3995943069458008,0.3995943069458008,0.39936748147010803,0.0003016415880452913
241,1.0601781606674194,0.3995943069458008,0.3995943069458008,0.39936748147010803,0.0003015732800916528
242,1.0601781606674194,0.3995943069458008,0.3995943069458008,0.39936748147010803,0.0003015390672934305
243,1.0601781606674194,0.3995943069458008,0.3995943069458008,0.39936748147010803,0.00030153261072394816
244,1.060178279876709,0.3995943069458008,0.3995943069458008,0.39936748147010803,0.00030149535314610626
245,1.060178279876709,0.3995943069458008,0.3995943069458008,0.39936748147010803,0.00030149535314610626
246,1.0601783990859985,0.3995943069458008,0.3995943069458008,0.39936748147010803,0.0003015083384413164
247,1.0601783990859985,0.3995943069458008,0.3995943069458008,0.39936748147010803,0.0003015148426620898
248,1.0601783990859985,0.3995943069458008,0.3995943069458008,0.39936748147010803,0.0003015148426620898
249,1.0601781606674194,0.3995943069458008,0.3995943069458008,0.39936748147010803,0.0003015082559593549
250,1.0601781606674194,0.3995943069458008,0.3995943069458008,0.39936748147010803,0.00030152125248152464
251,1.0601783990859985,0.3995943069458008,0.3995943069458008,0.39936748147010803,0.0003015685206923727
252,1.0601783990859985,0.3995943069458008,0.3995943069458008,0.39936748147010803,0.0003015685206923727
253,1.0601783990859985,0.3995943069458008,0.3995943069458008,0.39936748147010803,0.0003015749764930406
254,1.0601783990859985,0.3995943069458008,0.3995943069458008,0.39936748147010803,0.00030158273976374484
255,1.0601781606674194,0.3995943069458008,0.3995943069458008,0.39936748147010803,0.0003016169476081427
256,1.0601781606674194,0.3995943069458008,0.3995943069458008,0.39936748147010803,0.0003016169476081427
257,1.0601781606674194,0.3995943069458008,0.3995943069458008,0.39936748147010803,0.00030162340237230447
258,1.0601781606674194,0.3995943069458008,0.3995943069458008,0.39936748147010803,0.00030162340237230447
259,1.0601781606674194,0.3995943069458008,0.3995943069458008,0.39936748147010803,0.0003016629289005482
260,1.0601781606674194,0.3995943069458008,0.3995943069458008,0.39936748147010803,0.0003016629289005482
261,1.0601781606674194,0.3995943069458008,0.3995943069458008,0.39936748147010803,0.00030166922958182774
262,1.0601781606674194,0.3995943069458008,0.3995943069458008,0.39936748147010803,0.00030166922958182774
263,1.0601781606674194,0.3995943069458008,0.3995943069458008,0.39936748147010803,0.00030166922958182774
264,1.0601781606674194,0.3995943069458008,0.3995943069458008,0.39936748147010803,0.00030166922958182774
265,1.0601781606674194,0.3995943069458008,0.3995943069458008,0.39936748147010803,0.00030166922958182774
266,1.0601781606674194,0.3995943069458008,0.3995943069458008,0.39936748147010803,0.00030166922958182774
267,1.0601781606674194,0.3995943069458008,0.3995943069458008,0.39936748147010803,0.00030166922958182774
268,1.0601781606674194,0.3995943069458008,0.3995943069458008,0.39936748147010803,0.0003016551676935579
269,1.0601781606674194,0.3995943069458008,0.3995943069458008,0.39936748147010803,0.0003016629289005482
270,1.0601781606674194,0.3995943069458008,0.3995943069458008,0.39936748147010803,0.00030162340237230447
271,1.0601781606674194,0.3995943069458008,0.3995943069458008,0.39936748147010803,0.00030162340237230447
272,1.0601781606674194,0.3995943069458008,0.3995943069458008,0.39936748147010803,0.00030159129208859504
273,1.0601781606674194,0.3995943069458008,0.3995943069458008,0.39936748147010803,0.0003015848366371829
274,1.0601783990859985,0.3995943069458008,0.3995943069458008,0.39936748147010803,0.00030155062515012273
275,1.0601783990859985,0.3995943069458008,0.3995943069458008,0.39936748147010803,0.00030155062515012273
276,1.0601783990859985,0.3995943069458008,0.3995943069458008,0.39936748147010803,0.00030154416882811354
277,1.0601783990859985,0.3995943069458008,0.3995943069458008,0.39936748147010803,0.00030150692446171193
278,1.0601781606674194,0.3995943069458008,0.3995943069458008,0.39936748147010803,0.00030146723606226276
279,1.0601781606674194,0.3995943069458008,0.3995943069458008,0.39936748147010803,0.0003014584916566802
280,1.0601781606674194,0.3995943069458008,0.3995943069458008,0.39936748147010803,0.00030143789062574676
281,1.0601781606674194,0.3995943069458008,0.3995943069458008,0.39936748147010803,0.0003014059727470829
282,1.060178279876709,0.3995943069458008,0.3995943069458008,0.39936748147010803,0.00030139760376318746
283,1.0601783990859985,0.3995943069458008,0.3995943069458008,0.39936748147010803,0.00030135884408631446
284,1.0601781606674194,0.3995943069458008,0.3995943069458008,0.39936748147010803,0.0003013429167521272
285,1.0601781606674194,0.3995943069458008,0.3995943069458008,0.39936748147010803,0.00030131833442497135
286,1.0601781606674194,0.3995943069458008,0.3995943069458008,0.39936748147010803,0.00030131833442497135
287,1.0601781606674194,0.3995943069458008,0.3995943069458008,0.39936748147010803,0.0003012803428265652
288,1.0601781606674194,0.3995943069458008,0.3995943069458008,0.39936748147010803,0.0003012803428265652
289,1.0601781606674194,0.3995943069458008,0.3995943069458008,0.39936748147010803,0.0003012252453183132
290,1.0601781606674194,0.3995943069458008,0.3995943069458008,0.39936748147010803,0.0003012252453183132
291,1.0601781606674194,0.3995943069458008,0.3995943069458008,0.39936748147010803,0.0003012184045990725
292,1.0601781606674194,0.3995943069458008,0.3995943069458008,0.39936748147010803,0.00030114601319213404
293,1.0601780414581299,0.3995943069458008,0.3995943069458008,0.39936748147010803,0.0003011235738674121
294,1.0601780414581299,0.3995943069458008,0.3995943069458008,0.39936748147010803,0.0003011235738674121
295,1.0601780414581299,0.3995943069458008,0.3995943069458008,0.39936748147010803,0.00030111520883324087
296,1.0601781606674194,0.3995943069458008,0.3995943069458008,0.39936748147010803,0.000301076825802804
297,1.0601781606674194,0.3995943069458008,0.3995943069458008,0.39936748147010803,0.000301076825802804
298,1.0601781606674194,0.3995943069458008,0.3995943069458008,0.39936748147010803,0.00030106845946976154
299,1.0601781606674194,0.3995943069458008,0.3995943069458008,0.39936748147010803,0.0003010384378784505
300,1.0601781606674194,0.3995943069458008,0.3995943069458008,0.39936748147010803,0.0003010384378784505
301,1.0601781606674194,0.3995943069458008,0.3995943069458008,0.39936748147010803,0.00030103045993952834
302,1.0601781606674194,0.3995943069458008,0.3995943069458008,0.39936748147010803,0.0003009986050847508
303,1.0601781606674194,0.3995943069458008,0.3995943069458008,0.39936748147010803,0.00030097342804043687
304,1.0601781606674194,0.3995943069458008,0.3995943069458008,0.39936748147010803,0.0003009563234460623
305,1.0601781606674194,0.3995943069458008,0.3995943069458008,0.39936748147010803,0.0003009563234460623
306,1.0601781606674194,0.3995943069458008,0.3995943069458008,0.39936748147010803,0.0003009563234460623
307,1.0601781606674194,0.3995943069458008,0.3995943069458008,0.39936748147010803,0.00030091984456269395
308,1.0601781606674194,0.3995943069458008,0.3995943069458008,0.39936748147010803,0.00030091109605656603
309,1.0601781606674194,0.3995943069458008,0.3995943069458008,0.39936748147010803,0.00030091109605656603
310,1.0601781606674194,0.3995943069458008,0.3995943069458008,0.39936748147010803,0.00030091109605656603
311,1.0601781606674194,0.3995943069458008,0.3995943069458008,0.39936748147010803,0.0003008903867031625
312,1.0601781606674194,0.3995943069458008,0.3995943069458008,0.39936748147010803,0.0003008903867031625
313,1.0601781606674194,0.3995943069458008,0.3995943069458008,0.39936748147010803,0.0003008508531475113
314,1.0601781606674194,0.3995943069458008,0.3995943069458008,0.39936748147010803,0.0003008508531475113
315,1.0601781606674194,0.3995943069458008,0.3995943069458008,0.39936748147010803,0.0003008508531475113
316,1.0601781606674194,0.3995943069458008,0.3995943069458008,0.39936748147010803,0.00030082142396214116
317,1.0601781606674194,0.3995943069458008,0.3995943069458008,0.39936748147010803,0.00030078266090654665
318,1.0601781606674194,0.3995943069458008,0.3995943069458008,0.39936748147010803,0.00030077316425909266
319,1.0601781606674194,0.3995943069458008,0.3995943069458008,0.39936748147010803,0.00030077316425909266
320,1.0601781606674194,0.3995943069458008,0.3995943069458008,0.39936748147010803,0.000300744270873296
321,1.060178279876709,0.3995943069458008,0.3995943069458008,0.39936748147010803,0.00030072794476486924
322,1.060178279876709,0.3995943069458008,0.3995943069458008,0.39936748147010803,0.00030072794476486924
323,1.060178279876709,0.3995943069458008,0.3995943069458008,0.39936748147010803,0.00030071766665878
324,1.0601781606674194,0.3995943069458008,0.3995943069458008,0.39936748147010803,0.0003006936594148777
325,1.0601781606674194,0.3995943069458008,0.3995943069458008,0.39936748147010803,0.00030068339195229375
326,1.0601781606674194,0.3995943069458008,0.3995943069458008,0.39936748147010803,0.00030064729354404516
327,1.0601781606674194,0.3995943069458008,0.3995943069458008,0.39936748147010803,0.00030063854892397717
328,1.060178279876709,0.3995943069458008,0.3995943069458008,0.39936748147010803,0.00030060700709314345
329,1.0601781606674194,0.3995943069458008,0.3995943069458008,0.39936748147010803,0.00030059423105995166
330,1.0601781606674194,0.3995943069458008,0.3995943069458008,0.39936748147010803,0.0003005626845782859
331,1.0601781606674194,0.3995943069458008,0.3995943069458008,0.39936748147010803,0.0003005602614257212
332,1.0601781606674194,0.3995943069458008,0.3995943069458008,0.39936748147010803,0.0003005367026364237
333,1.0601781606674194,0.3995943069458008,0.3995943069458008,0.39936748147010803,0.0003005159320164355
334,1.0601781606674194,0.3995943069458008,0.3995943069458008,0.39936748147010803,0.0003004744455874893
335,1.0601781606674194,0.3995943069458008,0.3995943069458008,0.39936748147010803,0.0003004744455874893
336,1.0601781606674194,0.3995943069458008,0.3995943069458008,0.39936748147010803,0.00030043757709149506
337,1.0601781606674194,0.3995943069458008,0.3995943069458008,0.39936748147010803,0.00030043757709149506
338,1.0601781606674194,0.3995943069458008,0.3995943069458008,0.39936748147010803,0.00030043757709149506
339,1.0601781606674194,0.3995943069458008,0.3995943069458008,0.39936748147010803,0.00030042996161067185
340,1.0601781606674194,0.3995943069458008,0.3995943069458008,0.39936748147010803,0.000300401579236414
341,1.0601781606674194,0.3995943069458008,0.3995943069458008,0.39936748147010803,0.000300401579236414
342,1.0601781606674194,0.3995943069458008,0.3995943069458008,0.39936748147010803,0.000300401579236414
343,1.0601781606674194,0.3995943069458008,0.3995943069458008,0.39936748147010803,0.00030035788879114285
344,1.0601781606674194,0.3995943069458008,0.3995943069458008,0.39936748147010803,0.00030035788879114285
345,1.0601781606674194,0.3995943069458008,0.3995943069458008,0.39936748147010803,0.00030035109928843156
346,1.0601781606674194,0.3995943069458008,0.3995943069458008,0.39936748147010803,0.00030035109928843156
347,1.0601781606674194,0.3995943069458008,0.3995943069458008,0.39936748147010803,0.00030031726777114654
348,1.060178279876709,0.3995943069458008,0.3995943069458008,0.39936748147010803,0.00030031080859367897
349,1.060178279876709,0.3995943069458008,0.3995943069458008,0.39936748147010803,0.0003002652118397219
350,1.0601780414581299,0.3995943069458008,0.3995943069458008,0.39936748147010803,0.00030022578529699534
351,1.0601780414581299,0.3995943069458008,0.3995943069458008,0.39936748147010803,0.00030021704023319576
352,1.0601780414581299,0.3995943069458008,0.3995943069458008,0.39936748147010803,0.00030021704023319576
353,1.0601780414581299,0.3995943069458008,0.3995943069458008,0.39936748147010803,0.00030020250795352317
354,1.0601780414581299,0.3995943069458008,0.3995943069458008,0.39936748147010803,0.00030018767909610497
355,1.0601780414581299,0.3995943069458008,0.3995943069458008,0.39936748147010803,0.000300162220985353
356,1.0601780414581299,0.3995943069458008,0.3995943069458008,0.39936748147010803,0.000300162220985353
357,1.0601779222488403,0.3995943069458008,0.3995943069458008,0.39936748147010803,0.0003001454607714758
358,1.0601781606674194,0.3995943069458008,0.3995943069458008,0.39936748147010803,0.0003000979565770741
359,1.0601781606674194,0.3995943069458008,0.3995943069458008,0.39936748147010803,0.0003000979565770741
360,1.0601781606674194,0.3995943069458008,0.3995943069458008,0.39936748147010803,0.0003000945352271999
361,1.0601781606674194,0.3995943069458008,0.3995943069458008,0.39936748147010803,0.0003000691165726529
362,1.0601781606674194,0.3995943069458008,0.3995943069458008,0.39936748147010803,0.0003000691165726529
363,1.0601781606674194,0.3995943069458008,0.3995943069458008,0.39936748147010803,0.0003000459336400448
364,1.0601780414581299,0.3995943069458008,0.3995943069458008,0.39936748147010803,0.00030001428213769974
365,1.0601781606674194,0.3995943069458008,0.3995943069458008,0.39936748147010803,0.0002999743844094551
366,1.0601781606674194,0.3995943069458008,0.3995943069458008,0.39936748147010803,0.000299957057029181
367,1.0601781606674194,0.3995943069458008,0.3995943069458008,0.39936748147010803,0.0002999490740168543
368,1.0601781606674194,0.3995943069458008,0.3995943069458008,0.39936748147010803,0.00029993348639517685
369,1.0601781606674194,0.3995943069458008,0.3995943069458008,0.39936748147010803,0.0002999129701446444
370,1.0601780414581299,0.3995943069458008,0.3995943069458008,0.39936748147010803,0.00029986482488648296
371,1.0601781606674194,0.3995943069458008,0.3995943069458008,0.39936748147010803,0.00029985379445878483
372,1.0601781606674194,0.3995943069458008,0.3995943069458008,0.39936748147010803,0.00029985379445878483
373,1.060178279876709,0.3995943069458008,0.3995943069458008,0.39936748147010803,0.0002997994539045547
374,1.060178279876709,0.3995943069458008,0.3995943069458008,0.39936748147010803,0.0002997994539045547
375,1.060178279876709,0.3995943069458008,0.3995943069458008,0.39936748147010803,0.0002997933627881168
376,1.0601780414581299,0.3995943069458008,0.3995943069458008,0.39936748147010803,0.0002997632964567229
377,1.0601780414581299,0.3995943069458008,0.3995943069458008,0.39936748147010803,0.0002997575246086043
378,1.0601780414581299,0.3995943069458008,0.3995943069458008,0.39936748147010803,0.0002997343412816866
379,1.0601780414581299,0.3995943069458008,0.3995943069458008,0.39936748147010803,0.0002997343412816866
380,1.0601780414581299,0.3995943069458008,0.3995943069458008,0.39936748147010803,0.0002997157909582875
381,1.060178279876709,0.3995943069458008,0.3995943069458008,0.39936748147010803,0.0002997181735241471
382,1.0601780414581299,0.3995943069458008,0.3995943069458008,0.39936748147010803,0.0002996765292350129
383,1.0601780414581299,0.3995943069458008,0.3995943069458008,0.39936748147010803,0.0002996751303226801
384,1.0601780414581299,0.3995943069458008,0.3995943069458008,0.39936748147010803,0.0002996751303226801
385,1.0601780414581299,0.3995943069458008,0.3995943069458008,0.39936748147010803,0.0002996751303226801
386,1.0601781606674194,0.3995943069458008,0.3995943069458008,0.39936748147010803,0.00029965383759661927
387,1.0601781606674194,0.3995943069458008,0.3995943069458008,0.39936748147010803,0.0002996171764184947
388,1.0601781606674194,0.3995943069458008,0.3995943069458008,0.39936748147010803,0.0002996171764184947
389,1.0601781606674194,0.3995943069458008,0.3995943069458008,0.39936748147010803,0.00029959133778996206
390,1.0601781606674194,0.3995943069458008,0.3995943069458008,0.39936748147010803,0.0002995651174267316
391,1.0601781606674194,0.3995943069458008,0.3995943069458008,0.39936748147010803,0.0002995651174267316
392,1.0601781606674194,0.3995943069458008,0.3995943069458008,0.39936748147010803,0.0002995442082739375
393,1.0601781606674194,0.3995943069458008,0.3995943069458008,0.39936748147010803,0.00029951364246751685
394,1.0601781606674194,0.3995943069458008,0.3995943069458008,0.39936748147010803,0.0002994980796323515
395,1.0601781606674194,0.3995943069458008,0.3995943069458008,0.39936748147010803,0.0002994980796323515
396,1.0601781606674194,0.3995943069458008,0.3995943069458008,0.39936748147010803,0.0002994497964836859
397,1.0601780414581299,0.3995943069458008,0.3995943069458008,0.39936748147010803,0.00029940062745951454
398,1.0601780414581299,0.3995943069458008,0.3995943069458008,0.39936748147010803,0.00029940062745951454
399,1.0601781606674194,0.3995943069458008,0.3995943069458008,0.39936748147010803,0.00029936299773519114
400,1.0601781606674194,0.3995943069458008,0.3995943069458008,0.39936748147010803,0.000299378164115493
401,1.0601781606674194,0.3995943069458008,0.3995943069458008,0.39936748147010803,0.0002993558177644936
402,1.0601781606674194,0.3995943069458008,0.3995943069458008,0.39936748147010803,0.0002993304906745512
403,1.0601781606674194,0.3995943069458008,0.3995943069458008,0.39936748147010803,0.00029930920904010856
404,1.0601781606674194,0.3995943069458008,0.3995943069458008,0.39936748147010803,0.00029930920904010856
405,1.060178279876709,0.3995943069458008,0.3995943069458008,0.39936748147010803,0.00029925447279977204
406,1.0601781606674194,0.3995943069458008,0.3995943069458008,0.39936748147010803,0.0002992485130558479
407,1.0601781606674194,0.3995943069458008,0.3995943069458008,0.39936748147010803,0.0002992485130558479
408,1.0601781606674194,0.3995943069458008,0.3995943069458008,0.39936748147010803,0.00029923141671746474
409,1.060178279876709,0.3995943069458008,0.3995943069458008,0.39936748147010803,0.0002992297782670797
410,1.0601781606674194,0.3995943069458008,0.3995943069458008,0.39936748147010803,0.0002991843255015891
411,1.0601780414581299,0.3995943069458008,0.3995943069458008,0.39936748147010803,0.00029912886567511467
412,1.0601780414581299,0.3995943069458008,0.3995943069458008,0.39936748147010803,0.0002991142567722758
413,1.0601780414581299,0.3995943069458008,0.3995943069458008,0.39936748147010803,0.0002991142567722758
414,1.0601781606674194,0.3995943069458008,0.3995943069458008,0.39936748147010803,0.0002990910710974651
415,1.0601781606674194,0.3995943069458008,0.3995943069458008,0.39936748147010803,0.0002990910710974651
416,1.0601781606674194,0.3995943069458008,0.3995943069458008,0.39936748147010803,0.0002990735975083489
417,1.0601781606674194,0.3995943069458008,0.3995943069458008,0.39936748147010803,0.0002990735975083489
418,1.0601781606674194,0.3995943069458008,0.3995943069458008,0.39936748147010803,0.00029905268962916303
419,1.0601780414581299,0.3995943069458008,0.3995943069458008,0.39936748147010803,0.0002990297605584373
420,1.0601781606674194,0.3995943069458008,0.3995943069458008,0.39936748147010803,0.00029900277803744104
421,1.0601781606674194,0.3995943069458008,0.3995943069458008,0.39936748147010803,0.0002989803560983287
422,1.0601781606674194,0.3995943069458008,0.3995943069458008,0.39936748147010803,0.0002989681878980927
423,1.0601781606674194,0.3995943069458008,0.3995943069458008,0.39936748147010803,0.0002989681878980927
424,1.0601780414581299,0.3995943069458008,0.3995943069458008,0.39936748147010803,0.00029894539495599755
425,1.0601780414581299,0.3995943069458008,0.3995943069458008,0.39936748147010803,0.0002989399876161596
426,1.0601780414581299,0.3995943069458008,0.3995943069458008,0.39936748147010803,0.0002989096215063192
427,1.0601780414581299,0.3995943069458008,0.3995943069458008,0.39936748147010803,0.0002988712286231078
428,1.0601780414581299,0.3995943069458008,0.3995943069458008,0.39936748147010803,0.00029886465498174454
429,1.0601780414581299,0.3995943069458008,0.3995943069458008,0.39936748147010803,0.000298833104245748
430,1.0601780414581299,0.3995943069458008,0.3995943069458008,0.39936748147010803,0.000298833104245748
431,1.0601780414581299,0.3995943069458008,0.3995943069458008,0.39936748147010803,0.0002988095400687993
432,1.0601780414581299,0.3995943069458008,0.3995943069458008,0.39936748147010803,0.00029880422538862883
433,1.0601780414581299,0.3995943069458008,0.3995943069458008,0.39936748147010803,0.0002987655811354218
434,1.0601780414581299,0.3995943069458008,0.3995943069458008,0.39936748147010803,0.00029872376836903515
435,1.0601780414581299,0.3995943069458008,0.3995943069458008,0.39936748147010803,0.00029873868178477225
436,1.0601780414581299,0.3995943069458008,0.3995943069458008,0.39936748147010803,0.00029873868178477225
437,1.0601780414581299,0.3995943069458008,0.3995943069458008,0.39936748147010803,0.0002986826277428385
438,1.0601780414581299,0.3995943069458008,0.3995943069458008,0.39936748147010803,0.00029865488822178874
439,1.0601781606674194,0.3995943069458008,0.3995943069458008,0.39936748147010803,0.00029865300869277476
440,1.0601780414581299,0.3995943069458008,0.3995943069458008,0.39936748147010803,0.00029862919237019797
441,1.0601781606674194,0.3995943069458008,0.3995943069458008,0.39936748147010803,0.000298589668786438
442,1.0601781606674194,0.3995943069458008,0.3995943069458008,0.39936748147010803,0.00029858054264002444
443,1.0601781606674194,0.3995943069458008,0.3995943069458008,0.39936748147010803,0.0002985874080981929
444,1.0601781606674194,0.3995943069458008,0.3995943069458008,0.39936748147010803,0.0002985646098853306
445,1.0601781606674194,0.3995943069458008,0.3995943069458008,0.39936748147010803,0.00029853481251920387
446,1.0601781606674194,0.3995943069458008,0.3995943069458008,0.39936748147010803,0.00029853481251920387
447,1.060178279876709,0.3995943069458008,0.3995943069458008,0.39936748147010803,0.0002984895871917768
448,1.060178279876709,0.3995943069458008,0.3995943069458008,0.39936748147010803,0.0002984895871917768
449,1.060178279876709,0.3995943069458008,0.3995943069458008,0.39936748147010803,0.0002984895871917768
450,1.0601781606674194,0.3995943069458008,0.3995943069458008,0.39936748147010803,0.0002984489618650831
451,1.060178279876709,0.3995943069458008,0.3995943069458008,0.39936748147010803,0.00029840943822124425
452,1.060178279876709,0.3995943069458008,0.3995943069458008,0.39936748147010803,0.00029840943822124425
453,1.060178279876709,0.3995943069458008,0.3995943069458008,0.39936748147010803,0.0002984026043857783
454,1.060178279876709,0.3995943069458008,0.3995943069458008,0.39936748147010803,0.00029832995842172237
455,1.060178279876709,0.3995943069458008,0.3995943069458008,0.39936748147010803,0.00029832995842172237
456,1.060178279876709,0.3995943069458008,0.3995943069458008,0.39936748147010803,0.00029832121732827874
457,1.060178279876709,0.3995943069458008,0.3995943069458008,0.39936748147010803,0.0002983159058575735
458,1.060178279876709,0.3995943069458008,0.3995943069458008,0.39936748147010803,0.00029830235284236645
459,1.060178279876709,0.3995943069458008,0.3995943069458008,0.39936748147010803,0.00029828889449387417
460,1.060178279876709,0.3995943069458008,0.3995943069458008,0.39936748147010803,0.0002982565919797646
461,1.0601780414581299,0.3995943069458008,0.3995943069458008,0.39936748147010803,0.00029823202924597554
462,1.0601780414581299,0.3995943069458008,0.3995943069458008,0.39936748147010803,0.00029823202924597554
463,1.0601781606674194,0.3995943069458008,0.3995943069458008,0.39936748147010803,0.00029819135691561144
464,1.0601780414581299,0.3995943069458008,0.3995943069458008,0.39936748147010803,0.00029815606494475394
465,1.0601781606674194,0.3995943069458008,0.3995943069458008,0.39936748147010803,0.00029814958277827225
466,1.0601781606674194,0.3995943069458008,0.3995943069458008,0.39936748147010803,0.0002981199584369467
467,1.0601781606674194,0.3995943069458008,0.3995943069458008,0.39936748147010803,0.0002981123552551834
468,1.0601781606674194,0.3995943069458008,0.3995943069458008,0.39936748147010803,0.0002981123552551834
469,1.0601781606674194,0.3995943069458008,0.3995943069458008,0.39936748147010803,0.00029810456119673984
470,1.0601780414581299,0.3995943069458008,0.3995943069458008,0.39936748147010803,0.0002980814400079734
471,1.0601780414581299,0.3995943069458008,0.3995943069458008,0.39936748147010803,0.00029804115241482737
472,1.0601781606674194,0.3995943069458008,0.3995943069458008,0.39936748147010803,0.0002980563145386409
473,1.060178279876709,0.3995943069458008,0.3995943069458008,0.39936748147010803,0.000298018693889522
474,1.0601780414581299,0.3995943069458008,0.3995943069458008,0.39936748147010803,0.0002979660933094819
475,1.0601780414581299,0.3995943069458008,0.3995943069458008,0.39936748147010803,0.0002979660933094819
476,1.0601780414581299,0.3995943069458008,0.3995943069458008,0.39936748147010803,0.00029795736538855547
477,1.0601780414581299,0.3995943069458008,0.3995943069458008,0.39936748147010803,0.00029791706101668706
478,1.0601781606674194,0.3995943069458008,0.3995943069458008,0.39936748147010803,0.0002979320625116342
479,1.0601781606674194,0.3995943069458008,0.3995943069458008,0.39936748147010803,0.00029790067537290195
480,1.0601780414581299,0.3995943069458008,0.3995943069458008,0.39936748147010803,0.00029787551080259447
481,1.0601780414581299,0.3995943069458008,0.3995943069458008,0.39936748147010803,0.00029784244776604845
482,1.0601780414581299,0.3995943069458008,0.3995943069458008,0.39936748147010803,0.00029784244776604845
483,1.0601780414581299,0.3995943069458008,0.3995943069458008,0.39936748147010803,0.00029780531307534977
484,1.0601780414581299,0.3995943069458008,0.3995943069458008,0.39936748147010803,0.0002978018892456115
485,1.0601780414581299,0.3995943069458008,0.3995943069458008,0.39936748147010803,0.00029776045420613277
486,1.0601781606674194,0.3995943069458008,0.3995943069458008,0.39936748147010803,0.00029773543290625255
487,1.0601781606674194,0.3995943069458008,0.3995943069458008,0.39936748147010803,0.0002977278437702362
488,1.0601781606674194,0.3995943069458008,0.3995943069458008,0.39936748147010803,0.0002977278437702362
489,1.0601780414581299,0.3995943069458008,0.3995943069458008,0.39936748147010803,0.0002977278437702362
490,1.0601780414581299,0.3995943069458008,0.3995943069458008,0.39936748147010803,0.0002976966737802358
491,1.0601781606674194,0.3995943069458008,0.3995943069458008,0.39936748147010803,0.0002976894416851854
492,1.0601781606674194,0.3995943069458008,0.3995943069458008,0.39936748147010803,0.00029764955459837047
493,1.0601781606674194,0.3995943069458008,0.3995943069458008,0.39936748147010803,0.0002976161799662721
494,1.0601781606674194,0.3995943069458008,0.3995943069458008,0.39936748147010803,0.0002976161799662721
495,1.060178279876709,0.3995943069458008,0.3995943069458008,0.39936748147010803,0.0002975894154864731
496,1.060178279876709,0.3995943069458008,0.3995943069458008,0.39936748147010803,0.00029758333882637936
497,1.0601781606674194,0.3995943069458008,0.3995943069458008,0.39936748147010803,0.00029755072091916486
498,1.0601781606674194,0.3995943069458008,0.3995943069458008,0.39936748147010803,0.00029755072091916486
499,1.0601781606674194,0.3995943069458008,0.3995943069458008,0.39936748147010803,0.00029747846405844895
500,1.0601781606674194,0.3995943069458008,0.3995943069458008,0.39936748147010803,0.00029748745682024004
501,1.060178279876709,0.3995943069458008,0.3995943069458008,0.39936748147010803,0.00029748061374734703
502,1.060178279876709,0.3995943069458008,0.3995943069458008,0.39936748147010803,0.0002974550553292934
503,1.060178279876709,0.3995943069458008,0.3995943069458008,0.39936748147010803,0.00029742314005311266
504,1.060178279876709,0.3995943069458008,0.3995943069458008,0.39936748147010803,0.00029743328116887003
505,1.060178279876709,0.3995943069458008,0.3995943069458008,0.39936748147010803,0.0002973861560933097
506,1.060178279876709,0.3995943069458008,0.3995943069458008,0.39936748147010803,0.0002973452485792936
507,1.060178279876709,0.3995943069458008,0.3995943069458008,0.39936748147010803,0.0002973368847848037
508,1.060178279876709,0.3995943069458008,0.3995943069458008,0.39936748147010803,0.00029731902132159655
509,1.060178279876709,0.3995943069458008,0.3995943069458008,0.39936748147010803,0.0002973051958176635
510,1.060178279876709,0.3995943069458008,0.3995943069458008,0.39936748147010803,0.0002972603451375682
511,1.060178279876709,0.3995943069458008,0.3995943069458008,0.39936748147010803,0.0002972458953957663
512,1.060178279876709,0.3995943069458008,0.3995943069458008,0.39936748147010803,0.0002972458953957663
513,1.0601783990859985,0.3995943069458008,0.3995943069458008,0.39936748147010803,0.00029721396961306963
514,1.0601783990859985,0.3995943069458008,0.3995943069458008,0.39936748147010803,0.00029721396961306963
515,1.0601781606674194,0.3995943069458008,0.3995943069458008,0.39936748147010803,0.0002971625297362353
516,1.0601781606674194,0.3995943069458008,0.3995943069458008,0.39936748147010803,0.0002971328906816265
517,1.0601781606674194,0.3995943069458008,0.3995943069458008,0.39936748147010803,0.0002971245209094482
518,1.0601781606674194,0.3995943069458008,0.3995943069458008,0.39936748147010803,0.0002971245209094482
519,1.0601780414581299,0.3995943069458008,0.3995943069458008,0.39936748147010803,0.0002970717500449008
520,1.0601780414581299,0.3995943069458008,0.3995943069458008,0.39936748147010803,0.0002970663325187609
521,1.0601780414581299,0.3995943069458008,0.3995943069458008,0.39936748147010803,0.00029705797283093423
522,1.0601780414581299,0.3995943069458008,0.3995943069458008,0.39936748147010803,0.0002970420780116275
523,1.0601780414581299,0.3995943069458008,0.3995943069458008,0.39936748147010803,0.0002970246034928695
524,1.0601780414581299,0.3995943069458008,0.3995943069458008,0.39936748147010803,0.0002969991374149966
525,1.0601780414581299,0.3995943069458008,0.3995943069458008,0.39936748147010803,0.0002969991374149966
526,1.0601780414581299,0.3995943069458008,0.3995943069458008,0.39936748147010803,0.00029698735457811125
527,1.0601780414581299,0.3995943069458008,0.3995943069458008,0.39936748147010803,0.0002969613110557456
528,1.0601780414581299,0.3995943069458008,0.3995943069458008,0.39936748147010803,0.00029694952671792564
529,1.0601780414581299,0.3995943069458008,0.3995943069458008,0.39936748147010803,0.00029692959397140307
530,1.0601781606674194,0.3995943069458008,0.3995943069458008,0.39936748147010803,0.0002969151520640226
531,1.0601781606674194,0.3995943069458008,0.3995943069458008,0.39936748147010803,0.00029687985198476627
532,1.0601781606674194,0.3995943069458008,0.3995943069458008,0.39936748147010803,0.00029686465370897994
533,1.0601781606674194,0.3995943069458008,0.3995943069458008,0.39936748147010803,0.00029685628834173213
534,1.0601781606674194,0.3995943069458008,0.3995943069458008,0.39936748147010803,0.00029684663017819833
535,1.0601781606674194,0.3995943069458008,0.3995943069458008,0.39936748147010803,0.00029681418267088515
536,1.0601781606674194,0.3995943069458008,0.3995943069458008,0.39936748147010803,0.0002967927804554386
537,1.0601781606674194,0.3995943069458008,0.3995943069458008,0.39936748147010803,0.00029675097704664333
538,1.0601781606674194,0.3995943069458008,0.3995943069458008,0.39936748147010803,0.00029675097704664333
539,1.0601781606674194,0.3995943069458008,0.3995943069458008,0.39936748147010803,0.0002967312105552263
540,1.0601781606674194,0.3995943069458008,0.3995943069458008,0.39936748147010803,0.000296700235215606
541,1.0601781606674194,0.3995943069458008,0.3995943069458008,0.39936748147010803,0.0002966652688285431
542,1.0601781606674194,0.3995943069458008,0.3995943069458008,0.39936748147010803,0.00029663895749750587
543,1.0601781606674194,0.3995943069458008,0.3995943069458008,0.39936748147010803,0.00029663249008568494
544,1.0601781606674194,0.3995943069458008,0.3995943069458008,0.39936748147010803,0.0002966095416125665
545,1.0601781606674194,0.3995943069458008,0.3995943069458008,0.39936748147010803,0.00029659358682610875
546,1.0601781606674194,0.3995943069458008,0.3995943069458008,0.39936748147010803,0.00029657039575623894
547,1.060178279876709,0.3995943069458008,0.3995943069458008,0.39936748147010803,0.00029654684346461544
548,1.060178279876709,0.3995943069458008,0.3995943069458008,0.39936748147010803,0.000296526308556823
549,1.0601781606674194,0.3995943069458008,0.3995943069458008,0.39936748147010803,0.00029649423339636794
550,1.0601781606674194,0.3995943069458008,0.3995943069458008,0.39936748147010803,0.0002964790513018379
551,1.0601781606674194,0.3995943069458008,0.3995943069458008,0.39936748147010803,0.00029646156756369464
552,1.0601781606674194,0.3995943069458008,0.3995943069458008,0.39936748147010803,0.0002964471987300965
553,1.0601781606674194,0.3995943069458008,0.3995943069458008,0.39936748147010803,0.0002964471987300965
554,1.0601781606674194,0.3995943069458008,0.3995943069458008,0.39936748147010803,0.00029641071626046987
555,1.0601781606674194,0.3995943069458008,0.3995943069458008,0.39936748147010803,0.00029637686648452665
556,1.0601781606674194,0.3995943069458008,0.3995943069458008,0.39936748147010803,0.00029637686648452665
557,1.060178279876709,0.3995943069458008,0.3995943069458008,0.39936748147010803,0.0002963365749377522
558,1.0601781606674194,0.3995943069458008,0.3995943069458008,0.39936748147010803,0.0002963305565096258
559,1.0601781606674194,0.3995943069458008,0.3995943069458008,0.39936748147010803,0.00029631459869114033
560,1.0601781606674194,0.3995943069458008,0.3995943069458008,0.39936748147010803,0.00029631459869114033
561,1.0601781606674194,0.3995943069458008,0.3995943069458008,0.39936748147010803,0.0002962686147461036
562,1.0601781606674194,0.3995943069458008,0.3995943069458008,0.39936748147010803,0.0002962686147461036
563,1.0601781606674194,0.3995943069458008,0.3995943069458008,0.39936748147010803,0.0002962374111444918
564,1.0601781606674194,0.3995943069458008,0.3995943069458008,0.39936748147010803,0.0002962047169891355
565,1.0601781606674194,0.3995943069458008,0.3995943069458008,0.39936748147010803,0.0002962047169891355
566,1.0601781606674194,0.3995943069458008,0.3995943069458008,0.39936748147010803,0.00029619444984806137
567,1.060178279876709,0.3995943069458008,0.3995943069458008,0.39936748147010803,0.0002961651817449904
568,1.0601780414581299,0.3995943069458008,0.3995943069458008,0.39936748147010803,0.00029613600672446014
569,1.0601781606674194,0.3995943069458008,0.3995943069458008,0.39936748147010803,0.0002961269249328737
570,1.0601779222488403,0.3995943069458008,0.3995943069458008,0.39936748147010803,0.00029607078440061185
571,1.0601779222488403,0.3995943069458008,0.3995943069458008,0.39936748147010803,0.00029607078440061185
572,1.0601781606674194,0.3995943069458008,0.3995943069458008,0.39936748147010803,0.00029604607631357704
573,1.0601781606674194,0.3995943069458008,0.3995943069458008,0.39936748147010803,0.00029604607631357704
574,1.0601781606674194,0.3995943069458008,0.3995943069458008,0.39936748147010803,0.0002960084522203686
575,1.0601779222488403,0.3995943069458008,0.3995943069458008,0.39936748147010803,0.00029596060810934083
576,1.0601780414581299,0.3995943069458008,0.3995943069458008,0.39936748147010803,0.00029594692322317386
577,1.0601781606674194,0.3995943069458008,0.3995943069458008,0.39936748147010803,0.0002959199477392334
578,1.0601781606674194,0.3995943069458008,0.3995943069458008,0.39936748147010803,0.0002959134886247537
579,1.0601781606674194,0.3995943069458008,0.3995943069458008,0.39936748147010803,0.0002959134886247537
580,1.0601781606674194,0.3995943069458008,0.3995943069458008,0.39936748147010803,0.00029586750237782554
581,1.0601781606674194,0.3995943069458008,0.3995943069458008,0.39936748147010803,0.00029586750237782554
582,1.0601781606674194,0.3995943069458008,0.3995943069458008,0.39936748147010803,0.0002958277419264657
583,1.0601781606674194,0.3995943069458008,0.3995943069458008,0.39936748147010803,0.00029579805319995535
584,1.0601781606674194,0.3995943069458008,0.3995943069458008,0.39936748147010803,0.00029576612728804343
585,1.0601781606674194,0.3995943069458008,0.3995943069458008,0.39936748147010803,0.00029576612728804343
586,1.0601781606674194,0.3995943069458008,0.3995943069458008,0.39936748147010803,0.0002957494542983888
587,1.0601781606674194,0.3995943069458008,0.3995943069458008,0.39936748147010803,0.0002957359037988715
588,1.0601781606674194,0.3995943069458008,0.3995943069458008,0.39936748147010803,0.00029568108280832346
589,1.0601781606674194,0.3995943069458008,0.3995943069458008,0.39936748147010803,0.0002956715905241661
590,1.0601781606674194,0.3995943069458008,0.3995943069458008,0.39936748147010803,0.0002956408045892853
591,1.0601781606674194,0.3995943069458008,0.3995943069458008,0.39936748147010803,0.0002956408045892853
592,1.0601781606674194,0.3995943069458008,0.3995943069458008,0.39936748147010803,0.00029563357027058125
593,1.0601781606674194,0.3995943069458008,0.3995943069458008,0.39936748147010803,0.0002956008814406987
594,1.0601781606674194,0.3995943069458008,0.3995943069458008,0.39936748147010803,0.00029556116926370506
595,1.0601781606674194,0.3995943069458008,0.3995943069458008,0.39936748147010803,0.0002955685736335661
596,1.0601781606674194,0.3995943069458008,0.3995943069458008,0.39936748147010803,0.0002955457709460303
597,1.0601781606674194,0.3995943069458008,0.3995943069458008,0.39936748147010803,0.0002955457709460303
598,1.0601781606674194,0.3995943069458008,0.3995943069458008,0.39936748147010803,0.0002955457709460303
599,1.0601780414581299,0.3995943069458008,0.3995943069458008,0.39936748147010803,0.00029551404619964635
600,1.0601781606674194,0.3995943069458008,0.3995943069458008,0.39936748147010803,0.00029546008587168893
601,1.0601781606674194,0.3995943069458008,0.3995943069458008,0.39936748147010803,0.00029546008587168893
602,1.0601781606674194,0.3995943069458008,0.3995943069458008,0.39936748147010803,0.0002954289171282915
603,1.0601781606674194,0.3995943069458008,0.3995943069458008,0.39936748147010803,0.0002954205471834246
604,1.0601781606674194,0.3995943069458008,0.3995943069458008,0.39936748147010803,0.00029538901345111393
605,1.0601781606674194,0.3995943069458008,0.3995943069458008,0.39936748147010803,0.0002953825427267224
606,1.0601781606674194,0.3995943069458008,0.3995943069458008,0.39936748147010803,0.0002953432703268883
607,1.0601781606674194,0.3995943069458008,0.3995943069458008,0.39936748147010803,0.00029532540657341923
608,1.0601781606674194,0.3995943069458008,0.3995943069458008,0.39936748147010803,0.0002952984224376965
609,1.0601781606674194,0.3995943069458008,0.3995943069458008,0.39936748147010803,0.00029529083082535705
610,1.0601781606674194,0.3995943069458008,0.3995943069458008,0.39936748147010803,0.0002952657807294491
611,1.0601781606674194,0.3995943069458008,0.3995943069458008,0.39936748147010803,0.0002952528698356993
612,1.0601781606674194,0.3995943069458008,0.3995943069458008,0.39936748147010803,0.00029522017495436486
613,1.0601781606674194,0.3995943069458008,0.3995943069458008,0.39936748147010803,0.00029522017495436486
614,1.0601781606674194,0.3995943069458008,0.3995943069458008,0.39936748147010803,0.00029521333949763634
615,1.0601781606674194,0.3995943069458008,0.3995943069458008,0.39936748147010803,0.00029515623077369527
616,1.0601781606674194,0.3995943069458008,0.3995943069458008,0.39936748147010803,0.00029513989648912364
617,1.0601781606674194,0.3995943069458008,0.3995943069458008,0.39936748147010803,0.00029513989648912364
618,1.0601780414581299,0.3995943069458008,0.3995943069458008,0.39936748147010803,0.0002951001222765268
619,1.0601780414581299,0.3995943069458008,0.3995943069458008,0.39936748147010803,0.0002950507100376908
620,1.0601780414581299,0.3995943069458008,0.3995943069458008,0.39936748147010803,0.0002950507100376908
621,1.0601781606674194,0.3995943069458008,0.3995943069458008,0.39936748147010803,0.0002950066245428894
622,1.0601781606674194,0.3995943069458008,0.3995943069458008,0.39936748147010803,0.0002950066245428894
623,1.0601781606674194,0.3995943069458008,0.3995943069458008,0.39936748147010803,0.00029496309855593623
624,1.0601781606674194,0.3995943069458008,0.3995943069458008,0.39936748147010803,0.0002949463801719672
625,1.0601781606674194,0.3995943069458008,0.3995943069458008,0.39936748147010803,0.0002949049053341676
626,1.0601781606674194,0.3995943069458008,0.3995943069458008,0.39936748147010803,0.0002948748827302509
627,1.0601781606674194,0.3995943069458008,0.3995943069458008,0.39936748147010803,0.0002948672802135167
628,1.0601781606674194,0.3995943069458008,0.3995943069458008,0.39936748147010803,0.0002948672802135167
629,1.0601781606674194,0.3995943069458008,0.3995943069458008,0.39936748147010803,0.0002948592919379996
630,1.0601781606674194,0.3995943069458008,0.3995943069458008,0.39936748147010803,0.0002948296502912806
631,1.0601781606674194,0.3995943069458008,0.3995943069458008,0.39936748147010803,0.0002948296502912806
632,1.0601781606674194,0.3995943069458008,0.3995943069458008,0.39936748147010803,0.0002947818438448189
633,1.0601781606674194,0.3995943069458008,0.3995943069458008,0.39936748147010803,0.0002947643438070961
634,1.0601781606674194,0.3995943069458008,0.3995943069458008,0.39936748147010803,0.0002947354640624015
635,1.0601781606674194,0.3995943069458008,0.3995943069458008,0.39936748147010803,0.0002947195283674165
636,1.0601781606674194,0.3995943069458008,0.3995943069458008,0.39936748147010803,0.0002947195283674165
637,1.0601781606674194,0.3995943069458008,0.3995943069458008,0.39936748147010803,0.00029467733439367337
638,1.0601781606674194,0.3995943069458008,0.3995943069458008,0.39936748147010803,0.00029467733439367337
639,1.060178279876709,0.3995943069458008,0.3995943069458008,0.39936748147010803,0.00029463057641403753
640,1.060178279876709,0.3995943069458008,0.3995943069458008,0.39936748147010803,0.00029463057641403753
641,1.0601781606674194,0.3995943069458008,0.3995943069458008,0.39936748147010803,0.0002946024794741633
642,1.0601781606674194,0.3995943069458008,0.3995943069458008,0.39936748147010803,0.00029458765816324067
643,1.0601781606674194,0.3995943069458008,0.3995943069458008,0.39936748147010803,0.00029458765816324067
644,1.0601781606674194,0.3995943069458008,0.3995943069458008,0.39936748147010803,0.0002945303557474617
645,1.0601781606674194,0.3995943069458008,0.3995943069458008,0.39936748147010803,0.0002945124909385165
646,1.0601781606674194,0.3995943069458008,0.3995943069458008,0.39936748147010803,0.00029448285057672227
647,1.0601781606674194,0.3995943069458008,0.3995943069458008,0.39936748147010803,0.0002944687591997468
648,1.0601781606674194,0.3995943069458008,0.3995943069458008,0.39936748147010803,0.00029441052860285186
649,1.0601781606674194,0.3995943069458008,0.3995943069458008,0.39936748147010803,0.00029440558100517396
650,1.0601781606674194,0.3995943069458008,0.3995943069458008,0.39936748147010803,0.00029438810687284947
651,1.0601781606674194,0.3995943069458008,0.3995943069458008,0.39936748147010803,0.0002943641627309662
652,1.0601781606674194,0.3995943069458008,0.3995943069458008,0.39936748147010803,0.0002943641627309662
653,1.0601781606674194,0.3995943069458008,0.3995943069458008,0.39936748147010803,0.000294340964986054
654,1.0601781606674194,0.3995943069458008,0.3995943069458008,0.39936748147010803,0.00029431006400543967
655,1.0601781606674194,0.3995943069458008,0.3995943069458008,0.39936748147010803,0.0002943040886368111
656,1.0601781606674194,0.3995943069458008,0.3995943069458008,0.39936748147010803,0.0002943040886368111
657,1.0601781606674194,0.3995943069458008,0.3995943069458008,0.39936748147010803,0.0002943038351336412
658,1.0601781606674194,0.3995943069458008,0.3995943069458008,0.39936748147010803,0.00029426798034294763
659,1.0601781606674194,0.3995943069458008,0.3995943069458008,0.39936748147010803,0.0002942528041207575
660,1.0601779222488403,0.3995943069458008,0.3995943069458008,0.39936748147010803,0.0002942121130115716
661,1.0601780414581299,0.3995943069458008,0.3995943069458008,0.39936748147010803,0.0002941946273879249
662,1.0601781606674194,0.3995943069458008,0.3995943069458008,0.39936748147010803,0.0002941611868611608
663,1.0601781606674194,0.3995943069458008,0.3995943069458008,0.39936748147010803,0.0002941550997691159
664,1.0601781606674194,0.3995943069458008,0.3995943069458008,0.39936748147010803,0.0002941402679936622
665,1.0601781606674194,0.3995943069458008,0.3995943069458008,0.39936748147010803,0.0002941013008246101
666,1.0601781606674194,0.3995943069458008,0.3995943069458008,0.39936748147010803,0.0002940791454573988
667,1.0601780414581299,0.3995943069458008,0.3995943069458008,0.39936748147010803,0.00029405384715739926
668,1.0601781606674194,0.3995943069458008,0.3995943069458008,0.39936748147010803,0.0002940376691188313
669,1.0601781606674194,0.3995943069458008,0.3995943069458008,0.39936748147010803,0.0002940281600280913
670,1.0601781606674194,0.3995943069458008,0.3995943069458008,0.39936748147010803,0.0002940156177074743
671,1.0601780414581299,0.3995943069458008,0.3995943069458008,0.39936748147010803,0.0002939753650858852
672,1.0601781606674194,0.3995943069458008,0.3995943069458008,0.39936748147010803,0.00029394268523269047
673,1.0601781606674194,0.3995943069458008,0.3995943069458008,0.39936748147010803,0.00029392329798150224
674,1.0601781606674194,0.3995943069458008,0.3995943069458008,0.39936748147010803,0.0002939031599938068
675,1.0601781606674194,0.3995943069458008,0.3995943069458008,0.39936748147010803,0.0002939031599938068
676,1.0601781606674194,0.3995943069458008,0.3995943069458008,0.39936748147010803,0.0002938560370291978
677,1.0601781606674194,0.3995943069458008,0.3995943069458008,0.39936748147010803,0.00029384083953105765
678,1.0601779222488403,0.3995943069458008,0.3995943069458008,0.39936748147010803,0.0002937893169438706
679,1.0601780414581299,0.3995943069458008,0.3995943069458008,0.39936748147010803,0.0002937509200300242
680,1.060178279876709,0.3995943069458008,0.3995943069458008,0.39936748147010803,0.0002937732815517263
681,1.0601781606674194,0.3995943069458008,0.3995943069458008,0.39936748147010803,0.00029372698442217557
682,1.0601781606674194,0.3995943069458008,0.3995943069458008,0.39936748147010803,0.00029372698442217557
683,1.0601781606674194,0.3995943069458008,0.3995943069458008,0.39936748147010803,0.00029366068264307694
684,1.0601781606674194,0.3995943069458008,0.3995943069458008,0.39936748147010803,0.00029364243825772643
685,1.0601781606674194,0.3995943069458008,0.3995943069458008,0.39936748147010803,0.00029364243825772643
686,1.0601781606674194,0.3995943069458008,0.3995943069458008,0.39936748147010803,0.00029361018115284644
687,1.0601780414581299,0.3995943069458008,0.3995943069458008,0.39936748147010803,0.00029359201833521216
688,1.0601780414581299,0.3995943069458008,0.3995943069458008,0.39936748147010803,0.00029357073216419505
689,1.0601780414581299,0.3995943069458008,0.3995943069458008,0.39936748147010803,0.0002935539949947641
690,1.0601780414581299,0.3995943069458008,0.3995943069458008,0.39936748147010803,0.00029352245439436496
691,1.0601781606674194,0.3995943069458008,0.3995943069458008,0.39936748147010803,0.00029349933537818965
692,1.0601781606674194,0.3995943069458008,0.3995943069458008,0.39936748147010803,0.00029349933537818965
693,1.0601781606674194,0.3995943069458008,0.3995943069458008,0.39936748147010803,0.00029350622285669774
694,1.0601781606674194,0.3995943069458008,0.3995943069458008,0.39936748147010803,0.00029348380467095496
695,1.0601781606674194,0.3995943069458008,0.3995943069458008,0.39936748147010803,0.00029344516196389025
696,1.0601781606674194,0.3995943069458008,0.3995943069458008,0.39936748147010803,0.00029344516196389025
697,1.0601781606674194,0.3995943069458008,0.3995943069458008,0.39936748147010803,0.00029342691628578635
698,1.0601781606674194,0.3995943069458008,0.3995943069458008,0.39936748147010803,0.0002933961369967963
699,1.0601781606674194,0.3995943069458008,0.3995943069458008,0.39936748147010803,0.00029338709148564587
700,1.0601781606674194,0.3995943069458008,0.3995943069458008,0.39936748147010803,0.0002933699926491764
701,1.0601781606674194,0.3995943069458008,0.3995943069458008,0.39936748147010803,0.000293347564052459
702,1.0601781606674194,0.3995943069458008,0.3995943069458008,0.39936748147010803,0.0002933271443030573
703,1.060178279876709,0.3995943069458008,0.3995943069458008,0.39936748147010803,0.00029328000146909236
704,1.060178279876709,0.3995943069458008,0.3995943069458008,0.39936748147010803,0.00029328000146909236
705,1.0601781606674194,0.3995943069458008,0.3995943069458008,0.39936748147010803,0.00029325838978502366
706,1.060178279876709,0.3995943069458008,0.3995943069458008,0.39936748147010803,0.0002932416711341541
707,1.060178279876709,0.3995943069458008,0.3995943069458008,0.39936748147010803,0.00029321848151436314
708,1.060178279876709,0.3995943069458008,0.3995943069458008,0.39936748147010803,0.00029321920848953667
709,1.060178279876709,0.3995943069458008,0.3995943069458008,0.39936748147010803,0.00029315108308622357
710,1.060178279876709,0.3995943069458008,0.3995943069458008,0.39936748147010803,0.00029312448055659904
711,1.0601781606674194,0.3995943069458008,0.3995943069458008,0.39936748147010803,0.0002930980089462005
712,1.0601781606674194,0.3995943069458008,0.3995943069458008,0.39936748147010803,0.0002930369842305043
713,1.060178279876709,0.3995943069458008,0.3995943069458008,0.39936748147010803,0.0002930369842305043
714,1.0601783990859985,0.3995943069458008,0.3995943069458008,0.39936748147010803,0.0002930029265749087
715,1.0601781606674194,0.3995943069458008,0.3995943069458008,0.39936748147010803,0.00029297965742754585
716,1.0601780414581299,0.3995943069458008,0.3995943069458008,0.39936748147010803,0.00029296500867870577
717,1.0601780414581299,0.3995943069458008,0.3995943069458008,0.39936748147010803,0.00029293669134684055
718,1.0601780414581299,0.3995943069458008,0.3995943069458008,0.39936748147010803,0.00029293669134684055
719,1.0601780414581299,0.3995943069458008,0.3995943069458008,0.39936748147010803,0.00029293669134684055
720,1.0601780414581299,0.3995943069458008,0.3995943069458008,0.39936748147010803,0.0002928779620558171
721,1.0601780414581299,0.3995943069458008,0.3995943069458008,0.39936748147010803,0.000292849818279778
722,1.0601780414581299,0.3995943069458008,0.3995943069458008,0.39936748147010803,0.000292849818279778
723,1.0601780414581299,0.3995943069458008,0.3995943069458008,0.39936748147010803,0.0002928327366002297
724,1.0601781606674194,0.3995943069458008,0.3995943069458008,0.39936748147010803,0.0002928224725550192
725,1.0601781606674194,0.3995943069458008,0.3995943069458008,0.39936748147010803,0.0002928224725550192
726,1.0601781606674194,0.3995943069458008,0.3995943069458008,0.39936748147010803,0.000292778379171375
727,1.0601781606674194,0.3995943069458008,0.3995943069458008,0.39936748147010803,0.000292778379171375
728,1.0601780414581299,0.3995943069458008,0.3995943069458008,0.39936748147010803,0.00029273730107147596
729,1.0601780414581299,0.3995943069458008,0.3995943069458008,0.39936748147010803,0.00029271373165378405
730,1.0601780414581299,0.3995943069458008,0.3995943069458008,0.39936748147010803,0.0002926636858609009
731,1.0601780414581299,0.3995943069458008,0.3995943069458008,0.39936748147010803,0.00029264695751500536
732,1.0601781606674194,0.3995943069458008,0.3995943069458008,0.39936748147010803,0.0002926282978471848
733,1.0601781606674194,0.3995943069458008,0.3995943069458008,0.39936748147010803,0.0002926215232556812
734,1.0601781606674194,0.3995943069458008,0.3995943069458008,0.39936748147010803,0.00029260707512621705
735,1.0601781606674194,0.3995943069458008,0.3995943069458008,0.39936748147010803,0.000292572870282009
736,1.0601780414581299,0.3995943069458008,0.3995943069458008,0.39936748147010803,0.0002925274033403134
737,1.0601780414581299,0.3995943069458008,0.3995943069458008,0.39936748147010803,0.0002925274033403134
738,1.060178279876709,0.3995943069458008,0.3995943069458008,0.39936748147010803,0.0002924920595698553
739,1.060178279876709,0.3995943069458008,0.3995943069458008,0.39936748147010803,0.0002924920595698553
740,1.060178279876709,0.3995943069458008,0.3995943069458008,0.39936748147010803,0.0002924671827678918
741,1.0601781606674194,0.3995943069458008,0.3995943069458008,0.39936748147010803,0.0002924188321488617
742,1.0601781606674194,0.3995943069458008,0.3995943069458008,0.39936748147010803,0.0002924112265248691
743,1.0601781606674194,0.3995943069458008,0.3995943069458008,0.39936748147010803,0.0002924112265248691
744,1.0601781606674194,0.3995943069458008,0.3995943069458008,0.39936748147010803,0.00029239413137319663
745,1.0601781606674194,0.3995943069458008,0.3995943069458008,0.39936748147010803,0.00029238575960883724
746,1.0601780414581299,0.3995943069458008,0.3995943069458008,0.39936748147010803,0.0002923404701615481
747,1.0601780414581299,0.3995943069458008,0.3995943069458008,0.39936748147010803,0.00029231042724789516
748,1.060178279876709,0.3995943069458008,0.3995943069458008,0.39936748147010803,0.00029232343163886065
749,1.060178279876709,0.3995943069458008,0.3995943069458008,0.39936748147010803,0.0002922934112831597
750,1.060178279876709,0.3995943069458008,0.3995943069458008,0.39936748147010803,0.0002922565926374976
751,1.060178279876709,0.3995943069458008,0.3995943069458008,0.39936748147010803,0.00029224861809721805
752,1.060178279876709,0.3995943069458008,0.3995943069458008,0.39936748147010803,0.0002922327048352434
753,1.060178279876709,0.3995943069458008,0.3995943069458008,0.39936748147010803,0.00029217757916664847
754,1.060178279876709,0.3995943069458008,0.3995943069458008,0.39936748147010803,0.00029217757916664847
755,1.060178279876709,0.3995943069458008,0.3995943069458008,0.39936748147010803,0.0002921392014758419
756,1.060178279876709,0.3995943069458008,0.3995943069458008,0.39936748147010803,0.0002921392014758419
757,1.0601780414581299,0.3995943069458008,0.3995943069458008,0.39936748147010803,0.0002921056715911515
758,1.0601779222488403,0.3995943069458008,0.3995943069458008,0.39936748147010803,0.0002920664816249401
759,1.0601779222488403,0.3995943069458008,0.3995943069458008,0.39936748147010803,0.00029203530347965455
760,1.0601779222488403,0.3995943069458008,0.3995943069458008,0.39936748147010803,0.00029203530347965455
761,1.0601780414581299,0.3995943069458008,0.3995943069458008,0.39936748147010803,0.0002920197192417129
762,1.0601780414581299,0.3995943069458008,0.3995943069458008,0.39936748147010803,0.0002919896919949235
763,1.0601780414581299,0.3995943069458008,0.3995943069458008,0.39936748147010803,0.0002919817101651124
764,1.0601780414581299,0.3995943069458008,0.3995943069458008,0.39936748147010803,0.00029194827171361194
765,1.0601780414581299,0.3995943069458008,0.3995943069458008,0.39936748147010803,0.00029194827171361194
766,1.0601780414581299,0.3995943069458008,0.3995943069458008,0.39936748147010803,0.00029192736465149106
767,1.0601780414581299,0.3995943069458008,0.3995943069458008,0.39936748147010803,0.0002919135028576176
768,1.0601780414581299,0.3995943069458008,0.3995943069458008,0.39936748147010803,0.0002918808234162518
769,1.0601780414581299,0.3995943069458008,0.3995943069458008,0.39936748147010803,0.0002918575256699521
770,1.0601780414581299,0.3995943069458008,0.3995943069458008,0.39936748147010803,0.00029181847282038804
771,1.0601780414581299,0.3995943069458008,0.3995943069458008,0.39936748147010803,0.00029180136729252333
772,1.0601780414581299,0.3995943069458008,0.3995943069458008,0.39936748147010803,0.0002917850278377426
773,1.0601780414581299,0.3995943069458008,0.3995943069458008,0.39936748147010803,0.00029175614543070036
774,1.0601780414581299,0.3995943069458008,0.3995943069458008,0.39936748147010803,0.0002917322288285092
775,1.0601780414581299,0.3995943069458008,0.3995943069458008,0.39936748147010803,0.0002916771669160374
776,1.0601780414581299,0.3995943069458008,0.3995943069458008,0.39936748147010803,0.0002916307928498216
777,1.0601780414581299,0.3995943069458008,0.3995943069458008,0.39936748147010803,0.0002916307928498216
778,1.0601780414581299,0.3995943069458008,0.3995943069458008,0.39936748147010803,0.00029162204587680405
779,1.0601781606674194,0.3995943069458008,0.3995943069458008,0.39936748147010803,0.00029159050342894224
780,1.060178279876709,0.3995943069458008,0.3995943069458008,0.39936748147010803,0.00029155879916058014
781,1.060178279876709,0.3995943069458008,0.3995943069458008,0.39936748147010803,0.00029154473705554835
782,1.0601781606674194,0.3995943069458008,0.3995943069458008,0.39936748147010803,0.00029150238823159093
783,1.0601781606674194,0.3995943069458008,0.3995943069458008,0.39936748147010803,0.00029150238823159093
784,1.0601781606674194,0.3995943069458008,0.3995943069458008,0.39936748147010803,0.00029147007712078464
785,1.060178279876709,0.3995943069458008,0.3995943069458008,0.39936748147010803,0.00029144157796655247
786,1.060178279876709,0.3995943069458008,0.3995943069458008,0.39936748147010803,0.00029144157796655247
787,1.0601781606674194,0.3995943069458008,0.3995943069458008,0.39936748147010803,0.0002914152704567768
788,1.0601781606674194,0.3995943069458008,0.3995943069458008,0.39936748147010803,0.0002914206955083501
789,1.0601781606674194,0.3995943069458008,0.3995943069458008,0.39936748147010803,0.0002914089065596927
790,1.0601781606674194,0.3995943069458008,0.3995943069458008,0.39936748147010803,0.0002914089065596927
791,1.0601781606674194,0.3995943069458008,0.3995943069458008,0.39936748147010803,0.00029135527118514544
792,1.060178279876709,0.3995943069458008,0.3995943069458008,0.39936748147010803,0.00029134767437912705
793,1.060178279876709,0.3995943069458008,0.3995943069458008,0.39936748147010803,0.00029131384606749446
794,1.060178279876709,0.3995943069458008,0.3995943069458008,0.39936748147010803,0.0002913138948494309
795,1.0601781606674194,0.3995943069458008,0.3995943069458008,0.39936748147010803,0.00029126321820936203
796,1.0601781606674194,0.3995943069458008,0.3995943069458008,0.39936748147010803,0.00029126321820936203
797,1.0601781606674194,0.3995943069458008,0.3995943069458008,0.39936748147010803,0.00029121610724892845
798,1.0601781606674194,0.3995943069458008,0.3995943069458008,0.39936748147010803,0.00029121610724892845
799,1.0601781606674194,0.3995943069458008,0.3995943069458008,0.39936748147010803,0.00029117583365642136
800,1.0601781606674194,0.3995943069458008,0.3995943069458008,0.39936748147010803,0.00029117583365642136
801,1.060178279876709,0.3995943069458008,0.3995943069458008,0.39936748147010803,0.0002911283180513044
802,1.0601780414581299,0.3995943069458008,0.3995943069458008,0.39936748147010803,0.00029108728781004027
803,1.0601781606674194,0.3995943069458008,0.3995943069458008,0.39936748147010803,0.0002910469963921596
804,1.0601780414581299,0.3995943069458008,0.3995943069458008,0.39936748147010803,0.0002910469963921596
805,1.0601781606674194,0.3995943069458008,0.3995943069458008,0.39936748147010803,0.00029104356629860463
806,1.060178279876709,0.3995943069458008,0.3995943069458008,0.39936748147010803,0.00029103521672041286
807,1.0601780414581299,0.3995943069458008,0.3995943069458008,0.39936748147010803,0.00029098803221912846
808,1.0601780414581299,0.3995943069458008,0.3995943069458008,0.39936748147010803,0.0002909398021184074
809,1.0601780414581299,0.3995943069458008,0.3995943069458008,0.39936748147010803,0.0002909398021184074
810,1.0601780414581299,0.3995943069458008,0.3995943069458008,0.39936748147010803,0.0002909318281189487
811,1.0601780414581299,0.3995943069458008,0.3995943069458008,0.39936748147010803,0.0002909162458291479
812,1.0601780414581299,0.3995943069458008,0.3995943069458008,0.39936748147010803,0.000290885359654861
813,1.0601781606674194,0.3995943069458008,0.3995943069458008,0.39936748147010803,0.0002908538106036659
814,1.0601781606674194,0.3995943069458008,0.3995943069458008,0.39936748147010803,0.0002908538106036659
815,1.060178279876709,0.3995943069458008,0.3995943069458008,0.39936748147010803,0.0002908235774657261
816,1.0601780414581299,0.3995943069458008,0.3995943069458008,0.39936748147010803,0.0002907990710485228
817,1.0601780414581299,0.3995943069458008,0.3995943069458008,0.39936748147010803,0.0002907990710485227
818,1.0601781606674194,0.3995943069458008,0.3995943069458008,0.39936748147010803,0.000290751554966934
819,1.0601781606674194,0.3995943069458008,0.3995943069458008,0.39936748147010803,0.00029073362903825974
820,1.0601780414581299,0.3995943069458008,0.3995943069458008,0.39936748147010803,0.0002906977005367004
821,1.0601780414581299,0.3995943069458008,0.3995943069458008,0.39936748147010803,0.00029068249679967356
822,1.0601781606674194,0.3995943069458008,0.3995943069458008,0.39936748147010803,0.00029067579908121055
823,1.0601781606674194,0.3995943069458008,0.3995943069458008,0.39936748147010803,0.0002906645177211164
824,1.0601780414581299,0.3995943069458008,0.3995943069458008,0.39936748147010803,0.00029061304325072256
825,1.0601781606674194,0.3995943069458008,0.3995943069458008,0.39936748147010803,0.0002906081043515375
826,1.0601781606674194,0.3995943069458008,0.3995943069458008,0.39936748147010803,0.0002905822593369387
827,1.0601781606674194,0.3995943069458008,0.3995943069458008,0.39936748147010803,0.0002905560329775964
828,1.0601781606674194,0.3995943069458008,0.3995943069458008,0.39936748147010803,0.00029055603297759627
829,1.060178279876709,0.3995943069458008,0.3995943069458008,0.39936748147010803,0.0002905195566736776
830,1.0601780414581299,0.3995943069458008,0.3995943069458008,0.39936748147010803,0.0002904642648808738
831,1.0601780414581299,0.3995943069458008,0.3995943069458008,0.39936748147010803,0.00029044069448730554
832,1.0601780414581299,0.3995943069458008,0.3995943069458008,0.39936748147010803,0.00029039928571307277
833,1.0601780414581299,0.3995943069458008,0.3995943069458008,0.39936748147010803,0.0002903992857130727
834,1.0601780414581299,0.3995943069458008,0.3995943069458008,0.39936748147010803,0.00029036964147819485
835,1.0601780414581299,0.3995943069458008,0.3995943069458008,0.39936748147010803,0.00029034733595833536
836,1.0601780414581299,0.3995943069458008,0.3995943069458008,0.39936748147010803,0.00029037202732100435
837,1.0601781606674194,0.3995943069458008,0.3995943069458008,0.39936748147010803,0.0002903227159184396
838,1.0601781606674194,0.3995943069458008,0.3995943069458008,0.39936748147010803,0.00029030142255017754
839,1.0601781606674194,0.3995943069458008,0.3995943069458008,0.39936748147010803,0.00029029491185224467
840,1.0601781606674194,0.3995943069458008,0.3995943069458008,0.39936748147010803,0.0002902599449482168
841,1.0601781606674194,0.3995943069458008,0.3995943069458008,0.39936748147010803,0.00029024018929429236
842,1.0601781606674194,0.3995943069458008,0.3995943069458008,0.39936748147010803,0.00029024018929429236
843,1.0601781606674194,0.3995943069458008,0.3995943069458008,0.39936748147010803,0.0002902154744732811
844,1.0601781606674194,0.3995943069458008,0.3995943069458008,0.39936748147010803,0.0002901775841206207
845,1.0601781606674194,0.3995943069458008,0.3995943069458008,0.39936748147010803,0.00029018355876002074
846,1.0601780414581299,0.3995943069458008,0.3995943069458008,0.39936748147010803,0.0002901530966082642
847,1.0601781606674194,0.3995943069458008,0.3995943069458008,0.39936748147010803,0.0002901059523278313
848,1.0601781606674194,0.3995943069458008,0.3995943069458008,0.39936748147010803,0.0002901059523278313
849,1.0601781606674194,0.3995943069458008,0.3995943069458008,0.39936748147010803,0.00029007403681188706
850,1.0601781606674194,0.3995943069458008,0.3995943069458008,0.39936748147010803,0.00029006529188651766
851,1.060178279876709,0.3995943069458008,0.3995943069458008,0.39936748147010803,0.00029001739833369047
852,1.0601781606674194,0.3995943069458008,0.3995943069458008,0.39936748147010803,0.0002899921132275435
853,1.0601781606674194,0.3995943069458008,0.3995943069458008,0.39936748147010803,0.0002899921132275435
854,1.060178279876709,0.3995943069458008,0.3995943069458008,0.39936748147010803,0.00028995752639437706
855,1.060178279876709,0.3995943069458008,0.3995943069458008,0.39936748147010803,0.00028995752639437706
856,1.0601780414581299,0.3995943069458008,0.3995943069458008,0.39936748147010803,0.00028990949249292283
857,1.0601781606674194,0.3995943069458008,0.3995943069458008,0.39936748147010803,0.0002899019803494517
858,1.0601781606674194,0.3995943069458008,0.3995943069458008,0.39936748147010803,0.00028989275227872394
859,1.0601781606674194,0.3995943069458008,0.3995943069458008,0.39936748147010803,0.0002898384073217868
860,1.0601781606674194,0.3995943069458008,0.3995943069458008,0.39936748147010803,0.00028979219260996637
861,1.0601781606674194,0.3995943069458008,0.3995943069458008,0.39936748147010803,0.0002897838314955373
862,1.0601781606674194,0.3995943069458008,0.3995943069458008,0.39936748147010803,0.0002897785106607472
863,1.0601781606674194,0.3995943069458008,0.3995943069458008,0.39936748147010803,0.00028973670070163936
864,1.0601781606674194,0.3995943069458008,0.3995943069458008,0.39936748147010803,0.0002897132060066544
865,1.0601781606674194,0.3995943069458008,0.3995943069458008,0.39936748147010803,0.000289704474715831
866,1.0601781606674194,0.3995943069458008,0.3995943069458008,0.39936748147010803,0.0002896767339530268
867,1.0601781606674194,0.3995943069458008,0.3995943069458008,0.39936748147010803,0.00028963454131643643
868,1.0601781606674194,0.3995943069458008,0.3995943069458008,0.39936748147010803,0.00028963454131643643
869,1.060178279876709,0.3995943069458008,0.3995943069458008,0.39936748147010803,0.000289601813259849
870,1.060178279876709,0.3995943069458008,0.3995943069458008,0.39936748147010803,0.000289601813259849
871,1.060178279876709,0.3995943069458008,0.3995943069458008,0.39936748147010803,0.000289601813259849
872,1.0601781606674194,0.3995943069458008,0.3995943069458008,0.39936748147010803,0.0002895577570256948
873,1.0601781606674194,0.3995943069458008,0.3995943069458008,0.39936748147010803,0.00028949496745532977
874,1.0601781606674194,0.3995943069458008,0.3995943069458008,0.39936748147010803,0.0002894854686874415
875,1.0601781606674194,0.3995943069458008,0.3995943069458008,0.39936748147010803,0.0002894786205451486
876,1.0601781606674194,0.3995943069458008,0.3995943069458008,0.39936748147010803,0.0002894402286758832
877,1.0601781606674194,0.3995943069458008,0.3995943069458008,0.39936748147010803,0.0002894402286758832
878,1.0601781606674194,0.3995943069458008,0.3995943069458008,0.39936748147010803,0.00028942996707092476
879,1.060178279876709,0.3995943069458008,0.3995943069458008,0.39936748147010803,0.0002894155314700717
880,1.060178279876709,0.3995943069458008,0.3995943069458008,0.39936748147010803,0.00028940869394865435
881,1.0601781606674194,0.3995943069458008,0.3995943069458008,0.39936748147010803,0.00028937057518192916
882,1.0601781606674194,0.3995943069458008,0.3995943069458008,0.39936748147010803,0.00028930428199184474
883,1.0601781606674194,0.3995943069458008,0.3995943069458008,0.39936748147010803,0.00028930428199184474
884,1.0601781606674194,0.3995943069458008,0.3995943069458008,0.39936748147010803,0.00028929022082416195
885,1.0601781606674194,0.3995943069458008,0.3995943069458008,0.39936748147010803,0.000289258288996811
886,1.0601781606674194,0.3995943069458008,0.3995943069458008,0.39936748147010803,0.0002892259851386319
887,1.0601781606674194,0.3995943069458008,0.3995943069458008,0.39936748147010803,0.0002892339693175658
888,1.0601781606674194,0.3995943069458008,0.3995943069458008,0.39936748147010803,0.0002891933091249535
889,1.0601781606674194,0.3995943069458008,0.3995943069458008,0.39936748147010803,0.00028916495416336254
890,1.0601781606674194,0.3995943069458008,0.3995943069458008,0.39936748147010803,0.0002891585038814125
891,1.0601781606674194,0.3995943069458008,0.3995943069458008,0.39936748147010803,0.0002891288553062854
892,1.0601781606674194,0.3995943069458008,0.3995943069458008,0.39936748147010803,0.000289121249151958
893,1.0601781606674194,0.3995943069458008,0.3995943069458008,0.39936748147010803,0.0002890887210614987
894,1.0601781606674194,0.3995943069458008,0.3995943069458008,0.39936748147010803,0.0002890404690301465
895,1.0601781606674194,0.3995943069458008,0.3995943069458008,0.39936748147010803,0.0002890404690301465
896,1.0601781606674194,0.3995943069458008,0.3995943069458008,0.39936748147010803,0.00028900283029513414
897,1.0601781606674194,0.3995943069458008,0.3995943069458008,0.39936748147010803,0.00028897082982748667
898,1.0601781606674194,0.3995943069458008,0.3995943069458008,0.39936748147010803,0.00028898729151714976
899,1.0601781606674194,0.3995943069458008,0.3995943069458008,0.39936748147010803,0.0002889304154142686
900,1.0601779222488403,0.3995943069458008,0.3995943069458008,0.39936748147010803,0.00028890633867171493
901,1.0601781606674194,0.3995943069458008,0.3995943069458008,0.39936748147010803,0.00028886605052285417
902,1.0601781606674194,0.3995943069458008,0.3995943069458008,0.39936748147010803,0.00028886605052285417
903,1.0601781606674194,0.3995943069458008,0.3995943069458008,0.39936748147010803,0.00028883387499859615
904,1.0601781606674194,0.3995943069458008,0.3995943069458008,0.39936748147010803,0.0002888120290218494
905,1.0601781606674194,0.3995943069458008,0.3995943069458008,0.39936748147010803,0.000288827355820402
906,1.0601781606674194,0.3995943069458008,0.3995943069458008,0.39936748147010803,0.0002888239362681004
907,1.0601781606674194,0.3995943069458008,0.3995943069458008,0.39936748147010803,0.0002887952251924313
908,1.0601781606674194,0.3995943069458008,0.3995943069458008,0.39936748147010803,0.00028875378961081477
909,1.0601781606674194,0.3995943069458008,0.3995943069458008,0.39936748147010803,0.00028875378961081477
910,1.0601781606674194,0.3995943069458008,0.3995943069458008,0.39936748147010803,0.000288737068522259
911,1.0601779222488403,0.3995943069458008,0.3995943069458008,0.39936748147010803,0.00028868797010556373
912,1.0601779222488403,0.3995943069458008,0.3995943069458008,0.39936748147010803,0.00028868797010556373
913,1.0601779222488403,0.3995943069458008,0.3995943069458008,0.39936748147010803,0.00028864958384820604
914,1.0601779222488403,0.3995943069458008,0.3995943069458008,0.39936748147010803,0.00028864958384820604
915,1.0601781606674194,0.3995943069458008,0.3995943069458008,0.39936748147010803,0.0002886031049071375
916,1.0601781606674194,0.3995943069458008,0.3995943069458008,0.39936748147010803,0.0002886203507477742
917,1.0601781606674194,0.3995943069458008,0.3995943069458008,0.39936748147010803,0.0002885937860618806
918,1.0601779222488403,0.3995943069458008,0.3995943069458008,0.39936748147010803,0.0002885404892878978
919,1.0601779222488403,0.3995943069458008,0.3995943069458008,0.39936748147010803,0.00028850096280026786
920,1.0601780414581299,0.3995943069458008,0.3995943069458008,0.39936748147010803,0.00028846143089651286
921,1.0601780414581299,0.3995943069458008,0.3995943069458008,0.39936748147010803,0.0002884534499671237
922,1.0601781606674194,0.3995943069458008,0.3995943069458008,0.39936748147010803,0.0002884466019566275
923,1.0601781606674194,0.3995943069458008,0.3995943069458008,0.39936748147010803,0.0002884146752726258
924,1.0601781606674194,0.3995943069458008,0.3995943069458008,0.39936748147010803,0.0002884146752726258
925,1.0601781606674194,0.3995943069458008,0.3995943069458008,0.39936748147010803,0.0002884078263414559
926,1.0601781606674194,0.3995943069458008,0.3995943069458008,0.39936748147010803,0.0002883447863638504
927,1.0601781606674194,0.3995943069458008,0.3995943069458008,0.39936748147010803,0.0002882932550823988
928,1.0601781606674194,0.3995943069458008,0.3995943069458008,0.39936748147010803,0.0002882932550823988
929,1.0601781606674194,0.3995943069458008,0.3995943069458008,0.39936748147010803,0.00028827372204840877
930,1.0601781606674194,0.3995943069458008,0.3995943069458008,0.39936748147010803,0.00028827372204840877
931,1.0601781606674194,0.3995943069458008,0.3995943069458008,0.39936748147010803,0.0002882528196199384
932,1.0601781606674194,0.3995943069458008,0.3995943069458008,0.39936748147010803,0.0002882288834917769
933,1.0601781606674194,0.3995943069458008,0.3995943069458008,0.39936748147010803,0.00028820568499706816
934,1.0601781606674194,0.3995943069458008,0.3995943069458008,0.39936748147010803,0.0002881969573435155
935,1.0601781606674194,0.3995943069458008,0.3995943069458008,0.39936748147010803,0.00028816676600618146
936,1.0601781606674194,0.3995943069458008,0.3995943069458008,0.39936748147010803,0.0002881371140232829
937,1.060178279876709,0.3995943069458008,0.3995943069458008,0.39936748147010803,0.00028812875420186347
938,1.0601781606674194,0.3995943069458008,0.3995943069458008,0.39936748147010803,0.00028808607587634845
939,1.0601781606674194,0.3995943069458008,0.3995943069458008,0.39936748147010803,0.0002880492004606747
940,1.0601781606674194,0.3995943069458008,0.3995943069458008,0.39936748147010803,0.0002880408380877363
941,1.0601781606674194,0.3995943069458008,0.3995943069458008,0.39936748147010803,0.000288023347856198
942,1.0601781606674194,0.3995943069458008,0.3995943069458008,0.39936748147010803,0.00028798037016675035
943,1.0601781606674194,0.3995943069458008,0.3995943069458008,0.39936748147010803,0.00028798037016675035
944,1.0601781606674194,0.3995943069458008,0.3995943069458008,0.39936748147010803,0.00028794536895731637
945,1.0601781606674194,0.3995943069458008,0.3995943069458008,0.39936748147010803,0.0002879202844020321
946,1.0601781606674194,0.3995943069458008,0.3995943069458008,0.39936748147010803,0.0002879202844020321
947,1.0601781606674194,0.3995943069458008,0.3995943069458008,0.39936748147010803,0.0002878906317131676
948,1.0601781606674194,0.3995943069458008,0.3995943069458008,0.39936748147010803,0.0002878906317131676
949,1.0601779222488403,0.3995943069458008,0.3995943069458008,0.39936748147010803,0.0002878218992767094
950,1.0601781606674194,0.3995943069458008,0.3995943069458008,0.39936748147010803,0.0002878138882696545
951,1.0601781606674194,0.3995943069458008,0.3995943069458008,0.39936748147010803,0.00028779832233180103
952,1.0601781606674194,0.3995943069458008,0.3995943069458008,0.39936748147010803,0.00028777208916756384
953,1.0601779222488403,0.3995943069458008,0.3995943069458008,0.39936748147010803,0.00028772945671793585
954,1.0601779222488403,0.3995943069458008,0.3995943069458008,0.39936748147010803,0.00028772945671793585
955,1.0601779222488403,0.3995943069458008,0.3995943069458008,0.39936748147010803,0.0002877226161712743
956,1.0601781606674194,0.3995943069458008,0.3995943069458008,0.39936748147010803,0.0002876842245984087
957,1.0601781606674194,0.3995943069458008,0.3995943069458008,0.39936748147010803,0.00028765302844448263
958,1.0601781606674194,0.3995943069458008,0.3995943069458008,0.39936748147010803,0.0002876465566095776
959,1.0601781606674194,0.3995943069458008,0.3995943069458008,0.39936748147010803,0.00028760229968330343
960,1.0601781606674194,0.3995943069458008,0.3995943069458008,0.39936748147010803,0.0002875863393330404
961,1.0601781606674194,0.3995943069458008,0.3995943069458008,0.39936748147010803,0.0002875631507753183
962,1.0601781606674194,0.3995943069458008,0.3995943069458008,0.39936748147010803,0.0002875631507753183
963,1.0601781606674194,0.3995943069458008,0.3995943069458008,0.39936748147010803,0.00028754152949783207
964,1.0601781606674194,0.3995943069458008,0.3995943069458008,0.39936748147010803,0.00028751229494549367
965,1.0601781606674194,0.3995943069458008,0.3995943069458008,0.39936748147010803,0.00028751229494549367
966,1.0601781606674194,0.3995943069458008,0.3995943069458008,0.39936748147010803,0.0002874856896607614
967,1.0601781606674194,0.3995943069458008,0.3995943069458008,0.39936748147010803,0.0002874432990067555
968,1.0601781606674194,0.3995943069458008,0.3995943069458008,0.39936748147010803,0.0002874432990067555
969,1.0601781606674194,0.3995943069458008,0.3995943069458008,0.39936748147010803,0.0002873897147016432
970,1.0601781606674194,0.3995943069458008,0.3995943069458008,0.39936748147010803,0.0002873897147016432
971,1.0601781606674194,0.3995943069458008,0.3995943069458008,0.39936748147010803,0.00028732702012543385
972,1.0601781606674194,0.3995943069458008,0.3995943069458008,0.39936748147010803,0.00028734186975172614
973,1.0601781606674194,0.3995943069458008,0.3995943069458008,0.39936748147010803,0.0002872958717466154
974,1.0601781606674194,0.3995943069458008,0.3995943069458008,0.39936748147010803,0.0002872653012569038
975,1.0601781606674194,0.3995943069458008,0.3995943069458008,0.39936748147010803,0.00028725959984691167
976,1.0601781606674194,0.3995943069458008,0.3995943069458008,0.39936748147010803,0.00028724176520478033
977,1.0601781606674194,0.3995943069458008,0.3995943069458008,0.39936748147010803,0.00028717322386491694
978,1.0601781606674194,0.3995943069458008,0.3995943069458008,0.39936748147010803,0.00028717322386491694
979,1.0601781606674194,0.3995943069458008,0.3995943069458008,0.39936748147010803,0.00028713976984979763
980,1.0601781606674194,0.3995943069458008,0.3995943069458008,0.39936748147010803,0.00028713976984979763
981,1.0601781606674194,0.3995943069458008,0.3995943069458008,0.39936748147010803,0.00028711811668983715
982,1.0601781606674194,0.3995943069458008,0.3995943069458008,0.39936748147010803,0.0002870860051404909
983,1.0601781606674194,0.3995943069458008,0.3995943069458008,0.39936748147010803,0.0002870860051404909
984,1.0601783990859985,0.3995943069458008,0.3995943069458008,0.39936748147010803,0.00028706130340838383
985,1.0601783990859985,0.3995943069458008,0.3995943069458008,0.39936748147010803,0.00028706130340838383
986,1.0601781606674194,0.3995943069458008,0.3995943069458008,0.39936748147010803,0.0002870270565591713
987,1.0601781606674194,0.3995943069458008,0.3995943069458008,0.39936748147010803,0.0002869963460250801
988,1.0601781606674194,0.3995943069458008,0.3995943069458008,0.39936748147010803,0.00028695872392734073
989,1.0601781606674194,0.3995943069458008,0.3995943069458008,0.39936748147010803,0.00028692910806638
990,1.0601781606674194,0.3995943069458008,0.3995943069458008,0.39936748147010803,0.00028689489497023
991,1.0601781606674194,0.3995943069458008,0.3995943069458008,0.39936748147010803,0.00028688843080002137
992,1.0601781606674194,0.3995943069458008,0.3995943069458008,0.39936748147010803,0.00028688843080002137
993,1.0601781606674194,0.3995943069458008,0.3995943069458008,0.39936748147010803,0.0002868793039362305
994,1.0601781606674194,0.3995943069458008,0.3995943069458008,0.39936748147010803,0.0002868424467806672
995,1.0601781606674194,0.3995943069458008,0.3995943069458008,0.39936748147010803,0.00028682884707762786
996,1.0601781606674194,0.3995943069458008,0.3995943069458008,0.39936748147010803,0.00028682884707762786
997,1.0601779222488403,0.3995943069458008,0.3995943069458008,0.39936748147010803,0.00028678322514910664
998,1.0601780414581299,0.3995943069458008,0.3995943069458008,0.39936748147010803,0.00028678230842452384
999,1.0601780414581299,0.3995943069458008,0.3995943069458008,0.39936748147010803,0.0002867652369908179
1000,1.0601780414581299,0.3995943069458008,0.3995943069458008,0.39936748147010803,0.00028675687434294157
1001,1.0601781606674194,0.3995943069458008,0.3995943069458008,0.39936748147010803,0.0002867188614859519
1002,1.0601781606674194,0.3995943069458008,0.3995943069458008,0.39936748147010803,0.00028670936987556676
1003,1.0601781606674194,0.3995943069458008,0.3995943069458008,0.39936748147010803,0.00028666372893250115
1004,1.0601781606674194,0.3995943069458008,0.3995943069458008,0.39936748147010803,0.00028664981090271784
1005,1.0601781606674194,0.3995943069458008,0.3995943069458008,0.39936748147010803,0.00028659186348824894
1006,1.0601781606674194,0.3995943069458008,0.3995943069458008,0.39936748147010803,0.00028661485792857197
1007,1.0601781606674194,0.3995943069458008,0.3995943069458008,0.39936748147010803,0.00028654191395124804
1008,1.0601781606674194,0.3995943069458008,0.3995943069458008,0.39936748147010803,0.00028653050702791554
1009,1.0601781606674194,0.3995943069458008,0.3995943069458008,0.39936748147010803,0.0002864837586959097
1010,1.0601781606674194,0.3995943069458008,0.3995943069458008,0.39936748147010803,0.00028645793844258823
1011,1.0601781606674194,0.3995943069458008,0.3995943069458008,0.39936748147010803,0.000286419538603215
1012,1.0601781606674194,0.3995943069458008,0.3995943069458008,0.39936748147010803,0.00028642765062607105
1013,1.0601781606674194,0.3995943069458008,0.3995943069458008,0.39936748147010803,0.00028639427078444227
1014,1.0601781606674194,0.3995943069458008,0.3995943069458008,0.39936748147010803,0.0002863877084776495
1015,1.0601781606674194,0.3995943069458008,0.3995943069458008,0.39936748147010803,0.0002863496962415979
1016,1.0601781606674194,0.3995943069458008,0.3995943069458008,0.39936748147010803,0.00028634969624159767
1017,1.0601781606674194,0.3995943069458008,0.3995943069458008,0.39936748147010803,0.0002863496962415979
1018,1.0601781606674194,0.3995943069458008,0.3995943069458008,0.39936748147010803,0.0002863048541732831
1019,1.0601781606674194,0.3995943069458008,0.3995943069458008,0.39936748147010803,0.0002863048541732834
1020,1.0601781606674194,0.3995943069458008,0.3995943069458008,0.39936748147010803,0.00028626266097793663
1021,1.0601781606674194,0.3995943069458008,0.3995943069458008,0.39936748147010803,0.0002862626609779365
1022,1.0601781606674194,0.3995943069458008,0.3995943069458008,0.39936748147010803,0.00028619446859131764
1023,1.0601781606674194,0.3995943069458008,0.3995943069458008,0.39936748147010803,0.00028617983254137906
1024,1.0601781606674194,0.3995943069458008,0.3995943069458008,0.39936748147010803,0.00028614107256596583
1025,1.0601781606674194,0.3995943069458008,0.3995943069458008,0.39936748147010803,0.00028614107256596583
1026,1.0601781606674194,0.3995943069458008,0.3995943069458008,0.39936748147010803,0.0002861308168062363
1027,1.0601781606674194,0.3995943069458008,0.3995943069458008,0.39936748147010803,0.0002861026798682806
1028,1.0601781606674194,0.3995943069458008,0.3995943069458008,0.39936748147010803,0.0002861026798682802
1029,1.0601781606674194,0.3995943069458008,0.3995943069458008,0.39936748147010803,0.00028608558029781967
1030,1.0601781606674194,0.3995943069458008,0.3995943069458008,0.39936748147010803,0.00028608558029781967
1031,1.0601781606674194,0.3995943069458008,0.3995943069458008,0.39936748147010803,0.000286038448739882
1032,1.0601779222488403,0.3995943069458008,0.3995943069458008,0.39936748147010803,0.0002860052222238897
1033,1.0601781606674194,0.3995943069458008,0.3995943069458008,0.39936748147010803,0.0002859740044136651
1034,1.0601781606674194,0.3995943069458008,0.3995943069458008,0.39936748147010803,0.0002859667864404748
1035,1.0601781606674194,0.3995943069458008,0.3995943069458008,0.39936748147010803,0.0002859352413869811
1036,1.0601781606674194,0.3995943069458008,0.3995943069458008,0.39936748147010803,0.0002859105644922883
1037,1.0601781606674194,0.3995943069458008,0.3995943069458008,0.39936748147010803,0.00028587256337647975
1038,1.0601781606674194,0.3995943069458008,0.3995943069458008,0.39936748147010803,0.0002858649575759445
1039,1.0601781606674194,0.3995943069458008,0.3995943069458008,0.39936748147010803,0.00028585720243370715
1040,1.0601781606674194,0.3995943069458008,0.3995943069458008,0.39936748147010803,0.0002858195671209139
1041,1.0601780414581299,0.3995943069458008,0.3995943069458008,0.39936748147010803,0.0002857832321621063
1042,1.0601780414581299,0.3995943069458008,0.3995943069458008,0.39936748147010803,0.0002857832321621063
1043,1.0601780414581299,0.3995943069458008,0.3995943069458008,0.39936748147010803,0.0002857722052106435
1044,1.0601781606674194,0.3995943069458008,0.3995943069458008,0.39936748147010803,0.000285750435988558
1045,1.0601781606674194,0.3995943069458008,0.3995943069458008,0.39936748147010803,0.0002857193519859252
1046,1.0601781606674194,0.3995943069458008,0.3995943069458008,0.39936748147010803,0.00028569910826517963
1047,1.0601781606674194,0.3995943069458008,0.3995943069458008,0.39936748147010803,0.00028564453757821745
1048,1.0601781606674194,0.3995943069458008,0.3995943069458008,0.39936748147010803,0.000285638082425077
1049,1.0601781606674194,0.3995943069458008,0.3995943069458008,0.39936748147010803,0.00028559779350034167
1050,1.0601781606674194,0.3995943069458008,0.3995943069458008,0.39936748147010803,0.00028559108849352785
1051,1.0601781606674194,0.3995943069458008,0.3995943069458008,0.39936748147010803,0.00028558500533630994
1052,1.0601781606674194,0.3995943069458008,0.3995943069458008,0.39936748147010803,0.00028554553008571946
1053,1.0601781606674194,0.3995943069458008,0.3995943069458008,0.39936748147010803,0.0002855367833336051
1054,1.0601781606674194,0.3995943069458008,0.3995943069458008,0.39936748147010803,0.0002855367833336051
1055,1.0601781606674194,0.3995943069458008,0.3995943069458008,0.39936748147010803,0.0002854980107196123
1056,1.0601781606674194,0.3995943069458008,0.3995943069458008,0.39936748147010803,0.0002854900340570921
1057,1.0601781606674194,0.3995943069458008,0.3995943069458008,0.39936748147010803,0.0002854505083348633
1058,1.0601781606674194,0.3995943069458008,0.3995943069458008,0.39936748147010803,0.0002854374024083465
1059,1.0601781606674194,0.3995943069458008,0.3995943069458008,0.39936748147010803,0.00028540659551053524
1060,1.0601781606674194,0.3995943069458008,0.3995943069458008,0.39936748147010803,0.000285412931422946
1061,1.060178279876709,0.3995943069458008,0.3995943069458008,0.39936748147010803,0.00028537150271390656
1062,1.0601780414581299,0.3995943069458008,0.3995943069458008,0.39936748147010803,0.0002853583931588234
1063,1.0601780414581299,0.3995943069458008,0.3995943069458008,0.39936748147010803,0.0002853583931588234
1064,1.0601781606674194,0.3995943069458008,0.3995943069458008,0.39936748147010803,0.000285317604024291
1065,1.0601780414581299,0.3995943069458008,0.3995943069458008,0.39936748147010803,0.0002852937703108844
1066,1.0601781606674194,0.3995943069458008,0.3995943069458008,0.39936748147010803,0.00028528654758037974
1067,1.0601781606674194,0.3995943069458008,0.3995943069458008,0.39936748147010803,0.0002852576548295639
1068,1.0601781606674194,0.3995943069458008,0.3995943069458008,0.39936748147010803,0.00028524816441690933
1069,1.0601781606674194,0.3995943069458008,0.3995943069458008,0.39936748147010803,0.0002852241380631088
1070,1.0601781606674194,0.3995943069458008,0.3995943069458008,0.39936748147010803,0.0002851827068432656
1071,1.0601781606674194,0.3995943069458008,0.3995943069458008,0.39936748147010803,0.00028516180209724076
1072,1.0601780414581299,0.3995943069458008,0.3995943069458008,0.39936748147010803,0.0002851022936671783
1073,1.0601780414581299,0.3995943069458008,0.3995943069458008,0.39936748147010803,0.00028507759451991876
1074,1.0601781606674194,0.3995943069458008,0.3995943069458008,0.39936748147010803,0.00028504794524005867
1075,1.0601781606674194,0.3995943069458008,0.3995943069458008,0.39936748147010803,0.00028503848523702037
1076,1.0601781606674194,0.3995943069458008,0.3995943069458008,0.39936748147010803,0.0002850145035326782
1077,1.060178279876709,0.3995943069458008,0.3995943069458008,0.39936748147010803,0.0002850145035326782
1078,1.0601781606674194,0.3995943069458008,0.3995943069458008,0.39936748147010803,0.0002849836509192571
1079,1.060178279876709,0.3995943069458008,0.3995943069458008,0.39936748147010803,0.00028495780694754916
1080,1.060178279876709,0.3995943069458008,0.3995943069458008,0.39936748147010803,0.00028494607478119996
1081,1.0601781606674194,0.3995943069458008,0.3995943069458008,0.39936748147010803,0.0002848999518382153
1082,1.0601781606674194,0.3995943069458008,0.3995943069458008,0.39936748147010803,0.0002848798120124255
1083,1.060178279876709,0.3995943069458008,0.3995943069458008,0.39936748147010803,0.00028491035166141937
1084,1.060178279876709,0.3995943069458008,0.3995943069458008,0.39936748147010803,0.00028488750646687636
1085,1.0601779222488403,0.3995943069458008,0.3995943069458008,0.39936748147010803,0.00028481665226614823
1086,1.060178279876709,0.3995943069458008,0.3995943069458008,0.39936748147010803,0.00028479219031611055
1087,1.060178279876709,0.3995943069458008,0.3995943069458008,0.39936748147010803,0.0002847712818540458
1088,1.060178279876709,0.3995943069458008,0.3995943069458008,0.39936748147010803,0.0002847712818540458
1089,1.060178279876709,0.3995943069458008,0.3995943069458008,0.39936748147010803,0.0002847629230297842
1090,1.0601781606674194,0.3995943069458008,0.3995943069458008,0.39936748147010803,0.00028473835664693945
1091,1.0601781606674194,0.3995943069458008,0.3995943069458008,0.39936748147010803,0.000284722772301813
1092,1.0601781606674194,0.3995943069458008,0.3995943069458008,0.39936748147010803,0.00028470148437996945
1093,1.0601781606674194,0.3995943069458008,0.3995943069458008,0.39936748147010803,0.0002846611502592832
1094,1.0601780414581299,0.3995943069458008,0.3995943069458008,0.39936748147010803,0.0002846282996859817
1095,1.0601780414581299,0.3995943069458008,0.3995943069458008,0.39936748147010803,0.0002846282996859817
1096,1.0601781606674194,0.3995943069458008,0.3995943069458008,0.39936748147010803,0.0002845823124998242
1097,1.0601781606674194,0.3995943069458008,0.3995943069458008,0.39936748147010803,0.0002845823124998242
1098,1.0601781606674194,0.3995943069458008,0.3995943069458008,0.39936748147010803,0.0002845609391608613
1099,1.0601781606674194,0.3995943069458008,0.3995943069458008,0.39936748147010803,0.0002845130430696766
1100,1.0601781606674194,0.3995943069458008,0.3995943069458008,0.39936748147010803,0.00028453442000644463
1101,1.060178279876709,0.3995943069458008,0.3995943069458008,0.39936748147010803,0.0002845051636650994
1102,1.0601780414581299,0.3995943069458008,0.3995943069458008,0.39936748147010803,0.0002844610924168014
1103,1.0601780414581299,0.3995943069458008,0.3995943069458008,0.39936748147010803,0.0002844610924168014
1104,1.0601780414581299,0.3995943069458008,0.3995943069458008,0.39936748147010803,0.0002844375366630846
1105,1.0601780414581299,0.3995943069458008,0.3995943069458008,0.39936748147010803,0.0002843949664929548
1106,1.0601780414581299,0.3995943069458008,0.3995943069458008,0.39936748147010803,0.0002843687067140532
1107,1.0601780414581299,0.3995943069458008,0.3995943069458008,0.39936748147010803,0.0002843462927867069
1108,1.0601780414581299,0.3995943069458008,0.3995943069458008,0.39936748147010803,0.0002843076202353217
1109,1.0601780414581299,0.3995943069458008,0.3995943069458008,0.39936748147010803,0.0002842962111402373
1110,1.0601780414581299,0.3995943069458008,0.3995943069458008,0.39936748147010803,0.0002842848140842987
1111,1.0601780414581299,0.3995943069458008,0.3995943069458008,0.39936748147010803,0.0002842848140842987
1112,1.0601781606674194,0.3995943069458008,0.3995943069458008,0.39936748147010803,0.00028423805887881987
1113,1.0601781606674194,0.3995943069458008,0.3995943069458008,0.39936748147010803,0.00028423805887881987
1114,1.0601781606674194,0.3995943069458008,0.3995943069458008,0.39936748147010803,0.00028421220961004465
1115,1.0601781606674194,0.3995943069458008,0.3995943069458008,0.39936748147010803,0.00028415860363345427
1116,1.0601781606674194,0.3995943069458008,0.3995943069458008,0.39936748147010803,0.00028415860363345427
1117,1.0601781606674194,0.3995943069458008,0.3995943069458008,0.39936748147010803,0.00028415860363345427
1118,1.0601780414581299,0.3995943069458008,0.3995943069458008,0.39936748147010803,0.000284138048660046
1119,1.0601780414581299,0.3995943069458008,0.3995943069458008,0.39936748147010803,0.0002840671576030014
1120,1.0601780414581299,0.3995943069458008,0.3995943069458008,0.39936748147010803,0.0002840671576030014
1121,1.0601781606674194,0.3995943069458008,0.3995943069458008,0.39936748147010803,0.00028408255280767535
1122,1.0601781606674194,0.3995943069458008,0.3995943069458008,0.39936748147010803,0.00028404683365457943
1123,1.0601781606674194,0.3995943069458008,0.3995943069458008,0.39936748147010803,0.00028404683365457943
1124,1.0601781606674194,0.3995943069458008,0.3995943069458008,0.39936748147010803,0.0002839964490056098
1125,1.0601781606674194,0.3995943069458008,0.3995943069458008,0.39936748147010803,0.00028396469758257335
1126,1.0601781606674194,0.3995943069458008,0.3995943069458008,0.39936748147010803,0.00028395634003784356
1127,1.0601781606674194,0.3995943069458008,0.3995943069458008,0.39936748147010803,0.0002839242963330624
1128,1.0601781606674194,0.3995943069458008,0.3995943069458008,0.39936748147010803,0.00028391859039758133
1129,1.0601781606674194,0.3995943069458008,0.3995943069458008,0.39936748147010803,0.00028388362652557547
1130,1.0601781606674194,0.3995943069458008,0.3995943069458008,0.39936748147010803,0.00028387754432433824
1131,1.0601781606674194,0.3995943069458008,0.3995943069458008,0.39936748147010803,0.00028385456594352696
1132,1.0601781606674194,0.3995943069458008,0.3995943069458008,0.39936748147010803,0.00028385456594352696
1133,1.0601781606674194,0.3995943069458008,0.3995943069458008,0.39936748147010803,0.0002837999034631926
1134,1.0601781606674194,0.3995943069458008,0.3995943069458008,0.39936748147010803,0.0002837896382098617
1135,1.0601781606674194,0.3995943069458008,0.3995943069458008,0.39936748147010803,0.0002837611314066656
1136,1.0601781606674194,0.3995943069458008,0.3995943069458008,0.39936748147010803,0.0002837527803866306
1137,1.0601781606674194,0.3995943069458008,0.3995943069458008,0.39936748147010803,0.00028371401441247893
1138,1.060178279876709,0.3995943069458008,0.3995943069458008,0.39936748147010803,0.0002837052738067248
1139,1.0601779222488403,0.3995943069458008,0.3995943069458008,0.39936748147010803,0.0002836682672557982
1140,1.0601781606674194,0.3995943069458008,0.3995943069458008,0.39936748147010803,0.0002836226505085068
1141,1.0601781606674194,0.3995943069458008,0.3995943069458008,0.39936748147010803,0.0002836226505085068
1142,1.0601781606674194,0.3995943069458008,0.3995943069458008,0.39936748147010803,0.00028357400710756446
1143,1.0601780414581299,0.3995943069458008,0.3995943069458008,0.39936748147010803,0.0002835489117172622
1144,1.0601780414581299,0.3995943069458008,0.3995943069458008,0.39936748147010803,0.0002835489117172622
1145,1.0601781606674194,0.3995943069458008,0.3995943069458008,0.39936748147010803,0.0002835424464441387
1146,1.0601781606674194,0.3995943069458008,0.3995943069458008,0.39936748147010803,0.0002835135639179684
1147,1.0601779222488403,0.3995943069458008,0.3995943069458008,0.39936748147010803,0.0002834519171363918
1148,1.0601779222488403,0.3995943069458008,0.3995943069458008,0.39936748147010803,0.0002834435570060614
1149,1.0601781606674194,0.3995943069458008,0.3995943069458008,0.39936748147010803,0.0002834272120509499
1150,1.0601780414581299,0.3995943069458008,0.3995943069458008,0.39936748147010803,0.00028340135150407337
1151,1.0601780414581299,0.3995943069458008,0.3995943069458008,0.39936748147010803,0.00028340135150407337
1152,1.0601781606674194,0.3995943069458008,0.3995943069458008,0.39936748147010803,0.0002833694205641384
1153,1.0601781606674194,0.3995943069458008,0.3995943069458008,0.39936748147010803,0.0002833610705376365
1154,1.0601781606674194,0.3995943069458008,0.3995943069458008,0.39936748147010803,0.00028335431260330174
1155,1.0601781606674194,0.3995943069458008,0.3995943069458008,0.39936748147010803,0.00028335431260330174
1156,1.0601781606674194,0.3995943069458008,0.3995943069458008,0.39936748147010803,0.0002833155422660394
1157,1.0601781606674194,0.3995943069458008,0.3995943069458008,0.39936748147010803,0.0002833086578449035
1158,1.0601781606674194,0.3995943069458008,0.3995943069458008,0.39936748147010803,0.0002833086578449035
1159,1.0601781606674194,0.3995943069458008,0.3995943069458008,0.39936748147010803,0.0002832698812590052
1160,1.0601781606674194,0.3995943069458008,0.3995943069458008,0.39936748147010803,0.0002832619045630589
1161,1.0601781606674194,0.3995943069458008,0.3995943069458008,0.39936748147010803,0.0002832295941384274
1162,1.0601781606674194,0.3995943069458008,0.3995943069458008,0.39936748147010803,0.0002832223814868586
1163,1.0601781606674194,0.3995943069458008,0.3995943069458008,0.39936748147010803,0.0002831839318185914
1164,1.0601781606674194,0.3995943069458008,0.3995943069458008,0.39936748147010803,0.00028316149938881387
1165,1.0601781606674194,0.3995943069458008,0.3995943069458008,0.39936748147010803,0.0002830893598040068
1166,1.0601781606674194,0.3995943069458008,0.3995943069458008,0.39936748147010803,0.0002830893598040068
1167,1.0601781606674194,0.3995943069458008,0.3995943069458008,0.39936748147010803,0.00028304982518642533
1168,1.0601781606674194,0.3995943069458008,0.3995943069458008,0.39936748147010803,0.0002830425954020136
1169,1.0601781606674194,0.3995943069458008,0.3995943069458008,0.39936748147010803,0.0002830028785008176
1170,1.0601781606674194,0.3995943069458008,0.3995943069458008,0.39936748147010803,0.00028297915114375944
1171,1.0601781606674194,0.3995943069458008,0.3995943069458008,0.39936748147010803,0.0002829711913624741
1172,1.0601781606674194,0.3995943069458008,0.3995943069458008,0.39936748147010803,0.00028295650158829987
1173,1.0601781606674194,0.3995943069458008,0.3995943069458008,0.39936748147010803,0.00028292305125706687
1174,1.0601781606674194,0.3995943069458008,0.3995943069458008,0.39936748147010803,0.00028292305125706687
1175,1.0601781606674194,0.3995943069458008,0.3995943069458008,0.39936748147010803,0.00028290215534966474
1176,1.0601781606674194,0.3995943069458008,0.3995943069458008,0.39936748147010803,0.0002829021553496648
1177,1.0601781606674194,0.3995943069458008,0.3995943069458008,0.39936748147010803,0.00028284420633921056
1178,1.0601781606674194,0.3995943069458008,0.3995943069458008,0.39936748147010803,0.000282837373250381
1179,1.0601781606674194,0.3995943069458008,0.3995943069458008,0.39936748147010803,0.00028283737325038115
1180,1.0601781606674194,0.3995943069458008,0.3995943069458008,0.39936748147010803,0.0002827980169719441
1181,1.0601781606674194,0.3995943069458008,0.3995943069458008,0.39936748147010803,0.0002827761318584138
1182,1.0601779222488403,0.3995943069458008,0.3995943069458008,0.39936748147010803,0.0002827450224330717
1183,1.0601779222488403,0.3995943069458008,0.3995943069458008,0.39936748147010803,0.00028270663350917706
1184,1.0601779222488403,0.3995943069458008,0.3995943069458008,0.39936748147010803,0.00028269028364820024
1185,1.0601779222488403,0.3995943069458008,0.3995943069458008,0.39936748147010803,0.0002826902836482076
1186,1.0601779222488403,0.3995943069458008,0.3995943069458008,0.39936748147010803,0.0002826507686271058
1187,1.0601779222488403,0.3995943069458008,0.3995943069458008,0.39936748147010803,0.00028265076862709504
1188,1.0601780414581299,0.3995943069458008,0.3995943069458008,0.39936748147010803,0.0002826192305704793
1189,1.0601781606674194,0.3995943069458008,0.3995943069458008,0.39936748147010803,0.00028258768899406633
1190,1.0601781606674194,0.3995943069458008,0.3995943069458008,0.39936748147010803,0.00028259489270134215
1191,1.0601779222488403,0.3995943069458008,0.3995943069458008,0.39936748147010803,0.0002825356232341673
1192,1.0601780414581299,0.3995943069458008,0.3995943069458008,0.39936748147010803,0.00028252688389656977
1193,1.0601780414581299,0.3995943069458008,0.3995943069458008,0.39936748147010803,0.0002825195275539439
1194,1.0601780414581299,0.3995943069458008,0.3995943069458008,0.39936748147010803,0.00028250361959396953
1195,1.0601780414581299,0.3995943069458008,0.3995943069458008,0.39936748147010803,0.000282472907780707
1196,1.0601781606674194,0.3995943069458008,0.3995943069458008,0.39936748147010803,0.00028243604164926445
1197,1.0601781606674194,0.3995943069458008,0.3995943069458008,0.39936748147010803,0.0002824284439364737
1198,1.0601781606674194,0.3995943069458008,0.3995943069458008,0.39936748147010803,0.00028243049433274376
1199,1.0601780414581299,0.3995943069458008,0.3995943069458008,0.39936748147010803,0.00028239171038912334
1200,1.0601781606674194,0.3995943069458008,0.3995943069458008,0.39936748147010803,0.000282367000616509
1201,1.0601781606674194,0.3995943069458008,0.3995943069458008,0.39936748147010803,0.00028235445618246454
1202,1.0601780414581299,0.3995943069458008,0.3995943069458008,0.39936748147010803,0.00028230078688945884
1203,1.0601780414581299,0.3995943069458008,0.3995943069458008,0.39936748147010803,0.00028230078688945884
1204,1.0601781606674194,0.3995943069458008,0.3995943069458008,0.39936748147010803,0.00028226695677969566
1205,1.0601781606674194,0.3995943069458008,0.3995943069458008,0.39936748147010803,0.000282260487316253
1206,1.0601781606674194,0.3995943069458008,0.3995943069458008,0.39936748147010803,0.00028226048731625365
1207,1.0601781606674194,0.3995943069458008,0.3995943069458008,0.39936748147010803,0.0002822441493730179
1208,1.0601781606674194,0.3995943069458008,0.3995943069458008,0.39936748147010803,0.00028221489479139715
1209,1.0601781606674194,0.3995943069458008,0.3995943069458008,0.39936748147010803,0.0002822003922566445
1210,1.0601781606674194,0.3995943069458008,0.3995943069458008,0.39936748147010803,0.00028217682404795404
1211,1.0601781606674194,0.3995943069458008,0.3995943069458008,0.39936748147010803,0.0002821658450222744
1212,1.0601781606674194,0.3995943069458008,0.3995943069458008,0.39936748147010803,0.0002821487461017372
1213,1.0601781606674194,0.3995943069458008,0.3995943069458008,0.39936748147010803,0.00028212665951164105
1214,1.0601781606674194,0.3995943069458008,0.3995943069458008,0.39936748147010803,0.0002820860579847868
1215,1.060178279876709,0.3995943069458008,0.3995943069458008,0.39936748147010803,0.00028204936801826683
1216,1.0601781606674194,0.3995943069458008,0.3995943069458008,0.39936748147010803,0.00028201712023469115
1217,1.0601781606674194,0.3995943069458008,0.3995943069458008,0.39936748147010803,0.0002819939398624202
1218,1.0601781606674194,0.3995943069458008,0.3995943069458008,0.39936748147010803,0.00028197722109600797
1219,1.0601781606674194,0.3995943069458008,0.3995943069458008,0.39936748147010803,0.0002819540374434967
1220,1.0601781606674194,0.3995943069458008,0.3995943069458008,0.39936748147010803,0.0002819304738433397
1221,1.0601781606674194,0.3995943069458008,0.3995943069458008,0.39936748147010803,0.00028190237136023293
1222,1.0601781606674194,0.3995943069458008,0.3995943069458008,0.39936748147010803,0.00028190237136023277
1223,1.0601781606674194,0.3995943069458008,0.3995943069458008,0.39936748147010803,0.00028186535498065973
1224,1.0601779222488403,0.3995943069458008,0.3995943069458008,0.39936748147010803,0.00028184787228330874
1225,1.0601779222488403,0.3995943069458008,0.3995943069458008,0.39936748147010803,0.00028183261972938053
1226,1.0601780414581299,0.3995943069458008,0.3995943069458008,0.39936748147010803,0.0002818301994135351
1227,1.0601781606674194,0.3995943069458008,0.3995943069458008,0.39936748147010803,0.00028179979242484623
1228,1.0601781606674194,0.3995943069458008,0.3995943069458008,0.39936748147010803,0.00028179311051583023
1229,1.0601779222488403,0.3995943069458008,0.3995943069458008,0.39936748147010803,0.0002817759385435986
1230,1.0601781606674194,0.3995943069458008,0.3995943069458008,0.39936748147010803,0.0002817284264887773
1231,1.0601781606674194,0.3995943069458008,0.3995943069458008,0.39936748147010803,0.00028172971274864297
1232,1.0601781606674194,0.3995943069458008,0.3995943069458008,0.39936748147010803,0.0002816824703714296
1233,1.0601779222488403,0.3995943069458008,0.3995943069458008,0.39936748147010803,0.0002816757604537477
1234,1.0601781606674194,0.3995943069458008,0.3995943069458008,0.39936748147010803,0.0002816414263810096
1235,1.0601781606674194,0.3995943069458008,0.3995943069458008,0.39936748147010803,0.00028162977051272696
1236,1.0601781606674194,0.3995943069458008,0.3995943069458008,0.39936748147010803,0.00028161490984254366
1237,1.0601781606674194,0.3995943069458008,0.3995943069458008,0.39936748147010803,0.0002815890721075582
1238,1.0601781606674194,0.3995943069458008,0.3995943069458008,0.39936748147010803,0.00028157044930108665
1239,1.0601781606674194,0.3995943069458008,0.3995943069458008,0.39936748147010803,0.00028154194493754385
1240,1.0601781606674194,0.3995943069458008,0.3995943069458008,0.39936748147010803,0.00028152636032248977
1241,1.0601781606674194,0.3995943069458008,0.3995943069458008,0.39936748147010803,0.0002814785789513165
1242,1.0601781606674194,0.3995943069458008,0.3995943069458008,0.39936748147010803,0.0002814550134134687
1243,1.0601781606674194,0.3995943069458008,0.3995943069458008,0.39936748147010803,0.00028143828787911395
1244,1.0601781606674194,0.3995943069458008,0.3995943069458008,0.39936748147010803,0.00028143828787911395
1245,1.0601780414581299,0.3995943069458008,0.3995943069458008,0.39936748147010803,0.00028139071881290537
1246,1.0601780414581299,0.3995943069458008,0.3995943069458008,0.39936748147010803,0.000281377486921347
1247,1.0601781606674194,0.3995943069458008,0.3995943069458008,0.39936748147010803,0.00028135425385061234
1248,1.0601781606674194,0.3995943069458008,0.3995943069458008,0.39936748147010803,0.0002813398584855106
1249,1.0601781606674194,0.3995943069458008,0.3995943069458008,0.39936748147010803,0.0002813398584855107
1250,1.0601781606674194,0.3995943069458008,0.3995943069458008,0.39936748147010803,0.00028133187757976727
1251,1.0601781606674194,0.3995943069458008,0.3995943069458008,0.39936748147010803,0.00028131583931555117
1252,1.0601781606674194,0.3995943069458008,0.3995943069458008,0.39936748147010803,0.00028129914339515197
1253,1.0601781606674194,0.3995943069458008,0.3995943069458008,0.39936748147010803,0.000281273289284719
1254,1.0601781606674194,0.3995943069458008,0.3995943069458008,0.39936748147010803,0.0002812871323282122
1255,1.0601781606674194,0.3995943069458008,0.3995943069458008,0.39936748147010803,0.0002812324003323385
1256,1.0601781606674194,0.3995943069458008,0.3995943069458008,0.39936748147010803,0.0002812376554703681
1257,1.0601781606674194,0.3995943069458008,0.3995943069458008,0.39936748147010803,0.0002811977973440692
1258,1.0601781606674194,0.3995943069458008,0.3995943069458008,0.39936748147010803,0.0002811954600044159
1259,1.0601781606674194,0.3995943069458008,0.3995943069458008,0.39936748147010803,0.0002811635312627909
1260,1.0601780414581299,0.3995943069458008,0.3995943069458008,0.39936748147010803,0.0002811193784657595
1261,1.0601781606674194,0.3995943069458008,0.3995943069458008,0.39936748147010803,0.0002811032143312925
1262,1.0601781606674194,0.3995943069458008,0.3995943069458008,0.39936748147010803,0.0002810644368401158
1263,1.0601781606674194,0.3995943069458008,0.3995943069458008,0.39936748147010803,0.0002810557149594626
1264,1.0601781606674194,0.3995943069458008,0.3995943069458008,0.39936748147010803,0.00028103480662459805
1265,1.0601781606674194,0.3995943069458008,0.3995943069458008,0.39936748147010803,0.00028100174704436464
1266,1.0601781606674194,0.3995943069458008,0.3995943069458008,0.39936748147010803,0.00028096944224432384
1267,1.0601781606674194,0.3995943069458008,0.3995943069458008,0.39936748147010803,0.0002809572779871851
1268,1.0601781606674194,0.3995943069458008,0.3995943069458008,0.39936748147010803,0.000280925840679631
1269,1.0601781606674194,0.3995943069458008,0.3995943069458008,0.39936748147010803,0.00028091519216966946
1270,1.0601781606674194,0.3995943069458008,0.3995943069458008,0.39936748147010803,0.00028087666699103196
1271,1.0601781606674194,0.3995943069458008,0.3995943069458008,0.39936748147010803,0.00028087666699103196
1272,1.0601781606674194,0.3995943069458008,0.3995943069458008,0.39936748147010803,0.0002808430701386974
1273,1.0601781606674194,0.3995943069458008,0.3995943069458008,0.39936748147010803,0.0002807887197324726
1274,1.0601781606674194,0.3995943069458008,0.3995943069458008,0.39936748147010803,0.0002807887197324726
1275,1.0601781606674194,0.3995943069458008,0.3995943069458008,0.39936748147010803,0.0002807887197324726
1276,1.0601781606674194,0.3995943069458008,0.3995943069458008,0.39936748147010803,0.00028078035622442973
1277,1.0601781606674194,0.3995943069458008,0.3995943069458008,0.39936748147010803,0.00028077504191439
1278,1.0601781606674194,0.3995943069458008,0.3995943069458008,0.39936748147010803,0.00028077504191439
1279,1.0601781606674194,0.3995943069458008,0.3995943069458008,0.39936748147010803,0.00028071147750031566
1280,1.0601781606674194,0.3995943069458008,0.3995943069458008,0.39936748147010803,0.00028069361916938665
1281,1.0601781606674194,0.3995943069458008,0.3995943069458008,0.39936748147010803,0.00028069361916938665
1282,1.0601781606674194,0.3995943069458008,0.3995943069458008,0.39936748147010803,0.00028066587385295135
1283,1.0601780414581299,0.3995943069458008,0.3995943069458008,0.39936748147010803,0.00028065205080128364
1284,1.0601781606674194,0.3995943069458008,0.3995943069458008,0.39936748147010803,0.00028064330344524914
1285,1.0601781606674194,0.3995943069458008,0.3995943069458008,0.39936748147010803,0.00028064330344524914
1286,1.0601781606674194,0.3995943069458008,0.3995943069458008,0.39936748147010803,0.00028061061554264993
1287,1.0601781606674194,0.3995943069458008,0.3995943069458008,0.39936748147010803,0.0002806037787066521
1288,1.0601781606674194,0.3995943069458008,0.3995943069458008,0.39936748147010803,0.00028055497911713413
1289,1.0601781606674194,0.3995943069458008,0.3995943069458008,0.39936748147010803,0.0002805067029828849
1290,1.0601781606674194,0.3995943069458008,0.3995943069458008,0.39936748147010803,0.0002805076655473208
1291,1.0601781606674194,0.3995943069458008,0.3995943069458008,0.39936748147010803,0.00028045241406818685
1292,1.0601781606674194,0.3995943069458008,0.3995943069458008,0.39936748147010803,0.00028045241406818685
1293,1.0601781606674194,0.3995943069458008,0.3995943069458008,0.39936748147010803,0.00028042317527325085
1294,1.0601781606674194,0.3995943069458008,0.3995943069458008,0.39936748147010803,0.0002803768024751755
1295,1.0601781606674194,0.3995943069458008,0.3995943069458008,0.39936748147010803,0.0002803768024751755
1296,1.0601781606674194,0.3995943069458008,0.3995943069458008,0.39936748147010803,0.0002803699599376339
1297,1.0601781606674194,0.3995943069458008,0.3995943069458008,0.39936748147010803,0.00028035216855844074
1298,1.0601781606674194,0.3995943069458008,0.3995943069458008,0.39936748147010803,0.00028035216855844074
1299,1.0601781606674194,0.3995943069458008,0.3995943069458008,0.39936748147010803,0.000280302450620569
1300,1.0601781606674194,0.3995943069458008,0.3995943069458008,0.39936748147010803,0.0002802644370005782
1301,1.0601781606674194,0.3995943069458008,0.3995943069458008,0.39936748147010803,0.0002802644370005782
1302,1.0601781606674194,0.3995943069458008,0.3995943069458008,0.39936748147010803,0.00028025608320003046
1303,1.0601780414581299,0.3995943069458008,0.3995943069458008,0.39936748147010803,0.00028021874792214435
1304,1.0601780414581299,0.3995943069458008,0.3995943069458008,0.39936748147010803,0.0002802115211647452
1305,1.0601780414581299,0.3995943069458008,0.3995943069458008,0.39936748147010803,0.0002802115211647452
1306,1.0601781606674194,0.3995943069458008,0.3995943069458008,0.39936748147010803,0.0002801643905280831
1307,1.0601781606674194,0.3995943069458008,0.3995943069458008,0.39936748147010803,0.000280172011596116
1308,1.0601779222488403,0.3995943069458008,0.3995943069458008,0.39936748147010803,0.0002801074605514176
1309,1.0601779222488403,0.3995943069458008,0.3995943069458008,0.39936748147010803,0.0002801074605514176
1310,1.0601781606674194,0.3995943069458008,0.3995943069458008,0.39936748147010803,0.00028007020694178575
1311,1.0601781606674194,0.3995943069458008,0.3995943069458008,0.39936748147010803,0.00028007020694178575
1312,1.0601781606674194,0.3995943069458008,0.3995943069458008,0.39936748147010803,0.0002800519778850023
1313,1.0601781606674194,0.3995943069458008,0.3995943069458008,0.39936748147010803,0.0002800219360430876
1314,1.0601781606674194,0.3995943069458008,0.3995943069458008,0.39936748147010803,0.0002800157699623777
1315,1.0601781606674194,0.3995943069458008,0.3995943069458008,0.39936748147010803,0.0002800012677188328
1316,1.0601781606674194,0.3995943069458008,0.3995943069458008,0.39936748147010803,0.0002799689616834356
1317,1.0601781606674194,0.3995943069458008,0.3995943069458008,0.39936748147010803,0.0002799636446612992
1318,1.0601781606674194,0.3995943069458008,0.3995943069458008,0.39936748147010803,0.0002799636446612992
1319,1.0601781606674194,0.3995943069458008,0.3995943069458008,0.39936748147010803,0.0002799392028261627
1320,1.0601781606674194,0.3995943069458008,0.3995943069458008,0.39936748147010803,0.0002799000482950106
1321,1.0601781606674194,0.3995943069458008,0.3995943069458008,0.39936748147010803,0.0002799000482950106
1322,1.0601781606674194,0.3995943069458008,0.3995943069458008,0.39936748147010803,0.0002798829505791637
1323,1.060178279876709,0.3995943069458008,0.3995943069458008,0.39936748147010803,0.00027984265828937796
1324,1.0601781606674194,0.3995943069458008,0.3995943069458008,0.39936748147010803,0.0002798025506557131
1325,1.0601781606674194,0.3995943069458008,0.3995943069458008,0.39936748147010803,0.0002797991350835161
1326,1.0601781606674194,0.3995943069458008,0.3995943069458008,0.39936748147010803,0.0002797808883651112
1327,1.0601781606674194,0.3995943069458008,0.3995943069458008,0.39936748147010803,0.0002797577004910068
1328,1.0601780414581299,0.3995943069458008,0.3995943069458008,0.39936748147010803,0.0002797353108128904
1329,1.0601781606674194,0.3995943069458008,0.3995943069458008,0.39936748147010803,0.00027971858405861135
1330,1.0601781606674194,0.3995943069458008,0.3995943069458008,0.39936748147010803,0.0002796874139982328
1331,1.0601781606674194,0.3995943069458008,0.3995943069458008,0.39936748147010803,0.00027965636750225604
1332,1.0601781606674194,0.3995943069458008,0.3995943069458008,0.39936748147010803,0.00027965636750225604
1333,1.0601781606674194,0.3995943069458008,0.3995943069458008,0.39936748147010803,0.000279610007296107
1334,1.0601781606674194,0.3995943069458008,0.3995943069458008,0.39936748147010803,0.000279610007296107
1335,1.0601781606674194,0.3995943069458008,0.3995943069458008,0.39936748147010803,0.0002795765632082271
1336,1.0601781606674194,0.3995943069458008,0.3995943069458008,0.39936748147010803,0.00027954780470111645
1337,1.0601781606674194,0.3995943069458008,0.3995943069458008,0.39936748147010803,0.0002795082648665403
1338,1.0601781606674194,0.3995943069458008,0.3995943069458008,0.39936748147010803,0.0002795082648665403
1339,1.0601781606674194,0.3995943069458008,0.3995943069458008,0.39936748147010803,0.00027951484887224736
1340,1.0601781606674194,0.3995943069458008,0.3995943069458008,0.39936748147010803,0.0002794821561046636
1341,1.0601781606674194,0.3995943069458008,0.3995943069458008,0.39936748147010803,0.00027946074865934457
1342,1.0601781606674194,0.3995943069458008,0.3995943069458008,0.39936748147010803,0.00027945390911798487
1343,1.0601781606674194,0.3995943069458008,0.3995943069458008,0.39936748147010803,0.00027944339522146204
1344,1.0601780414581299,0.3995943069458008,0.3995943069458008,0.39936748147010803,0.00027938085033825453
1345,1.0601780414581299,0.3995943069458008,0.3995943069458008,0.39936748147010803,0.00027938085033825453
1346,1.0601780414581299,0.3995943069458008,0.3995943069458008,0.39936748147010803,0.00027938085033825453
1347,1.0601781606674194,0.3995943069458008,0.3995943069458008,0.39936748147010803,0.00027937400884085083
1348,1.0601781606674194,0.3995943069458008,0.3995943069458008,0.39936748147010803,0.0002793527202846093
1349,1.0601781606674194,0.3995943069458008,0.3995943069458008,0.39936748147010803,0.0002793527202846093
1350,1.0601781606674194,0.3995943069458008,0.3995943069458008,0.39936748147010803,0.0002793121734332307
1351,1.0601781606674194,0.3995943069458008,0.3995943069458008,0.39936748147010803,0.00027927707810329784
1352,1.0601781606674194,0.3995943069458008,0.3995943069458008,0.39936748147010803,0.00027927707810329784
1353,1.0601781606674194,0.3995943069458008,0.3995943069458008,0.39936748147010803,0.0002792561765418394
1354,1.0601781606674194,0.3995943069458008,0.3995943069458008,0.39936748147010803,0.0002792345990953995
1355,1.0601779222488403,0.3995943069458008,0.3995943069458008,0.39936748147010803,0.00027920421481675116
1356,1.0601780414581299,0.3995943069458008,0.3995943069458008,0.39936748147010803,0.00027918027914338594
1357,1.0601781606674194,0.3995943069458008,0.3995943069458008,0.39936748147010803,0.0002791482217229139
1358,1.0601781606674194,0.3995943069458008,0.3995943069458008,0.39936748147010803,0.00027917106571629513
1359,1.0601781606674194,0.3995943069458008,0.3995943069458008,0.39936748147010803,0.00027913305075116926
1360,1.0601781606674194,0.3995943069458008,0.3995943069458008,0.39936748147010803,0.00027912451035317173
1361,1.0601781606674194,0.3995943069458008,0.3995943069458008,0.39936748147010803,0.0002791089307722205
1362,1.0601781606674194,0.3995943069458008,0.3995943069458008,0.39936748147010803,0.0002790625941992773
1363,1.0601781606674194,0.3995943069458008,0.3995943069458008,0.39936748147010803,0.00027903258589087517
1364,1.0601781606674194,0.3995943069458008,0.3995943069458008,0.39936748147010803,0.0002790151039588837
1365,1.0601781606674194,0.3995943069458008,0.3995943069458008,0.39936748147010803,0.0002789896366936798
1366,1.0601781606674194,0.3995943069458008,0.3995943069458008,0.39936748147010803,0.0002789778572972516
1367,1.0601781606674194,0.3995943069458008,0.3995943069458008,0.39936748147010803,0.00027893740879429913
1368,1.0601781606674194,0.3995943069458008,0.3995943069458008,0.39936748147010803,0.00027892865861413964
1369,1.0601781606674194,0.3995943069458008,0.3995943069458008,0.39936748147010803,0.00027892865861413964
1370,1.0601781606674194,0.3995943069458008,0.3995943069458008,0.39936748147010803,0.00027888913290982246
1371,1.0601781606674194,0.3995943069458008,0.3995943069458008,0.39936748147010803,0.00027886613842274246
1372,1.0601781606674194,0.3995943069458008,0.3995943069458008,0.39936748147010803,0.00027882772511952426
1373,1.0601781606674194,0.3995943069458008,0.3995943069458008,0.39936748147010803,0.00027881024308478044
1374,1.0601781606674194,0.3995943069458008,0.3995943069458008,0.39936748147010803,0.00027881024308478044
1375,1.0601781606674194,0.3995943069458008,0.3995943069458008,0.39936748147010803,0.0002787954360143021
1376,1.0601781606674194,0.3995943069458008,0.3995943069458008,0.39936748147010803,0.00027875496104126483
1377,1.0601781606674194,0.3995943069458008,0.3995943069458008,0.39936748147010803,0.00027875649042919163
1378,1.0601781606674194,0.3995943069458008,0.3995943069458008,0.39936748147010803,0.000278722000692393
1379,1.0601781606674194,0.3995943069458008,0.3995943069458008,0.39936748147010803,0.0002787085911133529
1380,1.060178279876709,0.3995943069458008,0.3995943069458008,0.39936748147010803,0.00027870252344922876
1381,1.060178279876709,0.3995943069458008,0.3995943069458008,0.39936748147010803,0.00027870252344922876
1382,1.060178279876709,0.3995943069458008,0.3995943069458008,0.39936748147010803,0.00027870252344922876
1383,1.0601781606674194,0.3995943069458008,0.3995943069458008,0.39936748147010803,0.0002786739934592778
1384,1.0601781606674194,0.3995943069458008,0.3995943069458008,0.39936748147010803,0.00027863903450293367
1385,1.0601781606674194,0.3995943069458008,0.3995943069458008,0.39936748147010803,0.0002786325573073423
1386,1.0601781606674194,0.3995943069458008,0.3995943069458008,0.39936748147010803,0.0002786325573073423
1387,1.0601780414581299,0.3995943069458008,0.3995943069458008,0.39936748147010803,0.0002786009724463729
1388,1.0601780414581299,0.3995943069458008,0.3995943069458008,0.39936748147010803,0.0002785527530419068
1389,1.0601781606674194,0.3995943069458008,0.3995943069458008,0.39936748147010803,0.00027853369763594725
1390,1.0601781606674194,0.3995943069458008,0.3995943069458008,0.39936748147010803,0.00027853369763594725
1391,1.0601780414581299,0.3995943069458008,0.3995943069458008,0.39936748147010803,0.00027849268710290867
1392,1.0601780414581299,0.3995943069458008,0.3995943069458008,0.39936748147010803,0.00027846608761886605
1393,1.0601781606674194,0.3995943069458008,0.3995943069458008,0.39936748147010803,0.00027842959690290694
1394,1.0601780414581299,0.3995943069458008,0.3995943069458008,0.39936748147010803,0.00027837629400048156
1395,1.0601780414581299,0.3995943069458008,0.3995943069458008,0.39936748147010803,0.00027836755170763456
1396,1.0601780414581299,0.3995943069458008,0.3995943069458008,0.39936748147010803,0.00027836755170763456
1397,1.0601780414581299,0.3995943069458008,0.3995943069458008,0.39936748147010803,0.00027833486458623863
1398,1.0601780414581299,0.3995943069458008,0.3995943069458008,0.39936748147010803,0.00027833486458623863
1399,1.0601780414581299,0.3995943069458008,0.3995943069458008,0.39936748147010803,0.0002783279846132868
1400,1.0601780414581299,0.3995943069458008,0.3995943069458008,0.39936748147010803,0.0002783279846132868
1401,1.0601780414581299,0.3995943069458008,0.3995943069458008,0.39936748147010803,0.00027829267580520853
1402,1.0601781606674194,0.3995943069458008,0.3995943069458008,0.39936748147010803,0.00027828696929751143
1403,1.0601781606674194,0.3995943069458008,0.3995943069458008,0.39936748147010803,0.00027825353217262943
1404,1.0601781606674194,0.3995943069458008,0.3995943069458008,0.39936748147010803,0.00027825353217262943
1405,1.0601781606674194,0.3995943069458008,0.3995943069458008,0.39936748147010803,0.00027823443073641613
1406,1.0601781606674194,0.3995943069458008,0.3995943069458008,0.39936748147010803,0.00027823443073641613
1407,1.0601781606674194,0.3995943069458008,0.3995943069458008,0.39936748147010803,0.0002782017535146201
1408,1.0601781606674194,0.3995943069458008,0.3995943069458008,0.39936748147010803,0.0002781760713005224
1409,1.0601781606674194,0.3995943069458008,0.3995943069458008,0.39936748147010803,0.0002781417139599908
1410,1.0601781606674194,0.3995943069458008,0.3995943069458008,0.39936748147010803,0.0002781417139599908
1411,1.0601781606674194,0.3995943069458008,0.3995943069458008,0.39936748147010803,0.00027810111829415377
1412,1.0601781606674194,0.3995943069458008,0.3995943069458008,0.39936748147010803,0.0002780612066459357
1413,1.0601781606674194,0.3995943069458008,0.3995943069458008,0.39936748147010803,0.0002780612066459357
1414,1.0601781606674194,0.3995943069458008,0.3995943069458008,0.39936748147010803,0.00027804523527152333
1415,1.0601781606674194,0.3995943069458008,0.3995943069458008,0.39936748147010803,0.0002780203819884186
1416,1.0601781606674194,0.3995943069458008,0.3995943069458008,0.39936748147010803,0.00027801980695043134
1417,1.0601781606674194,0.3995943069458008,0.3995943069458008,0.39936748147010803,0.0002779905423357173
1418,1.060178279876709,0.3995943069458008,0.3995943069458008,0.39936748147010803,0.0002779685087763391
1419,1.060178279876709,0.3995943069458008,0.3995943069458008,0.39936748147010803,0.0002779685087763391
1420,1.0601781606674194,0.3995943069458008,0.3995943069458008,0.39936748147010803,0.0002779388936369902
1421,1.060178279876709,0.3995943069458008,0.3995943069458008,0.39936748147010803,0.0002779129186773503
1422,1.060178279876709,0.3995943069458008,0.3995943069458008,0.39936748147010803,0.0002779129186773503
1423,1.0601781606674194,0.3995943069458008,0.3995943069458008,0.39936748147010803,0.00027787199552094455
1424,1.0601781606674194,0.3995943069458008,0.3995943069458008,0.39936748147010803,0.0002778628793579413
1425,1.0601781606674194,0.3995943069458008,0.3995943069458008,0.39936748147010803,0.0002778185728479861
1426,1.0601781606674194,0.3995943069458008,0.3995943069458008,0.39936748147010803,0.0002778185728479861
1427,1.060178279876709,0.3995943069458008,0.3995943069458008,0.39936748147010803,0.00027777904266400197
1428,1.060178279876709,0.3995943069458008,0.3995943069458008,0.39936748147010803,0.00027777904266400197
1429,1.0601781606674194,0.3995943069458008,0.3995943069458008,0.39936748147010803,0.00027775673651239815
1430,1.060178279876709,0.3995943069458008,0.3995943069458008,0.39936748147010803,0.00027774142557686766
1431,1.060178279876709,0.3995943069458008,0.3995943069458008,0.39936748147010803,0.0002777414255768677
1432,1.060178279876709,0.3995943069458008,0.3995943069458008,0.39936748147010803,0.0002777231843798043
1433,1.0601780414581299,0.3995943069458008,0.3995943069458008,0.39936748147010803,0.00027766178742522285
1434,1.0601780414581299,0.3995943069458008,0.3995943069458008,0.39936748147010803,0.00027763100067891246
1435,1.0601781606674194,0.3995943069458008,0.3995943069458008,0.39936748147010803,0.0002776237705447612
1436,1.0601781606674194,0.3995943069458008,0.3995943069458008,0.39936748147010803,0.00027761389118987836
1437,1.0601779222488403,0.3995943069458008,0.3995943069458008,0.39936748147010803,0.0002775891528689259
1438,1.0601779222488403,0.3995943069458008,0.3995943069458008,0.39936748147010803,0.00027760475375331175
1439,1.0601779222488403,0.3995943069458008,0.3995943069458008,0.39936748147010803,0.00027757127284441715
1440,1.0601780414581299,0.3995943069458008,0.3995943069458008,0.39936748147010803,0.00027754165371987957
1441,1.0601781606674194,0.3995943069458008,0.3995943069458008,0.39936748147010803,0.00027754165371987653
1442,1.0601781606674194,0.3995943069458008,0.3995943069458008,0.39936748147010803,0.00027754165371987653
1443,1.0601779222488403,0.3995943069458008,0.3995943069458008,0.39936748147010803,0.00027750300586547034
1444,1.0601780414581299,0.3995943069458008,0.3995943069458008,0.39936748147010803,0.0002774506261680652
1445,1.0601780414581299,0.3995943069458008,0.3995943069458008,0.39936748147010803,0.0002774792947463017
1446,1.0601781606674194,0.3995943069458008,0.3995943069458008,0.39936748147010803,0.00027744812921105924
1447,1.0601781606674194,0.3995943069458008,0.3995943069458008,0.39936748147010803,0.0002774269105721098
1448,1.0601781606674194,0.3995943069458008,0.3995943069458008,0.39936748147010803,0.00027742691057211
1449,1.0601781606674194,0.3995943069458008,0.3995943069458008,0.39936748147010803,0.0002773889255396537
1450,1.0601780414581299,0.3995943069458008,0.3995943069458008,0.39936748147010803,0.00027732685248830515
1451,1.0601780414581299,0.3995943069458008,0.3995943069458008,0.39936748147010803,0.0002773417379653791
1452,1.0601780414581299,0.3995943069458008,0.3995943069458008,0.39936748147010803,0.0002773258532624666
1453,1.0601780414581299,0.3995943069458008,0.3995943069458008,0.39936748147010803,0.000277285150963802
1454,1.0601780414581299,0.3995943069458008,0.3995943069458008,0.39936748147010803,0.0002772494274359205
1455,1.0601780414581299,0.3995943069458008,0.3995943069458008,0.39936748147010803,0.0002772643042562606
1456,1.0601781606674194,0.3995943069458008,0.3995943069458008,0.39936748147010803,0.00027727893683573
1457,1.0601780414581299,0.3995943069458008,0.3995943069458008,0.39936748147010803,0.0002772547965096541
1458,1.0601781606674194,0.3995943069458008,0.3995943069458008,0.39936748147010803,0.0002772072400690286
1459,1.0601781606674194,0.3995943069458008,0.3995943069458008,0.39936748147010803,0.00027720724006902257
1460,1.0601780414581299,0.3995943069458008,0.3995943069458008,0.39936748147010803,0.0002771851955130886
1461,1.0601781606674194,0.3995943069458008,0.3995943069458008,0.39936748147010803,0.00027717835109081044
1462,1.0601781606674194,0.3995943069458008,0.3995943069458008,0.39936748147010803,0.00027714643385636466
1463,1.0601781606674194,0.3995943069458008,0.3995943069458008,0.39936748147010803,0.0002771464338563648
1464,1.0601781606674194,0.3995943069458008,0.3995943069458008,0.39936748147010803,0.00027712932009041824
1465,1.0601781606674194,0.3995943069458008,0.3995943069458008,0.39936748147010803,0.00027706944564137234
1466,1.0601781606674194,0.3995943069458008,0.3995943069458008,0.39936748147010803,0.0002770767030623502
1467,1.0601781606674194,0.3995943069458008,0.3995943069458008,0.39936748147010803,0.00027706795823126846
1468,1.0601781606674194,0.3995943069458008,0.3995943069458008,0.39936748147010803,0.0002770755618903752
1469,1.0601781606674194,0.3995943069458008,0.3995943069458008,0.39936748147010803,0.0002770356563818654
1470,1.0601781606674194,0.3995943069458008,0.3995943069458008,0.39936748147010803,0.00027698851123460623
1471,1.0601781606674194,0.3995943069458008,0.3995943069458008,0.39936748147010803,0.0002769813028090322
1472,1.060178279876709,0.3995943069458008,0.3995943069458008,0.39936748147010803,0.0002769497477061297
1473,1.0601781606674194,0.3995943069458008,0.3995943069458008,0.39936748147010803,0.0002769338661764216
1474,1.0601780414581299,0.3995943069458008,0.3995943069458008,0.39936748147010803,0.0002769024211395905
1475,1.0601781606674194,0.3995943069458008,0.3995943069458008,0.39936748147010803,0.0002769025109509811
1476,1.0601781606674194,0.3995943069458008,0.3995943069458008,0.39936748147010803,0.00027687097253145426
1477,1.0601781606674194,0.3995943069458008,0.3995943069458008,0.39936748147010803,0.00027687097253145426
1478,1.0601781606674194,0.3995943069458008,0.3995943069458008,0.39936748147010803,0.0002768333475531821
1479,1.0601781606674194,0.3995943069458008,0.3995943069458008,0.39936748147010803,0.0002768191791146308
1480,1.0601781606674194,0.3995943069458008,0.3995943069458008,0.39936748147010803,0.00027680815443840843
1481,1.0601781606674194,0.3995943069458008,0.3995943069458008,0.39936748147010803,0.00027674561734833625
1482,1.0601781606674194,0.3995943069458008,0.3995943069458008,0.39936748147010803,0.00027671026069621765
1483,1.0601781606674194,0.3995943069458008,0.3995943069458008,0.39936748147010803,0.00027671026069621765
1484,1.0601781606674194,0.3995943069458008,0.3995943069458008,0.39936748147010803,0.0002767102606962177
1485,1.0601781606674194,0.3995943069458008,0.3995943069458008,0.39936748147010803,0.0002766953797667414
1486,1.0601781606674194,0.3995943069458008,0.3995943069458008,0.39936748147010803,0.00027668702092987964
1487,1.0601781606674194,0.3995943069458008,0.3995943069458008,0.39936748147010803,0.00027668702092987943
1488,1.0601781606674194,0.3995943069458008,0.3995943069458008,0.39936748147010803,0.00027665318496262515
1489,1.0601781606674194,0.3995943069458008,0.3995943069458008,0.39936748147010803,0.0002766531849626246
1490,1.0601781606674194,0.3995943069458008,0.3995943069458008,0.39936748147010803,0.0002766531849626246
1491,1.0601781606674194,0.3995943069458008,0.3995943069458008,0.39936748147010803,0.0002766531849626294
1492,1.0601781606674194,0.3995943069458008,0.3995943069458008,0.39936748147010803,0.00027663038990032284
1493,1.0601781606674194,0.3995943069458008,0.3995943069458008,0.39936748147010803,0.00027663038990032306
1494,1.0601781606674194,0.3995943069458008,0.3995943069458008,0.39936748147010803,0.00027660635994463035
1495,1.0601780414581299,0.3995943069458008,0.3995943069458008,0.39936748147010803,0.00027655113836252526
1496,1.0601781606674194,0.3995943069458008,0.3995943069458008,0.39936748147010803,0.0002765403727875595
1497,1.0601781606674194,0.3995943069458008,0.3995943069458008,0.39936748147010803,0.0002765103477227347
1498,1.0601781606674194,0.3995943069458008,0.3995943069458008,0.39936748147010803,0.0002764956487701941
1499,1.0601781606674194,0.3995943069458008,0.3995943069458008,0.39936748147010803,0.00027644088058290686
1500,1.0601781606674194,0.3995943069458008,0.3995943069458008,0.39936748147010803,0.0002764359326641888
1501,1.0601781606674194,0.3995943069458008,0.3995943069458008,0.39936748147010803,0.00027641845359294213
1502,1.0601781606674194,0.3995943069458008,0.3995943069458008,0.39936748147010803,0.0002763810498082366
1503,1.0601781606674194,0.3995943069458008,0.3995943069458008,0.39936748147010803,0.0002763571010159421
1504,1.0601781606674194,0.3995943069458008,0.3995943069458008,0.39936748147010803,0.0002763636315419114
1505,1.0601781606674194,0.3995943069458008,0.3995943069458008,0.39936748147010803,0.0002763316844881341
1506,1.0601781606674194,0.3995943069458008,0.3995943069458008,0.39936748147010803,0.00027631571600484863
1507,1.0601781606674194,0.3995943069458008,0.3995943069458008,0.39936748147010803,0.00027628454780417356
1508,1.0601781606674194,0.3995943069458008,0.3995943069458008,0.39936748147010803,0.00027629108004503935
1509,1.0601781606674194,0.3995943069458008,0.3995943069458008,0.39936748147010803,0.00027627549499457406
1510,1.0601781606674194,0.3995943069458008,0.3995943069458008,0.39936748147010803,0.00027627930132567246
1511,1.0601781606674194,0.3995943069458008,0.3995943069458008,0.39936748147010803,0.00027622500470936913
1512,1.0601781606674194,0.3995943069458008,0.3995943069458008,0.39936748147010803,0.00027622500470936913
1513,1.0601781606674194,0.3995943069458008,0.3995943069458008,0.39936748147010803,0.00027622500470936913
1514,1.0601781606674194,0.3995943069458008,0.3995943069458008,0.39936748147010803,0.00027622500470936994
1515,1.0601781606674194,0.3995943069458008,0.3995943069458008,0.39936748147010803,0.00027617408068061395
1516,1.0601781606674194,0.3995943069458008,0.3995943069458008,0.39936748147010803,0.0002761740806806144
1517,1.0601781606674194,0.3995943069458008,0.3995943069458008,0.39936748147010803,0.00027616101050942533
1518,1.0601781606674194,0.3995943069458008,0.3995943069458008,0.39936748147010803,0.0002761549254647593
1519,1.0601781606674194,0.3995943069458008,0.3995943069458008,0.39936748147010803,0.00027613284836306806
1520,1.0601781606674194,0.3995943069458008,0.3995943069458008,0.39936748147010803,0.00027613284836306806
1521,1.0601781606674194,0.3995943069458008,0.3995943069458008,0.39936748147010803,0.000276093321310492
1522,1.0601781606674194,0.3995943069458008,0.3995943069458008,0.39936748147010803,0.00027609332131049323
1523,1.0601781606674194,0.3995943069458008,0.3995943069458008,0.39936748147010803,0.00027599727221095717
1524,1.0601781606674194,0.3995943069458008,0.3995943069458008,0.39936748147010803,0.0002759809239334209
1525,1.0601781606674194,0.3995943069458008,0.3995943069458008,0.39936748147010803,0.0002759752339907562
1526,1.0601781606674194,0.3995943069458008,0.3995943069458008,0.39936748147010803,0.00027594938318126124
1527,1.0601781606674194,0.3995943069458008,0.3995943069458008,0.39936748147010803,0.00027590975258716724
1528,1.0601781606674194,0.3995943069458008,0.3995943069458008,0.39936748147010803,0.0002759097525871675
1529,1.0601781606674194,0.3995943069458008,0.3995943069458008,0.39936748147010803,0.00027590975258716724
1530,1.0601781606674194,0.3995943069458008,0.3995943069458008,0.39936748147010803,0.0002758835093146327
1531,1.0601781606674194,0.3995943069458008,0.3995943069458008,0.39936748147010803,0.0002758835093146327
1532,1.0601781606674194,0.3995943069458008,0.3995943069458008,0.39936748147010803,0.0002758633680345576
1533,1.0601781606674194,0.3995943069458008,0.3995943069458008,0.39936748147010803,0.0002758633680345576
1534,1.0601781606674194,0.3995943069458008,0.3995943069458008,0.39936748147010803,0.00027585661960416024
1535,1.0601781606674194,0.3995943069458008,0.3995943069458008,0.39936748147010803,0.00027585661960416024
1536,1.0601781606674194,0.3995943069458008,0.3995943069458008,0.39936748147010803,0.00027584684439027043
1537,1.0601781606674194,0.3995943069458008,0.3995943069458008,0.39936748147010803,0.0002758468443902702
1538,1.0601781606674194,0.3995943069458008,0.3995943069458008,0.39936748147010803,0.0002757852744750898
1539,1.0601781606674194,0.3995943069458008,0.3995943069458008,0.39936748147010803,0.0002757536211589668
1540,1.0601781606674194,0.3995943069458008,0.3995943069458008,0.39936748147010803,0.0002757452724261205
1541,1.0601781606674194,0.3995943069458008,0.3995943069458008,0.39936748147010803,0.0002757369234404916
1542,1.0601781606674194,0.3995943069458008,0.3995943069458008,0.39936748147010803,0.00027572133283684244
1543,1.0601781606674194,0.3995943069458008,0.3995943069458008,0.39936748147010803,0.0002756791693672389
1544,1.0601781606674194,0.3995943069458008,0.3995943069458008,0.39936748147010803,0.00027563886836160016
1545,1.0601781606674194,0.3995943069458008,0.3995943069458008,0.39936748147010803,0.0002756388683616003
1546,1.0601781606674194,0.3995943069458008,0.3995943069458008,0.39936748147010803,0.0002755928765168861
1547,1.0601780414581299,0.3995943069458008,0.3995943069458008,0.39936748147010803,0.0002755682532887246
1548,1.0601781606674194,0.3995943069458008,0.3995943069458008,0.39936748147010803,0.000275560646715851
1549,1.0601781606674194,0.3995943069458008,0.3995943069458008,0.39936748147010803,0.00027552872260496597
1550,1.0601780414581299,0.3995943069458008,0.3995943069458008,0.39936748147010803,0.0002754937900890128
1551,1.0601780414581299,0.3995943069458008,0.3995943069458008,0.39936748147010803,0.00027551085070828444
1552,1.0601780414581299,0.3995943069458008,0.3995943069458008,0.39936748147010803,0.0002755108507082844
1553,1.0601781606674194,0.3995943069458008,0.3995943069458008,0.39936748147010803,0.00027549565997411887
1554,1.0601781606674194,0.3995943069458008,0.3995943069458008,0.39936748147010803,0.0002754785984140714
1555,1.0601781606674194,0.3995943069458008,0.3995943069458008,0.39936748147010803,0.00027545615756519097
1556,1.0601781606674194,0.3995943069458008,0.3995943069458008,0.39936748147010803,0.0002754561575651905
1557,1.0601781606674194,0.3995943069458008,0.3995943069458008,0.39936748147010803,0.0002754379198046183
1558,1.0601781606674194,0.3995943069458008,0.3995943069458008,0.39936748147010803,0.000275437919804624
1559,1.0601781606674194,0.3995943069458008,0.3995943069458008,0.39936748147010803,0.0002754326056047541
1560,1.0601781606674194,0.3995943069458008,0.3995943069458008,0.39936748147010803,0.0002753870566425088
1561,1.0601781606674194,0.3995943069458008,0.3995943069458008,0.39936748147010803,0.0002753220547344455
1562,1.0601781606674194,0.3995943069458008,0.3995943069458008,0.39936748147010803,0.00027532205473444505
1563,1.0601781606674194,0.3995943069458008,0.3995943069458008,0.39936748147010803,0.0002753153059397329
1564,1.0601781606674194,0.3995943069458008,0.3995943069458008,0.39936748147010803,0.0002753153059397331
1565,1.0601781606674194,0.3995943069458008,0.3995943069458008,0.39936748147010803,0.0002752925033388098
1566,1.0601781606674194,0.3995943069458008,0.3995943069458008,0.39936748147010803,0.0002752742418295575
1567,1.0601781606674194,0.3995943069458008,0.3995943069458008,0.39936748147010803,0.0002752742418295559
1568,1.0601781606674194,0.3995943069458008,0.3995943069458008,0.39936748147010803,0.0002752350948801069
1569,1.0601781606674194,0.3995943069458008,0.3995943069458008,0.39936748147010803,0.00027522749200787987
1570,1.0601780414581299,0.3995943069458008,0.3995943069458008,0.39936748147010803,0.00027520448849064277
1571,1.0601780414581299,0.3995943069458008,0.3995943069458008,0.39936748147010803,0.0002751968976825685
1572,1.0601780414581299,0.3995943069458008,0.3995943069458008,0.39936748147010803,0.0002751903652889526
1573,1.0601781606674194,0.3995943069458008,0.3995943069458008,0.39936748147010803,0.00027517371085657123
1574,1.0601781606674194,0.3995943069458008,0.3995943069458008,0.39936748147010803,0.00027515850150985454
1575,1.0601779222488403,0.3995943069458008,0.3995943069458008,0.39936748147010803,0.0002751204098980002
1576,1.0601780414581299,0.3995943069458008,0.3995943069458008,0.39936748147010803,0.0002751120419493046
1577,1.0601781606674194,0.3995943069458008,0.3995943069458008,0.39936748147010803,0.0002750649029150405
1578,1.0601781606674194,0.3995943069458008,0.3995943069458008,0.39936748147010803,0.00027506490291504107
1579,1.0601781606674194,0.3995943069458008,0.3995943069458008,0.39936748147010803,0.00027505615870461724
1580,1.0601781606674194,0.3995943069458008,0.3995943069458008,0.39936748147010803,0.0002749914661605569
1581,1.0601781606674194,0.3995943069458008,0.3995943069458008,0.39936748147010803,0.0002749914661605569
1582,1.0601781606674194,0.3995943069458008,0.3995943069458008,0.39936748147010803,0.0002749914661605569
1583,1.0601781606674194,0.3995943069458008,0.3995943069458008,0.39936748147010803,0.0002749914661605569
1584,1.0601781606674194,0.3995943069458008,0.3995943069458008,0.39936748147010803,0.00027499844252632747
1585,1.0601781606674194,0.3995943069458008,0.3995943069458008,0.39936748147010803,0.0002749589074465339
1586,1.0601781606674194,0.3995943069458008,0.3995943069458008,0.39936748147010803,0.00027495890744653383
1587,1.0601781606674194,0.3995943069458008,0.3995943069458008,0.39936748147010803,0.00027492827031050604
1588,1.0601781606674194,0.3995943069458008,0.3995943069458008,0.39936748147010803,0.0002749283607667972
1589,1.0601781606674194,0.3995943069458008,0.3995943069458008,0.39936748147010803,0.0002749283607667972
1590,1.0601781606674194,0.3995943069458008,0.3995943069458008,0.39936748147010803,0.0002748873163982479
1591,1.0601781606674194,0.3995943069458008,0.3995943069458008,0.39936748147010803,0.0002748664041587583
1592,1.0601781606674194,0.3995943069458008,0.3995943069458008,0.39936748147010803,0.0002748481401907416
1593,1.0601781606674194,0.3995943069458008,0.3995943069458008,0.39936748147010803,0.00027479871927925994
1594,1.060178279876709,0.3995943069458008,0.3995943069458008,0.39936748147010803,0.0002747843942148266
1595,1.0601781606674194,0.3995943069458008,0.3995943069458008,0.39936748147010803,0.0002747530264387268
1596,1.0601781606674194,0.3995943069458008,0.3995943069458008,0.39936748147010803,0.0002747539186467181
1597,1.0601781606674194,0.3995943069458008,0.3995943069458008,0.39936748147010803,0.00027474466023153085
1598,1.0601781606674194,0.3995943069458008,0.3995943069458008,0.39936748147010803,0.0002746883271713046
1599,1.0601781606674194,0.3995943069458008,0.3995943069458008,0.39936748147010803,0.00027469714775662943
1600,1.0601781606674194,0.3995943069458008,0.3995943069458008,0.39936748147010803,0.00027462627760127984
1601,1.0601781606674194,0.3995943069458008,0.3995943069458008,0.39936748147010803,0.00027462627760127984
1602,1.0601779222488403,0.3995943069458008,0.3995943069458008,0.39936748147010803,0.00027461847675718865
1603,1.0601779222488403,0.3995943069458008,0.3995943069458008,0.39936748147010803,0.0002746044139792747
1604,1.0601781606674194,0.3995943069458008,0.3995943069458008,0.39936748147010803,0.0002746217756486451
1605,1.0601779222488403,0.3995943069458008,0.3995943069458008,0.39936748147010803,0.0002746044139792749
1606,1.0601780414581299,0.3995943069458008,0.3995943069458008,0.39936748147010803,0.000274572870373246
1607,1.0601780414581299,0.3995943069458008,0.3995943069458008,0.39936748147010803,0.0002745728703732456
1608,1.0601781606674194,0.3995943069458008,0.3995943069458008,0.39936748147010803,0.0002745806725130254
1609,1.0601779222488403,0.3995943069458008,0.3995943069458008,0.39936748147010803,0.0002745728703732454
1610,1.0601781606674194,0.3995943069458008,0.3995943069458008,0.39936748147010803,0.0002745806725130174
1611,1.0601781606674194,0.3995943069458008,0.3995943069458008,0.39936748147010803,0.0002745320187352205
1612,1.0601781606674194,0.3995943069458008,0.3995943069458008,0.39936748147010803,0.00027453201873522037
1613,1.0601781606674194,0.3995943069458008,0.3995943069458008,0.39936748147010803,0.0002745320187352246
1614,1.0601781606674194,0.3995943069458008,0.3995943069458008,0.39936748147010803,0.0002744777777248633
1615,1.0601781606674194,0.3995943069458008,0.3995943069458008,0.39936748147010803,0.00027444243958997354
1616,1.0601781606674194,0.3995943069458008,0.3995943069458008,0.39936748147010803,0.00027446386306829193
1617,1.0601781606674194,0.3995943069458008,0.3995943069458008,0.39936748147010803,0.00027441521447317893
1618,1.0601781606674194,0.3995943069458008,0.3995943069458008,0.39936748147010803,0.00027441521447318137
1619,1.0601781606674194,0.3995943069458008,0.3995943069458008,0.39936748147010803,0.0002743857984725275
1620,1.0601781606674194,0.3995943069458008,0.3995943069458008,0.39936748147010803,0.0002743774340162307
1621,1.0601779222488403,0.3995943069458008,0.3995943069458008,0.39936748147010803,0.0002743399073573663
1622,1.0601780414581299,0.3995943069458008,0.3995943069458008,0.39936748147010803,0.0002743011321874977
1623,1.0601780414581299,0.3995943069458008,0.3995943069458008,0.39936748147010803,0.0002743011321874964
1624,1.0601781606674194,0.3995943069458008,0.3995943069458008,0.39936748147010803,0.00027426928168037797
1625,1.0601779222488403,0.3995943069458008,0.3995943069458008,0.39936748147010803,0.00027422720588120384
1626,1.0601779222488403,0.3995943069458008,0.3995943069458008,0.39936748147010803,0.00027421948437466166
1627,1.0601779222488403,0.3995943069458008,0.3995943069458008,0.39936748147010803,0.00027421948437466085
1628,1.0601779222488403,0.3995943069458008,0.3995943069458008,0.39936748147010803,0.000274187170879448
1629,1.0601780414581299,0.3995943069458008,0.3995943069458008,0.39936748147010803,0.00027417994063463024
1630,1.0601780414581299,0.3995943069458008,0.3995943069458008,0.39936748147010803,0.00027417994063463316
1631,1.0601780414581299,0.3995943069458008,0.3995943069458008,0.39936748147010803,0.0002741799406346302
1632,1.0601780414581299,0.3995943069458008,0.3995943069458008,0.39936748147010803,0.00027417994063463083
1633,1.0601780414581299,0.3995943069458008,0.3995943069458008,0.39936748147010803,0.0002741335744255438
1634,1.0601780414581299,0.3995943069458008,0.3995943069458008,0.39936748147010803,0.00027412597988314143
1635,1.0601780414581299,0.3995943069458008,0.3995943069458008,0.39936748147010803,0.00027412597988314176
1636,1.0601780414581299,0.3995943069458008,0.3995943069458008,0.39936748147010803,0.0002741259798831428
1637,1.0601781606674194,0.3995943069458008,0.3995943069458008,0.39936748147010803,0.0002741176074987163
1638,1.0601781606674194,0.3995943069458008,0.3995943069458008,0.39936748147010803,0.0002740864485768164
1639,1.0601781606674194,0.3995943069458008,0.3995943069458008,0.39936748147010803,0.00027402430161337733
1640,1.0601781606674194,0.3995943069458008,0.3995943069458008,0.39936748147010803,0.0002740018324192168
1641,1.0601781606674194,0.3995943069458008,0.3995943069458008,0.39936748147010803,0.00027396345030698897
1642,1.0601781606674194,0.3995943069458008,0.3995943069458008,0.39936748147010803,0.00027396345030699065
1643,1.0601781606674194,0.3995943069458008,0.3995943069458008,0.39936748147010803,0.0002739554620022576
1644,1.0601781606674194,0.3995943069458008,0.3995943069458008,0.39936748147010803,0.00027392201493071444
1645,1.0601781606674194,0.3995943069458008,0.3995943069458008,0.39936748147010803,0.00027392201493071423
1646,1.0601781606674194,0.3995943069458008,0.3995943069458008,0.39936748147010803,0.0002739220149307143
1647,1.0601781606674194,0.3995943069458008,0.3995943069458008,0.39936748147010803,0.00027392201493071434
1648,1.0601781606674194,0.3995943069458008,0.3995943069458008,0.39936748147010803,0.00027390812392297264
1649,1.0601781606674194,0.3995943069458008,0.3995943069458008,0.39936748147010803,0.0002739098489883872
1650,1.0601781606674194,0.3995943069458008,0.3995943069458008,0.39936748147010803,0.0002739098489883872
1651,1.0601781606674194,0.3995943069458008,0.3995943069458008,0.39936748147010803,0.00027386843144708794
1652,1.0601780414581299,0.3995943069458008,0.3995943069458008,0.39936748147010803,0.0002738476230274917
1653,1.0601781606674194,0.3995943069458008,0.3995943069458008,0.39936748147010803,0.0002738061960735254
1654,1.0601781606674194,0.3995943069458008,0.3995943069458008,0.39936748147010803,0.0002738058846664863
1655,1.0601781606674194,0.3995943069458008,0.3995943069458008,0.39936748147010803,0.0002737739505892957
1656,1.0601781606674194,0.3995943069458008,0.3995943069458008,0.39936748147010803,0.00027374964393735694
1657,1.0601781606674194,0.3995943069458008,0.3995943069458008,0.39936748147010803,0.0002737496439373563
1658,1.0601781606674194,0.3995943069458008,0.3995943069458008,0.39936748147010803,0.00027372778816948663
1659,1.0601781606674194,0.3995943069458008,0.3995943069458008,0.39936748147010803,0.0002736949103813641
1660,1.0601781606674194,0.3995943069458008,0.3995943069458008,0.39936748147010803,0.000273694910381363
1661,1.0601781606674194,0.3995943069458008,0.3995943069458008,0.39936748147010803,0.0002736949103813641
1662,1.0601781606674194,0.3995943069458008,0.3995943069458008,0.39936748147010803,0.00027368064437222544
1663,1.0601781606674194,0.3995943069458008,0.3995943069458008,0.39936748147010803,0.000273647825833929
1664,1.0601781606674194,0.3995943069458008,0.3995943069458008,0.39936748147010803,0.0002736129648082877
1665,1.0601781606674194,0.3995943069458008,0.3995943069458008,0.39936748147010803,0.0002736129648082878
1666,1.0601781606674194,0.3995943069458008,0.3995943069458008,0.39936748147010803,0.0002736061349026938
1667,1.0601779222488403,0.3995943069458008,0.3995943069458008,0.39936748147010803,0.00027355035961572095
1668,1.0601781606674194,0.3995943069458008,0.3995943069458008,0.39936748147010803,0.00027356506098122075
1669,1.0601781606674194,0.3995943069458008,0.3995943069458008,0.39936748147010803,0.00027355630778985886
1670,1.0601781606674194,0.3995943069458008,0.3995943069458008,0.39936748147010803,0.00027355571038083183
1671,1.0601779222488403,0.3995943069458008,0.3995943069458008,0.39936748147010803,0.0002735324753524136
1672,1.0601779222488403,0.3995943069458008,0.3995943069458008,0.39936748147010803,0.00027351842168310683
1673,1.0601779222488403,0.3995943069458008,0.3995943069458008,0.39936748147010803,0.00027349446903359933
1674,1.0601781606674194,0.3995943069458008,0.3995943069458008,0.39936748147010803,0.00027347232005876885
1675,1.0601781606674194,0.3995943069458008,0.3995943069458008,0.39936748147010803,0.00027347232005876907
1676,1.0601779222488403,0.3995943069458008,0.3995943069458008,0.39936748147010803,0.0002734099815256641
1677,1.0601779222488403,0.3995943069458008,0.3995943069458008,0.39936748147010803,0.0002733863962365536
1678,1.0601779222488403,0.3995943069458008,0.3995943069458008,0.39936748147010803,0.0002733452633019696
1679,1.0601779222488403,0.3995943069458008,0.3995943069458008,0.39936748147010803,0.00027333836171985847
1680,1.0601780414581299,0.3995943069458008,0.3995943069458008,0.39936748147010803,0.0002734157898218257
1681,1.0601781606674194,0.3995943069458008,0.3995943069458008,0.39936748147010803,0.0002733682023369018
1682,1.0601781606674194,0.3995943069458008,0.3995943069458008,0.39936748147010803,0.0002733910874671778
1683,1.0601779222488403,0.3995943069458008,0.3995943069458008,0.39936748147010803,0.0002733205545732269
1684,1.0601780414581299,0.3995943069458008,0.3995943069458008,0.39936748147010803,0.0002733064770077504
1685,1.0601781606674194,0.3995943069458008,0.3995943069458008,0.39936748147010803,0.0002733293673061216
1686,1.0601781606674194,0.3995943069458008,0.3995943069458008,0.39936748147010803,0.0002732879397905734
1687,1.0601781606674194,0.3995943069458008,0.3995943069458008,0.39936748147010803,0.00027328147876791675
1688,1.0601781606674194,0.3995943069458008,0.3995943069458008,0.39936748147010803,0.0002732585844580232
1689,1.0601781606674194,0.3995943069458008,0.3995943069458008,0.39936748147010803,0.0002732516806866441
1690,1.0601781606674194,0.3995943069458008,0.3995943069458008,0.39936748147010803,0.00027323533716539525
1691,1.0601781606674194,0.3995943069458008,0.3995943069458008,0.39936748147010803,0.0002732060672073467
1692,1.0601780414581299,0.3995943069458008,0.3995943069458008,0.39936748147010803,0.00027316906892632057
1693,1.0601780414581299,0.3995943069458008,0.3995943069458008,0.39936748147010803,0.0002731757797071135
1694,1.0601780414581299,0.3995943069458008,0.3995943069458008,0.39936748147010803,0.0002731757797071135
1695,1.0601781606674194,0.3995943069458008,0.3995943069458008,0.39936748147010803,0.0002731522132149352
1696,1.0601781606674194,0.3995943069458008,0.3995943069458008,0.39936748147010803,0.0002731267455915865
1697,1.0601781606674194,0.3995943069458008,0.3995943069458008,0.39936748147010803,0.00027312000759021666
1698,1.0601781606674194,0.3995943069458008,0.3995943069458008,0.39936748147010803,0.0002731029016856188
1699,1.0601781606674194,0.3995943069458008,0.3995943069458008,0.39936748147010803,0.0002730953044992314
1700,1.0601781606674194,0.3995943069458008,0.3995943069458008,0.39936748147010803,0.0002731089246472391
1701,1.0601781606674194,0.3995943069458008,0.3995943069458008,0.39936748147010803,0.0002730861199471944
1702,1.0601780414581299,0.3995943069458008,0.3995943069458008,0.39936748147010803,0.00027302988710171255
1703,1.0601780414581299,0.3995943069458008,0.3995943069458008,0.39936748147010803,0.00027300707579954044
1704,1.0601781606674194,0.3995943069458008,0.3995943069458008,0.39936748147010803,0.0002729854078518953
1705,1.0601781606674194,0.3995943069458008,0.3995943069458008,0.39936748147010803,0.00027300345808764216
1706,1.0601781606674194,0.3995943069458008,0.3995943069458008,0.39936748147010803,0.00027298674832138545
1707,1.0601781606674194,0.3995943069458008,0.3995943069458008,0.39936748147010803,0.00027296930868950134
1708,1.0601781606674194,0.3995943069458008,0.3995943069458008,0.39936748147010803,0.00027292333560360405
1709,1.0601781606674194,0.3995943069458008,0.3995943069458008,0.39936748147010803,0.0002729233356036043
1710,1.0601781606674194,0.3995943069458008,0.3995943069458008,0.39936748147010803,0.00027291467898924826
1711,1.0601781606674194,0.3995943069458008,0.3995943069458008,0.39936748147010803,0.0002728911029675753
1712,1.0601781606674194,0.3995943069458008,0.3995943069458008,0.39936748147010803,0.0002728987318755647
1713,1.0601781606674194,0.3995943069458008,0.3995943069458008,0.39936748147010803,0.0002728911029675753
1714,1.0601781606674194,0.3995943069458008,0.3995943069458008,0.39936748147010803,0.000272851575039255
1715,1.0601781606674194,0.3995943069458008,0.3995943069458008,0.39936748147010803,0.00027281356502004313
1716,1.0601781606674194,0.3995943069458008,0.3995943069458008,0.39936748147010803,0.0002728135650200451
1717,1.0601781606674194,0.3995943069458008,0.3995943069458008,0.39936748147010803,0.0002728280977389909
1718,1.0601781606674194,0.3995943069458008,0.3995943069458008,0.39936748147010803,0.00027281898232477526
1719,1.0601781606674194,0.3995943069458008,0.3995943069458008,0.39936748147010803,0.00027278012119927466
1720,1.0601781606674194,0.3995943069458008,0.3995943069458008,0.39936748147010803,0.00027278012119927525
1721,1.0601781606674194,0.3995943069458008,0.3995943069458008,0.39936748147010803,0.00027278012119927466
1722,1.0601781606674194,0.3995943069458008,0.3995943069458008,0.39936748147010803,0.00027272652179044575
1723,1.0601781606674194,0.3995943069458008,0.3995943069458008,0.39936748147010803,0.0002727265217904457
1724,1.0601781606674194,0.3995943069458008,0.3995943069458008,0.39936748147010803,0.00027271186641240447
1725,1.0601781606674194,0.3995943069458008,0.3995943069458008,0.39936748147010803,0.0002726909567096573
1726,1.0601780414581299,0.3995943069458008,0.3995943069458008,0.39936748147010803,0.00027264481941338063
1727,1.0601780414581299,0.3995943069458008,0.3995943069458008,0.39936748147010803,0.00027264481941338063
1728,1.0601780414581299,0.3995943069458008,0.3995943069458008,0.39936748147010803,0.0002726106772180393
1729,1.0601781606674194,0.3995943069458008,0.3995943069458008,0.39936748147010803,0.00027260572494150297
1730,1.0601781606674194,0.3995943069458008,0.3995943069458008,0.39936748147010803,0.00027260572494150254
1731,1.0601781606674194,0.3995943069458008,0.3995943069458008,0.39936748147010803,0.0002725715257129692
1732,1.0601781606674194,0.3995943069458008,0.3995943069458008,0.39936748147010803,0.00027256126771455505
1733,1.0601781606674194,0.3995943069458008,0.3995943069458008,0.39936748147010803,0.00027256126771455505
1734,1.0601779222488403,0.3995943069458008,0.3995943069458008,0.39936748147010803,0.00027252127477874497
1735,1.0601780414581299,0.3995943069458008,0.3995943069458008,0.39936748147010803,0.000272536892014653
1736,1.0601781606674194,0.3995943069458008,0.3995943069458008,0.39936748147010803,0.0002725292920859282
1737,1.0601779222488403,0.3995943069458008,0.3995943069458008,0.39936748147010803,0.00027247529129214996
1738,1.0601779222488403,0.3995943069458008,0.3995943069458008,0.39936748147010803,0.00027243880666857174
1739,1.0601779222488403,0.3995943069458008,0.3995943069458008,0.39936748147010803,0.00027243880666857174
1740,1.0601779222488403,0.3995943069458008,0.3995943069458008,0.39936748147010803,0.0002724593315004213
1741,1.0601779222488403,0.3995943069458008,0.3995943069458008,0.39936748147010803,0.00027245933150042093
1742,1.0601779222488403,0.3995943069458008,0.3995943069458008,0.39936748147010803,0.0002724190366900252
1743,1.0601779222488403,0.3995943069458008,0.3995943069458008,0.39936748147010803,0.0002724190366900252
1744,1.0601779222488403,0.3995943069458008,0.3995943069458008,0.39936748147010803,0.0002724190366900252
1745,1.0601779222488403,0.3995943069458008,0.3995943069458008,0.39936748147010803,0.00027237550116448057
1746,1.0601779222488403,0.3995943069458008,0.3995943069458008,0.39936748147010803,0.0002723755011644803
1747,1.0601780414581299,0.3995943069458008,0.3995943069458008,0.39936748147010803,0.000272373427249524
1748,1.0601780414581299,0.3995943069458008,0.3995943069458008,0.39936748147010803,0.000272373427249524
1749,1.0601780414581299,0.3995943069458008,0.3995943069458008,0.39936748147010803,0.00027235289594383037
1750,1.0601780414581299,0.3995943069458008,0.3995943069458008,0.39936748147010803,0.0002723298844327085
1751,1.0601781606674194,0.3995943069458008,0.3995943069458008,0.39936748147010803,0.00027229224520210893
1752,1.0601780414581299,0.3995943069458008,0.3995943069458008,0.39936748147010803,0.00027227516558216304
1753,1.0601780414581299,0.3995943069458008,0.3995943069458008,0.39936748147010803,0.0002722576803694161
1754,1.0601781606674194,0.3995943069458008,0.3995943069458008,0.39936748147010803,0.0002722656401950552
1755,1.0601781606674194,0.3995943069458008,0.3995943069458008,0.39936748147010803,0.0002722233591119333
1756,1.0601781606674194,0.3995943069458008,0.3995943069458008,0.39936748147010803,0.0002721865013539923
1757,1.0601780414581299,0.3995943069458008,0.3995943069458008,0.39936748147010803,0.00027217167331272494
1758,1.0601780414581299,0.3995943069458008,0.3995943069458008,0.39936748147010803,0.000272164076239186
1759,1.0601780414581299,0.3995943069458008,0.3995943069458008,0.39936748147010803,0.0002721711511838722
1760,1.0601780414581299,0.3995943069458008,0.3995943069458008,0.39936748147010803,0.00027213214532614426
1761,1.0601780414581299,0.3995943069458008,0.3995943069458008,0.39936748147010803,0.00027213214532614426
1762,1.0601781606674194,0.3995943069458008,0.3995943069458008,0.39936748147010803,0.0002721237899307976
1763,1.0601781606674194,0.3995943069458008,0.3995943069458008,0.39936748147010803,0.00027212378993079757
1764,1.0601781606674194,0.3995943069458008,0.3995943069458008,0.39936748147010803,0.00027210925876502637
1765,1.0601781606674194,0.3995943069458008,0.3995943069458008,0.39936748147010803,0.00027207047907922645
1766,1.0601781606674194,0.3995943069458008,0.3995943069458008,0.39936748147010803,0.0002720850123161013
1767,1.0601781606674194,0.3995943069458008,0.3995943069458008,0.39936748147010803,0.00027204667318739056
1768,1.0601780414581299,0.3995943069458008,0.3995943069458008,0.39936748147010803,0.00027202180732183824
1769,1.0601781606674194,0.3995943069458008,0.3995943069458008,0.39936748147010803,0.0002720130567129401
1770,1.0601781606674194,0.3995943069458008,0.3995943069458008,0.39936748147010803,0.00027202576459432537
1771,1.0601781606674194,0.3995943069458008,0.3995943069458008,0.39936748147010803,0.00027200865518083977
1772,1.0601781606674194,0.3995943069458008,0.3995943069458008,0.39936748147010803,0.0002719750470699448
1773,1.0601781606674194,0.3995943069458008,0.3995943069458008,0.39936748147010803,0.0002719750470699431
1774,1.0601781606674194,0.3995943069458008,0.3995943069458008,0.39936748147010803,0.0002719590709850287
1775,1.0601781606674194,0.3995943069458008,0.3995943069458008,0.39936748147010803,0.00027195907098502943
1776,1.0601781606674194,0.3995943069458008,0.3995943069458008,0.39936748147010803,0.0002719145994909323
1777,1.0601781606674194,0.3995943069458008,0.3995943069458008,0.39936748147010803,0.0002719145994909414
1778,1.0601781606674194,0.3995943069458008,0.3995943069458008,0.39936748147010803,0.0002719145994909323
1779,1.0601781606674194,0.3995943069458008,0.3995943069458008,0.39936748147010803,0.00027187316547640965
1780,1.0601781606674194,0.3995943069458008,0.3995943069458008,0.39936748147010803,0.0002718662134558277
1781,1.0601779222488403,0.3995943069458008,0.3995943069458008,0.39936748147010803,0.00027186716740902394
1782,1.0601779222488403,0.3995943069458008,0.3995943069458008,0.39936748147010803,0.0002718363647908882
1783,1.0601779222488403,0.3995943069458008,0.3995943069458008,0.39936748147010803,0.00027183636479088876
1784,1.0601781606674194,0.3995943069458008,0.3995943069458008,0.39936748147010803,0.00027181187180080294
1785,1.0601780414581299,0.3995943069458008,0.3995943069458008,0.39936748147010803,0.0002717660297353459
1786,1.0601780414581299,0.3995943069458008,0.3995943069458008,0.39936748147010803,0.0002717660297353469
1787,1.0601781606674194,0.3995943069458008,0.3995943069458008,0.39936748147010803,0.0002717576630834983
1788,1.0601781606674194,0.3995943069458008,0.3995943069458008,0.39936748147010803,0.0002717576630834989
1789,1.0601781606674194,0.3995943069458008,0.3995943069458008,0.39936748147010803,0.0002717523422818553
1790,1.0601781606674194,0.3995943069458008,0.3995943069458008,0.39936748147010803,0.00027175234228184685
1791,1.0601781606674194,0.3995943069458008,0.3995943069458008,0.39936748147010803,0.0002717196569394207
1792,1.0601779222488403,0.3995943069458008,0.3995943069458008,0.39936748147010803,0.00027168718996513054
1793,1.0601779222488403,0.3995943069458008,0.3995943069458008,0.39936748147010803,0.0002716871899651265
1794,1.0601780414581299,0.3995943069458008,0.3995943069458008,0.39936748147010803,0.0002716780624247231
1795,1.0601780414581299,0.3995943069458008,0.3995943069458008,0.39936748147010803,0.00027164157535348543
1796,1.0601780414581299,0.3995943069458008,0.3995943069458008,0.39936748147010803,0.000271641575353486
1797,1.0601781606674194,0.3995943069458008,0.3995943069458008,0.39936748147010803,0.00027163283865366583
1798,1.0601781606674194,0.3995943069458008,0.3995943069458008,0.39936748147010803,0.0002716328386536661
1799,1.0601781606674194,0.3995943069458008,0.3995943069458008,0.39936748147010803,0.0002715852527114122
1800,1.0601780414581299,0.3995943069458008,0.3995943069458008,0.39936748147010803,0.00027156454407528723
1801,1.0601780414581299,0.3995943069458008,0.3995943069458008,0.39936748147010803,0.00027156454407528007
1802,1.0601780414581299,0.3995943069458008,0.3995943069458008,0.39936748147010803,0.0002715645440752797
1803,1.0601780414581299,0.3995943069458008,0.3995943069458008,0.39936748147010803,0.00027151626575928455
1804,1.0601780414581299,0.3995943069458008,0.3995943069458008,0.39936748147010803,0.0002715162657592816
1805,1.0601779222488403,0.3995943069458008,0.3995943069458008,0.39936748147010803,0.0002714988101848145
1806,1.0601780414581299,0.3995943069458008,0.3995943069458008,0.39936748147010803,0.00027149197943712657
1807,1.0601780414581299,0.3995943069458008,0.3995943069458008,0.39936748147010803,0.0002714844287746608
1808,1.0601780414581299,0.3995943069458008,0.3995943069458008,0.39936748147010803,0.0002714528890750144
1809,1.0601780414581299,0.3995943069458008,0.3995943069458008,0.39936748147010803,0.00027145288907501434
1810,1.0601780414581299,0.3995943069458008,0.3995943069458008,0.39936748147010803,0.0002714460440836524
1811,1.0601780414581299,0.3995943069458008,0.3995943069458008,0.39936748147010803,0.0002714065151355878
1812,1.0601780414581299,0.3995943069458008,0.3995943069458008,0.39936748147010803,0.0002713834364687953
1813,1.0601780414581299,0.3995943069458008,0.3995943069458008,0.39936748147010803,0.00027137658972561473
1814,1.0601780414581299,0.3995943069458008,0.3995943069458008,0.39936748147010803,0.00027133626505655896
1815,1.0601780414581299,0.3995943069458008,0.3995943069458008,0.39936748147010803,0.0002713190466920226
1816,1.0601780414581299,0.3995943069458008,0.3995943069458008,0.39936748147010803,0.00027131904669202244
1817,1.0601780414581299,0.3995943069458008,0.3995943069458008,0.39936748147010803,0.00027126403225923387
1818,1.0601780414581299,0.3995943069458008,0.3995943069458008,0.39936748147010803,0.0002712871079880921
1819,1.0601780414581299,0.3995943069458008,0.3995943069458008,0.39936748147010803,0.0002712640322592339
1820,1.0601780414581299,0.3995943069458008,0.3995943069458008,0.39936748147010803,0.00027126403225923376
1821,1.0601780414581299,0.3995943069458008,0.3995943069458008,0.39936748147010803,0.0002712640322592337
1822,1.0601780414581299,0.3995943069458008,0.3995943069458008,0.39936748147010803,0.0002713190466920225
1823,1.0601780414581299,0.3995943069458008,0.3995943069458008,0.39936748147010803,0.000271319046692024
1824,1.0601780414581299,0.3995943069458008,0.3995943069458008,0.39936748147010803,0.00027125876726060094
1825,1.0601780414581299,0.3995943069458008,0.3995943069458008,0.39936748147010803,0.00027125876726060084
1826,1.0601780414581299,0.3995943069458008,0.3995943069458008,0.39936748147010803,0.00027126403225923376
1827,1.0601780414581299,0.3995943069458008,0.3995943069458008,0.39936748147010803,0.00027125529649666064
1828,1.0601781606674194,0.3995943069458008,0.3995943069458008,0.39936748147010803,0.00027121728545079736
1829,1.0601781606674194,0.3995943069458008,0.3995943069458008,0.39936748147010803,0.00027121728545079736
1830,1.0601781606674194,0.3995943069458008,0.3995943069458008,0.39936748147010803,0.0002712089149700245
1831,1.0601781606674194,0.3995943069458008,0.3995943069458008,0.39936748147010803,0.0002712016970240853
1832,1.0601781606674194,0.3995943069458008,0.3995943069458008,0.39936748147010803,0.0002711728102178023
1833,1.0601780414581299,0.3995943069458008,0.3995943069458008,0.39936748147010803,0.0002711323504153277
1834,1.0601780414581299,0.3995943069458008,0.3995943069458008,0.39936748147010803,0.00027113235041532934
1835,1.0601781606674194,0.3995943069458008,0.3995943069458008,0.39936748147010803,0.0002710886344649572
1836,1.0601781606674194,0.3995943069458008,0.3995943069458008,0.39936748147010803,0.00027107356288397764
1837,1.0601780414581299,0.3995943069458008,0.3995943069458008,0.39936748147010803,0.00027102227391372
1838,1.0601781606674194,0.3995943069458008,0.3995943069458008,0.39936748147010803,0.00027100799830811464
1839,1.0601781606674194,0.3995943069458008,0.3995943069458008,0.39936748147010803,0.00027100799830811464
1840,1.0601781606674194,0.3995943069458008,0.3995943069458008,0.39936748147010803,0.00027095171442034625
1841,1.0601781606674194,0.3995943069458008,0.3995943069458008,0.39936748147010803,0.0002709463909038423
1842,1.0601781606674194,0.3995943069458008,0.3995943069458008,0.39936748147010803,0.0002709463909038422
1843,1.0601781606674194,0.3995943069458008,0.3995943069458008,0.39936748147010803,0.00027096237425105113
1844,1.0601781606674194,0.3995943069458008,0.3995943069458008,0.39936748147010803,0.00027096237425105097
1845,1.0601781606674194,0.3995943069458008,0.3995943069458008,0.39936748147010803,0.00027097020168258187
1846,1.0601780414581299,0.3995943069458008,0.3995943069458008,0.39936748147010803,0.00027093904795082125
1847,1.0601780414581299,0.3995943069458008,0.3995943069458008,0.39936748147010803,0.00027093904795082125
1848,1.0601780414581299,0.3995943069458008,0.3995943069458008,0.39936748147010803,0.00027093031482260766
1849,1.0601781606674194,0.3995943069458008,0.3995943069458008,0.39936748147010803,0.00027091590323421636
1850,1.0601781606674194,0.3995943069458008,0.3995943069458008,0.39936748147010803,0.0002708661845821634
1851,1.0601781606674194,0.3995943069458008,0.3995943069458008,0.39936748147010803,0.00027086618458216333
1852,1.0601781606674194,0.3995943069458008,0.3995943069458008,0.39936748147010803,0.00027086618458216344
1853,1.0601780414581299,0.3995943069458008,0.3995943069458008,0.39936748147010803,0.00027085963955865986
1854,1.0601781606674194,0.3995943069458008,0.3995943069458008,0.39936748147010803,0.00027084976270073946
1855,1.0601781606674194,0.3995943069458008,0.3995943069458008,0.39936748147010803,0.00027084976270073946
1856,1.0601781606674194,0.3995943069458008,0.3995943069458008,0.39936748147010803,0.0002707862562635126
1857,1.0601781606674194,0.3995943069458008,0.3995943069458008,0.39936748147010803,0.0002708325527597333
1858,1.0601781606674194,0.3995943069458008,0.3995943069458008,0.39936748147010803,0.0002708143053549786
1859,1.0601781606674194,0.3995943069458008,0.3995943069458008,0.39936748147010803,0.00027076458116824287
1860,1.0601781606674194,0.3995943069458008,0.3995943069458008,0.39936748147010803,0.00027075731201291404
1861,1.0601781606674194,0.3995943069458008,0.3995943069458008,0.39936748147010803,0.00027074139529276474
1862,1.0601781606674194,0.3995943069458008,0.3995943069458008,0.39936748147010803,0.00027071745940292343
1863,1.0601781606674194,0.3995943069458008,0.3995943069458008,0.39936748147010803,0.00027068539721702425
1864,1.0601781606674194,0.3995943069458008,0.3995943069458008,0.39936748147010803,0.00027069266830354754
1865,1.0601781606674194,0.3995943069458008,0.3995943069458008,0.39936748147010803,0.0002706614432489611
1866,1.0601781606674194,0.3995943069458008,0.3995943069458008,0.39936748147010803,0.0002706542238291579
1867,1.0601781606674194,0.3995943069458008,0.3995943069458008,0.39936748147010803,0.0002706542238291617
1868,1.0601781606674194,0.3995943069458008,0.3995943069458008,0.39936748147010803,0.0002706542238291579
1869,1.0601781606674194,0.3995943069458008,0.3995943069458008,0.39936748147010803,0.0002706397844118093
1870,1.0601781606674194,0.3995943069458008,0.3995943069458008,0.39936748147010803,0.00027061431665268364
1871,1.0601781606674194,0.3995943069458008,0.3995943069458008,0.39936748147010803,0.0002706143166526797
1872,1.0601781606674194,0.3995943069458008,0.3995943069458008,0.39936748147010803,0.00027057440359026883
1873,1.0601781606674194,0.3995943069458008,0.3995943069458008,0.39936748147010803,0.00027055469434435236
1874,1.0601781606674194,0.3995943069458008,0.3995943069458008,0.39936748147010803,0.0002705683242091795
1875,1.0601781606674194,0.3995943069458008,0.3995943069458008,0.39936748147010803,0.00027051603326535965
1876,1.0601781606674194,0.3995943069458008,0.3995943069458008,0.39936748147010803,0.0002705012187247329
1877,1.0601781606674194,0.3995943069458008,0.3995943069458008,0.39936748147010803,0.0002705012187247329
1878,1.0601781606674194,0.3995943069458008,0.3995943069458008,0.39936748147010803,0.00027047651288551126
1879,1.0601780414581299,0.3995943069458008,0.3995943069458008,0.39936748147010803,0.00027045942368812735
1880,1.0601780414581299,0.3995943069458008,0.3995943069458008,0.39936748147010803,0.00027043690790870794
1881,1.0601780414581299,0.3995943069458008,0.3995943069458008,0.39936748147010803,0.0002704594236881272
1882,1.0601780414581299,0.3995943069458008,0.3995943069458008,0.39936748147010803,0.00027045942368812855
1883,1.0601781606674194,0.3995943069458008,0.3995943069458008,0.39936748147010803,0.00027047651288551126
1884,1.0601781606674194,0.3995943069458008,0.3995943069458008,0.39936748147010803,0.00027045332858632
1885,1.0601781606674194,0.3995943069458008,0.3995943069458008,0.39936748147010803,0.000270453328586321
1886,1.0601780414581299,0.3995943069458008,0.3995943069458008,0.39936748147010803,0.0002703958649908645
1887,1.0601781606674194,0.3995943069458008,0.3995943069458008,0.39936748147010803,0.0002703948138740262
1888,1.0601781606674194,0.3995943069458008,0.3995943069458008,0.39936748147010803,0.00027041190715455094
1889,1.0601781606674194,0.3995943069458008,0.3995943069458008,0.39936748147010803,0.0002704119071545545
1890,1.0601781606674194,0.3995943069458008,0.3995943069458008,0.39936748147010803,0.00027038798151497647
1891,1.0601781606674194,0.3995943069458008,0.3995943069458008,0.39936748147010803,0.00027036669498187833
1892,1.0601781606674194,0.3995943069458008,0.3995943069458008,0.39936748147010803,0.0002703370224376571
1893,1.0601781606674194,0.3995943069458008,0.3995943069458008,0.39936748147010803,0.00027028494963142084
1894,1.0601781606674194,0.3995943069458008,0.3995943069458008,0.39936748147010803,0.0002702849496314208
1895,1.0601780414581299,0.3995943069458008,0.3995943069458008,0.39936748147010803,0.0002702536380315608
1896,1.0601781606674194,0.3995943069458008,0.3995943069458008,0.39936748147010803,0.00027026908396344385
1897,1.0601781606674194,0.3995943069458008,0.3995943069458008,0.39936748147010803,0.00027023259070677323
1898,1.0601780414581299,0.3995943069458008,0.3995943069458008,0.39936748147010803,0.00027022584627651764
1899,1.0601780414581299,0.3995943069458008,0.3995943069458008,0.39936748147010803,0.00027022584627651774
1900,1.0601780414581299,0.3995943069458008,0.3995943069458008,0.39936748147010803,0.0002702258462765173
1901,1.0601780414581299,0.3995943069458008,0.3995943069458008,0.39936748147010803,0.0002702400185882018
1902,1.0601780414581299,0.3995943069458008,0.3995943069458008,0.39936748147010803,0.00027020012912644907
1903,1.0601779222488403,0.3995943069458008,0.3995943069458008,0.39936748147010803,0.0002701758691417012
1904,1.0601779222488403,0.3995943069458008,0.3995943069458008,0.39936748147010803,0.0002701758691417012
1905,1.0601780414581299,0.3995943069458008,0.3995943069458008,0.39936748147010803,0.0002701775785886574
1906,1.0601781606674194,0.3995943069458008,0.3995943069458008,0.39936748147010803,0.0002701404680088251
1907,1.0601779222488403,0.3995943069458008,0.3995943069458008,0.39936748147010803,0.00027011269091519515
1908,1.0601780414581299,0.3995943069458008,0.3995943069458008,0.39936748147010803,0.00027009101438063874
1909,1.0601780414581299,0.3995943069458008,0.3995943069458008,0.39936748147010803,0.00027008266161083046
1910,1.0601780414581299,0.3995943069458008,0.3995943069458008,0.39936748147010803,0.0002700982883146266
1911,1.0601780414581299,0.3995943069458008,0.3995943069458008,0.39936748147010803,0.00027010593033805445
1912,1.0601779222488403,0.3995943069458008,0.3995943069458008,0.39936748147010803,0.0002700675865094486
1913,1.0601779222488403,0.3995943069458008,0.3995943069458008,0.39936748147010803,0.0002700675865094486
1914,1.0601779222488403,0.3995943069458008,0.3995943069458008,0.39936748147010803,0.00027008321408547283
1915,1.0601780414581299,0.3995943069458008,0.3995943069458008,0.39936748147010803,0.00027006762597416354
1916,1.0601780414581299,0.3995943069458008,0.3995943069458008,0.39936748147010803,0.00027003071079074537
1917,1.0601780414581299,0.3995943069458008,0.3995943069458008,0.39936748147010803,0.00027003071079074537
1918,1.0601780414581299,0.3995943069458008,0.3995943069458008,0.39936748147010803,0.0002700204878395312
1919,1.0601780414581299,0.3995943069458008,0.3995943069458008,0.39936748147010803,0.00026997214395745815
1920,1.0601780414581299,0.3995943069458008,0.3995943069458008,0.39936748147010803,0.00026997214395745885
1921,1.0601780414581299,0.3995943069458008,0.3995943069458008,0.39936748147010803,0.0002699793947757134
1922,1.0601780414581299,0.3995943069458008,0.3995943069458008,0.39936748147010803,0.00026997322303893363
1923,1.0601780414581299,0.3995943069458008,0.3995943069458008,0.39936748147010803,0.0002699259631239438
1924,1.0601780414581299,0.3995943069458008,0.3995943069458008,0.39936748147010803,0.0002699085494903682
1925,1.0601780414581299,0.3995943069458008,0.3995943069458008,0.39936748147010803,0.00026989979618147506
1926,1.0601780414581299,0.3995943069458008,0.3995943069458008,0.39936748147010803,0.000269899796181475
1927,1.0601780414581299,0.3995943069458008,0.3995943069458008,0.39936748147010803,0.000269899796181475
1928,1.0601780414581299,0.3995943069458008,0.3995943069458008,0.39936748147010803,0.000269899796181475
1929,1.0601780414581299,0.3995943069458008,0.3995943069458008,0.39936748147010803,0.0002698997961814751
1930,1.0601781606674194,0.3995943069458008,0.3995943069458008,0.39936748147010803,0.00026985069341166774
1931,1.0601781606674194,0.3995943069458008,0.3995943069458008,0.39936748147010803,0.00026985069341166774
1932,1.0601781606674194,0.3995943069458008,0.3995943069458008,0.39936748147010803,0.0002698383175774742
1933,1.0601781606674194,0.3995943069458008,0.3995943069458008,0.39936748147010803,0.0002698383175774741
1934,1.0601781606674194,0.3995943069458008,0.3995943069458008,0.39936748147010803,0.0002698383175774741
1935,1.0601781606674194,0.3995943069458008,0.3995943069458008,0.39936748147010803,0.00026979765764987933
1936,1.0601781606674194,0.3995943069458008,0.3995943069458008,0.39936748147010803,0.00026978001186281814
1937,1.0601781606674194,0.3995943069458008,0.3995943069458008,0.39936748147010803,0.00026978001186281814
1938,1.0601781606674194,0.3995943069458008,0.3995943069458008,0.39936748147010803,0.00026977392774926024
1939,1.0601781606674194,0.3995943069458008,0.3995943069458008,0.39936748147010803,0.0002697321122176644
1940,1.0601781606674194,0.3995943069458008,0.3995943069458008,0.39936748147010803,0.0002697321122176644
1941,1.0601781606674194,0.3995943069458008,0.3995943069458008,0.39936748147010803,0.00026970782330765875
1942,1.060178279876709,0.3995943069458008,0.3995943069458008,0.39936748147010803,0.0002696800675205953
1943,1.060178279876709,0.3995943069458008,0.3995943069458008,0.39936748147010803,0.0002696800675205953
1944,1.060178279876709,0.3995943069458008,0.3995943069458008,0.39936748147010803,0.00026966943604723776
1945,1.060178279876709,0.3995943069458008,0.3995943069458008,0.39936748147010803,0.0002696386327084329
1946,1.0601781606674194,0.3995943069458008,0.3995943069458008,0.39936748147010803,0.00026965381084121385
1947,1.0601781606674194,0.3995943069458008,0.3995943069458008,0.39936748147010803,0.000269623018893889
1948,1.060178279876709,0.3995943069458008,0.3995943069458008,0.39936748147010803,0.00026963010780951894
1949,1.0601781606674194,0.3995943069458008,0.3995943069458008,0.39936748147010803,0.0002695992209106819
1950,1.0601781606674194,0.3995943069458008,0.3995943069458008,0.39936748147010803,0.00026958326217166485
1951,1.0601781606674194,0.3995943069458008,0.3995943069458008,0.39936748147010803,0.0002695600801238835
1952,1.0601781606674194,0.3995943069458008,0.3995943069458008,0.39936748147010803,0.0002695600801238841
1953,1.0601781606674194,0.3995943069458008,0.3995943069458008,0.39936748147010803,0.00026956008012388367
1954,1.0601781606674194,0.3995943069458008,0.3995943069458008,0.39936748147010803,0.00026954552937230656
1955,1.0601781606674194,0.3995943069458008,0.3995943069458008,0.39936748147010803,0.0002695377132910507
1956,1.0601781606674194,0.3995943069458008,0.3995943069458008,0.39936748147010803,0.000269522502257229
1957,1.0601781606674194,0.3995943069458008,0.3995943069458008,0.39936748147010803,0.000269522502257229
1958,1.060178279876709,0.3995943069458008,0.3995943069458008,0.39936748147010803,0.00026952196181475896
1959,1.0601781606674194,0.3995943069458008,0.3995943069458008,0.39936748147010803,0.0002694966916239081
1960,1.0601781606674194,0.3995943069458008,0.3995943069458008,0.39936748147010803,0.0002694966916239081
1961,1.0601781606674194,0.3995943069458008,0.3995943069458008,0.39936748147010803,0.00026950450889485106
1962,1.060178279876709,0.3995943069458008,0.3995943069458008,0.39936748147010803,0.0002694573777276314
1963,1.0601779222488403,0.3995943069458008,0.3995943069458008,0.39936748147010803,0.0002694355298002101
1964,1.0601781606674194,0.3995943069458008,0.3995943069458008,0.39936748147010803,0.0002694264050960641
1965,1.0601781606674194,0.3995943069458008,0.3995943069458008,0.39936748147010803,0.0002694420303041216
1966,1.0601781606674194,0.3995943069458008,0.3995943069458008,0.39936748147010803,0.0002694420303041216
1967,1.0601781606674194,0.3995943069458008,0.3995943069458008,0.39936748147010803,0.00026940555688837614
1968,1.0601781606674194,0.3995943069458008,0.3995943069458008,0.39936748147010803,0.0002693968004237812
1969,1.0601781606674194,0.3995943069458008,0.3995943069458008,0.39936748147010803,0.0002693968004237812
1970,1.0601781606674194,0.3995943069458008,0.3995943069458008,0.39936748147010803,0.0002693639083892671
1971,1.0601781606674194,0.3995943069458008,0.3995943069458008,0.39936748147010803,0.00026933122339184635
1972,1.0601781606674194,0.3995943069458008,0.3995943069458008,0.39936748147010803,0.00026931526196383046
1973,1.0601781606674194,0.3995943069458008,0.3995943069458008,0.39936748147010803,0.0002693152619638292
1974,1.0601781606674194,0.3995943069458008,0.3995943069458008,0.39936748147010803,0.0002692801171051537
1975,1.0601781606674194,0.3995943069458008,0.3995943069458008,0.39936748147010803,0.00026927611948272714
1976,1.0601781606674194,0.3995943069458008,0.3995943069458008,0.39936748147010803,0.00026927611948272725
1977,1.0601781606674194,0.3995943069458008,0.3995943069458008,0.39936748147010803,0.00026927611948272714
1978,1.0601781606674194,0.3995943069458008,0.3995943069458008,0.39936748147010803,0.00026927611948272714
1979,1.0601779222488403,0.3995943069458008,0.3995943069458008,0.39936748147010803,0.0002692178635638655
1980,1.0601779222488403,0.3995943069458008,0.3995943069458008,0.39936748147010803,0.0002692178635638655
1981,1.0601780414581299,0.3995943069458008,0.3995943069458008,0.39936748147010803,0.0002692110145315263
1982,1.0601780414581299,0.3995943069458008,0.3995943069458008,0.39936748147010803,0.0002692170189912615
1983,1.0601781606674194,0.3995943069458008,0.3995943069458008,0.39936748147010803,0.0002692080848344272
1984,1.0601779222488403,0.3995943069458008,0.3995943069458008,0.39936748147010803,0.00026919125825393956
1985,1.0601780414581299,0.3995943069458008,0.3995943069458008,0.39936748147010803,0.00026915285011815983
1986,1.0601780414581299,0.3995943069458008,0.3995943069458008,0.39936748147010803,0.0002691528501181598
1987,1.0601781606674194,0.3995943069458008,0.3995943069458008,0.39936748147010803,0.0002692080848344272
1988,1.0601781606674194,0.3995943069458008,0.3995943069458008,0.39936748147010803,0.0002692080848344272
1989,1.0601781606674194,0.3995943069458008,0.3995943069458008,0.39936748147010803,0.0002691786277295394
1990,1.0601781606674194,0.3995943069458008,0.3995943069458008,0.39936748147010803,0.00026916236687147296
1991,1.0601780414581299,0.3995943069458008,0.3995943069458008,0.39936748147010803,0.00026912132759444884
1992,1.0601781606674194,0.3995943069458008,0.3995943069458008,0.39936748147010803,0.0002690920590313785
1993,1.0601781606674194,0.3995943069458008,0.3995943069458008,0.39936748147010803,0.00026909205903137844
1994,1.0601781606674194,0.3995943069458008,0.3995943069458008,0.39936748147010803,0.0002690920590313784
1995,1.0601781606674194,0.3995943069458008,0.3995943069458008,0.39936748147010803,0.0002691004821556457
1996,1.0601781606674194,0.3995943069458008,0.3995943069458008,0.39936748147010803,0.00026905214462413194
1997,1.0601781606674194,0.3995943069458008,0.3995943069458008,0.39936748147010803,0.0002690674086560336
1998,1.0601781606674194,0.3995943069458008,0.3995943069458008,0.39936748147010803,0.00026905144478183877
1999,1.0601781606674194,0.3995943069458008,0.3995943069458008,0.39936748147010803,0.00026902795279287555
2000,1.0601781606674194,0.3995943069458008,0.3995943069458008,0.39936748147010803,0.00026900324371527715
2001,1.0601781606674194,0.3995943069458008,0.3995943069458008,0.39936748147010803,0.00026900324371527493
2002,1.0601781606674194,0.3995943069458008,0.3995943069458008,0.39936748147010803,0.00026900324371527493
2003,1.0601781606674194,0.3995943069458008,0.3995943069458008,0.39936748147010803,0.0002689739755112289
2004,1.0601781606674194,0.3995943069458008,0.3995943069458008,0.39936748147010803,0.00026896561446920644
2005,1.0601781606674194,0.3995943069458008,0.3995943069458008,0.39936748147010803,0.00026892587945623087
2006,1.0601781606674194,0.3995943069458008,0.3995943069458008,0.39936748147010803,0.00026892587945622886
2007,1.0601781606674194,0.3995943069458008,0.3995943069458008,0.39936748147010803,0.0002689425244913449
2008,1.0601781606674194,0.3995943069458008,0.3995943069458008,0.39936748147010803,0.00026894252449134374
2009,1.0601781606674194,0.3995943069458008,0.3995943069458008,0.39936748147010803,0.00026892587945622886
2010,1.0601781606674194,0.3995943069458008,0.3995943069458008,0.39936748147010803,0.0002688779729946434
2011,1.0601781606674194,0.3995943069458008,0.3995943069458008,0.39936748147010803,0.00026887797299464535
2012,1.0601781606674194,0.3995943069458008,0.3995943069458008,0.39936748147010803,0.00026888697097058836
2013,1.0601781606674194,0.3995943069458008,0.3995943069458008,0.39936748147010803,0.00026888697097058906
2014,1.0601781606674194,0.3995943069458008,0.3995943069458008,0.39936748147010803,0.0002688869709705883
2015,1.0601781606674194,0.3995943069458008,0.3995943069458008,0.39936748147010803,0.00026887151170722716
2016,1.0601781606674194,0.3995943069458008,0.3995943069458008,0.39936748147010803,0.0002688418723602617
2017,1.0601781606674194,0.3995943069458008,0.3995943069458008,0.39936748147010803,0.0002688342604803398
2018,1.0601781606674194,0.3995943069458008,0.3995943069458008,0.39936748147010803,0.00026883426048033573
2019,1.0601781606674194,0.3995943069458008,0.3995943069458008,0.39936748147010803,0.00026882712414716853
2020,1.0601781606674194,0.3995943069458008,0.3995943069458008,0.39936748147010803,0.0002688107759439611
2021,1.0601781606674194,0.3995943069458008,0.3995943069458008,0.39936748147010803,0.0002687857296784031
2022,1.0601781606674194,0.3995943069458008,0.3995943069458008,0.39936748147010803,0.00026875379395695134
2023,1.0601781606674194,0.3995943069458008,0.3995943069458008,0.39936748147010803,0.0002687537939569568
2024,1.0601781606674194,0.3995943069458008,0.3995943069458008,0.39936748147010803,0.0002687454392844011
2025,1.0601781606674194,0.3995943069458008,0.3995943069458008,0.39936748147010803,0.0002687008854581062
2026,1.0601781606674194,0.3995943069458008,0.3995943069458008,0.39936748147010803,0.0002687008854581066
2027,1.0601781606674194,0.3995943069458008,0.3995943069458008,0.39936748147010803,0.0002686878748761294
2028,1.0601781606674194,0.3995943069458008,0.3995943069458008,0.39936748147010803,0.0002686931505843912
2029,1.0601781606674194,0.3995943069458008,0.3995943069458008,0.39936748147010803,0.0002686441182053393
2030,1.0601781606674194,0.3995943069458008,0.3995943069458008,0.39936748147010803,0.00026865939219562437
2031,1.0601781606674194,0.3995943069458008,0.3995943069458008,0.39936748147010803,0.0002685986084677036
2032,1.0601781606674194,0.3995943069458008,0.3995943069458008,0.39936748147010803,0.0002685986084677043
2033,1.0601781606674194,0.3995943069458008,0.3995943069458008,0.39936748147010803,0.0002686388415341482
2034,1.0601781606674194,0.3995943069458008,0.3995943069458008,0.39936748147010803,0.00026863884153414887
2035,1.0601783990859985,0.3995943069458008,0.3995943069458008,0.39936748147010803,0.0002686465911960174
2036,1.0601781606674194,0.3995943069458008,0.3995943069458008,0.39936748147010803,0.00026863884153414735
2037,1.0601781606674194,0.3995943069458008,0.3995943069458008,0.39936748147010803,0.00026863884153415055
2038,1.0601781606674194,0.3995943069458008,0.3995943069458008,0.39936748147010803,0.00026860460016421854
2039,1.0601781606674194,0.3995943069458008,0.3995943069458008,0.39936748147010803,0.00026855908372989815
2040,1.0601781606674194,0.3995943069458008,0.3995943069458008,0.39936748147010803,0.0002685590837298989
2041,1.0601781606674194,0.3995943069458008,0.3995943069458008,0.39936748147010803,0.00026855908372989837
2042,1.0601781606674194,0.3995943069458008,0.3995943069458008,0.39936748147010803,0.0002685439892479953
2043,1.0601781606674194,0.3995943069458008,0.3995943069458008,0.39936748147010803,0.0002685359984864292
2044,1.0601781606674194,0.3995943069458008,0.3995943069458008,0.39936748147010803,0.0002685281794812923
2045,1.0601781606674194,0.3995943069458008,0.3995943069458008,0.39936748147010803,0.000268561438445492
2046,1.0601781606674194,0.3995943069458008,0.3995943069458008,0.39936748147010803,0.00026851336111429283
2047,1.0601781606674194,0.3995943069458008,0.3995943069458008,0.39936748147010803,0.0002685133611142922
2048,1.060178279876709,0.3995943069458008,0.3995943069458008,0.39936748147010803,0.0002684666117453712
2049,1.060178279876709,0.3995943069458008,0.3995943069458008,0.39936748147010803,0.00026846661174537124
2050,1.060178279876709,0.3995943069458008,0.3995943069458008,0.39936748147010803,0.000268466611745372
2051,1.0601781606674194,0.3995943069458008,0.3995943069458008,0.39936748147010803,0.00026843544538792595
2052,1.0601781606674194,0.3995943069458008,0.3995943069458008,0.39936748147010803,0.0002684282190405388
2053,1.0601779222488403,0.3995943069458008,0.3995943069458008,0.39936748147010803,0.0002683699776370338
2054,1.0601780414581299,0.3995943069458008,0.3995943069458008,0.39936748147010803,0.00026837874112867573
2055,1.0601781606674194,0.3995943069458008,0.3995943069458008,0.39936748147010803,0.00026840165458614
2056,1.0601781606674194,0.3995943069458008,0.3995943069458008,0.39936748147010803,0.00026840165458612357
2057,1.0601781606674194,0.3995943069458008,0.3995943069458008,0.39936748147010803,0.00026840165458612357
2058,1.0601781606674194,0.3995943069458008,0.3995943069458008,0.39936748147010803,0.00026836174340074195
2059,1.0601781606674194,0.3995943069458008,0.3995943069458008,0.39936748147010803,0.00026832281931407653
2060,1.0601781606674194,0.3995943069458008,0.3995943069458008,0.39936748147010803,0.0002683228193140761
2061,1.0601781606674194,0.3995943069458008,0.3995943069458008,0.39936748147010803,0.0002683228193140768
2062,1.0601781606674194,0.3995943069458008,0.3995943069458008,0.39936748147010803,0.0002683163578988501
2063,1.0601781606674194,0.3995943069458008,0.3995943069458008,0.39936748147010803,0.00026835528292272395
2064,1.0601779222488403,0.3995943069458008,0.3995943069458008,0.39936748147010803,0.0002683156958598134
2065,1.0601779222488403,0.3995943069458008,0.3995943069458008,0.39936748147010803,0.00026832522906434635
2066,1.0601779222488403,0.3995943069458008,0.3995943069458008,0.39936748147010803,0.00026830264011627107
2067,1.0601779222488403,0.3995943069458008,0.3995943069458008,0.39936748147010803,0.00026830264011627107
2068,1.0601779222488403,0.3995943069458008,0.3995943069458008,0.39936748147010803,0.0002683026401162722
2069,1.0601779222488403,0.3995943069458008,0.3995943069458008,0.39936748147010803,0.000268286643978252
2070,1.0601779222488403,0.3995943069458008,0.3995943069458008,0.39936748147010803,0.0002682857037782155
2071,1.0601779222488403,0.3995943069458008,0.3995943069458008,0.39936748147010803,0.0002682696933872622
2072,1.0601779222488403,0.3995943069458008,0.3995943069458008,0.39936748147010803,0.00026824709976256165
2073,1.0601779222488403,0.3995943069458008,0.3995943069458008,0.39936748147010803,0.0002682322658674438
2074,1.0601781606674194,0.3995943069458008,0.3995943069458008,0.39936748147010803,0.0002681995754240962
2075,1.0601781606674194,0.3995943069458008,0.3995943069458008,0.39936748147010803,0.0002681995754240942
2076,1.0601781606674194,0.3995943069458008,0.3995943069458008,0.39936748147010803,0.00026819274012759603
2077,1.0601781606674194,0.3995943069458008,0.3995943069458008,0.39936748147010803,0.00026816081327669196
2078,1.0601781606674194,0.3995943069458008,0.3995943069458008,0.39936748147010803,0.00026813605079042393
2079,1.0601781606674194,0.3995943069458008,0.3995943069458008,0.39936748147010803,0.00026813605079042605
2080,1.0601781606674194,0.3995943069458008,0.3995943069458008,0.39936748147010803,0.0002681292006245142
2081,1.0601781606674194,0.3995943069458008,0.3995943069458008,0.39936748147010803,0.0002680908126073811
2082,1.0601781606674194,0.3995943069458008,0.3995943069458008,0.39936748147010803,0.00026811235933721806
2083,1.0601781606674194,0.3995943069458008,0.3995943069458008,0.39936748147010803,0.000268112359337221
2084,1.0601781606674194,0.3995943069458008,0.3995943069458008,0.39936748147010803,0.0002680739689084235
2085,1.0601781606674194,0.3995943069458008,0.3995943069458008,0.39936748147010803,0.0002680739689084238
2086,1.0601781606674194,0.3995943069458008,0.3995943069458008,0.39936748147010803,0.0002680739689084279
2087,1.0601781606674194,0.3995943069458008,0.3995943069458008,0.39936748147010803,0.0002680739689084238
2088,1.0601781606674194,0.3995943069458008,0.3995943069458008,0.39936748147010803,0.0002680739689084251
2089,1.0601781606674194,0.3995943069458008,0.3995943069458008,0.39936748147010803,0.00026807396890842405
2090,1.0601781606674194,0.3995943069458008,0.3995943069458008,0.39936748147010803,0.00026806522195961676
2091,1.0601781606674194,0.3995943069458008,0.3995943069458008,0.39936748147010803,0.00026806013269442585
2092,1.0601781606674194,0.3995943069458008,0.3995943069458008,0.39936748147010803,0.0002680517696555848
2093,1.0601781606674194,0.3995943069458008,0.3995943069458008,0.39936748147010803,0.0002680517696555858
2094,1.0601781606674194,0.3995943069458008,0.3995943069458008,0.39936748147010803,0.0002680030706454288
2095,1.0601781606674194,0.3995943069458008,0.3995943069458008,0.39936748147010803,0.00026799742342665205
2096,1.0601781606674194,0.3995943069458008,0.3995943069458008,0.39936748147010803,0.00026797485987674585
2097,1.0601781606674194,0.3995943069458008,0.3995943069458008,0.39936748147010803,0.0002679254573638482
2098,1.0601781606674194,0.3995943069458008,0.3995943069458008,0.39936748147010803,0.0002679254573638481
2099,1.0601781606674194,0.3995943069458008,0.3995943069458008,0.39936748147010803,0.00026793456688568943
2100,1.0601781606674194,0.3995943069458008,0.3995943069458008,0.39936748147010803,0.0002679345668856912
2101,1.0601781606674194,0.3995943069458008,0.3995943069458008,0.39936748147010803,0.00026789389650851825
2102,1.0601781606674194,0.3995943069458008,0.3995943069458008,0.39936748147010803,0.00026788515694208854
2103,1.0601781606674194,0.3995943069458008,0.3995943069458008,0.39936748147010803,0.0002678851569420887
2104,1.0601781606674194,0.3995943069458008,0.3995943069458008,0.39936748147010803,0.0002679345668856891
2105,1.0601781606674194,0.3995943069458008,0.3995943069458008,0.39936748147010803,0.00026792051130740776
2106,1.0601781606674194,0.3995943069458008,0.3995943069458008,0.39936748147010803,0.0002678851569420885
2107,1.0601781606674194,0.3995943069458008,0.3995943069458008,0.39936748147010803,0.00026787109877119704
2108,1.0601781606674194,0.3995943069458008,0.3995943069458008,0.39936748147010803,0.0002678563766881823
2109,1.0601781606674194,0.3995943069458008,0.3995943069458008,0.39936748147010803,0.0002678324217317866
2110,1.0601781606674194,0.3995943069458008,0.3995943069458008,0.39936748147010803,0.0002678324217317867
2111,1.0601781606674194,0.3995943069458008,0.3995943069458008,0.39936748147010803,0.0002678324217317866
2112,1.0601781606674194,0.3995943069458008,0.3995943069458008,0.39936748147010803,0.0002678324217317866
2113,1.0601781606674194,0.3995943069458008,0.3995943069458008,0.39936748147010803,0.00026783242173178656
2114,1.0601781606674194,0.3995943069458008,0.3995943069458008,0.39936748147010803,0.0002678103749118866
2115,1.0601781606674194,0.3995943069458008,0.3995943069458008,0.39936748147010803,0.00026780191121011666
2116,1.0601781606674194,0.3995943069458008,0.3995943069458008,0.39936748147010803,0.000267772989332665
2117,1.0601781606674194,0.3995943069458008,0.3995943069458008,0.39936748147010803,0.0002677804456384497
2118,1.0601781606674194,0.3995943069458008,0.3995943069458008,0.39936748147010803,0.00026778044563844933
2119,1.0601781606674194,0.3995943069458008,0.3995943069458008,0.39936748147010803,0.00026776197697104924
2120,1.0601781606674194,0.3995943069458008,0.3995943069458008,0.39936748147010803,0.0002677300385608514
2121,1.0601781606674194,0.3995943069458008,0.3995943069458008,0.39936748147010803,0.00026773749606278524
2122,1.060178279876709,0.3995943069458008,0.3995943069458008,0.39936748147010803,0.0002677404551207581
2123,1.0601781606674194,0.3995943069458008,0.3995943069458008,0.39936748147010803,0.0002676920976252
2124,1.0601781606674194,0.3995943069458008,0.3995943069458008,0.39936748147010803,0.0002676582660719543
2125,1.0601781606674194,0.3995943069458008,0.3995943069458008,0.39936748147010803,0.0002676582660719543
2126,1.0601781606674194,0.3995943069458008,0.3995943069458008,0.39936748147010803,0.0002676779762256714
2127,1.0601783990859985,0.3995943069458008,0.3995943069458008,0.39936748147010803,0.0002676616374738709
2128,1.0601783990859985,0.3995943069458008,0.3995943069458008,0.39936748147010803,0.00026766163747387093
2129,1.0601781606674194,0.3995943069458008,0.3995943069458008,0.39936748147010803,0.00026762035478661604
2130,1.0601781606674194,0.3995943069458008,0.3995943069458008,0.39936748147010803,0.00026762035478661165
2131,1.0601781606674194,0.3995943069458008,0.3995943069458008,0.39936748147010803,0.0002676203547866114
2132,1.0601780414581299,0.3995943069458008,0.3995943069458008,0.39936748147010803,0.00026758043328324203
2133,1.0601780414581299,0.3995943069458008,0.3995943069458008,0.39936748147010803,0.0002675804332832429
2134,1.0601781606674194,0.3995943069458008,0.3995943069458008,0.39936748147010803,0.00026759644508371315
2135,1.0601781606674194,0.3995943069458008,0.3995943069458008,0.39936748147010803,0.0002676037071682777
2136,1.0601781606674194,0.3995943069458008,0.3995943069458008,0.39936748147010803,0.0002676037071682777
2137,1.0601781606674194,0.3995943069458008,0.3995943069458008,0.39936748147010803,0.0002675797561461857
2138,1.0601781606674194,0.3995943069458008,0.3995943069458008,0.39936748147010803,0.0002675797561461857
2139,1.0601781606674194,0.3995943069458008,0.3995943069458008,0.39936748147010803,0.00026757249341157575
2140,1.0601781606674194,0.3995943069458008,0.3995943069458008,0.39936748147010803,0.00026755648017772686
2141,1.0601781606674194,0.3995943069458008,0.3995943069458008,0.39936748147010803,0.0002675329233140512
2142,1.0601781606674194,0.3995943069458008,0.3995943069458008,0.39936748147010803,0.0002675329233140513
2143,1.0601781606674194,0.3995943069458008,0.3995943069458008,0.39936748147010803,0.0002675489379578159
2144,1.0601781606674194,0.3995943069458008,0.3995943069458008,0.39936748147010803,0.00026751889975415254
2145,1.0601780414581299,0.3995943069458008,0.3995943069458008,0.39936748147010803,0.000267508341759511
2146,1.0601781606674194,0.3995943069458008,0.3995943069458008,0.39936748147010803,0.00026747831227908457
2147,1.0601781606674194,0.3995943069458008,0.3995943069458008,0.39936748147010803,0.0002674703295280162
2148,1.0601781606674194,0.3995943069458008,0.3995943069458008,0.39936748147010803,0.0002674703295280162
2149,1.0601781606674194,0.3995943069458008,0.3995943069458008,0.39936748147010803,0.0002674703295280162
2150,1.0601781606674194,0.3995943069458008,0.3995943069458008,0.39936748147010803,0.0002674504446679258
2151,1.0601780414581299,0.3995943069458008,0.3995943069458008,0.39936748147010803,0.0002674470573199396
2152,1.0601779222488403,0.3995943069458008,0.3995943069458008,0.39936748147010803,0.0002674470573199396
2153,1.0601779222488403,0.3995943069458008,0.3995943069458008,0.39936748147010803,0.00026741930601836703
2154,1.0601779222488403,0.3995943069458008,0.3995943069458008,0.39936748147010803,0.0002674193060183673
2155,1.0601779222488403,0.3995943069458008,0.3995943069458008,0.39936748147010803,0.00026741930601836703
2156,1.0601779222488403,0.3995943069458008,0.3995943069458008,0.39936748147010803,0.0002674018221496302
2157,1.0601780414581299,0.3995943069458008,0.3995943069458008,0.39936748147010803,0.00026737787961767526
2158,1.0601780414581299,0.3995943069458008,0.3995943069458008,0.39936748147010803,0.00026737787961767526
2159,1.0601781606674194,0.3995943069458008,0.3995943069458008,0.39936748147010803,0.00026738443014605643
2160,1.0601781606674194,0.3995943069458008,0.3995943069458008,0.39936748147010803,0.00026734407474572223
2161,1.0601781606674194,0.3995943069458008,0.3995943069458008,0.39936748147010803,0.0002673368587654742
2162,1.0601781606674194,0.3995943069458008,0.3995943069458008,0.39936748147010803,0.0002673368587654742
2163,1.0601781606674194,0.3995943069458008,0.3995943069458008,0.39936748147010803,0.0002672973335325843
2164,1.0601779222488403,0.3995943069458008,0.3995943069458008,0.39936748147010803,0.00026727678448180785
2165,1.0601780414581299,0.3995943069458008,0.3995943069458008,0.39936748147010803,0.0002672562604376081
2166,1.0601780414581299,0.3995943069458008,0.3995943069458008,0.39936748147010803,0.0002672562604376081
2167,1.0601780414581299,0.3995943069458008,0.3995943069458008,0.39936748147010803,0.0002672562604376081
2168,1.0601780414581299,0.3995943069458008,0.3995943069458008,0.39936748147010803,0.0002672562604376081
2169,1.0601779222488403,0.3995943069458008,0.3995943069458008,0.39936748147010803,0.0002672023241371692
2170,1.0601779222488403,0.3995943069458008,0.3995943069458008,0.39936748147010803,0.0002672470480322202
2171,1.0601779222488403,0.3995943069458008,0.3995943069458008,0.39936748147010803,0.0002672470480322202
2172,1.0601779222488403,0.3995943069458008,0.3995943069458008,0.39936748147010803,0.0002672228523239451
2173,1.0601779222488403,0.3995943069458008,0.3995943069458008,0.39936748147010803,0.000267262401864785
2174,1.0601781606674194,0.3995943069458008,0.3995943069458008,0.39936748147010803,0.0002672973335325843
2175,1.0601779222488403,0.3995943069458008,0.3995943069458008,0.39936748147010803,0.00026728659399289875
2176,1.0601779222488403,0.3995943069458008,0.3995943069458008,0.39936748147010803,0.0002672228523239451
2177,1.0601779222488403,0.3995943069458008,0.3995943069458008,0.39936748147010803,0.0002672228523239451
2178,1.0601779222488403,0.3995943069458008,0.3995943069458008,0.39936748147010803,0.0002672023241371692
2179,1.0601780414581299,0.3995943069458008,0.3995943069458008,0.39936748147010803,0.0002672265217041446
2180,1.0601780414581299,0.3995943069458008,0.3995943069458008,0.39936748147010803,0.0002672265217041446
2181,1.0601781606674194,0.3995943069458008,0.3995943069458008,0.39936748147010803,0.000267217029073677
2182,1.0601781606674194,0.3995943069458008,0.3995943069458008,0.39936748147010803,0.0002671757175795777
2183,1.0601781606674194,0.3995943069458008,0.3995943069458008,0.39936748147010803,0.0002671757175795777
2184,1.0601781606674194,0.3995943069458008,0.3995943069458008,0.39936748147010803,0.00026714531823938595
2185,1.0601781606674194,0.3995943069458008,0.3995943069458008,0.39936748147010803,0.0002671207276158827
2186,1.0601781606674194,0.3995943069458008,0.3995943069458008,0.39936748147010803,0.00026710589767082056
2187,1.0601781606674194,0.3995943069458008,0.3995943069458008,0.39936748147010803,0.00026710589767082056
2188,1.0601781606674194,0.3995943069458008,0.3995943069458008,0.39936748147010803,0.00026708754197974374
2189,1.0601781606674194,0.3995943069458008,0.3995943069458008,0.39936748147010803,0.0002670588354062522
2190,1.0601781606674194,0.3995943069458008,0.3995943069458008,0.39936748147010803,0.0002670588354062522
2191,1.0601781606674194,0.3995943069458008,0.3995943069458008,0.39936748147010803,0.0002670588354062522
2192,1.0601781606674194,0.3995943069458008,0.3995943069458008,0.39936748147010803,0.0002670588354062522
2193,1.0601781606674194,0.3995943069458008,0.3995943069458008,0.39936748147010803,0.0002670588354062522
2194,1.0601781606674194,0.3995943069458008,0.3995943069458008,0.39936748147010803,0.0002670588354062522
2195,1.0601781606674194,0.3995943069458008,0.3995943069458008,0.39936748147010803,0.00026704401532793676
2196,1.0601781606674194,0.3995943069458008,0.3995943069458008,0.39936748147010803,0.00026704401532793676
2197,1.0601781606674194,0.3995943069458008,0.3995943069458008,0.39936748147010803,0.0002670037282294547
2198,1.0601781606674194,0.3995943069458008,0.3995943069458008,0.39936748147010803,0.0002670037282294547
2199,1.0601781606674194,0.3995943069458008,0.3995943069458008,0.39936748147010803,0.0002670037282294547
2200,1.0601781606674194,0.3995943069458008,0.3995943069458008,0.39936748147010803,0.0002670037282294547
2201,1.0601781606674194,0.3995943069458008,0.3995943069458008,0.39936748147010803,0.00026697205840933507
2202,1.0601781606674194,0.3995943069458008,0.3995943069458008,0.39936748147010803,0.00026697205840933507
2203,1.0601781606674194,0.3995943069458008,0.3995943069458008,0.39936748147010803,0.00026697205840933507
2204,1.0601781606674194,0.3995943069458008,0.3995943069458008,0.39936748147010803,0.0002669663494580937
2205,1.0601781606674194,0.3995943069458008,0.3995943069458008,0.39936748147010803,0.0002669578323808315
2206,1.0601781606674194,0.3995943069458008,0.3995943069458008,0.39936748147010803,0.0002669578323808315
2207,1.0601781606674194,0.3995943069458008,0.3995943069458008,0.39936748147010803,0.0002669319867111165
2208,1.0601781606674194,0.3995943069458008,0.3995943069458008,0.39936748147010803,0.00026694050461301773
2209,1.0601781606674194,0.3995943069458008,0.3995943069458008,0.39936748147010803,0.00026692340198809474
2210,1.0601781606674194,0.3995943069458008,0.3995943069458008,0.39936748147010803,0.00026689413199645033
2211,1.0601781606674194,0.3995943069458008,0.3995943069458008,0.39936748147010803,0.000266885612614524
2212,1.0601781606674194,0.3995943069458008,0.3995943069458008,0.39936748147010803,0.000266885612614524
2213,1.0601781606674194,0.3995943069458008,0.3995943069458008,0.39936748147010803,0.0002668700374163825
2214,1.0601781606674194,0.3995943069458008,0.3995943069458008,0.39936748147010803,0.00026686167702058837
2215,1.0601781606674194,0.3995943069458008,0.3995943069458008,0.39936748147010803,0.00026686167702058837
2216,1.0601781606674194,0.3995943069458008,0.3995943069458008,0.39936748147010803,0.00026686167702058837
2217,1.0601779222488403,0.3995943069458008,0.3995943069458008,0.39936748147010803,0.0002668235460342446
2218,1.0601779222488403,0.3995943069458008,0.3995943069458008,0.39936748147010803,0.0002668235460342446
2219,1.0601779222488403,0.3995943069458008,0.3995943069458008,0.39936748147010803,0.00026679245406384465
2220,1.0601779222488403,0.3995943069458008,0.3995943069458008,0.39936748147010803,0.00026679245406384465
2221,1.0601779222488403,0.3995943069458008,0.3995943069458008,0.39936748147010803,0.00026679245406384465
2222,1.0601779222488403,0.3995943069458008,0.3995943069458008,0.39936748147010803,0.00026679245406384465
2223,1.0601779222488403,0.3995943069458008,0.3995943069458008,0.39936748147010803,0.0002668235460342446
2224,1.0601779222488403,0.3995943069458008,0.3995943069458008,0.39936748147010803,0.00026681682195370114
2225,1.0601779222488403,0.3995943069458008,0.3995943069458008,0.39936748147010803,0.00026681682195370114
2226,1.0601780414581299,0.3995943069458008,0.3995943069458008,0.39936748147010803,0.00026679161512964595
2227,1.0601780414581299,0.3995943069458008,0.3995943069458008,0.39936748147010803,0.00026678286608721927
2228,1.0601779222488403,0.3995943069458008,0.3995943069458008,0.39936748147010803,0.0002667605194375756
2229,1.0601780414581299,0.3995943069458008,0.3995943069458008,0.39936748147010803,0.0002667517693752587
2230,1.0601780414581299,0.3995943069458008,0.3995943069458008,0.39936748147010803,0.0002667517693752587
2231,1.0601781606674194,0.3995943069458008,0.3995943069458008,0.39936748147010803,0.0002667141421682509
2232,1.0601781606674194,0.3995943069458008,0.3995943069458008,0.39936748147010803,0.0002667141421682509
2233,1.0601781606674194,0.3995943069458008,0.3995943069458008,0.39936748147010803,0.0002667069224653124
2234,1.0601781606674194,0.3995943069458008,0.3995943069458008,0.39936748147010803,0.0002666903643642054
2235,1.0601781606674194,0.3995943069458008,0.3995943069458008,0.39936748147010803,0.0002666903643642054
2236,1.0601781606674194,0.3995943069458008,0.3995943069458008,0.39936748147010803,0.0002666903643642054
2237,1.0601781606674194,0.3995943069458008,0.3995943069458008,0.39936748147010803,0.00026666907576956725
2238,1.0601781606674194,0.3995943069458008,0.3995943069458008,0.39936748147010803,0.0002666662513727513
2239,1.0601781606674194,0.3995943069458008,0.3995943069458008,0.39936748147010803,0.0002666662513727513
2240,1.0601781606674194,0.3995943069458008,0.3995943069458008,0.39936748147010803,0.0002666729792498876
2241,1.0601781606674194,0.3995943069458008,0.3995943069458008,0.39936748147010803,0.00026660373394990836
2242,1.0601781606674194,0.3995943069458008,0.3995943069458008,0.39936748147010803,0.00026664196298992865
2243,1.0601781606674194,0.3995943069458008,0.3995943069458008,0.39936748147010803,0.00026660373394990836
2244,1.0601779222488403,0.3995943069458008,0.3995943069458008,0.39936748147010803,0.00026660373394990836
2245,1.0601780414581299,0.3995943069458008,0.3995943069458008,0.39936748147010803,0.00026663523433017417
2246,1.0601781606674194,0.3995943069458008,0.3995943069458008,0.39936748147010803,0.00026660406709522915
2247,1.0601781606674194,0.3995943069458008,0.3995943069458008,0.39936748147010803,0.00026660406709522915
2248,1.0601781606674194,0.3995943069458008,0.3995943069458008,0.39936748147010803,0.00026660406709522915
2249,1.0601780414581299,0.3995943069458008,0.3995943069458008,0.39936748147010803,0.0002665363634117132
2250,1.0601781606674194,0.3995943069458008,0.3995943069458008,0.39936748147010803,0.000266551278357381
2251,1.0601781606674194,0.3995943069458008,0.3995943069458008,0.39936748147010803,0.000266551278357381
2252,1.0601781606674194,0.3995943069458008,0.3995943069458008,0.39936748147010803,0.000266551278357381
2253,1.0601781606674194,0.3995943069458008,0.3995943069458008,0.39936748147010803,0.000266551278357381
2254,1.0601781606674194,0.3995943069458008,0.3995943069458008,0.39936748147010803,0.00026658278493598824
2255,1.0601781606674194,0.3995943069458008,0.3995943069458008,0.39936748147010803,0.0002665751885127975
2256,1.0601781606674194,0.3995943069458008,0.3995943069458008,0.39936748147010803,0.0002665751885127975
2257,1.0601781606674194,0.3995943069458008,0.3995943069458008,0.39936748147010803,0.0002665117432617395
2258,1.0601781606674194,0.3995943069458008,0.3995943069458008,0.39936748147010803,0.0002665117432617395
2259,1.0601781606674194,0.3995943069458008,0.3995943069458008,0.39936748147010803,0.00026650338495684843
2260,1.0601781606674194,0.3995943069458008,0.3995943069458008,0.39936748147010803,0.0002664653760248442
2261,1.0601781606674194,0.3995943069458008,0.3995943069458008,0.39936748147010803,0.00026645045627067044
2262,1.0601781606674194,0.3995943069458008,0.3995943069458008,0.39936748147010803,0.00026642537480125425
2263,1.0601781606674194,0.3995943069458008,0.3995943069458008,0.39936748147010803,0.00026641586696043995
2264,1.0601781606674194,0.3995943069458008,0.3995943069458008,0.39936748147010803,0.0002664279883978988
2265,1.0601781606674194,0.3995943069458008,0.3995943069458008,0.39936748147010803,0.0002664279883978988
2266,1.0601781606674194,0.3995943069458008,0.3995943069458008,0.39936748147010803,0.0002664279883978988
2267,1.0601781606674194,0.3995943069458008,0.3995943069458008,0.39936748147010803,0.00026641586696043995
2268,1.0601781606674194,0.3995943069458008,0.3995943069458008,0.39936748147010803,0.0002664105461553036
2269,1.0601781606674194,0.3995943069458008,0.3995943069458008,0.39936748147010803,0.0002664105461553036
2270,1.0601781606674194,0.3995943069458008,0.3995943069458008,0.39936748147010803,0.0002664105461553036
2271,1.0601781606674194,0.3995943069458008,0.3995943069458008,0.39936748147010803,0.0002664105461553036
2272,1.0601781606674194,0.3995943069458008,0.3995943069458008,0.39936748147010803,0.0002664093326234605
2273,1.0601781606674194,0.3995943069458008,0.3995943069458008,0.39936748147010803,0.0002664093326234605
2274,1.0601781606674194,0.3995943069458008,0.3995943069458008,0.39936748147010803,0.0002664105461553036
2275,1.0601781606674194,0.3995943069458008,0.3995943069458008,0.39936748147010803,0.00026637785887778605
2276,1.0601781606674194,0.3995943069458008,0.3995943069458008,0.39936748147010803,0.0002663455544124091
2277,1.0601781606674194,0.3995943069458008,0.3995943069458008,0.39936748147010803,0.0002663455544124091
2278,1.0601781606674194,0.3995943069458008,0.3995943069458008,0.39936748147010803,0.0002663455544124091
2279,1.0601779222488403,0.3995943069458008,0.3995943069458008,0.39936748147010803,0.0002663157273231943
2280,1.0601779222488403,0.3995943069458008,0.3995943069458008,0.39936748147010803,0.0002663157273231943
2281,1.0601781606674194,0.3995943069458008,0.3995943069458008,0.39936748147010803,0.0002663276132049728
2282,1.0601781606674194,0.3995943069458008,0.3995943069458008,0.39936748147010803,0.00026631622091133355
2283,1.0601781606674194,0.3995943069458008,0.3995943069458008,0.39936748147010803,0.00026626795166582556
2284,1.0601779222488403,0.3995943069458008,0.3995943069458008,0.39936748147010803,0.0002662480303800753
2285,1.0601779222488403,0.3995943069458008,0.3995943069458008,0.39936748147010803,0.0002662480303800753
2286,1.0601779222488403,0.3995943069458008,0.3995943069458008,0.39936748147010803,0.0002662480303800753
2287,1.0601781606674194,0.3995943069458008,0.3995943069458008,0.39936748147010803,0.0002662912468716927
2288,1.0601779222488403,0.3995943069458008,0.3995943069458008,0.39936748147010803,0.0002662793593666343
2289,1.0601781606674194,0.3995943069458008,0.3995943069458008,0.39936748147010803,0.00026631622091133355
2290,1.0601781606674194,0.3995943069458008,0.3995943069458008,0.39936748147010803,0.00026631622091133355
2291,1.0601781606674194,0.3995943069458008,0.3995943069458008,0.39936748147010803,0.0002662929278901861
2292,1.0601780414581299,0.3995943069458008,0.3995943069458008,0.39936748147010803,0.0002662395837319315
2293,1.0601781606674194,0.3995943069458008,0.3995943069458008,0.39936748147010803,0.00026622264959698025
2294,1.0601779222488403,0.3995943069458008,0.3995943069458008,0.39936748147010803,0.0002662235303586868
2295,1.0601781606674194,0.3995943069458008,0.3995943069458008,0.39936748147010803,0.00026619746658638875
2296,1.0601781606674194,0.3995943069458008,0.3995943069458008,0.39936748147010803,0.00026619746658640436
2297,1.0601781606674194,0.3995943069458008,0.3995943069458008,0.39936748147010803,0.0002662127474996957
2298,1.0601781606674194,0.3995943069458008,0.3995943069458008,0.39936748147010803,0.00026623604753583366
2299,1.0601780414581299,0.3995943069458008,0.3995943069458008,0.39936748147010803,0.0002661881641511195
2300,1.0601781606674194,0.3995943069458008,0.3995943069458008,0.39936748147010803,0.00026614427682930086
2301,1.0601781606674194,0.3995943069458008,0.3995943069458008,0.39936748147010803,0.00026615147174933687
2302,1.0601780414581299,0.3995943069458008,0.3995943069458008,0.39936748147010803,0.0002661290720820092
2303,1.0601780414581299,0.3995943069458008,0.3995943069458008,0.39936748147010803,0.0002661290720820128
2304,1.0601780414581299,0.3995943069458008,0.3995943069458008,0.39936748147010803,0.0002661290720820095
2305,1.0601781606674194,0.3995943069458008,0.3995943069458008,0.39936748147010803,0.00026613837658274813
2306,1.0601781606674194,0.3995943069458008,0.3995943069458008,0.39936748147010803,0.00026615147174934424
2307,1.0601781606674194,0.3995943069458008,0.3995943069458008,0.39936748147010803,0.00026614427682930086
2308,1.0601781606674194,0.3995943069458008,0.3995943069458008,0.39936748147010803,0.0002661421677064176
2309,1.0601781606674194,0.3995943069458008,0.3995943069458008,0.39936748147010803,0.00026614216770641416
2310,1.0601781606674194,0.3995943069458008,0.3995943069458008,0.39936748147010803,0.00026614216770641654
2311,1.0601781606674194,0.3995943069458008,0.3995943069458008,0.39936748147010803,0.00026614216770641524
2312,1.0601781606674194,0.3995943069458008,0.3995943069458008,0.39936748147010803,0.0002661337977944853
2313,1.0601781606674194,0.3995943069458008,0.3995943069458008,0.39936748147010803,0.00026608269156897673
2314,1.0601781606674194,0.3995943069458008,0.3995943069458008,0.39936748147010803,0.0002660826915689763
2315,1.0601781606674194,0.3995943069458008,0.3995943069458008,0.39936748147010803,0.0002660779382445144
2316,1.0601781606674194,0.3995943069458008,0.3995943069458008,0.39936748147010803,0.0002660509521722525
2317,1.0601781606674194,0.3995943069458008,0.3995943069458008,0.39936748147010803,0.00026605095217225206
2318,1.0601781606674194,0.3995943069458008,0.3995943069458008,0.39936748147010803,0.0002660087650938263
2319,1.0601781606674194,0.3995943069458008,0.3995943069458008,0.39936748147010803,0.0002660049587130705
2320,1.0601779222488403,0.3995943069458008,0.3995943069458008,0.39936748147010803,0.0002659735439753326
2321,1.0601779222488403,0.3995943069458008,0.3995943069458008,0.39936748147010803,0.00026596403334007765
2322,1.0601781606674194,0.3995943069458008,0.3995943069458008,0.39936748147010803,0.00026596499510516113
2323,1.0601781606674194,0.3995943069458008,0.3995943069458008,0.39936748147010803,0.00026596499510516135
2324,1.0601781606674194,0.3995943069458008,0.3995943069458008,0.39936748147010803,0.00026598166514748856
2325,1.0601781606674194,0.3995943069458008,0.3995943069458008,0.39936748147010803,0.00026599566290167484
2326,1.0601781606674194,0.3995943069458008,0.3995943069458008,0.39936748147010803,0.00026598166514748845
2327,1.0601781606674194,0.3995943069458008,0.3995943069458008,0.39936748147010803,0.00026599767969294897
2328,1.0601781606674194,0.3995943069458008,0.3995943069458008,0.39936748147010803,0.0002659976796929485
2329,1.0601781606674194,0.3995943069458008,0.3995943069458008,0.39936748147010803,0.00026597227501978153
2330,1.0601781606674194,0.3995943069458008,0.3995943069458008,0.39936748147010803,0.00026597227501978153
2331,1.0601781606674194,0.3995943069458008,0.3995943069458008,0.39936748147010803,0.00026596499510516113
2332,1.0601781606674194,0.3995943069458008,0.3995943069458008,0.39936748147010803,0.00026596499510516113
2333,1.0601781606674194,0.3995943069458008,0.3995943069458008,0.39936748147010803,0.00026595815581117684
2334,1.0601781606674194,0.3995943069458008,0.3995943069458008,0.39936748147010803,0.00026594408928847104
2335,1.0601779222488403,0.3995943069458008,0.3995943069458008,0.39936748147010803,0.00026590262010923457
2336,1.0601779222488403,0.3995943069458008,0.3995943069458008,0.39936748147010803,0.00026590262010923874
2337,1.0601780414581299,0.3995943069458008,0.3995943069458008,0.39936748147010803,0.0002658754692568801
2338,1.0601780414581299,0.3995943069458008,0.3995943069458008,0.39936748147010803,0.000265869389330772
2339,1.0601780414581299,0.3995943069458008,0.3995943069458008,0.39936748147010803,0.0002658693893307721
2340,1.0601780414581299,0.3995943069458008,0.3995943069458008,0.39936748147010803,0.0002658854106387179
2341,1.0601780414581299,0.3995943069458008,0.3995943069458008,0.39936748147010803,0.0002658854106387186
2342,1.0601781606674194,0.3995943069458008,0.3995943069458008,0.39936748147010803,0.0002658386000536521
2343,1.0601781606674194,0.3995943069458008,0.3995943069458008,0.39936748147010803,0.00026583860005365787
2344,1.0601781606674194,0.3995943069458008,0.3995943069458008,0.39936748147010803,0.0002658072057518815
2345,1.0601780414581299,0.3995943069458008,0.3995943069458008,0.39936748147010803,0.0002658072057518809
2346,1.0601780414581299,0.3995943069458008,0.3995943069458008,0.39936748147010803,0.00026583078189608195
2347,1.0601780414581299,0.3995943069458008,0.3995943069458008,0.39936748147010803,0.00026583078189608005
2348,1.0601780414581299,0.3995943069458008,0.3995943069458008,0.39936748147010803,0.00026583078189608016
2349,1.0601780414581299,0.3995943069458008,0.3995943069458008,0.39936748147010803,0.0002657930109422914
2350,1.0601780414581299,0.3995943069458008,0.3995943069458008,0.39936748147010803,0.0002658072057518804
2351,1.0601780414581299,0.3995943069458008,0.3995943069458008,0.39936748147010803,0.000265807205751881
2352,1.0601780414581299,0.3995943069458008,0.3995943069458008,0.39936748147010803,0.0002657930109422921
2353,1.0601781606674194,0.3995943069458008,0.3995943069458008,0.39936748147010803,0.0002658121644003007
2354,1.0601780414581299,0.3995943069458008,0.3995943069458008,0.39936748147010803,0.000265793010942291
2355,1.0601781606674194,0.3995943069458008,0.3995943069458008,0.39936748147010803,0.0002657885866046798
2356,1.0601781606674194,0.3995943069458008,0.3995943069458008,0.39936748147010803,0.0002657885866046798
2357,1.0601781606674194,0.3995943069458008,0.3995943069458008,0.39936748147010803,0.0002657743908006586
2358,1.0601781606674194,0.3995943069458008,0.3995943069458008,0.39936748147010803,0.00026577439080065554
2359,1.0601781606674194,0.3995943069458008,0.3995943069458008,0.39936748147010803,0.000265788586604681
2360,1.0601781606674194,0.3995943069458008,0.3995943069458008,0.39936748147010803,0.0002657375209427667
2361,1.0601781606674194,0.3995943069458008,0.3995943069458008,0.39936748147010803,0.0002657375209427669
2362,1.0601781606674194,0.3995943069458008,0.3995943069458008,0.39936748147010803,0.0002657517187162883
2363,1.0601781606674194,0.3995943069458008,0.3995943069458008,0.39936748147010803,0.00026570477761080893
2364,1.0601781606674194,0.3995943069458008,0.3995943069458008,0.39936748147010803,0.0002657047776108081
2365,1.0601780414581299,0.3995943069458008,0.3995943069458008,0.39936748147010803,0.0002656739826290941
2366,1.0601780414581299,0.3995943069458008,0.3995943069458008,0.39936748147010803,0.0002656739826290996
2367,1.0601780414581299,0.3995943069458008,0.3995943069458008,0.39936748147010803,0.00026565814916921663
2368,1.0601780414581299,0.3995943069458008,0.3995943069458008,0.39936748147010803,0.0002656581491692145
2369,1.0601780414581299,0.3995943069458008,0.3995943069458008,0.39936748147010803,0.000265688945986124
2370,1.0601780414581299,0.3995943069458008,0.3995943069458008,0.39936748147010803,0.0002656889459861251
2371,1.0601780414581299,0.3995943069458008,0.3995943069458008,0.39936748147010803,0.0002657047776108072
2372,1.0601780414581299,0.3995943069458008,0.3995943069458008,0.39936748147010803,0.0002657047776108074
2373,1.0601780414581299,0.3995943069458008,0.3995943069458008,0.39936748147010803,0.00026570477761080736
2374,1.0601780414581299,0.3995943069458008,0.3995943069458008,0.39936748147010803,0.0002656739826290937
2375,1.0601781606674194,0.3995943069458008,0.3995943069458008,0.39936748147010803,0.00026566599915283035
2376,1.0601781606674194,0.3995943069458008,0.3995943069458008,0.39936748147010803,0.00026566599915283084
2377,1.0601781606674194,0.3995943069458008,0.3995943069458008,0.39936748147010803,0.0002656501652171145
2378,1.0601781606674194,0.3995943069458008,0.3995943069458008,0.39936748147010803,0.00026563344762225104
2379,1.0601781606674194,0.3995943069458008,0.3995943069458008,0.39936748147010803,0.0002656116462979181
2380,1.0601781606674194,0.3995943069458008,0.3995943069458008,0.39936748147010803,0.0002655958091218675
2381,1.0601781606674194,0.3995943069458008,0.3995943069458008,0.39936748147010803,0.00026561164629791803
2382,1.0601781606674194,0.3995943069458008,0.3995943069458008,0.39936748147010803,0.00026560367432395415
2383,1.0601781606674194,0.3995943069458008,0.3995943069458008,0.39936748147010803,0.00026557403146271793
2384,1.0601781606674194,0.3995943069458008,0.3995943069458008,0.39936748147010803,0.00026553302629335934
2385,1.0601781606674194,0.3995943069458008,0.3995943069458008,0.39936748147010803,0.00026553302629335907
2386,1.0601781606674194,0.3995943069458008,0.3995943069458008,0.39936748147010803,0.0002655330262933588
2387,1.0601781606674194,0.3995943069458008,0.3995943069458008,0.39936748147010803,0.0002655279286340448
2388,1.0601781606674194,0.3995943069458008,0.3995943069458008,0.39936748147010803,0.0002655119258970615
2389,1.0601781606674194,0.3995943069458008,0.3995943069458008,0.39936748147010803,0.0002655119258970615
2390,1.0601781606674194,0.3995943069458008,0.3995943069458008,0.39936748147010803,0.00026555819204341865
2391,1.0601781606674194,0.3995943069458008,0.3995943069458008,0.39936748147010803,0.0002655740314627178
2392,1.0601781606674194,0.3995943069458008,0.3995943069458008,0.39936748147010803,0.0002655330262933588
2393,1.0601781606674194,0.3995943069458008,0.3995943069458008,0.39936748147010803,0.00026553302629335885
2394,1.0601781606674194,0.3995943069458008,0.3995943069458008,0.39936748147010803,0.0002655330262933588
2395,1.0601781606674194,0.3995943069458008,0.3995943069458008,0.39936748147010803,0.00026553302629335885
2396,1.0601781606674194,0.3995943069458008,0.3995943069458008,0.39936748147010803,0.00026551553863936696
2397,1.0601781606674194,0.3995943069458008,0.3995943069458008,0.39936748147010803,0.0002654815501564372
2398,1.0601781606674194,0.3995943069458008,0.3995943069458008,0.39936748147010803,0.00026548155015643747
2399,1.0601781606674194,0.3995943069458008,0.3995943069458008,0.39936748147010803,0.00026546554462367666
2400,1.0601781606674194,0.3995943069458008,0.3995943069458008,0.39936748147010803,0.0002654655446236765
