epoch,loss,train_acc,val_acc,test_acc
1,1.0853875875473022,0.5152129817444219,0.49036511156186613,0.5105316546333314
2,1.039366602897644,0.5405679513184585,0.537525354969574,0.5395906677009368
3,1.0221304893493652,0.552738336713996,0.5385395537525355,0.5422161226803509
4,0.9692493081092834,0.5669371196754563,0.5593306288032455,0.5622650516140582
5,0.8782852292060852,0.5933062880324543,0.5709939148073022,0.5872068739184916
6,0.8315632343292236,0.6298174442190669,0.5993914807302231,0.6146548123396384
7,0.748143196105957,0.7434077079107505,0.7145030425963489,0.7296378065517035
8,0.700404167175293,0.7494929006085193,0.7216024340770791,0.7376931797839966
9,0.6454395055770874,0.755578093306288,0.7281947261663286,0.7362014440002387
10,0.6060886383056641,0.7718052738336714,0.7545638945233266,0.7535652485231815
11,0.5765461325645447,0.7991886409736308,0.7733265720081136,0.7709290530461245
12,0.5242922902107239,0.8194726166328601,0.7966531440162272,0.7851900471388508
13,0.4801579415798187,0.8407707910750507,0.7946247464503042,0.7910973208425324
14,0.4398040771484375,0.8569979716024341,0.8088235294117647,0.8059550092487618
15,0.39422595500946045,0.859026369168357,0.8067951318458418,0.8094158362670804
16,0.38621824979782104,0.8671399594320487,0.8017241379310345,0.8099528611492333
17,0.35539647936820984,0.8894523326572008,0.8052738336713996,0.8096545139924817
18,0.31844764947891235,0.8924949290060852,0.8057809330628803,0.8064920341309147
19,0.3240249454975128,0.8995943204868154,0.813894523326572,0.8070290590130677
20,0.296469122171402,0.8975659229208925,0.8184584178498986,0.8103108777373351
21,0.2733343839645386,0.9056795131845842,0.8093306288032455,0.803926248582851
22,0.2684509754180908,0.9036511156186613,0.8118661257606491,0.8081627782087236
23,0.2663365602493286,0.9137931034482759,0.8088235294117647,0.8066710424249657
24,0.2683011591434479,0.9148073022312373,0.7778904665314401,0.7786264096903156
25,0.25876641273498535,0.8975659229208925,0.8022312373225152,0.8090578196789785
26,0.28860267996788025,0.9168356997971603,0.8037525354969574,0.8113252580702905
27,0.26518043875694275,0.9249492900608519,0.7900608519269777,0.7924697177635898
28,0.24085941910743713,0.934077079107505,0.7854969574036511,0.7840563279431947
29,0.23982003331184387,0.9350912778904665,0.8078093306288032,0.8036875708574497
30,0.22622501850128174,0.9279918864097363,0.8067951318458418,0.7984963303299719
31,0.2420743703842163,0.9432048681541582,0.8022312373225152,0.7977802971537681
32,0.19252441823482513,0.9503042596348884,0.8103448275862069,0.7993913718002268
33,0.17993557453155518,0.9482758620689655,0.8113590263691683,0.8057760009547109
34,0.18497994542121887,0.9462474645030426,0.8098377281947262,0.8086401336595263
35,0.18740442395210266,0.9513184584178499,0.8098377281947262,0.804284265170953
36,0.1768803745508194,0.9553752535496958,0.7834685598377282,0.788591204725819
37,0.19147838652133942,0.973630831643002,0.7971602434077079,0.7987350080553732
38,0.17475095391273499,0.9553752535496958,0.813894523326572,0.8095948445611313
39,0.15004827082157135,0.9695740365111561,0.8073022312373225,0.8067307118563161
40,0.1325671225786209,0.9655172413793104,0.7966531440162272,0.7984366608986216
41,0.12911108136177063,0.9766734279918864,0.8073022312373225,0.8045826123277046
42,0.10395518690347672,0.9756592292089249,0.8169371196754563,0.8093561668357301
43,0.15531116724014282,0.9827586206896551,0.8047667342799188,0.8020168267796408
44,0.1141483411192894,0.9898580121703854,0.8057809330628803,0.8033295542693478
45,0.11160178482532501,0.9807302231237323,0.8088235294117647,0.803926248582851
46,0.09182654321193695,0.9837728194726166,0.8118661257606491,0.8035682319947491
47,0.11644354462623596,0.9837728194726166,0.8032454361054767,0.8044632734650039
48,0.10469416528940201,0.9888438133874239,0.8169371196754563,0.8159794737156155
49,0.09792285412549973,0.9908722109533469,0.8250507099391481,0.8194999701652843
50,0.07374599575996399,0.9929006085192698,0.8128803245436106,0.8097738528551823
51,0.11292018741369247,0.9929006085192698,0.8057809330628803,0.8032102154066472
52,0.11358228325843811,0.9918864097363083,0.8149087221095335,0.8141893907751059
53,0.09933194518089294,0.9929006085192698,0.8078093306288032,0.8101318694432842
54,0.08790059387683868,0.9939148073022313,0.802738336713996,0.8038069097201503
55,0.11342667043209076,0.9918864097363083,0.8179513184584178,0.8135330270302524
56,0.11435827612876892,0.9888438133874239,0.8022312373225152,0.8033295542693478
57,0.11190774291753769,0.9908722109533469,0.8255578093306288,0.8208723670863417
58,0.08800262212753296,0.9939148073022313,0.8184584178498986,0.8135926964616027
59,0.09145785123109818,0.9969574036511156,0.8184584178498986,0.8189032758517811
60,0.09700965136289597,0.9939148073022313,0.8225152129817445,0.8223641028700996
61,0.07268352806568146,0.9929006085192698,0.821501014198783,0.8221850945760487
62,0.08792059868574142,0.9918864097363083,0.8154158215010142,0.8129363327167493
63,0.10434743016958237,0.9908722109533469,0.8235294117647058,0.8246912106927621
64,0.09969857335090637,0.9908722109533469,0.8275862068965517,0.8247508801241125
65,0.11819757521152496,0.9918864097363083,0.8149087221095335,0.8099528611492333
66,0.10342515259981155,0.9888438133874239,0.7986815415821501,0.7993913718002268
67,0.11562038213014603,0.9959432048681541,0.821501014198783,0.8187839369890805
68,0.092616006731987,0.9878296146044625,0.8194726166328601,0.8172325317739721
69,0.1394961029291153,0.9929006085192698,0.8128803245436106,0.8146070767945581
70,0.10273874551057816,0.9898580121703854,0.8052738336713996,0.8029715376812459
71,0.09687921404838562,0.9929006085192698,0.8098377281947262,0.8084611253654753
72,0.10646966844797134,0.9939148073022313,0.8149087221095335,0.818127573244227
73,0.10334239155054092,0.9929006085192698,0.8220081135902637,0.8239751775165582
74,0.11078403890132904,0.9939148073022313,0.8296146044624746,0.8238558386538576
75,0.06704036891460419,0.9949290060851927,0.8260649087221096,0.8158004654215645
76,0.10389205068349838,0.9979716024340771,0.8326572008113591,0.8242138552419596
77,0.055364906787872314,0.9949290060851927,0.8397565922920892,0.8285100542991826
78,0.09656842052936554,0.9979716024340771,0.8377281947261663,0.8273166656721761
79,0.06633889675140381,0.9969574036511156,0.8275862068965517,0.8192016230085327
80,0.07922308892011642,0.9979716024340771,0.8316430020283976,0.8193209618712334
81,0.0656687393784523,0.9979716024340771,0.8372210953346856,0.827853690554329
82,0.0738200843334198,0.9979716024340771,0.8225152129817445,0.8220060862819978
83,0.06420867890119553,0.9929006085192698,0.815922920892495,0.8140700519124052
84,0.07628824561834335,0.9959432048681541,0.8275862068965517,0.8251685661435646
85,0.09528691321611404,0.9939148073022313,0.8331643002028397,0.8281520377110806
86,0.08393105864524841,0.9939148073022313,0.8149087221095335,0.8174712094993735
87,0.08625069260597229,0.9918864097363083,0.8133874239350912,0.818127573244227
88,0.101165771484375,0.9949290060851927,0.8235294117647058,0.8228414583209022
89,0.09444329887628555,0.9908722109533469,0.8220081135902637,0.8229607971836028
90,0.10561346262693405,0.9959432048681541,0.8250507099391481,0.8206336893609404
91,0.10062140971422195,0.9929006085192698,0.8194726166328601,0.8100722000119339
92,0.1155838668346405,0.9949290060851927,0.8316430020283976,0.8190822841458321
93,0.08564544469118118,0.9949290060851927,0.8230223123732252,0.8254072438689659
94,0.10165730863809586,0.9939148073022313,0.8179513184584178,0.8246912106927621
95,0.09624167531728745,0.9949290060851927,0.8230223123732252,0.8244525329673609
96,0.11410486698150635,0.9908722109533469,0.8189655172413793,0.8113849275016409
97,0.10421045869588852,0.9969574036511156,0.8179513184584178,0.8127573244226982
98,0.07247213274240494,0.9949290060851927,0.8331643002028397,0.8193806313025837
99,0.068909652531147,0.9929006085192698,0.8265720081135902,0.8185452592636793
100,0.08543683588504791,0.9939148073022313,0.8204868154158215,0.813473357598902
101,0.07921101152896881,0.9959432048681541,0.8275862068965517,0.8147264156572588
102,0.07539400458335876,0.9949290060851927,0.829107505070994,0.8184855898323289
103,0.0967298299074173,0.9949290060851927,0.834685598377282,0.821290053105794
104,0.07855387032032013,0.9929006085192698,0.8356997971602435,0.822602780595501
105,0.09079096466302872,0.9908722109533469,0.8301217038539553,0.8171131929112716
106,0.08354593068361282,0.9939148073022313,0.8093306288032455,0.808222447640074
107,0.0866212397813797,0.9939148073022313,0.8149087221095335,0.8132943493048511
108,0.10639868676662445,0.9949290060851927,0.8184584178498986,0.8211110448117429
109,0.1064845398068428,0.9949290060851927,0.8245436105476673,0.8233784832030551
110,0.09725993871688843,0.9929006085192698,0.8123732251521298,0.8139507130497047
111,0.09056179225444794,0.9949290060851927,0.8123732251521298,0.8136523658929531
112,0.09708653390407562,0.9929006085192698,0.8296146044624746,0.8257055910257175
113,0.08459699898958206,0.9959432048681541,0.8316430020283976,0.8261829464765201
114,0.09306338429450989,0.9959432048681541,0.8209939148073022,0.8218867474192971
115,0.09292273223400116,0.9929006085192698,0.8240365111561866,0.8230204666149532
116,0.08730090409517288,0.9939148073022313,0.8189655172413793,0.8213497225371442
117,0.06816888600587845,0.9959432048681541,0.8220081135902637,0.8220060862819978
118,0.07910244911909103,0.9969574036511156,0.8255578093306288,0.8215287308311952
119,0.0871107429265976,0.9969574036511156,0.827079107505071,0.813473357598902
120,0.07994994521141052,0.9939148073022313,0.8149087221095335,0.8084611253654753
121,0.09821967780590057,0.9969574036511156,0.8174442190669371,0.8162778208723671
122,0.07720769196748734,0.9949290060851927,0.829107505070994,0.8231398054776538
123,0.07408483326435089,0.9939148073022313,0.8275862068965517,0.824870218986813
124,0.06559503078460693,0.9969574036511156,0.827079107505071,0.8221850945760487
125,0.0923442468047142,0.9979716024340771,0.8133874239350912,0.8137120353243034
126,0.08657131344079971,0.9939148073022313,0.8204868154158215,0.8234381526344053
127,0.0818186104297638,0.9969574036511156,0.8067951318458418,0.8142490602064563
128,0.08631507307291031,0.9969574036511156,0.8108519269776876,0.8204546810668895
129,0.07858345657587051,0.9969574036511156,0.8179513184584178,0.8204546810668895
130,0.056154534220695496,0.9969574036511156,0.8250507099391481,0.8240945163792589
131,0.08179017156362534,0.9959432048681541,0.8235294117647058,0.8237961692225073
132,0.05256127193570137,0.9979716024340771,0.8209939148073022,0.8155021182648129
133,0.06244755536317825,0.9979716024340771,0.8225152129817445,0.8181872426755773
134,0.07096193730831146,0.9969574036511156,0.8189655172413793,0.8140700519124052
135,0.05509635806083679,0.9908722109533469,0.7986815415821501,0.8021361656423415
136,0.09032461792230606,0.9929006085192698,0.8316430020283976,0.8244525329673609
137,0.0773070752620697,0.9918864097363083,0.8316430020283976,0.8220657557133481
138,0.09750114381313324,0.9929006085192698,0.8108519269776876,0.8075064144638702
139,0.0794895738363266,0.9969574036511156,0.8108519269776876,0.8097738528551823
140,0.09303306043148041,0.9979716024340771,0.8204868154158215,0.818306581538278
141,0.052373845130205154,0.9979716024340771,0.8174442190669371,0.8123993078345964
142,0.06287484616041183,0.9898580121703854,0.8022312373225152,0.7974819499970165
143,0.11412527412176132,0.9949290060851927,0.8108519269776876,0.8187839369890805
144,0.09992963820695877,0.9949290060851927,0.8199797160243407,0.8253475744376156
145,0.09740068763494492,0.9939148073022313,0.813894523326572,0.8160988125783162
146,0.08434437960386276,0.9949290060851927,0.7981744421906694,0.8062533564055134
147,0.091617651283741,0.9939148073022313,0.7971602434077079,0.8077450921892715
148,0.1047092154622078,0.9959432048681541,0.8052738336713996,0.8129960021480995
149,0.062191545963287354,0.9969574036511156,0.8017241379310345,0.8137120353243034
150,0.08736485987901688,0.9908722109533469,0.7920892494929006,0.8066113729936154
151,0.10978308320045471,0.9918864097363083,0.8052738336713996,0.8092368279730294
152,0.09137391299009323,0.9908722109533469,0.8144016227180527,0.816456829166418
153,0.08668158948421478,0.9918864097363083,0.8149087221095335,0.819261292439883
154,0.11142393946647644,0.9929006085192698,0.8235294117647058,0.8178888955188257
155,0.07256107777357101,0.9949290060851927,0.8128803245436106,0.8117429440897428
156,0.09117510169744492,0.9949290060851927,0.8265720081135902,0.8225431111641506
157,0.08655817061662674,0.9959432048681541,0.827079107505071,0.8255265827316666
158,0.08211033046245575,0.9939148073022313,0.8250507099391481,0.8251088967122143
159,0.08317346125841141,0.9959432048681541,0.8184584178498986,0.8229011277522525
160,0.07738760858774185,0.9979716024340771,0.8331643002028397,0.8267199713586729
161,0.06773883104324341,0.9959432048681541,0.8331643002028397,0.8246912106927621
162,0.08962573111057281,0.9959432048681541,0.821501014198783,0.8112655886389403
163,0.1087711974978447,0.9969574036511156,0.834685598377282,0.8245718718300614
164,0.05610097199678421,0.9969574036511156,0.829107505070994,0.8260636076138195
165,0.0844869464635849,0.9959432048681541,0.827079107505071,0.8240945163792589
166,0.07331623882055283,0.9969574036511156,0.8250507099391481,0.8215287308311952
167,0.07945116609334946,0.9959432048681541,0.8280933062880325,0.8185452592636793
168,0.08595919609069824,0.9989858012170385,0.8265720081135902,0.817948564950176
169,0.07515601813793182,0.9969574036511156,0.815922920892495,0.8146070767945581
170,0.08709915727376938,0.9979716024340771,0.8179513184584178,0.8121009606778448
171,0.07214091718196869,0.9959432048681541,0.8260649087221096,0.8192016230085327
172,0.06648925691843033,0.9949290060851927,0.821501014198783,0.8118026135210932
173,0.06784239411354065,0.9969574036511156,0.8164300202839757,0.8110865803448893
174,0.06966935843229294,0.9959432048681541,0.8144016227180527,0.8122799689718957
175,0.07158426940441132,0.9959432048681541,0.8316430020283976,0.8225431111641506
176,0.06774330884218216,0.9969574036511156,0.8306288032454361,0.8211707142430933
177,0.07502806931734085,0.9929006085192698,0.8280933062880325,0.8172922012053225
178,0.06152380257844925,0.9959432048681541,0.8367139959432048,0.8256459215943672
179,0.06238489970564842,0.9959432048681541,0.8356997971602435,0.8218867474192971
180,0.08363757282495499,0.9959432048681541,0.8265720081135902,0.8195596395966347
181,0.08031965047121048,0.9959432048681541,0.8199797160243407,0.8149650933826601
182,0.10504850000143051,0.9949290060851927,0.827079107505071,0.8229607971836028
183,0.06107979267835617,0.9959432048681541,0.821501014198783,0.8228414583209022
184,0.10686644166707993,0.9949290060851927,0.8012170385395537,0.8072080673071186
185,0.10177247226238251,0.9969574036511156,0.813894523326572,0.813473357598902
186,0.08297278732061386,0.9939148073022313,0.8149087221095335,0.8174115400680232
187,0.10280659794807434,0.9969574036511156,0.8230223123732252,0.8217674085565965
188,0.07851547002792358,0.9969574036511156,0.8189655172413793,0.8189032758517811
189,0.0753769651055336,0.9959432048681541,0.8204868154158215,0.8199773256160868
190,0.07106006890535355,0.9949290060851927,0.8204868154158215,0.8227221194582016
191,0.07879116386175156,0.9969574036511156,0.8265720081135902,0.8246315412614118
192,0.081813745200634,0.9969574036511156,0.8306288032454361,0.8275553433975774
193,0.09822704643011093,0.9959432048681541,0.8250507099391481,0.8238558386538576
194,0.06816766411066055,0.9939148073022313,0.8204868154158215,0.8228414583209022
195,0.0961562916636467,0.9939148073022313,0.8184584178498986,0.8194999701652843
196,0.09581247717142105,0.9969574036511156,0.813894523326572,0.814010382481055
197,0.10177008807659149,0.9959432048681541,0.829107505070994,0.8178292260874754
198,0.08338214457035065,0.9939148073022313,0.8275862068965517,0.8188436064204309
199,0.07463393360376358,0.9959432048681541,0.827079107505071,0.8173518706366728
200,0.07738690078258514,0.9969574036511156,0.8184584178498986,0.816456829166418
201,0.08757232874631882,0.9989858012170385,0.8301217038539553,0.8248105495554627
202,0.0759943425655365,0.9969574036511156,0.8296146044624746,0.823557491497106
203,0.06954692304134369,0.9979716024340771,0.8387423935091278,0.8272569962408258
204,0.07433834671974182,0.9969574036511156,0.8351926977687627,0.8307178232591443
205,0.08691751211881638,0.9959432048681541,0.8336713995943205,0.8260039381824691
206,0.08532606810331345,0.9949290060851927,0.8204868154158215,0.8128169938540486
207,0.09993619471788406,0.9959432048681541,0.8204868154158215,0.8187242675577302
208,0.07672018557786942,0.9989858012170385,0.8250507099391481,0.8187839369890805
209,0.058476969599723816,0.9979716024340771,0.8194726166328601,0.8156214571275135
210,0.12217649817466736,0.9979716024340771,0.8179513184584178,0.8126379855599977
211,0.08082941174507141,0.9989858012170385,0.8220081135902637,0.8143683990691569
212,0.06545738875865936,0.9969574036511156,0.821501014198783,0.815323109970762
213,0.0901586264371872,0.9989858012170385,0.8362068965517241,0.8261232770451697
214,0.08304913341999054,0.9979716024340771,0.8387423935091278,0.8258845993197684
215,0.07150083780288696,0.9969574036511156,0.8235294117647058,0.8199176561847366
216,0.07897025346755981,0.9979716024340771,0.8078093306288032,0.8138910436183543
217,0.09917444735765457,0.9969574036511156,0.8174442190669371,0.818127573244227
218,0.07856278121471405,0.9989858012170385,0.8169371196754563,0.8214093919684945
219,0.06432460993528366,0.9979716024340771,0.813894523326572,0.8138910436183543
220,0.06524641811847687,0.9979716024340771,0.8306288032454361,0.8221850945760487
221,0.07823046296834946,0.9939148073022313,0.8311359026369168,0.8241541858106092
222,0.08342178910970688,0.9959432048681541,0.8336713995943205,0.8240348469479086
223,0.0755813866853714,0.9949290060851927,0.8093306288032455,0.812160630109195
224,0.08171769976615906,0.9959432048681541,0.8073022312373225,0.8158601348529149
225,0.08376375585794449,0.9989858012170385,0.8260649087221096,0.8261232770451697
226,0.08346384763717651,0.9959432048681541,0.8280933062880325,0.8274360045348768
227,0.07081997394561768,0.9949290060851927,0.8245436105476673,0.8186049286950295
228,0.07284650206565857,0.9979716024340771,0.8164300202839757,0.8095948445611313
229,0.07771508395671844,0.9959432048681541,0.8235294117647058,0.8142490602064563
230,0.057848524302244186,0.9969574036511156,0.8250507099391481,0.81681484575452
231,0.06179974973201752,0.9969574036511156,0.8311359026369168,0.8223641028700996
232,0.07796530425548553,0.9989858012170385,0.8301217038539553,0.8273166656721761
233,0.05667765811085701,0.9979716024340771,0.8230223123732252,0.8245718718300614
234,0.06193383410573006,0.9969574036511156,0.8144016227180527,0.8161584820096665
235,0.07556115090847015,0.9969574036511156,0.8280933062880325,0.8267199713586729
236,0.06586047261953354,0.9949290060851927,0.8301217038539553,0.8246315412614118
237,0.0718897208571434,0.9929006085192698,0.8093306288032455,0.7981979831732203
238,0.11944160610437393,0.9989858012170385,0.8209939148073022,0.8184259204009786
239,0.07944868505001068,0.9959432048681541,0.8367139959432048,0.8258845993197684
240,0.08811842650175095,0.9969574036511156,0.8331643002028397,0.830837162121845
241,0.08511006832122803,0.9959432048681541,0.8336713995943205,0.8247508801241125
242,0.0679439827799797,0.9949290060851927,0.821501014198783,0.8181872426755773
243,0.08178231865167618,0.9969574036511156,0.8209939148073022,0.813831374187004
244,0.07566897571086884,0.9959432048681541,0.8189655172413793,0.8149650933826601
245,0.05180656164884567,0.9979716024340771,0.8235294117647058,0.8249895578495137
246,0.0716010257601738,0.9969574036511156,0.8275862068965517,0.825228235574915
247,0.07174821943044662,0.9989858012170385,0.8128803245436106,0.8125783161286473
248,0.07667802274227142,0.9969574036511156,0.8164300202839757,0.8122202995405454
249,0.07683572173118591,0.9979716024340771,0.8275862068965517,0.8174115400680232
250,0.07248551398515701,0.9979716024340771,0.827079107505071,0.8204546810668895
251,0.0796610489487648,0.9969574036511156,0.8280933062880325,0.8191419535771824
252,0.10008807480335236,0.9949290060851927,0.8108519269776876,0.8075660838952204
253,0.10585521161556244,0.9969574036511156,0.8204868154158215,0.8199773256160868
254,0.07304777204990387,0.9969574036511156,0.8265720081135902,0.819619309027985
255,0.08817191421985626,0.9969574036511156,0.8255578093306288,0.814010382481055
256,0.08963456749916077,0.9969574036511156,0.8225152129817445,0.8146070767945581
257,0.062064968049526215,0.9969574036511156,0.8296146044624746,0.825049227280864
258,0.07109227776527405,0.9969574036511156,0.8245436105476673,0.8245718718300614
259,0.0696321502327919,0.9979716024340771,0.8235294117647058,0.8223641028700996
260,0.06532757729291916,0.9989858012170385,0.8240365111561866,0.8181872426755773
261,0.07782609760761261,0.9979716024340771,0.8341784989858012,0.8245718718300614
262,0.07649022340774536,0.9979716024340771,0.8316430020283976,0.8234381526344053
263,0.07123012095689774,0.9979716024340771,0.8316430020283976,0.8259442687511188
264,0.09965907037258148,0.9979716024340771,0.8240365111561866,0.8220657557133481
265,0.07935179769992828,0.9979716024340771,0.834685598377282,0.824870218986813
266,0.06645102798938751,0.9979716024340771,0.8326572008113591,0.8236768303598067
267,0.0719125047326088,0.9979716024340771,0.8225152129817445,0.8128169938540486
268,0.08299193531274796,0.9959432048681541,0.8255578093306288,0.8224237723014499
269,0.060838595032691956,0.9939148073022313,0.8326572008113591,0.8270183185154245
270,0.11216291040182114,0.9989858012170385,0.8301217038539553,0.8267199713586729
271,0.06763622164726257,0.9979716024340771,0.8154158215010142,0.8185452592636793
272,0.06880564242601395,0.9969574036511156,0.7966531440162272,0.8092964974043797
273,0.08044825494289398,0.9979716024340771,0.8047667342799188,0.812339638403246
274,0.08060543239116669,0.9979716024340771,0.8194726166328601,0.816456829166418
275,0.0720284953713417,0.9969574036511156,0.8154158215010142,0.8103108777373351
276,0.10401633381843567,0.9979716024340771,0.8088235294117647,0.8054179843666089
277,0.07719255983829498,0.9949290060851927,0.7996957403651116,0.8021361656423415
278,0.0944509282708168,0.9949290060851927,0.8057809330628803,0.8049406289158064
279,0.08338846266269684,0.9959432048681541,0.8128803245436106,0.8156811265588639
280,0.058776408433914185,0.9959432048681541,0.8108519269776876,0.8157407959902142
281,0.07581868767738342,0.9989858012170385,0.8108519269776876,0.8116236052270421
282,0.08206504583358765,0.9979716024340771,0.8286004056795132,0.8240348469479086
283,0.05279760807752609,0.9969574036511156,0.8296146044624746,0.829166418044036
284,0.07362882047891617,0.9959432048681541,0.8184584178498986,0.8178292260874754
285,0.09045114368200302,0.9989858012170385,0.8067951318458418,0.81120591920759
286,0.07562141865491867,0.9989858012170385,0.8250507099391481,0.8263619547705711
287,0.06247814744710922,0.9969574036511156,0.8301217038539553,0.8280923682797303
288,0.0840267762541771,0.9959432048681541,0.8240365111561866,0.8204546810668895
289,0.07360944151878357,0.9969574036511156,0.8093306288032455,0.8103705471686855
290,0.10233526676893234,0.9979716024340771,0.8118661257606491,0.819440300733934
291,0.05547603592276573,0.9989858012170385,0.827079107505071,0.8283907154364819
292,0.06118209660053253,0.9979716024340771,0.8265720081135902,0.826898979652724
293,0.06159701198339462,0.9979716024340771,0.8250507099391481,0.822602780595501
294,0.07714730501174927,0.9979716024340771,0.8118661257606491,0.8189629452831314
295,0.08153843879699707,0.9969574036511156,0.8032454361054767,0.8129960021480995
296,0.0708484947681427,0.9969574036511156,0.8144016227180527,0.8171131929112716
297,0.07117920368909836,0.9959432048681541,0.8275862068965517,0.823736499791157
298,0.06682021915912628,0.9929006085192698,0.8225152129817445,0.819261292439883
299,0.08673838526010513,0.9959432048681541,0.8189655172413793,0.8173518706366728
300,0.0810810774564743,0.9959432048681541,0.8164300202839757,0.8187242675577302
301,0.07216518372297287,0.9979716024340771,0.8144016227180527,0.8100125305805835
302,0.07985294610261917,0.9979716024340771,0.827079107505071,0.8176502177934244
303,0.07921131700277328,0.9929006085192698,0.8184584178498986,0.8141893907751059
304,0.10070675611495972,0.9979716024340771,0.8123732251521298,0.8058356703860612
305,0.07990387827157974,0.9949290060851927,0.7941176470588235,0.7931857509397936
306,0.08050283789634705,0.9969574036511156,0.7991886409736308,0.8014798018974879
307,0.07141329348087311,0.9959432048681541,0.802738336713996,0.8106092248940867
308,0.09064947068691254,0.9908722109533469,0.8133874239350912,0.8171728623426219
309,0.11520973592996597,0.9949290060851927,0.8128803245436106,0.8174712094993735
310,0.09301202744245529,0.9959432048681541,0.8103448275862069,0.8144280685005072
311,0.07884911447763443,0.9969574036511156,0.8194726166328601,0.8190822841458321
312,0.08151498436927795,0.9979716024340771,0.829107505070994,0.826540963064622
313,0.09933190047740936,0.9979716024340771,0.8306288032454361,0.8260039381824691
314,0.07357864081859589,0.9959432048681541,0.8220081135902637,0.8184259204009786
315,0.07492753863334656,0.9959432048681541,0.8204868154158215,0.8163374903037174
316,0.07574073225259781,0.9959432048681541,0.8260649087221096,0.8205740199295901
317,0.06681431829929352,0.9969574036511156,0.8311359026369168,0.8218270779879467
318,0.07843973487615585,0.9989858012170385,0.8245436105476673,0.8186049286950295
319,0.06100400164723396,0.9979716024340771,0.8225152129817445,0.8187242675577302
320,0.06933345645666122,0.9989858012170385,0.8204868154158215,0.8180679038128766
321,0.06506308913230896,0.9989858012170385,0.8240365111561866,0.8194999701652843
322,0.05929303914308548,0.9979716024340771,0.8220081135902637,0.8162181514410167
323,0.04825188219547272,0.9969574036511156,0.8067951318458418,0.8063130258368638
324,0.08188606053590775,0.9959432048681541,0.8113590263691683,0.8056566620920103
325,0.07389563322067261,0.9929006085192698,0.8174442190669371,0.8090578196789785
326,0.08932982385158539,0.9939148073022313,0.8209939148073022,0.8186645981263798
327,0.09732843190431595,0.9969574036511156,0.8250507099391481,0.8156811265588639
328,0.12384938448667526,0.9979716024340771,0.8245436105476673,0.8122799689718957
329,0.09031502157449722,0.9979716024340771,0.8356997971602435,0.8185452592636793
330,0.073032908141613,0.9959432048681541,0.8367139959432048,0.8251088967122143
331,0.06578059494495392,0.9969574036511156,0.8427991886409736,0.8260039381824691
332,0.0808577686548233,0.9979716024340771,0.8306288032454361,0.8229011277522525
333,0.08526252210140228,0.9989858012170385,0.8194726166328601,0.8143683990691569
334,0.10058754682540894,0.9979716024340771,0.8235294117647058,0.8190822841458321
335,0.06712409108877182,1.0,0.8240365111561866,0.81681484575452
336,0.049287643283605576,0.9979716024340771,0.8189655172413793,0.8155617876961633
337,0.08208892494440079,0.9989858012170385,0.8154158215010142,0.8133540187362014
338,0.09177564084529877,0.9979716024340771,0.8220081135902637,0.8177098872247748
339,0.07219849526882172,0.9979716024340771,0.829107505070994,0.8210513753803926
340,0.07944627106189728,0.9979716024340771,0.8311359026369168,0.8272569962408258
341,0.07285584509372711,0.9969574036511156,0.8316430020283976,0.8263022853392207
342,0.07772193849086761,0.9959432048681541,0.8189655172413793,0.8212303836744436
343,0.0926547572016716,0.9979716024340771,0.8316430020283976,0.8267199713586729
344,0.07816589623689651,1.0,0.827079107505071,0.8260039381824691
345,0.07340377569198608,1.0,0.8194726166328601,0.8221254251446983
346,0.06751544773578644,0.9979716024340771,0.8199797160243407,0.8191419535771824
347,0.06183813139796257,0.9969574036511156,0.8225152129817445,0.820753028223641
348,0.06741439551115036,0.9979716024340771,0.8316430020283976,0.825228235574915
349,0.06406471133232117,0.9969574036511156,0.8326572008113591,0.8284503848678322
350,0.09816466271877289,0.9979716024340771,0.829107505070994,0.8236768303598067
351,0.0718497633934021,0.9989858012170385,0.8052738336713996,0.8086998030908765
352,0.09081588685512543,0.9989858012170385,0.8164300202839757,0.8105495554627364
353,0.08586939424276352,1.0,0.8169371196754563,0.8202756727728385
354,0.0553935170173645,1.0,0.8184584178498986,0.8213497225371442
355,0.10015174001455307,0.9989858012170385,0.8240365111561866,0.8220657557133481
356,0.07124607264995575,0.9979716024340771,0.8255578093306288,0.8223044334387494
357,0.07771865278482437,0.9989858012170385,0.8209939148073022,0.8211110448117429
358,0.05796005576848984,0.9979716024340771,0.8225152129817445,0.8216480696938958
359,0.0735681802034378,0.9989858012170385,0.8235294117647058,0.8199176561847366
360,0.06466498970985413,0.9979716024340771,0.821501014198783,0.8158601348529149
361,0.0793921947479248,0.9959432048681541,0.8245436105476673,0.8230204666149532
362,0.06183849275112152,0.9969574036511156,0.8306288032454361,0.8242138552419596
363,0.05083940550684929,0.9969574036511156,0.8331643002028397,0.8246912106927621
364,0.07076529413461685,0.9979716024340771,0.8351926977687627,0.8279133599856794
365,0.08061353117227554,1.0,0.8351926977687627,0.8255265827316666
366,0.05990045890212059,1.0,0.8286004056795132,0.823736499791157
367,0.06481944769620895,0.9989858012170385,0.8184584178498986,0.8206933587922907
368,0.057248231023550034,0.9979716024340771,0.8220081135902637,0.8138910436183543
369,0.08364922553300858,0.9969574036511156,0.8204868154158215,0.8233188137717048
370,0.08955465257167816,0.9959432048681541,0.8296146044624746,0.8295841040634883
371,0.07866714894771576,0.9979716024340771,0.8250507099391481,0.8251685661435646
372,0.0677201896905899,0.9949290060851927,0.7976673427991886,0.7952741810370547
373,0.13790401816368103,0.9918864097363083,0.8220081135902637,0.8248105495554627
374,0.11174033582210541,0.9989858012170385,0.8286004056795132,0.8276150128289277
375,0.09763606637716293,0.9989858012170385,0.8240365111561866,0.820932036517692
376,0.09335725009441376,0.9959432048681541,0.7991886409736308,0.7986156691926726
377,0.09008556604385376,0.9979716024340771,0.8047667342799188,0.8030312071125962
378,0.07080645859241486,0.9979716024340771,0.8230223123732252,0.8184259204009786
379,0.08699479699134827,0.9908722109533469,0.8225152129817445,0.8155617876961633
380,0.12026368826627731,0.9918864097363083,0.8220081135902637,0.8184855898323289
381,0.09263215959072113,0.9959432048681541,0.8199797160243407,0.8156811265588639
382,0.07441692799329758,0.9949290060851927,0.8118661257606491,0.8092368279730294
383,0.07695841789245605,0.9949290060851927,0.821501014198783,0.8166955068918194
384,0.11063528060913086,0.9979716024340771,0.8311359026369168,0.8270183185154245
385,0.08407533168792725,0.9979716024340771,0.8240365111561866,0.8243928635360105
386,0.10844848304986954,0.9979716024340771,0.821501014198783,0.8200966644787875
387,0.08587153255939484,0.9979716024340771,0.8240365111561866,0.8196789784593352
388,0.05690731480717659,0.9989858012170385,0.8169371196754563,0.8174115400680232
389,0.0653318390250206,0.9989858012170385,0.8235294117647058,0.8198579867533863
390,0.06335180252790451,0.9959432048681541,0.8260649087221096,0.820753028223641
391,0.08277124166488647,0.9969574036511156,0.8306288032454361,0.8208723670863417
392,0.05864585191011429,0.9989858012170385,0.8250507099391481,0.8190822841458321
393,0.06159384921193123,0.9989858012170385,0.8301217038539553,0.8174115400680232
394,0.06761141121387482,0.9989858012170385,0.8250507099391481,0.815144101676711
395,0.06177116185426712,0.9959432048681541,0.8275862068965517,0.8163374903037174
396,0.07591728121042252,0.9989858012170385,0.8356997971602435,0.8210513753803926
397,0.06004558503627777,1.0,0.8301217038539553,0.8175308789307237
398,0.05848269909620285,1.0,0.8296146044624746,0.8172922012053225
399,0.08087151497602463,0.9979716024340771,0.8316430020283976,0.8227817888895519
400,0.05816250294446945,0.9949290060851927,0.8179513184584178,0.8122799689718957
401,0.0783115103840828,0.9979716024340771,0.8265720081135902,0.815144101676711
402,0.06526325643062592,0.9939148073022313,0.8351926977687627,0.8199176561847366
403,0.1055477187037468,0.9939148073022313,0.84026369168357,0.8236768303598067
404,0.06967534124851227,0.9918864097363083,0.8230223123732252,0.8152037711080613
405,0.09446931630373001,0.9939148073022313,0.829107505070994,0.8221850945760487
406,0.09595382958650589,0.9929006085192698,0.8341784989858012,0.8293454263380869
407,0.08657120913267136,0.9949290060851927,0.8240365111561866,0.824870218986813
408,0.10159195959568024,0.9969574036511156,0.8174442190669371,0.8221254251446983
409,0.07012554258108139,0.9989858012170385,0.8204868154158215,0.8190822841458321
410,0.06530474871397018,0.9989858012170385,0.8169371196754563,0.8129363327167493
411,0.059034235775470734,0.9969574036511156,0.8235294117647058,0.8131750104421505
412,0.0718887597322464,0.9989858012170385,0.821501014198783,0.818127573244227
413,0.05296424403786659,0.9979716024340771,0.829107505070994,0.8237961692225073
414,0.0723705142736435,0.9979716024340771,0.8280933062880325,0.8211707142430933
415,0.06073503941297531,0.9979716024340771,0.8164300202839757,0.8146070767945581
416,0.06338179856538773,0.9979716024340771,0.8093306288032455,0.8095948445611313
417,0.10332466661930084,0.9979716024340771,0.8235294117647058,0.8236171609284564
418,0.08359270542860031,0.9979716024340771,0.8341784989858012,0.8272569962408258
419,0.05446765571832657,0.9979716024340771,0.8245436105476673,0.8221254251446983
420,0.05478590354323387,0.9979716024340771,0.8199797160243407,0.8200966644787875
421,0.07879669964313507,0.9989858012170385,0.8286004056795132,0.8245122023987111
422,0.0767529308795929,0.9989858012170385,0.8225152129817445,0.8160988125783162
423,0.08327057212591171,0.9979716024340771,0.8245436105476673,0.8180082343815264
424,0.07313436269760132,0.9979716024340771,0.8286004056795132,0.8263619547705711
425,0.07553649693727493,0.9949290060851927,0.8356997971602435,0.8381765021779343
426,0.08731070905923843,0.9969574036511156,0.8209939148073022,0.823736499791157
427,0.09444309771060944,0.9969574036511156,0.827079107505071,0.818306581538278
428,0.07434459030628204,0.9979716024340771,0.8250507099391481,0.8163971597350678
429,0.07706774026155472,0.9969574036511156,0.821501014198783,0.8149650933826601
430,0.0628349632024765,0.9969574036511156,0.829107505070994,0.8229607971836028
431,0.04912412911653519,0.9969574036511156,0.8311359026369168,0.8279133599856794
432,0.07320943474769592,1.0,0.8286004056795132,0.8232591443403544
433,0.08842801302671432,0.9969574036511156,0.8209939148073022,0.8156214571275135
434,0.0789291188120842,0.9959432048681541,0.8184584178498986,0.8103108777373351
435,0.1083582192659378,0.9979716024340771,0.8351926977687627,0.8238558386538576
436,0.062462881207466125,0.9979716024340771,0.8326572008113591,0.8267199713586729
437,0.06768985837697983,0.9969574036511156,0.8235294117647058,0.8208723670863417
438,0.07278095930814743,0.9939148073022313,0.8057809330628803,0.8051196372098574
439,0.09926149994134903,0.9969574036511156,0.8194726166328601,0.8166955068918194
440,0.06884893029928207,0.9969574036511156,0.8265720081135902,0.8192016230085327
441,0.07983514666557312,0.9989858012170385,0.8326572008113591,0.8223641028700996
442,0.09731905907392502,0.9989858012170385,0.8164300202839757,0.8080434393460231
443,0.07743635773658752,0.9979716024340771,0.8128803245436106,0.8041649263082523
444,0.09899596124887466,1.0,0.829107505070994,0.8236171609284564
445,0.05063348263502121,0.9929006085192698,0.8286004056795132,0.824870218986813
446,0.1096520721912384,0.9929006085192698,0.8356997971602435,0.8264812936332717
447,0.12695501744747162,1.0,0.8265720081135902,0.8184259204009786
448,0.0520588681101799,0.9959432048681541,0.8103448275862069,0.8035085625633988
449,0.06963300704956055,1.0,0.813894523326572,0.8122799689718957
450,0.07497542351484299,0.9969574036511156,0.8250507099391481,0.8227221194582016
451,0.07415829598903656,0.9989858012170385,0.8392494929006086,0.8289874097499851
452,0.05189628526568413,0.9979716024340771,0.8296146044624746,0.8256459215943672
453,0.08018762618303299,0.9989858012170385,0.8230223123732252,0.8223641028700996
454,0.06341308355331421,1.0,0.8230223123732252,0.8208126976549913
455,0.0708133652806282,0.9989858012170385,0.8209939148073022,0.8210513753803926
456,0.053259171545505524,1.0,0.8194726166328601,0.8199773256160868
457,0.05758850648999214,1.0,0.815922920892495,0.8135926964616027
458,0.06893394142389297,0.9979716024340771,0.8032454361054767,0.8078047616206218
459,0.052722036838531494,0.9969574036511156,0.800709939148073,0.8067903812876663
460,0.06954620033502579,0.9969574036511156,0.802738336713996,0.8060146786801122
461,0.08006953448057175,0.9979716024340771,0.8204868154158215,0.817948564950176
462,0.06651511788368225,0.9979716024340771,0.8240365111561866,0.8180082343815264
463,0.07431115210056305,0.9979716024340771,0.8179513184584178,0.8160391431469658
464,0.06985563039779663,0.9989858012170385,0.8108519269776876,0.8126976549913479
465,0.07211609929800034,0.9989858012170385,0.8184584178498986,0.8199773256160868
466,0.07597081363201141,0.9979716024340771,0.8351926977687627,0.8286890625932335
467,0.09491173923015594,0.9929006085192698,0.827079107505071,0.8128766632853989
468,0.08207814395427704,0.9918864097363083,0.8032454361054767,0.7979593054478191
469,0.1029132604598999,0.9989858012170385,0.829107505070994,0.8236171609284564
470,0.06374888867139816,0.9939148073022313,0.8321501014198783,0.824870218986813
471,0.10516772419214249,0.9969574036511156,0.8235294117647058,0.8219464168506474
472,0.08035968244075775,0.9939148073022313,0.8088235294117647,0.8100722000119339
473,0.05633710324764252,0.9939148073022313,0.8012170385395537,0.8068500507190166
474,0.09991273283958435,0.9969574036511156,0.8255578093306288,0.8231994749090041
475,0.06099936366081238,0.9959432048681541,0.8372210953346856,0.8281520377110806
476,0.09418608248233795,0.9989858012170385,0.8311359026369168,0.8245122023987111
477,0.07350584864616394,1.0,0.8144016227180527,0.8086401336595263
478,0.059044912457466125,0.9969574036511156,0.8088235294117647,0.8077450921892715
479,0.10005101561546326,1.0,0.821501014198783,0.8225431111641506
480,0.10459095239639282,0.9989858012170385,0.8240365111561866,0.8251088967122143
481,0.05688430368900299,1.0,0.8250507099391481,0.8233188137717048
482,0.05885426700115204,1.0,0.8230223123732252,0.8232591443403544
483,0.07262976467609406,1.0,0.8174442190669371,0.8162778208723671
484,0.06814698874950409,1.0,0.8149087221095335,0.8176502177934244
485,0.09066365659236908,0.9989858012170385,0.8098377281947262,0.8157407959902142
486,0.07720468193292618,0.9989858012170385,0.8230223123732252,0.8215287308311952
487,0.0611959770321846,0.9989858012170385,0.8220081135902637,0.8220060862819978
488,0.09173334389925003,0.9979716024340771,0.8245436105476673,0.8175308789307237
489,0.10436595231294632,0.9969574036511156,0.8103448275862069,0.8092964974043797
490,0.07528600096702576,0.9969574036511156,0.8118661257606491,0.8116236052270421
491,0.0880124419927597,0.9979716024340771,0.8133874239350912,0.813831374187004
492,0.08917876332998276,1.0,0.8144016227180527,0.8205143504982397
493,0.09121470153331757,0.9979716024340771,0.8194726166328601,0.8173518706366728
494,0.08444450795650482,0.9969574036511156,0.8235294117647058,0.8145474073632079
495,0.06987950950860977,0.9979716024340771,0.8179513184584178,0.8129363327167493
496,0.06822014600038528,1.0,0.8189655172413793,0.8174712094993735
497,0.06938423216342926,0.9989858012170385,0.8189655172413793,0.8178292260874754
498,0.08618519455194473,0.9979716024340771,0.8199797160243407,0.8165761680291187
499,0.0899331346154213,1.0,0.8169371196754563,0.813831374187004
500,0.08066073060035706,0.9989858012170385,0.8174442190669371,0.8149650933826601
501,0.049145545810461044,0.9989858012170385,0.813894523326572,0.8154424488334626
502,0.07953517138957977,0.9979716024340771,0.8149087221095335,0.8173518706366728
503,0.06455593556165695,0.9939148073022313,0.8108519269776876,0.8146070767945581
504,0.09345618635416031,0.9929006085192698,0.8047667342799188,0.8105495554627364
505,0.0778479278087616,0.9949290060851927,0.8032454361054767,0.8139507130497047
506,0.0753263309597969,0.9959432048681541,0.8133874239350912,0.8171728623426219
507,0.10230091214179993,0.9949290060851927,0.8078093306288032,0.8084014559341249
508,0.07819780707359314,0.9939148073022313,0.7991886409736308,0.8029715376812459
509,0.08710276335477829,0.9979716024340771,0.7986815415821501,0.8008831075839847
510,0.09674593061208725,0.9989858012170385,0.7991886409736308,0.8047019511904051
511,0.07436070591211319,0.9989858012170385,0.813894523326572,0.8162181514410167
512,0.08136625587940216,0.9979716024340771,0.8230223123732252,0.8232591443403544
513,0.05339137837290764,0.9989858012170385,0.8260649087221096,0.8256459215943672
514,0.06500169634819031,0.9979716024340771,0.8199797160243407,0.8174115400680232
515,0.0764809176325798,0.9989858012170385,0.8118661257606491,0.8167551763231696
516,0.06704717874526978,0.9989858012170385,0.808316430020284,0.8175905483620741
517,0.07941211014986038,0.9989858012170385,0.8108519269776876,0.8154424488334626
518,0.05557357892394066,0.9979716024340771,0.8108519269776876,0.8137717047556536
519,0.06576649844646454,0.9969574036511156,0.8179513184584178,0.813831374187004
520,0.06699497997760773,0.9959432048681541,0.8169371196754563,0.8208126976549913
521,0.09464205801486969,0.9969574036511156,0.8245436105476673,0.8237961692225073
522,0.08451774716377258,0.9979716024340771,0.8260649087221096,0.8245122023987111
523,0.05233363062143326,0.9969574036511156,0.8225152129817445,0.8150247628140104
524,0.07775884866714478,0.9969574036511156,0.8275862068965517,0.8232591443403544
525,0.07058907300233841,0.9979716024340771,0.8220081135902637,0.8280923682797303
526,0.05792558193206787,0.9929006085192698,0.8169371196754563,0.8255265827316666
527,0.08388911187648773,0.9989858012170385,0.8199797160243407,0.8224834417328003
528,0.07978568226099014,0.9969574036511156,0.8098377281947262,0.8168745151858703
529,0.07108604162931442,0.9989858012170385,0.8017241379310345,0.8137717047556536
530,0.07020175457000732,0.9979716024340771,0.8118661257606491,0.8189032758517811
531,0.04493202269077301,0.9959432048681541,0.8098377281947262,0.8175905483620741
532,0.07775108516216278,0.9959432048681541,0.8169371196754563,0.8198579867533863
533,0.058911800384521484,0.9969574036511156,0.8164300202839757,0.8226624500268512
534,0.07796011120080948,0.9989858012170385,0.8184584178498986,0.816635837460469
535,0.062298648059368134,1.0,0.8174442190669371,0.8156811265588639
536,0.08268410712480545,1.0,0.8179513184584178,0.8155021182648129
537,0.06173032522201538,0.9979716024340771,0.8052738336713996,0.8079241004833224
538,0.1070314571261406,0.9949290060851927,0.8286004056795132,0.8245122023987111
539,0.11142925918102264,0.9969574036511156,0.8331643002028397,0.8280326988483799
540,0.07431963086128235,0.9979716024340771,0.8149087221095335,0.8135330270302524
541,0.10318245738744736,0.9959432048681541,0.8255578093306288,0.8193806313025837
542,0.07101816684007645,0.9979716024340771,0.8301217038539553,0.826540963064622
543,0.07224985957145691,0.9989858012170385,0.829107505070994,0.8258249298884182
544,0.07027849555015564,1.0,0.8230223123732252,0.8194999701652843
545,0.07463259249925613,1.0,0.8199797160243407,0.8123993078345964
546,0.06580574065446854,0.9989858012170385,0.8169371196754563,0.8112655886389403
547,0.07202496379613876,1.0,0.8255578093306288,0.816635837460469
548,0.04192149639129639,1.0,0.827079107505071,0.8226624500268512
549,0.06717809289693832,1.0,0.8250507099391481,0.8230801360463035
550,0.08353806287050247,0.9989858012170385,0.8174442190669371,0.818127573244227
551,0.06786935776472092,0.9979716024340771,0.8149087221095335,0.808222447640074
552,0.05591319873929024,0.9969574036511156,0.8113590263691683,0.8079837699146727
553,0.08081955462694168,0.9979716024340771,0.813894523326572,0.8128766632853989
554,0.07527214288711548,0.9989858012170385,0.8154158215010142,0.817769556656125
555,0.05644417554140091,0.9969574036511156,0.8179513184584178,0.8211110448117429
556,0.09416117519140244,0.9979716024340771,0.8240365111561866,0.8128169938540486
557,0.06975535303354263,0.9979716024340771,0.8128803245436106,0.8109075720508384
558,0.07834181934595108,0.9918864097363083,0.8174442190669371,0.804284265170953
559,0.10378257185220718,0.9949290060851927,0.8286004056795132,0.8131153410108002
560,0.09082092344760895,0.9959432048681541,0.8245436105476673,0.8157407959902142
561,0.0686943382024765,0.9939148073022313,0.8245436105476673,0.8137717047556536
562,0.11451020836830139,0.9939148073022313,0.8280933062880325,0.8172922012053225
563,0.0885816216468811,0.9898580121703854,0.829107505070994,0.8212303836744436
564,0.12147781997919083,0.9918864097363083,0.8250507099391481,0.8156214571275135
565,0.08951739966869354,0.9929006085192698,0.8179513184584178,0.8143087296378065
566,0.10031845420598984,0.9949290060851927,0.8149087221095335,0.8141297213437556
567,0.10348015278577805,0.9959432048681541,0.8326572008113591,0.8286293931618832
568,0.09341111034154892,0.9969574036511156,0.829107505070994,0.8275553433975774
569,0.07643571496009827,0.9989858012170385,0.8174442190669371,0.8180679038128766
570,0.07009434700012207,0.9969574036511156,0.8017241379310345,0.8018974879169402
571,0.09931199997663498,0.9989858012170385,0.8164300202839757,0.8166955068918194
572,0.059844374656677246,0.9989858012170385,0.8154158215010142,0.8221850945760487
573,0.09094960242509842,0.9989858012170385,0.8164300202839757,0.8190226147144818
574,0.07504653185606003,0.9979716024340771,0.8128803245436106,0.8141893907751059
575,0.0837952196598053,0.9979716024340771,0.821501014198783,0.820932036517692
576,0.06413328647613525,0.9979716024340771,0.8220081135902637,0.820753028223641
577,0.09574108570814133,0.9989858012170385,0.8174442190669371,0.8189629452831314
578,0.04292447492480278,0.9979716024340771,0.8093306288032455,0.8171728623426219
579,0.05774501711130142,1.0,0.808316430020284,0.8165164985977683
580,0.0698007121682167,0.9959432048681541,0.8103448275862069,0.8189629452831314
581,0.05452636256814003,0.9949290060851927,0.8052738336713996,0.8137120353243034
582,0.09250795841217041,0.9949290060851927,0.7986815415821501,0.8061936869741632
583,0.08738815784454346,0.9969574036511156,0.8164300202839757,0.8120412912464944
584,0.07785077393054962,0.9969574036511156,0.8199797160243407,0.8153827794021123
585,0.10627161711454391,0.9969574036511156,0.8235294117647058,0.8233784832030551
586,0.07399308681488037,1.0,0.821501014198783,0.8213497225371442
587,0.061397965997457504,0.9989858012170385,0.8078093306288032,0.8082821170714243
588,0.07248915731906891,0.9979716024340771,0.8113590263691683,0.8073870756011695
589,0.0755060613155365,0.9979716024340771,0.8311359026369168,0.8217674085565965
590,0.07326563447713852,0.9959432048681541,0.8321501014198783,0.8257652604570679
591,0.08631306886672974,0.9989858012170385,0.8235294117647058,0.822602780595501
592,0.06713292002677917,0.9908722109533469,0.808316430020284,0.8071483978757682
593,0.09957198053598404,0.9979716024340771,0.8245436105476673,0.8240348469479086
594,0.08990096300840378,0.9979716024340771,0.8199797160243407,0.817769556656125
595,0.0710882693529129,1.0,0.8164300202839757,0.8169938540485709
596,0.06634699553251266,1.0,0.8169371196754563,0.8144280685005072
597,0.048182412981987,0.9959432048681541,0.8204868154158215,0.8054776537979593
598,0.07158365100622177,0.9959432048681541,0.8179513184584178,0.8088191419535772
599,0.07657743990421295,0.9969574036511156,0.829107505070994,0.8211707142430933
600,0.07855665683746338,0.9979716024340771,0.8220081135902637,0.8198579867533863
601,0.08147934079170227,0.9989858012170385,0.8225152129817445,0.8162181514410167
602,0.05414741486310959,0.9989858012170385,0.8128803245436106,0.8005847604272331
603,0.09399706870317459,0.9989858012170385,0.8189655172413793,0.8149054239513097
604,0.05774664506316185,0.9979716024340771,0.8179513184584178,0.8185452592636793
605,0.07881657779216766,0.9969574036511156,0.815922920892495,0.8167551763231696
606,0.09535294771194458,0.9989858012170385,0.8189655172413793,0.8146070767945581
607,0.06447619199752808,1.0,0.8154158215010142,0.8135926964616027
608,0.07501941174268723,1.0,0.8204868154158215,0.8178888955188257
609,0.07853223383426666,0.9989858012170385,0.8245436105476673,0.8230801360463035
610,0.07254135608673096,0.9979716024340771,0.8275862068965517,0.8214690613998449
611,0.14410929381847382,0.9979716024340771,0.8174442190669371,0.8172922012053225
612,0.09300793707370758,0.9878296146044625,0.8230223123732252,0.8141297213437556
613,0.1223703995347023,0.9949290060851927,0.8255578093306288,0.8234978220657557
614,0.10923697799444199,0.9959432048681541,0.8088235294117647,0.8200369950474372
615,0.10138589143753052,0.9959432048681541,0.8199797160243407,0.8206933587922907
616,0.07046668976545334,0.9959432048681541,0.8265720081135902,0.819440300733934
617,0.07364092767238617,0.9949290060851927,0.8316430020283976,0.8196789784593352
618,0.08188195526599884,0.9949290060851927,0.8280933062880325,0.8219464168506474
619,0.11671433597803116,0.9969574036511156,0.8341784989858012,0.8230801360463035
620,0.08269726485013962,0.9969574036511156,0.8296146044624746,0.8243331941046602
621,0.07409198582172394,0.9979716024340771,0.8311359026369168,0.8210513753803926
622,0.07284267246723175,0.9969574036511156,0.8240365111561866,0.8175905483620741
623,0.10002521425485611,0.9979716024340771,0.8220081135902637,0.8177098872247748
624,0.08494170010089874,0.9969574036511156,0.8265720081135902,0.8254072438689659
625,0.07271771878004074,0.9969574036511156,0.8316430020283976,0.8300017900829405
626,0.06219036877155304,0.9969574036511156,0.8260649087221096,0.8275553433975774
627,0.06003187596797943,0.9979716024340771,0.8235294117647058,0.8291067486126857
628,0.06846592575311661,1.0,0.8245436105476673,0.8270183185154245
629,0.06644482910633087,1.0,0.8184584178498986,0.8205143504982397
630,0.05614744499325752,1.0,0.8113590263691683,0.8155617876961633
631,0.05476318672299385,1.0,0.815922920892495,0.8206336893609404
632,0.054664913564920425,0.9989858012170385,0.8240365111561866,0.8276150128289277
633,0.08161179721355438,0.9989858012170385,0.8260649087221096,0.8243331941046602
634,0.05970870330929756,0.9979716024340771,0.8179513184584178,0.8211110448117429
635,0.07505856454372406,0.9979716024340771,0.8073022312373225,0.8079837699146727
636,0.08744166791439056,0.9959432048681541,0.8280933062880325,0.8245122023987111
637,0.061355531215667725,0.9918864097363083,0.8326572008113591,0.8308968315531953
638,0.106490358710289,0.9929006085192698,0.8301217038539553,0.8301211289456412
639,0.09284662455320358,0.9959432048681541,0.8149087221095335,0.8149650933826601
640,0.08530272543430328,0.9959432048681541,0.8133874239350912,0.8126379855599977
641,0.06742291152477264,0.9989858012170385,0.8255578093306288,0.8251685661435646
642,0.05315769836306572,0.9969574036511156,0.8286004056795132,0.8295841040634883
643,0.06052938103675842,0.9989858012170385,0.834685598377282,0.8232591443403544
644,0.0670495554804802,1.0,0.821501014198783,0.8202756727728385
645,0.054986439645290375,1.0,0.8174442190669371,0.817948564950176
646,0.08475495874881744,0.9989858012170385,0.8311359026369168,0.8270779879467749
647,0.07976517826318741,0.9949290060851927,0.8392494929006086,0.830837162121845
648,0.09342037886381149,0.9979716024340771,0.8296146044624746,0.8257652604570679
649,0.07172776758670807,0.9969574036511156,0.8118661257606491,0.815323109970762
650,0.0671948492527008,0.9949290060851927,0.8118661257606491,0.8119816218151441
651,0.08484885096549988,0.9969574036511156,0.821501014198783,0.8203353422041888
652,0.05421822518110275,0.9949290060851927,0.827079107505071,0.8247508801241125
653,0.08491645753383636,0.9959432048681541,0.829107505070994,0.8268393102213736
654,0.07141970098018646,0.9989858012170385,0.8230223123732252,0.8209917059490424
655,0.056491486728191376,0.9979716024340771,0.8078093306288032,0.8060743481114625
656,0.08126930147409439,0.9979716024340771,0.808316430020284,0.8064323646995644
657,0.0729726031422615,0.9959432048681541,0.8174442190669371,0.8058356703860612
658,0.07972469925880432,0.9908722109533469,0.8235294117647058,0.8163971597350678
659,0.08604492992162704,0.9949290060851927,0.8235294117647058,0.8172922012053225
660,0.11633844673633575,1.0,0.827079107505071,0.8110865803448893
661,0.07225687801837921,0.9979716024340771,0.8260649087221096,0.8107285637567874
662,0.09507331252098083,0.9989858012170385,0.8336713995943205,0.8180082343815264
663,0.06476078927516937,0.9959432048681541,0.8372210953346856,0.8251088967122143
664,0.08745560050010681,0.9969574036511156,0.8280933062880325,0.8195596395966347
665,0.08494915813207626,0.9969574036511156,0.8209939148073022,0.8154424488334626
666,0.08562809973955154,0.9979716024340771,0.8230223123732252,0.8187242675577302
667,0.06736206263303757,0.9969574036511156,0.8311359026369168,0.8276746822602781
668,0.07498928904533386,0.9979716024340771,0.834685598377282,0.8251088967122143
669,0.07798630744218826,0.9989858012170385,0.8296146044624746,0.8188436064204309
670,0.05045780539512634,0.9979716024340771,0.827079107505071,0.815144101676711
671,0.05435195937752724,0.9989858012170385,0.8321501014198783,0.8249298884181634
672,0.055529385805130005,1.0,0.8326572008113591,0.8237961692225073
673,0.04931981489062309,0.9979716024340771,0.8306288032454361,0.8230204666149532
674,0.06975696235895157,1.0,0.827079107505071,0.8188436064204309
675,0.07664662599563599,0.9989858012170385,0.8169371196754563,0.8203950116355391
676,0.09454900771379471,0.9969574036511156,0.8128803245436106,0.8148457545199594
677,0.09677760303020477,0.9918864097363083,0.8164300202839757,0.8070290590130677
678,0.10053329169750214,0.9929006085192698,0.8275862068965517,0.8174712094993735
679,0.07791552692651749,0.9929006085192698,0.8321501014198783,0.8228414583209022
680,0.09130260348320007,0.9969574036511156,0.8286004056795132,0.8187839369890805
681,0.09557469189167023,0.9989858012170385,0.821501014198783,0.8159794737156155
682,0.06318692117929459,0.9989858012170385,0.8169371196754563,0.8135330270302524
683,0.06949536502361298,1.0,0.8306288032454361,0.8184259204009786
684,0.07134716212749481,1.0,0.827079107505071,0.822244764007399
685,0.06523539125919342,1.0,0.8184584178498986,0.8140700519124052
686,0.06936389952898026,0.9969574036511156,0.8022312373225152,0.8032698848379974
687,0.10021687299013138,0.9989858012170385,0.8144016227180527,0.8090578196789785
688,0.08638766407966614,1.0,0.8286004056795132,0.825228235574915
689,0.06881418079137802,0.9939148073022313,0.8301217038539553,0.8241541858106092
690,0.08952567726373672,0.9929006085192698,0.821501014198783,0.819619309027985
691,0.1000988781452179,0.9959432048681541,0.8235294117647058,0.8203353422041888
692,0.10621470957994461,0.9979716024340771,0.8331643002028397,0.8296437734948386
693,0.05932820960879326,0.9979716024340771,0.8286004056795132,0.8253475744376156
694,0.08655266463756561,0.9979716024340771,0.8062880324543611,0.8038665791515007
695,0.08223571628332138,0.9979716024340771,0.8032454361054767,0.7978996360164687
696,0.09314891695976257,0.9959432048681541,0.8154158215010142,0.8122202995405454
697,0.07208550721406937,0.9979716024340771,0.8255578093306288,0.817948564950176
698,0.06857354193925858,0.9969574036511156,0.829107505070994,0.8228414583209022
699,0.09119534492492676,0.9969574036511156,0.827079107505071,0.8237961692225073
700,0.07263579964637756,0.9969574036511156,0.8230223123732252,0.8205740199295901
701,0.07686147838830948,0.9979716024340771,0.8204868154158215,0.8239751775165582
702,0.07688787579536438,0.9979716024340771,0.815922920892495,0.8227817888895519
703,0.06655651330947876,0.9989858012170385,0.8073022312373225,0.8156214571275135
704,0.06490471214056015,0.9969574036511156,0.7991886409736308,0.8066710424249657
705,0.08128805458545685,0.9949290060851927,0.8093306288032455,0.8127573244226982
706,0.07196968793869019,0.9969574036511156,0.8255578093306288,0.8234978220657557
707,0.07945495843887329,0.9969574036511156,0.8341784989858012,0.8276150128289277
708,0.08005048334598541,0.9989858012170385,0.8220081135902637,0.8248105495554627
709,0.07683983445167542,0.9989858012170385,0.8067951318458418,0.8120412912464944
710,0.08526573330163956,0.9969574036511156,0.8012170385395537,0.8104898860313862
711,0.08589719980955124,0.9979716024340771,0.8275862068965517,0.8259442687511188
712,0.057514455169439316,0.9959432048681541,0.8356997971602435,0.8279133599856794
713,0.07611432671546936,0.9979716024340771,0.8184584178498986,0.8189629452831314
714,0.07564716786146164,1.0,0.808316430020284,0.809535175129781
715,0.056066300719976425,0.9989858012170385,0.8017241379310345,0.8037472402888001
716,0.04244236275553703,0.9969574036511156,0.8067951318458418,0.80559699266066
717,0.07072139531373978,0.9989858012170385,0.8154158215010142,0.8158601348529149
718,0.07238209247589111,1.0,0.8154158215010142,0.8159198042842651
719,0.046738289296627045,1.0,0.813894523326572,0.8137120353243034
720,0.06553801894187927,0.9989858012170385,0.8209939148073022,0.8158004654215645
721,0.08642590790987015,0.9969574036511156,0.8331643002028397,0.8256459215943672
722,0.09978428483009338,0.9979716024340771,0.8316430020283976,0.820753028223641
723,0.0701519325375557,0.9979716024340771,0.8209939148073022,0.813473357598902
724,0.08735131472349167,0.9959432048681541,0.8220081135902637,0.8092964974043797
725,0.08116685599088669,0.9949290060851927,0.8240365111561866,0.8155617876961633
726,0.09962606430053711,0.9969574036511156,0.8204868154158215,0.8133540187362014
727,0.09731893986463547,0.9989858012170385,0.8372210953346856,0.8240945163792589
728,0.08482275903224945,0.9959432048681541,0.8362068965517241,0.8215884002625455
729,0.07674562931060791,0.9969574036511156,0.8311359026369168,0.8185452592636793
730,0.07607092708349228,0.9979716024340771,0.8286004056795132,0.8172922012053225
731,0.06212395429611206,0.9969574036511156,0.8316430020283976,0.8201563339101379
732,0.06710610538721085,0.9979716024340771,0.829107505070994,0.8234978220657557
733,0.07576261460781097,0.9979716024340771,0.8245436105476673,0.8175308789307237
734,0.06770581752061844,0.9969574036511156,0.8286004056795132,0.8205143504982397
735,0.0811770036816597,0.9979716024340771,0.8351926977687627,0.8276746822602781
736,0.06764189153909683,0.9989858012170385,0.834685598377282,0.8267199713586729
737,0.05512319877743721,0.9989858012170385,0.827079107505071,0.8137717047556536
738,0.05872427672147751,0.9979716024340771,0.8199797160243407,0.808222447640074
739,0.07010825723409653,0.9969574036511156,0.8306288032454361,0.8191419535771824
740,0.0847334936261177,0.9979716024340771,0.8362068965517241,0.8249895578495137
741,0.07162099331617355,0.9969574036511156,0.834685598377282,0.8234381526344053
742,0.07297158986330032,0.9989858012170385,0.8245436105476673,0.8197386478906856
743,0.0860612541437149,0.9979716024340771,0.8123732251521298,0.8157407959902142
744,0.08332259953022003,0.9989858012170385,0.8286004056795132,0.8210513753803926
745,0.06925290077924728,0.9969574036511156,0.8189655172413793,0.8172922012053225
746,0.09093403071165085,1.0,0.8179513184584178,0.8177098872247748
747,0.08619531989097595,1.0,0.8133874239350912,0.8131750104421505
748,0.06646721810102463,0.9949290060851927,0.8113590263691683,0.8066710424249657
749,0.09847493469715118,0.9969574036511156,0.8230223123732252,0.8156811265588639
750,0.046039458364248276,1.0,0.8184584178498986,0.8146667462259085
751,0.05471576377749443,1.0,0.8037525354969574,0.805238976072558
752,0.07621078938245773,1.0,0.8062880324543611,0.8027925293871949
753,0.065396748483181,1.0,0.813894523326572,0.8092964974043797
754,0.06651104241609573,0.9989858012170385,0.8204868154158215,0.8165164985977683
755,0.05871287360787392,0.9989858012170385,0.8255578093306288,0.8189629452831314
756,0.06576358526945114,0.9989858012170385,0.8179513184584178,0.815323109970762
757,0.06460565328598022,1.0,0.8225152129817445,0.8178292260874754
758,0.06002577394247055,0.9979716024340771,0.8326572008113591,0.8248105495554627
759,0.044232238084077835,0.9979716024340771,0.8321501014198783,0.826898979652724
760,0.07710505276918411,1.0,0.8286004056795132,0.8187839369890805
761,0.06749070435762405,0.9989858012170385,0.8351926977687627,0.8254669133003163
762,0.06712983548641205,0.9939148073022313,0.8296146044624746,0.824870218986813
763,0.0739130824804306,0.9989858012170385,0.8296146044624746,0.8209917059490424
764,0.07961521297693253,0.9969574036511156,0.8088235294117647,0.805238976072558
765,0.07791933417320251,0.9949290060851927,0.8144016227180527,0.8092368279730294
766,0.07285501062870026,0.9969574036511156,0.8286004056795132,0.8171728623426219
767,0.06691251695156097,0.9979716024340771,0.8296146044624746,0.8174115400680232
768,0.056662462651729584,0.9969574036511156,0.8194726166328601,0.8101318694432842
769,0.08471383154392242,0.9969574036511156,0.8144016227180527,0.8050002983471568
770,0.07867736369371414,0.9969574036511156,0.8088235294117647,0.80559699266066
771,0.06329889595508575,0.9949290060851927,0.7946247464503042,0.7969449251148637
772,0.12044721096754074,0.9939148073022313,0.8169371196754563,0.8150247628140104
773,0.08789724856615067,0.9949290060851927,0.8240365111561866,0.817948564950176
774,0.08600527793169022,0.9969574036511156,0.8260649087221096,0.8210513753803926
775,0.08314239978790283,0.9969574036511156,0.8209939148073022,0.8189032758517811
776,0.06268714368343353,0.9969574036511156,0.8245436105476673,0.817769556656125
777,0.08959083259105682,0.9959432048681541,0.8098377281947262,0.8113849275016409
778,0.0902799740433693,0.9959432048681541,0.7971602434077079,0.8001670744077809
779,0.10125764459371567,0.9939148073022313,0.8199797160243407,0.8150247628140104
780,0.09206768125295639,0.9929006085192698,0.821501014198783,0.8195596395966347
781,0.07450473308563232,0.9898580121703854,0.813894523326572,0.8197386478906856
782,0.10059923678636551,0.9898580121703854,0.8174442190669371,0.8195596395966347
783,0.08065254241228104,0.9959432048681541,0.8326572008113591,0.8259442687511188
784,0.0925779640674591,0.9969574036511156,0.8382352941176471,0.8276746822602781
785,0.08172895014286041,0.9979716024340771,0.8321501014198783,0.8230204666149532
786,0.06330583989620209,0.9979716024340771,0.8204868154158215,0.8203950116355391
787,0.07258743792772293,0.9979716024340771,0.8326572008113591,0.8261829464765201
788,0.07230480015277863,0.9979716024340771,0.829107505070994,0.8260636076138195
789,0.06922979652881622,0.9989858012170385,0.8280933062880325,0.8219464168506474
790,0.07338015735149384,0.9989858012170385,0.8194726166328601,0.8231994749090041
791,0.07467438280582428,0.9989858012170385,0.8235294117647058,0.8229011277522525
792,0.07118921726942062,0.9979716024340771,0.8118661257606491,0.8106092248940867
793,0.07693184167146683,0.9979716024340771,0.8103448275862069,0.8045229428963542
794,0.06839263439178467,0.9959432048681541,0.8280933062880325,0.8254669133003163
795,0.054445184767246246,0.9918864097363083,0.8321501014198783,0.8274360045348768
796,0.11858835071325302,0.9949290060851927,0.8280933062880325,0.8137120353243034
797,0.11661922931671143,0.9979716024340771,0.8301217038539553,0.8195596395966347
798,0.06526403874158859,0.9979716024340771,0.8204868154158215,0.8132943493048511
799,0.08686196804046631,0.9989858012170385,0.8133874239350912,0.8076257533265708
800,0.11879674345254898,0.9979716024340771,0.821501014198783,0.817769556656125
801,0.057353388518095016,0.9979716024340771,0.8245436105476673,0.8189032758517811
802,0.10285628587007523,0.9949290060851927,0.8275862068965517,0.8229607971836028
803,0.09164045006036758,0.9979716024340771,0.8311359026369168,0.8220060862819978
804,0.08332005888223648,0.9949290060851927,0.8199797160243407,0.816456829166418
805,0.078251414000988,0.9959432048681541,0.8184584178498986,0.8107285637567874
806,0.06505658477544785,0.9959432048681541,0.8169371196754563,0.8100125305805835
807,0.09695582091808319,0.9969574036511156,0.8103448275862069,0.8057760009547109
808,0.08199343085289001,0.9989858012170385,0.815922920892495,0.8126379855599977
809,0.07886675000190735,0.9969574036511156,0.8240365111561866,0.8201563339101379
810,0.07612599432468414,0.9959432048681541,0.8265720081135902,0.8229011277522525
811,0.060177162289619446,0.9979716024340771,0.8199797160243407,0.8161584820096665
812,0.07455404847860336,1.0,0.8184584178498986,0.8134136881675518
813,0.07156580686569214,0.9989858012170385,0.827079107505071,0.8186645981263798
814,0.054734598845243454,1.0,0.8199797160243407,0.8171131929112716
815,0.0807022675871849,1.0,0.8118661257606491,0.8175905483620741
816,0.059923604130744934,1.0,0.8144016227180527,0.8193806313025837
817,0.060997623950242996,1.0,0.8103448275862069,0.8118622829524434
818,0.07170728594064713,0.9989858012170385,0.8149087221095335,0.8183662509696282
819,0.05596012994647026,0.9989858012170385,0.8255578093306288,0.8242735246733098
820,0.06058885157108307,0.9989858012170385,0.8255578093306288,0.824870218986813
821,0.06176697090268135,0.9989858012170385,0.8133874239350912,0.816635837460469
822,0.06927108019590378,0.9979716024340771,0.8118661257606491,0.8115639357956919
823,0.06636326014995575,0.9969574036511156,0.8387423935091278,0.8314338564353482
824,0.08104252070188522,0.9969574036511156,0.8367139959432048,0.8277343516916283
825,0.06325795501470566,0.9989858012170385,0.8199797160243407,0.8150844322453608
826,0.06430578231811523,0.9989858012170385,0.8174442190669371,0.8120412912464944
827,0.08652966469526291,1.0,0.8184584178498986,0.8104898860313862
828,0.048930808901786804,0.9989858012170385,0.8230223123732252,0.8214690613998449
829,0.06364807486534119,0.9908722109533469,0.8316430020283976,0.8266603019273226
830,0.10298120975494385,0.9989858012170385,0.8184584178498986,0.8149650933826601
831,0.08543255180120468,0.9898580121703854,0.7834685598377282,0.7902619488036279
832,0.1016295999288559,0.9989858012170385,0.8296146044624746,0.822602780595501
833,0.0701366662979126,0.9918864097363083,0.8326572008113591,0.8247508801241125
834,0.10923454165458679,0.9949290060851927,0.8377281947261663,0.8252879050062653
835,0.09701061248779297,0.9939148073022313,0.8311359026369168,0.8194999701652843
836,0.09093427658081055,0.9979716024340771,0.8240365111561866,0.8162778208723671
837,0.06573277711868286,0.9979716024340771,0.8204868154158215,0.8149650933826601
838,0.10034006088972092,0.9969574036511156,0.8204868154158215,0.8143087296378065
839,0.08298040181398392,0.9949290060851927,0.8245436105476673,0.8188436064204309
840,0.09399307519197464,0.9929006085192698,0.8245436105476673,0.822244764007399
841,0.0793711319565773,0.9949290060851927,0.8255578093306288,0.8221850945760487
842,0.07352671772241592,0.9969574036511156,0.8220081135902637,0.823736499791157
843,0.0764930248260498,0.9959432048681541,0.8123732251521298,0.8158004654215645
844,0.06761622428894043,0.9939148073022313,0.8032454361054767,0.8045229428963542
845,0.12453867495059967,0.9939148073022313,0.8067951318458418,0.8165164985977683
846,0.10156945139169693,0.9949290060851927,0.8118661257606491,0.8194999701652843
847,0.10902804136276245,0.9979716024340771,0.815922920892495,0.8173518706366728
848,0.0767769142985344,0.9969574036511156,0.8073022312373225,0.8076854227579211
849,0.0782540962100029,0.9979716024340771,0.8062880324543611,0.8116832746583925
850,0.07321501523256302,0.9989858012170385,0.8144016227180527,0.8203353422041888
851,0.05738518014550209,0.9989858012170385,0.8113590263691683,0.8165761680291187
852,0.06725630164146423,0.9989858012170385,0.8098377281947262,0.809535175129781
853,0.0932932049036026,0.9979716024340771,0.8199797160243407,0.8216480696938958
854,0.062085676938295364,0.9979716024340771,0.8149087221095335,0.8227221194582016
855,0.06426189839839935,0.9979716024340771,0.8062880324543611,0.8158004654215645
856,0.08631737530231476,0.9979716024340771,0.7981744421906694,0.8060743481114625
857,0.09697015583515167,0.9979716024340771,0.808316430020284,0.8074467450325198
858,0.073541060090065,0.9989858012170385,0.8240365111561866,0.8197386478906856
859,0.07133137434720993,1.0,0.8235294117647058,0.8251088967122143
860,0.07837963849306107,0.9989858012170385,0.8194726166328601,0.822602780595501
861,0.05983041599392891,0.9979716024340771,0.8286004056795132,0.8217674085565965
862,0.07006854563951492,0.9959432048681541,0.8280933062880325,0.8200966644787875
863,0.057457759976387024,0.9989858012170385,0.8235294117647058,0.8187839369890805
864,0.06856033951044083,1.0,0.8144016227180527,0.8089981502476281
865,0.08358728140592575,1.0,0.821501014198783,0.8160988125783162
866,0.07268460839986801,0.9989858012170385,0.8331643002028397,0.8238558386538576
867,0.0672638863325119,1.0,0.8286004056795132,0.819619309027985
868,0.0691278874874115,1.0,0.8311359026369168,0.8186049286950295
869,0.06180960312485695,1.0,0.8260649087221096,0.819440300733934
870,0.06665831059217453,0.9989858012170385,0.8260649087221096,0.8165164985977683
871,0.08470989763736725,0.9949290060851927,0.8184584178498986,0.8129960021480995
872,0.12132730334997177,0.9979716024340771,0.8154158215010142,0.8129363327167493
873,0.07447575777769089,0.9949290060851927,0.8002028397565923,0.8005847604272331
874,0.08871772885322571,1.0,0.8078093306288032,0.8093561668357301
875,0.060226067900657654,0.9949290060851927,0.8184584178498986,0.8152037711080613
876,0.09411656111478806,0.9979716024340771,0.8240365111561866,0.819440300733934
877,0.07257893681526184,0.9989858012170385,0.8199797160243407,0.8172922012053225
878,0.07007132470607758,0.9989858012170385,0.8194726166328601,0.8178292260874754
879,0.048423513770103455,0.9989858012170385,0.8245436105476673,0.8187242675577302
880,0.05594879388809204,0.9989858012170385,0.8220081135902637,0.8181872426755773
881,0.08407927304506302,0.9989858012170385,0.8144016227180527,0.8186049286950295
882,0.05988672375679016,0.9989858012170385,0.8240365111561866,0.8206336893609404
883,0.05227414891123772,0.9969574036511156,0.8220081135902637,0.8241541858106092
884,0.07827167958021164,0.9979716024340771,0.8209939148073022,0.8227817888895519
885,0.08980344980955124,1.0,0.813894523326572,0.8138910436183543
886,0.07282694429159164,0.9959432048681541,0.8194726166328601,0.8148457545199594
887,0.0549122579395771,0.9959432048681541,0.821501014198783,0.8153827794021123
888,0.07307511568069458,1.0,0.8123732251521298,0.809535175129781
889,0.055046260356903076,1.0,0.808316430020284,0.8067903812876663
890,0.0699082687497139,0.9989858012170385,0.8179513184584178,0.8135926964616027
891,0.06686687469482422,0.9979716024340771,0.8250507099391481,0.8242138552419596
892,0.08710864931344986,0.9989858012170385,0.8286004056795132,0.8236171609284564
893,0.04799871891736984,0.9959432048681541,0.8331643002028397,0.8232591443403544
894,0.06409996002912521,0.9959432048681541,0.8286004056795132,0.8214690613998449
895,0.07686969637870789,0.9979716024340771,0.8311359026369168,0.8200369950474372
896,0.04995705187320709,1.0,0.8306288032454361,0.8218270779879467
897,0.043596889823675156,1.0,0.8301217038539553,0.8227221194582016
898,0.053986262530088425,0.9979716024340771,0.8311359026369168,0.822602780595501
899,0.05651916563510895,0.9969574036511156,0.8245436105476673,0.8229011277522525
900,0.05951077118515968,0.9989858012170385,0.8235294117647058,0.8220060862819978
901,0.07433214038610458,0.9989858012170385,0.813894523326572,0.8131153410108002
902,0.07259485125541687,0.9969574036511156,0.8164300202839757,0.8171728623426219
903,0.06360179930925369,0.9989858012170385,0.8174442190669371,0.8152037711080613
904,0.046201422810554504,0.9969574036511156,0.8220081135902637,0.8185452592636793
905,0.08094590902328491,0.9979716024340771,0.8331643002028397,0.8273763351035265
906,0.07637333124876022,1.0,0.8245436105476673,0.8223641028700996
907,0.07846065610647202,0.9969574036511156,0.8240365111561866,0.8186645981263798
908,0.08836221694946289,0.9979716024340771,0.8194726166328601,0.8128766632853989
909,0.07186326384544373,0.9989858012170385,0.808316430020284,0.8061936869741632
910,0.0833134800195694,0.9969574036511156,0.8123732251521298,0.8104898860313862
911,0.08449035882949829,0.9989858012170385,0.8204868154158215,0.8147264156572588
912,0.06446034461259842,0.9989858012170385,0.8189655172413793,0.8113252580702905
913,0.07138457149267197,0.9979716024340771,0.8225152129817445,0.8208723670863417
914,0.07149116694927216,1.0,0.8113590263691683,0.8112655886389403
915,0.07897371798753738,0.9959432048681541,0.8037525354969574,0.8008831075839847
916,0.09568766504526138,0.9949290060851927,0.8118661257606491,0.8088788113849275
917,0.07496801018714905,0.9959432048681541,0.8280933062880325,0.8173518706366728
918,0.07817170023918152,1.0,0.8275862068965517,0.816456829166418
919,0.08857911825180054,0.9989858012170385,0.8149087221095335,0.809714183423832
920,0.06319418549537659,0.9969574036511156,0.8118661257606491,0.808222447640074
921,0.08241181075572968,1.0,0.827079107505071,0.8163971597350678
922,0.07659308612346649,0.9979716024340771,0.8275862068965517,0.8243928635360105
923,0.09098291397094727,0.9969574036511156,0.8321501014198783,0.8280326988483799
924,0.054103922098875046,0.9969574036511156,0.8367139959432048,0.8286890625932335
925,0.06680773198604584,0.9979716024340771,0.827079107505071,0.8230204666149532
926,0.06320323795080185,0.9979716024340771,0.8230223123732252,0.8147264156572588
927,0.07710500061511993,0.9989858012170385,0.8220081135902637,0.8169938540485709
928,0.08246316760778427,1.0,0.8296146044624746,0.8258845993197684
929,0.07007332146167755,0.9979716024340771,0.8301217038539553,0.8288084014559342
930,0.06807668507099152,0.9989858012170385,0.8311359026369168,0.8291067486126857
931,0.08454369008541107,0.9979716024340771,0.829107505070994,0.8253475744376156
932,0.0804089903831482,0.9959432048681541,0.8286004056795132,0.8251685661435646
933,0.06516601890325546,0.9979716024340771,0.829107505070994,0.8254669133003163
934,0.09294576942920685,1.0,0.829107505070994,0.8223641028700996
935,0.07191652059555054,0.9989858012170385,0.821501014198783,0.818306581538278
936,0.08468430489301682,0.9989858012170385,0.8123732251521298,0.8085804642281759
937,0.06002901867032051,0.9979716024340771,0.8311359026369168,0.8271973268094756
938,0.07174237817525864,0.9979716024340771,0.8367139959432048,0.8263619547705711
939,0.0744316354393959,0.9949290060851927,0.8103448275862069,0.8107882331881378
940,0.08506042510271072,0.9939148073022313,0.8194726166328601,0.8248105495554627
941,0.07668932527303696,0.9959432048681541,0.8225152129817445,0.8209917059490424
942,0.07881329953670502,0.9969574036511156,0.815922920892495,0.814010382481055
943,0.07910999655723572,0.9979716024340771,0.813894523326572,0.8093561668357301
944,0.0937255471944809,0.9979716024340771,0.8078093306288032,0.802255504505042
945,0.07860902696847916,0.9979716024340771,0.815922920892495,0.8105495554627364
946,0.07679324597120285,0.9979716024340771,0.8144016227180527,0.8118622829524434
947,0.09339718520641327,0.9949290060851927,0.8280933062880325,0.8191419535771824
948,0.09006184339523315,0.9969574036511156,0.8255578093306288,0.8184259204009786
949,0.08781160414218903,0.9959432048681541,0.8184584178498986,0.8106688943254371
950,0.08853823691606522,0.9959432048681541,0.8154158215010142,0.8072677367384689
951,0.11170612275600433,0.9989858012170385,0.8397565922920892,0.8249298884181634
952,0.07415326684713364,0.9949290060851927,0.834685598377282,0.8264216242019213
953,0.08859366178512573,0.9969574036511156,0.8316430020283976,0.8239751775165582
954,0.07092137634754181,0.9979716024340771,0.821501014198783,0.8152634405394117
955,0.059755414724349976,0.9969574036511156,0.8057809330628803,0.8072677367384689
956,0.09163986146450043,0.9989858012170385,0.821501014198783,0.8138910436183543
957,0.10393784940242767,0.9918864097363083,0.8336713995943205,0.8233784832030551
958,0.09540188312530518,0.9949290060851927,0.8316430020283976,0.820753028223641
959,0.08214836567640305,0.9979716024340771,0.8103448275862069,0.8033295542693478
960,0.08365120738744736,0.9969574036511156,0.808316430020284,0.8033295542693478
961,0.08288851380348206,0.9969574036511156,0.8194726166328601,0.8083417865027747
962,0.10079587250947952,0.9989858012170385,0.8301217038539553,0.8206933587922907
963,0.06276053935289383,0.9929006085192698,0.8286004056795132,0.8217077391252461
964,0.06936280429363251,0.9949290060851927,0.8321501014198783,0.823915508085208
965,0.08535902947187424,0.9959432048681541,0.8306288032454361,0.8218270779879467
966,0.062121063470840454,0.9979716024340771,0.8204868154158215,0.8178888955188257
967,0.07839948683977127,0.9959432048681541,0.815922920892495,0.8068500507190166
968,0.09695164859294891,0.9989858012170385,0.8220081135902637,0.810847902619488
969,0.0882614329457283,1.0,0.8240365111561866,0.8195596395966347
970,0.062081094831228256,0.9979716024340771,0.8194726166328601,0.8203950116355391
971,0.07105996459722519,0.9989858012170385,0.8189655172413793,0.8154424488334626
972,0.06752516329288483,1.0,0.8189655172413793,0.8131153410108002
973,0.05878053978085518,0.9989858012170385,0.8204868154158215,0.8055373232293096
974,0.086144357919693,0.9969574036511156,0.827079107505071,0.8192016230085327
975,0.058608248829841614,0.9979716024340771,0.8280933062880325,0.8168745151858703
976,0.06310073286294937,0.9979716024340771,0.829107505070994,0.8214093919684945
977,0.0741615891456604,0.9969574036511156,0.829107505070994,0.8263619547705711
978,0.054212380200624466,0.9959432048681541,0.8306288032454361,0.8233784832030551
979,0.056463368237018585,0.9949290060851927,0.8255578093306288,0.8162181514410167
980,0.07617825269699097,0.9959432048681541,0.8174442190669371,0.8136523658929531
981,0.07983530312776566,0.9939148073022313,0.8184584178498986,0.8123993078345964
982,0.10951090604066849,0.9959432048681541,0.8113590263691683,0.8094755056984307
983,0.08472036570310593,0.9969574036511156,0.8012170385395537,0.8045229428963542
984,0.06888151913881302,0.9969574036511156,0.8113590263691683,0.8107882331881378
985,0.07146961241960526,0.9939148073022313,0.8194726166328601,0.8157407959902142
986,0.08683663606643677,0.9939148073022313,0.8220081135902637,0.8187242675577302
987,0.11353679746389389,0.9939148073022313,0.8098377281947262,0.8143683990691569
988,0.07924524694681168,0.9949290060851927,0.8093306288032455,0.8073870756011695
989,0.09731808304786682,0.9929006085192698,0.8118661257606491,0.8054179843666089
990,0.114423006772995,0.9959432048681541,0.8230223123732252,0.8099528611492333
991,0.0912652462720871,0.9949290060851927,0.8235294117647058,0.8166955068918194
992,0.09507115185260773,0.9949290060851927,0.815922920892495,0.8126379855599977
993,0.08991464227437973,0.9979716024340771,0.8113590263691683,0.8068500507190166
994,0.06687798351049423,0.9949290060851927,0.8052738336713996,0.8029715376812459
995,0.06969113647937775,0.9979716024340771,0.8184584178498986,0.8165761680291187
996,0.08204042166471481,0.9959432048681541,0.8245436105476673,0.8245718718300614
997,0.09482304006814957,0.9979716024340771,0.821501014198783,0.8178292260874754
998,0.058340884745121,0.9959432048681541,0.8062880324543611,0.8118622829524434
999,0.08561400324106216,0.9979716024340771,0.8002028397565923,0.8085207947968256
1000,0.058619093149900436,1.0,0.8144016227180527,0.8181872426755773
1001,0.05528217926621437,0.9989858012170385,0.8250507099391481,0.8202756727728385
1002,0.08114603906869888,0.9929006085192698,0.8235294117647058,0.8217077391252461
1003,0.09003392606973648,0.9979716024340771,0.8225152129817445,0.8172325317739721
1004,0.0757862851023674,0.9989858012170385,0.8189655172413793,0.8120412912464944
1005,0.08300422877073288,1.0,0.8118661257606491,0.8128766632853989
1006,0.08196333795785904,1.0,0.8174442190669371,0.8197386478906856
1007,0.08083224296569824,0.9989858012170385,0.8225152129817445,0.8234978220657557
1008,0.07705925405025482,0.9979716024340771,0.8194726166328601,0.8208126976549913
1009,0.08508079499006271,0.9969574036511156,0.8149087221095335,0.8160988125783162
1010,0.08992583304643631,0.9979716024340771,0.8088235294117647,0.8133540187362014
1011,0.08496041595935822,0.9989858012170385,0.821501014198783,0.8242735246733098
1012,0.07267285883426666,0.9969574036511156,0.827079107505071,0.8286890625932335
1013,0.07354965806007385,0.9959432048681541,0.8316430020283976,0.8299421206515902
1014,0.07832589000463486,0.9989858012170385,0.829107505070994,0.8245122023987111
1015,0.06382998824119568,0.9979716024340771,0.8260649087221096,0.825228235574915
1016,0.08329849690198898,0.9949290060851927,0.8306288032454361,0.8253475744376156
1017,0.09807221591472626,0.9989858012170385,0.8235294117647058,0.8199773256160868
1018,0.07986485213041306,0.9969574036511156,0.8240365111561866,0.8197386478906856
1019,0.09417583048343658,0.9979716024340771,0.8209939148073022,0.8228414583209022
1020,0.06919652223587036,0.9989858012170385,0.8265720081135902,0.8283907154364819
1021,0.06691338121891022,0.9979716024340771,0.8316430020283976,0.8283907154364819
1022,0.06550047546625137,0.9969574036511156,0.8164300202839757,0.8262426159078704
1023,0.08240208774805069,0.9989858012170385,0.8174442190669371,0.8227817888895519
1024,0.08423285186290741,0.9989858012170385,0.8169371196754563,0.8175308789307237
1025,0.07342256605625153,0.9969574036511156,0.8225152129817445,0.8176502177934244
1026,0.08652098476886749,0.9949290060851927,0.821501014198783,0.8223044334387494
1027,0.09816543757915497,0.9989858012170385,0.8265720081135902,0.8219464168506474
1028,0.061210811138153076,0.9939148073022313,0.8164300202839757,0.8148457545199594
1029,0.07461211830377579,0.9939148073022313,0.8220081135902637,0.8159198042842651
1030,0.09538457542657852,0.9959432048681541,0.8301217038539553,0.822244764007399
1031,0.06809870898723602,0.9949290060851927,0.8321501014198783,0.8237961692225073
1032,0.0899268090724945,0.9959432048681541,0.8311359026369168,0.8188436064204309
1033,0.0640375092625618,0.9989858012170385,0.829107505070994,0.8166955068918194
1034,0.06808452308177948,0.9969574036511156,0.8301217038539553,0.8254072438689659
1035,0.06754712760448456,0.9969574036511156,0.8280933062880325,0.8226624500268512
1036,0.07327811419963837,0.9949290060851927,0.8245436105476673,0.8220657557133481
1037,0.06690027564764023,0.9979716024340771,0.8255578093306288,0.8194999701652843
1038,0.062080685049295425,1.0,0.8184584178498986,0.8132346798735008
1039,0.06734640896320343,0.9939148073022313,0.8052738336713996,0.802255504505042
1040,0.0918457955121994,0.9918864097363083,0.8113590263691683,0.8113252580702905
1041,0.09580948948860168,0.9989858012170385,0.8189655172413793,0.8190226147144818
1042,0.0737268328666687,0.9989858012170385,0.8179513184584178,0.8155021182648129
1043,0.10136042535305023,0.9989858012170385,0.8204868154158215,0.8131153410108002
1044,0.10885584354400635,0.9979716024340771,0.8275862068965517,0.8186049286950295
1045,0.07212269306182861,0.9949290060851927,0.8260649087221096,0.8150844322453608
1046,0.07827149331569672,0.9959432048681541,0.821501014198783,0.8100125305805835
1047,0.0932929515838623,0.9969574036511156,0.8250507099391481,0.8180679038128766
1048,0.10062664747238159,0.9979716024340771,0.8245436105476673,0.818127573244227
1049,0.07267296314239502,0.9989858012170385,0.8286004056795132,0.8187839369890805
1050,0.06506919115781784,0.9979716024340771,0.8245436105476673,0.8212303836744436
1051,0.060667138546705246,0.9979716024340771,0.8209939148073022,0.8205143504982397
1052,0.07879111170768738,0.9989858012170385,0.8235294117647058,0.8264216242019213
1053,0.08546608686447144,0.9969574036511156,0.827079107505071,0.8217674085565965
1054,0.09382420778274536,0.9969574036511156,0.829107505070994,0.823915508085208
1055,0.07511898130178452,0.9979716024340771,0.8296146044624746,0.8245718718300614
1056,0.08631010353565216,0.9969574036511156,0.8103448275862069,0.8099528611492333
1057,0.08587944507598877,1.0,0.8149087221095335,0.8131750104421505
1058,0.07839877158403397,0.9989858012170385,0.8275862068965517,0.8260636076138195
1059,0.07346629351377487,1.0,0.8286004056795132,0.8227817888895519
1060,0.07916232198476791,1.0,0.8194726166328601,0.8184259204009786
1061,0.05758016183972359,1.0,0.8154158215010142,0.8129363327167493
1062,0.06125407665967941,0.9979716024340771,0.8230223123732252,0.818127573244227
1063,0.053864553570747375,0.9969574036511156,0.8235294117647058,0.8176502177934244
1064,0.0667579248547554,0.9939148073022313,0.8296146044624746,0.8210513753803926
1065,0.10323566198348999,0.9969574036511156,0.8321501014198783,0.8234978220657557
1066,0.05965379625558853,0.9969574036511156,0.8316430020283976,0.8223641028700996
1067,0.0748518854379654,0.9929006085192698,0.8118661257606491,0.8033892237006981
1068,0.13937635719776154,0.9918864097363083,0.8382352941176471,0.8279730294170297
1069,0.07535450905561447,0.9817444219066938,0.8280933062880325,0.8178292260874754
1070,0.12280984967947006,0.9847870182555781,0.8113590263691683,0.8115042663643416
1071,0.13148458302021027,0.9929006085192698,0.8199797160243407,0.8163971597350678
1072,0.09571144729852676,0.9969574036511156,0.8265720081135902,0.8229011277522525
1073,0.07353289425373077,0.9969574036511156,0.8199797160243407,0.8178888955188257
1074,0.08598627895116806,0.9979716024340771,0.8067951318458418,0.8079241004833224
1075,0.11084934324026108,0.9959432048681541,0.8108519269776876,0.8081031087773733
1076,0.09353934973478317,0.9939148073022313,0.8128803245436106,0.8115042663643416
1077,0.08724892139434814,0.9949290060851927,0.815922920892495,0.816635837460469
1078,0.06287948042154312,0.9959432048681541,0.8179513184584178,0.8188436064204309
1079,0.08163325488567352,0.9969574036511156,0.8230223123732252,0.825049227280864
1080,0.057727325707674026,0.9979716024340771,0.8230223123732252,0.8245122023987111
1081,0.07464399933815002,0.9989858012170385,0.8108519269776876,0.8119219523837938
1082,0.07484622299671173,0.9989858012170385,0.8093306288032455,0.8067307118563161
1083,0.060702502727508545,0.9989858012170385,0.8108519269776876,0.8112655886389403
1084,0.05075916647911072,0.9959432048681541,0.8194726166328601,0.8165164985977683
1085,0.07136563956737518,0.9969574036511156,0.8164300202839757,0.8185452592636793
1086,0.05701901391148567,0.9959432048681541,0.8230223123732252,0.816635837460469
1087,0.08450061827898026,0.9959432048681541,0.8144016227180527,0.8118622829524434
1088,0.0738300085067749,0.9979716024340771,0.8113590263691683,0.8105495554627364
1089,0.11861767619848251,0.9989858012170385,0.8108519269776876,0.8133540187362014
1090,0.09391574561595917,0.9969574036511156,0.8108519269776876,0.8181872426755773
1091,0.09364393353462219,0.9939148073022313,0.8169371196754563,0.819261292439883
1092,0.0841725766658783,0.9969574036511156,0.8073022312373225,0.8067307118563161
1093,0.07714752107858658,0.9969574036511156,0.802738336713996,0.8045229428963542
1094,0.08673222362995148,0.9969574036511156,0.8067951318458418,0.806909720150367
1095,0.11435239017009735,0.9969574036511156,0.8225152129817445,0.8153827794021123
1096,0.10280593484640121,0.9969574036511156,0.8093306288032455,0.8084014559341249
1097,0.10463988780975342,0.9969574036511156,0.8225152129817445,0.8231994749090041
1098,0.08331955224275589,0.9979716024340771,0.815922920892495,0.8236768303598067
1099,0.06279189884662628,0.9979716024340771,0.8042596348884381,0.815144101676711
1100,0.08429018408060074,0.9969574036511156,0.8174442190669371,0.8188436064204309
1101,0.07314252853393555,0.9959432048681541,0.8260649087221096,0.8208126976549913
1102,0.061507005244493484,0.9979716024340771,0.829107505070994,0.8243928635360105
1103,0.0663360133767128,0.9989858012170385,0.8245436105476673,0.8243331941046602
1104,0.06547015905380249,1.0,0.8118661257606491,0.8135926964616027
1105,0.08427174389362335,0.9979716024340771,0.8067951318458418,0.8075660838952204
1106,0.07867574691772461,0.9989858012170385,0.8169371196754563,0.8192016230085327
1107,0.05308341607451439,0.9989858012170385,0.8209939148073022,0.8220657557133481
1108,0.06904734671115875,0.9989858012170385,0.8240365111561866,0.8192016230085327
1109,0.0425703339278698,0.9989858012170385,0.8209939148073022,0.8144280685005072
1110,0.06776648759841919,0.9969574036511156,0.8367139959432048,0.8228414583209022
1111,0.06103825941681862,0.9979716024340771,0.8341784989858012,0.8240945163792589
1112,0.09064807742834091,0.9979716024340771,0.8220081135902637,0.8166955068918194
1113,0.07621948421001434,1.0,0.8067951318458418,0.8055373232293096
1114,0.06977785378694534,1.0,0.8042596348884381,0.8045826123277046
1115,0.06326982378959656,0.9989858012170385,0.815922920892495,0.8171131929112716
1116,0.04603593051433563,0.9989858012170385,0.8230223123732252,0.8234978220657557
1117,0.09089404344558716,0.9979716024340771,0.8275862068965517,0.8262426159078704
1118,0.06503219902515411,0.9969574036511156,0.8240365111561866,0.8195596395966347
1119,0.06662610918283463,1.0,0.8189655172413793,0.8210513753803926
1120,0.06518230587244034,0.9989858012170385,0.8235294117647058,0.8202756727728385
1121,0.055225662887096405,0.9989858012170385,0.8204868154158215,0.8175308789307237
1122,0.06022445484995842,1.0,0.815922920892495,0.812160630109195
1123,0.05313478782773018,1.0,0.8240365111561866,0.8133540187362014
1124,0.07458850741386414,1.0,0.8250507099391481,0.8172325317739721
1125,0.06350540369749069,1.0,0.8225152129817445,0.8190226147144818
1126,0.04840978607535362,0.9989858012170385,0.8154158215010142,0.8141893907751059
1127,0.07148496806621552,1.0,0.8250507099391481,0.8223641028700996
1128,0.061852600425481796,0.9959432048681541,0.8240365111561866,0.8261232770451697
1129,0.07231930643320084,1.0,0.8194726166328601,0.819619309027985
1130,0.07021846622228622,0.9979716024340771,0.8047667342799188,0.806909720150367
1131,0.06889498978853226,0.9989858012170385,0.8047667342799188,0.8048809594844561
1132,0.0630265325307846,1.0,0.8189655172413793,0.816456829166418
1133,0.08247680217027664,0.9989858012170385,0.8204868154158215,0.8213497225371442
1134,0.07910466194152832,0.9969574036511156,0.8250507099391481,0.8208126976549913
1135,0.05797190964221954,0.9979716024340771,0.815922920892495,0.8129960021480995
1136,0.09368308633565903,0.9979716024340771,0.802738336713996,0.806551703562265
1137,0.07294640690088272,0.9989858012170385,0.8189655172413793,0.8220657557133481
1138,0.06823603808879852,0.9969574036511156,0.8225152129817445,0.8221850945760487
1139,0.0634797066450119,0.9939148073022313,0.8149087221095335,0.8109075720508384
1140,0.07373924553394318,0.9969574036511156,0.8073022312373225,0.810847902619488
1141,0.05914374068379402,0.9989858012170385,0.8144016227180527,0.8154424488334626
1142,0.09610696882009506,0.9989858012170385,0.8154158215010142,0.8190226147144818
1143,0.09546124190092087,0.9979716024340771,0.8204868154158215,0.8206933587922907
1144,0.06373845785856247,0.9979716024340771,0.8103448275862069,0.8109075720508384
1145,0.08861485123634338,0.9979716024340771,0.8184584178498986,0.8237961692225073
1146,0.08129053562879562,0.9979716024340771,0.8245436105476673,0.8262426159078704
1147,0.07299669086933136,0.9969574036511156,0.8265720081135902,0.830837162121845
1148,0.07831143587827682,0.9979716024340771,0.8255578093306288,0.8325675756310043
1149,0.07677798718214035,0.9969574036511156,0.8280933062880325,0.8253475744376156
1150,0.06362686306238174,0.9989858012170385,0.8240365111561866,0.8192016230085327
1151,0.06440256536006927,0.9979716024340771,0.8189655172413793,0.8203353422041888
1152,0.05993220955133438,0.9979716024340771,0.8209939148073022,0.8215884002625455
1153,0.07105322927236557,0.9969574036511156,0.8209939148073022,0.8159198042842651
1154,0.09045570343732834,0.9989858012170385,0.8154158215010142,0.8143087296378065
1155,0.07996417582035065,0.9969574036511156,0.8067951318458418,0.8104302166000358
1156,0.080784872174263,0.9979716024340771,0.8250507099391481,0.819619309027985
1157,0.08342346549034119,0.9969574036511156,0.8311359026369168,0.8215884002625455
1158,0.0913391038775444,0.9969574036511156,0.8311359026369168,0.8218270779879467
1159,0.07375822961330414,0.9979716024340771,0.8174442190669371,0.813831374187004
1160,0.0750422477722168,0.9989858012170385,0.8078093306288032,0.8104898860313862
1161,0.10113020986318588,0.9989858012170385,0.8194726166328601,0.822244764007399
1162,0.08403149992227554,0.9959432048681541,0.8260649087221096,0.823915508085208
1163,0.08489830791950226,1.0,0.8209939148073022,0.8217077391252461
1164,0.09026586264371872,1.0,0.8235294117647058,0.8159794737156155
1165,0.06001643091440201,0.9959432048681541,0.8113590263691683,0.8086998030908765
1166,0.10897941142320633,0.9989858012170385,0.8321501014198783,0.825049227280864
1167,0.06969750672578812,0.9959432048681541,0.834685598377282,0.8280923682797303
1168,0.10352914780378342,0.9979716024340771,0.8392494929006086,0.8251088967122143
1169,0.055547960102558136,0.9979716024340771,0.829107505070994,0.8184855898323289
1170,0.081785187125206,0.9969574036511156,0.8209939148073022,0.8125783161286473
1171,0.0925055742263794,0.9969574036511156,0.8280933062880325,0.8147860850886091
1172,0.07187358289957047,0.9969574036511156,0.8356997971602435,0.8240945163792589
1173,0.0704803615808487,0.9989858012170385,0.8280933062880325,0.823557491497106
1174,0.0641753301024437,1.0,0.8250507099391481,0.8175905483620741
1175,0.06632769107818604,0.9979716024340771,0.8108519269776876,0.8110865803448893
1176,0.06437160074710846,0.9979716024340771,0.8169371196754563,0.8180082343815264
1177,0.07324101030826569,0.9979716024340771,0.8230223123732252,0.8240348469479086
1178,0.06674553453922272,0.9989858012170385,0.8245436105476673,0.8239751775165582
1179,0.061243828386068344,1.0,0.8204868154158215,0.8232591443403544
1180,0.05191066488623619,1.0,0.8169371196754563,0.8160988125783162
1181,0.04494796693325043,0.9989858012170385,0.8133874239350912,0.8088788113849275
1182,0.08493711799383163,0.9989858012170385,0.8235294117647058,0.8163971597350678
1183,0.07314813137054443,0.9979716024340771,0.8341784989858012,0.8249298884181634
1184,0.07452178746461868,0.9979716024340771,0.8311359026369168,0.8288084014559342
1185,0.05958828330039978,0.9969574036511156,0.8179513184584178,0.8160988125783162
1186,0.07906843721866608,0.9959432048681541,0.8306288032454361,0.8202160033414881
1187,0.06640041619539261,0.9989858012170385,0.8341784989858012,0.8220060862819978
1188,0.07049218565225601,0.9979716024340771,0.8220081135902637,0.8131750104421505
1189,0.08605591207742691,0.9979716024340771,0.8255578093306288,0.8189032758517811
1190,0.07214044779539108,0.9969574036511156,0.8331643002028397,0.81681484575452
1191,0.06923443078994751,0.9959432048681541,0.8199797160243407,0.8103108777373351
1192,0.07517056912183762,0.9969574036511156,0.8169371196754563,0.8092368279730294
1193,0.07574325054883957,0.9989858012170385,0.8331643002028397,0.8275553433975774
1194,0.06771155446767807,0.9979716024340771,0.8407707910750507,0.8335819559639597
1195,0.048995282500982285,0.9979716024340771,0.8397565922920892,0.8298227817888896
1196,0.05204002931714058,1.0,0.8306288032454361,0.8244525329673609
1197,0.0526653416454792,0.9989858012170385,0.8245436105476673,0.8181872426755773
1198,0.08844741433858871,0.9989858012170385,0.8255578093306288,0.8204546810668895
1199,0.05637306347489357,0.9989858012170385,0.8306288032454361,0.8238558386538576
1200,0.06510095298290253,0.9979716024340771,0.8240365111561866,0.821290053105794
1201,0.07748229801654816,0.9989858012170385,0.8169371196754563,0.8174115400680232
1202,0.07675862312316895,1.0,0.808316430020284,0.8158601348529149
1203,0.04678995907306671,0.9979716024340771,0.813894523326572,0.8129960021480995
1204,0.05979736149311066,0.9989858012170385,0.8194726166328601,0.8215884002625455
1205,0.06893717497587204,0.9959432048681541,0.8194726166328601,0.8229011277522525
1206,0.06630368530750275,0.9949290060851927,0.8164300202839757,0.8135330270302524
1207,0.08818205446004868,0.9949290060851927,0.821501014198783,0.8098335222865326
1208,0.058736931532621384,0.9979716024340771,0.8037525354969574,0.7998090578196789
1209,0.08445426821708679,0.9979716024340771,0.802738336713996,0.8072080673071186
1210,0.05925125628709793,0.9989858012170385,0.8179513184584178,0.81681484575452
1211,0.0891643539071083,0.9989858012170385,0.8245436105476673,0.8224834417328003
1212,0.06644993275403976,0.9989858012170385,0.8296146044624746,0.8178888955188257
1213,0.06304767727851868,0.9979716024340771,0.8133874239350912,0.8067903812876663
1214,0.07968215644359589,0.9979716024340771,0.8230223123732252,0.8192016230085327
1215,0.06677491217851639,0.9979716024340771,0.8316430020283976,0.8240348469479086
1216,0.08171582967042923,0.9939148073022313,0.8230223123732252,0.817948564950176
1217,0.06674602627754211,0.9939148073022313,0.8225152129817445,0.814010382481055
1218,0.08035866171121597,0.9939148073022313,0.8164300202839757,0.8075660838952204
1219,0.09307054430246353,0.9979716024340771,0.8154158215010142,0.8129960021480995
1220,0.0883491113781929,1.0,0.8174442190669371,0.8141297213437556
1221,0.07410916686058044,1.0,0.8169371196754563,0.8154424488334626
1222,0.08020602911710739,0.9979716024340771,0.8052738336713996,0.8101915388746346
1223,0.07467612624168396,0.9989858012170385,0.8093306288032455,0.8131750104421505
1224,0.06452498584985733,0.9979716024340771,0.8164300202839757,0.8140700519124052
1225,0.0667373314499855,0.9979716024340771,0.8199797160243407,0.8141297213437556
1226,0.061143144965171814,0.9989858012170385,0.813894523326572,0.8115042663643416
1227,0.08482130616903305,0.9979716024340771,0.8164300202839757,0.8081031087773733
1228,0.0628700777888298,0.9989858012170385,0.8199797160243407,0.8076854227579211
1229,0.0715937465429306,1.0,0.8128803245436106,0.8118026135210932
1230,0.0768682211637497,0.9979716024340771,0.8230223123732252,0.8208723670863417
1231,0.052782874554395676,0.9979716024340771,0.8250507099391481,0.8220657557133481
1232,0.08064573258161545,0.9979716024340771,0.8144016227180527,0.8122799689718957
1233,0.08126593381166458,0.9959432048681541,0.8067951318458418,0.8123993078345964
1234,0.07602538913488388,0.9989858012170385,0.8209939148073022,0.8212303836744436
1235,0.06364944577217102,0.9989858012170385,0.8306288032454361,0.8266006324959723
1236,0.08259785175323486,0.9989858012170385,0.8194726166328601,0.8182469121069276
1237,0.08540104329586029,0.9989858012170385,0.8047667342799188,0.8092964974043797
1238,0.0628901794552803,1.0,0.8037525354969574,0.8116236052270421
1239,0.09058127552270889,1.0,0.8169371196754563,0.818127573244227
1240,0.05710703134536743,0.9979716024340771,0.8174442190669371,0.8187839369890805
1241,0.07349969446659088,0.9939148073022313,0.808316430020284,0.8107882331881378
1242,0.1081119254231453,0.9959432048681541,0.8169371196754563,0.8211707142430933
1243,0.07152985781431198,0.9959432048681541,0.815922920892495,0.8197983173220359
1244,0.07721268385648727,0.9969574036511156,0.8108519269776876,0.8140700519124052
1245,0.06415034085512161,0.9959432048681541,0.8017241379310345,0.8057163315233605
1246,0.07847028225660324,0.9949290060851927,0.802738336713996,0.8066710424249657
1247,0.07962226122617722,0.9989858012170385,0.8108519269776876,0.8162778208723671
1248,0.0679185688495636,0.9959432048681541,0.8255578093306288,0.8237961692225073
1249,0.0747121274471283,0.9979716024340771,0.8245436105476673,0.8229011277522525
1250,0.06361999362707138,0.9939148073022313,0.8057809330628803,0.8121009606778448
1251,0.08105778694152832,0.9989858012170385,0.8052738336713996,0.8082821170714243
1252,0.07526490837335587,0.9979716024340771,0.8194726166328601,0.8131153410108002
1253,0.05779733881354332,1.0,0.8245436105476673,0.8153827794021123
1254,0.059514835476875305,1.0,0.8199797160243407,0.8150844322453608
1255,0.05404215678572655,1.0,0.8047667342799188,0.8073870756011695
1256,0.06637203693389893,0.9989858012170385,0.802738336713996,0.8059550092487618
1257,0.08275096118450165,1.0,0.815922920892495,0.8153827794021123
1258,0.05675429850816727,0.9989858012170385,0.8225152129817445,0.8166955068918194
1259,0.06243843585252762,1.0,0.8118661257606491,0.8155021182648129
1260,0.07836158573627472,0.9989858012170385,0.8057809330628803,0.811026910913539
1261,0.08718176931142807,0.9989858012170385,0.8057809330628803,0.8098335222865326
1262,0.09476640820503235,0.9979716024340771,0.8250507099391481,0.820753028223641
1263,0.0746069848537445,0.9969574036511156,0.8220081135902637,0.8190822841458321
1264,0.10939471423625946,0.9949290060851927,0.8189655172413793,0.8165164985977683
1265,0.07319465279579163,0.9959432048681541,0.821501014198783,0.8137717047556536
1266,0.079157255589962,0.9959432048681541,0.8199797160243407,0.8118026135210932
1267,0.06525819003582001,0.9949290060851927,0.815922920892495,0.8098335222865326
1268,0.07270107418298721,1.0,0.8057809330628803,0.8096545139924817
1269,0.07789560407400131,1.0,0.8103448275862069,0.8159794737156155
1270,0.07694797217845917,1.0,0.8194726166328601,0.81120591920759
1271,0.05124340206384659,0.9959432048681541,0.8093306288032455,0.8058356703860612
1272,0.0638088658452034,0.9969574036511156,0.8088235294117647,0.8074467450325198
1273,0.0785004049539566,0.9989858012170385,0.8113590263691683,0.8146667462259085
1274,0.044441621750593185,1.0,0.8113590263691683,0.8172325317739721
1275,0.055943865329027176,1.0,0.8113590263691683,0.8149650933826601
1276,0.0702824741601944,0.9989858012170385,0.8128803245436106,0.810847902619488
1277,0.07775124907493591,0.9989858012170385,0.8073022312373225,0.8091174891103288
1278,0.06302730739116669,0.9989858012170385,0.8118661257606491,0.8104302166000358
1279,0.048640988767147064,0.9989858012170385,0.8164300202839757,0.8152634405394117
1280,0.06079864129424095,0.9979716024340771,0.8255578093306288,0.8196789784593352
1281,0.08377128094434738,0.9959432048681541,0.8265720081135902,0.8168745151858703
1282,0.08778519928455353,0.9959432048681541,0.8250507099391481,0.8202160033414881
1283,0.06412822008132935,0.9959432048681541,0.8194726166328601,0.8184855898323289
1284,0.10208509117364883,0.9959432048681541,0.8144016227180527,0.8122202995405454
1285,0.10403556376695633,0.9939148073022313,0.8275862068965517,0.8242138552419596
1286,0.09846194833517075,0.9959432048681541,0.827079107505071,0.8244525329673609
1287,0.0914473608136177,0.9989858012170385,0.8250507099391481,0.8172325317739721
1288,0.08216658234596252,0.9989858012170385,0.8235294117647058,0.816456829166418
1289,0.08134070783853531,0.9989858012170385,0.8189655172413793,0.815323109970762
1290,0.06863867491483688,0.9959432048681541,0.8255578093306288,0.8197386478906856
1291,0.08394699543714523,0.9949290060851927,0.8220081135902637,0.8187839369890805
1292,0.08211620897054672,0.9969574036511156,0.8204868154158215,0.8153827794021123
1293,0.0632103681564331,1.0,0.8118661257606491,0.8104302166000358
1294,0.06790373474359512,1.0,0.8245436105476673,0.8198579867533863
1295,0.07128271460533142,1.0,0.8204868154158215,0.8191419535771824
1296,0.051869869232177734,0.9989858012170385,0.8093306288032455,0.8089981502476281
1297,0.05200056731700897,1.0,0.8204868154158215,0.817948564950176
1298,0.06527245044708252,0.9989858012170385,0.8230223123732252,0.8221850945760487
1299,0.07607131451368332,1.0,0.8133874239350912,0.8166955068918194
1300,0.057113781571388245,0.9969574036511156,0.7966531440162272,0.8029118682498956
1301,0.07695861160755157,0.9959432048681541,0.802738336713996,0.8055373232293096
1302,0.10456343740224838,0.9989858012170385,0.8144016227180527,0.8184259204009786
1303,0.08665511757135391,0.9989858012170385,0.8154158215010142,0.8187242675577302
1304,0.09196791052818298,0.9969574036511156,0.8220081135902637,0.8173518706366728
1305,0.12685206532478333,0.9969574036511156,0.8144016227180527,0.8135330270302524
1306,0.08697201311588287,0.9959432048681541,0.8118661257606491,0.8018974879169402
1307,0.08990989625453949,0.9989858012170385,0.821501014198783,0.8101915388746346
1308,0.08216683566570282,1.0,0.8316430020283976,0.8190822841458321
1309,0.08754479885101318,0.9979716024340771,0.8311359026369168,0.8219464168506474
1310,0.08342507481575012,0.9989858012170385,0.8275862068965517,0.8187242675577302
1311,0.06979317218065262,0.9989858012170385,0.8260649087221096,0.8115639357956919
1312,0.06313276290893555,1.0,0.8103448275862069,0.8075064144638702
1313,0.07359454780817032,0.9989858012170385,0.8326572008113591,0.8230801360463035
1314,0.045717112720012665,0.9969574036511156,0.8336713995943205,0.8259442687511188
1315,0.05329751595854759,0.9989858012170385,0.8179513184584178,0.8211707142430933
1316,0.05460350587964058,0.9969574036511156,0.8098377281947262,0.8192016230085327
1317,0.07649499177932739,0.9969574036511156,0.8286004056795132,0.8231994749090041
1318,0.07010090351104736,0.9989858012170385,0.827079107505071,0.8190226147144818
1319,0.06304711848497391,0.9979716024340771,0.8265720081135902,0.8174712094993735
1320,0.05176413059234619,0.9989858012170385,0.829107505070994,0.8188436064204309
1321,0.05450498312711716,0.9969574036511156,0.8220081135902637,0.8142490602064563
1322,0.07469350844621658,0.9949290060851927,0.8230223123732252,0.8150844322453608
1323,0.06856072694063187,0.9969574036511156,0.8184584178498986,0.8147264156572588
1324,0.09766974300146103,0.9989858012170385,0.8128803245436106,0.809714183423832
1325,0.0728149563074112,0.9959432048681541,0.8154158215010142,0.8093561668357301
1326,0.08103402704000473,0.9969574036511156,0.8240365111561866,0.8152037711080613
1327,0.079338438808918,0.9969574036511156,0.8280933062880325,0.8229607971836028
1328,0.07151715457439423,0.9949290060851927,0.8204868154158215,0.821290053105794
1329,0.077101930975914,0.9969574036511156,0.8144016227180527,0.8121009606778448
1330,0.07830300182104111,0.9969574036511156,0.8103448275862069,0.8084014559341249
1331,0.08213573694229126,0.9979716024340771,0.8149087221095335,0.8118026135210932
1332,0.05941181257367134,0.9989858012170385,0.8149087221095335,0.812518646697297
1333,0.08162472397089005,0.9979716024340771,0.8199797160243407,0.812160630109195
1334,0.05821055546402931,0.9989858012170385,0.8209939148073022,0.8190822841458321
1335,0.09324528276920319,0.9989858012170385,0.8240365111561866,0.8169938540485709
1336,0.06528140604496002,0.9969574036511156,0.8189655172413793,0.8100125305805835
1337,0.09732773154973984,0.9969574036511156,0.8199797160243407,0.8126976549913479
1338,0.07380848377943039,0.9969574036511156,0.8296146044624746,0.823557491497106
1339,0.08065636456012726,0.9979716024340771,0.8225152129817445,0.8203950116355391
1340,0.07346678525209427,0.9979716024340771,0.8144016227180527,0.8135926964616027
1341,0.06651224941015244,0.9989858012170385,0.8108519269776876,0.8056566620920103
1342,0.0741109624505043,0.9979716024340771,0.8260649087221096,0.8150844322453608
1343,0.07238656282424927,0.9959432048681541,0.84026369168357,0.8262426159078704
1344,0.08999694138765335,0.9969574036511156,0.8306288032454361,0.8199773256160868
1345,0.0813124030828476,0.9979716024340771,0.8184584178498986,0.8160988125783162
1346,0.07345675677061081,0.9979716024340771,0.829107505070994,0.8181872426755773
1347,0.06823065131902695,0.9989858012170385,0.8255578093306288,0.8218270779879467
1348,0.06219751015305519,0.9989858012170385,0.8230223123732252,0.8211707142430933
1349,0.05648675560951233,1.0,0.8199797160243407,0.8174115400680232
1350,0.058901119977235794,0.9989858012170385,0.8194726166328601,0.8141297213437556
1351,0.06255744397640228,0.9979716024340771,0.8204868154158215,0.8113849275016409
1352,0.07058713585138321,1.0,0.8194726166328601,0.8107285637567874
1353,0.05382971838116646,1.0,0.8103448275862069,0.806551703562265
1354,0.05856327712535858,0.9989858012170385,0.8204868154158215,0.8129960021480995
1355,0.07257629185914993,0.9989858012170385,0.8260649087221096,0.816456829166418
1356,0.08377757668495178,0.9959432048681541,0.8265720081135902,0.8158004654215645
1357,0.0538538433611393,0.9959432048681541,0.8240365111561866,0.822244764007399
1358,0.05538506805896759,0.9989858012170385,0.827079107505071,0.8211707142430933
1359,0.09016040712594986,0.9979716024340771,0.8306288032454361,0.8211707142430933
1360,0.08729837834835052,0.9959432048681541,0.829107505070994,0.8177098872247748
1361,0.09612423926591873,0.9969574036511156,0.8250507099391481,0.8178292260874754
1362,0.07293535768985748,0.9979716024340771,0.8326572008113591,0.823736499791157
1363,0.08812381327152252,0.9979716024340771,0.8260649087221096,0.8159198042842651
1364,0.08389714360237122,0.9979716024340771,0.8265720081135902,0.8177098872247748
1365,0.07452265918254852,0.9979716024340771,0.821501014198783,0.8190822841458321
1366,0.07904233783483505,0.9979716024340771,0.8209939148073022,0.8219464168506474
1367,0.05506080761551857,1.0,0.821501014198783,0.8160988125783162
1368,0.062391988933086395,1.0,0.8250507099391481,0.8171728623426219
1369,0.06764910370111465,0.9979716024340771,0.8397565922920892,0.8271376573781252
1370,0.07086000591516495,0.9979716024340771,0.8392494929006086,0.8276746822602781
1371,0.0752684623003006,0.9989858012170385,0.8245436105476673,0.8258845993197684
1372,0.06162621080875397,1.0,0.8179513184584178,0.8186645981263798
1373,0.07240300625562668,0.9979716024340771,0.8169371196754563,0.8101318694432842
1374,0.07922748476266861,0.9989858012170385,0.8199797160243407,0.804284265170953
1375,0.07082843035459518,0.9989858012170385,0.8265720081135902,0.819261292439883
1376,0.060157351195812225,0.9949290060851927,0.8240365111561866,0.8230204666149532
1377,0.0913277193903923,0.9949290060851927,0.815922920892495,0.8144280685005072
1378,0.06625599414110184,0.9939148073022313,0.8093306288032455,0.807864431051972
1379,0.08897234499454498,0.9969574036511156,0.8235294117647058,0.8166955068918194
1380,0.06005316227674484,0.9989858012170385,0.815922920892495,0.8172922012053225
1381,0.0568697527050972,0.9979716024340771,0.8164300202839757,0.8143087296378065
1382,0.08635839819908142,0.9989858012170385,0.8220081135902637,0.8129960021480995
1383,0.06475546956062317,0.9959432048681541,0.8088235294117647,0.8057163315233605
1384,0.1047477275133133,0.9979716024340771,0.821501014198783,0.8169341846172206
1385,0.061549339443445206,0.9969574036511156,0.8225152129817445,0.8210513753803926
1386,0.099326491355896,1.0,0.8133874239350912,0.8133540187362014
1387,0.08269495517015457,0.9989858012170385,0.8225152129817445,0.8136523658929531
1388,0.07115370780229568,0.9989858012170385,0.808316430020284,0.8013604630347873
1389,0.09674476087093353,0.9989858012170385,0.8088235294117647,0.8114445969329912
1390,0.07501745223999023,0.9979716024340771,0.8169371196754563,0.8166955068918194
1391,0.0770631805062294,0.9969574036511156,0.8204868154158215,0.8186049286950295
1392,0.09634576737880707,0.9979716024340771,0.8057809330628803,0.8014201324661376
1393,0.09328480809926987,0.9959432048681541,0.8002028397565923,0.7971239334089146
1394,0.10112663358449936,0.9969574036511156,0.8189655172413793,0.8156214571275135
1395,0.06397244334220886,0.9959432048681541,0.8260649087221096,0.8226624500268512
1396,0.07546920329332352,0.9939148073022313,0.8209939148073022,0.8243928635360105
1397,0.06945695728063583,0.9939148073022313,0.8209939148073022,0.8209917059490424
1398,0.0909237489104271,0.9949290060851927,0.8103448275862069,0.8104898860313862
1399,0.09717842936515808,0.9949290060851927,0.8275862068965517,0.8251088967122143
1400,0.06490635126829147,0.9949290060851927,0.8275862068965517,0.8229011277522525
1401,0.08880895376205444,0.9929006085192698,0.813894523326572,0.812160630109195
1402,0.07661883533000946,0.9959432048681541,0.808316430020284,0.802613521093144
1403,0.09477673470973969,0.9969574036511156,0.8123732251521298,0.8032698848379974
1404,0.08706250041723251,0.9979716024340771,0.8017241379310345,0.8071483978757682
1405,0.07205262035131454,0.9959432048681541,0.800709939148073,0.8027925293871949
1406,0.09920907020568848,0.9979716024340771,0.8230223123732252,0.8165164985977683
1407,0.06314310431480408,0.9989858012170385,0.8311359026369168,0.8186049286950295
1408,0.06633839756250381,0.9969574036511156,0.8255578093306288,0.8174712094993735
1409,0.06120197847485542,0.9959432048681541,0.8255578093306288,0.8187839369890805
1410,0.07296839356422424,0.9979716024340771,0.8250507099391481,0.8186049286950295
1411,0.05028355494141579,0.9989858012170385,0.8286004056795132,0.8215287308311952
1412,0.06442948430776596,0.9989858012170385,0.8275862068965517,0.8206336893609404
1413,0.07732539623975754,0.9979716024340771,0.8306288032454361,0.8177098872247748
1414,0.08073578774929047,1.0,0.8286004056795132,0.8148457545199594
1415,0.08656866103410721,0.9979716024340771,0.8194726166328601,0.8083417865027747
1416,0.09461541473865509,0.9969574036511156,0.8209939148073022,0.8121009606778448
1417,0.07690577954053879,0.9949290060851927,0.8209939148073022,0.8131750104421505
1418,0.07842350751161575,0.9949290060851927,0.8265720081135902,0.8161584820096665
1419,0.09844882786273956,0.9939148073022313,0.8351926977687627,0.8205740199295901
1420,0.10465577989816666,0.9969574036511156,0.8306288032454361,0.8171728623426219
1421,0.07415217906236649,0.9959432048681541,0.8118661257606491,0.8034488931320485
1422,0.09651170670986176,0.9949290060851927,0.8225152129817445,0.8137717047556536
1423,0.10991315543651581,0.9959432048681541,0.8250507099391481,0.820932036517692
1424,0.05598051846027374,0.9949290060851927,0.8220081135902637,0.8178888955188257
1425,0.07631760090589523,0.9949290060851927,0.8204868154158215,0.8152634405394117
1426,0.09438232332468033,0.9969574036511156,0.8220081135902637,0.8174115400680232
1427,0.08093665540218353,0.9989858012170385,0.8149087221095335,0.8130556715794498
1428,0.07970109581947327,0.9989858012170385,0.8235294117647058,0.8190226147144818
1429,0.08166498690843582,0.9969574036511156,0.827079107505071,0.8224834417328003
1430,0.10846076905727386,0.9979716024340771,0.8296146044624746,0.8243928635360105
1431,0.07466263324022293,1.0,0.8133874239350912,0.8081031087773733
1432,0.07384961098432541,0.9989858012170385,0.8169371196754563,0.8083417865027747
1433,0.0829068198800087,0.9989858012170385,0.8275862068965517,0.8203950116355391
1434,0.06885489821434021,0.9979716024340771,0.8301217038539553,0.8227817888895519
1435,0.08893869817256927,0.9979716024340771,0.8245436105476673,0.8189032758517811
1436,0.09257825464010239,0.9989858012170385,0.8199797160243407,0.8137120353243034
1437,0.06501203775405884,1.0,0.8184584178498986,0.8172922012053225
1438,0.07134135067462921,1.0,0.8245436105476673,0.8227817888895519
1439,0.06384837627410889,1.0,0.829107505070994,0.8246315412614118
1440,0.07651059329509735,0.9989858012170385,0.8199797160243407,0.8176502177934244
1441,0.08385085314512253,0.9979716024340771,0.808316430020284,0.8075064144638702
1442,0.09337690472602844,0.9959432048681541,0.8128803245436106,0.8115042663643416
1443,0.09824153035879135,1.0,0.829107505070994,0.8190822841458321
1444,0.058860085904598236,0.9989858012170385,0.8250507099391481,0.8169341846172206
1445,0.07474203407764435,0.9979716024340771,0.8209939148073022,0.8160988125783162
1446,0.08185294270515442,0.9989858012170385,0.813894523326572,0.8100125305805835
1447,0.06119918078184128,1.0,0.8062880324543611,0.8036279014260994
1448,0.07600521296262741,0.9959432048681541,0.8240365111561866,0.8212303836744436
1449,0.07763384282588959,0.9847870182555781,0.827079107505071,0.8247508801241125
1450,0.0978453978896141,1.0,0.8189655172413793,0.8101915388746346
1451,0.09394343942403793,1.0,0.8184584178498986,0.8212303836744436
1452,0.07493042200803757,0.9979716024340771,0.8230223123732252,0.8174115400680232
1453,0.07455316185951233,0.9939148073022313,0.8144016227180527,0.8097738528551823
1454,0.0890200212597847,0.9949290060851927,0.813894523326572,0.8105495554627364
1455,0.08761348575353622,0.9969574036511156,0.8149087221095335,0.8193806313025837
1456,0.08238282799720764,0.9979716024340771,0.8088235294117647,0.8184855898323289
1457,0.08207941055297852,0.9989858012170385,0.8108519269776876,0.8169341846172206
1458,0.07832279801368713,0.9969574036511156,0.815922920892495,0.814010382481055
1459,0.060685086995363235,0.9979716024340771,0.8220081135902637,0.8194999701652843
1460,0.08492888510227203,0.9969574036511156,0.8296146044624746,0.8259442687511188
1461,0.0799194872379303,0.9969574036511156,0.8296146044624746,0.8294050957694373
1462,0.08308476209640503,0.9969574036511156,0.8204868154158215,0.820753028223641
1463,0.06802075356245041,0.9989858012170385,0.7920892494929006,0.8049406289158064
1464,0.07581547647714615,1.0,0.7900608519269777,0.8032102154066472
1465,0.05000559985637665,1.0,0.802738336713996,0.8101915388746346
1466,0.05951179563999176,0.9989858012170385,0.8108519269776876,0.8145474073632079
1467,0.09360150992870331,0.9989858012170385,0.8184584178498986,0.8175905483620741
1468,0.0641472265124321,0.9959432048681541,0.8108519269776876,0.8122202995405454
1469,0.07423731684684753,0.9969574036511156,0.8209939148073022,0.8175905483620741
1470,0.06522638350725174,0.9959432048681541,0.8245436105476673,0.824870218986813
1471,0.06254266947507858,0.9959432048681541,0.8296146044624746,0.8280326988483799
1472,0.07428185641765594,0.9989858012170385,0.8123732251521298,0.8221850945760487
1473,0.08921031653881073,0.9969574036511156,0.808316430020284,0.8158004654215645
1474,0.0710698664188385,0.9989858012170385,0.8067951318458418,0.819440300733934
1475,0.05350279435515404,0.9959432048681541,0.8098377281947262,0.8172325317739721
1476,0.07472000271081924,0.9969574036511156,0.8204868154158215,0.8263619547705711
1477,0.11113221943378448,0.9969574036511156,0.8220081135902637,0.8211707142430933
1478,0.07836265116930008,0.9959432048681541,0.8098377281947262,0.8090578196789785
1479,0.07081280648708344,0.9979716024340771,0.8230223123732252,0.8202756727728385
1480,0.08507982641458511,0.9979716024340771,0.8189655172413793,0.8195596395966347
1481,0.07887125760316849,0.9979716024340771,0.8164300202839757,0.8201563339101379
1482,0.10160818696022034,0.9989858012170385,0.8245436105476673,0.8211110448117429
1483,0.07942360639572144,0.9989858012170385,0.8164300202839757,0.8175308789307237
1484,0.06567732244729996,0.9989858012170385,0.8260649087221096,0.823557491497106
1485,0.08020328730344772,1.0,0.8225152129817445,0.8197983173220359
1486,0.05406460911035538,1.0,0.813894523326572,0.8152634405394117
1487,0.06520771980285645,0.9989858012170385,0.8149087221095335,0.8140700519124052
1488,0.08305326104164124,0.9989858012170385,0.8245436105476673,0.8157407959902142
1489,0.07648205012083054,0.9989858012170385,0.8154158215010142,0.8184855898323289
1490,0.07645071297883987,0.9979716024340771,0.8113590263691683,0.8210513753803926
1491,0.08437641710042953,0.9969574036511156,0.8174442190669371,0.8226624500268512
1492,0.08996966481208801,0.9979716024340771,0.8144016227180527,0.8093561668357301
1493,0.11827690899372101,0.9989858012170385,0.8199797160243407,0.8211707142430933
1494,0.07890361547470093,0.9989858012170385,0.8194726166328601,0.8243928635360105
1495,0.06235933303833008,0.9989858012170385,0.8204868154158215,0.8202756727728385
1496,0.08450024574995041,0.9969574036511156,0.8169371196754563,0.8125783161286473
1497,0.11002880334854126,0.9989858012170385,0.8149087221095335,0.8133540187362014
1498,0.0796566754579544,0.9969574036511156,0.8301217038539553,0.823915508085208
1499,0.07154146581888199,0.9959432048681541,0.8356997971602435,0.8294647652007876
1500,0.10595615208148956,0.9949290060851927,0.8280933062880325,0.8245718718300614
1501,0.07586826384067535,0.9989858012170385,0.8199797160243407,0.8236171609284564
1502,0.06419338285923004,0.9989858012170385,0.8154158215010142,0.8217674085565965
1503,0.08013220876455307,0.9989858012170385,0.8154158215010142,0.8193209618712334
1504,0.11787020415067673,0.9969574036511156,0.8230223123732252,0.8178292260874754
1505,0.07135193049907684,0.9969574036511156,0.8194726166328601,0.8144280685005072
1506,0.06967290490865707,0.9949290060851927,0.8351926977687627,0.8217077391252461
1507,0.11440128087997437,0.9979716024340771,0.8301217038539553,0.821290053105794
1508,0.055078331381082535,1.0,0.8189655172413793,0.8128169938540486
1509,0.07445615530014038,0.9989858012170385,0.8088235294117647,0.8064323646995644
1510,0.07869763672351837,1.0,0.8209939148073022,0.8140700519124052
1511,0.0475316122174263,0.9959432048681541,0.8280933062880325,0.8234978220657557
1512,0.07263106107711792,0.9959432048681541,0.8194726166328601,0.8178292260874754
1513,0.07270955294370651,0.9969574036511156,0.8225152129817445,0.818306581538278
1514,0.0699799433350563,1.0,0.8093306288032455,0.8120412912464944
1515,0.05747317895293236,1.0,0.802738336713996,0.8021361656423415
1516,0.05643763020634651,1.0,0.8144016227180527,0.8117429440897428
1517,0.06913209706544876,0.9989858012170385,0.8311359026369168,0.8215287308311952
1518,0.06229916587471962,0.9969574036511156,0.84026369168357,0.8242735246733098
1519,0.093003049492836,0.9979716024340771,0.8265720081135902,0.8171728623426219
1520,0.08274976164102554,0.9989858012170385,0.8245436105476673,0.8142490602064563
1521,0.06106191501021385,1.0,0.8199797160243407,0.8159198042842651
1522,0.09781187772750854,0.9979716024340771,0.802738336713996,0.7980786443105197
1523,0.06762558966875076,0.9979716024340771,0.8225152129817445,0.8165164985977683
1524,0.06910698115825653,0.9929006085192698,0.8220081135902637,0.8226624500268512
1525,0.08679855614900589,0.9959432048681541,0.8280933062880325,0.8219464168506474
1526,0.06738393008708954,0.9969574036511156,0.8062880324543611,0.8007637687212841
1527,0.09049831330776215,0.9939148073022313,0.8103448275862069,0.7999283966823796
1528,0.13259638845920563,1.0,0.8377281947261663,0.8291067486126857
1529,0.062233518809080124,0.9959432048681541,0.84026369168357,0.8344769974342144
1530,0.058763328939676285,0.9969574036511156,0.8377281947261663,0.8322095590429023
1531,0.09840144217014313,0.9989858012170385,0.8311359026369168,0.8221254251446983
1532,0.07413435727357864,0.9979716024340771,0.8174442190669371,0.8126976549913479
1533,0.11079315096139908,0.9979716024340771,0.8316430020283976,0.8197386478906856
1534,0.06644553691148758,0.9939148073022313,0.8255578093306288,0.8156214571275135
1535,0.1224297359585762,0.9979716024340771,0.8321501014198783,0.820753028223641
1536,0.07550264149904251,0.9969574036511156,0.8154158215010142,0.8100722000119339
1537,0.08478657901287079,0.9939148073022313,0.8078093306288032,0.7978996360164687
1538,0.08275987207889557,0.9959432048681541,0.8108519269776876,0.8008831075839847
1539,0.07645474374294281,0.9959432048681541,0.8179513184584178,0.803926248582851
1540,0.07630392909049988,0.9949290060851927,0.8286004056795132,0.8116832746583925
1541,0.06259582191705704,0.9979716024340771,0.8265720081135902,0.8162778208723671
1542,0.07628589868545532,0.9979716024340771,0.8118661257606491,0.8053583149352587
1543,0.108971506357193,0.9969574036511156,0.8113590263691683,0.8097738528551823
1544,0.07796473801136017,0.9989858012170385,0.8225152129817445,0.8186049286950295
1545,0.05558382347226143,0.9989858012170385,0.8265720081135902,0.8204546810668895
1546,0.062311459332704544,1.0,0.8286004056795132,0.8218270779879467
1547,0.06785840541124344,1.0,0.8225152129817445,0.8206336893609404
1548,0.10151243209838867,0.9989858012170385,0.8220081135902637,0.8195596395966347
1549,0.06776265799999237,1.0,0.8250507099391481,0.8223641028700996
1550,0.0815075933933258,0.9979716024340771,0.821501014198783,0.8175905483620741
1551,0.08424988389015198,0.9989858012170385,0.8301217038539553,0.8234381526344053
1552,0.06895007938146591,0.9989858012170385,0.8189655172413793,0.8206336893609404
1553,0.07910136133432388,0.9989858012170385,0.8133874239350912,0.8101318694432842
1554,0.06857374310493469,0.9969574036511156,0.8128803245436106,0.8072080673071186
1555,0.0709071159362793,0.9949290060851927,0.8204868154158215,0.8101318694432842
1556,0.09523265808820724,0.9949290060851927,0.8220081135902637,0.8150844322453608
1557,0.06070145219564438,0.9949290060851927,0.8128803245436106,0.8072080673071186
1558,0.11116555333137512,0.9949290060851927,0.8154158215010142,0.8102512083059848
1559,0.09534414112567902,0.9949290060851927,0.8149087221095335,0.8147264156572588
1560,0.09100997447967529,0.9939148073022313,0.8179513184584178,0.8113849275016409
1561,0.12345903366804123,0.9959432048681541,0.8250507099391481,0.8240348469479086
1562,0.06790749728679657,0.9989858012170385,0.8306288032454361,0.8245718718300614
1563,0.08413828164339066,0.9979716024340771,0.8265720081135902,0.8199773256160868
1564,0.07937642931938171,0.9989858012170385,0.821501014198783,0.815144101676711
1565,0.07588670402765274,0.9989858012170385,0.8255578093306288,0.8137717047556536
1566,0.08275220543146133,0.9989858012170385,0.8326572008113591,0.8196789784593352
1567,0.06439080834388733,0.9959432048681541,0.8296146044624746,0.8228414583209022
1568,0.08628840744495392,0.9969574036511156,0.8280933062880325,0.8288084014559342
1569,0.06890364736318588,0.9969574036511156,0.8225152129817445,0.8263619547705711
1570,0.07746204733848572,1.0,0.8220081135902637,0.8231398054776538
1571,0.07570435851812363,0.9979716024340771,0.8255578093306288,0.8227817888895519
1572,0.07997789978981018,0.9979716024340771,0.8235294117647058,0.8236768303598067
1573,0.07525566965341568,0.9979716024340771,0.8184584178498986,0.8201563339101379
1574,0.07995694875717163,0.9989858012170385,0.8149087221095335,0.8193209618712334
1575,0.0818948969244957,0.9969574036511156,0.8184584178498986,0.8187242675577302
1576,0.07589387148618698,0.9959432048681541,0.8133874239350912,0.8149650933826601
1577,0.08321627974510193,0.9989858012170385,0.8174442190669371,0.8174115400680232
1578,0.07004494220018387,0.9989858012170385,0.8194726166328601,0.8160391431469658
1579,0.07730963826179504,0.9959432048681541,0.827079107505071,0.8234381526344053
1580,0.08723651617765427,0.9939148073022313,0.815922920892495,0.8153827794021123
1581,0.0840548500418663,0.9908722109533469,0.8047667342799188,0.8076257533265708
1582,0.09217506647109985,0.9979716024340771,0.8245436105476673,0.8270779879467749
1583,0.08627378940582275,0.9969574036511156,0.8275862068965517,0.8307178232591443
1584,0.07012902200222015,1.0,0.827079107505071,0.8271973268094756
1585,0.09044934064149857,1.0,0.8235294117647058,0.8224834417328003
1586,0.05491769313812256,0.9969574036511156,0.8230223123732252,0.8212303836744436
1587,0.0848832055926323,0.9949290060851927,0.8286004056795132,0.8212303836744436
1588,0.06665497273206711,0.9989858012170385,0.8245436105476673,0.816635837460469
1589,0.06503444910049438,0.9969574036511156,0.8240365111561866,0.8143683990691569
1590,0.06217178329825401,0.9959432048681541,0.8184584178498986,0.8084611253654753
1591,0.08142071962356567,0.9969574036511156,0.815922920892495,0.8155617876961633
1592,0.07143988460302353,0.9959432048681541,0.8098377281947262,0.8102512083059848
1593,0.05117037519812584,0.9979716024340771,0.8209939148073022,0.8201563339101379
1594,0.07094736397266388,0.9969574036511156,0.8204868154158215,0.819261292439883
1595,0.06753945350646973,0.9979716024340771,0.8128803245436106,0.8136523658929531
1596,0.058979056775569916,0.9979716024340771,0.8220081135902637,0.8161584820096665
1597,0.06360886245965958,0.9979716024340771,0.8286004056795132,0.8186049286950295
1598,0.06255947053432465,0.9979716024340771,0.8321501014198783,0.8193209618712334
1599,0.08106066286563873,0.9979716024340771,0.8220081135902637,0.8102512083059848
1600,0.0650852769613266,0.9969574036511156,0.8093306288032455,0.8024941822304433
1601,0.09325283765792847,0.9949290060851927,0.8073022312373225,0.8109075720508384
1602,0.08892198652029037,0.9939148073022313,0.8235294117647058,0.8217674085565965
1603,0.08347100764513016,0.9959432048681541,0.8265720081135902,0.8202756727728385
1604,0.08189212530851364,0.9959432048681541,0.8189655172413793,0.8100722000119339
1605,0.07305468618869781,0.9989858012170385,0.8113590263691683,0.8031505459752969
1606,0.0834273025393486,0.9959432048681541,0.8067951318458418,0.7991526940748255
1607,0.07373607903718948,0.9959432048681541,0.8133874239350912,0.8126379855599977
1608,0.0626709833741188,0.9979716024340771,0.8149087221095335,0.8144280685005072
1609,0.06164396181702614,1.0,0.8199797160243407,0.8141893907751059
1610,0.08131423592567444,1.0,0.8179513184584178,0.8127573244226982
1611,0.07628123462200165,0.9979716024340771,0.8255578093306288,0.8186049286950295
1612,0.07048112899065018,0.9939148073022313,0.8250507099391481,0.8211110448117429
1613,0.07590197026729584,0.9969574036511156,0.8336713995943205,0.8221254251446983
1614,0.06679601222276688,0.9989858012170385,0.8265720081135902,0.8158601348529149
1615,0.08677650988101959,0.9969574036511156,0.8209939148073022,0.8122202995405454
1616,0.08641058951616287,0.9969574036511156,0.8225152129817445,0.8178888955188257
1617,0.07177862524986267,0.9989858012170385,0.8255578093306288,0.8201563339101379
1618,0.0672987550497055,1.0,0.8280933062880325,0.8217077391252461
1619,0.06393057852983475,0.9989858012170385,0.8235294117647058,0.8187839369890805
1620,0.06625053286552429,0.9989858012170385,0.8189655172413793,0.8148457545199594
1621,0.061955906450748444,0.9989858012170385,0.8220081135902637,0.8200369950474372
1622,0.06504569202661514,1.0,0.8336713995943205,0.8254669133003163
1623,0.06388179212808609,1.0,0.8255578093306288,0.8229607971836028
1624,0.061303503811359406,0.9979716024340771,0.8169371196754563,0.8155021182648129
1625,0.12151743471622467,0.9979716024340771,0.8245436105476673,0.8224834417328003
1626,0.07070393860340118,0.9959432048681541,0.8220081135902637,0.8219464168506474
1627,0.09802298247814178,0.9989858012170385,0.8306288032454361,0.8231994749090041
1628,0.07481265068054199,1.0,0.8230223123732252,0.8129363327167493
1629,0.07175527513027191,0.9979716024340771,0.8179513184584178,0.8064323646995644
1630,0.08351096510887146,0.9989858012170385,0.8144016227180527,0.8091174891103288
1631,0.05421033874154091,0.9979716024340771,0.8098377281947262,0.8133540187362014
1632,0.07348426431417465,0.9969574036511156,0.813894523326572,0.8161584820096665
1633,0.0684896931052208,0.9959432048681541,0.8093306288032455,0.8116832746583925
1634,0.0825212150812149,0.9939148073022313,0.8047667342799188,0.8084611253654753
1635,0.07400660961866379,0.9989858012170385,0.8062880324543611,0.8126379855599977
1636,0.08629735559225082,1.0,0.8164300202839757,0.8178888955188257
1637,0.07516542077064514,0.9989858012170385,0.8164300202839757,0.8149650933826601
1638,0.06140287593007088,0.9949290060851927,0.808316430020284,0.803926248582851
1639,0.13183137774467468,0.9959432048681541,0.8199797160243407,0.813473357598902
1640,0.09931323677301407,0.9959432048681541,0.821501014198783,0.8160988125783162
1641,0.08333924412727356,0.9969574036511156,0.8189655172413793,0.812518646697297
1642,0.12082696706056595,0.9959432048681541,0.8154158215010142,0.8033295542693478
1643,0.10593267530202866,0.9979716024340771,0.8225152129817445,0.8128766632853989
1644,0.10401314496994019,0.9989858012170385,0.827079107505071,0.8226624500268512
1645,0.0818636566400528,0.9989858012170385,0.8209939148073022,0.8159198042842651
1646,0.08506635576486588,0.9979716024340771,0.8225152129817445,0.8114445969329912
1647,0.06899115443229675,0.9969574036511156,0.8169371196754563,0.8112655886389403
1648,0.09031573683023453,0.9989858012170385,0.8316430020283976,0.8184855898323289
1649,0.08712742477655411,0.9969574036511156,0.8225152129817445,0.8193209618712334
1650,0.06125180795788765,0.9949290060851927,0.8133874239350912,0.8152634405394117
1651,0.08189620077610016,0.9979716024340771,0.8144016227180527,0.8199176561847366
1652,0.07656597346067429,0.9989858012170385,0.8296146044624746,0.822244764007399
1653,0.07646925002336502,0.9989858012170385,0.8225152129817445,0.8173518706366728
1654,0.07086418569087982,0.9979716024340771,0.8230223123732252,0.8155021182648129
1655,0.06806346029043198,0.9969574036511156,0.8286004056795132,0.822244764007399
1656,0.06333529949188232,0.9979716024340771,0.8326572008113591,0.8266603019273226
1657,0.06528290361166,0.9989858012170385,0.8331643002028397,0.829524434632138
1658,0.060477424412965775,1.0,0.8245436105476673,0.8233784832030551
1659,0.05798543989658356,1.0,0.8133874239350912,0.8147860850886091
1660,0.06559466570615768,0.9979716024340771,0.8301217038539553,0.8269586490840742
1661,0.05010541155934334,0.9989858012170385,0.8367139959432048,0.8314935258666984
1662,0.06770706176757812,0.9989858012170385,0.829107505070994,0.8287487320245838
1663,0.07950655370950699,0.9989858012170385,0.8255578093306288,0.8183662509696282
1664,0.04676254838705063,0.9979716024340771,0.821501014198783,0.8088191419535772
1665,0.058670151978731155,1.0,0.827079107505071,0.8149054239513097
1666,0.05503982678055763,1.0,0.8250507099391481,0.8187242675577302
1667,0.05968695878982544,1.0,0.8306288032454361,0.8276150128289277
1668,0.04721027612686157,0.9989858012170385,0.8225152129817445,0.8208126976549913
1669,0.06838160753250122,0.9979716024340771,0.8169371196754563,0.8177098872247748
1670,0.08628332614898682,0.9969574036511156,0.8204868154158215,0.8184259204009786
1671,0.07571178674697876,0.9969574036511156,0.8321501014198783,0.826540963064622
1672,0.07229448854923248,0.9969574036511156,0.8372210953346856,0.8269586490840742
1673,0.07979985326528549,0.9979716024340771,0.8321501014198783,0.8210513753803926
1674,0.07733776420354843,0.9949290060851927,0.8265720081135902,0.8197983173220359
1675,0.07206778228282928,0.9979716024340771,0.8331643002028397,0.8224834417328003
1676,0.09609389305114746,0.9898580121703854,0.8209939148073022,0.8084611253654753
1677,0.10232150554656982,0.9949290060851927,0.8240365111561866,0.81681484575452
1678,0.08768181502819061,0.9939148073022313,0.8133874239350912,0.8169341846172206
1679,0.09052369743585587,0.9949290060851927,0.8149087221095335,0.8189629452831314
1680,0.08403193205595016,0.9979716024340771,0.8189655172413793,0.8139507130497047
1681,0.07256060093641281,0.9959432048681541,0.8103448275862069,0.8079241004833224
1682,0.08071762323379517,0.9979716024340771,0.8022312373225152,0.805238976072558
1683,0.08015543967485428,0.9979716024340771,0.8123732251521298,0.8147264156572588
1684,0.056045569479465485,0.9969574036511156,0.8067951318458418,0.8128169938540486
1685,0.05465417727828026,0.9979716024340771,0.8164300202839757,0.8166955068918194
1686,0.06794809550046921,0.9979716024340771,0.8184584178498986,0.8170535234799212
1687,0.11026674509048462,0.9989858012170385,0.8225152129817445,0.8200966644787875
1688,0.05835072323679924,0.9979716024340771,0.8123732251521298,0.8088191419535772
1689,0.06368889659643173,0.9979716024340771,0.8149087221095335,0.809714183423832
1690,0.07740496098995209,0.9979716024340771,0.8220081135902637,0.8206336893609404
1691,0.05990450829267502,0.9959432048681541,0.8189655172413793,0.8186049286950295
1692,0.06866089999675751,0.9979716024340771,0.8133874239350912,0.8096545139924817
1693,0.055052775889635086,0.9969574036511156,0.8067951318458418,0.8023151739363924
1694,0.06124429404735565,0.9969574036511156,0.815922920892495,0.809177158541679
1695,0.07692423462867737,0.9979716024340771,0.8296146044624746,0.8205740199295901
1696,0.07160145044326782,0.9979716024340771,0.8311359026369168,0.8246912106927621
1697,0.04215718060731888,0.9969574036511156,0.8306288032454361,0.8220657557133481
1698,0.05749070644378662,0.9959432048681541,0.8255578093306288,0.8198579867533863
1699,0.0697827935218811,0.9949290060851927,0.8306288032454361,0.8187839369890805
1700,0.09228526800870895,0.9979716024340771,0.8128803245436106,0.8021361656423415
1701,0.07369321584701538,0.9969574036511156,0.8098377281947262,0.8128169938540486
1702,0.08037322759628296,0.9969574036511156,0.8225152129817445,0.8212303836744436
1703,0.07218504697084427,0.9979716024340771,0.8250507099391481,0.8162778208723671
1704,0.07635632902383804,0.9989858012170385,0.8108519269776876,0.8092964974043797
1705,0.06015843152999878,0.9989858012170385,0.8174442190669371,0.8159198042842651
1706,0.04395921900868416,0.9989858012170385,0.829107505070994,0.8244525329673609
1707,0.0714467242360115,0.9979716024340771,0.8321501014198783,0.8245718718300614
1708,0.0464433953166008,0.9979716024340771,0.8372210953346856,0.8260636076138195
1709,0.07020740211009979,0.9979716024340771,0.8220081135902637,0.8208126976549913
1710,0.09155302494764328,0.9918864097363083,0.7910750507099391,0.7961095530759592
1711,0.09757892042398453,0.9979716024340771,0.8103448275862069,0.8122799689718957
1712,0.07492782920598984,0.9918864097363083,0.8169371196754563,0.820932036517692
1713,0.12354399263858795,0.9949290060851927,0.8194726166328601,0.8167551763231696
1714,0.06646446883678436,0.9929006085192698,0.802738336713996,0.8026731905244943
1715,0.0993916466832161,0.9939148073022313,0.808316430020284,0.8122202995405454
1716,0.07891397923231125,0.9949290060851927,0.8199797160243407,0.8139507130497047
1717,0.09339235723018646,0.9949290060851927,0.8204868154158215,0.8075660838952204
1718,0.0890350341796875,0.9949290060851927,0.8209939148073022,0.8063726952682141
1719,0.08720473945140839,0.9959432048681541,0.8245436105476673,0.8175905483620741
1720,0.10817761719226837,0.9939148073022313,0.8301217038539553,0.8199773256160868
1721,0.09356492757797241,0.9949290060851927,0.815922920892495,0.8114445969329912
1722,0.10097359865903854,0.9949290060851927,0.8235294117647058,0.8084611253654753
1723,0.08496557921171188,0.9959432048681541,0.8326572008113591,0.8257055910257175
1724,0.07287582010030746,0.9929006085192698,0.8250507099391481,0.8218270779879467
1725,0.11836761236190796,0.9969574036511156,0.815922920892495,0.8128766632853989
1726,0.08550496399402618,0.9979716024340771,0.8108519269776876,0.8139507130497047
1727,0.06965971738100052,0.9969574036511156,0.8209939148073022,0.8140700519124052
1728,0.08134368807077408,0.9979716024340771,0.8225152129817445,0.8153827794021123
1729,0.07888638973236084,0.9979716024340771,0.8286004056795132,0.8183662509696282
1730,0.0922035500407219,0.9989858012170385,0.8316430020283976,0.8204546810668895
1731,0.05664852634072304,0.9969574036511156,0.829107505070994,0.8157407959902142
1732,0.08345028758049011,0.9979716024340771,0.8204868154158215,0.8096545139924817
1733,0.09382390975952148,0.9989858012170385,0.8128803245436106,0.8055373232293096
1734,0.08788274973630905,0.9989858012170385,0.8225152129817445,0.8156214571275135
1735,0.07105283439159393,0.9949290060851927,0.8235294117647058,0.8204546810668895
1736,0.058751724660396576,0.9969574036511156,0.8260649087221096,0.8193806313025837
1737,0.09250734001398087,0.9959432048681541,0.815922920892495,0.8135330270302524
1738,0.07269331812858582,0.9969574036511156,0.8118661257606491,0.8038069097201503
1739,0.07809174060821533,0.9969574036511156,0.8164300202839757,0.8118622829524434
1740,0.07859576493501663,0.9979716024340771,0.8184584178498986,0.8186049286950295
1741,0.06108705326914787,0.9969574036511156,0.8260649087221096,0.820932036517692
1742,0.05491744354367256,0.9959432048681541,0.8235294117647058,0.8171131929112716
1743,0.06608368456363678,0.9979716024340771,0.8093306288032455,0.8106688943254371
1744,0.08353441208600998,0.9979716024340771,0.8047667342799188,0.8055373232293096
1745,0.09996853023767471,0.9969574036511156,0.8275862068965517,0.8218867474192971
1746,0.07601393014192581,0.9959432048681541,0.8336713995943205,0.8277343516916283
1747,0.09856566786766052,1.0,0.8220081135902637,0.8142490602064563
1748,0.0696914866566658,0.9989858012170385,0.8093306288032455,0.8064920341309147
1749,0.06194790452718735,1.0,0.8113590263691683,0.8111462497762396
1750,0.06709438562393188,0.9969574036511156,0.8260649087221096,0.8246315412614118
1751,0.06080688536167145,0.9969574036511156,0.8255578093306288,0.8263619547705711
1752,0.08881168812513351,0.9959432048681541,0.8316430020283976,0.8233784832030551
1753,0.0812709853053093,0.9949290060851927,0.8240365111561866,0.817769556656125
1754,0.08009534329175949,0.9989858012170385,0.8265720081135902,0.8220060862819978
1755,0.06453258544206619,0.9969574036511156,0.827079107505071,0.8234381526344053
1756,0.06885010749101639,0.9969574036511156,0.8240365111561866,0.8200966644787875
1757,0.07799626141786575,1.0,0.821501014198783,0.8191419535771824
1758,0.05662127211689949,0.9979716024340771,0.8250507099391481,0.8237961692225073
1759,0.05547826364636421,0.9969574036511156,0.8250507099391481,0.823557491497106
1760,0.07805004715919495,0.9929006085192698,0.815922920892495,0.8176502177934244
1761,0.07837188243865967,0.9979716024340771,0.8164300202839757,0.815144101676711
1762,0.05476553738117218,1.0,0.813894523326572,0.8085207947968256
1763,0.09882862120866776,1.0,0.8265720081135902,0.8212303836744436
1764,0.04621059447526932,1.0,0.8362068965517241,0.8298227817888896
1765,0.06496155261993408,0.9989858012170385,0.8331643002028397,0.8304194761023928
1766,0.060533590614795685,0.9989858012170385,0.8209939148073022,0.8205143504982397
1767,0.06611112505197525,1.0,0.8123732251521298,0.8086401336595263
1768,0.0648198276758194,1.0,0.8113590263691683,0.8075064144638702
1769,0.06252172589302063,0.9969574036511156,0.8306288032454361,0.8209917059490424
1770,0.08496939390897751,0.9949290060851927,0.8209939148073022,0.8173518706366728
1771,0.07943236827850342,0.9969574036511156,0.8154158215010142,0.8135330270302524
1772,0.06984073668718338,0.9969574036511156,0.8133874239350912,0.8127573244226982
1773,0.061925411224365234,0.9989858012170385,0.8123732251521298,0.8132346798735008
1774,0.08932298421859741,0.9939148073022313,0.8275862068965517,0.8196789784593352
1775,0.08779783546924591,0.9969574036511156,0.8174442190669371,0.8141893907751059
1776,0.06545177102088928,0.9949290060851927,0.8067951318458418,0.8029715376812459
1777,0.09446346759796143,0.9959432048681541,0.8199797160243407,0.821290053105794
1778,0.0823621153831482,0.9949290060851927,0.8047667342799188,0.8132943493048511
1779,0.09861673414707184,0.9989858012170385,0.8037525354969574,0.8087594725222269
1780,0.09397891163825989,0.9939148073022313,0.8128803245436106,0.8084014559341249
1781,0.10300995409488678,0.9949290060851927,0.8128803245436106,0.8115042663643416
1782,0.11267052590847015,0.9969574036511156,0.8164300202839757,0.8189032758517811
1783,0.08001728355884552,0.9969574036511156,0.8164300202839757,0.8199176561847366
1784,0.09104270488023758,0.9969574036511156,0.8189655172413793,0.817948564950176
1785,0.08657421171665192,0.9989858012170385,0.8169371196754563,0.8150247628140104
1786,0.09449181705713272,1.0,0.8184584178498986,0.8190226147144818
1787,0.0840916633605957,1.0,0.8169371196754563,0.8202160033414881
1788,0.06385807693004608,0.9979716024340771,0.815922920892495,0.8216480696938958
1789,0.10045353323221207,0.9969574036511156,0.8225152129817445,0.822602780595501
1790,0.05946138873696327,0.9989858012170385,0.8209939148073022,0.8228414583209022
1791,0.07842027395963669,1.0,0.8250507099391481,0.8201563339101379
1792,0.058307014405727386,0.9989858012170385,0.8189655172413793,0.8117429440897428
1793,0.08485257625579834,0.9979716024340771,0.8149087221095335,0.8101318694432842
1794,0.07387946546077728,0.9969574036511156,0.8316430020283976,0.819440300733934
1795,0.06795775890350342,1.0,0.8316430020283976,0.8298824512202398
1796,0.05980684235692024,0.9969574036511156,0.813894523326572,0.8187839369890805
1797,0.07493151724338531,1.0,0.8164300202839757,0.8186049286950295
1798,0.06644150614738464,0.9989858012170385,0.8123732251521298,0.8112655886389403
1799,0.04581226408481598,0.9969574036511156,0.8128803245436106,0.8103705471686855
1800,0.07445669919252396,0.9969574036511156,0.8286004056795132,0.8227817888895519
1801,0.08913591504096985,0.9959432048681541,0.8387423935091278,0.8320902201802017
1802,0.07561396807432175,0.9949290060851927,0.8382352941176471,0.8342979891401635
1803,0.05984795093536377,0.9949290060851927,0.834685598377282,0.8274956739662271
1804,0.08291324228048325,0.9939148073022313,0.813894523326572,0.8131153410108002
1805,0.08689530938863754,1.0,0.8179513184584178,0.8169938540485709
1806,0.0777038186788559,0.9989858012170385,0.8209939148073022,0.8220060862819978
1807,0.0922815129160881,0.9979716024340771,0.8230223123732252,0.8224237723014499
1808,0.09599319845438004,0.9989858012170385,0.8194726166328601,0.8139507130497047
1809,0.0640479028224945,0.9959432048681541,0.8073022312373225,0.8004654215645325
1810,0.09821455925703049,0.9908722109533469,0.8164300202839757,0.8190226147144818
1811,0.09086005389690399,0.986815415821501,0.8164300202839757,0.821290053105794
1812,0.13393722474575043,0.9959432048681541,0.8098377281947262,0.8155021182648129
1813,0.08534175902605057,0.9959432048681541,0.8088235294117647,0.8083417865027747
1814,0.11518572270870209,0.9949290060851927,0.8088235294117647,0.806909720150367
1815,0.08407032489776611,0.9939148073022313,0.8103448275862069,0.8056566620920103
1816,0.06881269812583923,0.9959432048681541,0.8098377281947262,0.8126379855599977
1817,0.07296857982873917,0.9979716024340771,0.8062880324543611,0.8075064144638702
1818,0.06765714287757874,1.0,0.8123732251521298,0.8123993078345964
1819,0.05857101455330849,0.9989858012170385,0.8093306288032455,0.812518646697297
1820,0.06806837022304535,0.9989858012170385,0.8052738336713996,0.8117429440897428
1821,0.056586429476737976,0.9989858012170385,0.8123732251521298,0.815323109970762
1822,0.055541448295116425,1.0,0.8255578093306288,0.8234978220657557
1823,0.053299430757761,1.0,0.8286004056795132,0.8269586490840742
1824,0.03685368224978447,1.0,0.815922920892495,0.8197386478906856
1825,0.050149161368608475,0.9989858012170385,0.8149087221095335,0.8175905483620741
1826,0.07146284729242325,0.9969574036511156,0.8174442190669371,0.8144877379318575
1827,0.08432967215776443,0.9939148073022313,0.8118661257606491,0.8101915388746346
1828,0.07915041595697403,0.9969574036511156,0.8067951318458418,0.8129960021480995
1829,0.08874921500682831,0.9959432048681541,0.8067951318458418,0.8137717047556536
1830,0.07095946371555328,0.9979716024340771,0.8199797160243407,0.8213497225371442
1831,0.07958617806434631,0.9989858012170385,0.8179513184584178,0.8197983173220359
1832,0.09023378044366837,0.9989858012170385,0.815922920892495,0.8144877379318575
1833,0.07542910426855087,1.0,0.8240365111561866,0.819261292439883
1834,0.08115315437316895,1.0,0.8209939148073022,0.8169938540485709
1835,0.0808006152510643,0.9959432048681541,0.8149087221095335,0.8083417865027747
1836,0.06438937038183212,0.9969574036511156,0.8164300202839757,0.8092368279730294
1837,0.08929024636745453,1.0,0.8275862068965517,0.8233188137717048
1838,0.05898883938789368,0.9989858012170385,0.827079107505071,0.823915508085208
1839,0.053317729383707047,1.0,0.8250507099391481,0.8236768303598067
1840,0.06794308871030807,1.0,0.8154158215010142,0.8150844322453608
1841,0.08423919230699539,1.0,0.8133874239350912,0.8129363327167493
1842,0.0680667832493782,1.0,0.8230223123732252,0.8205740199295901
1843,0.07732018083333969,1.0,0.8250507099391481,0.8192016230085327
1844,0.06787542253732681,0.9989858012170385,0.8265720081135902,0.8225431111641506
1845,0.0546710267663002,0.9989858012170385,0.8189655172413793,0.816456829166418
1846,0.04803267866373062,0.9979716024340771,0.8118661257606491,0.8069693895817173
1847,0.08845949918031693,1.0,0.827079107505071,0.8165761680291187
1848,0.07671279460191727,0.9969574036511156,0.827079107505071,0.820932036517692
1849,0.059871550649404526,0.9959432048681541,0.8255578093306288,0.8190226147144818
1850,0.07109291106462479,0.9979716024340771,0.8204868154158215,0.8150844322453608
1851,0.062436603009700775,0.9939148073022313,0.8235294117647058,0.8132943493048511
1852,0.06907685101032257,0.9969574036511156,0.8311359026369168,0.8260636076138195
1853,0.0662427544593811,0.9959432048681541,0.8372210953346856,0.8319112118861507
1854,0.05764494091272354,0.9959432048681541,0.8296146044624746,0.8217077391252461
1855,0.07950976490974426,0.9929006085192698,0.8113590263691683,0.8144877379318575
1856,0.07951323688030243,0.9939148073022313,0.8220081135902637,0.8238558386538576
1857,0.0899539366364479,0.986815415821501,0.8250507099391481,0.825049227280864
1858,0.10803241282701492,0.9939148073022313,0.8073022312373225,0.8104302166000358
1859,0.10775789618492126,0.9949290060851927,0.7936105476673428,0.7964079002327108
1860,0.11529204994440079,0.9989858012170385,0.8098377281947262,0.8070887284444179
1861,0.06414327770471573,0.9979716024340771,0.8280933062880325,0.8233784832030551
1862,0.07241407781839371,0.9979716024340771,0.8321501014198783,0.8273166656721761
1863,0.07729297131299973,0.9959432048681541,0.829107505070994,0.8276150128289277
1864,0.07589344680309296,0.9959432048681541,0.827079107505071,0.8245122023987111
1865,0.08531917631626129,0.9959432048681541,0.8275862068965517,0.8248105495554627
1866,0.07913480699062347,0.9949290060851927,0.8316430020283976,0.8287487320245838
1867,0.08510191738605499,0.9959432048681541,0.8341784989858012,0.8274956739662271
1868,0.07152863591909409,0.9979716024340771,0.829107505070994,0.8249298884181634
1869,0.07395415008068085,0.9989858012170385,0.8260649087221096,0.8232591443403544
1870,0.06441149860620499,0.9989858012170385,0.8336713995943205,0.8298227817888896
1871,0.058473698794841766,0.9989858012170385,0.8301217038539553,0.8261829464765201
1872,0.06278000771999359,1.0,0.8280933062880325,0.8184855898323289
1873,0.06167466565966606,1.0,0.8235294117647058,0.8223641028700996
1874,0.06126536428928375,0.9969574036511156,0.8280933062880325,0.8186645981263798
1875,0.0847637802362442,0.9918864097363083,0.8245436105476673,0.8128766632853989
1876,0.08592478185892105,0.9959432048681541,0.8351926977687627,0.8249298884181634
1877,0.0867999866604805,0.9969574036511156,0.8280933062880325,0.8242735246733098
1878,0.07781421393156052,0.9979716024340771,0.8184584178498986,0.8160391431469658
1879,0.07716938853263855,1.0,0.8311359026369168,0.8229607971836028
1880,0.06628943979740143,1.0,0.8326572008113591,0.8260039381824691
1881,0.07212013006210327,1.0,0.8255578093306288,0.8204546810668895
1882,0.0857464075088501,1.0,0.8133874239350912,0.8104898860313862
1883,0.05326072499155998,1.0,0.8108519269776876,0.8100722000119339
1884,0.05182395502924919,0.9989858012170385,0.8260649087221096,0.8197983173220359
1885,0.06055723503232002,1.0,0.8367139959432048,0.826898979652724
1886,0.0546112023293972,0.9989858012170385,0.834685598377282,0.8273166656721761
1887,0.07958618551492691,0.9989858012170385,0.8331643002028397,0.8242138552419596
1888,0.0755825862288475,1.0,0.8209939148073022,0.8205740199295901
1889,0.059359923005104065,1.0,0.8169371196754563,0.8190822841458321
1890,0.06457142531871796,0.9989858012170385,0.8199797160243407,0.8210513753803926
1891,0.055187586694955826,1.0,0.821501014198783,0.8251685661435646
1892,0.0535343699157238,0.9979716024340771,0.8169371196754563,0.8186645981263798
1893,0.05381697043776512,0.9989858012170385,0.8209939148073022,0.8204546810668895
1894,0.07133068144321442,0.9989858012170385,0.813894523326572,0.8170535234799212
1895,0.05121810734272003,1.0,0.8189655172413793,0.8208126976549913
1896,0.06559740751981735,0.9979716024340771,0.8326572008113591,0.8299421206515902
1897,0.07026965916156769,0.9989858012170385,0.827079107505071,0.8264216242019213
1898,0.0588344931602478,0.9989858012170385,0.8326572008113591,0.8285697237305328
1899,0.07976845651865005,1.0,0.8280933062880325,0.8249298884181634
1900,0.05525429919362068,0.9979716024340771,0.8275862068965517,0.818306581538278
1901,0.07935995608568192,0.9989858012170385,0.8128803245436106,0.81681484575452
1902,0.08914780616760254,1.0,0.8255578093306288,0.8234978220657557
1903,0.04868180677294731,0.9969574036511156,0.8265720081135902,0.8230801360463035
1904,0.06808813661336899,0.9969574036511156,0.8240365111561866,0.8210513753803926
1905,0.06830849498510361,0.9979716024340771,0.8260649087221096,0.8219464168506474
1906,0.09100336581468582,0.9969574036511156,0.8265720081135902,0.823736499791157
1907,0.06645946204662323,0.9979716024340771,0.8093306288032455,0.8112655886389403
1908,0.06578263640403748,0.9989858012170385,0.8164300202839757,0.8210513753803926
1909,0.06336058676242828,0.9989858012170385,0.8235294117647058,0.8248105495554627
1910,0.07378288358449936,0.9989858012170385,0.8265720081135902,0.8221850945760487
1911,0.04469044879078865,1.0,0.821501014198783,0.8152037711080613
1912,0.06131239980459213,1.0,0.8209939148073022,0.8135926964616027
1913,0.07717927545309067,1.0,0.8204868154158215,0.8208126976549913
1914,0.05233202874660492,1.0,0.8179513184584178,0.8193806313025837
1915,0.08724988996982574,0.9989858012170385,0.8240365111561866,0.8189629452831314
1916,0.04412037134170532,0.9959432048681541,0.827079107505071,0.81681484575452
1917,0.06257588416337967,0.9979716024340771,0.8265720081135902,0.8234978220657557
1918,0.06747795641422272,0.9969574036511156,0.829107505070994,0.8227221194582016
1919,0.09802328050136566,1.0,0.8265720081135902,0.8120412912464944
1920,0.0716240182518959,0.9989858012170385,0.8204868154158215,0.8088191419535772
1921,0.11037623882293701,0.9979716024340771,0.8113590263691683,0.8116832746583925
1922,0.06277532130479813,0.9979716024340771,0.8220081135902637,0.8128169938540486
1923,0.09106804430484772,0.9979716024340771,0.8164300202839757,0.8119816218151441
1924,0.09624538570642471,0.9969574036511156,0.8128803245436106,0.8176502177934244
1925,0.08649175614118576,0.9969574036511156,0.8220081135902637,0.8199176561847366
1926,0.1076345443725586,0.9979716024340771,0.8144016227180527,0.8150844322453608
1927,0.12092415243387222,0.9979716024340771,0.8037525354969574,0.8076257533265708
1928,0.0883660539984703,0.9959432048681541,0.8194726166328601,0.819440300733934
1929,0.07599715888500214,0.9979716024340771,0.8245436105476673,0.8245718718300614
1930,0.05916958302259445,0.9969574036511156,0.827079107505071,0.821290053105794
1931,0.07198510318994522,0.9959432048681541,0.8220081135902637,0.8168745151858703
1932,0.07743798196315765,0.9959432048681541,0.8220081135902637,0.8180679038128766
1933,0.09826244413852692,0.9949290060851927,0.8336713995943205,0.8240348469479086
1934,0.104280486702919,0.9979716024340771,0.8382352941176471,0.826898979652724
1935,0.08143085241317749,0.9969574036511156,0.8321501014198783,0.8171131929112716
1936,0.09088550508022308,0.9979716024340771,0.8362068965517241,0.8208723670863417
1937,0.07214301824569702,0.9959432048681541,0.8286004056795132,0.8234978220657557
1938,0.09242581576108932,0.9949290060851927,0.827079107505071,0.8243331941046602
1939,0.08264848589897156,0.9969574036511156,0.8230223123732252,0.8159198042842651
1940,0.06528246402740479,0.9989858012170385,0.821501014198783,0.8113252580702905
1941,0.08494838327169418,0.9989858012170385,0.8336713995943205,0.8189032758517811
1942,0.06854017823934555,0.9979716024340771,0.8275862068965517,0.8214093919684945
1943,0.06126658618450165,0.9989858012170385,0.8250507099391481,0.8215287308311952
1944,0.07603483647108078,1.0,0.8260649087221096,0.8150844322453608
1945,0.06878887861967087,0.9989858012170385,0.8260649087221096,0.8180082343815264
1946,0.07799689471721649,0.9989858012170385,0.8260649087221096,0.8206336893609404
1947,0.0457359217107296,1.0,0.8128803245436106,0.813473357598902
1948,0.05752284824848175,0.9979716024340771,0.8225152129817445,0.8172325317739721
1949,0.06441104412078857,0.9969574036511156,0.8240365111561866,0.819619309027985
1950,0.0763065442442894,0.9979716024340771,0.8250507099391481,0.823915508085208
1951,0.06204325705766678,0.9989858012170385,0.8123732251521298,0.8120412912464944
1952,0.07661818712949753,0.9979716024340771,0.8098377281947262,0.8119816218151441
1953,0.060534991323947906,0.9989858012170385,0.8316430020283976,0.8313145175726475
1954,0.07843165099620819,0.9979716024340771,0.8372210953346856,0.8348350140223164
1955,0.07115538418292999,0.9979716024340771,0.8306288032454361,0.8261232770451697
1956,0.06635691970586777,0.9979716024340771,0.827079107505071,0.818127573244227
1957,0.07904108613729477,0.9989858012170385,0.8220081135902637,0.8181872426755773
1958,0.058522675186395645,0.9969574036511156,0.8194726166328601,0.8210513753803926
1959,0.0865715816617012,0.9979716024340771,0.8225152129817445,0.8236768303598067
1960,0.06404289603233337,0.9969574036511156,0.8255578093306288,0.8211110448117429
1961,0.08940118551254272,0.9989858012170385,0.8194726166328601,0.8199176561847366
1962,0.05777079612016678,0.9969574036511156,0.8209939148073022,0.8171131929112716
1963,0.09083984047174454,0.9979716024340771,0.8260649087221096,0.8209917059490424
1964,0.07039403915405273,0.9949290060851927,0.8235294117647058,0.8184855898323289
1965,0.08042310178279877,0.9949290060851927,0.8169371196754563,0.8094755056984307
1966,0.08145266026258469,0.9979716024340771,0.8103448275862069,0.809714183423832
1967,0.06325599551200867,0.9969574036511156,0.8133874239350912,0.809177158541679
1968,0.06581049412488937,0.9959432048681541,0.8164300202839757,0.8126379855599977
1969,0.09404408186674118,0.9949290060851927,0.827079107505071,0.8218270779879467
1970,0.09548496454954147,0.9939148073022313,0.8326572008113591,0.8262426159078704
1971,0.08302529901266098,0.9908722109533469,0.8367139959432048,0.8301211289456412
1972,0.10009141266345978,0.9929006085192698,0.8377281947261663,0.8342383197088131
1973,0.0897330567240715,0.9949290060851927,0.8362068965517241,0.8305984843964437
1974,0.0763387605547905,0.9949290060851927,0.8174442190669371,0.8211110448117429
1975,0.0918559730052948,0.9969574036511156,0.8133874239350912,0.8113252580702905
1976,0.08081956207752228,0.9969574036511156,0.813894523326572,0.8122799689718957
1977,0.06647220999002457,0.9959432048681541,0.8275862068965517,0.8246912106927621
1978,0.07743417471647263,0.9979716024340771,0.834685598377282,0.8242735246733098
1979,0.06785264611244202,0.9969574036511156,0.8235294117647058,0.8086401336595263
1980,0.0791294127702713,0.9949290060851927,0.8189655172413793,0.8033892237006981
1981,0.0958823636174202,0.9929006085192698,0.8250507099391481,0.8171131929112716
1982,0.09185440093278885,0.9918864097363083,0.8311359026369168,0.8211707142430933
1983,0.0777117908000946,0.9918864097363083,0.8306288032454361,0.8220657557133481
1984,0.06432738900184631,0.9908722109533469,0.8179513184584178,0.8115639357956919
1985,0.0881429985165596,0.9969574036511156,0.8306288032454361,0.8208723670863417
1986,0.060651861131191254,0.9969574036511156,0.8377281947261663,0.8249298884181634
1987,0.06705604493618011,0.9959432048681541,0.8250507099391481,0.8212303836744436
1988,0.0744515210390091,0.9989858012170385,0.8230223123732252,0.8159198042842651
1989,0.0672173872590065,1.0,0.8225152129817445,0.8133540187362014
1990,0.06399697065353394,0.9989858012170385,0.8169371196754563,0.8132943493048511
1991,0.07756322622299194,1.0,0.8128803245436106,0.8100722000119339
1992,0.08774963021278381,0.9989858012170385,0.8093306288032455,0.8083417865027747
1993,0.06299366056919098,0.9989858012170385,0.8113590263691683,0.8069693895817173
1994,0.08002457767724991,0.9979716024340771,0.808316430020284,0.8098335222865326
1995,0.0721730887889862,0.9979716024340771,0.8179513184584178,0.8165761680291187
1996,0.07777683436870575,0.9918864097363083,0.8220081135902637,0.8180082343815264
1997,0.07945387810468674,0.9918864097363083,0.827079107505071,0.823915508085208
1998,0.09850376099348068,0.9959432048681541,0.8286004056795132,0.8258845993197684
1999,0.08465607464313507,0.9969574036511156,0.829107505070994,0.8171131929112716
2000,0.0797782838344574,0.9929006085192698,0.8133874239350912,0.8084014559341249
2001,0.08411696553230286,0.9949290060851927,0.8113590263691683,0.8035085625633988
2002,0.09564661234617233,0.9979716024340771,0.8169371196754563,0.8156811265588639
2003,0.07547509670257568,0.9949290060851927,0.813894523326572,0.8135330270302524
2004,0.07692879438400269,0.9969574036511156,0.821501014198783,0.8131750104421505
2005,0.06707486510276794,0.9969574036511156,0.8189655172413793,0.810847902619488
2006,0.07545893639326096,0.9989858012170385,0.8194726166328601,0.8136523658929531
2007,0.08340488374233246,0.9989858012170385,0.8230223123732252,0.8191419535771824
2008,0.08453463762998581,0.9989858012170385,0.8230223123732252,0.8186645981263798
2009,0.05193599686026573,1.0,0.8255578093306288,0.8156811265588639
2010,0.0704963356256485,1.0,0.8179513184584178,0.8156811265588639
2011,0.07499467581510544,1.0,0.8199797160243407,0.8154424488334626
2012,0.0676383525133133,1.0,0.8144016227180527,0.8144877379318575
2013,0.04383310303092003,0.9989858012170385,0.8098377281947262,0.8115042663643416
2014,0.058288540691137314,0.9989858012170385,0.8184584178498986,0.8158004654215645
2015,0.06836755573749542,0.9969574036511156,0.8199797160243407,0.8159198042842651
2016,0.06761901080608368,1.0,0.8118661257606491,0.8138910436183543
2017,0.07924981415271759,1.0,0.8184584178498986,0.8189032758517811
2018,0.057492487132549286,0.9989858012170385,0.8260649087221096,0.8174712094993735
2019,0.07035274803638458,0.9979716024340771,0.8321501014198783,0.8221254251446983
2020,0.07845509052276611,0.9969574036511156,0.8286004056795132,0.8231994749090041
2021,0.06784360855817795,0.9989858012170385,0.8280933062880325,0.822244764007399
2022,0.06548874080181122,1.0,0.8179513184584178,0.8147264156572588
2023,0.05908175930380821,0.9979716024340771,0.8184584178498986,0.8126379855599977
2024,0.09694866836071014,0.9989858012170385,0.8230223123732252,0.8217077391252461
2025,0.08232983946800232,0.9989858012170385,0.8311359026369168,0.8272569962408258
2026,0.0773518830537796,0.9989858012170385,0.8209939148073022,0.8170535234799212
2027,0.08181928843259811,0.9949290060851927,0.8260649087221096,0.8135330270302524
2028,0.07758116722106934,0.9949290060851927,0.8311359026369168,0.8153827794021123
2029,0.09988119453191757,0.9959432048681541,0.8331643002028397,0.8237961692225073
2030,0.08588997274637222,0.9979716024340771,0.8240365111561866,0.8224237723014499
2031,0.09272106736898422,1.0,0.8209939148073022,0.8135926964616027
2032,0.07674113661050797,0.9979716024340771,0.8062880324543611,0.8061340175428128
2033,0.07022128999233246,0.9979716024340771,0.8179513184584178,0.8144877379318575
2034,0.09910773485898972,0.9979716024340771,0.8260649087221096,0.8221254251446983
2035,0.07683419436216354,0.9979716024340771,0.8245436105476673,0.8210513753803926
2036,0.08170150220394135,0.9949290060851927,0.8250507099391481,0.8195596395966347
2037,0.09776806831359863,0.9959432048681541,0.8123732251521298,0.8144877379318575
2038,0.08742750436067581,0.9949290060851927,0.8189655172413793,0.8200369950474372
2039,0.08910494297742844,0.9959432048681541,0.8113590263691683,0.8132943493048511
2040,0.09226144850254059,0.9989858012170385,0.8118661257606491,0.8095948445611313
2041,0.08739914000034332,1.0,0.8209939148073022,0.8159198042842651
2042,0.07101070880889893,1.0,0.8220081135902637,0.8163374903037174
2043,0.08271301537752151,0.9989858012170385,0.8149087221095335,0.8094755056984307
2044,0.0703558474779129,0.9959432048681541,0.8184584178498986,0.8170535234799212
2045,0.06074133515357971,0.9959432048681541,0.8260649087221096,0.8233784832030551
2046,0.06896699965000153,0.9969574036511156,0.8301217038539553,0.8240945163792589
2047,0.0677734762430191,1.0,0.8326572008113591,0.8234381526344053
2048,0.09130625426769257,0.9989858012170385,0.8123732251521298,0.8098335222865326
2049,0.07469452917575836,0.9969574036511156,0.8022312373225152,0.7984963303299719
2050,0.07707477360963821,1.0,0.8184584178498986,0.8193209618712334
2051,0.05869002267718315,0.9959432048681541,0.8265720081135902,0.8260636076138195
2052,0.08072534203529358,0.9969574036511156,0.8280933062880325,0.8261829464765201
2053,0.07095520198345184,0.9979716024340771,0.827079107505071,0.8192016230085327
2054,0.07858169823884964,0.9989858012170385,0.8296146044624746,0.819261292439883
2055,0.06125996634364128,1.0,0.8311359026369168,0.8242138552419596
2056,0.07260306924581528,1.0,0.8316430020283976,0.8257055910257175
2057,0.06719941645860672,0.9969574036511156,0.8194726166328601,0.8135926964616027
2058,0.08742205798625946,0.9908722109533469,0.7961460446247465,0.8012411241720866
2059,0.11140397936105728,0.9979716024340771,0.8316430020283976,0.826540963064622
2060,0.07549631595611572,0.9949290060851927,0.8367139959432048,0.8303001372396921
2061,0.06455734372138977,0.9959432048681541,0.8336713995943205,0.8269586490840742
2062,0.07326951622962952,0.9979716024340771,0.8204868154158215,0.8130556715794498
2063,0.0857888013124466,0.9949290060851927,0.8149087221095335,0.81120591920759
2064,0.08975094556808472,0.9969574036511156,0.8220081135902637,0.8184259204009786
2065,0.06446060538291931,0.9969574036511156,0.8179513184584178,0.8214690613998449
2066,0.06758768856525421,0.9979716024340771,0.8220081135902637,0.8188436064204309
2067,0.06896821409463882,1.0,0.8184584178498986,0.8159794737156155
2068,0.06438317894935608,0.9969574036511156,0.8002028397565923,0.8084611253654753
2069,0.0848245695233345,1.0,0.8164300202839757,0.8184259204009786
2070,0.07209652662277222,0.9989858012170385,0.8204868154158215,0.8208126976549913
2071,0.06508705765008926,0.9989858012170385,0.8204868154158215,0.8177098872247748
2072,0.051785908639431,0.9989858012170385,0.8169371196754563,0.8093561668357301
2073,0.06480580568313599,1.0,0.8209939148073022,0.8157407959902142
2074,0.04675348475575447,1.0,0.8265720081135902,0.8200966644787875
2075,0.056402549147605896,1.0,0.827079107505071,0.819261292439883
2076,0.06551078706979752,0.9969574036511156,0.8230223123732252,0.8178888955188257
2077,0.06050410121679306,0.9949290060851927,0.8220081135902637,0.8149054239513097
2078,0.10270650684833527,0.9979716024340771,0.8225152129817445,0.8171131929112716
2079,0.04665065556764603,0.9979716024340771,0.8199797160243407,0.8177098872247748
2080,0.0543358139693737,0.9969574036511156,0.8164300202839757,0.814010382481055
2081,0.06716594099998474,0.9989858012170385,0.8179513184584178,0.8149054239513097
2082,0.05096334218978882,0.9979716024340771,0.813894523326572,0.8156214571275135
2083,0.061208002269268036,0.9979716024340771,0.8113590263691683,0.8166955068918194
2084,0.07485631108283997,1.0,0.8103448275862069,0.812339638403246
2085,0.07500620186328888,0.9969574036511156,0.8133874239350912,0.8114445969329912
2086,0.0774979516863823,0.9989858012170385,0.8230223123732252,0.817948564950176
2087,0.07062023133039474,0.9979716024340771,0.8296146044624746,0.8187242675577302
2088,0.0709671750664711,0.9969574036511156,0.8235294117647058,0.813473357598902
2089,0.0908348560333252,0.9969574036511156,0.8209939148073022,0.8130556715794498
2090,0.070330910384655,0.9949290060851927,0.8149087221095335,0.8107285637567874
2091,0.08362093567848206,0.9969574036511156,0.8316430020283976,0.8166955068918194
2092,0.08700045943260193,0.9918864097363083,0.8341784989858012,0.827853690554329
2093,0.08749724179506302,0.9929006085192698,0.8326572008113591,0.8285697237305328
2094,0.08926549553871155,0.9969574036511156,0.8154158215010142,0.8162778208723671
2095,0.0651315376162529,0.9949290060851927,0.800709939148073,0.8058953398174116
2096,0.08864888548851013,0.9949290060851927,0.8128803245436106,0.8199773256160868
2097,0.07379935681819916,0.9939148073022313,0.8154158215010142,0.8197386478906856
2098,0.10696917027235031,0.9989858012170385,0.8113590263691683,0.8144877379318575
2099,0.08177881687879562,0.9969574036511156,0.8042596348884381,0.8077450921892715
2100,0.1008085384964943,1.0,0.8108519269776876,0.8203950116355391
2101,0.06039389595389366,0.9959432048681541,0.8209939148073022,0.8271973268094756
2102,0.09627238661050797,0.9949290060851927,0.8220081135902637,0.8283907154364819
2103,0.07514134794473648,0.9949290060851927,0.8184584178498986,0.8162181514410167
2104,0.09648807346820831,0.9989858012170385,0.8204868154158215,0.8224237723014499
2105,0.07664024829864502,0.9989858012170385,0.8255578093306288,0.8236768303598067
2106,0.07361464947462082,0.9979716024340771,0.8037525354969574,0.814010382481055
2107,0.10610562562942505,0.9959432048681541,0.8164300202839757,0.8169341846172206
2108,0.06953325122594833,0.9939148073022313,0.815922920892495,0.811026910913539
2109,0.09536309540271759,0.9979716024340771,0.8230223123732252,0.8143087296378065
2110,0.0881013423204422,0.9969574036511156,0.8296146044624746,0.8271973268094756
2111,0.06575557589530945,0.9949290060851927,0.8296146044624746,0.8302404678083418
2112,0.07834027707576752,0.9969574036511156,0.8184584178498986,0.8234381526344053
2113,0.0883307158946991,0.9959432048681541,0.8093306288032455,0.8118622829524434
2114,0.0953216403722763,0.9989858012170385,0.821501014198783,0.8153827794021123
2115,0.1008644625544548,0.9959432048681541,0.821501014198783,0.8172922012053225
2116,0.09320233762264252,0.9979716024340771,0.8240365111561866,0.8218270779879467
2117,0.08574647456407547,0.9969574036511156,0.8169371196754563,0.8163971597350678
2118,0.07077451795339584,0.9969574036511156,0.8154158215010142,0.8119219523837938
2119,0.10128903388977051,1.0,0.8179513184584178,0.8191419535771824
2120,0.08742380887269974,1.0,0.8240365111561866,0.8205143504982397
2121,0.07386374473571777,0.9979716024340771,0.7986815415821501,0.8116236052270421
2122,0.08673714846372604,0.9989858012170385,0.8113590263691683,0.8167551763231696
2123,0.08123574405908585,0.9969574036511156,0.8275862068965517,0.8240348469479086
2124,0.10530627518892288,0.9908722109533469,0.8265720081135902,0.824870218986813
2125,0.09234461188316345,0.9939148073022313,0.8220081135902637,0.8220060862819978
2126,0.07952364534139633,0.9939148073022313,0.7920892494929006,0.8054179843666089
2127,0.1015445664525032,0.9989858012170385,0.8128803245436106,0.8123993078345964
2128,0.0739009901881218,0.9969574036511156,0.8179513184584178,0.8139507130497047
2129,0.09659965336322784,0.9969574036511156,0.8209939148073022,0.816456829166418
2130,0.05283588171005249,0.9969574036511156,0.8108519269776876,0.8123993078345964
2131,0.08487050980329514,0.9959432048681541,0.8230223123732252,0.819619309027985
2132,0.09529513865709305,0.9969574036511156,0.8286004056795132,0.8233188137717048
2133,0.0824841856956482,0.9989858012170385,0.8296146044624746,0.8220060862819978
2134,0.05185234546661377,0.9979716024340771,0.8144016227180527,0.8128169938540486
2135,0.06246552988886833,0.9969574036511156,0.8103448275862069,0.8105495554627364
2136,0.06792442500591278,0.9979716024340771,0.8149087221095335,0.8158601348529149
2137,0.07219146937131882,1.0,0.8286004056795132,0.8193806313025837
2138,0.059660252183675766,1.0,0.821501014198783,0.8178292260874754
2139,0.06334911286830902,1.0,0.8194726166328601,0.8166955068918194
2140,0.08030099421739578,1.0,0.8230223123732252,0.8185452592636793
2141,0.06141320616006851,1.0,0.8189655172413793,0.8159198042842651
2142,0.06218554079532623,0.9979716024340771,0.8108519269776876,0.8078047616206218
2143,0.07596492022275925,0.9989858012170385,0.8245436105476673,0.8175905483620741
2144,0.06626824289560318,0.9989858012170385,0.8301217038539553,0.8202160033414881
2145,0.07566595077514648,0.9989858012170385,0.8240365111561866,0.8140700519124052
2146,0.07920047640800476,0.9989858012170385,0.8220081135902637,0.8149054239513097
2147,0.05484895408153534,0.9989858012170385,0.8255578093306288,0.8193806313025837
2148,0.09040352702140808,0.9979716024340771,0.815922920892495,0.813473357598902
2149,0.06534399092197418,0.9979716024340771,0.808316430020284,0.8050599677785071
2150,0.06455127149820328,1.0,0.815922920892495,0.8116832746583925
2151,0.06861467659473419,0.9989858012170385,0.8154158215010142,0.8178292260874754
2152,0.06424418836832047,0.9989858012170385,0.8179513184584178,0.8124589772659466
2153,0.04495738446712494,1.0,0.8073022312373225,0.8075660838952204
2154,0.09062719345092773,0.9989858012170385,0.8032454361054767,0.8051793066412077
2155,0.08379410952329636,0.9979716024340771,0.8164300202839757,0.8144280685005072
2156,0.07169988006353378,0.9949290060851927,0.8169371196754563,0.8157407959902142
2157,0.0784045159816742,1.0,0.8209939148073022,0.8165164985977683
2158,0.06046741455793381,1.0,0.8184584178498986,0.8153827794021123
2159,0.07104208320379257,0.9969574036511156,0.813894523326572,0.8158601348529149
2160,0.09067481011152267,0.9959432048681541,0.8103448275862069,0.8140700519124052
2161,0.09311747550964355,0.9929006085192698,0.8164300202839757,0.8169341846172206
2162,0.09613953530788422,0.9959432048681541,0.8189655172413793,0.8245718718300614
2163,0.0893176794052124,0.9969574036511156,0.8144016227180527,0.8218867474192971
2164,0.10258404165506363,0.9959432048681541,0.8128803245436106,0.8171131929112716
2165,0.07720482349395752,0.9929006085192698,0.7996957403651116,0.7960498836446088
2166,0.13118375837802887,0.9949290060851927,0.8204868154158215,0.8160988125783162
2167,0.09598960727453232,0.9908722109533469,0.8209939148073022,0.8272569962408258
2168,0.07903388887643814,0.9989858012170385,0.8209939148073022,0.8220060862819978
2169,0.08498840779066086,0.9969574036511156,0.8113590263691683,0.8072080673071186
2170,0.09186933189630508,0.9969574036511156,0.8179513184584178,0.809535175129781
2171,0.09506818652153015,0.9949290060851927,0.8255578093306288,0.8187839369890805
2172,0.06400058418512344,0.9949290060851927,0.8235294117647058,0.825228235574915
2173,0.08933550864458084,0.9969574036511156,0.8235294117647058,0.8206933587922907
2174,0.05114954337477684,0.9989858012170385,0.8199797160243407,0.8107285637567874
2175,0.08212825655937195,0.9989858012170385,0.8189655172413793,0.810847902619488
2176,0.06581365317106247,0.9979716024340771,0.8174442190669371,0.8180082343815264
2177,0.07029281556606293,0.9979716024340771,0.8113590263691683,0.8177098872247748
2178,0.07023653388023376,0.9969574036511156,0.8067951318458418,0.8117429440897428
2179,0.07762140035629272,0.9949290060851927,0.7976673427991886,0.79813831374187
2180,0.08899276703596115,1.0,0.821501014198783,0.8189629452831314
2181,0.07761427760124207,0.9989858012170385,0.8296146044624746,0.821290053105794
2182,0.08176570385694504,0.9979716024340771,0.8245436105476673,0.8200369950474372
2183,0.07510371506214142,0.9969574036511156,0.8220081135902637,0.8166955068918194
2184,0.07179658114910126,0.9989858012170385,0.8174442190669371,0.8203950116355391
2185,0.09674134850502014,0.9989858012170385,0.813894523326572,0.8223044334387494
2186,0.09364984184503555,0.9979716024340771,0.813894523326572,0.8183662509696282
2187,0.08709263056516647,0.9969574036511156,0.8154158215010142,0.8141893907751059
2188,0.0609876774251461,0.9959432048681541,0.8118661257606491,0.8143683990691569
2189,0.0772964134812355,0.9979716024340771,0.7996957403651116,0.8094755056984307
2190,0.09607371687889099,0.9989858012170385,0.8078093306288032,0.8115639357956919
2191,0.069755420088768,0.9959432048681541,0.8220081135902637,0.8132346798735008
2192,0.0827195942401886,0.9969574036511156,0.8286004056795132,0.8217077391252461
2193,0.06291221082210541,0.9989858012170385,0.8280933062880325,0.8208126976549913
2194,0.0541166253387928,0.9989858012170385,0.8209939148073022,0.8225431111641506
2195,0.07320478558540344,1.0,0.8230223123732252,0.81681484575452
2196,0.08543882519006729,1.0,0.8255578093306288,0.8158004654215645
2197,0.06415064632892609,1.0,0.8306288032454361,0.8155021182648129
2198,0.065725177526474,0.9989858012170385,0.7966531440162272,0.7946178172922012
2199,0.0898277685046196,0.9979716024340771,0.8078093306288032,0.8017781490542395
2200,0.07527830451726913,0.9979716024340771,0.8306288032454361,0.8163971597350678
2201,0.06863588839769363,0.9929006085192698,0.8296146044624746,0.820753028223641
2202,0.07090234756469727,0.9989858012170385,0.815922920892495,0.8137717047556536
2203,0.07276836037635803,0.9989858012170385,0.8118661257606491,0.8067307118563161
2204,0.06428054720163345,0.9979716024340771,0.8220081135902637,0.813473357598902
2205,0.07498374581336975,0.9959432048681541,0.8199797160243407,0.8155617876961633
2206,0.06504116207361221,0.9979716024340771,0.8199797160243407,0.8191419535771824
2207,0.07653695344924927,0.9959432048681541,0.8179513184584178,0.8161584820096665
2208,0.09469623863697052,0.9929006085192698,0.8062880324543611,0.8073870756011695
2209,0.04996255412697792,0.9949290060851927,0.808316430020284,0.8034488931320485
2210,0.08302713930606842,0.9969574036511156,0.8204868154158215,0.8210513753803926
2211,0.05796012654900551,0.9949290060851927,0.8235294117647058,0.8214093919684945
2212,0.09774227440357208,0.9929006085192698,0.8174442190669371,0.8182469121069276
2213,0.08595764636993408,0.9979716024340771,0.7966531440162272,0.7987946774867235
2214,0.07332244515419006,0.9979716024340771,0.7981744421906694,0.7964079002327108
2215,0.08510839939117432,0.9949290060851927,0.8144016227180527,0.815323109970762
2216,0.10526010394096375,0.9939148073022313,0.8265720081135902,0.8194999701652843
2217,0.06723532825708389,0.9847870182555781,0.821501014198783,0.8189032758517811
2218,0.13050957024097443,0.9878296146044625,0.8164300202839757,0.8184259204009786
2219,0.1266048550605774,0.9959432048681541,0.813894523326572,0.8163971597350678
2220,0.09441858530044556,0.9969574036511156,0.815922920892495,0.8171131929112716
2221,0.10643433779478073,0.9979716024340771,0.8230223123732252,0.8192016230085327
2222,0.07683860510587692,0.9989858012170385,0.8220081135902637,0.8189032758517811
2223,0.0785154476761818,0.9989858012170385,0.8301217038539553,0.8254072438689659
2224,0.0635465607047081,0.9979716024340771,0.8341784989858012,0.8284503848678322
2225,0.08090616762638092,0.9979716024340771,0.8321501014198783,0.8248105495554627
2226,0.07306653261184692,0.9989858012170385,0.821501014198783,0.8152037711080613
2227,0.06924638897180557,0.9979716024340771,0.8280933062880325,0.8174712094993735
2228,0.07342613488435745,0.9969574036511156,0.8301217038539553,0.8253475744376156
2229,0.10168134421110153,0.9989858012170385,0.8113590263691683,0.8177098872247748
2230,0.07320345193147659,0.9989858012170385,0.7976673427991886,0.8032102154066472
2231,0.07850857079029083,0.9979716024340771,0.8133874239350912,0.8237961692225073
2232,0.08175192773342133,0.9989858012170385,0.8316430020283976,0.8266603019273226
2233,0.0881938636302948,0.9979716024340771,0.8311359026369168,0.8230204666149532
2234,0.05578785762190819,0.9979716024340771,0.8235294117647058,0.8156214571275135
2235,0.08668779581785202,1.0,0.8235294117647058,0.8174115400680232
2236,0.05888000875711441,1.0,0.8204868154158215,0.8175308789307237
2237,0.059820763766765594,0.9979716024340771,0.8174442190669371,0.8118026135210932
2238,0.08131106197834015,1.0,0.8169371196754563,0.8147264156572588
2239,0.05705594643950462,0.9979716024340771,0.8164300202839757,0.8107285637567874
2240,0.07324963063001633,0.9979716024340771,0.8250507099391481,0.8141893907751059
2241,0.05310860276222229,0.9979716024340771,0.8240365111561866,0.8157407959902142
2242,0.056805435568094254,0.9989858012170385,0.8326572008113591,0.822602780595501
2243,0.04757750779390335,0.9989858012170385,0.8372210953346856,0.8263022853392207
2244,0.06673090159893036,0.9959432048681541,0.8220081135902637,0.8218270779879467
2245,0.08419395983219147,0.9969574036511156,0.8331643002028397,0.825049227280864
2246,0.06787919998168945,0.9969574036511156,0.8265720081135902,0.8170535234799212
2247,0.07183251529932022,0.9969574036511156,0.8255578093306288,0.811026910913539
2248,0.06346447020769119,0.9959432048681541,0.8245436105476673,0.8115042663643416
2249,0.052120111882686615,0.9959432048681541,0.829107505070994,0.8194999701652843
2250,0.07597775012254715,0.9949290060851927,0.8255578093306288,0.8209917059490424
2251,0.08474180102348328,0.9949290060851927,0.8286004056795132,0.8231398054776538
2252,0.09440116584300995,0.9969574036511156,0.8199797160243407,0.8121009606778448
2253,0.08300814032554626,0.9959432048681541,0.8169371196754563,0.813473357598902
2254,0.07424276322126389,0.986815415821501,0.8220081135902637,0.8221850945760487
2255,0.10350766777992249,0.9949290060851927,0.8372210953346856,0.8260636076138195
2256,0.0728747695684433,0.9939148073022313,0.815922920892495,0.8048809594844561
2257,0.11437133699655533,0.9949290060851927,0.8220081135902637,0.8141297213437556
2258,0.09035685658454895,0.9949290060851927,0.8245436105476673,0.817769556656125
2259,0.07463624328374863,0.9918864097363083,0.8179513184584178,0.8119816218151441
2260,0.085208959877491,0.9908722109533469,0.8154158215010142,0.8098931917178829
2261,0.1153089851140976,0.9959432048681541,0.8052738336713996,0.8024345127990931
2262,0.08218344300985336,0.9959432048681541,0.8057809330628803,0.8030908765439465
2263,0.07230017334222794,0.9959432048681541,0.8067951318458418,0.8015394713288382
2264,0.10333584994077682,0.9969574036511156,0.8184584178498986,0.8087594725222269
2265,0.08904124796390533,0.9979716024340771,0.8240365111561866,0.8131153410108002
2266,0.06700150668621063,0.9979716024340771,0.8311359026369168,0.8168745151858703
2267,0.07168583571910858,0.9979716024340771,0.8331643002028397,0.8170535234799212
2268,0.08007948100566864,0.9989858012170385,0.8301217038539553,0.8228414583209022
2269,0.054362036287784576,0.9989858012170385,0.8275862068965517,0.8229607971836028
2270,0.06217319890856743,1.0,0.8255578093306288,0.8219464168506474
2271,0.06098907068371773,0.9979716024340771,0.8184584178498986,0.8182469121069276
2272,0.04184597730636597,0.9979716024340771,0.8184584178498986,0.8156214571275135
2273,0.06342213600873947,0.9989858012170385,0.813894523326572,0.8141893907751059
2274,0.06839311122894287,0.9989858012170385,0.8133874239350912,0.8098931917178829
2275,0.03896934539079666,1.0,0.8128803245436106,0.8099528611492333
2276,0.07027731090784073,0.9989858012170385,0.8118661257606491,0.8073274061698192
2277,0.06131677329540253,0.9989858012170385,0.8149087221095335,0.8106092248940867
2278,0.06336379051208496,0.9989858012170385,0.8275862068965517,0.8192016230085327
2279,0.06757301837205887,1.0,0.8164300202839757,0.8163374903037174
2280,0.07871992141008377,0.9989858012170385,0.8128803245436106,0.8163374903037174
2281,0.09574931859970093,1.0,0.8280933062880325,0.8186645981263798
2282,0.06011303514242172,1.0,0.8225152129817445,0.8125783161286473
2283,0.07103434205055237,0.9979716024340771,0.8316430020283976,0.8272569962408258
2284,0.08055904507637024,0.9939148073022313,0.8280933062880325,0.8221254251446983
2285,0.0987405851483345,0.9969574036511156,0.795131845841785,0.7959902142132586
2286,0.07573765516281128,0.9989858012170385,0.8103448275862069,0.8084014559341249
2287,0.07022795081138611,0.9969574036511156,0.8194726166328601,0.8176502177934244
2288,0.07572890818119049,0.9959432048681541,0.8194726166328601,0.8227817888895519
2289,0.07136977463960648,0.9989858012170385,0.8164300202839757,0.8203353422041888
2290,0.0511113777756691,0.9989858012170385,0.808316430020284,0.8096545139924817
2291,0.07280155271291733,0.9989858012170385,0.8199797160243407,0.8149650933826601
2292,0.046852629631757736,0.9989858012170385,0.815922920892495,0.8169938540485709
2293,0.06926829367876053,1.0,0.8118661257606491,0.81120591920759
2294,0.05416892096400261,0.9979716024340771,0.8093306288032455,0.8064323646995644
2295,0.06883959472179413,0.9979716024340771,0.8194726166328601,0.8116236052270421
2296,0.05725735425949097,0.9979716024340771,0.8225152129817445,0.8093561668357301
2297,0.06868478655815125,0.9969574036511156,0.8002028397565923,0.7951548421743541
2298,0.08122701197862625,0.9989858012170385,0.8078093306288032,0.8054179843666089
2299,0.06238386407494545,0.9979716024340771,0.8169371196754563,0.8114445969329912
2300,0.05899036303162575,0.9959432048681541,0.8067951318458418,0.8050599677785071
2301,0.08837418258190155,0.9959432048681541,0.8118661257606491,0.8033892237006981
2302,0.09130331128835678,0.9979716024340771,0.8098377281947262,0.808222447640074
2303,0.07225771993398666,1.0,0.8073022312373225,0.8114445969329912
2304,0.0919395461678505,1.0,0.802738336713996,0.8053583149352587
2305,0.08295454829931259,0.9989858012170385,0.802738336713996,0.8021958350736917
2306,0.08626098185777664,0.9949290060851927,0.8073022312373225,0.8075064144638702
2307,0.08041922003030777,0.9969574036511156,0.7966531440162272,0.8014798018974879
2308,0.08599045872688293,0.9959432048681541,0.8073022312373225,0.8109075720508384
2309,0.07166104763746262,0.9949290060851927,0.8144016227180527,0.8174115400680232
2310,0.0833543986082077,0.9979716024340771,0.808316430020284,0.8186645981263798
2311,0.08424170315265656,0.9969574036511156,0.8078093306288032,0.8169938540485709
2312,0.08254759013652802,0.9989858012170385,0.8113590263691683,0.8171131929112716
2313,0.09661023318767548,0.9979716024340771,0.8128803245436106,0.8133540187362014
2314,0.08422476798295975,0.9979716024340771,0.8149087221095335,0.8180082343815264
2315,0.06430336833000183,0.9979716024340771,0.8103448275862069,0.8117429440897428
2316,0.07451662421226501,0.9959432048681541,0.808316430020284,0.8058356703860612
2317,0.11017750948667526,0.9969574036511156,0.8260649087221096,0.8224237723014499
2318,0.06340032070875168,0.9969574036511156,0.8260649087221096,0.8234978220657557
2319,0.08316326141357422,0.9989858012170385,0.8133874239350912,0.8170535234799212
2320,0.0731278732419014,0.9989858012170385,0.8098377281947262,0.8094755056984307
2321,0.080422043800354,0.9989858012170385,0.8067951318458418,0.8044036040336535
2322,0.09691290557384491,0.9959432048681541,0.8255578093306288,0.822244764007399
2323,0.07857565581798553,0.9969574036511156,0.8230223123732252,0.8199176561847366
2324,0.07126443088054657,0.9989858012170385,0.8240365111561866,0.8153827794021123
2325,0.05721406638622284,0.9959432048681541,0.802738336713996,0.8007040992899338
2326,0.07406742870807648,1.0,0.808316430020284,0.8104302166000358
2327,0.06811418384313583,0.9959432048681541,0.8189655172413793,0.8172922012053225
2328,0.061926115304231644,0.9969574036511156,0.8230223123732252,0.8180082343815264
2329,0.07176277041435242,1.0,0.8078093306288032,0.8066113729936154
2330,0.07704247534275055,0.9959432048681541,0.7844827586206896,0.788412196431768
2331,0.10007184743881226,0.9929006085192698,0.7865111561866126,0.7945581478608509
2332,0.07584162801504135,0.9929006085192698,0.8098377281947262,0.8114445969329912
2333,0.05952518433332443,0.9949290060851927,0.8199797160243407,0.8186645981263798
2334,0.06253311783075333,0.9979716024340771,0.8169371196754563,0.8187839369890805
2335,0.07922632247209549,1.0,0.8067951318458418,0.8115042663643416
2336,0.06247945502400398,0.9989858012170385,0.8052738336713996,0.8030312071125962
2337,0.06229545921087265,0.9979716024340771,0.808316430020284,0.812160630109195
2338,0.07956991344690323,0.9979716024340771,0.8164300202839757,0.8172325317739721
2339,0.06468233466148376,0.9929006085192698,0.8199797160243407,0.8165761680291187
2340,0.11871524155139923,0.9979716024340771,0.8230223123732252,0.8230204666149532
2341,0.06586414575576782,0.9979716024340771,0.821501014198783,0.8178292260874754
2342,0.07024627923965454,0.9989858012170385,0.815922920892495,0.8067903812876663
2343,0.058827511966228485,0.9969574036511156,0.808316430020284,0.798675338624023
2344,0.07629193365573883,0.9989858012170385,0.802738336713996,0.8056566620920103
2345,0.07254807651042938,1.0,0.8093306288032455,0.8152037711080613
2346,0.04734986275434494,1.0,0.8189655172413793,0.8197983173220359
2347,0.0800064206123352,1.0,0.8250507099391481,0.8162181514410167
2348,0.05470529571175575,0.9989858012170385,0.8255578093306288,0.8167551763231696
2349,0.06037358567118645,0.9989858012170385,0.8260649087221096,0.8233188137717048
2350,0.0528506264090538,0.9959432048681541,0.8260649087221096,0.8169341846172206
2351,0.08307259529829025,0.9959432048681541,0.8204868154158215,0.8087594725222269
2352,0.07535936683416367,0.9959432048681541,0.8073022312373225,0.8024941822304433
2353,0.08683348447084427,0.9969574036511156,0.8113590263691683,0.8053583149352587
2354,0.07075975835323334,0.9989858012170385,0.8169371196754563,0.8158601348529149
2355,0.06122812628746033,1.0,0.8250507099391481,0.8251088967122143
2356,0.0740441381931305,0.9979716024340771,0.815922920892495,0.8217077391252461
2357,0.06571180373430252,0.9939148073022313,0.8098377281947262,0.8152037711080613
2358,0.0999140590429306,0.9949290060851927,0.8103448275862069,0.8098335222865326
2359,0.08429151028394699,0.9969574036511156,0.8240365111561866,0.8191419535771824
2360,0.09459232538938522,0.9989858012170385,0.829107505070994,0.8251685661435646
2361,0.07364659011363983,1.0,0.8296146044624746,0.8267796407900233
2362,0.05758493393659592,0.9989858012170385,0.8255578093306288,0.8174712094993735
2363,0.07407453656196594,1.0,0.808316430020284,0.8147264156572588
2364,0.055548761039972305,0.9989858012170385,0.808316430020284,0.8142490602064563
2365,0.08371961116790771,0.9989858012170385,0.8164300202839757,0.8224834417328003
2366,0.07792296260595322,1.0,0.8296146044624746,0.8316725341607495
2367,0.07700246572494507,1.0,0.8296146044624746,0.8299421206515902
2368,0.07103408873081207,0.9959432048681541,0.815922920892495,0.8166955068918194
2369,0.06785852462053299,0.9959432048681541,0.8093306288032455,0.8095948445611313
2370,0.07370933890342712,0.9989858012170385,0.8184584178498986,0.817769556656125
2371,0.10033759474754333,0.9979716024340771,0.8225152129817445,0.8239751775165582
2372,0.08395911753177643,0.9979716024340771,0.8098377281947262,0.8163374903037174
2373,0.08993639796972275,0.9979716024340771,0.8179513184584178,0.820932036517692
2374,0.07755538821220398,0.9989858012170385,0.8225152129817445,0.8175308789307237
2375,0.06343206763267517,0.9979716024340771,0.8149087221095335,0.8089981502476281
2376,0.0819091945886612,1.0,0.8209939148073022,0.8106092248940867
2377,0.08969762176275253,0.9989858012170385,0.8230223123732252,0.8180679038128766
2378,0.06226992607116699,1.0,0.8301217038539553,0.8211707142430933
2379,0.05573317036032677,1.0,0.8260649087221096,0.8189629452831314
2380,0.0653911828994751,0.9979716024340771,0.8093306288032455,0.8081031087773733
2381,0.04782068729400635,0.9989858012170385,0.815922920892495,0.8066113729936154
2382,0.06758484244346619,1.0,0.815922920892495,0.8081627782087236
2383,0.07119672745466232,1.0,0.8265720081135902,0.8159198042842651
2384,0.05047305300831795,1.0,0.8265720081135902,0.8177098872247748
2385,0.07333915680646896,1.0,0.8275862068965517,0.820932036517692
2386,0.07988765090703964,0.9989858012170385,0.8255578093306288,0.8247508801241125
2387,0.06639031320810318,1.0,0.8260649087221096,0.825049227280864
2388,0.07293140888214111,0.9989858012170385,0.8184584178498986,0.8192016230085327
2389,0.05667208507657051,0.9989858012170385,0.8204868154158215,0.8201563339101379
2390,0.05804821848869324,0.9989858012170385,0.8123732251521298,0.8130556715794498
2391,0.06654258817434311,0.9989858012170385,0.8154158215010142,0.8075064144638702
2392,0.05775528773665428,0.9989858012170385,0.8164300202839757,0.8074467450325198
2393,0.04459802433848381,0.9989858012170385,0.8093306288032455,0.8090578196789785
2394,0.08222518861293793,0.9989858012170385,0.8118661257606491,0.8128766632853989
2395,0.0932794064283371,0.9949290060851927,0.8169371196754563,0.8168745151858703
2396,0.08077706396579742,0.9918864097363083,0.8133874239350912,0.8062533564055134
2397,0.10991844534873962,1.0,0.8280933062880325,0.8212303836744436
2398,0.06893555074930191,1.0,0.827079107505071,0.8217077391252461
2399,0.12443555146455765,1.0,0.8240365111561866,0.8203950116355391
2400,0.047757990658283234,0.9969574036511156,0.8052738336713996,0.806909720150367
