epoch,loss,train_acc,val_acc,test_acc
1,1.0888360738754272,0.5405679513184585,0.5446247464503042,0.5526582731666567
2,1.0329608917236328,0.5405679513184585,0.5425963488843814,0.5462139745808222
3,0.9857339859008789,0.5578093306288032,0.5456389452332657,0.5546273644012173
4,0.9373420476913452,0.5679513184584178,0.5603448275862069,0.5672772838474849
5,0.9099234938621521,0.5780933062880325,0.5704868154158215,0.5765260457067845
6,0.8942593932151794,0.5851926977687627,0.5831643002028397,0.5859538158601348
7,0.8683132529258728,0.6024340770791075,0.5993914807302231,0.6059430753624918
8,0.8142833709716797,0.6227180527383367,0.6110547667342799,0.6242615907870398
9,0.8416903614997864,0.6267748478701826,0.6049695740365112,0.617399606181753
10,0.7470118999481201,0.6227180527383367,0.6044624746450304,0.6161465481233964
11,0.7482449412345886,0.6683569979716024,0.6673427991886409,0.6696700280446327
12,0.6919388771057129,0.6764705882352942,0.6739350912778904,0.6792768064920341
13,0.6514507532119751,0.6713995943204868,0.670892494929006,0.6758159794737156
14,0.6187783479690552,0.6805273833671399,0.6759634888438134,0.6774270541201742
15,0.5898458361625671,0.7829614604462475,0.7565922920892495,0.7598902082463154
16,0.565701425075531,0.7961460446247465,0.7626774847870182,0.7708693836147742
17,0.5323666334152222,0.8032454361054767,0.7743407707910751,0.7799391371800227
18,0.5076217651367188,0.8144016227180527,0.7849898580121704,0.7882928575690674
19,0.4829965829849243,0.8225152129817445,0.7885395537525355,0.7897845933528254
20,0.46306511759757996,0.8286004056795132,0.787525354969574,0.7862640969031565
21,0.4343787133693695,0.847870182555781,0.7870182555780934,0.7886508741571693
22,0.44403961300849915,0.8600405679513184,0.7920892494929006,0.7980189748791694
23,0.40987658500671387,0.8549695740365112,0.7870182555780934,0.7841159973745451
24,0.42383015155792236,0.8681541582150102,0.8103448275862069,0.8094158362670804
25,0.3661670982837677,0.8722109533468559,0.808316430020284,0.8033295542693478
26,0.38987964391708374,0.8864097363083164,0.8113590263691683,0.8066710424249657
27,0.3553965389728546,0.8894523326572008,0.8088235294117647,0.8039859180142013
28,0.3395368456840515,0.8681541582150102,0.7966531440162272,0.8055373232293096
29,0.3430986702442169,0.9006085192697769,0.8052738336713996,0.8076257533265708
30,0.30319491028785706,0.896551724137931,0.7910750507099391,0.7913359985679337
31,0.30947479605674744,0.9036511156186613,0.815922920892495,0.8051196372098574
32,0.28311997652053833,0.8955375253549696,0.8144016227180527,0.8063726952682141
33,0.28521403670310974,0.90973630831643,0.8057809330628803,0.7960498836446088
34,0.28428274393081665,0.9127789046653144,0.8108519269776876,0.8024345127990931
35,0.2624336779117584,0.9117647058823529,0.8113590263691683,0.8044632734650039
36,0.28625229001045227,0.922920892494929,0.8113590263691683,0.8047019511904051
37,0.24558092653751373,0.9219066937119675,0.8022312373225152,0.7939017841159973
38,0.26114657521247864,0.9219066937119675,0.8103448275862069,0.8018974879169402
39,0.2660723924636841,0.936105476673428,0.8057809330628803,0.7964079002327108
40,0.22293837368488312,0.9350912778904665,0.7920892494929006,0.7789844262784176
41,0.23526965081691742,0.947261663286004,0.8123732251521298,0.7993317023688764
42,0.20827381312847137,0.9391480730223124,0.8088235294117647,0.8046422817590548
43,0.2247786521911621,0.9421906693711968,0.8022312373225152,0.8021958350736917
44,0.1910361647605896,0.9513184584178499,0.789553752535497,0.790082940509577
45,0.21597829461097717,0.9594320486815415,0.7946247464503042,0.7925890566262903
46,0.16545507311820984,0.9553752535496958,0.795131845841785,0.7934840980965452
47,0.18057216703891754,0.962474645030426,0.7946247464503042,0.7876364938242139
48,0.173826664686203,0.9685598377281948,0.7976673427991886,0.7891878990393222
49,0.1453203558921814,0.9533468559837728,0.787525354969574,0.7896652544901247
50,0.19246932864189148,0.9665314401622718,0.7961460446247465,0.7972432722716153
51,0.15987521409988403,0.9766734279918864,0.7976673427991886,0.7954531893311056
52,0.18349164724349976,0.9776876267748479,0.7961460446247465,0.8014798018974879
53,0.15180370211601257,0.9756592292089249,0.7976673427991886,0.8033892237006981
54,0.13279706239700317,0.9827586206896551,0.7900608519269777,0.7962288919386599
55,0.14918093383312225,0.9807302231237323,0.800709939148073,0.7998090578196789
56,0.1520196944475174,0.9847870182555781,0.800709939148073,0.7987350080553732
57,0.13795997202396393,0.9797160243407708,0.8042596348884381,0.7999283966823796
58,0.13569916784763336,0.9756592292089249,0.8113590263691683,0.8061340175428128
59,0.12357109040021896,0.9776876267748479,0.8118661257606491,0.8081627782087236
60,0.14820009469985962,0.9837728194726166,0.8067951318458418,0.8063726952682141
61,0.1256072223186493,0.9888438133874239,0.8093306288032455,0.8041649263082523
62,0.12883730232715607,0.986815415821501,0.8204868154158215,0.8081031087773733
63,0.1097332090139389,0.986815415821501,0.8179513184584178,0.8090578196789785
64,0.09750055521726608,0.9858012170385395,0.8123732251521298,0.8006444298585834
65,0.12700209021568298,0.9908722109533469,0.8174442190669371,0.8072080673071186
66,0.09648372232913971,0.9888438133874239,0.8204868154158215,0.8123993078345964
67,0.10563471168279648,0.9929006085192698,0.8174442190669371,0.812160630109195
68,0.08981816470623016,0.9949290060851927,0.8144016227180527,0.8114445969329912
69,0.09888696670532227,0.9908722109533469,0.808316430020284,0.8021958350736917
70,0.1087198331952095,0.9878296146044625,0.8118661257606491,0.8114445969329912
71,0.09291008859872818,0.9827586206896551,0.815922920892495,0.8101915388746346
72,0.12902578711509705,0.9918864097363083,0.8118661257606491,0.8106092248940867
73,0.10451854765415192,0.9878296146044625,0.8062880324543611,0.8038665791515007
74,0.1288994550704956,0.9908722109533469,0.8133874239350912,0.8140700519124052
75,0.0950862392783165,0.9878296146044625,0.8154158215010142,0.811026910913539
76,0.1520538032054901,0.9888438133874239,0.8118661257606491,0.7952741810370547
77,0.14669360220432281,0.9929006085192698,0.8062880324543611,0.8043439346023032
78,0.115500308573246,0.9929006085192698,0.808316430020284,0.8076257533265708
79,0.11866429448127747,0.9898580121703854,0.7976673427991886,0.7947371561549018
80,0.10291100293397903,0.9898580121703854,0.7966531440162272,0.795333850468405
81,0.1542574018239975,0.9908722109533469,0.8067951318458418,0.8115042663643416
82,0.08460468053817749,0.9898580121703854,0.8078093306288032,0.8106092248940867
83,0.10849140584468842,0.9908722109533469,0.7966531440162272,0.7962288919386599
84,0.12787114083766937,0.9888438133874239,0.8052738336713996,0.8057760009547109
85,0.11106657236814499,0.986815415821501,0.8032454361054767,0.8066113729936154
86,0.1265506148338318,0.9918864097363083,0.8057809330628803,0.7987350080553732
87,0.10085445642471313,0.9949290060851927,0.8002028397565923,0.7976609582910675
88,0.08226083964109421,0.9939148073022313,0.8062880324543611,0.8050002983471568
89,0.10996873676776886,0.9929006085192698,0.8037525354969574,0.806551703562265
90,0.09192653000354767,0.9929006085192698,0.8042596348884381,0.8073274061698192
91,0.12546412646770477,0.9949290060851927,0.808316430020284,0.8111462497762396
92,0.09050364792346954,0.9949290060851927,0.8078093306288032,0.8106688943254371
93,0.10759606957435608,0.9969574036511156,0.8073022312373225,0.8093561668357301
94,0.10133057087659836,0.9949290060851927,0.8047667342799188,0.8100722000119339
95,0.09387697279453278,0.9908722109533469,0.802738336713996,0.8098931917178829
96,0.10199692100286484,0.9908722109533469,0.802738336713996,0.813831374187004
97,0.1156778335571289,0.986815415821501,0.7971602434077079,0.8021958350736917
98,0.13550801575183868,0.9969574036511156,0.8002028397565923,0.8106688943254371
99,0.09314114600419998,0.9969574036511156,0.7996957403651116,0.8094755056984307
100,0.12647885084152222,0.9969574036511156,0.8047667342799188,0.8088788113849275
101,0.11835767328739166,0.9959432048681541,0.8073022312373225,0.8148457545199594
102,0.09012521803379059,0.9949290060851927,0.8123732251521298,0.8134136881675518
103,0.10015001147985458,0.9939148073022313,0.8113590263691683,0.8104302166000358
104,0.10286705195903778,0.9959432048681541,0.813894523326572,0.8122799689718957
105,0.12180347740650177,0.9959432048681541,0.8164300202839757,0.8167551763231696
106,0.09074362367391586,0.9949290060851927,0.8296146044624746,0.8236171609284564
107,0.0991140827536583,0.9929006085192698,0.829107505070994,0.8262426159078704
108,0.0786890983581543,0.9949290060851927,0.8275862068965517,0.8252879050062653
109,0.08454521745443344,0.9979716024340771,0.8301217038539553,0.8238558386538576
110,0.08676261454820633,0.9969574036511156,0.8245436105476673,0.8212303836744436
111,0.10081645846366882,0.9959432048681541,0.8230223123732252,0.8214093919684945
112,0.0834818109869957,0.9969574036511156,0.821501014198783,0.8208723670863417
113,0.11626343429088593,0.9949290060851927,0.8184584178498986,0.8225431111641506
114,0.08517009019851685,0.9979716024340771,0.821501014198783,0.8242138552419596
115,0.09718883037567139,0.9989858012170385,0.8189655172413793,0.825049227280864
116,0.09726867079734802,0.9989858012170385,0.8144016227180527,0.8186645981263798
117,0.09578976780176163,0.9949290060851927,0.8057809330628803,0.8094755056984307
118,0.13493198156356812,0.9888438133874239,0.8184584178498986,0.8264812936332717
119,0.12210988253355026,0.9929006085192698,0.8199797160243407,0.8249298884181634
120,0.0966578796505928,0.9939148073022313,0.8209939148073022,0.812339638403246
121,0.10489976406097412,0.9949290060851927,0.8189655172413793,0.8122202995405454
122,0.08738020062446594,0.9979716024340771,0.8265720081135902,0.8201563339101379
123,0.06679901480674744,0.9979716024340771,0.8184584178498986,0.8197983173220359
124,0.09576013684272766,0.9979716024340771,0.8174442190669371,0.8146667462259085
125,0.07456731796264648,0.9979716024340771,0.8174442190669371,0.816635837460469
126,0.05704137310385704,0.9979716024340771,0.8209939148073022,0.8183662509696282
127,0.09330586344003677,0.9989858012170385,0.827079107505071,0.8197983173220359
128,0.0774940624833107,0.9989858012170385,0.827079107505071,0.8192016230085327
129,0.06498314440250397,0.9939148073022313,0.8189655172413793,0.8185452592636793
130,0.06955060362815857,0.9939148073022313,0.8164300202839757,0.8173518706366728
131,0.07925080507993698,0.9969574036511156,0.8128803245436106,0.8199176561847366
132,0.09679392725229263,0.9949290060851927,0.813894523326572,0.8178888955188257
133,0.09371042251586914,0.9939148073022313,0.8204868154158215,0.816635837460469
134,0.10436707735061646,0.9969574036511156,0.8169371196754563,0.8227221194582016
135,0.11098445951938629,0.9979716024340771,0.8179513184584178,0.8228414583209022
136,0.09817472845315933,0.9969574036511156,0.8164300202839757,0.8210513753803926
137,0.1114780604839325,0.9969574036511156,0.8174442190669371,0.8217077391252461
138,0.08432938158512115,0.9959432048681541,0.8184584178498986,0.8295841040634883
139,0.08772893249988556,0.9969574036511156,0.821501014198783,0.8277343516916283
140,0.10839296132326126,0.9959432048681541,0.8194726166328601,0.8192016230085327
141,0.09346003830432892,0.9908722109533469,0.8017241379310345,0.8007637687212841
142,0.12569600343704224,0.9949290060851927,0.8169371196754563,0.8239751775165582
143,0.10895802825689316,0.9949290060851927,0.8164300202839757,0.8257055910257175
144,0.08660456538200378,0.9959432048681541,0.8184584178498986,0.8204546810668895
145,0.08229640871286392,0.9959432048681541,0.808316430020284,0.8095948445611313
146,0.10071611404418945,0.9969574036511156,0.8088235294117647,0.8135330270302524
147,0.09150410443544388,0.9969574036511156,0.8144016227180527,0.8190226147144818
148,0.10640557110309601,0.9979716024340771,0.815922920892495,0.818127573244227
149,0.11120562255382538,0.9939148073022313,0.8169371196754563,0.8144877379318575
150,0.10376611351966858,0.9949290060851927,0.8118661257606491,0.8127573244226982
151,0.08257533609867096,0.9959432048681541,0.8184584178498986,0.8193209618712334
152,0.09513643383979797,0.9959432048681541,0.8194726166328601,0.8185452592636793
153,0.09151799231767654,0.9959432048681541,0.815922920892495,0.818127573244227
154,0.07766680419445038,0.9939148073022313,0.8189655172413793,0.8195596395966347
155,0.08585962653160095,0.9949290060851927,0.8204868154158215,0.8221254251446983
156,0.08146937191486359,0.9979716024340771,0.8204868154158215,0.821290053105794
157,0.08905413001775742,0.9989858012170385,0.8199797160243407,0.8236768303598067
158,0.1004042997956276,1.0,0.8149087221095335,0.8193806313025837
159,0.0686567947268486,1.0,0.8230223123732252,0.8225431111641506
160,0.08385951817035675,1.0,0.8235294117647058,0.8224237723014499
161,0.08293957263231277,1.0,0.8189655172413793,0.8202756727728385
162,0.06248319894075394,0.9989858012170385,0.8123732251521298,0.8124589772659466
163,0.07355042546987534,0.9989858012170385,0.8194726166328601,0.8131750104421505
164,0.08135414868593216,0.9939148073022313,0.8123732251521298,0.8067307118563161
165,0.0900513082742691,0.9969574036511156,0.8260649087221096,0.8258249298884182
166,0.10471493750810623,0.9898580121703854,0.8245436105476673,0.8258249298884182
167,0.12098508328199387,0.9949290060851927,0.8265720081135902,0.825049227280864
168,0.11088099330663681,0.9959432048681541,0.8149087221095335,0.8135330270302524
169,0.09897387772798538,0.9959432048681541,0.8280933062880325,0.818127573244227
170,0.10677354782819748,0.9959432048681541,0.8311359026369168,0.8195596395966347
171,0.08916731178760529,0.9979716024340771,0.8362068965517241,0.8236768303598067
172,0.07581977546215057,0.9979716024340771,0.8367139959432048,0.8273763351035265
173,0.09909480065107346,1.0,0.8250507099391481,0.823557491497106
174,0.07118336856365204,0.9989858012170385,0.8240365111561866,0.8181872426755773
175,0.07743538916110992,0.9989858012170385,0.8220081135902637,0.8142490602064563
176,0.10983774811029434,0.9979716024340771,0.8240365111561866,0.8187242675577302
177,0.07510904222726822,0.9979716024340771,0.8204868154158215,0.8180082343815264
178,0.0760999247431755,0.9979716024340771,0.8194726166328601,0.8205740199295901
179,0.07505892962217331,0.9939148073022313,0.8184584178498986,0.8190822841458321
180,0.09044796228408813,0.9979716024340771,0.8199797160243407,0.8181872426755773
181,0.08707035332918167,0.9989858012170385,0.8260649087221096,0.8231398054776538
182,0.08757352083921432,0.9969574036511156,0.8311359026369168,0.8211110448117429
183,0.09679770469665527,0.9969574036511156,0.8265720081135902,0.8195596395966347
184,0.09611348807811737,0.9969574036511156,0.827079107505071,0.8243928635360105
185,0.08000421524047852,0.9959432048681541,0.8316430020283976,0.8270779879467749
186,0.08334285765886307,0.9979716024340771,0.827079107505071,0.825049227280864
187,0.06733117997646332,0.9979716024340771,0.8220081135902637,0.8198579867533863
188,0.083440862596035,0.9979716024340771,0.8204868154158215,0.8214690613998449
189,0.08924943208694458,0.9959432048681541,0.808316430020284,0.8159794737156155
190,0.10354918241500854,0.9969574036511156,0.8057809330628803,0.7976012888597172
191,0.10081654042005539,0.9969574036511156,0.8012170385395537,0.8089384808162778
192,0.08436188101768494,0.9979716024340771,0.8113590263691683,0.8127573244226982
193,0.0750516802072525,0.9969574036511156,0.8174442190669371,0.8153827794021123
194,0.06815099716186523,0.9969574036511156,0.815922920892495,0.8109075720508384
195,0.08684717863798141,0.9979716024340771,0.808316430020284,0.8092964974043797
196,0.07786758989095688,0.9989858012170385,0.8057809330628803,0.8123993078345964
197,0.10277263075113297,0.9989858012170385,0.8098377281947262,0.8174115400680232
198,0.09632750600576401,0.9979716024340771,0.8154158215010142,0.8189629452831314
199,0.0738118439912796,0.9969574036511156,0.8189655172413793,0.8128169938540486
200,0.10353345423936844,0.9989858012170385,0.8240365111561866,0.8258249298884182
201,0.0686207041144371,0.9979716024340771,0.8179513184584178,0.8221254251446983
202,0.11392787843942642,0.9989858012170385,0.8194726166328601,0.817769556656125
203,0.06667330861091614,0.9969574036511156,0.8098377281947262,0.813831374187004
204,0.09495220333337784,0.9969574036511156,0.8189655172413793,0.8199773256160868
205,0.08604950457811356,0.9939148073022313,0.8225152129817445,0.8191419535771824
206,0.08769571036100388,0.9929006085192698,0.8098377281947262,0.8083417865027747
207,0.10980343818664551,0.9949290060851927,0.8164300202839757,0.810847902619488
208,0.09913921356201172,0.9929006085192698,0.8133874239350912,0.8199176561847366
209,0.10736701637506485,0.9929006085192698,0.8078093306288032,0.815323109970762
210,0.0985078364610672,0.9959432048681541,0.8032454361054767,0.8146667462259085
211,0.1077861413359642,0.9959432048681541,0.8073022312373225,0.8172922012053225
212,0.10720199346542358,0.9939148073022313,0.8154158215010142,0.8243928635360105
213,0.11174276471138,0.9969574036511156,0.8144016227180527,0.822602780595501
214,0.08589579164981842,0.9949290060851927,0.802738336713996,0.8106092248940867
215,0.11147792637348175,0.9979716024340771,0.8179513184584178,0.8137120353243034
216,0.08238214999437332,0.9969574036511156,0.8209939148073022,0.8178888955188257
217,0.10143385082483292,0.9989858012170385,0.8204868154158215,0.8189032758517811
218,0.09144791960716248,0.9979716024340771,0.8204868154158215,0.8184855898323289
219,0.08737297356128693,1.0,0.8220081135902637,0.8178888955188257
220,0.07651188969612122,0.9989858012170385,0.8149087221095335,0.8161584820096665
221,0.07219728827476501,0.9989858012170385,0.8220081135902637,0.820932036517692
222,0.07310336083173752,0.9979716024340771,0.8250507099391481,0.8218867474192971
223,0.09274139255285263,1.0,0.821501014198783,0.8165164985977683
224,0.06422043591737747,0.9969574036511156,0.8225152129817445,0.8144280685005072
225,0.06305895745754242,1.0,0.8265720081135902,0.8183662509696282
226,0.08016921579837799,0.9989858012170385,0.8255578093306288,0.8211707142430933
227,0.07144384831190109,0.9979716024340771,0.8164300202839757,0.8214690613998449
228,0.09183369576931,0.9959432048681541,0.8204868154158215,0.8221254251446983
229,0.07360329478979111,0.9959432048681541,0.829107505070994,0.8263619547705711
230,0.09805843234062195,0.9979716024340771,0.8351926977687627,0.8242735246733098
231,0.10901874303817749,0.9969574036511156,0.8275862068965517,0.8200369950474372
232,0.0970333144068718,0.9989858012170385,0.8184584178498986,0.8126379855599977
233,0.08405673503875732,0.9959432048681541,0.827079107505071,0.8203950116355391
234,0.09499561786651611,0.9939148073022313,0.8301217038539553,0.8274360045348768
235,0.08988002687692642,0.9939148073022313,0.8260649087221096,0.8309565009845457
236,0.07281330227851868,0.9979716024340771,0.8220081135902637,0.8211110448117429
237,0.08254364132881165,0.9939148073022313,0.8047667342799188,0.8050599677785071
238,0.16625984013080597,0.9959432048681541,0.8220081135902637,0.8237961692225073
239,0.08658614009618759,0.9878296146044625,0.8169371196754563,0.8240348469479086
240,0.11206300556659698,0.9817444219066938,0.7986815415821501,0.8018378184855899
241,0.15000082552433014,0.9959432048681541,0.8123732251521298,0.8175905483620741
242,0.1095188781619072,0.9979716024340771,0.8118661257606491,0.818127573244227
243,0.11728121340274811,0.9989858012170385,0.8108519269776876,0.8158601348529149
244,0.09152845293283463,0.9989858012170385,0.8144016227180527,0.8126379855599977
245,0.1004527360200882,0.9969574036511156,0.8093306288032455,0.8120412912464944
246,0.09186922013759613,0.9969574036511156,0.8057809330628803,0.8106092248940867
247,0.08799311518669128,0.9969574036511156,0.7991886409736308,0.8076257533265708
248,0.08917917311191559,0.9989858012170385,0.8057809330628803,0.8157407959902142
249,0.06388788670301437,0.9959432048681541,0.8184584178498986,0.8224237723014499
250,0.11991222947835922,0.9949290060851927,0.815922920892495,0.8201563339101379
251,0.0970340296626091,0.9969574036511156,0.8108519269776876,0.8162181514410167
252,0.08542583882808685,0.9979716024340771,0.8093306288032455,0.8175905483620741
253,0.09356079995632172,0.9969574036511156,0.8103448275862069,0.815144101676711
254,0.09918338805437088,0.9959432048681541,0.8164300202839757,0.8199176561847366
255,0.1017533391714096,0.9929006085192698,0.8179513184584178,0.8209917059490424
256,0.10637665539979935,0.9969574036511156,0.8199797160243407,0.8208126976549913
257,0.10454598814249039,0.9959432048681541,0.8154158215010142,0.8174712094993735
258,0.09485550224781036,0.9979716024340771,0.8108519269776876,0.8162181514410167
259,0.08517713099718094,0.9969574036511156,0.8169371196754563,0.8202160033414881
260,0.08576285094022751,0.9959432048681541,0.8164300202839757,0.8214690613998449
261,0.09295190125703812,0.9969574036511156,0.8184584178498986,0.8195596395966347
262,0.07647743076086044,0.9969574036511156,0.8184584178498986,0.8171131929112716
263,0.09144363552331924,0.9939148073022313,0.8174442190669371,0.8165164985977683
264,0.0989542081952095,0.9959432048681541,0.8164300202839757,0.8214690613998449
265,0.07558352500200272,0.9959432048681541,0.8194726166328601,0.8227221194582016
266,0.08377507328987122,1.0,0.8225152129817445,0.8203950116355391
267,0.0677044466137886,0.9989858012170385,0.8265720081135902,0.8169341846172206
268,0.08243700116872787,0.9959432048681541,0.8199797160243407,0.8185452592636793
269,0.10413230955600739,0.9959432048681541,0.8184584178498986,0.8142490602064563
270,0.09912336617708206,0.9918864097363083,0.8154158215010142,0.8080434393460231
271,0.10580283403396606,0.9939148073022313,0.8209939148073022,0.8138910436183543
272,0.10549280047416687,0.9949290060851927,0.8235294117647058,0.8245718718300614
273,0.10029427707195282,0.9979716024340771,0.8275862068965517,0.8226624500268512
274,0.08716380596160889,0.9969574036511156,0.8265720081135902,0.820753028223641
275,0.07511822879314423,0.9969574036511156,0.827079107505071,0.8204546810668895
276,0.08288959413766861,0.9929006085192698,0.8296146044624746,0.8218867474192971
277,0.10191012918949127,0.9969574036511156,0.8255578093306288,0.815144101676711
278,0.08581400662660599,0.9989858012170385,0.8133874239350912,0.8058953398174116
279,0.10642728209495544,0.9989858012170385,0.815922920892495,0.8107882331881378
280,0.0682154968380928,0.9979716024340771,0.8103448275862069,0.8133540187362014
281,0.09397459775209427,0.9979716024340771,0.8088235294117647,0.8128169938540486
282,0.08138437569141388,0.9969574036511156,0.8088235294117647,0.8067903812876663
283,0.07385686784982681,0.9969574036511156,0.8184584178498986,0.8186049286950295
284,0.0650881752371788,0.9989858012170385,0.8199797160243407,0.8197386478906856
285,0.07493068277835846,0.9979716024340771,0.8225152129817445,0.8159198042842651
286,0.08545541018247604,0.9989858012170385,0.8113590263691683,0.8071483978757682
287,0.08150726556777954,0.9979716024340771,0.8037525354969574,0.8097738528551823
288,0.08148997277021408,0.9989858012170385,0.8103448275862069,0.8167551763231696
289,0.06218516081571579,0.9959432048681541,0.8194726166328601,0.8202160033414881
290,0.10015873610973358,0.9969574036511156,0.8230223123732252,0.8234978220657557
291,0.07653406262397766,0.9989858012170385,0.8154158215010142,0.815144101676711
292,0.09374837577342987,0.9959432048681541,0.8144016227180527,0.8135330270302524
293,0.08680706471204758,0.9969574036511156,0.8199797160243407,0.8174712094993735
294,0.1245448887348175,0.9949290060851927,0.8260649087221096,0.8206336893609404
295,0.09154660254716873,0.9949290060851927,0.8296146044624746,0.8169341846172206
296,0.10438043624162674,0.9929006085192698,0.8321501014198783,0.8215884002625455
297,0.09593101590871811,0.9908722109533469,0.827079107505071,0.8226624500268512
298,0.11836350709199905,0.9837728194726166,0.8240365111561866,0.8220657557133481
299,0.10320618003606796,0.9908722109533469,0.8179513184584178,0.8143087296378065
300,0.13350991904735565,0.9979716024340771,0.8169371196754563,0.8076854227579211
301,0.11788476258516312,0.9949290060851927,0.8209939148073022,0.8212303836744436
302,0.10488706082105637,0.9918864097363083,0.8245436105476673,0.8231994749090041
303,0.11376897245645523,0.9949290060851927,0.821501014198783,0.8175308789307237
304,0.08613855391740799,0.9929006085192698,0.8052738336713996,0.8066710424249657
305,0.14371898770332336,0.9959432048681541,0.8149087221095335,0.8152634405394117
306,0.11029937863349915,0.9969574036511156,0.8154158215010142,0.8193806313025837
307,0.08687932789325714,0.9959432048681541,0.8123732251521298,0.8163971597350678
308,0.08165536820888519,0.9989858012170385,0.8103448275862069,0.8144877379318575
309,0.08733317255973816,1.0,0.8179513184584178,0.8171728623426219
310,0.08513633906841278,1.0,0.8113590263691683,0.8160391431469658
311,0.06215496361255646,0.9959432048681541,0.8118661257606491,0.8120412912464944
312,0.09384724497795105,0.9959432048681541,0.8123732251521298,0.815144101676711
313,0.06893064826726913,1.0,0.8144016227180527,0.814010382481055
314,0.07855638116598129,0.9989858012170385,0.8174442190669371,0.8153827794021123
315,0.0849962830543518,0.9989858012170385,0.8154158215010142,0.8157407959902142
316,0.06024511903524399,0.9969574036511156,0.8184584178498986,0.8197386478906856
317,0.08998876810073853,0.9979716024340771,0.821501014198783,0.8214093919684945
318,0.08304499834775925,0.9959432048681541,0.8260649087221096,0.821290053105794
319,0.09080862998962402,0.9959432048681541,0.8174442190669371,0.816456829166418
320,0.07829487323760986,0.9929006085192698,0.8093306288032455,0.8071483978757682
321,0.11669431626796722,0.9939148073022313,0.8032454361054767,0.8048212900531058
322,0.11820118874311447,0.9929006085192698,0.8209939148073022,0.8201563339101379
323,0.1028846725821495,0.9949290060851927,0.8164300202839757,0.8181872426755773
324,0.10609849542379379,0.9949290060851927,0.808316430020284,0.8023748433677427
325,0.11912383139133453,0.9979716024340771,0.8149087221095335,0.8158601348529149
326,0.0828978568315506,0.9979716024340771,0.8133874239350912,0.815323109970762
327,0.09069475531578064,0.9949290060851927,0.8179513184584178,0.8162181514410167
328,0.1378767192363739,0.9969574036511156,0.8144016227180527,0.8185452592636793
329,0.09304139763116837,0.9979716024340771,0.8103448275862069,0.8162778208723671
330,0.086453378200531,0.9979716024340771,0.8108519269776876,0.8180679038128766
331,0.07242836803197861,0.9969574036511156,0.813894523326572,0.8178292260874754
332,0.1062009334564209,0.9949290060851927,0.8103448275862069,0.8191419535771824
333,0.11637862771749496,0.9949290060851927,0.8118661257606491,0.8198579867533863
334,0.08556731045246124,0.9959432048681541,0.8118661257606491,0.81681484575452
335,0.09691435843706131,0.9969574036511156,0.8154158215010142,0.8155617876961633
336,0.0836259052157402,0.9969574036511156,0.8149087221095335,0.8221254251446983
337,0.07244263589382172,0.9969574036511156,0.8174442190669371,0.8237961692225073
338,0.09693170338869095,0.9989858012170385,0.8149087221095335,0.819619309027985
339,0.05845649167895317,0.9979716024340771,0.8128803245436106,0.8099528611492333
340,0.08990730345249176,0.9989858012170385,0.8194726166328601,0.8227817888895519
341,0.07041844725608826,0.9949290060851927,0.8189655172413793,0.8289277403186348
342,0.09401419758796692,0.9979716024340771,0.8220081135902637,0.8274956739662271
343,0.07933928072452545,1.0,0.8204868154158215,0.8257055910257175
344,0.07251131534576416,1.0,0.8149087221095335,0.8242138552419596
345,0.07224279642105103,0.9979716024340771,0.8118661257606491,0.8209917059490424
346,0.09397546947002411,0.9979716024340771,0.8189655172413793,0.8276746822602781
347,0.06924591213464737,0.9969574036511156,0.8240365111561866,0.8286890625932335
348,0.0617113821208477,0.9979716024340771,0.8220081135902637,0.8286293931618832
349,0.06108992546796799,0.9989858012170385,0.8209939148073022,0.8290470791813354
350,0.07307613641023636,0.9979716024340771,0.8235294117647058,0.8271973268094756
351,0.08854087442159653,0.9918864097363083,0.8209939148073022,0.8199773256160868
352,0.1105496734380722,0.9969574036511156,0.821501014198783,0.8219464168506474
353,0.07918867468833923,0.9959432048681541,0.8245436105476673,0.8225431111641506
354,0.10234446078538895,0.9979716024340771,0.8230223123732252,0.8229011277522525
355,0.09321030974388123,0.9969574036511156,0.8255578093306288,0.8256459215943672
356,0.07399211078882217,0.9979716024340771,0.8189655172413793,0.8177098872247748
357,0.08026772737503052,0.9959432048681541,0.8225152129817445,0.8150247628140104
358,0.08523812890052795,0.9959432048681541,0.8199797160243407,0.8199176561847366
359,0.09711124002933502,0.9979716024340771,0.8164300202839757,0.8197386478906856
360,0.09579949080944061,1.0,0.8144016227180527,0.8136523658929531
361,0.11734218150377274,0.9959432048681541,0.8230223123732252,0.8276746822602781
362,0.10367483645677567,1.0,0.8194726166328601,0.8270779879467749
363,0.08860465884208679,1.0,0.8174442190669371,0.8219464168506474
364,0.09543503820896149,0.9989858012170385,0.8194726166328601,0.8194999701652843
365,0.09330471605062485,0.9979716024340771,0.8286004056795132,0.8267199713586729
366,0.06719564646482468,0.9969574036511156,0.8245436105476673,0.8279730294170297
367,0.09412006288766861,0.9979716024340771,0.8306288032454361,0.8276746822602781
368,0.07626762241125107,1.0,0.8184584178498986,0.8171131929112716
369,0.07214333862066269,1.0,0.8199797160243407,0.823915508085208
370,0.09020748734474182,0.9979716024340771,0.8225152129817445,0.83179187302345
371,0.1007477417588234,0.9979716024340771,0.8164300202839757,0.8309565009845457
372,0.07581356167793274,0.9989858012170385,0.8108519269776876,0.8263022853392207
373,0.08040852844715118,0.9989858012170385,0.8118661257606491,0.8206336893609404
374,0.07324230670928955,0.9989858012170385,0.815922920892495,0.8200966644787875
375,0.06913578510284424,0.9989858012170385,0.8189655172413793,0.8212303836744436
376,0.06337515264749527,0.9989858012170385,0.8220081135902637,0.8218270779879467
377,0.08323738723993301,0.9979716024340771,0.8225152129817445,0.8229607971836028
378,0.078698068857193,0.9959432048681541,0.8209939148073022,0.8230801360463035
379,0.08866816759109497,0.9969574036511156,0.8164300202839757,0.8223641028700996
380,0.06481229513883591,0.9949290060851927,0.8103448275862069,0.819440300733934
381,0.07870913296937943,0.9979716024340771,0.8184584178498986,0.8199773256160868
382,0.09723278135061264,0.9979716024340771,0.8240365111561866,0.8234381526344053
383,0.11561824381351471,0.9989858012170385,0.8220081135902637,0.8240348469479086
384,0.05483849346637726,0.9989858012170385,0.8078093306288032,0.8129960021480995
385,0.07981477677822113,0.9989858012170385,0.8133874239350912,0.8201563339101379
386,0.08044075965881348,0.9989858012170385,0.8078093306288032,0.8188436064204309
387,0.07703997939825058,0.9989858012170385,0.8164300202839757,0.8198579867533863
388,0.0839683786034584,0.9979716024340771,0.8179513184584178,0.8217674085565965
389,0.07892266660928726,0.9979716024340771,0.8194726166328601,0.8214690613998449
390,0.06973567605018616,0.9989858012170385,0.808316430020284,0.8145474073632079
391,0.10663412511348724,0.9979716024340771,0.8149087221095335,0.816635837460469
392,0.08179540932178497,0.9989858012170385,0.8265720081135902,0.8229607971836028
393,0.0691881999373436,0.9979716024340771,0.8235294117647058,0.8260636076138195
394,0.07964569330215454,0.9979716024340771,0.8220081135902637,0.819440300733934
395,0.11386582255363464,0.9959432048681541,0.8311359026369168,0.8184855898323289
396,0.06118139252066612,0.9939148073022313,0.8260649087221096,0.8162181514410167
397,0.09105774760246277,0.9929006085192698,0.8184584178498986,0.8186049286950295
398,0.07947279512882233,0.9959432048681541,0.815922920892495,0.8174115400680232
399,0.07943277806043625,0.9939148073022313,0.813894523326572,0.8192016230085327
400,0.07780718058347702,0.9949290060851927,0.8194726166328601,0.8249895578495137
401,0.07464319467544556,0.9959432048681541,0.8225152129817445,0.8263619547705711
402,0.11506372690200806,0.9979716024340771,0.8204868154158215,0.8246315412614118
403,0.09493529796600342,0.9989858012170385,0.821501014198783,0.8240945163792589
404,0.06822918355464935,1.0,0.815922920892495,0.823915508085208
405,0.08690744638442993,0.9989858012170385,0.8128803245436106,0.817948564950176
406,0.07327196002006531,0.9989858012170385,0.8047667342799188,0.8155021182648129
407,0.09535238891839981,0.9979716024340771,0.8235294117647058,0.8230204666149532
408,0.07812004536390305,0.9989858012170385,0.8260649087221096,0.8234381526344053
409,0.07768984884023666,0.9989858012170385,0.8179513184584178,0.8153827794021123
410,0.09012003242969513,0.9969574036511156,0.8128803245436106,0.8068500507190166
411,0.08397293835878372,0.9979716024340771,0.8149087221095335,0.8141297213437556
412,0.07990870624780655,0.9979716024340771,0.8164300202839757,0.817948564950176
413,0.07743332535028458,0.9989858012170385,0.8149087221095335,0.8139507130497047
414,0.08272268623113632,0.9979716024340771,0.8149087221095335,0.8142490602064563
415,0.11424688994884491,0.9989858012170385,0.821501014198783,0.8159198042842651
416,0.11795717477798462,0.9979716024340771,0.8260649087221096,0.8168745151858703
417,0.08073310554027557,0.9989858012170385,0.821501014198783,0.8203950116355391
418,0.10265220701694489,0.9969574036511156,0.8179513184584178,0.8187839369890805
419,0.07721427828073502,0.9989858012170385,0.8174442190669371,0.8167551763231696
420,0.08340290188789368,0.9989858012170385,0.8184584178498986,0.8229011277522525
421,0.07808639109134674,0.9969574036511156,0.8199797160243407,0.8270183185154245
422,0.07714969664812088,0.9989858012170385,0.8225152129817445,0.8240348469479086
423,0.06275783479213715,1.0,0.8164300202839757,0.8171728623426219
424,0.07071243226528168,1.0,0.8149087221095335,0.8200369950474372
425,0.06391914188861847,0.9979716024340771,0.8128803245436106,0.8204546810668895
426,0.08210191130638123,0.9989858012170385,0.815922920892495,0.8202160033414881
427,0.08412805944681168,0.9959432048681541,0.8154158215010142,0.8122799689718957
428,0.07302099466323853,0.9939148073022313,0.8194726166328601,0.8104302166000358
429,0.07746986299753189,0.9949290060851927,0.8133874239350912,0.8106688943254371
430,0.09806844592094421,0.9959432048681541,0.8144016227180527,0.8160988125783162
431,0.09444746375083923,0.9959432048681541,0.8113590263691683,0.8146667462259085
432,0.07968079298734665,0.9939148073022313,0.8113590263691683,0.8193209618712334
433,0.07790939509868622,0.9959432048681541,0.8113590263691683,0.8141893907751059
434,0.071999691426754,0.9969574036511156,0.8174442190669371,0.8214690613998449
435,0.06528986245393753,0.9969574036511156,0.8179513184584178,0.8254669133003163
436,0.07675308734178543,0.9949290060851927,0.815922920892495,0.8241541858106092
437,0.08850815892219543,0.9949290060851927,0.8169371196754563,0.822244764007399
438,0.09712375700473785,0.9989858012170385,0.8209939148073022,0.823557491497106
439,0.07729019224643707,0.9969574036511156,0.8133874239350912,0.8213497225371442
440,0.07380878925323486,0.9959432048681541,0.8103448275862069,0.818127573244227
441,0.07675354927778244,0.9969574036511156,0.8174442190669371,0.8245718718300614
442,0.08784300833940506,1.0,0.8128803245436106,0.8215287308311952
443,0.08749745786190033,1.0,0.8133874239350912,0.8159794737156155
444,0.08395595848560333,0.9989858012170385,0.8088235294117647,0.8119816218151441
445,0.08099522441625595,0.9979716024340771,0.8088235294117647,0.8132346798735008
446,0.09687071293592453,0.9979716024340771,0.8128803245436106,0.8158601348529149
447,0.09148069471120834,0.9979716024340771,0.8133874239350912,0.8165761680291187
448,0.06787557899951935,0.9979716024340771,0.8103448275862069,0.8152634405394117
449,0.1127176284790039,0.9959432048681541,0.8144016227180527,0.8158601348529149
450,0.09412486851215363,0.9969574036511156,0.8103448275862069,0.81681484575452
451,0.09171047061681747,0.9969574036511156,0.8184584178498986,0.8256459215943672
452,0.062442898750305176,0.9888438133874239,0.8164300202839757,0.8217077391252461
453,0.12890098989009857,0.9989858012170385,0.8123732251521298,0.8147860850886091
454,0.10190211981534958,0.9989858012170385,0.8133874239350912,0.8094158362670804
455,0.11000455915927887,0.9969574036511156,0.815922920892495,0.8198579867533863
456,0.07256723195314407,0.9888438133874239,0.8174442190669371,0.8252879050062653
457,0.11788538843393326,0.9908722109533469,0.8240365111561866,0.8258249298884182
458,0.08493895828723907,0.9969574036511156,0.8184584178498986,0.8230204666149532
459,0.08826469630002975,0.9969574036511156,0.8144016227180527,0.8203353422041888
460,0.09121061861515045,0.9929006085192698,0.8164300202839757,0.8215884002625455
461,0.09812644124031067,0.9959432048681541,0.8225152129817445,0.8212303836744436
462,0.0772753357887268,0.9979716024340771,0.8225152129817445,0.825049227280864
463,0.08296044170856476,0.9989858012170385,0.8174442190669371,0.8205143504982397
464,0.07187102735042572,0.9989858012170385,0.8189655172413793,0.8161584820096665
465,0.09407082200050354,0.9959432048681541,0.8179513184584178,0.8225431111641506
466,0.07225070893764496,0.9979716024340771,0.813894523326572,0.8197983173220359
467,0.06069565564393997,0.9969574036511156,0.815922920892495,0.8126976549913479
468,0.09321589767932892,0.9989858012170385,0.8098377281947262,0.8069693895817173
469,0.06894641369581223,0.9989858012170385,0.8133874239350912,0.8064920341309147
470,0.07771006971597672,0.9989858012170385,0.8209939148073022,0.8138910436183543
471,0.07673394680023193,0.9979716024340771,0.8220081135902637,0.8171131929112716
472,0.06646512448787689,0.9969574036511156,0.8230223123732252,0.8186645981263798
473,0.08570312708616257,0.9959432048681541,0.8225152129817445,0.8156811265588639
474,0.09039464592933655,0.9979716024340771,0.8204868154158215,0.8136523658929531
475,0.07712579518556595,0.9969574036511156,0.8220081135902637,0.8189629452831314
476,0.06930136680603027,0.9949290060851927,0.8169371196754563,0.8163971597350678
477,0.10675808042287827,0.9959432048681541,0.815922920892495,0.8169938540485709
478,0.11331654340028763,0.9959432048681541,0.8164300202839757,0.8208126976549913
479,0.07737970352172852,0.9969574036511156,0.8108519269776876,0.8220060862819978
480,0.09039229154586792,0.9949290060851927,0.8042596348884381,0.8137120353243034
481,0.09290530532598495,0.9949290060851927,0.8098377281947262,0.8098335222865326
482,0.12410713732242584,0.9989858012170385,0.8184584178498986,0.8220060862819978
483,0.06650519371032715,0.9989858012170385,0.8240365111561866,0.8233784832030551
484,0.07504035532474518,1.0,0.8189655172413793,0.8154424488334626
485,0.07759711891412735,0.9979716024340771,0.8144016227180527,0.8118622829524434
486,0.10626544058322906,0.9959432048681541,0.8220081135902637,0.8198579867533863
487,0.10530044883489609,0.9959432048681541,0.8113590263691683,0.816635837460469
488,0.10789553076028824,0.9959432048681541,0.8149087221095335,0.8156214571275135
489,0.08129848539829254,0.9979716024340771,0.8189655172413793,0.8137120353243034
490,0.07863469421863556,0.9989858012170385,0.8225152129817445,0.812518646697297
491,0.10728977620601654,0.9969574036511156,0.821501014198783,0.8192016230085327
492,0.09602909535169601,0.9989858012170385,0.8179513184584178,0.8162181514410167
493,0.09109119325876236,0.9979716024340771,0.8128803245436106,0.8090578196789785
494,0.06851759552955627,0.9989858012170385,0.821501014198783,0.8132943493048511
495,0.09703828394412994,1.0,0.8275862068965517,0.8198579867533863
496,0.09423026442527771,0.9989858012170385,0.8331643002028397,0.8236171609284564
497,0.08863036334514618,0.9979716024340771,0.8341784989858012,0.8254072438689659
498,0.06975050270557404,0.9959432048681541,0.8240365111561866,0.8160988125783162
499,0.0636848732829094,0.9959432048681541,0.8174442190669371,0.809714183423832
500,0.09591690450906754,0.9969574036511156,0.8255578093306288,0.8199176561847366
501,0.09183601289987564,0.9969574036511156,0.8250507099391481,0.8243928635360105
502,0.10968711972236633,0.9979716024340771,0.8275862068965517,0.8242735246733098
503,0.09153937548398972,0.9939148073022313,0.8067951318458418,0.8079837699146727
504,0.1169559583067894,0.9969574036511156,0.8154158215010142,0.816635837460469
505,0.09202760457992554,0.9979716024340771,0.8220081135902637,0.8268393102213736
506,0.08795720338821411,0.9929006085192698,0.8220081135902637,0.8288680708872844
507,0.1285618096590042,0.9969574036511156,0.8149087221095335,0.8176502177934244
508,0.12457603216171265,0.9979716024340771,0.8103448275862069,0.814010382481055
509,0.12639126181602478,1.0,0.8260649087221096,0.823736499791157
510,0.08303818106651306,0.9939148073022313,0.8220081135902637,0.8216480696938958
511,0.0845494419336319,0.9908722109533469,0.8245436105476673,0.8210513753803926
512,0.10319861769676208,0.9969574036511156,0.8245436105476673,0.8189032758517811
513,0.09874013066291809,0.9979716024340771,0.8118661257606491,0.81681484575452
514,0.08290161192417145,0.9989858012170385,0.8113590263691683,0.8123993078345964
515,0.08938533812761307,0.9979716024340771,0.8316430020283976,0.8245122023987111
516,0.07033787667751312,0.9969574036511156,0.8296146044624746,0.8233188137717048
517,0.08797532320022583,0.9959432048681541,0.8265720081135902,0.8236768303598067
518,0.07651259005069733,1.0,0.8235294117647058,0.8156214571275135
519,0.06135284900665283,0.9979716024340771,0.8184584178498986,0.8099528611492333
520,0.08570980280637741,0.9989858012170385,0.8260649087221096,0.8182469121069276
521,0.07983937114477158,0.9989858012170385,0.821501014198783,0.8206933587922907
522,0.07278986275196075,0.9989858012170385,0.8245436105476673,0.8220060862819978
523,0.09186232089996338,0.9969574036511156,0.8245436105476673,0.819619309027985
524,0.09707928448915482,0.9949290060851927,0.827079107505071,0.8184259204009786
525,0.0852266475558281,0.9959432048681541,0.8286004056795132,0.8238558386538576
526,0.05437059700489044,0.9969574036511156,0.8275862068965517,0.8237961692225073
527,0.07078876346349716,0.9959432048681541,0.8235294117647058,0.8194999701652843
528,0.08818607777357101,0.9979716024340771,0.8194726166328601,0.8139507130497047
529,0.0672624409198761,1.0,0.815922920892495,0.8118026135210932
530,0.05607534572482109,1.0,0.8194726166328601,0.8118622829524434
531,0.07805736362934113,1.0,0.8220081135902637,0.818127573244227
532,0.08969489485025406,1.0,0.8240365111561866,0.8236171609284564
533,0.07485184073448181,0.9989858012170385,0.8316430020283976,0.822602780595501
534,0.07973794639110565,1.0,0.827079107505071,0.8241541858106092
535,0.07035630196332932,1.0,0.8280933062880325,0.817948564950176
536,0.09354685246944427,1.0,0.8225152129817445,0.8168745151858703
537,0.06524340063333511,1.0,0.8240365111561866,0.8196789784593352
538,0.07196454703807831,0.9979716024340771,0.8144016227180527,0.8148457545199594
539,0.07383523881435394,0.9979716024340771,0.8042596348884381,0.8038069097201503
540,0.09800776094198227,0.9979716024340771,0.8169371196754563,0.8189032758517811
541,0.07156930863857269,0.9959432048681541,0.8108519269776876,0.8227221194582016
542,0.08887635171413422,0.9969574036511156,0.8118661257606491,0.8217674085565965
543,0.08227239549160004,0.9959432048681541,0.8133874239350912,0.8061936869741632
544,0.1027655154466629,0.9969574036511156,0.8093306288032455,0.8155021182648129
545,0.07498913258314133,0.9959432048681541,0.8078093306288032,0.8152037711080613
546,0.09856996685266495,0.9959432048681541,0.8093306288032455,0.8140700519124052
547,0.08767582476139069,0.9979716024340771,0.8088235294117647,0.8105495554627364
548,0.0920139029622078,0.9989858012170385,0.8123732251521298,0.8184855898323289
549,0.09037664532661438,0.9969574036511156,0.8154158215010142,0.8266006324959723
550,0.08195175230503082,0.9969574036511156,0.8118661257606491,0.8202756727728385
551,0.10144923627376556,0.9989858012170385,0.8098377281947262,0.812160630109195
552,0.10044873505830765,0.9959432048681541,0.808316430020284,0.8082821170714243
553,0.09575927257537842,0.9969574036511156,0.8184584178498986,0.8254669133003163
554,0.06354775279760361,0.9959432048681541,0.8230223123732252,0.8246315412614118
555,0.07480285316705704,0.9969574036511156,0.8184584178498986,0.8213497225371442
556,0.07987695932388306,0.9969574036511156,0.813894523326572,0.8175905483620741
557,0.08892805129289627,0.9989858012170385,0.8225152129817445,0.8194999701652843
558,0.08571839332580566,0.9979716024340771,0.8220081135902637,0.824870218986813
559,0.0768168643116951,0.9979716024340771,0.8225152129817445,0.8251685661435646
560,0.06852962076663971,0.9979716024340771,0.8128803245436106,0.8217077391252461
561,0.09112511575222015,0.9989858012170385,0.8230223123732252,0.8263619547705711
562,0.07775766402482986,0.9979716024340771,0.8209939148073022,0.8209917059490424
563,0.05094878748059273,0.9989858012170385,0.8194726166328601,0.8146667462259085
564,0.10264439135789871,0.9979716024340771,0.8235294117647058,0.8177098872247748
565,0.08411101251840591,0.9949290060851927,0.808316430020284,0.8132943493048511
566,0.08367268741130829,0.9959432048681541,0.8194726166328601,0.8193806313025837
567,0.07020914554595947,0.9939148073022313,0.8301217038539553,0.8186049286950295
568,0.08586634695529938,0.9949290060851927,0.8230223123732252,0.8218270779879467
569,0.08768198639154434,0.9959432048681541,0.815922920892495,0.820932036517692
570,0.08878372609615326,0.9969574036511156,0.8154158215010142,0.8197983173220359
571,0.1285731941461563,0.9969574036511156,0.8204868154158215,0.8189629452831314
572,0.08664067834615707,0.9959432048681541,0.8164300202839757,0.8131153410108002
573,0.07195743918418884,0.9969574036511156,0.8144016227180527,0.809177158541679
574,0.11145702749490738,0.9949290060851927,0.8189655172413793,0.8186049286950295
575,0.1123402863740921,0.9939148073022313,0.8118661257606491,0.8202756727728385
576,0.1148269772529602,0.9949290060851927,0.8184584178498986,0.8171728623426219
577,0.09057818353176117,0.9979716024340771,0.8204868154158215,0.8160988125783162
578,0.09035415202379227,0.9959432048681541,0.8154158215010142,0.8246315412614118
579,0.09439500421285629,0.9949290060851927,0.8113590263691683,0.8204546810668895
580,0.10210175812244415,0.9959432048681541,0.8123732251521298,0.817769556656125
581,0.11528512090444565,0.9979716024340771,0.8164300202839757,0.8226624500268512
582,0.08377964794635773,0.9979716024340771,0.8250507099391481,0.8261829464765201
583,0.0987444818019867,0.9989858012170385,0.8245436105476673,0.8245122023987111
584,0.07985223084688187,1.0,0.8220081135902637,0.8208723670863417
585,0.08592560887336731,1.0,0.8265720081135902,0.8256459215943672
586,0.08760548382997513,0.9989858012170385,0.8275862068965517,0.8221850945760487
587,0.0740807056427002,1.0,0.8235294117647058,0.8172922012053225
588,0.0701318234205246,1.0,0.8144016227180527,0.8149650933826601
589,0.07350961863994598,1.0,0.8144016227180527,0.8147264156572588
590,0.08160388469696045,0.9969574036511156,0.8209939148073022,0.8270183185154245
591,0.09900017082691193,0.9979716024340771,0.829107505070994,0.826898979652724
592,0.09732171893119812,1.0,0.8204868154158215,0.8175905483620741
593,0.10219601541757584,0.9989858012170385,0.8169371196754563,0.8219464168506474
594,0.08242324739694595,0.9989858012170385,0.8250507099391481,0.8286890625932335
595,0.06670792400836945,0.9989858012170385,0.8301217038539553,0.8288680708872844
596,0.08406972140073776,0.9989858012170385,0.8230223123732252,0.820753028223641
597,0.08924900740385056,0.9969574036511156,0.8204868154158215,0.8144280685005072
598,0.08527024835348129,1.0,0.8316430020283976,0.8253475744376156
599,0.06946510821580887,1.0,0.8377281947261663,0.8298824512202398
600,0.06580858677625656,1.0,0.8301217038539553,0.8319112118861507
601,0.08231010288000107,0.9979716024340771,0.8235294117647058,0.8245718718300614
602,0.0879402756690979,1.0,0.8164300202839757,0.8184259204009786
603,0.09201851487159729,1.0,0.8199797160243407,0.825049227280864
604,0.08383665233850479,0.9969574036511156,0.8235294117647058,0.8266603019273226
605,0.1049950122833252,1.0,0.8209939148073022,0.8251088967122143
606,0.0798415020108223,0.9979716024340771,0.8032454361054767,0.8089981502476281
607,0.07594543695449829,0.9989858012170385,0.8037525354969574,0.809535175129781
608,0.07664494216442108,0.9989858012170385,0.8194726166328601,0.8214093919684945
609,0.05590879172086716,0.9959432048681541,0.8184584178498986,0.8194999701652843
610,0.09174180030822754,0.9989858012170385,0.8220081135902637,0.8215287308311952
611,0.09851440787315369,0.9989858012170385,0.8149087221095335,0.8183662509696282
612,0.08035697788000107,0.9989858012170385,0.8103448275862069,0.8158004654215645
613,0.08400347083806992,1.0,0.8169371196754563,0.8218270779879467
614,0.05131011828780174,0.9989858012170385,0.8169371196754563,0.8226624500268512
615,0.05907934159040451,1.0,0.8184584178498986,0.8230204666149532
616,0.06904817372560501,1.0,0.8189655172413793,0.8236768303598067
617,0.07803905010223389,0.9989858012170385,0.8179513184584178,0.8220657557133481
618,0.11283008754253387,0.9979716024340771,0.8118661257606491,0.8169938540485709
619,0.07378121465444565,0.9989858012170385,0.8067951318458418,0.8101318694432842
620,0.07684072107076645,0.9989858012170385,0.8128803245436106,0.8168745151858703
621,0.08733007311820984,0.9969574036511156,0.8128803245436106,0.8158004654215645
622,0.07414864003658295,0.9989858012170385,0.8123732251521298,0.8156811265588639
623,0.054948918521404266,0.9989858012170385,0.8012170385395537,0.8099528611492333
624,0.06688576191663742,0.9969574036511156,0.8073022312373225,0.8074467450325198
625,0.09905974566936493,0.9979716024340771,0.815922920892495,0.8184855898323289
626,0.0853145644068718,0.9949290060851927,0.815922920892495,0.8230204666149532
627,0.08375831693410873,0.9979716024340771,0.8179513184584178,0.8186645981263798
628,0.05887562036514282,0.9959432048681541,0.8088235294117647,0.8078047616206218
629,0.10132458060979843,1.0,0.8179513184584178,0.821290053105794
630,0.05821062624454498,1.0,0.8179513184584178,0.8206933587922907
631,0.08020243793725967,1.0,0.8220081135902637,0.8214690613998449
632,0.07378315925598145,0.9989858012170385,0.8225152129817445,0.821290053105794
633,0.06628964096307755,0.9989858012170385,0.8184584178498986,0.8173518706366728
634,0.056918758898973465,0.9989858012170385,0.8235294117647058,0.8215884002625455
635,0.0665404424071312,0.9979716024340771,0.8174442190669371,0.8208723670863417
636,0.08947950601577759,0.9908722109533469,0.8133874239350912,0.8163374903037174
637,0.11288905888795853,0.9929006085192698,0.8118661257606491,0.8184259204009786
638,0.11021937429904938,0.9979716024340771,0.815922920892495,0.8203950116355391
639,0.08024237304925919,0.9959432048681541,0.8047667342799188,0.8078047616206218
640,0.14297832548618317,0.9969574036511156,0.8047667342799188,0.8162778208723671
641,0.09795593470335007,0.9949290060851927,0.8154158215010142,0.8227817888895519
642,0.0991775244474411,0.9989858012170385,0.8174442190669371,0.8233784832030551
643,0.06821323186159134,0.9979716024340771,0.8113590263691683,0.8174115400680232
644,0.07642336934804916,0.9979716024340771,0.8204868154158215,0.8193209618712334
645,0.098460353910923,0.9989858012170385,0.8174442190669371,0.8215884002625455
646,0.08091990649700165,1.0,0.8128803245436106,0.8194999701652843
647,0.09007824212312698,0.9979716024340771,0.8103448275862069,0.8113849275016409
648,0.0991126298904419,0.9959432048681541,0.8154158215010142,0.8141297213437556
649,0.07737797498703003,0.9969574036511156,0.8296146044624746,0.8272569962408258
650,0.0874561220407486,0.9929006085192698,0.8275862068965517,0.8289277403186348
651,0.08561788499355316,0.9979716024340771,0.8275862068965517,0.8228414583209022
652,0.06722904741764069,0.9979716024340771,0.8164300202839757,0.8162778208723671
653,0.08179326355457306,0.9989858012170385,0.8230223123732252,0.8199176561847366
654,0.08350958675146103,1.0,0.8245436105476673,0.8192016230085327
655,0.08118274062871933,0.9989858012170385,0.8220081135902637,0.8176502177934244
656,0.08348848670721054,0.9949290060851927,0.8169371196754563,0.812518646697297
657,0.08090900629758835,0.9949290060851927,0.8118661257606491,0.8103108777373351
658,0.05328891798853874,0.9939148073022313,0.8103448275862069,0.8119816218151441
659,0.10555773228406906,0.9929006085192698,0.821501014198783,0.8209917059490424
660,0.09395201504230499,0.9969574036511156,0.8189655172413793,0.8212303836744436
661,0.0981510803103447,0.9969574036511156,0.8174442190669371,0.8137717047556536
662,0.0737544447183609,0.9969574036511156,0.8225152129817445,0.8171728623426219
663,0.07167238742113113,0.9939148073022313,0.827079107505071,0.8229011277522525
664,0.09022466093301773,0.9959432048681541,0.8260649087221096,0.8251088967122143
665,0.08768012374639511,0.9949290060851927,0.8199797160243407,0.8175905483620741
666,0.09342429041862488,0.9959432048681541,0.8149087221095335,0.8201563339101379
667,0.08781430125236511,0.9939148073022313,0.8103448275862069,0.8210513753803926
668,0.10646418482065201,0.9949290060851927,0.815922920892495,0.8182469121069276
669,0.08633431047201157,0.9969574036511156,0.8174442190669371,0.8150844322453608
670,0.0924716591835022,0.9949290060851927,0.8230223123732252,0.8225431111641506
671,0.10585920512676239,0.9949290060851927,0.8189655172413793,0.8202160033414881
672,0.08015463501214981,0.9969574036511156,0.8118661257606491,0.8123993078345964
673,0.10083046555519104,0.9979716024340771,0.8133874239350912,0.8076854227579211
674,0.09954693168401718,0.9989858012170385,0.8164300202839757,0.8159198042842651
675,0.06976966559886932,0.9989858012170385,0.8184584178498986,0.8147264156572588
676,0.08168857544660568,0.9989858012170385,0.8154158215010142,0.8166955068918194
677,0.08501358330249786,0.9989858012170385,0.8225152129817445,0.8212303836744436
678,0.07925868779420853,0.9979716024340771,0.8240365111561866,0.8211707142430933
679,0.07048720121383667,0.9989858012170385,0.8265720081135902,0.8205143504982397
680,0.0899810940027237,0.9989858012170385,0.8286004056795132,0.8271376573781252
681,0.08064059913158417,0.9989858012170385,0.8260649087221096,0.828211707142431
682,0.08748683333396912,1.0,0.827079107505071,0.8263619547705711
683,0.07304631918668747,1.0,0.8235294117647058,0.8175905483620741
684,0.09134537726640701,0.9989858012170385,0.8280933062880325,0.8264812936332717
685,0.0716472715139389,0.9969574036511156,0.8235294117647058,0.8273763351035265
686,0.07336530089378357,0.9989858012170385,0.8194726166328601,0.8247508801241125
687,0.06611037254333496,0.9959432048681541,0.8017241379310345,0.801300793603437
688,0.0986657664179802,0.9979716024340771,0.8088235294117647,0.8092368279730294
689,0.07617166638374329,0.9979716024340771,0.8012170385395537,0.8029118682498956
690,0.0946648120880127,0.9969574036511156,0.8047667342799188,0.8003460827018318
691,0.07959987223148346,0.9949290060851927,0.808316430020284,0.8046422817590548
692,0.089472196996212,0.9929006085192698,0.8149087221095335,0.8180679038128766
693,0.10143538564443588,0.9908722109533469,0.8174442190669371,0.8183662509696282
694,0.10038556903600693,0.9969574036511156,0.8184584178498986,0.8192016230085327
695,0.07681768387556076,0.9969574036511156,0.8149087221095335,0.8149054239513097
696,0.0990891382098198,0.9949290060851927,0.821501014198783,0.814010382481055
697,0.10667707771062851,0.9969574036511156,0.8204868154158215,0.8173518706366728
698,0.09859073907136917,0.9969574036511156,0.8174442190669371,0.8187242675577302
699,0.08045683801174164,0.9959432048681541,0.815922920892495,0.8120412912464944
700,0.115025594830513,0.9959432048681541,0.8133874239350912,0.8083417865027747
701,0.1236894279718399,0.9929006085192698,0.8133874239350912,0.8135330270302524
702,0.10306604951620102,0.9918864097363083,0.8194726166328601,0.8132943493048511
703,0.12550179660320282,0.9979716024340771,0.815922920892495,0.806909720150367
704,0.11397834867238998,0.9959432048681541,0.8037525354969574,0.8033892237006981
705,0.1371535211801529,0.9949290060851927,0.8240365111561866,0.819619309027985
706,0.09168769419193268,0.9959432048681541,0.8245436105476673,0.8246315412614118
707,0.08214036375284195,0.9969574036511156,0.8275862068965517,0.8227221194582016
708,0.08319810032844543,0.9979716024340771,0.8194726166328601,0.8124589772659466
709,0.08802565187215805,0.9969574036511156,0.8255578093306288,0.8157407959902142
710,0.084744393825531,0.9969574036511156,0.8260649087221096,0.8171131929112716
711,0.06910523027181625,0.9949290060851927,0.8250507099391481,0.8184259204009786
712,0.07223338633775711,0.9979716024340771,0.8240365111561866,0.8162181514410167
713,0.08783921599388123,0.9989858012170385,0.8169371196754563,0.8106688943254371
714,0.11224643886089325,0.9989858012170385,0.8189655172413793,0.8155617876961633
715,0.11044637113809586,0.9969574036511156,0.8240365111561866,0.8203353422041888
716,0.09206955134868622,0.9979716024340771,0.8275862068965517,0.8221254251446983
717,0.08464741706848145,0.9979716024340771,0.8184584178498986,0.8152634405394117
718,0.1045110672712326,0.9969574036511156,0.8184584178498986,0.8116236052270421
719,0.07793070375919342,0.9979716024340771,0.8194726166328601,0.8143087296378065
720,0.08700606226921082,0.9979716024340771,0.8169371196754563,0.8127573244226982
721,0.07126634567975998,0.9949290060851927,0.8174442190669371,0.809714183423832
722,0.11761169135570526,0.9989858012170385,0.8275862068965517,0.8191419535771824
723,0.062300797551870346,0.9989858012170385,0.8311359026369168,0.8221254251446983
724,0.07775593549013138,0.9979716024340771,0.8301217038539553,0.8187242675577302
725,0.08267216384410858,0.9989858012170385,0.8250507099391481,0.823915508085208
726,0.06677563488483429,0.9989858012170385,0.8209939148073022,0.8234978220657557
727,0.07311546057462692,0.9979716024340771,0.8118661257606491,0.8193806313025837
728,0.11662932485342026,1.0,0.8067951318458418,0.8144877379318575
729,0.10729234665632248,1.0,0.8078093306288032,0.8086998030908765
730,0.09383933991193771,0.9989858012170385,0.8073022312373225,0.8199176561847366
731,0.09050168842077255,0.9959432048681541,0.8108519269776876,0.823557491497106
732,0.10390540212392807,0.9989858012170385,0.813894523326572,0.8220657557133481
733,0.062982477247715,1.0,0.813894523326572,0.817948564950176
734,0.05821574851870537,1.0,0.8133874239350912,0.8159794737156155
735,0.06657879799604416,1.0,0.8174442190669371,0.8184259204009786
736,0.058114659041166306,0.9989858012170385,0.8154158215010142,0.8184259204009786
737,0.07607908546924591,0.9969574036511156,0.8230223123732252,0.8184855898323289
738,0.06163405999541283,0.9949290060851927,0.8164300202839757,0.8150844322453608
739,0.11699847877025604,0.9979716024340771,0.8189655172413793,0.8230801360463035
740,0.0796830952167511,0.9969574036511156,0.813894523326572,0.8198579867533863
741,0.09567136317491531,0.9989858012170385,0.8103448275862069,0.8181872426755773
742,0.06917694956064224,0.9969574036511156,0.8067951318458418,0.8110865803448893
743,0.12875603139400482,0.9979716024340771,0.8179513184584178,0.814010382481055
744,0.12353861331939697,0.9989858012170385,0.8286004056795132,0.8281520377110806
745,0.07221829891204834,0.9989858012170385,0.829107505070994,0.8279133599856794
746,0.0805169939994812,0.9949290060851927,0.8230223123732252,0.8208126976549913
747,0.12958864867687225,0.9959432048681541,0.8255578093306288,0.8245122023987111
748,0.09676981717348099,0.9959432048681541,0.8230223123732252,0.8205740199295901
749,0.09981396049261093,0.9949290060851927,0.8280933062880325,0.8203950116355391
750,0.11231906712055206,0.9969574036511156,0.8250507099391481,0.8224237723014499
751,0.11654141545295715,0.9979716024340771,0.821501014198783,0.8200966644787875
752,0.10632336884737015,0.9959432048681541,0.8179513184584178,0.8121009606778448
753,0.11392798274755478,0.9969574036511156,0.8235294117647058,0.8214690613998449
754,0.09254784882068634,0.9959432048681541,0.8250507099391481,0.8190822841458321
755,0.0982326865196228,0.9939148073022313,0.8240365111561866,0.8163374903037174
756,0.08307588845491409,0.9969574036511156,0.8128803245436106,0.809177158541679
757,0.09577374160289764,1.0,0.8108519269776876,0.8112655886389403
758,0.11947746574878693,0.9939148073022313,0.8149087221095335,0.820753028223641
759,0.08847422152757645,0.9969574036511156,0.8225152129817445,0.8220060862819978
760,0.10015199333429337,1.0,0.8250507099391481,0.8231398054776538
761,0.08500358462333679,0.9989858012170385,0.8225152129817445,0.8232591443403544
762,0.10438915342092514,0.9979716024340771,0.8260649087221096,0.8243331941046602
763,0.09770815819501877,0.9979716024340771,0.8230223123732252,0.8232591443403544
764,0.08842049539089203,0.9939148073022313,0.815922920892495,0.8258845993197684
765,0.09401218593120575,0.9979716024340771,0.8189655172413793,0.8215884002625455
766,0.08295590430498123,0.9969574036511156,0.8118661257606491,0.8172922012053225
767,0.10267467796802521,0.9989858012170385,0.8194726166328601,0.8274956739662271
768,0.07189053297042847,0.9908722109533469,0.8123732251521298,0.8231994749090041
769,0.12038157135248184,0.9939148073022313,0.8108519269776876,0.8189032758517811
770,0.1209537610411644,0.9939148073022313,0.8067951318458418,0.8107882331881378
771,0.11831150949001312,0.9929006085192698,0.8204868154158215,0.8275553433975774
772,0.07932761311531067,0.9898580121703854,0.8199797160243407,0.8258249298884182
773,0.11170414090156555,0.9959432048681541,0.8133874239350912,0.8214690613998449
774,0.09765549004077911,0.9989858012170385,0.8073022312373225,0.813831374187004
775,0.09387915581464767,0.9959432048681541,0.7971602434077079,0.8014798018974879
776,0.09171593189239502,0.9939148073022313,0.802738336713996,0.8026731905244943
777,0.09319666773080826,0.9969574036511156,0.8088235294117647,0.8131750104421505
778,0.06948845833539963,0.9949290060851927,0.8128803245436106,0.8149650933826601
779,0.08048895001411438,0.9949290060851927,0.8103448275862069,0.813473357598902
780,0.10471662878990173,0.9989858012170385,0.8108519269776876,0.8137120353243034
781,0.06848560273647308,0.9979716024340771,0.808316430020284,0.811026910913539
782,0.07602272182703018,0.9969574036511156,0.8073022312373225,0.8115042663643416
783,0.06225646287202835,0.9939148073022313,0.8113590263691683,0.8125783161286473
784,0.0808759555220604,0.9959432048681541,0.8042596348884381,0.807864431051972
785,0.11441589146852493,0.9949290060851927,0.8093306288032455,0.8082821170714243
786,0.10414504259824753,0.9929006085192698,0.8123732251521298,0.8133540187362014
787,0.0887659415602684,0.9939148073022313,0.7991886409736308,0.8101318694432842
788,0.10759098827838898,0.9959432048681541,0.8067951318458418,0.812160630109195
789,0.10502960532903671,0.9939148073022313,0.8103448275862069,0.8057760009547109
790,0.14233630895614624,0.9959432048681541,0.8250507099391481,0.8225431111641506
791,0.10781939327716827,0.9918864097363083,0.8286004056795132,0.8276150128289277
792,0.09695188701152802,0.9939148073022313,0.8265720081135902,0.8261829464765201
793,0.11606094986200333,0.9949290060851927,0.8245436105476673,0.8214093919684945
794,0.11765847355127335,0.9888438133874239,0.8204868154158215,0.8186049286950295
795,0.12595157325267792,0.9949290060851927,0.8225152129817445,0.8237961692225073
796,0.11190663278102875,0.9959432048681541,0.8286004056795132,0.8233188137717048
797,0.1173258125782013,0.9959432048681541,0.827079107505071,0.8202756727728385
798,0.11857999861240387,0.9949290060851927,0.8225152129817445,0.8163374903037174
799,0.1023581400513649,0.9969574036511156,0.8209939148073022,0.8180679038128766
800,0.073520727455616,0.9918864097363083,0.8154158215010142,0.8122799689718957
801,0.1143483892083168,0.9918864097363083,0.8240365111561866,0.8152037711080613
802,0.09232757985591888,0.9929006085192698,0.8225152129817445,0.8171131929112716
803,0.09751003980636597,0.9959432048681541,0.8199797160243407,0.8126976549913479
804,0.08929364383220673,0.9959432048681541,0.8108519269776876,0.8069693895817173
805,0.1309000849723816,0.9969574036511156,0.8225152129817445,0.823915508085208
806,0.08532597124576569,0.9929006085192698,0.8245436105476673,0.8271376573781252
807,0.11826729774475098,0.9959432048681541,0.8164300202839757,0.8239751775165582
808,0.11074244230985641,0.9949290060851927,0.8235294117647058,0.8168745151858703
809,0.10514160245656967,0.9989858012170385,0.8255578093306288,0.8271376573781252
810,0.08186432719230652,0.9979716024340771,0.8220081135902637,0.8246315412614118
811,0.09951768070459366,0.9989858012170385,0.8286004056795132,0.8227221194582016
812,0.10350760817527771,0.9979716024340771,0.8316430020283976,0.820932036517692
813,0.07428599894046783,0.9949290060851927,0.8255578093306288,0.8183662509696282
814,0.08004075288772583,0.9949290060851927,0.827079107505071,0.8245718718300614
815,0.08338063210248947,0.9969574036511156,0.8286004056795132,0.8272569962408258
816,0.07040195167064667,0.9969574036511156,0.8230223123732252,0.8233188137717048
817,0.08490892499685287,0.9979716024340771,0.8179513184584178,0.8140700519124052
818,0.08921375870704651,0.9989858012170385,0.8245436105476673,0.8175905483620741
819,0.07175366580486298,0.9989858012170385,0.8301217038539553,0.8274956739662271
820,0.07183021306991577,0.9969574036511156,0.8275862068965517,0.8264216242019213
821,0.0703878402709961,0.9979716024340771,0.8179513184584178,0.8198579867533863
822,0.08356029540300369,0.9979716024340771,0.8133874239350912,0.8147264156572588
823,0.08722007274627686,0.9979716024340771,0.8189655172413793,0.8217077391252461
824,0.07072704285383224,0.9979716024340771,0.8169371196754563,0.8237961692225073
825,0.07914011925458908,0.9959432048681541,0.8220081135902637,0.8233188137717048
826,0.09430424124002457,0.9969574036511156,0.8093306288032455,0.8072677367384689
827,0.08106440305709839,0.9969574036511156,0.8103448275862069,0.8130556715794498
828,0.10484249144792557,0.9959432048681541,0.8169371196754563,0.8177098872247748
829,0.0960862934589386,0.9929006085192698,0.8154158215010142,0.8193806313025837
830,0.10980436950922012,0.9959432048681541,0.8225152129817445,0.8187242675577302
831,0.10103658586740494,0.9969574036511156,0.8169371196754563,0.816456829166418
832,0.10272997617721558,0.9969574036511156,0.815922920892495,0.8183662509696282
833,0.11414229869842529,0.9949290060851927,0.8189655172413793,0.8258845993197684
834,0.11415194720029831,0.9959432048681541,0.8225152129817445,0.8266006324959723
835,0.10374145954847336,0.9969574036511156,0.821501014198783,0.8197386478906856
836,0.11054510623216629,0.9979716024340771,0.8149087221095335,0.8144877379318575
837,0.0827024057507515,0.9969574036511156,0.8209939148073022,0.8206933587922907
838,0.12531529366970062,0.9979716024340771,0.8209939148073022,0.820932036517692
839,0.07914316654205322,0.9989858012170385,0.8194726166328601,0.8157407959902142
840,0.09031416475772858,0.9979716024340771,0.8174442190669371,0.8133540187362014
841,0.10805662721395493,0.9989858012170385,0.8245436105476673,0.8184855898323289
842,0.07436509430408478,0.9989858012170385,0.8245436105476673,0.822602780595501
843,0.07986892759799957,0.9969574036511156,0.827079107505071,0.8215884002625455
844,0.0824580043554306,0.9969574036511156,0.8164300202839757,0.8146667462259085
845,0.06380131095647812,0.9979716024340771,0.8128803245436106,0.8146070767945581
846,0.0927433967590332,0.9929006085192698,0.8179513184584178,0.8193209618712334
847,0.09149211645126343,0.9939148073022313,0.8225152129817445,0.8209917059490424
848,0.08369067311286926,0.9979716024340771,0.8225152129817445,0.8223044334387494
849,0.06503021717071533,0.9989858012170385,0.8199797160243407,0.8138910436183543
850,0.104422926902771,0.9979716024340771,0.8184584178498986,0.8173518706366728
851,0.07751158624887466,0.9969574036511156,0.8154158215010142,0.8217077391252461
852,0.07976178824901581,0.9969574036511156,0.813894523326572,0.8141297213437556
853,0.08709975332021713,0.9969574036511156,0.8154158215010142,0.8169341846172206
854,0.053540728986263275,0.9979716024340771,0.8144016227180527,0.8204546810668895
855,0.09123494476079941,0.9979716024340771,0.808316430020284,0.810847902619488
856,0.07446522265672684,0.9989858012170385,0.808316430020284,0.8143087296378065
857,0.05726877227425575,0.9959432048681541,0.8118661257606491,0.8169341846172206
858,0.08353123813867569,0.9959432048681541,0.8128803245436106,0.8223641028700996
859,0.09374719858169556,0.9989858012170385,0.815922920892495,0.8196789784593352
860,0.11768332123756409,1.0,0.808316430020284,0.8147860850886091
861,0.08562060445547104,0.9969574036511156,0.8073022312373225,0.8150247628140104
862,0.0890229195356369,0.9979716024340771,0.8184584178498986,0.8233784832030551
863,0.06209729239344597,0.9959432048681541,0.813894523326572,0.8266603019273226
864,0.09337707608938217,0.9959432048681541,0.815922920892495,0.8261232770451697
865,0.09180738776922226,0.9959432048681541,0.8169371196754563,0.8218270779879467
866,0.0692235678434372,0.9949290060851927,0.808316430020284,0.8115639357956919
867,0.10405071824789047,0.9969574036511156,0.8133874239350912,0.8128169938540486
868,0.07668104767799377,0.9969574036511156,0.8245436105476673,0.8204546810668895
869,0.09105285257101059,1.0,0.8169371196754563,0.8160988125783162
870,0.0671161413192749,0.9989858012170385,0.8088235294117647,0.8114445969329912
871,0.10260044783353806,0.9969574036511156,0.8103448275862069,0.8081627782087236
872,0.10714779049158096,0.9929006085192698,0.815922920892495,0.8183662509696282
873,0.09743659943342209,0.9959432048681541,0.8184584178498986,0.8180679038128766
874,0.0919264629483223,0.9949290060851927,0.8164300202839757,0.812160630109195
875,0.08877760916948318,0.9969574036511156,0.802738336713996,0.8060146786801122
876,0.0683772936463356,0.9959432048681541,0.8113590263691683,0.8077450921892715
877,0.10557594895362854,0.9959432048681541,0.8103448275862069,0.812160630109195
878,0.08633320778608322,0.9979716024340771,0.8052738336713996,0.8143683990691569
879,0.08913072198629379,0.9979716024340771,0.8062880324543611,0.8103705471686855
880,0.10635558515787125,0.9969574036511156,0.8088235294117647,0.8096545139924817
881,0.11381509155035019,0.9949290060851927,0.8225152129817445,0.816456829166418
882,0.1034068912267685,0.9969574036511156,0.8280933062880325,0.8227817888895519
883,0.053562045097351074,0.9989858012170385,0.8245436105476673,0.8231398054776538
884,0.0750846415758133,1.0,0.8209939148073022,0.8243331941046602
885,0.07421130686998367,1.0,0.8250507099391481,0.8231994749090041
886,0.06040595471858978,1.0,0.8250507099391481,0.8254072438689659
887,0.06715378165245056,0.9989858012170385,0.8235294117647058,0.8243331941046602
888,0.08061601966619492,0.9979716024340771,0.8326572008113591,0.8316725341607495
889,0.06275799870491028,0.9979716024340771,0.8301217038539553,0.8319708813175011
890,0.09685429185628891,0.9979716024340771,0.8250507099391481,0.8263022853392207
891,0.06251110881567001,0.9989858012170385,0.8113590263691683,0.8197983173220359
892,0.10209550708532333,0.9979716024340771,0.8164300202839757,0.8163971597350678
893,0.09214159101247787,0.9969574036511156,0.8245436105476673,0.8199773256160868
894,0.08864441514015198,0.9929006085192698,0.8149087221095335,0.8178888955188257
895,0.10501997917890549,0.9959432048681541,0.8169371196754563,0.8197983173220359
896,0.12334338575601578,0.9959432048681541,0.8220081135902637,0.8241541858106092
897,0.08952062577009201,0.9959432048681541,0.8164300202839757,0.8180679038128766
898,0.07951033115386963,0.9949290060851927,0.8220081135902637,0.821290053105794
899,0.09423105418682098,0.9959432048681541,0.8225152129817445,0.8262426159078704
900,0.094295434653759,0.9959432048681541,0.8194726166328601,0.8251685661435646
901,0.08192173391580582,0.9969574036511156,0.8149087221095335,0.8189629452831314
902,0.08531252294778824,0.9949290060851927,0.8184584178498986,0.8200966644787875
903,0.10063954442739487,0.9959432048681541,0.8179513184584178,0.8199176561847366
904,0.06960810720920563,0.9979716024340771,0.821501014198783,0.8211110448117429
905,0.09120889753103256,0.9989858012170385,0.8113590263691683,0.8136523658929531
906,0.08269067853689194,0.9979716024340771,0.8128803245436106,0.8147860850886091
907,0.0623193085193634,0.9969574036511156,0.8149087221095335,0.8175905483620741
908,0.07311141490936279,0.9969574036511156,0.8225152129817445,0.8236171609284564
909,0.0684816986322403,0.9949290060851927,0.8235294117647058,0.8261232770451697
910,0.07837598025798798,0.9979716024340771,0.8220081135902637,0.8242735246733098
911,0.0648370087146759,0.9979716024340771,0.8199797160243407,0.8255862521630168
912,0.08785306662321091,1.0,0.8220081135902637,0.8267796407900233
913,0.0863872617483139,1.0,0.8250507099391481,0.8197983173220359
914,0.0672723650932312,1.0,0.8174442190669371,0.8160988125783162
915,0.06922207027673721,0.9979716024340771,0.815922920892495,0.8178292260874754
916,0.06910213083028793,0.9979716024340771,0.8108519269776876,0.8160988125783162
917,0.08226551860570908,0.9979716024340771,0.8108519269776876,0.8146667462259085
918,0.08115370571613312,0.9979716024340771,0.8098377281947262,0.8125783161286473
919,0.08319015800952911,1.0,0.8184584178498986,0.8158004654215645
920,0.07183288782835007,0.9979716024340771,0.8133874239350912,0.8144877379318575
921,0.08865318447351456,0.9939148073022313,0.8194726166328601,0.8150247628140104
922,0.09072814136743546,0.9959432048681541,0.8128803245436106,0.8094158362670804
923,0.09474574029445648,0.9939148073022313,0.8225152129817445,0.8145474073632079
924,0.10644736140966415,0.9949290060851927,0.8265720081135902,0.8192016230085327
925,0.08904144167900085,0.9969574036511156,0.8225152129817445,0.8205740199295901
926,0.07618845254182816,0.9969574036511156,0.821501014198783,0.8197386478906856
927,0.08233834058046341,0.9949290060851927,0.8164300202839757,0.8155617876961633
928,0.09952783584594727,0.9959432048681541,0.8103448275862069,0.8116236052270421
929,0.12137116491794586,0.9959432048681541,0.8204868154158215,0.8159794737156155
930,0.09055361151695251,0.9959432048681541,0.8296146044624746,0.8208723670863417
931,0.0987633764743805,0.9969574036511156,0.829107505070994,0.8182469121069276
932,0.07492740452289581,0.9969574036511156,0.8245436105476673,0.8101318694432842
933,0.10847108066082001,0.9959432048681541,0.8093306288032455,0.8061936869741632
934,0.11483480036258698,0.9949290060851927,0.815922920892495,0.8152634405394117
935,0.08967404812574387,0.9939148073022313,0.815922920892495,0.8177098872247748
936,0.10060843825340271,0.9969574036511156,0.813894523326572,0.8140700519124052
937,0.09740927815437317,0.9979716024340771,0.8149087221095335,0.8104898860313862
938,0.13097698986530304,1.0,0.8351926977687627,0.8277343516916283
939,0.07699204981327057,0.9979716024340771,0.8336713995943205,0.8273763351035265
940,0.07685072720050812,0.9979716024340771,0.8275862068965517,0.8229607971836028
941,0.09053125232458115,0.9929006085192698,0.8098377281947262,0.807864431051972
942,0.12153484672307968,0.9969574036511156,0.8255578093306288,0.8234381526344053
943,0.08768860250711441,0.9939148073022313,0.8250507099391481,0.8251088967122143
944,0.11471521854400635,0.9969574036511156,0.8194726166328601,0.8228414583209022
945,0.09008987247943878,0.9989858012170385,0.8144016227180527,0.8174712094993735
946,0.11323238164186478,0.9989858012170385,0.8209939148073022,0.8211707142430933
947,0.07303057610988617,0.9989858012170385,0.8199797160243407,0.8213497225371442
948,0.08342832326889038,0.9989858012170385,0.8144016227180527,0.8176502177934244
949,0.07361949235200882,0.9959432048681541,0.8154158215010142,0.8165761680291187
950,0.08219391107559204,0.9989858012170385,0.8154158215010142,0.8156214571275135
951,0.09424126893281937,1.0,0.8179513184584178,0.8215884002625455
952,0.05047810450196266,1.0,0.8164300202839757,0.8234381526344053
953,0.06788409501314163,1.0,0.8209939148073022,0.8215884002625455
954,0.05936311185359955,1.0,0.815922920892495,0.8178292260874754
955,0.06522830575704575,0.9989858012170385,0.8209939148073022,0.8161584820096665
956,0.08785389363765717,1.0,0.815922920892495,0.8218270779879467
957,0.08808393776416779,1.0,0.8174442190669371,0.825049227280864
958,0.07450099289417267,1.0,0.8204868154158215,0.8258249298884182
959,0.079336978495121,0.9979716024340771,0.8245436105476673,0.8266603019273226
960,0.08236605674028397,0.9979716024340771,0.8245436105476673,0.8257055910257175
961,0.08785027265548706,0.9969574036511156,0.8230223123732252,0.8274956739662271
962,0.07300260663032532,0.9959432048681541,0.8225152129817445,0.8249298884181634
963,0.08954427391290665,0.9939148073022313,0.8144016227180527,0.820753028223641
964,0.09268790483474731,0.9969574036511156,0.8174442190669371,0.8191419535771824
965,0.09289434552192688,0.9969574036511156,0.8220081135902637,0.8233188137717048
966,0.07737302035093307,0.9969574036511156,0.8204868154158215,0.8220657557133481
967,0.11709840595722198,0.9979716024340771,0.8113590263691683,0.8214690613998449
968,0.08990862220525742,0.9908722109533469,0.7991886409736308,0.8087594725222269
969,0.12567341327667236,0.9929006085192698,0.8123732251521298,0.821290053105794
970,0.1200517863035202,0.986815415821501,0.815922920892495,0.8198579867533863
971,0.10274907946586609,0.9949290060851927,0.8179513184584178,0.8205740199295901
972,0.0930837020277977,0.9979716024340771,0.8128803245436106,0.8170535234799212
973,0.1015348881483078,0.9969574036511156,0.7991886409736308,0.8094755056984307
974,0.10490519553422928,0.9989858012170385,0.8133874239350912,0.8236171609284564
975,0.0637366995215416,0.9959432048681541,0.8225152129817445,0.8286293931618832
976,0.09561050683259964,0.9959432048681541,0.8260649087221096,0.8253475744376156
977,0.0754954144358635,0.9979716024340771,0.8306288032454361,0.8182469121069276
978,0.10504325479269028,0.9989858012170385,0.8204868154158215,0.8144280685005072
979,0.11152952164411545,0.9929006085192698,0.8255578093306288,0.8236768303598067
980,0.09055432677268982,0.9918864097363083,0.8184584178498986,0.8224834417328003
981,0.09671611338853836,0.9949290060851927,0.8174442190669371,0.8204546810668895
982,0.09270015358924866,0.9949290060851927,0.8047667342799188,0.8093561668357301
983,0.11956647783517838,0.9939148073022313,0.8123732251521298,0.8174712094993735
984,0.08537197858095169,0.9969574036511156,0.8108519269776876,0.8199773256160868
985,0.10026296228170395,0.9959432048681541,0.8133874239350912,0.8218270779879467
986,0.12257827818393707,0.9979716024340771,0.8189655172413793,0.8230204666149532
987,0.09272988885641098,0.9959432048681541,0.8128803245436106,0.8159198042842651
988,0.09931644052267075,0.9959432048681541,0.8062880324543611,0.8138910436183543
989,0.0837727040052414,0.9989858012170385,0.8184584178498986,0.8204546810668895
990,0.08605215698480606,0.9959432048681541,0.8174442190669371,0.8211707142430933
991,0.07020667940378189,0.9959432048681541,0.8103448275862069,0.8224834417328003
992,0.09784559905529022,0.9969574036511156,0.8194726166328601,0.8221254251446983
993,0.07602506130933762,0.9939148073022313,0.8088235294117647,0.8141297213437556
994,0.10040172189474106,0.9969574036511156,0.8260649087221096,0.8249895578495137
995,0.06689483672380447,0.9959432048681541,0.8194726166328601,0.822602780595501
996,0.08371707051992416,0.9959432048681541,0.8220081135902637,0.8215884002625455
997,0.08656159043312073,0.9959432048681541,0.8250507099391481,0.8227221194582016
998,0.10575171560049057,0.9969574036511156,0.8301217038539553,0.829166418044036
999,0.10534794628620148,0.9959432048681541,0.8306288032454361,0.828211707142431
1000,0.08172670751810074,0.9949290060851927,0.8240365111561866,0.8224834417328003
1001,0.09905081987380981,0.9949290060851927,0.8235294117647058,0.8227817888895519
1002,0.08383585512638092,0.9969574036511156,0.8179513184584178,0.8194999701652843
1003,0.10381436347961426,0.9969574036511156,0.8078093306288032,0.813831374187004
1004,0.07745310664176941,0.9969574036511156,0.8128803245436106,0.8197983173220359
1005,0.10286150127649307,0.9949290060851927,0.8189655172413793,0.8266603019273226
1006,0.08626993745565414,0.9908722109533469,0.8199797160243407,0.8201563339101379
1007,0.11200368404388428,0.9949290060851927,0.8189655172413793,0.8214690613998449
1008,0.06484131515026093,0.9939148073022313,0.8113590263691683,0.8109672414821887
1009,0.11005542427301407,0.9969574036511156,0.8220081135902637,0.8181872426755773
1010,0.06698380410671234,0.9959432048681541,0.8250507099391481,0.8176502177934244
1011,0.0819351002573967,0.9959432048681541,0.8144016227180527,0.8197386478906856
1012,0.09041671454906464,0.9959432048681541,0.8042596348884381,0.8142490602064563
1013,0.10826389491558075,0.9959432048681541,0.8128803245436106,0.817948564950176
1014,0.10265112668275833,0.9939148073022313,0.8154158215010142,0.8202756727728385
1015,0.09457580000162125,0.9918864097363083,0.8108519269776876,0.8186645981263798
1016,0.0921173021197319,0.9949290060851927,0.8062880324543611,0.8068500507190166
1017,0.1135164126753807,0.9949290060851927,0.8103448275862069,0.8122202995405454
1018,0.10593926906585693,0.9979716024340771,0.8164300202839757,0.8180082343815264
1019,0.09456678479909897,0.9979716024340771,0.8189655172413793,0.820932036517692
1020,0.0713810920715332,0.9989858012170385,0.8230223123732252,0.820753028223641
1021,0.09235109388828278,0.9979716024340771,0.8230223123732252,0.8186049286950295
1022,0.06951270997524261,0.9949290060851927,0.8113590263691683,0.8126976549913479
1023,0.09510023891925812,0.9989858012170385,0.8098377281947262,0.8152634405394117
1024,0.09611525386571884,0.9979716024340771,0.8169371196754563,0.8172922012053225
1025,0.08852527290582657,0.9969574036511156,0.8220081135902637,0.8138910436183543
1026,0.10137638449668884,0.9989858012170385,0.8204868154158215,0.8175308789307237
1027,0.07357905805110931,0.9989858012170385,0.813894523326572,0.8119816218151441
1028,0.09561460465192795,0.9989858012170385,0.8128803245436106,0.8133540187362014
1029,0.06620462983846664,0.9989858012170385,0.8169371196754563,0.8115639357956919
1030,0.07173509150743484,0.9989858012170385,0.815922920892495,0.8100722000119339
1031,0.08546542376279831,0.9989858012170385,0.8067951318458418,0.8112655886389403
1032,0.06573791056871414,0.9989858012170385,0.8123732251521298,0.8126976549913479
1033,0.07158362865447998,0.9979716024340771,0.8108519269776876,0.8110865803448893
1034,0.08779560774564743,0.9989858012170385,0.8154158215010142,0.8159794737156155
1035,0.08370836079120636,0.9989858012170385,0.8225152129817445,0.8162778208723671
1036,0.047935519367456436,0.9979716024340771,0.8164300202839757,0.8082821170714243
1037,0.0700397938489914,0.9989858012170385,0.8103448275862069,0.811026910913539
1038,0.08141636103391647,0.9989858012170385,0.8169371196754563,0.8162778208723671
1039,0.06477045267820358,0.9969574036511156,0.821501014198783,0.8205740199295901
1040,0.07068413496017456,0.9989858012170385,0.8149087221095335,0.819619309027985
1041,0.10441747307777405,0.9989858012170385,0.8194726166328601,0.8158601348529149
1042,0.06465838104486465,0.9969574036511156,0.8093306288032455,0.8074467450325198
1043,0.07038329541683197,0.9959432048681541,0.8073022312373225,0.7999283966823796
1044,0.0793062373995781,0.9979716024340771,0.8103448275862069,0.8126379855599977
1045,0.09266268461942673,0.9908722109533469,0.8052738336713996,0.8082821170714243
1046,0.11981000006198883,0.9949290060851927,0.8067951318458418,0.8051196372098574
1047,0.1093839779496193,0.9959432048681541,0.800709939148073,0.7976609582910675
1048,0.13259796798229218,0.9949290060851927,0.8123732251521298,0.8166955068918194
1049,0.10853841155767441,0.9929006085192698,0.815922920892495,0.8201563339101379
1050,0.11820618808269501,0.9979716024340771,0.8275862068965517,0.8202756727728385
1051,0.09473230689764023,0.9989858012170385,0.813894523326572,0.8166955068918194
1052,0.10931850224733353,0.9989858012170385,0.8194726166328601,0.8158004654215645
1053,0.10610203444957733,0.9989858012170385,0.8240365111561866,0.8190226147144818
1054,0.09261882305145264,0.9989858012170385,0.8194726166328601,0.8225431111641506
1055,0.06715336441993713,1.0,0.8164300202839757,0.8215884002625455
1056,0.09998388588428497,0.9969574036511156,0.815922920892495,0.8169938540485709
1057,0.08130589872598648,0.9969574036511156,0.8144016227180527,0.8125783161286473
1058,0.10541152954101562,0.9979716024340771,0.8128803245436106,0.8149650933826601
1059,0.07372036576271057,0.9989858012170385,0.8123732251521298,0.8178292260874754
1060,0.09524451196193695,0.9989858012170385,0.815922920892495,0.821290053105794
1061,0.08421207964420319,0.9989858012170385,0.8144016227180527,0.820932036517692
1062,0.05680840089917183,0.9979716024340771,0.8088235294117647,0.8189032758517811
1063,0.0789642333984375,0.9989858012170385,0.8184584178498986,0.8220060862819978
1064,0.06616713851690292,1.0,0.8164300202839757,0.8209917059490424
1065,0.07826013118028641,1.0,0.8260649087221096,0.8231994749090041
1066,0.07757614552974701,0.9979716024340771,0.8179513184584178,0.8199176561847366
1067,0.07495688647031784,0.9969574036511156,0.8220081135902637,0.8211707142430933
1068,0.07655821740627289,0.9969574036511156,0.8362068965517241,0.8234381526344053
1069,0.06560036540031433,1.0,0.8392494929006086,0.8206336893609404
1070,0.08695539832115173,1.0,0.8184584178498986,0.8107882331881378
1071,0.07915280014276505,1.0,0.8154158215010142,0.8121009606778448
1072,0.08046722412109375,1.0,0.8260649087221096,0.8186645981263798
1073,0.07582110166549683,0.9979716024340771,0.8184584178498986,0.8180082343815264
1074,0.06630010157823563,0.9979716024340771,0.8133874239350912,0.8146667462259085
1075,0.08157538622617722,0.9989858012170385,0.8088235294117647,0.8033295542693478
1076,0.10259795933961868,0.9969574036511156,0.8108519269776876,0.8088788113849275
1077,0.08202151954174042,0.9989858012170385,0.8184584178498986,0.8171131929112716
1078,0.07175866514444351,1.0,0.8209939148073022,0.8218867474192971
1079,0.09336085617542267,0.9949290060851927,0.8128803245436106,0.8133540187362014
1080,0.10278362780809402,0.9959432048681541,0.8179513184584178,0.8127573244226982
1081,0.09357090294361115,0.9959432048681541,0.8184584178498986,0.8204546810668895
1082,0.09505097568035126,0.9979716024340771,0.8240365111561866,0.8236768303598067
1083,0.08290620148181915,0.9969574036511156,0.8209939148073022,0.8248105495554627
1084,0.08792069554328918,0.9898580121703854,0.8052738336713996,0.8174115400680232
1085,0.10884745419025421,0.9959432048681541,0.8174442190669371,0.8270183185154245
1086,0.1126469224691391,0.9969574036511156,0.8280933062880325,0.8294647652007876
1087,0.09659938514232635,0.9989858012170385,0.8301217038539553,0.828211707142431
1088,0.08426738530397415,0.9989858012170385,0.8265720081135902,0.8247508801241125
1089,0.07883331179618835,0.9979716024340771,0.8265720081135902,0.826898979652724
1090,0.08282528072595596,0.9979716024340771,0.8301217038539553,0.8284503848678322
1091,0.06345545500516891,0.9979716024340771,0.8245436105476673,0.8261232770451697
1092,0.08093804866075516,0.9979716024340771,0.821501014198783,0.8225431111641506
1093,0.10662303864955902,0.9989858012170385,0.8240365111561866,0.8240945163792589
1094,0.08059035986661911,0.9989858012170385,0.8204868154158215,0.8227221194582016
1095,0.07347623258829117,0.9969574036511156,0.8204868154158215,0.8199773256160868
1096,0.07628082484006882,0.9959432048681541,0.8078093306288032,0.812160630109195
1097,0.08479413390159607,0.9989858012170385,0.8073022312373225,0.8131750104421505
1098,0.06443899124860764,0.9969574036511156,0.8189655172413793,0.8208723670863417
1099,0.10472993552684784,0.9989858012170385,0.8184584178498986,0.8205143504982397
1100,0.08016394078731537,0.9979716024340771,0.8128803245436106,0.8115639357956919
1101,0.08650753647089005,0.9979716024340771,0.8189655172413793,0.8150844322453608
1102,0.08784367889165878,0.9979716024340771,0.815922920892495,0.8220060862819978
1103,0.06643177568912506,0.9979716024340771,0.8204868154158215,0.8209917059490424
1104,0.0999259203672409,0.9959432048681541,0.815922920892495,0.8172325317739721
1105,0.11033044755458832,0.9989858012170385,0.8184584178498986,0.8216480696938958
1106,0.09249963611364365,0.9979716024340771,0.8225152129817445,0.8223641028700996
1107,0.08969775587320328,0.9969574036511156,0.8174442190669371,0.819261292439883
1108,0.087187759578228,0.9989858012170385,0.8103448275862069,0.8120412912464944
1109,0.07922583073377609,0.9979716024340771,0.8199797160243407,0.824870218986813
1110,0.07118047773838043,0.9969574036511156,0.827079107505071,0.8280923682797303
1111,0.0913555696606636,0.9969574036511156,0.8250507099391481,0.8246912106927621
1112,0.0975203737616539,0.9989858012170385,0.8199797160243407,0.8174712094993735
1113,0.06343989819288254,1.0,0.8164300202839757,0.8135926964616027
1114,0.08181244879961014,1.0,0.8184584178498986,0.8219464168506474
1115,0.08073165267705917,0.9979716024340771,0.8189655172413793,0.8252879050062653
1116,0.05739578977227211,0.9989858012170385,0.8128803245436106,0.8195596395966347
1117,0.07559441030025482,0.9989858012170385,0.8169371196754563,0.8201563339101379
1118,0.0729290023446083,0.9979716024340771,0.8240365111561866,0.8171728623426219
1119,0.08528156578540802,0.9979716024340771,0.8220081135902637,0.8187839369890805
1120,0.08345414698123932,0.9979716024340771,0.8154158215010142,0.8194999701652843
1121,0.08362957090139389,0.9959432048681541,0.8174442190669371,0.8211707142430933
1122,0.09221761673688889,0.9959432048681541,0.8164300202839757,0.8221254251446983
1123,0.08008059859275818,0.9908722109533469,0.8154158215010142,0.8226624500268512
1124,0.13726525008678436,0.9979716024340771,0.8032454361054767,0.8099528611492333
1125,0.0970865860581398,0.9989858012170385,0.8062880324543611,0.8105495554627364
1126,0.09442181885242462,0.9929006085192698,0.8042596348884381,0.8094755056984307
1127,0.10194198787212372,0.9989858012170385,0.8133874239350912,0.8160391431469658
1128,0.0753813087940216,0.9959432048681541,0.8047667342799188,0.8076257533265708
1129,0.08195389062166214,0.9969574036511156,0.8118661257606491,0.8189032758517811
1130,0.08605004101991653,0.9969574036511156,0.8154158215010142,0.8211707142430933
1131,0.08455343544483185,0.9969574036511156,0.8209939148073022,0.8223044334387494
1132,0.0973939523100853,0.9959432048681541,0.8225152129817445,0.8165164985977683
1133,0.06738431006669998,0.9959432048681541,0.8184584178498986,0.8130556715794498
1134,0.09772451967000961,0.9969574036511156,0.8179513184584178,0.8143683990691569
1135,0.08336038887500763,0.9989858012170385,0.8220081135902637,0.8178292260874754
1136,0.0777367576956749,0.9989858012170385,0.8204868154158215,0.8215287308311952
1137,0.08942750841379166,0.9989858012170385,0.8189655172413793,0.8227817888895519
1138,0.07280164957046509,1.0,0.8184584178498986,0.8154424488334626
1139,0.07818768173456192,1.0,0.8149087221095335,0.8112655886389403
1140,0.08103097975254059,1.0,0.8189655172413793,0.818306581538278
1141,0.07010925561189651,0.9979716024340771,0.8199797160243407,0.8205740199295901
1142,0.07471758872270584,0.9989858012170385,0.8169371196754563,0.8153827794021123
1143,0.06923361867666245,0.9989858012170385,0.8220081135902637,0.8160988125783162
1144,0.08321403712034225,0.9989858012170385,0.8230223123732252,0.8187839369890805
1145,0.0823449194431305,0.9989858012170385,0.8184584178498986,0.8171728623426219
1146,0.08845994621515274,0.9989858012170385,0.8296146044624746,0.8199773256160868
1147,0.05597464740276337,0.9989858012170385,0.8321501014198783,0.8212303836744436
1148,0.08004758507013321,1.0,0.8265720081135902,0.8191419535771824
1149,0.07476125657558441,1.0,0.8199797160243407,0.8173518706366728
1150,0.08470910787582397,0.9979716024340771,0.8118661257606491,0.8172922012053225
1151,0.08259033411741257,0.9979716024340771,0.8098377281947262,0.813831374187004
1152,0.08679328113794327,0.9969574036511156,0.8047667342799188,0.8100722000119339
1153,0.10731801390647888,0.9979716024340771,0.8052738336713996,0.8129363327167493
1154,0.08807224780321121,0.9959432048681541,0.8022312373225152,0.8052986455039084
1155,0.07891207933425903,0.9959432048681541,0.8123732251521298,0.8185452592636793
1156,0.09827796369791031,0.9959432048681541,0.8164300202839757,0.8186049286950295
1157,0.09877751022577286,0.9949290060851927,0.8108519269776876,0.8154424488334626
1158,0.08716441690921783,0.9949290060851927,0.8073022312373225,0.8079837699146727
1159,0.12003909051418304,0.9949290060851927,0.8128803245436106,0.8143683990691569
1160,0.07911548763513565,0.9918864097363083,0.8088235294117647,0.8062533564055134
1161,0.12291958928108215,0.9969574036511156,0.8128803245436106,0.8033892237006981
1162,0.08927785605192184,0.9929006085192698,0.813894523326572,0.8039859180142013
1163,0.09495672583580017,0.9939148073022313,0.8204868154158215,0.8111462497762396
1164,0.08612319082021713,0.9969574036511156,0.8199797160243407,0.8171131929112716
1165,0.08235770463943481,0.9959432048681541,0.8078093306288032,0.8123993078345964
1166,0.08274290710687637,0.9959432048681541,0.815922920892495,0.8145474073632079
1167,0.09187649935483932,0.9959432048681541,0.8250507099391481,0.8217077391252461
1168,0.09298447519540787,0.9959432048681541,0.8265720081135902,0.8171728623426219
1169,0.09435108304023743,0.9969574036511156,0.8255578093306288,0.8139507130497047
1170,0.08913187682628632,0.9979716024340771,0.8204868154158215,0.8125783161286473
1171,0.07295127958059311,0.9979716024340771,0.8199797160243407,0.8167551763231696
1172,0.08963945508003235,0.9969574036511156,0.8255578093306288,0.8259442687511188
1173,0.07437955588102341,0.9959432048681541,0.8245436105476673,0.8261232770451697
1174,0.09506891667842865,0.9969574036511156,0.8230223123732252,0.8262426159078704
1175,0.09461049735546112,1.0,0.821501014198783,0.8200369950474372
1176,0.07916982471942902,1.0,0.8118661257606491,0.8071483978757682
1177,0.09068568795919418,1.0,0.8204868154158215,0.8187242675577302
1178,0.07095299661159515,0.9979716024340771,0.8204868154158215,0.823915508085208
1179,0.0787791833281517,0.9989858012170385,0.8189655172413793,0.8240945163792589
1180,0.07136912643909454,1.0,0.815922920892495,0.819619309027985
1181,0.08307518064975739,0.9979716024340771,0.8108519269776876,0.8165164985977683
1182,0.07338161021471024,1.0,0.813894523326572,0.8194999701652843
1183,0.05187176167964935,0.9989858012170385,0.8128803245436106,0.8195596395966347
1184,0.072170190513134,0.9989858012170385,0.8128803245436106,0.8178888955188257
1185,0.09391796588897705,0.9989858012170385,0.8184584178498986,0.8167551763231696
1186,0.05521680414676666,1.0,0.8113590263691683,0.8149054239513097
1187,0.07349928468465805,1.0,0.8144016227180527,0.8171131929112716
1188,0.07976701110601425,1.0,0.8073022312373225,0.8192016230085327
1189,0.08077002316713333,0.9929006085192698,0.808316430020284,0.815144101676711
1190,0.11896078288555145,0.9918864097363083,0.8189655172413793,0.8172922012053225
1191,0.09285581856966019,0.9908722109533469,0.8144016227180527,0.8102512083059848
1192,0.14156940579414368,0.9979716024340771,0.8057809330628803,0.8041052568769019
1193,0.13391587138175964,0.9969574036511156,0.8042596348884381,0.8180679038128766
1194,0.13309605419635773,0.9949290060851927,0.8078093306288032,0.8192016230085327
1195,0.08550169318914413,0.9979716024340771,0.813894523326572,0.8180082343815264
1196,0.08138435333967209,0.9969574036511156,0.808316430020284,0.809714183423832
1197,0.10383572429418564,0.9989858012170385,0.8062880324543611,0.8104898860313862
1198,0.0833001434803009,0.9959432048681541,0.8052738336713996,0.8089981502476281
1199,0.09555961936712265,0.9949290060851927,0.7976673427991886,0.7986156691926726
1200,0.07620875537395477,0.9939148073022313,0.7996957403651116,0.7970642639775642
1201,0.09220153838396072,0.9969574036511156,0.8062880324543611,0.8076257533265708
1202,0.08115057647228241,0.9979716024340771,0.8164300202839757,0.819261292439883
1203,0.09010195732116699,0.9979716024340771,0.8179513184584178,0.8247508801241125
1204,0.07916360348463058,0.9989858012170385,0.8144016227180527,0.8119816218151441
1205,0.1012493446469307,0.9969574036511156,0.8073022312373225,0.8070887284444179
1206,0.08917437493801117,0.9949290060851927,0.8149087221095335,0.8174115400680232
1207,0.10097704827785492,0.9929006085192698,0.8113590263691683,0.8162778208723671
1208,0.14382338523864746,0.9959432048681541,0.8154158215010142,0.8132943493048511
1209,0.1062447652220726,0.9979716024340771,0.8057809330628803,0.8070887284444179
1210,0.09185973554849625,1.0,0.8189655172413793,0.8180082343815264
1211,0.07801651954650879,0.9969574036511156,0.8169371196754563,0.8221850945760487
1212,0.10671903938055038,0.9969574036511156,0.8194726166328601,0.823557491497106
1213,0.07128487527370453,0.9989858012170385,0.8118661257606491,0.8190822841458321
1214,0.08387540280818939,0.9979716024340771,0.8164300202839757,0.8205143504982397
1215,0.07891375571489334,0.9979716024340771,0.8189655172413793,0.8214093919684945
1216,0.08415643125772476,1.0,0.8204868154158215,0.8184855898323289
1217,0.05921030044555664,0.9979716024340771,0.8047667342799188,0.8044632734650039
1218,0.05642464756965637,0.9959432048681541,0.7905679513184585,0.7934244286651948
1219,0.10829004645347595,0.9989858012170385,0.8149087221095335,0.8189032758517811
1220,0.08985626697540283,0.9939148073022313,0.8133874239350912,0.8175905483620741
1221,0.10738193243741989,0.9959432048681541,0.808316430020284,0.8135926964616027
1222,0.07200885564088821,0.9918864097363083,0.7920892494929006,0.7999283966823796
1223,0.10291776061058044,1.0,0.7986815415821501,0.8038069097201503
1224,0.1016295924782753,0.9979716024340771,0.8052738336713996,0.8100125305805835
1225,0.0693289265036583,0.9969574036511156,0.808316430020284,0.8145474073632079
1226,0.08087722957134247,0.9959432048681541,0.8118661257606491,0.8156214571275135
1227,0.08081690967082977,0.9989858012170385,0.8067951318458418,0.8129363327167493
1228,0.08442586660385132,1.0,0.808316430020284,0.8160988125783162
1229,0.0946170762181282,0.9989858012170385,0.8144016227180527,0.8189032758517811
1230,0.05846432223916054,0.9989858012170385,0.8103448275862069,0.818306581538278
1231,0.07040511816740036,0.9989858012170385,0.8067951318458418,0.8131750104421505
1232,0.06605462729930878,1.0,0.813894523326572,0.8159198042842651
1233,0.056550610810518265,1.0,0.8204868154158215,0.8206933587922907
1234,0.07009552419185638,0.9989858012170385,0.8108519269776876,0.8209917059490424
1235,0.056769512593746185,0.9989858012170385,0.8098377281947262,0.8183662509696282
1236,0.0864250659942627,0.9969574036511156,0.8123732251521298,0.8175905483620741
1237,0.09243805706501007,0.9989858012170385,0.8128803245436106,0.8194999701652843
1238,0.07420431822538376,1.0,0.808316430020284,0.8141297213437556
1239,0.08904388546943665,0.9989858012170385,0.8073022312373225,0.8082821170714243
1240,0.07342810928821564,0.9969574036511156,0.8123732251521298,0.8156811265588639
1241,0.1222883015871048,0.9979716024340771,0.8149087221095335,0.8190226147144818
1242,0.07141868770122528,0.9979716024340771,0.8204868154158215,0.8103705471686855
1243,0.07372983545064926,0.9969574036511156,0.821501014198783,0.8102512083059848
1244,0.08701370656490326,0.9989858012170385,0.8204868154158215,0.8210513753803926
1245,0.1140751838684082,0.9969574036511156,0.8123732251521298,0.8187839369890805
1246,0.11487481743097305,0.9979716024340771,0.8230223123732252,0.8184259204009786
1247,0.07810892909765244,0.9929006085192698,0.8108519269776876,0.7996897189569784
1248,0.11437703669071198,1.0,0.8164300202839757,0.8140700519124052
1249,0.06717542558908463,0.9979716024340771,0.8225152129817445,0.8227221194582016
1250,0.10602175444364548,0.9989858012170385,0.8296146044624746,0.8223641028700996
1251,0.1009521335363388,0.9989858012170385,0.8184584178498986,0.8161584820096665
1252,0.09707135707139969,1.0,0.8199797160243407,0.8182469121069276
1253,0.0894540324807167,0.9969574036511156,0.8235294117647058,0.8199773256160868
1254,0.09185010939836502,0.9969574036511156,0.8194726166328601,0.8186645981263798
1255,0.09913777559995651,0.9989858012170385,0.8174442190669371,0.8169938540485709
1256,0.07349567860364914,1.0,0.815922920892495,0.8187242675577302
1257,0.07884519547224045,1.0,0.8184584178498986,0.8187242675577302
1258,0.07046127319335938,0.9989858012170385,0.8189655172413793,0.815323109970762
1259,0.0640769973397255,0.9989858012170385,0.8179513184584178,0.8149054239513097
1260,0.07303781062364578,1.0,0.8225152129817445,0.8184855898323289
1261,0.05482365936040878,0.9989858012170385,0.815922920892495,0.8147264156572588
1262,0.06678567826747894,0.9979716024340771,0.8133874239350912,0.8110865803448893
1263,0.08397632837295532,0.9979716024340771,0.815922920892495,0.8177098872247748
1264,0.08832193911075592,0.9939148073022313,0.8240365111561866,0.8216480696938958
1265,0.09232938289642334,0.9939148073022313,0.8174442190669371,0.8190226147144818
1266,0.08108902722597122,0.9969574036511156,0.8174442190669371,0.8169341846172206
1267,0.07583341002464294,0.9979716024340771,0.8073022312373225,0.8163374903037174
1268,0.0940060168504715,0.9989858012170385,0.8128803245436106,0.8216480696938958
1269,0.07957376539707184,0.9959432048681541,0.815922920892495,0.8211707142430933
1270,0.11002029478549957,0.9949290060851927,0.815922920892495,0.8163374903037174
1271,0.07720205932855606,0.9908722109533469,0.8154158215010142,0.8079241004833224
1272,0.09594254195690155,0.9959432048681541,0.8189655172413793,0.8134136881675518
1273,0.07665937393903732,0.9959432048681541,0.8184584178498986,0.8219464168506474
1274,0.09088819473981857,0.9939148073022313,0.8133874239350912,0.8160391431469658
1275,0.09433950483798981,0.9969574036511156,0.8037525354969574,0.8075660838952204
1276,0.08790035545825958,0.9989858012170385,0.8164300202839757,0.8145474073632079
1277,0.06394665688276291,0.9969574036511156,0.8123732251521298,0.8171728623426219
1278,0.08286050707101822,0.9959432048681541,0.8194726166328601,0.8200966644787875
1279,0.09052020311355591,0.9959432048681541,0.821501014198783,0.8200369950474372
1280,0.06621070951223373,0.9969574036511156,0.8240365111561866,0.8205740199295901
1281,0.07407781481742859,0.9979716024340771,0.8240365111561866,0.8245122023987111
1282,0.08289440721273422,0.9989858012170385,0.8265720081135902,0.8282713765737812
1283,0.06268974393606186,1.0,0.8204868154158215,0.8236171609284564
1284,0.05855681374669075,1.0,0.8174442190669371,0.8155617876961633
1285,0.08950729668140411,0.9989858012170385,0.813894523326572,0.8092368279730294
1286,0.0689018964767456,0.9989858012170385,0.8230223123732252,0.8186645981263798
1287,0.06977381557226181,0.9949290060851927,0.8255578093306288,0.8208126976549913
1288,0.09249746054410934,0.9979716024340771,0.827079107505071,0.820753028223641
1289,0.053575363010168076,0.9979716024340771,0.8164300202839757,0.8184259204009786
1290,0.08414360135793686,0.9979716024340771,0.8209939148073022,0.8168745151858703
1291,0.06963449716567993,0.9989858012170385,0.8164300202839757,0.8187839369890805
1292,0.07816498726606369,0.9979716024340771,0.8209939148073022,0.8182469121069276
1293,0.08753026276826859,0.9989858012170385,0.8245436105476673,0.8174115400680232
1294,0.08815857023000717,0.9979716024340771,0.8169371196754563,0.8129363327167493
1295,0.09092562645673752,0.9979716024340771,0.8174442190669371,0.8136523658929531
1296,0.05277082324028015,0.9969574036511156,0.8220081135902637,0.8193806313025837
1297,0.08243908733129501,0.9959432048681541,0.8149087221095335,0.8172922012053225
1298,0.10576395690441132,0.9979716024340771,0.8123732251521298,0.8156811265588639
1299,0.1046527773141861,1.0,0.8118661257606491,0.818306581538278
1300,0.09637483954429626,0.9979716024340771,0.8062880324543611,0.8110865803448893
1301,0.09978999197483063,0.9969574036511156,0.8133874239350912,0.8155617876961633
1302,0.08801703155040741,0.9949290060851927,0.8189655172413793,0.821290053105794
1303,0.07342098653316498,0.9929006085192698,0.8144016227180527,0.8193209618712334
1304,0.09434201568365097,0.9929006085192698,0.8052738336713996,0.806909720150367
1305,0.08083581924438477,0.9929006085192698,0.8012170385395537,0.8029715376812459
1306,0.11205336451530457,0.9949290060851927,0.8133874239350912,0.8102512083059848
1307,0.1031731516122818,0.9929006085192698,0.8133874239350912,0.8111462497762396
1308,0.1212162971496582,0.9929006085192698,0.8118661257606491,0.8109075720508384
1309,0.09965842962265015,0.9949290060851927,0.8052738336713996,0.802613521093144
1310,0.10865755379199982,0.9969574036511156,0.8118661257606491,0.8134136881675518
1311,0.08664805442094803,0.9989858012170385,0.8174442190669371,0.8221254251446983
1312,0.11815531551837921,0.9979716024340771,0.8123732251521298,0.8158004654215645
1313,0.08246210217475891,0.9969574036511156,0.8047667342799188,0.8110865803448893
1314,0.0844823569059372,0.9989858012170385,0.815922920892495,0.8130556715794498
1315,0.07612207531929016,0.9979716024340771,0.8078093306288032,0.8163374903037174
1316,0.06858415901660919,0.9979716024340771,0.8118661257606491,0.8172922012053225
1317,0.07657433301210403,0.9969574036511156,0.8118661257606491,0.8128169938540486
1318,0.08695919066667557,0.9969574036511156,0.8057809330628803,0.8092964974043797
1319,0.08658399432897568,0.9979716024340771,0.8103448275862069,0.8147860850886091
1320,0.06990373134613037,0.9969574036511156,0.8113590263691683,0.8178292260874754
1321,0.06781270354986191,0.9959432048681541,0.8184584178498986,0.8200966644787875
1322,0.083615243434906,0.9969574036511156,0.8199797160243407,0.8189032758517811
1323,0.0934729278087616,0.9949290060851927,0.8169371196754563,0.8119219523837938
1324,0.10119110345840454,0.9949290060851927,0.8199797160243407,0.819440300733934
1325,0.06697682291269302,0.9969574036511156,0.8164300202839757,0.8224834417328003
1326,0.08208852261304855,0.9979716024340771,0.8128803245436106,0.8187242675577302
1327,0.06507430970668793,0.9979716024340771,0.8123732251521298,0.8125783161286473
1328,0.08507231622934341,0.9979716024340771,0.8113590263691683,0.8149054239513097
1329,0.08605658262968063,0.9969574036511156,0.8164300202839757,0.8191419535771824
1330,0.0924321785569191,0.9979716024340771,0.8245436105476673,0.822602780595501
1331,0.08531747758388519,0.9979716024340771,0.8260649087221096,0.8186645981263798
1332,0.07592227309942245,0.9969574036511156,0.8057809330628803,0.8099528611492333
1333,0.11947473138570786,0.9989858012170385,0.8260649087221096,0.821290053105794
1334,0.06417903304100037,0.9969574036511156,0.8260649087221096,0.8267796407900233
1335,0.09880144149065018,0.9979716024340771,0.8275862068965517,0.826540963064622
1336,0.07295209914445877,0.9989858012170385,0.8240365111561866,0.8240348469479086
1337,0.09534621238708496,0.9979716024340771,0.8184584178498986,0.8184855898323289
1338,0.09621423482894897,0.9979716024340771,0.8149087221095335,0.825228235574915
1339,0.08055131137371063,1.0,0.815922920892495,0.8236171609284564
1340,0.08927252143621445,1.0,0.8189655172413793,0.8246315412614118
1341,0.08092744648456573,1.0,0.8174442190669371,0.8206336893609404
1342,0.07971443980932236,0.9989858012170385,0.8194726166328601,0.8230801360463035
1343,0.08082105219364166,0.9989858012170385,0.8169371196754563,0.8191419535771824
1344,0.0835583433508873,0.9979716024340771,0.8113590263691683,0.8180679038128766
1345,0.1035473421216011,0.9969574036511156,0.815922920892495,0.8168745151858703
1346,0.09752096980810165,0.9969574036511156,0.8225152129817445,0.820932036517692
1347,0.10823331773281097,0.9929006085192698,0.829107505070994,0.8228414583209022
1348,0.10206004977226257,0.9939148073022313,0.8311359026369168,0.8230801360463035
1349,0.087378591299057,0.9939148073022313,0.8245436105476673,0.8199773256160868
1350,0.08868878334760666,0.9949290060851927,0.8184584178498986,0.819261292439883
1351,0.08662208914756775,0.9959432048681541,0.8225152129817445,0.8185452592636793
1352,0.08656911551952362,0.9959432048681541,0.8108519269776876,0.8091174891103288
1353,0.10671661049127579,0.9959432048681541,0.8164300202839757,0.8150844322453608
1354,0.07156328111886978,0.9959432048681541,0.8133874239350912,0.8127573244226982
1355,0.09140957146883011,0.9908722109533469,0.8133874239350912,0.818127573244227
1356,0.12965041399002075,0.9898580121703854,0.8144016227180527,0.8190822841458321
1357,0.12912516295909882,0.9939148073022313,0.8012170385395537,0.8092368279730294
1358,0.11581844836473465,0.9969574036511156,0.802738336713996,0.8075660838952204
1359,0.09423571825027466,0.9959432048681541,0.8154158215010142,0.8212303836744436
1360,0.10624971985816956,0.9969574036511156,0.8184584178498986,0.8264216242019213
1361,0.11080548912286758,0.9949290060851927,0.821501014198783,0.8264216242019213
1362,0.10562551021575928,0.9979716024340771,0.8169371196754563,0.816635837460469
1363,0.08892599493265152,0.9959432048681541,0.8154158215010142,0.8171131929112716
1364,0.07854440063238144,0.9969574036511156,0.8230223123732252,0.8217077391252461
1365,0.08331853151321411,0.9979716024340771,0.8235294117647058,0.8277343516916283
1366,0.09340110421180725,0.9969574036511156,0.8286004056795132,0.8294647652007876
1367,0.07764992117881775,0.9959432048681541,0.8245436105476673,0.8261829464765201
1368,0.07819966971874237,0.9969574036511156,0.8225152129817445,0.8252879050062653
1369,0.07989136874675751,0.9979716024340771,0.821501014198783,0.8260039381824691
1370,0.06273023039102554,0.9989858012170385,0.8209939148073022,0.8284503848678322
1371,0.08427562564611435,0.9979716024340771,0.8149087221095335,0.8274956739662271
1372,0.0827937126159668,0.9989858012170385,0.8093306288032455,0.8233784832030551
1373,0.07399014383554459,0.9989858012170385,0.815922920892495,0.8234978220657557
1374,0.061739783734083176,0.9979716024340771,0.8118661257606491,0.8196789784593352
1375,0.06118779629468918,0.9989858012170385,0.8113590263691683,0.8175308789307237
1376,0.07380343228578568,0.9989858012170385,0.815922920892495,0.81681484575452
1377,0.05977687984704971,0.9979716024340771,0.8179513184584178,0.8223044334387494
1378,0.06958510726690292,0.9989858012170385,0.8209939148073022,0.8142490602064563
1379,0.0823354423046112,0.9989858012170385,0.8240365111561866,0.81681484575452
1380,0.07447072118520737,0.9979716024340771,0.8296146044624746,0.8254669133003163
1381,0.08523571491241455,0.9989858012170385,0.8301217038539553,0.8276150128289277
1382,0.07156915217638016,1.0,0.8169371196754563,0.8154424488334626
1383,0.10062924772500992,0.9979716024340771,0.8098377281947262,0.8035085625633988
1384,0.08989933878183365,0.9959432048681541,0.8245436105476673,0.8231994749090041
1385,0.0918128490447998,0.9969574036511156,0.8275862068965517,0.8257652604570679
1386,0.09690915793180466,0.9929006085192698,0.8275862068965517,0.8195596395966347
1387,0.08887479454278946,0.9969574036511156,0.8113590263691683,0.8112655886389403
1388,0.0765988901257515,0.9979716024340771,0.8098377281947262,0.8120412912464944
1389,0.06814710795879364,0.9959432048681541,0.8179513184584178,0.8200369950474372
1390,0.0657607838511467,0.9949290060851927,0.8179513184584178,0.8206336893609404
1391,0.07803364098072052,0.9959432048681541,0.8154158215010142,0.8163971597350678
1392,0.09821373969316483,0.9979716024340771,0.8174442190669371,0.8130556715794498
1393,0.07794583588838577,1.0,0.8230223123732252,0.8149650933826601
1394,0.07216589897871017,0.9989858012170385,0.8184584178498986,0.8186049286950295
1395,0.08544152230024338,0.9989858012170385,0.8179513184584178,0.8174712094993735
1396,0.09655958414077759,0.9989858012170385,0.8073022312373225,0.8142490602064563
1397,0.07036281377077103,0.9959432048681541,0.8103448275862069,0.8079241004833224
1398,0.09673770517110825,0.9979716024340771,0.808316430020284,0.8160988125783162
1399,0.08618590980768204,0.9949290060851927,0.8123732251521298,0.8137717047556536
1400,0.12760013341903687,0.9959432048681541,0.8123732251521298,0.8067307118563161
1401,0.10453122854232788,0.9979716024340771,0.8032454361054767,0.796825586252163
1402,0.11870932579040527,0.9979716024340771,0.813894523326572,0.8206336893609404
1403,0.10086361318826675,0.9888438133874239,0.8144016227180527,0.8187839369890805
1404,0.13548433780670166,0.9979716024340771,0.8133874239350912,0.8202160033414881
1405,0.08378254622220993,0.9979716024340771,0.8194726166328601,0.8233784832030551
1406,0.10114026814699173,0.9969574036511156,0.8220081135902637,0.8172922012053225
1407,0.1254718154668808,0.9989858012170385,0.8321501014198783,0.8275553433975774
1408,0.07281839102506638,0.9949290060851927,0.8306288032454361,0.825228235574915
1409,0.09817502647638321,0.9959432048681541,0.829107505070994,0.8280923682797303
1410,0.10155177861452103,0.9949290060851927,0.8306288032454361,0.8243331941046602
1411,0.07895486056804657,0.9959432048681541,0.8144016227180527,0.8154424488334626
1412,0.09620123356580734,0.9979716024340771,0.8128803245436106,0.813831374187004
1413,0.0784778818488121,0.9979716024340771,0.821501014198783,0.8190822841458321
1414,0.07352269440889359,0.9979716024340771,0.8225152129817445,0.8204546810668895
1415,0.08389463275671005,0.9959432048681541,0.821501014198783,0.818306581538278
1416,0.07854924350976944,0.9949290060851927,0.8128803245436106,0.8129960021480995
1417,0.0804113820195198,0.9959432048681541,0.8088235294117647,0.8077450921892715
1418,0.09291142970323563,0.9969574036511156,0.8098377281947262,0.8114445969329912
1419,0.08646280318498611,0.9969574036511156,0.8123732251521298,0.815144101676711
1420,0.07541175186634064,0.9959432048681541,0.8073022312373225,0.8083417865027747
1421,0.09700334072113037,0.9969574036511156,0.8078093306288032,0.8120412912464944
1422,0.07330802083015442,0.9979716024340771,0.8209939148073022,0.8223641028700996
1423,0.07036420702934265,0.9959432048681541,0.8204868154158215,0.8246912106927621
1424,0.10091167688369751,0.9969574036511156,0.8194726166328601,0.8267796407900233
1425,0.07021985203027725,0.9949290060851927,0.8149087221095335,0.8183662509696282
1426,0.11057230830192566,0.9979716024340771,0.8220081135902637,0.822244764007399
1427,0.09195444732904434,0.9989858012170385,0.8245436105476673,0.8255862521630168
1428,0.06608129292726517,0.9989858012170385,0.8265720081135902,0.8242735246733098
1429,0.06745793670415878,1.0,0.8199797160243407,0.8217077391252461
1430,0.07546568661928177,1.0,0.8174442190669371,0.8176502177934244
1431,0.06628882884979248,0.9989858012170385,0.8133874239350912,0.8102512083059848
1432,0.09019757807254791,1.0,0.8164300202839757,0.8135926964616027
1433,0.0690547302365303,1.0,0.8118661257606491,0.8129960021480995
1434,0.06642485409975052,0.9989858012170385,0.8123732251521298,0.8118026135210932
1435,0.0722435861825943,1.0,0.8118661257606491,0.8104898860313862
1436,0.08104509115219116,1.0,0.8047667342799188,0.8106092248940867
1437,0.08842676877975464,0.9989858012170385,0.8017241379310345,0.8125783161286473
1438,0.05982085317373276,0.9969574036511156,0.8032454361054767,0.8132943493048511
1439,0.07562855631113052,0.9939148073022313,0.8078093306288032,0.8072677367384689
1440,0.10202786326408386,0.9949290060851927,0.8133874239350912,0.8085207947968256
1441,0.11320805549621582,0.9969574036511156,0.8118661257606491,0.8139507130497047
1442,0.11498027294874191,0.9949290060851927,0.8174442190669371,0.8143683990691569
1443,0.09472224116325378,0.9959432048681541,0.8169371196754563,0.812339638403246
1444,0.08540588617324829,0.9969574036511156,0.8174442190669371,0.812518646697297
1445,0.08177381008863449,0.9989858012170385,0.8184584178498986,0.813473357598902
1446,0.08126109093427658,0.9989858012170385,0.8230223123732252,0.8135926964616027
1447,0.09051903337240219,0.9979716024340771,0.8240365111561866,0.8158004654215645
1448,0.09437022358179092,0.9969574036511156,0.8194726166328601,0.8126379855599977
1449,0.12005000561475754,0.9969574036511156,0.8301217038539553,0.8208723670863417
1450,0.08777401596307755,0.9979716024340771,0.8255578093306288,0.8176502177934244
1451,0.07242906093597412,0.9959432048681541,0.8179513184584178,0.8116236052270421
1452,0.0903087854385376,0.9929006085192698,0.8164300202839757,0.8054179843666089
1453,0.10573385655879974,0.9979716024340771,0.813894523326572,0.8119816218151441
1454,0.07359974831342697,0.9959432048681541,0.8098377281947262,0.8089384808162778
1455,0.11844397336244583,0.9979716024340771,0.8118661257606491,0.8113849275016409
1456,0.10193964838981628,0.9989858012170385,0.8154158215010142,0.8146070767945581
1457,0.09863987565040588,0.9969574036511156,0.8275862068965517,0.8211707142430933
1458,0.10714717209339142,0.9959432048681541,0.8255578093306288,0.817948564950176
1459,0.08708351850509644,0.9979716024340771,0.8316430020283976,0.8178292260874754
1460,0.07701949775218964,0.9969574036511156,0.8179513184584178,0.8154424488334626
1461,0.07302816212177277,0.9959432048681541,0.8113590263691683,0.8093561668357301
1462,0.0887477770447731,0.9959432048681541,0.8103448275862069,0.8089384808162778
1463,0.10024038702249527,0.9989858012170385,0.8154158215010142,0.8097738528551823
1464,0.0764039158821106,1.0,0.821501014198783,0.8169341846172206
1465,0.07244379818439484,0.9959432048681541,0.8280933062880325,0.819440300733934
1466,0.08931512385606766,0.9939148073022313,0.827079107505071,0.8196789784593352
1467,0.09562595188617706,0.9939148073022313,0.813894523326572,0.8068500507190166
1468,0.09401340782642365,0.9969574036511156,0.8204868154158215,0.8171131929112716
1469,0.08094090968370438,0.9969574036511156,0.8301217038539553,0.8229011277522525
1470,0.102077417075634,0.9979716024340771,0.8240365111561866,0.8231398054776538
1471,0.07445120811462402,0.9979716024340771,0.8189655172413793,0.8163374903037174
1472,0.12527990341186523,0.9989858012170385,0.8230223123732252,0.8194999701652843
1473,0.07761400192975998,0.9979716024340771,0.8280933062880325,0.8271376573781252
1474,0.08259302377700806,0.9969574036511156,0.8280933062880325,0.8261232770451697
1475,0.08532022684812546,0.9979716024340771,0.8265720081135902,0.8215287308311952
1476,0.0751306414604187,0.9979716024340771,0.8199797160243407,0.8166955068918194
1477,0.08384162932634354,0.9979716024340771,0.8230223123732252,0.8149650933826601
1478,0.07134240120649338,1.0,0.8296146044624746,0.8155617876961633
1479,0.08139978349208832,0.9959432048681541,0.8230223123732252,0.8146667462259085
1480,0.09331001341342926,1.0,0.8199797160243407,0.8169938540485709
1481,0.08132924139499664,0.9989858012170385,0.8199797160243407,0.81120591920759
1482,0.09089063107967377,1.0,0.8189655172413793,0.8150844322453608
1483,0.06882006675004959,1.0,0.8133874239350912,0.8149054239513097
1484,0.09757909923791885,1.0,0.8225152129817445,0.8185452592636793
1485,0.0685305967926979,1.0,0.8230223123732252,0.816456829166418
1486,0.07642105966806412,1.0,0.8235294117647058,0.8180679038128766
1487,0.05159151926636696,0.9989858012170385,0.8235294117647058,0.819440300733934
1488,0.09002973884344101,0.9989858012170385,0.8199797160243407,0.8206336893609404
1489,0.07012268155813217,0.9979716024340771,0.8189655172413793,0.8186645981263798
1490,0.07124179601669312,0.9989858012170385,0.8230223123732252,0.8218867474192971
1491,0.0651959702372551,1.0,0.8250507099391481,0.8191419535771824
1492,0.06054152920842171,0.9989858012170385,0.8230223123732252,0.8200369950474372
1493,0.06542062759399414,0.9959432048681541,0.821501014198783,0.8227221194582016
1494,0.06598743051290512,0.9959432048681541,0.8230223123732252,0.8233188137717048
1495,0.11691717058420181,0.9989858012170385,0.8260649087221096,0.8285100542991826
1496,0.07790758460760117,0.9989858012170385,0.834685598377282,0.823915508085208
1497,0.08617142587900162,0.9969574036511156,0.8280933062880325,0.8225431111641506
1498,0.07252533733844757,0.9979716024340771,0.8240365111561866,0.8186049286950295
1499,0.08983375877141953,0.9989858012170385,0.8336713995943205,0.8254072438689659
1500,0.10551336407661438,0.9959432048681541,0.827079107505071,0.817948564950176
1501,0.10111403465270996,0.9939148073022313,0.8209939148073022,0.8133540187362014
1502,0.08655580133199692,0.9949290060851927,0.8128803245436106,0.815144101676711
1503,0.08476482331752777,0.9969574036511156,0.8260649087221096,0.8157407959902142
1504,0.08732674270868301,0.9979716024340771,0.8199797160243407,0.8093561668357301
1505,0.0788426399230957,0.9959432048681541,0.8351926977687627,0.8204546810668895
1506,0.07751444727182388,0.9918864097363083,0.8367139959432048,0.8218867474192971
1507,0.0751556009054184,0.9918864097363083,0.8336713995943205,0.8161584820096665
1508,0.13464784622192383,0.9959432048681541,0.8321501014198783,0.8241541858106092
1509,0.11395632475614548,0.9918864097363083,0.8372210953346856,0.8296437734948386
1510,0.08529902994632721,0.9949290060851927,0.8316430020283976,0.8260636076138195
1511,0.11135443300008774,0.9979716024340771,0.8265720081135902,0.8174712094993735
1512,0.09866294264793396,0.9989858012170385,0.8260649087221096,0.820753028223641
1513,0.07980089634656906,0.9989858012170385,0.8220081135902637,0.8132943493048511
1514,0.08210793137550354,0.9979716024340771,0.8240365111561866,0.8170535234799212
1515,0.08627574890851974,0.9989858012170385,0.8296146044624746,0.8180679038128766
1516,0.08194159716367722,0.9959432048681541,0.8250507099391481,0.8178888955188257
1517,0.10049112141132355,0.9949290060851927,0.8184584178498986,0.8144280685005072
1518,0.08493342995643616,0.9979716024340771,0.8250507099391481,0.819619309027985
1519,0.0806627869606018,0.9989858012170385,0.8250507099391481,0.8242138552419596
1520,0.06310485303401947,1.0,0.829107505070994,0.819619309027985
1521,0.0672416165471077,1.0,0.827079107505071,0.812160630109195
1522,0.1008128896355629,1.0,0.8301217038539553,0.8198579867533863
1523,0.054245125502347946,1.0,0.8286004056795132,0.8221254251446983
1524,0.08224516361951828,1.0,0.8326572008113591,0.8223044334387494
1525,0.06136726215481758,0.9989858012170385,0.8286004056795132,0.8199176561847366
1526,0.07223735004663467,0.9979716024340771,0.8088235294117647,0.8081627782087236
1527,0.10720142722129822,0.9989858012170385,0.8174442190669371,0.8158601348529149
1528,0.09072694927453995,0.9939148073022313,0.8179513184584178,0.8188436064204309
1529,0.1084752082824707,0.9949290060851927,0.8209939148073022,0.8158601348529149
1530,0.09013961255550385,0.9939148073022313,0.8250507099391481,0.8054179843666089
1531,0.09575750678777695,0.9959432048681541,0.8225152129817445,0.810847902619488
1532,0.10577915608882904,0.9949290060851927,0.8265720081135902,0.8206336893609404
1533,0.0820966511964798,0.9939148073022313,0.8255578093306288,0.8219464168506474
1534,0.10946155339479446,0.9949290060851927,0.8164300202839757,0.8149054239513097
1535,0.10705927014350891,0.9969574036511156,0.8189655172413793,0.8135926964616027
1536,0.08396705240011215,0.9989858012170385,0.821501014198783,0.8156214571275135
1537,0.08395057916641235,1.0,0.8169371196754563,0.8093561668357301
1538,0.057389166206121445,0.9989858012170385,0.8230223123732252,0.8156811265588639
1539,0.09721388667821884,0.9959432048681541,0.8235294117647058,0.8188436064204309
1540,0.10967745631933212,0.9918864097363083,0.8154158215010142,0.8139507130497047
1541,0.139020636677742,0.9969574036511156,0.8194726166328601,0.8146070767945581
1542,0.08438078314065933,0.9959432048681541,0.8149087221095335,0.8060743481114625
1543,0.0881861001253128,0.9939148073022313,0.8149087221095335,0.8079837699146727
1544,0.07957436144351959,0.9949290060851927,0.8225152129817445,0.8186645981263798
1545,0.0669860690832138,0.9989858012170385,0.8260649087221096,0.8214690613998449
1546,0.07988861203193665,0.9979716024340771,0.8275862068965517,0.8231398054776538
1547,0.09263087809085846,0.9979716024340771,0.8209939148073022,0.8242735246733098
1548,0.07024217396974564,0.9979716024340771,0.815922920892495,0.8148457545199594
1549,0.065933458507061,0.9979716024340771,0.8108519269776876,0.8123993078345964
1550,0.07958689332008362,0.9989858012170385,0.8235294117647058,0.8234381526344053
1551,0.05834933742880821,0.9969574036511156,0.8230223123732252,0.8248105495554627
1552,0.08030477911233902,0.9979716024340771,0.8260649087221096,0.8254072438689659
1553,0.051326729357242584,0.9979716024340771,0.815922920892495,0.8191419535771824
1554,0.07668084651231766,0.9979716024340771,0.8184584178498986,0.8261232770451697
1555,0.07017873972654343,0.9949290060851927,0.8225152129817445,0.8270779879467749
1556,0.10023532062768936,0.9979716024340771,0.8189655172413793,0.8202160033414881
1557,0.07649785280227661,0.9939148073022313,0.8189655172413793,0.8203950116355391
1558,0.08523184061050415,0.9949290060851927,0.8260649087221096,0.8260636076138195
1559,0.10613816976547241,0.9949290060851927,0.8225152129817445,0.8245122023987111
1560,0.09153074026107788,0.9939148073022313,0.8194726166328601,0.8118026135210932
1561,0.10469026863574982,0.9969574036511156,0.8189655172413793,0.8202160033414881
1562,0.06425905227661133,0.9979716024340771,0.8209939148073022,0.8199176561847366
1563,0.0912877768278122,0.9989858012170385,0.8169371196754563,0.815144101676711
1564,0.09944318234920502,0.9989858012170385,0.8108519269776876,0.8107285637567874
1565,0.07357078045606613,0.9979716024340771,0.8133874239350912,0.8127573244226982
1566,0.08521444350481033,1.0,0.8189655172413793,0.8206336893609404
1567,0.07162511348724365,0.9989858012170385,0.8240365111561866,0.8240945163792589
1568,0.07272578775882721,0.9989858012170385,0.8225152129817445,0.8197983173220359
1569,0.07272002846002579,0.9969574036511156,0.8209939148073022,0.8204546810668895
1570,0.08351396024227142,0.9969574036511156,0.8280933062880325,0.8220657557133481
1571,0.08513513952493668,0.9969574036511156,0.8204868154158215,0.8209917059490424
1572,0.07583031803369522,0.9989858012170385,0.8225152129817445,0.8252879050062653
1573,0.09090607613325119,0.9959432048681541,0.8164300202839757,0.820932036517692
1574,0.0831315815448761,0.9969574036511156,0.8230223123732252,0.8264216242019213
1575,0.0847393050789833,0.9969574036511156,0.8235294117647058,0.8246315412614118
1576,0.07296715676784515,0.9969574036511156,0.815922920892495,0.8189629452831314
1577,0.07927674800157547,0.9979716024340771,0.8062880324543611,0.8066710424249657
1578,0.0993926078081131,0.9969574036511156,0.8144016227180527,0.8154424488334626
1579,0.10176604241132736,0.9979716024340771,0.8154158215010142,0.8172325317739721
1580,0.10996206104755402,0.9989858012170385,0.8113590263691683,0.8135926964616027
1581,0.07818439602851868,0.9969574036511156,0.8078093306288032,0.8101915388746346
1582,0.07430614531040192,1.0,0.8265720081135902,0.8189032758517811
1583,0.06105618178844452,0.9989858012170385,0.8250507099391481,0.8184855898323289
1584,0.0821462944149971,0.9969574036511156,0.8174442190669371,0.8142490602064563
1585,0.13412965834140778,0.9979716024340771,0.8220081135902637,0.8189032758517811
1586,0.07541941106319427,0.9989858012170385,0.8235294117647058,0.8231398054776538
1587,0.08153259009122849,0.9969574036511156,0.8204868154158215,0.824870218986813
1588,0.08707018941640854,0.9959432048681541,0.8179513184584178,0.8246912106927621
1589,0.0754641517996788,0.9989858012170385,0.8230223123732252,0.8223641028700996
1590,0.08404489606618881,0.9979716024340771,0.8280933062880325,0.8220060862819978
1591,0.09470383822917938,0.9979716024340771,0.8250507099391481,0.8214093919684945
1592,0.06744062900543213,0.9979716024340771,0.8265720081135902,0.8243331941046602
1593,0.08977274596691132,0.9989858012170385,0.829107505070994,0.8190822841458321
1594,0.08376852422952652,0.9989858012170385,0.8184584178498986,0.8163374903037174
1595,0.08173563331365585,0.9969574036511156,0.8220081135902637,0.8227817888895519
1596,0.09044905751943588,0.9949290060851927,0.8280933062880325,0.8270779879467749
1597,0.08837763965129852,0.9908722109533469,0.8311359026369168,0.8289874097499851
1598,0.08741508424282074,0.9918864097363083,0.8311359026369168,0.8268393102213736
1599,0.08312210440635681,0.9959432048681541,0.8245436105476673,0.8200966644787875
1600,0.12235362082719803,0.9959432048681541,0.8174442190669371,0.8143683990691569
1601,0.1290820986032486,0.9949290060851927,0.8133874239350912,0.8138910436183543
1602,0.09518647193908691,0.9949290060851927,0.8209939148073022,0.822244764007399
1603,0.08966145664453506,0.9918864097363083,0.8144016227180527,0.8177098872247748
1604,0.11959967017173767,0.9969574036511156,0.8174442190669371,0.8187242675577302
1605,0.09067262709140778,0.9979716024340771,0.8103448275862069,0.8085804642281759
1606,0.08140167593955994,0.9929006085192698,0.8062880324543611,0.8008831075839847
1607,0.11594301462173462,0.9979716024340771,0.8209939148073022,0.8175308789307237
1608,0.10918863117694855,0.9918864097363083,0.8250507099391481,0.8195596395966347
1609,0.10535410791635513,0.9949290060851927,0.8230223123732252,0.8215287308311952
1610,0.08642790466547012,0.9959432048681541,0.8199797160243407,0.8175308789307237
1611,0.10001911967992783,0.9939148073022313,0.8184584178498986,0.8105495554627364
1612,0.09429997205734253,0.9989858012170385,0.8260649087221096,0.817948564950176
1613,0.09326653927564621,0.9979716024340771,0.8311359026369168,0.8184259204009786
1614,0.0701741948723793,0.9989858012170385,0.8255578093306288,0.8175308789307237
1615,0.08383678644895554,0.9979716024340771,0.8296146044624746,0.8165761680291187
1616,0.06176374852657318,0.9989858012170385,0.8331643002028397,0.8158004654215645
1617,0.08363025635480881,0.9979716024340771,0.8321501014198783,0.8208723670863417
1618,0.07133940607309341,0.9949290060851927,0.8341784989858012,0.8255862521630168
1619,0.08700845390558243,0.9929006085192698,0.8336713995943205,0.8283907154364819
1620,0.10374551266431808,0.9939148073022313,0.821501014198783,0.8209917059490424
1621,0.09051289409399033,0.9949290060851927,0.8174442190669371,0.8190822841458321
1622,0.09380871057510376,0.9959432048681541,0.8286004056795132,0.8270183185154245
1623,0.07473702728748322,0.9918864097363083,0.829107505070994,0.8286890625932335
1624,0.0792035385966301,0.9949290060851927,0.8255578093306288,0.8226624500268512
1625,0.050239067524671555,0.9969574036511156,0.8108519269776876,0.8097738528551823
1626,0.07740629464387894,0.9989858012170385,0.8194726166328601,0.816635837460469
1627,0.08208205550909042,0.9989858012170385,0.8225152129817445,0.819261292439883
1628,0.08760225772857666,0.9979716024340771,0.8245436105476673,0.8217674085565965
1629,0.06874173134565353,0.9969574036511156,0.8230223123732252,0.8221850945760487
1630,0.09231648594141006,0.9979716024340771,0.8230223123732252,0.8220060862819978
1631,0.07666506618261337,0.9989858012170385,0.8164300202839757,0.8213497225371442
1632,0.06867439299821854,1.0,0.8062880324543611,0.812339638403246
1633,0.0888451635837555,0.9989858012170385,0.8032454361054767,0.8124589772659466
1634,0.07589264959096909,0.9949290060851927,0.8118661257606491,0.8123993078345964
1635,0.07955773174762726,0.9918864097363083,0.8123732251521298,0.8191419535771824
1636,0.09037187695503235,0.9949290060851927,0.8088235294117647,0.8193806313025837
1637,0.0849778801202774,0.9979716024340771,0.8103448275862069,0.8124589772659466
1638,0.06948913633823395,0.9949290060851927,0.808316430020284,0.8001074049764306
1639,0.08522579818964005,0.9979716024340771,0.815922920892495,0.8146667462259085
1640,0.06430608779191971,0.9979716024340771,0.8189655172413793,0.8178888955188257
1641,0.08959969878196716,0.9989858012170385,0.8164300202839757,0.8182469121069276
1642,0.08064151555299759,0.9949290060851927,0.8133874239350912,0.8079241004833224
1643,0.07173892855644226,0.9959432048681541,0.8047667342799188,0.7993913718002268
1644,0.08990626782178879,0.9969574036511156,0.8174442190669371,0.8113849275016409
1645,0.0704902708530426,0.9959432048681541,0.8169371196754563,0.8174712094993735
1646,0.0687134638428688,1.0,0.8088235294117647,0.8168745151858703
1647,0.07683094590902328,1.0,0.8123732251521298,0.8160988125783162
1648,0.07697949558496475,1.0,0.8149087221095335,0.8141893907751059
1649,0.07620677351951599,0.9989858012170385,0.8169371196754563,0.8186049286950295
1650,0.07758987694978714,0.9979716024340771,0.8169371196754563,0.8193806313025837
1651,0.09281878918409348,0.9989858012170385,0.8149087221095335,0.814010382481055
1652,0.09780202805995941,0.9989858012170385,0.8144016227180527,0.8102512083059848
1653,0.10337911546230316,0.9979716024340771,0.8164300202839757,0.8157407959902142
1654,0.08760230988264084,0.9939148073022313,0.8189655172413793,0.8186645981263798
1655,0.07431614398956299,0.9949290060851927,0.8149087221095335,0.8187839369890805
1656,0.08886899054050446,0.9969574036511156,0.8184584178498986,0.8215884002625455
1657,0.07744111120700836,0.9979716024340771,0.8220081135902637,0.8193806313025837
1658,0.0785372406244278,0.9989858012170385,0.8194726166328601,0.8162181514410167
1659,0.07391518354415894,0.9979716024340771,0.8179513184584178,0.8107285637567874
1660,0.08155276626348495,0.9989858012170385,0.8220081135902637,0.8188436064204309
1661,0.06472396850585938,0.9989858012170385,0.8225152129817445,0.8237961692225073
1662,0.07394183427095413,0.9979716024340771,0.8286004056795132,0.8261829464765201
1663,0.06075484678149223,0.9989858012170385,0.8230223123732252,0.818306581538278
1664,0.07556436955928802,0.9979716024340771,0.8184584178498986,0.8191419535771824
1665,0.07131518423557281,0.9989858012170385,0.8093306288032455,0.8172325317739721
1666,0.08280661702156067,0.9989858012170385,0.8154158215010142,0.8218270779879467
1667,0.08403851091861725,1.0,0.8174442190669371,0.8136523658929531
1668,0.0803816169500351,0.9969574036511156,0.8220081135902637,0.8162181514410167
1669,0.0928066223859787,0.9959432048681541,0.8250507099391481,0.8218867474192971
1670,0.08783851563930511,0.9969574036511156,0.8133874239350912,0.8186049286950295
1671,0.09698572009801865,0.9959432048681541,0.8199797160243407,0.8196789784593352
1672,0.09420757740736008,0.9939148073022313,0.8194726166328601,0.810847902619488
1673,0.09962823987007141,0.9939148073022313,0.8108519269776876,0.8083417865027747
1674,0.10361135751008987,0.9989858012170385,0.8144016227180527,0.8182469121069276
1675,0.10757439583539963,0.9989858012170385,0.8199797160243407,0.8180082343815264
1676,0.08732456713914871,0.9979716024340771,0.8209939148073022,0.8149650933826601
1677,0.10285084694623947,0.9979716024340771,0.8118661257606491,0.8203353422041888
1678,0.1064542904496193,0.9969574036511156,0.8128803245436106,0.8210513753803926
1679,0.09653130918741226,0.9949290060851927,0.8128803245436106,0.821290053105794
1680,0.1042364090681076,0.9969574036511156,0.8098377281947262,0.8185452592636793
1681,0.07998581230640411,0.9959432048681541,0.8149087221095335,0.8149054239513097
1682,0.09901846200227737,0.9989858012170385,0.8169371196754563,0.8180679038128766
1683,0.06019891798496246,0.9989858012170385,0.8123732251521298,0.8165164985977683
1684,0.095401830971241,0.9969574036511156,0.8169371196754563,0.8176502177934244
1685,0.09013282507658005,0.9989858012170385,0.8194726166328601,0.816456829166418
1686,0.0878744125366211,0.9989858012170385,0.8194726166328601,0.8202756727728385
1687,0.07288038730621338,0.9979716024340771,0.8204868154158215,0.8220657557133481
1688,0.06451524049043655,0.9979716024340771,0.8235294117647058,0.8237961692225073
1689,0.09526727348566055,1.0,0.8204868154158215,0.8174115400680232
1690,0.0865795761346817,0.9989858012170385,0.8133874239350912,0.8139507130497047
1691,0.09975159168243408,1.0,0.8189655172413793,0.816635837460469
1692,0.062348246574401855,1.0,0.8209939148073022,0.8193209618712334
1693,0.06731917709112167,1.0,0.8164300202839757,0.8200966644787875
1694,0.06431234627962112,1.0,0.8164300202839757,0.8178888955188257
1695,0.08880916982889175,0.9969574036511156,0.8098377281947262,0.8101318694432842
1696,0.06793738901615143,0.9989858012170385,0.8204868154158215,0.8146070767945581
1697,0.06365013867616653,0.9989858012170385,0.8245436105476673,0.8213497225371442
1698,0.07032977044582367,0.9989858012170385,0.8250507099391481,0.825049227280864
1699,0.07382432371377945,0.9989858012170385,0.8184584178498986,0.8217077391252461
1700,0.09479963779449463,1.0,0.8184584178498986,0.8224834417328003
1701,0.0713891088962555,0.9979716024340771,0.8189655172413793,0.8221254251446983
1702,0.1104116290807724,0.9989858012170385,0.8220081135902637,0.8217077391252461
1703,0.06408632546663284,0.9979716024340771,0.8199797160243407,0.8231994749090041
1704,0.10798170417547226,0.9989858012170385,0.8194726166328601,0.8191419535771824
1705,0.05892494320869446,0.9969574036511156,0.8123732251521298,0.8113849275016409
1706,0.08543244004249573,0.9959432048681541,0.8199797160243407,0.8176502177934244
1707,0.09565708786249161,0.9979716024340771,0.8194726166328601,0.8263619547705711
1708,0.09248162060976028,0.9989858012170385,0.8144016227180527,0.8208723670863417
1709,0.11294476687908173,0.9979716024340771,0.8225152129817445,0.8224834417328003
1710,0.08112596720457077,0.9959432048681541,0.8184584178498986,0.8213497225371442
1711,0.09497567266225815,0.9969574036511156,0.8113590263691683,0.8171131929112716
1712,0.10820300877094269,0.9969574036511156,0.8103448275862069,0.8147860850886091
1713,0.08845765888690948,0.9929006085192698,0.8240365111561866,0.8261829464765201
1714,0.11284694820642471,0.9969574036511156,0.8184584178498986,0.8273763351035265
1715,0.12302570044994354,0.9989858012170385,0.8204868154158215,0.8215884002625455
1716,0.11350341886281967,0.9959432048681541,0.8067951318458418,0.8152634405394117
1717,0.0929330512881279,0.9989858012170385,0.8169371196754563,0.8226624500268512
1718,0.10999631136655807,0.9979716024340771,0.8235294117647058,0.8284503848678322
1719,0.10307648032903671,0.9969574036511156,0.8250507099391481,0.8218270779879467
1720,0.09403292834758759,0.9969574036511156,0.8194726166328601,0.8213497225371442
1721,0.08542291074991226,0.9959432048681541,0.8169371196754563,0.8205143504982397
1722,0.1132991835474968,0.9959432048681541,0.8189655172413793,0.8233188137717048
1723,0.08511564880609512,0.9959432048681541,0.8154158215010142,0.8245122023987111
1724,0.07242709398269653,0.9908722109533469,0.8149087221095335,0.8194999701652843
1725,0.07971325516700745,0.9929006085192698,0.8169371196754563,0.820932036517692
1726,0.06326419115066528,0.9969574036511156,0.8209939148073022,0.8238558386538576
1727,0.059374138712882996,0.9979716024340771,0.8123732251521298,0.8191419535771824
1728,0.07072129845619202,0.9979716024340771,0.8123732251521298,0.8165761680291187
1729,0.07011290639638901,0.9979716024340771,0.8154158215010142,0.814010382481055
1730,0.09020209312438965,0.9969574036511156,0.8250507099391481,0.822602780595501
1731,0.0759279802441597,0.9959432048681541,0.8184584178498986,0.8258845993197684
1732,0.07384094595909119,0.9959432048681541,0.8174442190669371,0.8214690613998449
1733,0.10996410250663757,0.9969574036511156,0.8245436105476673,0.8280326988483799
1734,0.08744574338197708,0.9969574036511156,0.8311359026369168,0.8268393102213736
1735,0.06844421476125717,0.9979716024340771,0.8296146044624746,0.8230801360463035
1736,0.09306459128856659,0.9969574036511156,0.8265720081135902,0.8234381526344053
1737,0.09153871238231659,0.9929006085192698,0.821501014198783,0.8286293931618832
1738,0.097153440117836,0.9949290060851927,0.821501014198783,0.8267199713586729
1739,0.09166053682565689,0.9888438133874239,0.8204868154158215,0.8196789784593352
1740,0.11799462139606476,0.9929006085192698,0.8235294117647058,0.826898979652724
1741,0.09834647178649902,0.9959432048681541,0.8235294117647058,0.822602780595501
1742,0.08662332594394684,0.9949290060851927,0.8154158215010142,0.8134136881675518
1743,0.10855159908533096,0.9959432048681541,0.8194726166328601,0.8186645981263798
1744,0.12482208013534546,0.9959432048681541,0.8250507099391481,0.8259442687511188
1745,0.09570436179637909,0.9949290060851927,0.8230223123732252,0.8286890625932335
1746,0.07278421521186829,0.9959432048681541,0.8144016227180527,0.8236171609284564
1747,0.10685098171234131,0.9969574036511156,0.8118661257606491,0.8208126976549913
1748,0.09351600706577301,0.9989858012170385,0.8128803245436106,0.819619309027985
1749,0.0759308934211731,0.9979716024340771,0.8174442190669371,0.8158601348529149
1750,0.0843188688158989,0.9949290060851927,0.8128803245436106,0.8159198042842651
1751,0.09514950215816498,0.9949290060851927,0.8235294117647058,0.8239751775165582
1752,0.10179279744625092,0.9959432048681541,0.8204868154158215,0.8264812936332717
1753,0.09845562279224396,0.9949290060851927,0.8179513184584178,0.826540963064622
1754,0.08835083246231079,0.9959432048681541,0.815922920892495,0.8238558386538576
1755,0.09349499642848969,0.9959432048681541,0.8199797160243407,0.8220657557133481
1756,0.08899097889661789,0.9959432048681541,0.8225152129817445,0.8153827794021123
1757,0.07612988352775574,0.9959432048681541,0.827079107505071,0.8232591443403544
1758,0.08750008046627045,0.9969574036511156,0.8250507099391481,0.824870218986813
1759,0.11353021115064621,0.9979716024340771,0.8255578093306288,0.8229607971836028
1760,0.07730969041585922,0.9979716024340771,0.8149087221095335,0.8141893907751059
1761,0.08480508625507355,0.9969574036511156,0.8199797160243407,0.8203950116355391
1762,0.06744997948408127,0.9939148073022313,0.8245436105476673,0.8247508801241125
1763,0.06983941048383713,0.9949290060851927,0.8250507099391481,0.8252879050062653
1764,0.10529551655054092,0.9969574036511156,0.8275862068965517,0.8238558386538576
1765,0.08331211656332016,0.9979716024340771,0.8184584178498986,0.8172922012053225
1766,0.0920582264661789,0.9969574036511156,0.8220081135902637,0.8225431111641506
1767,0.09911040216684341,0.9959432048681541,0.8169371196754563,0.8230801360463035
1768,0.08030598610639572,0.9959432048681541,0.8123732251521298,0.8150247628140104
1769,0.11152679473161697,0.9969574036511156,0.8169371196754563,0.8197386478906856
1770,0.10167701542377472,0.9959432048681541,0.8265720081135902,0.8260636076138195
1771,0.10517147183418274,0.9969574036511156,0.827079107505071,0.8246912106927621
1772,0.0766625851392746,0.9969574036511156,0.8154158215010142,0.816456829166418
1773,0.0979209914803505,0.9979716024340771,0.8225152129817445,0.8217077391252461
1774,0.07388019561767578,0.9939148073022313,0.8260649087221096,0.8223044334387494
1775,0.10040918737649918,0.9959432048681541,0.829107505070994,0.8214690613998449
1776,0.06318695098161697,0.9949290060851927,0.8184584178498986,0.818306581538278
1777,0.11370746046304703,0.9939148073022313,0.829107505070994,0.823736499791157
1778,0.07533347606658936,0.9929006085192698,0.8336713995943205,0.8261232770451697
1779,0.10121071338653564,0.9959432048681541,0.8286004056795132,0.8246315412614118
1780,0.0792510062456131,0.9969574036511156,0.8250507099391481,0.8231994749090041
1781,0.08748652786016464,0.9939148073022313,0.8194726166328601,0.8180679038128766
1782,0.07685273140668869,0.9959432048681541,0.8250507099391481,0.8276746822602781
1783,0.10398682951927185,0.9969574036511156,0.8351926977687627,0.827853690554329
1784,0.0958588495850563,0.9959432048681541,0.8260649087221096,0.8237961692225073
1785,0.08317943662405014,0.9888438133874239,0.8144016227180527,0.8122202995405454
1786,0.1120181754231453,0.9959432048681541,0.8204868154158215,0.8194999701652843
1787,0.08687645941972733,0.9949290060851927,0.8174442190669371,0.8200966644787875
1788,0.10828244686126709,0.9979716024340771,0.821501014198783,0.8216480696938958
1789,0.06919046491384506,0.9959432048681541,0.813894523326572,0.8129960021480995
1790,0.06557989120483398,0.9969574036511156,0.8062880324543611,0.8096545139924817
1791,0.07010215520858765,0.9979716024340771,0.8062880324543611,0.8160988125783162
1792,0.08430496603250504,0.9989858012170385,0.813894523326572,0.8220060862819978
1793,0.107539601624012,1.0,0.8220081135902637,0.8253475744376156
1794,0.08753383904695511,1.0,0.8204868154158215,0.8199773256160868
1795,0.07205717265605927,1.0,0.8225152129817445,0.8184259204009786
1796,0.07566198706626892,0.9989858012170385,0.829107505070994,0.8261232770451697
1797,0.06534481793642044,0.9989858012170385,0.8260649087221096,0.8261829464765201
1798,0.05132819712162018,0.9989858012170385,0.8230223123732252,0.8246315412614118
1799,0.080490343272686,0.9979716024340771,0.8220081135902637,0.8217674085565965
1800,0.0707264244556427,0.9959432048681541,0.821501014198783,0.8198579867533863
1801,0.0771176666021347,0.9979716024340771,0.8255578093306288,0.8214093919684945
1802,0.05458081141114235,0.9989858012170385,0.815922920892495,0.8182469121069276
1803,0.07816702872514725,0.9969574036511156,0.821501014198783,0.8150844322453608
1804,0.075963094830513,0.9959432048681541,0.821501014198783,0.8190822841458321
1805,0.08317186683416367,0.9969574036511156,0.8240365111561866,0.8242735246733098
1806,0.07413885742425919,0.9918864097363083,0.8108519269776876,0.822244764007399
1807,0.10526775568723679,0.9969574036511156,0.813894523326572,0.8193806313025837
1808,0.08343305438756943,1.0,0.8179513184584178,0.8217674085565965
1809,0.08499792218208313,0.9989858012170385,0.8098377281947262,0.8142490602064563
1810,0.08343306928873062,0.9979716024340771,0.8093306288032455,0.8142490602064563
1811,0.07836005836725235,0.9979716024340771,0.8174442190669371,0.8187242675577302
1812,0.09007315337657928,0.9989858012170385,0.8255578093306288,0.8254669133003163
1813,0.08347472548484802,0.9989858012170385,0.8245436105476673,0.8248105495554627
1814,0.06941638141870499,0.9969574036511156,0.8169371196754563,0.817948564950176
1815,0.0770980715751648,0.9898580121703854,0.8073022312373225,0.8070887284444179
1816,0.10838424414396286,0.9989858012170385,0.8194726166328601,0.8213497225371442
1817,0.07034838944673538,0.9969574036511156,0.8179513184584178,0.8193209618712334
1818,0.07777290791273117,0.9959432048681541,0.8149087221095335,0.8200966644787875
1819,0.10590244084596634,1.0,0.8098377281947262,0.8176502177934244
1820,0.09652773290872574,0.9979716024340771,0.808316430020284,0.8168745151858703
1821,0.07194976508617401,0.9989858012170385,0.8149087221095335,0.8183662509696282
1822,0.0972517654299736,0.9989858012170385,0.8154158215010142,0.8195596395966347
1823,0.0618378221988678,0.9989858012170385,0.821501014198783,0.8177098872247748
1824,0.08270362764596939,0.9989858012170385,0.8235294117647058,0.8231398054776538
1825,0.09891395270824432,0.9979716024340771,0.8230223123732252,0.8193209618712334
1826,0.07142435759305954,0.9969574036511156,0.815922920892495,0.8115042663643416
1827,0.08228619396686554,0.9979716024340771,0.8133874239350912,0.8141893907751059
1828,0.08877158910036087,0.9989858012170385,0.8265720081135902,0.8234978220657557
1829,0.08022122085094452,0.9989858012170385,0.8301217038539553,0.8282713765737812
1830,0.09118767827749252,0.9979716024340771,0.8301217038539553,0.8268393102213736
1831,0.08729701489210129,0.9989858012170385,0.8123732251521298,0.8193209618712334
1832,0.09698890149593353,1.0,0.8199797160243407,0.8230204666149532
1833,0.09076947718858719,0.9959432048681541,0.8220081135902637,0.8234381526344053
1834,0.09335444867610931,0.9979716024340771,0.8260649087221096,0.8206933587922907
1835,0.07992120087146759,0.9979716024340771,0.8240365111561866,0.8171728623426219
1836,0.09326012432575226,0.9949290060851927,0.8098377281947262,0.8125783161286473
1837,0.07289683818817139,1.0,0.8230223123732252,0.8187242675577302
1838,0.0866982489824295,1.0,0.8240365111561866,0.8251088967122143
1839,0.06486412137746811,0.9959432048681541,0.8184584178498986,0.8211110448117429
1840,0.0813920795917511,0.9979716024340771,0.8169371196754563,0.8162181514410167
1841,0.071071557700634,0.9989858012170385,0.8286004056795132,0.8249298884181634
1842,0.06507840752601624,0.9979716024340771,0.8275862068965517,0.8251088967122143
1843,0.08161452412605286,0.9989858012170385,0.8301217038539553,0.8259442687511188
1844,0.0782315656542778,0.9979716024340771,0.8240365111561866,0.820753028223641
1845,0.07430953532457352,0.9969574036511156,0.8225152129817445,0.8172922012053225
1846,0.05998025834560394,1.0,0.821501014198783,0.8227221194582016
1847,0.06162083148956299,0.9989858012170385,0.8260649087221096,0.8216480696938958
1848,0.05568141117691994,0.9969574036511156,0.8225152129817445,0.8162778208723671
1849,0.10597453266382217,0.9959432048681541,0.8174442190669371,0.819261292439883
1850,0.09057944267988205,0.9939148073022313,0.8179513184584178,0.8174712094993735
1851,0.0913945883512497,0.9959432048681541,0.8209939148073022,0.8196789784593352
1852,0.08359508961439133,0.9989858012170385,0.8189655172413793,0.8215884002625455
1853,0.09439125657081604,0.9979716024340771,0.8199797160243407,0.8162181514410167
1854,0.12457592785358429,0.9959432048681541,0.8042596348884381,0.8018378184855899
1855,0.11735107004642487,0.9908722109533469,0.8189655172413793,0.8217077391252461
1856,0.11410681158304214,0.9929006085192698,0.815922920892495,0.8220060862819978
1857,0.10728411376476288,0.9959432048681541,0.8144016227180527,0.8126976549913479
1858,0.1292460560798645,0.9949290060851927,0.8149087221095335,0.8115042663643416
1859,0.11676643043756485,0.9969574036511156,0.8184584178498986,0.8084014559341249
1860,0.10069456696510315,0.9969574036511156,0.8062880324543611,0.8104898860313862
1861,0.10271181166172028,0.9969574036511156,0.8128803245436106,0.8129960021480995
1862,0.08694693446159363,0.9969574036511156,0.8199797160243407,0.8196789784593352
1863,0.08625996112823486,0.9989858012170385,0.8235294117647058,0.8202160033414881
1864,0.07901785522699356,0.9979716024340771,0.8255578093306288,0.8165761680291187
1865,0.07016931474208832,1.0,0.8250507099391481,0.8170535234799212
1866,0.08276732265949249,1.0,0.8184584178498986,0.8168745151858703
1867,0.053596459329128265,0.9969574036511156,0.8179513184584178,0.816635837460469
1868,0.10942453145980835,1.0,0.8209939148073022,0.8160391431469658
1869,0.07663310319185257,0.9959432048681541,0.8184584178498986,0.8126976549913479
1870,0.07014375925064087,0.9949290060851927,0.8184584178498986,0.8117429440897428
1871,0.07750340551137924,0.9959432048681541,0.8149087221095335,0.8191419535771824
1872,0.08631845563650131,0.9969574036511156,0.8164300202839757,0.8199176561847366
1873,0.10363845527172089,0.9969574036511156,0.813894523326572,0.8175308789307237
1874,0.05033085122704506,0.9949290060851927,0.8037525354969574,0.8089981502476281
1875,0.0916021466255188,0.9979716024340771,0.8088235294117647,0.8109672414821887
1876,0.07433916628360748,0.9959432048681541,0.8037525354969574,0.8077450921892715
1877,0.06340119242668152,0.9969574036511156,0.802738336713996,0.8072677367384689
1878,0.08102602511644363,0.9979716024340771,0.8169371196754563,0.8211110448117429
1879,0.07080140709877014,0.9949290060851927,0.8199797160243407,0.8263022853392207
1880,0.08212859183549881,0.9929006085192698,0.8204868154158215,0.8230801360463035
1881,0.08733224123716354,0.9969574036511156,0.8255578093306288,0.823736499791157
1882,0.09064474701881409,1.0,0.8255578093306288,0.8229011277522525
1883,0.08391257375478745,1.0,0.8189655172413793,0.8137717047556536
1884,0.09309739619493484,0.9989858012170385,0.8149087221095335,0.815323109970762
1885,0.07723210006952286,0.9989858012170385,0.8133874239350912,0.8167551763231696
1886,0.06284812837839127,0.9969574036511156,0.8174442190669371,0.8181872426755773
1887,0.08710090816020966,0.9959432048681541,0.8179513184584178,0.818306581538278
1888,0.09174846857786179,0.9979716024340771,0.8225152129817445,0.8200369950474372
1889,0.08636263012886047,1.0,0.8057809330628803,0.8139507130497047
1890,0.0696418434381485,0.9989858012170385,0.7981744421906694,0.8056566620920103
1891,0.07683703303337097,0.9979716024340771,0.8123732251521298,0.8133540187362014
1892,0.08376459032297134,0.9979716024340771,0.8174442190669371,0.8145474073632079
1893,0.09780972450971603,1.0,0.813894523326572,0.810847902619488
1894,0.06598973274230957,0.9989858012170385,0.813894523326572,0.809177158541679
1895,0.08481747657060623,0.9969574036511156,0.8144016227180527,0.8175308789307237
1896,0.12937095761299133,0.9979716024340771,0.8149087221095335,0.8198579867533863
1897,0.07331348210573196,0.9959432048681541,0.8078093306288032,0.8184855898323289
1898,0.08877767622470856,0.9969574036511156,0.8118661257606491,0.8132346798735008
1899,0.09411054849624634,0.9969574036511156,0.8174442190669371,0.8171131929112716
1900,0.07961483299732208,0.9969574036511156,0.8184584178498986,0.818127573244227
1901,0.04214144125580788,0.9969574036511156,0.8164300202839757,0.8187839369890805
1902,0.06429075449705124,0.9979716024340771,0.8113590263691683,0.819619309027985
1903,0.08130326867103577,0.9959432048681541,0.8098377281947262,0.8167551763231696
1904,0.09335696697235107,0.9979716024340771,0.8189655172413793,0.822244764007399
1905,0.08968836814165115,0.9959432048681541,0.8209939148073022,0.8274360045348768
1906,0.08166568726301193,0.9949290060851927,0.813894523326572,0.8264812936332717
1907,0.09564423561096191,0.9959432048681541,0.8098377281947262,0.8144877379318575
1908,0.08149474859237671,0.9939148073022313,0.8093306288032455,0.8174115400680232
1909,0.11630087345838547,0.9939148073022313,0.8078093306288032,0.8187839369890805
1910,0.09363594651222229,0.9929006085192698,0.8098377281947262,0.8223044334387494
1911,0.11200786381959915,0.9939148073022313,0.8093306288032455,0.8211707142430933
1912,0.10419047623872757,0.9949290060851927,0.8154158215010142,0.8192016230085327
1913,0.08863293379545212,0.9959432048681541,0.8164300202839757,0.8234381526344053
1914,0.11994224786758423,0.9959432048681541,0.8133874239350912,0.8218270779879467
1915,0.07593680173158646,0.9969574036511156,0.8179513184584178,0.8234978220657557
1916,0.08819805830717087,0.9969574036511156,0.8032454361054767,0.8141893907751059
1917,0.0886203870177269,0.9979716024340771,0.8123732251521298,0.8143087296378065
1918,0.09604575484991074,0.9979716024340771,0.813894523326572,0.8158004654215645
1919,0.09924907237291336,0.9979716024340771,0.8144016227180527,0.8187839369890805
1920,0.0719388797879219,0.9969574036511156,0.813894523326572,0.8128766632853989
1921,0.07756255567073822,0.9939148073022313,0.8088235294117647,0.8158004654215645
1922,0.08240808546543121,0.9959432048681541,0.8133874239350912,0.8172922012053225
1923,0.08361715823411942,0.9979716024340771,0.8133874239350912,0.8152037711080613
1924,0.07233758270740509,0.9989858012170385,0.8118661257606491,0.8163971597350678
1925,0.08445937186479568,0.9989858012170385,0.8164300202839757,0.8201563339101379
1926,0.0687427818775177,0.9989858012170385,0.8128803245436106,0.8199176561847366
1927,0.06602941453456879,0.9979716024340771,0.8118661257606491,0.8149054239513097
1928,0.08615618944168091,1.0,0.8144016227180527,0.8175308789307237
1929,0.09311935305595398,0.9979716024340771,0.8179513184584178,0.8221254251446983
1930,0.07869306951761246,0.9989858012170385,0.8199797160243407,0.8232591443403544
1931,0.09804468601942062,0.9979716024340771,0.8184584178498986,0.8271376573781252
1932,0.08922286331653595,0.9979716024340771,0.8154158215010142,0.8233188137717048
1933,0.10171718895435333,0.9979716024340771,0.8235294117647058,0.8273166656721761
1934,0.0838720053434372,0.9939148073022313,0.8301217038539553,0.829524434632138
1935,0.08385580778121948,0.9918864097363083,0.8296146044624746,0.8256459215943672
1936,0.10975196957588196,0.9959432048681541,0.8225152129817445,0.8174115400680232
1937,0.10038826614618301,0.9949290060851927,0.8113590263691683,0.813473357598902
1938,0.11250432580709457,0.9918864097363083,0.813894523326572,0.8186049286950295
1939,0.11702869087457657,0.9918864097363083,0.8113590263691683,0.8160988125783162
1940,0.11266621202230453,0.9929006085192698,0.8108519269776876,0.8087594725222269
1941,0.13046230375766754,0.9979716024340771,0.813894523326572,0.8214690613998449
1942,0.0817602276802063,0.9949290060851927,0.8164300202839757,0.8199773256160868
1943,0.10716450214385986,0.9929006085192698,0.8189655172413793,0.81681484575452
1944,0.12991729378700256,0.9949290060851927,0.8204868154158215,0.813831374187004
1945,0.10016361624002457,0.9898580121703854,0.8088235294117647,0.803926248582851
1946,0.1665605902671814,0.9939148073022313,0.829107505070994,0.8214093919684945
1947,0.11626550555229187,0.9939148073022313,0.8235294117647058,0.8293454263380869
1948,0.0947452038526535,0.9959432048681541,0.8225152129817445,0.8269586490840742
1949,0.12515036761760712,0.9929006085192698,0.8174442190669371,0.8242735246733098
1950,0.12154699116945267,0.9939148073022313,0.8245436105476673,0.8286890625932335
1951,0.10804356634616852,0.9949290060851927,0.8321501014198783,0.8345963362969151
1952,0.10557625442743301,0.9959432048681541,0.8301217038539553,0.8330449310818068
1953,0.07111657410860062,0.9969574036511156,0.8260649087221096,0.8269586490840742
1954,0.1065872386097908,0.9959432048681541,0.8250507099391481,0.8231994749090041
1955,0.10137034207582474,0.9959432048681541,0.829107505070994,0.8244525329673609
1956,0.09587803483009338,0.9969574036511156,0.829107505070994,0.8246912106927621
1957,0.065400630235672,0.9989858012170385,0.8311359026369168,0.8178888955188257
1958,0.09227113425731659,0.9989858012170385,0.8336713995943205,0.8296437734948386
1959,0.06639860570430756,0.9989858012170385,0.8296146044624746,0.8295841040634883
1960,0.09258110076189041,1.0,0.8280933062880325,0.8284503848678322
1961,0.047141388058662415,1.0,0.8184584178498986,0.8246912106927621
1962,0.07292883843183517,1.0,0.8255578093306288,0.8253475744376156
1963,0.06581522524356842,0.9989858012170385,0.8245436105476673,0.8247508801241125
1964,0.07936391234397888,0.9989858012170385,0.8199797160243407,0.8224237723014499
1965,0.06887416541576385,1.0,0.8179513184584178,0.8208126976549913
1966,0.05730516463518143,0.9979716024340771,0.8220081135902637,0.825228235574915
1967,0.06454215198755264,0.9959432048681541,0.8250507099391481,0.8261232770451697
1968,0.07296491414308548,0.9969574036511156,0.8280933062880325,0.8221254251446983
1969,0.08552590012550354,0.9979716024340771,0.8204868154158215,0.8202756727728385
1970,0.0928046926856041,0.9969574036511156,0.8235294117647058,0.8202160033414881
1971,0.0728609636425972,0.9979716024340771,0.8209939148073022,0.8149650933826601
1972,0.08025851100683212,1.0,0.827079107505071,0.8237961692225073
1973,0.1026773527264595,0.9939148073022313,0.8265720081135902,0.826540963064622
1974,0.08440552651882172,0.9979716024340771,0.8280933062880325,0.8257652604570679
1975,0.05269122123718262,0.9979716024340771,0.8144016227180527,0.8135330270302524
1976,0.09206489473581314,0.9989858012170385,0.8209939148073022,0.8227817888895519
1977,0.08847202360630035,0.9979716024340771,0.8225152129817445,0.8204546810668895
1978,0.08305158466100693,1.0,0.8204868154158215,0.8162778208723671
1979,0.08398842811584473,0.9979716024340771,0.8204868154158215,0.8156811265588639
1980,0.10679128766059875,0.9989858012170385,0.8326572008113591,0.8244525329673609
1981,0.07544903457164764,0.9969574036511156,0.8316430020283976,0.8317322035920998
1982,0.09165263175964355,0.9989858012170385,0.8306288032454361,0.8301807983769914
1983,0.0795828178524971,0.9979716024340771,0.8220081135902637,0.8212303836744436
1984,0.07613544166088104,0.9979716024340771,0.821501014198783,0.8218867474192971
1985,0.0889504924416542,0.9969574036511156,0.8250507099391481,0.8261232770451697
1986,0.09817305207252502,0.9908722109533469,0.8255578093306288,0.8261232770451697
1987,0.08999550342559814,0.9949290060851927,0.8245436105476673,0.8241541858106092
1988,0.07679375261068344,0.9969574036511156,0.8265720081135902,0.8234978220657557
1989,0.08865141868591309,0.9989858012170385,0.8149087221095335,0.8216480696938958
1990,0.08101267367601395,1.0,0.8245436105476673,0.8243331941046602
1991,0.06678862869739532,0.9989858012170385,0.8265720081135902,0.8253475744376156
1992,0.07665074616670609,1.0,0.8260649087221096,0.8249298884181634
1993,0.0678333193063736,0.9989858012170385,0.8220081135902637,0.8223044334387494
1994,0.08490733057260513,0.9979716024340771,0.8184584178498986,0.8141893907751059
1995,0.07717860490083694,0.9969574036511156,0.8149087221095335,0.8159198042842651
1996,0.0711243748664856,0.9989858012170385,0.8235294117647058,0.818127573244227
1997,0.07354401051998138,0.9979716024340771,0.8189655172413793,0.8188436064204309
1998,0.07700343430042267,1.0,0.8230223123732252,0.8186645981263798
1999,0.07687739282846451,0.9989858012170385,0.8230223123732252,0.8194999701652843
2000,0.0671306774020195,0.9989858012170385,0.8311359026369168,0.822244764007399
2001,0.06601031124591827,1.0,0.8311359026369168,0.8236171609284564
2002,0.0665358453989029,0.9989858012170385,0.8301217038539553,0.8227817888895519
2003,0.055644672363996506,0.9989858012170385,0.8240365111561866,0.8154424488334626
2004,0.07852032780647278,1.0,0.8103448275862069,0.8109075720508384
2005,0.08658204227685928,0.9989858012170385,0.8164300202839757,0.8154424488334626
2006,0.05569204315543175,0.9969574036511156,0.8184584178498986,0.8203353422041888
2007,0.045089397579431534,0.9979716024340771,0.8118661257606491,0.8138910436183543
2008,0.07201319187879562,0.9979716024340771,0.8240365111561866,0.8162778208723671
2009,0.07465942949056625,0.9989858012170385,0.8184584178498986,0.8196789784593352
2010,0.06219971552491188,0.9979716024340771,0.8194726166328601,0.8217077391252461
2011,0.09503737092018127,0.9979716024340771,0.821501014198783,0.8210513753803926
2012,0.05110465735197067,0.9959432048681541,0.821501014198783,0.8200369950474372
2013,0.08958477526903152,0.9969574036511156,0.8194726166328601,0.8234381526344053
2014,0.09311813116073608,0.9959432048681541,0.8230223123732252,0.8149054239513097
2015,0.08142446726560593,0.9929006085192698,0.8128803245436106,0.8113849275016409
2016,0.11102618277072906,0.9949290060851927,0.8133874239350912,0.8172922012053225
2017,0.11148455739021301,0.9969574036511156,0.8164300202839757,0.81681484575452
2018,0.09649123251438141,0.9969574036511156,0.8184584178498986,0.818127573244227
2019,0.09313470125198364,0.9959432048681541,0.8194726166328601,0.8221850945760487
2020,0.07935432344675064,0.9969574036511156,0.8164300202839757,0.8156214571275135
2021,0.07894306629896164,0.9969574036511156,0.8144016227180527,0.8128169938540486
2022,0.08010607957839966,0.9959432048681541,0.8154158215010142,0.8209917059490424
2023,0.09622752666473389,0.9959432048681541,0.8189655172413793,0.8173518706366728
2024,0.09195505082607269,0.9989858012170385,0.8209939148073022,0.815323109970762
2025,0.09289194643497467,0.9979716024340771,0.8113590263691683,0.819440300733934
2026,0.08710432797670364,0.9979716024340771,0.8164300202839757,0.8231994749090041
2027,0.10782130062580109,0.9959432048681541,0.8255578093306288,0.8255862521630168
2028,0.10203224420547485,0.9969574036511156,0.8250507099391481,0.8284503848678322
2029,0.07601764798164368,0.9969574036511156,0.8255578093306288,0.823557491497106
2030,0.11252500861883163,0.9939148073022313,0.815922920892495,0.8163971597350678
2031,0.09192433953285217,0.9939148073022313,0.8133874239350912,0.8163971597350678
2032,0.10951119661331177,0.9959432048681541,0.8169371196754563,0.8236171609284564
2033,0.10267045348882675,0.9979716024340771,0.8240365111561866,0.8232591443403544
2034,0.08309993892908096,0.9969574036511156,0.8235294117647058,0.8174115400680232
2035,0.09699413180351257,0.9939148073022313,0.8154158215010142,0.8101318694432842
2036,0.10593783855438232,0.9959432048681541,0.8133874239350912,0.8094755056984307
2037,0.1034613698720932,0.9969574036511156,0.821501014198783,0.8197983173220359
2038,0.06098039820790291,0.9949290060851927,0.8199797160243407,0.8200369950474372
2039,0.09301820397377014,0.9969574036511156,0.8154158215010142,0.8134136881675518
2040,0.12513338029384613,0.9979716024340771,0.8204868154158215,0.8210513753803926
2041,0.08979678153991699,0.9959432048681541,0.8240365111561866,0.820932036517692
2042,0.09688905626535416,0.9979716024340771,0.821501014198783,0.8200369950474372
2043,0.0976255014538765,0.9969574036511156,0.8255578093306288,0.8196789784593352
2044,0.07592010498046875,0.9979716024340771,0.8255578093306288,0.8212303836744436
2045,0.07737377285957336,0.9989858012170385,0.8194726166328601,0.8200369950474372
2046,0.06450585275888443,0.9979716024340771,0.813894523326572,0.8132943493048511
2047,0.07972987741231918,0.9989858012170385,0.8103448275862069,0.8125783161286473
2048,0.06723081320524216,1.0,0.8184584178498986,0.8188436064204309
2049,0.06003846228122711,0.9989858012170385,0.8265720081135902,0.8225431111641506
2050,0.058286696672439575,0.9979716024340771,0.8321501014198783,0.8258845993197684
2051,0.06024892255663872,0.9979716024340771,0.829107505070994,0.8277343516916283
2052,0.0710279643535614,0.9949290060851927,0.8265720081135902,0.8270183185154245
2053,0.0756700187921524,0.9979716024340771,0.8245436105476673,0.8252879050062653
2054,0.08120012283325195,0.9949290060851927,0.8240365111561866,0.8161584820096665
2055,0.10262241214513779,0.9979716024340771,0.8225152129817445,0.8183662509696282
2056,0.07145809382200241,0.9979716024340771,0.8133874239350912,0.8211707142430933
2057,0.08506840467453003,0.9989858012170385,0.8108519269776876,0.8189032758517811
2058,0.09341220557689667,0.9969574036511156,0.8133874239350912,0.8104302166000358
2059,0.09801159799098969,0.9959432048681541,0.8174442190669371,0.8208723670863417
2060,0.07802700996398926,0.9959432048681541,0.8194726166328601,0.8204546810668895
2061,0.10662812739610672,0.9959432048681541,0.8164300202839757,0.8152037711080613
2062,0.0799168199300766,0.9949290060851927,0.8144016227180527,0.8193806313025837
2063,0.077459916472435,0.9959432048681541,0.8144016227180527,0.817948564950176
2064,0.06505078077316284,0.9979716024340771,0.8154158215010142,0.8139507130497047
2065,0.06556955724954605,1.0,0.815922920892495,0.8113252580702905
2066,0.08615783601999283,0.9989858012170385,0.8103448275862069,0.8089981502476281
2067,0.10857096314430237,0.9949290060851927,0.8144016227180527,0.8066710424249657
2068,0.10904014855623245,0.9959432048681541,0.8204868154158215,0.8158601348529149
2069,0.09514690935611725,0.9959432048681541,0.8204868154158215,0.8200369950474372
2070,0.10680824518203735,0.9959432048681541,0.8164300202839757,0.8177098872247748
2071,0.10540623217821121,0.9959432048681541,0.8123732251521298,0.8113252580702905
2072,0.10083294659852982,0.9929006085192698,0.8042596348884381,0.8064920341309147
2073,0.0838695541024208,0.9959432048681541,0.8088235294117647,0.809714183423832
2074,0.06797123700380325,0.9989858012170385,0.8154158215010142,0.816456829166418
2075,0.07291718572378159,0.9979716024340771,0.8189655172413793,0.8223641028700996
2076,0.07460140436887741,0.9959432048681541,0.8189655172413793,0.823557491497106
2077,0.1023838147521019,0.9989858012170385,0.8199797160243407,0.8234381526344053
2078,0.06872810423374176,0.9989858012170385,0.813894523326572,0.8156811265588639
2079,0.07067585736513138,0.9979716024340771,0.8133874239350912,0.8154424488334626
2080,0.08959793299436569,0.9959432048681541,0.8179513184584178,0.8236768303598067
2081,0.0751550942659378,0.9989858012170385,0.8240365111561866,0.8277940211229787
2082,0.07162591814994812,0.9989858012170385,0.8275862068965517,0.8220060862819978
2083,0.07454001903533936,0.9989858012170385,0.8255578093306288,0.8136523658929531
2084,0.08420845866203308,1.0,0.8301217038539553,0.8221254251446983
2085,0.06243293732404709,1.0,0.8367139959432048,0.823736499791157
2086,0.07490098476409912,1.0,0.8280933062880325,0.8208126976549913
2087,0.07876171916723251,1.0,0.8316430020283976,0.8227817888895519
2088,0.06414484232664108,1.0,0.8387423935091278,0.8245122023987111
2089,0.057625483721494675,0.9989858012170385,0.8336713995943205,0.8240348469479086
2090,0.06554180383682251,0.9989858012170385,0.8286004056795132,0.8277343516916283
2091,0.06220325082540512,0.9969574036511156,0.8230223123732252,0.8264216242019213
2092,0.09636205434799194,0.9969574036511156,0.8230223123732252,0.8261829464765201
2093,0.07196547091007233,0.9969574036511156,0.8220081135902637,0.8190226147144818
2094,0.1116083413362503,0.9949290060851927,0.8194726166328601,0.8175905483620741
2095,0.08389516919851303,0.9939148073022313,0.8128803245436106,0.8110865803448893
2096,0.07133461534976959,0.9959432048681541,0.8133874239350912,0.8079837699146727
2097,0.09694516658782959,0.9969574036511156,0.8225152129817445,0.8182469121069276
2098,0.07222815603017807,0.9969574036511156,0.8220081135902637,0.8165761680291187
2099,0.08468007296323776,1.0,0.8189655172413793,0.8100125305805835
2100,0.08263062685728073,0.9989858012170385,0.8073022312373225,0.8041649263082523
2101,0.07507556676864624,0.9979716024340771,0.8154158215010142,0.8147860850886091
2102,0.06889781355857849,0.9969574036511156,0.8154158215010142,0.8162778208723671
2103,0.06648069620132446,1.0,0.8113590263691683,0.8152634405394117
2104,0.09343110024929047,0.9989858012170385,0.8108519269776876,0.8035682319947491
2105,0.07069194316864014,0.9979716024340771,0.8078093306288032,0.8041649263082523
2106,0.1012018620967865,0.9989858012170385,0.8174442190669371,0.823915508085208
2107,0.09374551475048065,0.9989858012170385,0.8199797160243407,0.8226624500268512
2108,0.08985500782728195,1.0,0.8189655172413793,0.8158601348529149
2109,0.06441178917884827,0.9949290060851927,0.8169371196754563,0.8132346798735008
2110,0.08561873435974121,0.9959432048681541,0.8169371196754563,0.8147860850886091
2111,0.1116909310221672,0.9949290060851927,0.8067951318458418,0.8221254251446983
2112,0.08687082678079605,0.9979716024340771,0.8230223123732252,0.8257055910257175
2113,0.07477441430091858,0.9959432048681541,0.8255578093306288,0.8223641028700996
2114,0.06955417990684509,0.9929006085192698,0.8179513184584178,0.8184855898323289
2115,0.10470636188983917,0.9939148073022313,0.8179513184584178,0.8267199713586729
2116,0.08375100046396255,0.9949290060851927,0.8225152129817445,0.823915508085208
2117,0.0995023176074028,0.9959432048681541,0.8179513184584178,0.8156811265588639
2118,0.07694028317928314,0.9969574036511156,0.8088235294117647,0.8089384808162778
2119,0.0991986095905304,0.9959432048681541,0.8062880324543611,0.8075660838952204
2120,0.10003860294818878,1.0,0.8189655172413793,0.8171131929112716
2121,0.07479480654001236,0.9989858012170385,0.8255578093306288,0.8202756727728385
2122,0.08455650508403778,0.9969574036511156,0.8194726166328601,0.8171728623426219
2123,0.08559798449277878,0.9989858012170385,0.8133874239350912,0.8184855898323289
2124,0.10617794096469879,1.0,0.8280933062880325,0.8269586490840742
2125,0.06989893317222595,0.9989858012170385,0.8275862068965517,0.8211707142430933
2126,0.08049710094928741,0.9969574036511156,0.8280933062880325,0.8205740199295901
2127,0.07672879099845886,0.9969574036511156,0.8189655172413793,0.8143087296378065
2128,0.11544173955917358,0.9969574036511156,0.8230223123732252,0.8204546810668895
2129,0.07130005210638046,0.9959432048681541,0.8204868154158215,0.8214093919684945
2130,0.08561653643846512,0.9949290060851927,0.8133874239350912,0.8128766632853989
2131,0.06979738175868988,0.9979716024340771,0.8301217038539553,0.819619309027985
2132,0.06717222183942795,0.9959432048681541,0.8280933062880325,0.8175308789307237
2133,0.08142725378274918,0.9959432048681541,0.813894523326572,0.8149054239513097
2134,0.0929989293217659,0.9979716024340771,0.8144016227180527,0.8158004654215645
2135,0.06354741007089615,0.9979716024340771,0.8144016227180527,0.8125783161286473
2136,0.10459069162607193,0.9989858012170385,0.8164300202839757,0.8188436064204309
2137,0.0748375952243805,0.9979716024340771,0.8118661257606491,0.818306581538278
2138,0.0671505555510521,0.9989858012170385,0.8164300202839757,0.8181872426755773
2139,0.07236535847187042,0.9969574036511156,0.8179513184584178,0.8128766632853989
2140,0.07700349390506744,0.9989858012170385,0.8286004056795132,0.8202756727728385
2141,0.07565130293369293,0.9979716024340771,0.8220081135902637,0.8199773256160868
2142,0.07665946334600449,0.9969574036511156,0.8179513184584178,0.8183662509696282
2143,0.08038639277219772,0.9979716024340771,0.8199797160243407,0.820753028223641
2144,0.07900945097208023,0.9989858012170385,0.8245436105476673,0.825049227280864
2145,0.07401221990585327,1.0,0.8225152129817445,0.8220657557133481
2146,0.07684759050607681,1.0,0.8240365111561866,0.8226624500268512
2147,0.06697038561105728,0.9989858012170385,0.8240365111561866,0.8238558386538576
2148,0.07061401754617691,1.0,0.827079107505071,0.8231994749090041
2149,0.07415042072534561,0.9979716024340771,0.8235294117647058,0.8236768303598067
2150,0.07439622282981873,0.9949290060851927,0.8240365111561866,0.8198579867533863
2151,0.07062417268753052,0.9959432048681541,0.8164300202839757,0.8193209618712334
2152,0.06811591982841492,1.0,0.8164300202839757,0.8177098872247748
2153,0.08497682213783264,1.0,0.8164300202839757,0.8113252580702905
2154,0.07277553528547287,1.0,0.8149087221095335,0.8128169938540486
2155,0.0671367347240448,0.9989858012170385,0.8204868154158215,0.8189032758517811
2156,0.09434350579977036,0.9989858012170385,0.8189655172413793,0.8206336893609404
2157,0.06393314898014069,0.9979716024340771,0.8037525354969574,0.8057760009547109
2158,0.0954168364405632,0.9969574036511156,0.8199797160243407,0.8169938540485709
2159,0.07904789596796036,0.9969574036511156,0.8184584178498986,0.8158601348529149
2160,0.084409698843956,0.9959432048681541,0.813894523326572,0.8067307118563161
2161,0.0739886611700058,0.9979716024340771,0.8230223123732252,0.8157407959902142
2162,0.07878158986568451,0.9979716024340771,0.8113590263691683,0.815323109970762
2163,0.07529528439044952,0.9989858012170385,0.8062880324543611,0.8113849275016409
2164,0.06912786513566971,0.9979716024340771,0.8179513184584178,0.8133540187362014
2165,0.08666066080331802,0.9969574036511156,0.8184584178498986,0.8103705471686855
2166,0.09734001755714417,0.9979716024340771,0.8164300202839757,0.8169341846172206
2167,0.06239340454339981,0.9969574036511156,0.815922920892495,0.8208126976549913
2168,0.09989263862371445,0.9979716024340771,0.8179513184584178,0.8160988125783162
2169,0.06870955973863602,0.9939148073022313,0.8113590263691683,0.8103705471686855
2170,0.09269894659519196,0.9969574036511156,0.8189655172413793,0.8171728623426219
2171,0.08004895597696304,0.9969574036511156,0.8179513184584178,0.8228414583209022
2172,0.09140415489673615,0.9969574036511156,0.8225152129817445,0.8243928635360105
2173,0.09304878860712051,0.9969574036511156,0.8225152129817445,0.8227221194582016
2174,0.06965780258178711,0.9979716024340771,0.8230223123732252,0.8247508801241125
2175,0.07023546099662781,0.9989858012170385,0.8255578093306288,0.8273166656721761
2176,0.06151995062828064,0.9979716024340771,0.8255578093306288,0.8266603019273226
2177,0.09176880121231079,0.9979716024340771,0.8240365111561866,0.8255862521630168
2178,0.08252207189798355,0.9979716024340771,0.8225152129817445,0.8251088967122143
2179,0.08310439437627792,0.9979716024340771,0.8154158215010142,0.8214690613998449
2180,0.09040521830320358,0.9959432048681541,0.8103448275862069,0.8189032758517811
2181,0.09036064893007278,0.9949290060851927,0.8047667342799188,0.8206336893609404
2182,0.07696882635354996,0.9969574036511156,0.8042596348884381,0.8181872426755773
2183,0.08562926203012466,0.9979716024340771,0.8108519269776876,0.8163374903037174
2184,0.06973707675933838,0.9969574036511156,0.8154158215010142,0.8229011277522525
2185,0.0858507752418518,0.9989858012170385,0.815922920892495,0.8214690613998449
2186,0.08592621237039566,0.9979716024340771,0.8108519269776876,0.817948564950176
2187,0.08434570580720901,1.0,0.8088235294117647,0.8136523658929531
2188,0.07411300390958786,1.0,0.8123732251521298,0.8196789784593352
2189,0.0868840366601944,0.9989858012170385,0.8174442190669371,0.823915508085208
2190,0.10371419042348862,0.9959432048681541,0.8225152129817445,0.822602780595501
2191,0.07824360579252243,0.9959432048681541,0.8260649087221096,0.8233784832030551
2192,0.07169093191623688,0.9979716024340771,0.8133874239350912,0.8146070767945581
2193,0.07067171484231949,0.9969574036511156,0.813894523326572,0.8110865803448893
2194,0.08630269020795822,0.9959432048681541,0.8133874239350912,0.8180082343815264
2195,0.07675705850124359,0.9969574036511156,0.8108519269776876,0.8197983173220359
2196,0.0965690016746521,0.9969574036511156,0.8108519269776876,0.8141297213437556
2197,0.09156420826911926,0.9989858012170385,0.8230223123732252,0.820753028223641
2198,0.08224613964557648,0.9959432048681541,0.8225152129817445,0.8274360045348768
2199,0.07312694936990738,0.9979716024340771,0.8149087221095335,0.8218867474192971
2200,0.07940990477800369,0.9979716024340771,0.815922920892495,0.8150247628140104
2201,0.07926992326974869,0.9989858012170385,0.8209939148073022,0.8171728623426219
2202,0.08412069827318192,0.9989858012170385,0.8280933062880325,0.8194999701652843
2203,0.09313873946666718,0.9918864097363083,0.8220081135902637,0.8216480696938958
2204,0.08704734593629837,0.9918864097363083,0.8174442190669371,0.8186645981263798
2205,0.12022620439529419,0.9929006085192698,0.8103448275862069,0.8169341846172206
2206,0.10370370000600815,0.9908722109533469,0.8164300202839757,0.8184855898323289
2207,0.12456486374139786,0.9959432048681541,0.8179513184584178,0.8176502177934244
2208,0.09195467829704285,0.9989858012170385,0.8204868154158215,0.8184259204009786
2209,0.0887352004647255,0.9939148073022313,0.829107505070994,0.823557491497106
2210,0.11145593971014023,0.9918864097363083,0.8230223123732252,0.8266006324959723
2211,0.10306380689144135,0.9959432048681541,0.8209939148073022,0.820932036517692
2212,0.08099184930324554,0.9979716024340771,0.8169371196754563,0.8147264156572588
2213,0.07298057526350021,0.9969574036511156,0.8123732251521298,0.8102512083059848
2214,0.07154447585344315,0.9989858012170385,0.8093306288032455,0.8085207947968256
2215,0.08649783581495285,0.9979716024340771,0.8189655172413793,0.8220657557133481
2216,0.07354713976383209,0.9979716024340771,0.8230223123732252,0.8257055910257175
2217,0.07010264694690704,0.9979716024340771,0.8230223123732252,0.8232591443403544
2218,0.06119045242667198,0.9969574036511156,0.8225152129817445,0.8155021182648129
2219,0.06639903783798218,0.9939148073022313,0.8230223123732252,0.8094158362670804
2220,0.08691725879907608,0.9949290060851927,0.8301217038539553,0.8189629452831314
2221,0.07810136675834656,0.9908722109533469,0.8235294117647058,0.8208126976549913
2222,0.10430378466844559,0.9939148073022313,0.8230223123732252,0.8197386478906856
2223,0.10587332397699356,0.9939148073022313,0.8133874239350912,0.8129960021480995
2224,0.10307600349187851,0.9969574036511156,0.8250507099391481,0.823736499791157
2225,0.09601691365242004,0.9898580121703854,0.8220081135902637,0.8215884002625455
2226,0.12038163840770721,0.9939148073022313,0.8113590263691683,0.8083417865027747
2227,0.10053569078445435,0.9908722109533469,0.781947261663286,0.7791634345724685
2228,0.18080760538578033,0.9837728194726166,0.8154158215010142,0.8124589772659466
2229,0.14479734003543854,0.9817444219066938,0.8098377281947262,0.8122202995405454
2230,0.12667904794216156,0.9929006085192698,0.8154158215010142,0.8189032758517811
2231,0.11579474061727524,0.9979716024340771,0.8118661257606491,0.8136523658929531
2232,0.0775793194770813,0.9918864097363083,0.8032454361054767,0.7969449251148637
2233,0.12344533950090408,0.9989858012170385,0.8189655172413793,0.8137717047556536
2234,0.07711204141378403,0.9989858012170385,0.8220081135902637,0.8224237723014499
2235,0.07299455255270004,0.9979716024340771,0.8245436105476673,0.8236768303598067
2236,0.07571730017662048,0.9979716024340771,0.8189655172413793,0.8187839369890805
2237,0.0777287632226944,0.9979716024340771,0.8164300202839757,0.815323109970762
2238,0.058622777462005615,1.0,0.8144016227180527,0.8132943493048511
2239,0.05390654504299164,0.9989858012170385,0.8113590263691683,0.817769556656125
2240,0.07166831940412521,0.9969574036511156,0.8154158215010142,0.8205740199295901
2241,0.09886809438467026,0.9969574036511156,0.8194726166328601,0.8203950116355391
2242,0.07019384950399399,0.9989858012170385,0.8230223123732252,0.8144280685005072
2243,0.08167316019535065,0.9979716024340771,0.8250507099391481,0.813473357598902
2244,0.09223728626966476,0.9969574036511156,0.8275862068965517,0.8184855898323289
2245,0.06027409806847572,0.9979716024340771,0.8240365111561866,0.819619309027985
2246,0.0750434398651123,0.9979716024340771,0.8220081135902637,0.8171131929112716
2247,0.06586875021457672,0.9969574036511156,0.8174442190669371,0.8141297213437556
2248,0.05724704638123512,0.9979716024340771,0.8225152129817445,0.8088191419535772
2249,0.060537707060575485,0.9989858012170385,0.8225152129817445,0.8101915388746346
2250,0.10105635225772858,0.9949290060851927,0.815922920892495,0.8085804642281759
2251,0.14037196338176727,1.0,0.821501014198783,0.8156214571275135
2252,0.07803496718406677,0.9959432048681541,0.8225152129817445,0.8116236052270421
2253,0.08300628513097763,0.9888438133874239,0.8240365111561866,0.8125783161286473
2254,0.0985780581831932,0.9939148073022313,0.8194726166328601,0.819261292439883
2255,0.09220796823501587,0.9979716024340771,0.8260649087221096,0.8177098872247748
2256,0.077857106924057,0.9979716024340771,0.821501014198783,0.8135926964616027
2257,0.0853140652179718,0.9989858012170385,0.8225152129817445,0.8156811265588639
2258,0.09821075946092606,0.9969574036511156,0.827079107505071,0.8170535234799212
2259,0.07530900835990906,0.9979716024340771,0.8199797160243407,0.8122202995405454
2260,0.07953883707523346,0.9979716024340771,0.8220081135902637,0.8146070767945581
2261,0.07691912353038788,0.9979716024340771,0.8194726166328601,0.8199176561847366
2262,0.058882445096969604,0.9979716024340771,0.8189655172413793,0.8198579867533863
2263,0.07970685511827469,1.0,0.8128803245436106,0.8180082343815264
2264,0.08680311590433121,1.0,0.8179513184584178,0.8192016230085327
2265,0.0761246383190155,0.9979716024340771,0.8174442190669371,0.8233784832030551
2266,0.07885033637285233,0.9959432048681541,0.8154158215010142,0.8251685661435646
2267,0.11377356946468353,0.9939148073022313,0.8128803245436106,0.8233188137717048
2268,0.10871724784374237,0.9959432048681541,0.8169371196754563,0.8282713765737812
2269,0.08522441983222961,0.9969574036511156,0.8144016227180527,0.8262426159078704
2270,0.09131541848182678,0.9908722109533469,0.8118661257606491,0.809535175129781
2271,0.10653391480445862,0.9929006085192698,0.815922920892495,0.818306581538278
2272,0.10130626708269119,0.9929006085192698,0.8189655172413793,0.8184855898323289
2273,0.12206178903579712,0.9979716024340771,0.813894523326572,0.807864431051972
2274,0.13112610578536987,0.9959432048681541,0.8144016227180527,0.8060743481114625
2275,0.1071026623249054,0.9989858012170385,0.8280933062880325,0.8215884002625455
2276,0.07957350462675095,0.9959432048681541,0.8255578093306288,0.8243331941046602
2277,0.10746630281209946,0.9959432048681541,0.8189655172413793,0.8214690613998449
2278,0.08072319626808167,0.9939148073022313,0.8199797160243407,0.8183662509696282
2279,0.09482651948928833,0.9969574036511156,0.8189655172413793,0.8181872426755773
2280,0.07724358141422272,0.9979716024340771,0.8189655172413793,0.8160988125783162
2281,0.0748479887843132,0.9979716024340771,0.8230223123732252,0.817769556656125
2282,0.08007010817527771,0.9979716024340771,0.8204868154158215,0.819261292439883
2283,0.09731902182102203,0.9979716024340771,0.8199797160243407,0.822244764007399
2284,0.08988082408905029,0.9989858012170385,0.813894523326572,0.820932036517692
2285,0.06797521561384201,0.9989858012170385,0.8067951318458418,0.817769556656125
2286,0.06960900127887726,1.0,0.8103448275862069,0.819440300733934
2287,0.05942244455218315,1.0,0.8144016227180527,0.8199176561847366
2288,0.08784989267587662,0.9989858012170385,0.8194726166328601,0.8199773256160868
2289,0.07900778204202652,0.9979716024340771,0.821501014198783,0.8233784832030551
2290,0.04852014034986496,0.9979716024340771,0.8220081135902637,0.8258249298884182
2291,0.061206500977277756,0.9979716024340771,0.8184584178498986,0.8230204666149532
2292,0.060274653136730194,0.9989858012170385,0.8199797160243407,0.8211707142430933
2293,0.08468352258205414,1.0,0.8133874239350912,0.8171131929112716
2294,0.07971193641424179,0.9989858012170385,0.815922920892495,0.8174712094993735
2295,0.07546071708202362,1.0,0.8164300202839757,0.8201563339101379
2296,0.07730934768915176,0.9979716024340771,0.8179513184584178,0.8162778208723671
2297,0.06865927577018738,0.9939148073022313,0.8118661257606491,0.8150247628140104
2298,0.074983611702919,0.9969574036511156,0.8022312373225152,0.8131750104421505
2299,0.09972891211509705,0.9989858012170385,0.8144016227180527,0.8136523658929531
2300,0.08594076335430145,1.0,0.8123732251521298,0.8094158362670804
2301,0.07382751256227493,0.9979716024340771,0.8189655172413793,0.8139507130497047
2302,0.1080518513917923,0.9969574036511156,0.8133874239350912,0.8100125305805835
2303,0.08551155030727386,0.9959432048681541,0.8220081135902637,0.8205143504982397
2304,0.07382176071405411,1.0,0.8235294117647058,0.8211110448117429
2305,0.06335708498954773,1.0,0.813894523326572,0.8137717047556536
2306,0.09594287723302841,0.9949290060851927,0.8067951318458418,0.81120591920759
2307,0.06777926534414291,0.9989858012170385,0.8128803245436106,0.8212303836744436
2308,0.08472473174333572,0.9959432048681541,0.8149087221095335,0.8197983173220359
2309,0.09955647587776184,0.9989858012170385,0.8174442190669371,0.8169341846172206
2310,0.07306252419948578,0.9989858012170385,0.8199797160243407,0.817769556656125
2311,0.1018548458814621,0.9979716024340771,0.8189655172413793,0.8176502177934244
2312,0.07034136354923248,0.9969574036511156,0.8128803245436106,0.8184855898323289
2313,0.057482462376356125,0.9979716024340771,0.8194726166328601,0.817948564950176
2314,0.07184495031833649,0.9979716024340771,0.8149087221095335,0.8180679038128766
2315,0.08392255753278732,0.9979716024340771,0.8230223123732252,0.8209917059490424
2316,0.08505751937627792,0.9979716024340771,0.815922920892495,0.8185452592636793
2317,0.07910569757223129,0.9959432048681541,0.815922920892495,0.817948564950176
2318,0.08027397096157074,0.9949290060851927,0.8265720081135902,0.8234978220657557
2319,0.08123990893363953,0.9989858012170385,0.8265720081135902,0.8221850945760487
2320,0.09387341141700745,0.9989858012170385,0.8230223123732252,0.8214093919684945
2321,0.061750683933496475,0.9989858012170385,0.8179513184584178,0.8177098872247748
2322,0.09029863774776459,1.0,0.829107505070994,0.8258249298884182
2323,0.08044442534446716,0.9989858012170385,0.829107505070994,0.8254072438689659
2324,0.0816560685634613,0.9989858012170385,0.8296146044624746,0.8229607971836028
2325,0.06234866380691528,1.0,0.8230223123732252,0.8175308789307237
2326,0.0716482475399971,0.9959432048681541,0.8098377281947262,0.8109075720508384
2327,0.11633230000734329,0.9959432048681541,0.8204868154158215,0.8251685661435646
2328,0.09385962784290314,0.9969574036511156,0.8225152129817445,0.826540963064622
2329,0.08594885468482971,0.9969574036511156,0.8306288032454361,0.8271973268094756
2330,0.08038567006587982,0.9979716024340771,0.8255578093306288,0.8239751775165582
2331,0.06665343791246414,0.9959432048681541,0.8260649087221096,0.8204546810668895
2332,0.10597024112939835,0.9979716024340771,0.8280933062880325,0.8227817888895519
2333,0.09084431827068329,0.9979716024340771,0.8296146044624746,0.8270779879467749
2334,0.07078391313552856,0.9979716024340771,0.8265720081135902,0.8256459215943672
2335,0.06724292784929276,0.9979716024340771,0.8250507099391481,0.8236768303598067
2336,0.08332524448633194,0.9979716024340771,0.8204868154158215,0.8224834417328003
2337,0.07768655568361282,0.9979716024340771,0.8235294117647058,0.8228414583209022
2338,0.09283868223428726,0.9979716024340771,0.8235294117647058,0.8229011277522525
2339,0.06196528300642967,0.9979716024340771,0.8245436105476673,0.8246912106927621
2340,0.07923376560211182,0.9989858012170385,0.813894523326572,0.8138910436183543
2341,0.09387876093387604,0.9979716024340771,0.8240365111561866,0.8242138552419596
2342,0.0715135782957077,0.9949290060851927,0.8174442190669371,0.8234381526344053
2343,0.08626457303762436,0.9979716024340771,0.8174442190669371,0.8194999701652843
2344,0.0916360542178154,0.9979716024340771,0.8164300202839757,0.8066710424249657
2345,0.09064079821109772,0.9949290060851927,0.8108519269776876,0.8023748433677427
2346,0.09215613454580307,0.9949290060851927,0.813894523326572,0.8090578196789785
2347,0.08592767268419266,0.9908722109533469,0.8250507099391481,0.821290053105794
2348,0.15530869364738464,0.9949290060851927,0.815922920892495,0.8224834417328003
2349,0.07099056988954544,0.9898580121703854,0.8022312373225152,0.8006444298585834
2350,0.1508265733718872,0.9949290060851927,0.8108519269776876,0.8126379855599977
2351,0.09524808824062347,0.9969574036511156,0.8280933062880325,0.8263022853392207
2352,0.08185792714357376,0.9939148073022313,0.827079107505071,0.825049227280864
2353,0.10320740193128586,0.9939148073022313,0.821501014198783,0.8234381526344053
2354,0.0948411151766777,0.9969574036511156,0.8149087221095335,0.8197983173220359
2355,0.11231468617916107,0.9979716024340771,0.8209939148073022,0.8203950116355391
2356,0.10886535048484802,0.9979716024340771,0.8133874239350912,0.8217077391252461
2357,0.08298934996128082,0.9969574036511156,0.8022312373225152,0.8174712094993735
2358,0.10341325402259827,0.9989858012170385,0.8103448275862069,0.814010382481055
2359,0.08032619208097458,0.9989858012170385,0.8128803245436106,0.8213497225371442
2360,0.05668561905622482,1.0,0.813894523326572,0.8220657557133481
2361,0.06446739286184311,0.9989858012170385,0.8174442190669371,0.8254669133003163
2362,0.07104876637458801,0.9989858012170385,0.8174442190669371,0.8273166656721761
2363,0.06606373190879822,1.0,0.8113590263691683,0.8246315412614118
2364,0.05045166239142418,0.9969574036511156,0.8052738336713996,0.8152634405394117
2365,0.06422187387943268,0.9979716024340771,0.8047667342799188,0.8139507130497047
2366,0.08186725527048111,0.9989858012170385,0.8230223123732252,0.8263619547705711
2367,0.07655191421508789,0.9939148073022313,0.8306288032454361,0.8261232770451697
2368,0.05935852974653244,0.9939148073022313,0.8280933062880325,0.8267796407900233
2369,0.09253189712762833,0.9969574036511156,0.8204868154158215,0.8228414583209022
2370,0.06844326108694077,0.9979716024340771,0.8164300202839757,0.8185452592636793
2371,0.10296992212533951,0.9969574036511156,0.802738336713996,0.8101318694432842
2372,0.0713612362742424,0.9949290060851927,0.8108519269776876,0.8197983173220359
2373,0.08945398777723312,0.9949290060851927,0.8098377281947262,0.8200369950474372
2374,0.11398386210203171,0.9989858012170385,0.8144016227180527,0.8171728623426219
2375,0.0703827440738678,0.9989858012170385,0.8164300202839757,0.8115042663643416
2376,0.07760663330554962,0.9969574036511156,0.8154158215010142,0.8132943493048511
2377,0.08007428050041199,0.9949290060851927,0.8179513184584178,0.8185452592636793
2378,0.07580781728029251,0.9949290060851927,0.8189655172413793,0.8193806313025837
2379,0.11439818888902664,0.9939148073022313,0.8209939148073022,0.823557491497106
2380,0.08381953090429306,0.9918864097363083,0.8220081135902637,0.8245122023987111
2381,0.11883608251810074,0.9939148073022313,0.8255578093306288,0.8273763351035265
2382,0.10288761556148529,0.9959432048681541,0.8204868154158215,0.8208723670863417
2383,0.11255517601966858,0.9979716024340771,0.8189655172413793,0.8214093919684945
2384,0.0792921856045723,0.9949290060851927,0.8164300202839757,0.8230801360463035
2385,0.0936480462551117,0.9969574036511156,0.8230223123732252,0.8243928635360105
2386,0.07615191489458084,0.9959432048681541,0.821501014198783,0.8193806313025837
2387,0.08540413528680801,0.9969574036511156,0.8209939148073022,0.8214093919684945
2388,0.06882305443286896,0.9959432048681541,0.8230223123732252,0.8162778208723671
2389,0.08791004866361618,0.9949290060851927,0.8230223123732252,0.818127573244227
2390,0.09101391583681107,0.9959432048681541,0.821501014198783,0.8210513753803926
2391,0.07554022967815399,0.9929006085192698,0.8204868154158215,0.8210513753803926
2392,0.09289209544658661,0.9918864097363083,0.821501014198783,0.8194999701652843
2393,0.09479792416095734,0.9949290060851927,0.8240365111561866,0.8182469121069276
2394,0.09729135781526566,0.9949290060851927,0.8240365111561866,0.8225431111641506
2395,0.08865714073181152,0.9949290060851927,0.8164300202839757,0.8169938540485709
2396,0.0967622920870781,0.9959432048681541,0.8149087221095335,0.8258249298884182
2397,0.06338389962911606,0.9959432048681541,0.8189655172413793,0.8266603019273226
2398,0.10050366818904877,0.9969574036511156,0.8204868154158215,0.8242735246733098
2399,0.10142387449741364,0.9979716024340771,0.813894523326572,0.8165761680291187
2400,0.06508791446685791,0.9959432048681541,0.813894523326572,0.8128766632853989
