epoch,loss,train_acc,val_acc,test_acc
1,2.873218297958374,0.13945278022947927,0.13945278022947927,0.1395940403883092
2,2.6896605491638184,0.14210061782877317,0.13768755516328332,0.13834812853657272
3,9.437301635742188,0.11032656663724624,0.11032656663724624,0.1104189378601464
4,2.666719913482666,0.11032656663724624,0.11032656663724624,0.1104189378601464
5,2.7791640758514404,0.11032656663724624,0.11032656663724624,0.1104189378601464
6,2.818983554840088,0.11032656663724624,0.11032656663724624,0.1104189378601464
7,2.832143545150757,0.11032656663724624,0.11032656663724624,0.1104189378601464
8,2.83420729637146,0.11032656663724624,0.11032656663724624,0.1104189378601464
9,2.8322806358337402,0.11032656663724624,0.11032656663724624,0.1104189378601464
10,2.828435182571411,0.11032656663724624,0.11032656663724624,0.1104189378601464
11,2.821655035018921,0.11032656663724624,0.11032656663724624,0.1104189378601464
12,2.814577341079712,0.11032656663724624,0.11032656663724624,0.1104189378601464
13,2.805720090866089,0.11032656663724624,0.11032656663724624,0.1104189378601464
14,2.7941970825195312,0.11032656663724624,0.11032656663724624,0.1104189378601464
15,2.7790920734405518,0.11032656663724624,0.11032656663724624,0.1104189378601464
16,2.7598743438720703,0.11032656663724624,0.11032656663724624,0.1104189378601464
17,2.7426209449768066,0.11032656663724624,0.11032656663724624,0.1104189378601464
18,2.7186837196350098,0.11032656663724624,0.11032656663724624,0.1104189378601464
19,2.698276996612549,0.11032656663724624,0.11032656663724624,0.1104189378601464
20,2.674593210220337,0.0970873786407767,0.09664607237422772,0.09681773347868972
21,2.65429425239563,0.0970873786407767,0.09664607237422772,0.09681773347868972
22,2.6578691005706787,0.10944395410414828,0.10988526037069726,0.1097440689404558
23,2.6493170261383057,0.13857016769638128,0.1381288614298323,0.138244302548928
24,2.6322522163391113,0.13857016769638128,0.1381288614298323,0.138244302548928
25,2.626642942428589,0.13857016769638128,0.1381288614298323,0.138244302548928
26,2.6348681449890137,0.13857016769638128,0.1381288614298323,0.138244302548928
27,2.638915777206421,0.13945278022947927,0.13945278022947927,0.1395940403883092
28,2.627455711364746,0.13945278022947927,0.13945278022947927,0.1395940403883092
29,2.6305668354034424,0.13945278022947927,0.13945278022947927,0.1395940403883092
30,2.6331310272216797,0.13945278022947927,0.13945278022947927,0.1395940403883092
31,2.626070499420166,0.13945278022947927,0.13945278022947927,0.1395940403883092
32,2.632981538772583,0.13945278022947927,0.13945278022947927,0.1395940403883092
33,2.6362147331237793,0.13945278022947927,0.13945278022947927,0.1395940403883092
34,2.6192445755004883,0.13945278022947927,0.13945278022947927,0.1395940403883092
35,2.630237102508545,0.13945278022947927,0.13945278022947927,0.1395940403883092
36,2.627716064453125,0.13945278022947927,0.13945278022947927,0.1395940403883092
37,2.6208741664886475,0.13945278022947927,0.13945278022947927,0.1395940403883092
38,2.6277177333831787,0.13945278022947927,0.13945278022947927,0.1395940403883092
39,2.6203653812408447,0.13945278022947927,0.13945278022947927,0.1395940403883092
40,2.6252877712249756,0.13945278022947927,0.13945278022947927,0.1395940403883092
41,2.6198551654815674,0.13945278022947927,0.13945278022947927,0.1395940403883092
42,2.6212847232818604,0.13945278022947927,0.13945278022947927,0.1395940403883092
43,2.6177048683166504,0.13680494263018536,0.1412180052956752,0.1387115194933292
44,2.6010591983795166,0.1412180052956752,0.13371579876434245,0.13616778279603384
45,2.5991098880767822,0.14916151809355693,0.13106796116504854,0.13570056585163268
46,2.592771053314209,0.13592233009708737,0.13327449249779347,0.1333125681358044
47,2.5810601711273193,0.14210061782877317,0.13680494263018536,0.1358563048330997
48,2.5728819370269775,0.14210061782877317,0.13415710503089143,0.13663499974043503
49,2.5613269805908203,0.15180935569285084,0.13327449249779347,0.13642734776514562
50,2.5480756759643555,0.15092674315975288,0.147396293027361,0.14416238384467633
51,2.5539722442626953,0.1588702559576346,0.14827890556045895,0.1609302808492966
52,2.5171289443969727,0.1676963812886143,0.1526919682259488,0.15885376109640242
53,2.5558271408081055,0.17122683142100617,0.15710503089143865,0.16783470902766962
54,2.4744646549224854,0.1615180935569285,0.1557811120917917,0.16752323106473552
55,2.509035110473633,0.17475728155339806,0.16813768755516328,0.1674194050770908
56,2.4744210243225098,0.17475728155339806,0.16284201235657547,0.15963245600373774
57,2.4794821739196777,0.18446601941747573,0.15489849955869373,0.15714063230026476
58,2.445676565170288,0.18270079435127978,0.1624007060900265,0.16295488760836838
59,2.4441399574279785,0.18623124448367168,0.15445719329214475,0.15625811140528476
60,2.4378490447998047,0.1941747572815534,0.15975286849073256,0.15791932720760007
61,2.4160268306732178,0.18270079435127978,0.1624007060900265,0.16757514405855786
62,2.44844126701355,0.19505736981465135,0.15931156222418358,0.15906141307169183
63,2.4233272075653076,0.18093556928508384,0.1703442188879082,0.17183200955199085
64,2.399284839630127,0.18446601941747573,0.17255075022065314,0.17463531121839795
65,2.3962278366088867,0.20476610767872905,0.1734333627537511,0.1752582671442662
66,2.385507583618164,0.1994704324801412,0.1822594880847308,0.18397965010642164
67,2.3515024185180664,0.1941747572815534,0.18181818181818182,0.18314904220526398
68,2.3476600646972656,0.21359223300970873,0.18976169461606354,0.1884960805689664
69,2.359302282333374,0.21800529567519858,0.19858781994704325,0.19550433473498416
70,2.3420348167419434,0.21359223300970873,0.2003530450132392,0.20225302393189015
71,2.3167195320129395,0.2612533097969991,0.24227714033539277,0.23345273321912474
72,2.3076767921447754,0.2674315975286849,0.25375110326566636,0.24243368115039193
73,2.3119657039642334,0.2621359223300971,0.25551632833186233,0.24487359186004257
74,2.263159990310669,0.26654898499558694,0.24139452780229478,0.23324508124383533
75,2.2551960945129395,0.2409532215357458,0.2228596646072374,0.2203706587758916
76,2.262859582901001,0.24801412180052956,0.2321270962047661,0.22966308467009292
77,2.2770092487335205,0.27007943512797883,0.25551632833186233,0.24855941442142968
78,2.244725465774536,0.2974404236540159,0.27714033539276256,0.26968800290712763
79,2.2231245040893555,0.29832303618711387,0.28067078552515445,0.27041478482064063
80,2.213954210281372,0.3142100617828773,0.2815533980582524,0.27628095312256656
81,2.1997153759002686,0.3212709620476611,0.27537511032656664,0.2753984322275866
82,2.1950314044952393,0.3159752868490733,0.29346866725507503,0.28728650781290554
83,2.1749258041381836,0.33715798764342453,0.3036187113857017,0.29907075741057987
84,2.1606876850128174,0.34951456310679613,0.31023830538393643,0.3031718839225458
85,2.150895595550537,0.36363636363636365,0.32436010591350395,0.3143850905881742
86,2.1577682495117188,0.33362753751103263,0.3318623124448367,0.31786326117427194
87,2.1161203384399414,0.33097969991173876,0.3265666372462489,0.31106265898354357
88,2.0862607955932617,0.3406884377758164,0.31641659311562226,0.30841509629860353
89,2.104588270187378,0.36893203883495146,0.3442188879082083,0.3352541141047604
90,2.1084389686584473,0.3706972639011474,0.3353927625772286,0.3243523854020661
91,2.057276725769043,0.37775816416593117,0.3261253309796999,0.3170845662669366
92,2.0908443927764893,0.3786407766990291,0.32524271844660196,0.31838239111249544
93,2.049635171890259,0.3909973521624007,0.3323036187113857,0.32699994808700616
94,2.017913341522217,0.4174757281553398,0.35083848190644307,0.33971863157348287
95,2.017333745956421,0.42188879082082964,0.36319505736981467,0.3521258370970254
96,1.9982203245162964,0.4315975286849073,0.3667255075022065,0.3551367907387219
97,1.995151400566101,0.41394527802294795,0.3649602824360106,0.3541504438560972
98,2.039088726043701,0.4298323036187114,0.3645189761694616,0.3578362664174843
99,1.9794949293136597,0.4245366284201236,0.3676081200353045,0.365571302497015
100,1.9784436225891113,0.41394527802294795,0.3667255075022065,0.35342366194258423
101,2.014831066131592,0.4174757281553398,0.3640776699029126,0.35181435913409126
102,1.99604332447052,0.4439541041482789,0.37996469549867606,0.3697243420028033
103,2.0074985027313232,0.4492497793468667,0.3759929390997352,0.3608472200591808
104,1.9431824684143066,0.4510150044130627,0.37996469549867606,0.36723251829933035
105,1.9292571544647217,0.442188879082083,0.38128861429832306,0.3705030369101386
106,1.940325379371643,0.44130626654898497,0.3848190644307149,0.37605772724913045
107,1.9476311206817627,0.44660194174757284,0.37996469549867606,0.36941286403986917
108,1.9115900993347168,0.45366284201235657,0.36937334510150044,0.36583086746612675
109,1.8728249073028564,0.4501323918799647,0.37290379523389233,0.36230078388620673
110,1.9178788661956787,0.4333627537511033,0.35789938217122685,0.3510875772205783
111,1.8905327320098877,0.4501323918799647,0.36893203883495146,0.36058765509006907
112,1.8803433179855347,0.4748455428067079,0.3918799646954987,0.38348128536572706
113,1.866849660873413,0.471315092674316,0.3857016769638129,0.3800550277734517
114,1.8946014642715454,0.4836716681376876,0.39232127096204766,0.38695945595182474
115,1.8854827880859375,0.49338040600176525,0.3843777581641659,0.38088563567460937
116,1.8696249723434448,0.4819064430714916,0.3808473080317741,0.36775164823755385
117,1.8917269706726074,0.46866725507502205,0.36010591350397175,0.3606395680838914
118,1.8525187969207764,0.4783759929390997,0.3702559576345984,0.36474069459585734
119,1.8469688892364502,0.4854368932038835,0.3786407766990291,0.3750194673726834
120,1.8515198230743408,0.4854368932038835,0.3936451897616946,0.38348128536572706
121,1.7866719961166382,0.4969108561341571,0.40203000882612533,0.38872449774178475
122,1.8267006874084473,0.49249779346866723,0.3940864960282436,0.38560971811244354
123,1.8543734550476074,0.47396293027360986,0.37246248896734335,0.3668691273425738
124,1.832675576210022,0.46601941747572817,0.36187113857016767,0.3611586980221149
125,1.8173022270202637,0.47572815533980584,0.3786407766990291,0.37143747079894096
126,1.8257051706314087,0.4889673433362754,0.39232127096204766,0.3787052899340705
127,1.8124266862869263,0.4854368932038835,0.3918799646954987,0.3809375486684317
128,1.8125922679901123,0.49249779346866723,0.38746690203000883,0.3784976379587811
129,1.8251577615737915,0.4783759929390997,0.3861429832303619,0.37704407413175517
130,1.7928721904754639,0.47925860547219773,0.39055604589585174,0.37652494419353166
131,1.7594208717346191,0.4916151809355693,0.38702559576345985,0.3790167678970046
132,1.7627226114273071,0.5127978817299206,0.40203000882612533,0.39038571354410007
133,1.8062454462051392,0.5101500441306267,0.39982347749338043,0.391839277371126
134,1.8021609783172607,0.5066195939982348,0.3993821712268314,0.3915797124020142
135,1.7731149196624756,0.4977934686672551,0.3879082082965578,0.3828583294398588
136,1.782813549041748,0.502206531332745,0.38172992056487204,0.3845714582359965
137,1.7873836755752563,0.5083848190644307,0.3909973521624007,0.3908529304885013
138,1.7660800218582153,0.5172109443954104,0.3993821712268314,0.3937081451487307
139,1.801851749420166,0.4977934686672551,0.38393645189761694,0.3806260707054976
140,1.7903826236724854,0.5057369814651368,0.38393645189761694,0.3815085916004776
141,1.795308232307434,0.5207413945278023,0.40158870255957635,0.39407153610548723
142,1.7237179279327393,0.5242718446601942,0.39452780229479256,0.38997040959352125
143,1.726672649383545,0.527802294792586,0.40203000882612533,0.39614805585838136
144,1.7245391607284546,0.5330979699911739,0.4007060900264784,0.3942791880807766
145,1.7117513418197632,0.5242718446601942,0.3976169461606355,0.3930851892228625
146,1.7296987771987915,0.5110326566637247,0.3883495145631068,0.38794580283444946
147,1.774841547012329,0.5286849073256841,0.39585172109443956,0.3830659814151482
148,1.7823424339294434,0.5251544571932921,0.3909973521624007,0.3874266728962259
149,1.721005916595459,0.5039717563989409,0.3795233892321271,0.3867518039765353
150,1.741389513015747,0.5039717563989409,0.3755516328331862,0.38467528422364117
151,1.7166697978973389,0.5083848190644307,0.3759929390997352,0.37922441987229405
152,1.7285574674606323,0.5136804942630185,0.3786407766990291,0.37787468203291286
153,1.709494948387146,0.526919682259488,0.3940864960282436,0.3904895395317448
154,1.7496130466461182,0.5251544571932921,0.3932038834951456,0.39111249545761306
155,1.713374137878418,0.5233892321270962,0.39805825242718446,0.39163162539583657
156,1.697829246520996,0.5383936451897617,0.4029126213592233,0.3949540570004672
157,1.668798565864563,0.5242718446601942,0.4002647837599294,0.39500596999428955
158,1.7447142601013184,0.5330979699911739,0.38879082082965577,0.3797954628043399
159,1.6937748193740845,0.5401588702559577,0.39055604589585174,0.3889321497170742
160,1.695840835571289,0.5383936451897617,0.39452780229479256,0.4009240512900379
161,1.718400001525879,0.5339805825242718,0.3967343336275375,0.400353008357992
162,1.7164157629013062,0.527802294792586,0.3848190644307149,0.38244302548927994
163,1.704919695854187,0.5375110326566638,0.39982347749338043,0.40102787727768263
164,1.648121953010559,0.529567519858782,0.41306266548984993,0.4096973472460157
165,1.7254410982131958,0.5401588702559577,0.41041482789055606,0.4134869957950475
166,1.6896339654922485,0.5428067078552515,0.4082082965578111,0.3999896174012355
167,1.677646517753601,0.5366284201235657,0.3967343336275375,0.3925141462908166
168,1.6526601314544678,0.5419240953221536,0.3976169461606355,0.39666718579660487
169,1.6607918739318848,0.5525154457193292,0.4042365401588703,0.3999896174012355
170,1.6459243297576904,0.5578111209179171,0.4086496028243601,0.40435030888231327
171,1.6632001399993896,0.560458958517211,0.4227714033539276,0.4135908217826922
172,1.6845707893371582,0.5631067961165048,0.42541924095322153,0.4155116025541193
173,1.65643310546875,0.5631067961165048,0.4201235657546337,0.41478482064060634
174,1.647892951965332,0.5675198587819947,0.4152691968225949,0.4156673415355864
175,1.6380234956741333,0.5648720211827007,0.4099735216240071,0.4103722161657063
176,1.5797715187072754,0.5648720211827007,0.4148278905560459,0.4145771686653169
177,1.6368727684020996,0.5684024713150927,0.4187996469549868,0.41930125110315114
178,1.5928138494491577,0.5569285083848191,0.4152691968225949,0.4168613403935005
179,1.63661789894104,0.5525154457193292,0.40203000882612533,0.4092301303016145
180,1.6479673385620117,0.5533980582524272,0.4042365401588703,0.40948969527072626
181,1.6214773654937744,0.5657546337157988,0.4174757281553398,0.4195089030784405
182,1.6493793725967407,0.5736981465136805,0.4183583406884378,0.418989773140217
183,1.6508489847183228,0.5834068843777581,0.42144748455428066,0.42013185900430877
184,1.5769518613815308,0.5736981465136805,0.42497793468667255,0.41971655505372996
185,1.6051478385925293,0.5710503089143866,0.42144748455428066,0.42184498780044644
186,1.576842188835144,0.5807590467784642,0.42497793468667255,0.4234542906089394
187,1.5792174339294434,0.5860547219770521,0.4315975286849073,0.4228832476768935
188,1.5966055393218994,0.5834068843777581,0.4320388349514563,0.4252712453927218
189,1.6114490032196045,0.5834068843777581,0.4329214474845543,0.42340237761511706
190,1.6453526020050049,0.5710503089143866,0.4263018534863195,0.41333125681358046
191,1.5851768255233765,0.5719329214474845,0.4210061782877317,0.416497949436744
192,1.625077724456787,0.5657546337157988,0.4227714033539276,0.4187821211649276
193,1.618959665298462,0.5728155339805825,0.4240953221535746,0.41982038104137465
194,1.581360936164856,0.5807590467784642,0.43733451015004415,0.4236100295904065
195,1.5849984884262085,0.5772285966460724,0.43777581641659313,0.4244925504853865
196,1.6110552549362183,0.5728155339805825,0.4315975286849073,0.42324663863365003
197,1.6165000200271606,0.5825242718446602,0.4293909973521624,0.4229351606707159
198,1.554978847503662,0.589585172109444,0.42806707855251547,0.41961272906608527
199,1.6130280494689941,0.587819947043248,0.4236540158870256,0.42231220474484765
200,1.5267225503921509,0.5842894969108562,0.42497793468667255,0.4222083787572029
201,1.5568090677261353,0.5957634598411298,0.4289496910856134,0.41940507709079583
202,1.6200131177902222,0.5745807590467784,0.4263018534863195,0.419872294035197
203,1.5900086164474487,0.5754633715798765,0.4210061782877317,0.418107252245237
204,1.582231044769287,0.5807590467784642,0.41791703442188877,0.4169651663811452
205,1.5941187143325806,0.5842894969108562,0.4223300970873786,0.41862638218346054
206,1.559499979019165,0.5710503089143866,0.42850838481906445,0.41914551212168405
207,1.5636290311813354,0.5798764342453663,0.43380406001765226,0.42350620360276175
208,1.5651228427886963,0.5860547219770521,0.43380406001765226,0.4270882001765042
209,1.554842472076416,0.5710503089143866,0.4276257722859665,0.41654986243056635
210,1.5815080404281616,0.5807590467784642,0.4267431597528685,0.42376576857187354
211,1.565040111541748,0.5789938217122683,0.4245366284201236,0.4245963764730312
212,1.5528712272644043,0.5869373345101501,0.4174757281553398,0.4204433369672429
213,1.5878372192382812,0.5948808473080318,0.4174757281553398,0.4214296838498676
214,1.6094304323196411,0.5745807590467784,0.4236540158870256,0.42350620360276175
215,1.5551100969314575,0.5745807590467784,0.43027360988526037,0.42667289622592536
216,1.5323963165283203,0.5939982347749339,0.4333627537511033,0.4305144577687795
217,1.555385708808899,0.5842894969108562,0.4258605472197705,0.4220007267819135
218,1.5522738695144653,0.5825242718446602,0.4099735216240071,0.41488864662825103
219,1.5278619527816772,0.5860547219770521,0.41394527802294795,0.41421377770856044
220,1.5605536699295044,0.5948808473080318,0.4258605472197705,0.420754814930177
221,1.5077168941497803,0.5922330097087378,0.43027360988526037,0.4240253335409853
222,1.515397071838379,0.5975286849073257,0.4355692850838482,0.42724393915797126
223,1.5456926822662354,0.5984112974404237,0.43733451015004415,0.43591340912630433
224,1.5100429058074951,0.5939982347749339,0.4315975286849073,0.43555001816954786
225,1.5080071687698364,0.5948808473080318,0.4240953221535746,0.42745159113326064
226,1.5225380659103394,0.5851721094439541,0.41571050308914387,0.42444063749156413
227,1.5295785665512085,0.5904677846425419,0.4240953221535746,0.42651715724445827
228,1.4745349884033203,0.5939982347749339,0.42850838481906445,0.4260499403000571
229,1.5382436513900757,0.5992939099735216,0.4298323036187114,0.4267248092197477
230,1.5246376991271973,0.6028243601059136,0.4346866725507502,0.426620983232103
231,1.5125869512557983,0.6072374227714034,0.4289496910856134,0.42625759227534654
232,1.536238670349121,0.6010591350397175,0.42718446601941745,0.42418107252245235
233,1.5160877704620361,0.6028243601059136,0.4267431597528685,0.4226236827077818
234,1.528904914855957,0.6072374227714034,0.4311562224183583,0.42947619789233243
235,1.5360302925109863,0.6107678729037952,0.440864960282436,0.43555001816954786
236,1.5086003541946411,0.6134157105030892,0.44660194174757284,0.44027410060738204
237,1.5003626346588135,0.6240070609002648,0.4510150044130627,0.44338888023672324
238,1.4992982149124146,0.6257722859664607,0.4492497793468667,0.4451539220266833
239,1.4367667436599731,0.6240070609002648,0.44483671668137686,0.44453096610081505
240,1.4458460807800293,0.6142983230361871,0.44483671668137686,0.44354461921819033
241,1.4851669073104858,0.6125330979699912,0.43733451015004415,0.43664019103981727
242,1.5145213603973389,0.6107678729037952,0.4258605472197705,0.42184498780044644
243,1.4656121730804443,0.6187113857016769,0.4263018534863195,0.42895706795410893
244,1.5136291980743408,0.6284201235657546,0.441747572815534,0.44042983958884907
245,1.4551119804382324,0.6231244483671668,0.4435127978817299,0.4471785287857551
246,1.4710944890975952,0.6160635481023831,0.44836716681376876,0.4441156621502362
247,1.474352240562439,0.6142983230361871,0.4554280670785525,0.4429216632923221
248,1.51937997341156,0.6240070609002648,0.4554280670785525,0.44619218190313037
249,1.5101380348205566,0.616946160635481,0.4558693733451015,0.44665939884753153
250,1.4846374988555908,0.6028243601059136,0.45454545454545453,0.4514353942791881
251,1.4990508556365967,0.5966460723742277,0.44836716681376876,0.4415719254529409
252,1.456995964050293,0.5966460723742277,0.440864960282436,0.42812646005295124
253,1.4904892444610596,0.5975286849073257,0.4320388349514563,0.4250635934174324
254,1.5350812673568726,0.6072374227714034,0.440423654015887,0.43767845091626434
255,1.500725507736206,0.6142983230361871,0.44880847308031774,0.45283704511239165
256,1.4834675788879395,0.6160635481023831,0.4563106796116505,0.4543944349270622
257,1.4694663286209106,0.6266548984995587,0.4527802294792586,0.4500337434459845
258,1.4714299440383911,0.6151809355692851,0.441747572815534,0.44068940455796085
259,1.4820029735565186,0.6019417475728155,0.4461606354810238,0.44562113897108446
260,1.4871842861175537,0.5992939099735216,0.45189761694616065,0.4506047863780304
261,1.4744292497634888,0.6134157105030892,0.4580759046778464,0.45335617505061515
262,1.438194990158081,0.6293027360988526,0.4567519858781995,0.4525255671494575
263,1.477717638015747,0.6213592233009708,0.45233892321270963,0.4490473965633598
264,1.4325326681137085,0.6240070609002648,0.45454545454545453,0.44956652650158335
265,1.4996283054351807,0.6213592233009708,0.4624889673433363,0.45652286767377875
266,1.4384125471115112,0.617828773168579,0.45145631067961167,0.4508643513471422
267,1.4742571115493774,0.6116504854368932,0.4510150044130627,0.45133156829154336
268,1.5272434949874878,0.6195939982347749,0.45454545454545453,0.4549654778591081
269,1.4649327993392944,0.6257722859664607,0.46116504854368934,0.45896277838342936
270,1.4383703470230103,0.6293027360988526,0.4563106796116505,0.45257748014327986
271,1.4745854139328003,0.6372462488967343,0.4620476610767873,0.4590146913772517
272,1.4677119255065918,0.6319505736981466,0.46910856134157103,0.46368686082126354
273,1.4815161228179932,0.6187113857016769,0.4616063548102383,0.4625966879509941
274,1.4490021467208862,0.6134157105030892,0.4563106796116505,0.4558999117479105
275,1.4182765483856201,0.6204766107678729,0.46116504854368934,0.4600529512536988
276,1.4746277332305908,0.6213592233009708,0.4651368049426302,0.46591911955562476
277,1.4339197874069214,0.6257722859664607,0.4673433362753751,0.46674972745678245
278,1.4595005512237549,0.6443071491615181,0.46954986760812,0.4600010382598764
279,1.4173054695129395,0.6319505736981466,0.4624889673433363,0.4527332191247469
280,1.402108907699585,0.6248896734333628,0.4554280670785525,0.4526293931371022
281,1.4558937549591064,0.6213592233009708,0.4602824360105914,0.4588070394019623
282,1.4800474643707275,0.6222418358340689,0.4527802294792586,0.4554846077973317
283,1.427647590637207,0.6222418358340689,0.4470432480141218,0.4505528733842081
284,1.3933566808700562,0.6195939982347749,0.4549867608120035,0.4590666043710741
285,1.395512580871582,0.6240070609002648,0.4624889673433363,0.46270051393863887
286,1.4336965084075928,0.6293027360988526,0.4616063548102383,0.4628562529201059
287,1.417345404624939,0.6248896734333628,0.4655781112091792,0.465659554586513
288,1.3667175769805908,0.6310679611650486,0.46072374227714036,0.46290816591392825
289,1.4592655897140503,0.6248896734333628,0.45939982347749336,0.45885895239578467
290,1.4324638843536377,0.6151809355692851,0.45763459841129744,0.4569900846181799
291,1.422684907913208,0.6231244483671668,0.4589585172109444,0.4618699060374812
292,1.3461552858352661,0.6398940864960282,0.45939982347749336,0.46441364273477653
293,1.3989813327789307,0.6531332744924978,0.4580759046778464,0.45979338628458705
294,1.3962801694869995,0.6425419240953222,0.45189761694616065,0.45662669366142344
295,1.402137041091919,0.6354810238305384,0.4620476610767873,0.4607278201733894
296,1.4201574325561523,0.6222418358340689,0.4567519858781995,0.45527695582204225
297,1.4188101291656494,0.6195939982347749,0.45763459841129744,0.4523179151741681
298,1.4297291040420532,0.6345984112974404,0.46646072374227715,0.460675907179567
299,1.39169442653656,0.6425419240953222,0.4624889673433363,0.4631158178892177
300,1.4485204219818115,0.6310679611650486,0.46072374227714036,0.45584799875408816
301,1.417340874671936,0.6310679611650486,0.4677846425419241,0.457145823599647
302,1.43634831905365,0.6301853486319505,0.46999117387466904,0.4648808596791777
303,1.4052292108535767,0.6301853486319505,0.46866725507502205,0.4621813840004153
304,1.3972913026809692,0.6293027360988526,0.4642541924095322,0.4619218190313035
305,1.366957664489746,0.6381288614298323,0.470432480141218,0.46306390489539534
306,1.3769923448562622,0.646954986760812,0.4673433362753751,0.4644655557285989
307,1.3899003267288208,0.646954986760812,0.4620476610767873,0.4591704303587188
308,1.3732784986495972,0.646072374227714,0.4589585172109444,0.4580802574884494
309,1.4021663665771484,0.6345984112974404,0.46072374227714036,0.4584955614390282
310,1.3654001951217651,0.6266548984995587,0.46116504854368934,0.4560037377355552
311,1.373473048210144,0.6284201235657546,0.46690203000882613,0.4575611275502258
312,1.3865094184875488,0.6381288614298323,0.46910856134157103,0.4590146913772517
313,1.3356918096542358,0.6398940864960282,0.4624889673433363,0.46290816591392825
314,1.3813505172729492,0.6513680494263019,0.46866725507502205,0.46607485853709185
315,1.369503378868103,0.6398940864960282,0.46822594880847307,0.4668016404506048
316,1.3275102376937866,0.6310679611650486,0.4673433362753751,0.46908581217878836
317,1.4002258777618408,0.6328331862312445,0.46954986760812,0.46581529356798007
318,1.3844245672225952,0.6337157987643425,0.470873786407767,0.46031251622281055
319,1.4011942148208618,0.6478375992939099,0.46646072374227715,0.46908581217878836
320,1.3717854022979736,0.6345984112974404,0.46293027360988526,0.4671131184135389
321,1.397053837776184,0.6487202118270079,0.46866725507502205,0.4704874630119919
322,1.3286536931991577,0.649602824360106,0.47175639894086496,0.4678918133208742
323,1.369105339050293,0.6407766990291263,0.46954986760812,0.4660229455432695
324,1.380048155784607,0.6434245366284201,0.4761694616063548,0.4712661579193272
325,1.4201769828796387,0.6390114739629302,0.46293027360988526,0.46301199190157294
326,1.3465850353240967,0.6443071491615181,0.4616063548102383,0.4573534755749364
327,1.3670763969421387,0.6363636363636364,0.45057369814651366,0.4505528733842081
328,1.4000675678253174,0.6451897616946161,0.46116504854368934,0.46181799304365884
329,1.3529651165008545,0.6381288614298323,0.46822594880847307,0.47111041893786015
330,1.3745250701904297,0.6487202118270079,0.46910856134157103,0.4749519804807143
331,1.3705190420150757,0.6531332744924978,0.46954986760812,0.4751077194621814
332,1.3359500169754028,0.6628420123565755,0.46072374227714036,0.4710585059440378
333,1.350843906402588,0.6654898499558694,0.4638128861429832,0.46887816020349893
334,1.3805193901062012,0.6601941747572816,0.4646954986760812,0.47168146186990606
335,1.3207210302352905,0.6478375992939099,0.47175639894086496,0.4733945906660437
336,1.3353958129882812,0.6513680494263019,0.471315092674316,0.4702278980428801
337,1.3670213222503662,0.6504854368932039,0.4646954986760812,0.46628251051238123
338,1.3421531915664673,0.6381288614298323,0.4642541924095322,0.45517312983439756
339,1.341225028038025,0.6363636363636364,0.45763459841129744,0.44941078752011626
340,1.3752905130386353,0.6416593115622242,0.4567519858781995,0.4508643513471422
341,1.3173449039459229,0.6328331862312445,0.45189761694616065,0.4519545242174116
342,1.3471505641937256,0.6381288614298323,0.45939982347749336,0.4568343456367129
343,1.3241920471191406,0.6451897616946161,0.4726390114739629,0.46358303483361885
344,1.3421549797058105,0.6416593115622242,0.4744042365401589,0.46238903597570474
345,1.318588376045227,0.6425419240953222,0.46690203000882613,0.46057208119192233
346,1.3569256067276,0.6584289496910856,0.46954986760812,0.46301199190157294
347,1.3728724718093872,0.6504854368932039,0.4761694616063548,0.47136998390697193
348,1.3449970483779907,0.646072374227714,0.4744042365401589,0.4734984166536884
349,1.3605319261550903,0.6504854368932039,0.47572815533980584,0.4684628562529201
350,1.3131670951843262,0.6548984995586937,0.4761694616063548,0.46301199190157294
351,1.3754127025604248,0.6557811120917917,0.47749338040600176,0.4666459014691377
352,1.297399640083313,0.6593115622241836,0.4819064430714916,0.4711623319316825
353,1.3130269050598145,0.6610767872903796,0.47572815533980584,0.4689300731973213
354,1.3424110412597656,0.646072374227714,0.4744042365401589,0.45828790946373876
355,1.3401637077331543,0.6381288614298323,0.46072374227714036,0.45242174116181283
356,1.3730347156524658,0.6337157987643425,0.4655781112091792,0.46270051393863887
357,1.3770735263824463,0.6451897616946161,0.47175639894086496,0.4715776358822613
358,1.4080345630645752,0.6531332744924978,0.4748455428067079,0.4738618076104449
359,1.3579232692718506,0.6593115622241836,0.4730803177405119,0.47583450137569433
360,1.309680461883545,0.6610767872903796,0.4788172992056487,0.47832632507916734
361,1.3439791202545166,0.6601941747572816,0.48676081200353044,0.4806104968073509
362,1.348298192024231,0.6601941747572816,0.4819064430714916,0.47858589004827906
363,1.3403279781341553,0.6548984995586937,0.4788172992056487,0.4705912889996366
364,1.3114899396896362,0.646954986760812,0.47396293027360986,0.46181799304365884
365,1.3197908401489258,0.6487202118270079,0.470873786407767,0.4663344235062036
366,1.3296469449996948,0.6672550750220653,0.4766107678729038,0.4734984166536884
367,1.3281100988388062,0.6690203000882613,0.48411297440423656,0.47344650365986607
368,1.3018931150436401,0.6725507502206531,0.4801412180052957,0.4734984166536884
369,1.3262572288513184,0.6690203000882613,0.4783759929390997,0.47344650365986607
370,1.3305367231369019,0.6672550750220653,0.4766107678729038,0.4714218969007943
371,1.3487298488616943,0.6628420123565755,0.47572815533980584,0.4709027669625707
372,1.2973346710205078,0.6575463371579876,0.4730803177405119,0.47136998390697193
373,1.2790441513061523,0.6637246248896734,0.47396293027360986,0.4714738098946166
374,1.3133741617202759,0.6646072374227714,0.4726390114739629,0.4711623319316825
375,1.319113850593567,0.6637246248896734,0.4726390114739629,0.47100659295021546
376,1.2827359437942505,0.6601941747572816,0.46337157987643424,0.4643098167471318
377,1.3312957286834717,0.6672550750220653,0.4673433362753751,0.4655557285988683
378,1.3443912267684937,0.6601941747572816,0.470432480141218,0.46368686082126354
379,1.3209400177001953,0.6566637246248896,0.47572815533980584,0.46550381560504595
380,1.3205904960632324,0.6672550750220653,0.4783759929390997,0.47370606862897785
381,1.308364748954773,0.6690203000882613,0.4819064430714916,0.47682084825831905
382,1.2736492156982422,0.6646072374227714,0.48278905560458957,0.4760940663448061
383,1.3328064680099487,0.6646072374227714,0.4796999117387467,0.4767689352644967
384,1.3359440565109253,0.6663724624889673,0.47749338040600176,0.475782588381872
385,1.3046159744262695,0.6566637246248896,0.4783759929390997,0.4734984166536884
386,1.3063154220581055,0.649602824360106,0.48278905560458957,0.4745885895239578
387,1.373840093612671,0.6522506619593998,0.48146513680494263,0.46934537714790014
388,1.3020787239074707,0.6548984995586937,0.48058252427184467,0.46524425063593416
389,1.2810392379760742,0.6646072374227714,0.4770520741394528,0.46607485853709185
390,1.3020049333572388,0.6707855251544572,0.48323036187113855,0.47012407205523543
391,1.2939190864562988,0.6725507502206531,0.47528684907325686,0.47111041893786015
392,1.29566490650177,0.6716681376875552,0.47572815533980584,0.4696568551108342
393,1.2965662479400635,0.6646072374227714,0.47175639894086496,0.4666978144629601
394,1.2654969692230225,0.6663724624889673,0.46910856134157103,0.46851476924674246
395,1.3087092638015747,0.6575463371579876,0.46601941747572817,0.46649016248767067
396,1.2728296518325806,0.6637246248896734,0.46910856134157103,0.4664382494938483
397,1.286865234375,0.6690203000882613,0.4783759929390997,0.47204485282666253
398,1.2687848806381226,0.6690203000882613,0.4735216240070609,0.4702278980428801
399,1.3144752979278564,0.6628420123565755,0.4726390114739629,0.46695737943207183
400,1.4081180095672607,0.6628420123565755,0.4673433362753751,0.464777033691533
401,1.2775894403457642,0.6443071491615181,0.46646072374227715,0.45896277838342936
402,1.3438189029693604,0.6398940864960282,0.4651368049426302,0.4534600010382599
403,1.3136324882507324,0.6451897616946161,0.4624889673433363,0.45429060893941753
404,1.2889295816421509,0.649602824360106,0.470432480141218,0.4587032134143176
405,1.3374223709106445,0.6557811120917917,0.470873786407767,0.4621813840004153
406,1.3476922512054443,0.6593115622241836,0.47219770520741394,0.46617868452473654
407,1.2914764881134033,0.6557811120917917,0.470432480141218,0.4664382494938483
408,1.3349751234054565,0.6593115622241836,0.4761694616063548,0.4657633805741577
409,1.3053689002990723,0.6734333627537511,0.4801412180052957,0.4684628562529201
410,1.294865369796753,0.6663724624889673,0.4907325684024713,0.47188911384519544
411,1.3136157989501953,0.6681376875551632,0.4960282436010591,0.47900119399885793
412,1.2961578369140625,0.6663724624889673,0.49249779346866723,0.48611327415252037
413,1.2792518138885498,0.6663724624889673,0.4916151809355693,0.48393292841198154
414,1.3747293949127197,0.6707855251544572,0.48411297440423656,0.4738618076104449
415,1.325269341468811,0.6672550750220653,0.4730803177405119,0.4670612054197166
416,1.3161840438842773,0.6672550750220653,0.4761694616063548,0.46986450708612365
417,1.3014384508132935,0.6681376875551632,0.48278905560458957,0.4748481544930696
418,1.2882192134857178,0.6637246248896734,0.4836716681376876,0.478430151066812
419,1.3372764587402344,0.6654898499558694,0.47925860547219773,0.47775528214712143
420,1.288854718208313,0.6628420123565755,0.47528684907325686,0.47303119970928725
421,1.260616660118103,0.6646072374227714,0.470873786407767,0.4736541556351555
422,1.287571668624878,0.6716681376875552,0.47572815533980584,0.4785339770544567
423,1.2851916551589966,0.6743159752868491,0.4748455428067079,0.4807143227949956
424,1.303255319595337,0.676081200353045,0.48102383053839365,0.4797279759123709
425,1.2733787298202515,0.6893203883495146,0.4761694616063548,0.48118153973939676
426,1.2833733558654785,0.6919682259488085,0.4796999117387467,0.48087006177646263
427,1.2327028512954712,0.676081200353045,0.4788172992056487,0.47723615220889787
428,1.243489384651184,0.6734333627537511,0.47925860547219773,0.4758864143695167
429,1.312842607498169,0.6681376875551632,0.47793468667255073,0.4740694595857343
430,1.283198356628418,0.6840247131509267,0.47925860547219773,0.47422519856720136
431,1.3129653930664062,0.677846425419241,0.47572815533980584,0.4733426776722214
432,1.2644683122634888,0.6663724624889673,0.4766107678729038,0.47448476353631314
433,1.2584912776947021,0.6663724624889673,0.4770520741394528,0.47671702227067436
434,1.249895691871643,0.6593115622241836,0.4616063548102383,0.46695737943207183
435,1.2823641300201416,0.6540158870255958,0.4616063548102383,0.46280433992628356
436,1.2563655376434326,0.6672550750220653,0.4624889673433363,0.4684628562529201
437,1.2756798267364502,0.6584289496910856,0.4677846425419241,0.4703836370243472
438,1.2739295959472656,0.6707855251544572,0.4735216240070609,0.4717333748637284
439,1.2749717235565186,0.6796116504854369,0.4788172992056487,0.4759902403571614
440,1.2710777521133423,0.6893203883495146,0.4761694616063548,0.47624980532627315
441,1.2555485963821411,0.6849073256840247,0.4726390114739629,0.4749519804807143
442,1.2827894687652588,0.6866725507502206,0.4766107678729038,0.4751077194621814
443,1.2404552698135376,0.6849073256840247,0.4823477493380406,0.47682084825831905
444,1.2543060779571533,0.6902030008826125,0.4823477493380406,0.4753153714374708
445,1.2329187393188477,0.6902030008826125,0.48058252427184467,0.4714738098946166
446,1.2982304096221924,0.6893203883495146,0.471315092674316,0.469033899184966
447,1.254049301147461,0.6831421006178288,0.4673433362753751,0.46617868452473654
448,1.2461745738983154,0.6866725507502206,0.4735216240070609,0.4733426776722214
449,1.2486896514892578,0.6840247131509267,0.47793468667255073,0.4747443285054249
450,1.2302993535995483,0.6981465136804943,0.48631950573698146,0.47723615220889787
451,1.2389501333236694,0.703442188879082,0.48631950573698146,0.4755230234127602
452,1.1958775520324707,0.7007943512797882,0.48676081200353044,0.47355032964751076
453,1.216120719909668,0.6954986760812003,0.4801412180052957,0.4739656335980896
454,1.2077863216400146,0.6954986760812003,0.4819064430714916,0.47614597933862846
455,1.2402700185775757,0.7016769638128861,0.4836716681376876,0.47723615220889787
456,1.293765664100647,0.6849073256840247,0.4819064430714916,0.47749571717800965
457,1.2386199235916138,0.6725507502206531,0.4788172992056487,0.474017546591912
458,1.2425391674041748,0.6707855251544572,0.4796999117387467,0.4730831127031096
459,1.2551738023757935,0.677846425419241,0.47925860547219773,0.47380989461662254
460,1.269517421722412,0.6831421006178288,0.48058252427184467,0.4705912889996366
461,1.2133026123046875,0.6743159752868491,0.4766107678729038,0.4670612054197166
462,1.3012309074401855,0.6822594880847308,0.4735216240070609,0.4700721590614131
463,1.1961153745651245,0.6857899382171226,0.46954986760812,0.47079894097492603
464,1.2421928644180298,0.6884377758164166,0.470873786407767,0.4733945906660437
465,1.2627722024917603,0.6866725507502206,0.4726390114739629,0.47692467424596374
466,1.2957954406738281,0.6857899382171226,0.47572815533980584,0.4740694595857343
467,1.2583885192871094,0.6849073256840247,0.4677846425419241,0.47220059180812957
468,1.2832903861999512,0.6857899382171226,0.4642541924095322,0.4714738098946166
469,1.2694802284240723,0.6822594880847308,0.46646072374227715,0.47313502569693194
470,1.2491964101791382,0.6884377758164166,0.47175639894086496,0.47438093754866845
471,1.2557384967803955,0.6831421006178288,0.4744042365401589,0.46809946529616364
472,1.2391561269760132,0.6769638128861429,0.46690203000882613,0.45932616934018583
473,1.2496836185455322,0.6857899382171226,0.4735216240070609,0.45885895239578467
474,1.295365333557129,0.6813768755516328,0.4796999117387467,0.46508851165446713
475,1.2761635780334473,0.6796116504854369,0.48102383053839365,0.46773607433940717
476,1.2988795042037964,0.6743159752868491,0.47925860547219773,0.4645174687224212
477,1.2852309942245483,0.6725507502206531,0.4796999117387467,0.4675803353579401
478,1.2796506881713867,0.6849073256840247,0.48058252427184467,0.47188911384519544
479,1.272994875907898,0.6725507502206531,0.46954986760812,0.46316773088304003
480,1.261130452156067,0.6663724624889673,0.4673433362753751,0.4611950371177906
481,1.303627371788025,0.6937334510150044,0.4788172992056487,0.4688262472096766
482,1.2577329874038696,0.6849073256840247,0.48323036187113855,0.4695011161293672
483,1.2302650213241577,0.6804942630185349,0.4823477493380406,0.47043555001816956
484,1.272247076034546,0.6902030008826125,0.48323036187113855,0.47053937600581425
485,1.2639124393463135,0.6981465136804943,0.47925860547219773,0.47043555001816956
486,1.3247339725494385,0.6963812886142984,0.48323036187113855,0.46976068109847896
487,1.2482068538665771,0.6919682259488085,0.48278905560458957,0.47012407205523543
488,1.2735975980758667,0.6813768755516328,0.4849955869373345,0.47162954887608366
489,1.2314794063568115,0.6840247131509267,0.48676081200353044,0.47168146186990606
490,1.2555073499679565,0.6954986760812003,0.4801412180052957,0.47043555001816956
491,1.2399049997329712,0.6813768755516328,0.470873786407767,0.46368686082126354
492,1.234786033630371,0.6831421006178288,0.4646954986760812,0.4613507760992576
493,1.2063177824020386,0.6999117387466902,0.4766107678729038,0.46628251051238123
494,1.226552128791809,0.70432480141218,0.4788172992056487,0.4689300731973213
495,1.257135033607483,0.7007943512797882,0.47572815533980584,0.46472512069771066
496,1.203751802444458,0.7016769638128861,0.47396293027360986,0.46716503140736126
497,1.1840691566467285,0.7096204766107679,0.4761694616063548,0.46841094325909777
498,1.1959346532821655,0.7113857016769638,0.47572815533980584,0.46508851165446713
499,1.2470115423202515,0.7105030891438658,0.46999117387466904,0.46358303483361885
500,1.2322889566421509,0.70432480141218,0.47396293027360986,0.46929346415407774
501,1.2128418684005737,0.6963812886142984,0.48102383053839365,0.47505580646835904
502,1.2104727029800415,0.6884377758164166,0.4783759929390997,0.47246015677724135
503,1.1792216300964355,0.6902030008826125,0.4735216240070609,0.46726885739500595
504,1.225504994392395,0.6972639011473963,0.46910856134157103,0.46508851165446713
505,1.1901073455810547,0.706090026478376,0.4673433362753751,0.4670612054197166
506,1.2714531421661377,0.6919682259488085,0.46954986760812,0.4695011161293672
507,1.2337932586669922,0.6963812886142984,0.48058252427184467,0.47536728443129317
508,1.2134466171264648,0.703442188879082,0.4929390997352162,0.4802471058505944
509,1.2026751041412354,0.6990291262135923,0.4907325684024713,0.478430151066812
510,1.242637038230896,0.6919682259488085,0.4858781994704325,0.47682084825831905
511,1.2689722776412964,0.6999117387466902,0.48146513680494263,0.4726678087525308
512,1.235073447227478,0.70432480141218,0.48102383053839365,0.4729792867154649
513,1.2153608798980713,0.6972639011473963,0.4819064430714916,0.4721486788143072
514,1.2475172281265259,0.6937334510150044,0.4823477493380406,0.469916420079946
515,1.2462363243103027,0.7016769638128861,0.48058252427184467,0.46851476924674246
516,1.2625958919525146,0.6963812886142984,0.4801412180052957,0.4727197217463531
517,1.2595735788345337,0.6946160635481023,0.48102383053839365,0.4750038934745367
518,1.26766037940979,0.7016769638128861,0.4872021182700794,0.4758864143695167
519,1.1695069074630737,0.7096204766107679,0.4907325684024713,0.4745885895239578
520,1.1774141788482666,0.7087378640776699,0.48631950573698146,0.475782588381872
521,1.2245362997055054,0.6910856134157105,0.48146513680494263,0.46918963816643305
522,1.271050214767456,0.6902030008826125,0.4730803177405119,0.4671131184135389
523,1.2187905311584473,0.70432480141218,0.47219770520741394,0.46617868452473654
524,1.247070550918579,0.7228596646072374,0.4819064430714916,0.47136998390697193
525,1.2275216579437256,0.7237422771403353,0.4783759929390997,0.46809946529616364
526,1.2207940816879272,0.7175639894086496,0.4801412180052957,0.4697087681046566
527,1.2113629579544067,0.7184466019417476,0.4836716681376876,0.4715776358822613
528,1.2387604713439941,0.7016769638128861,0.4858781994704325,0.4691377251726107
529,1.203377366065979,0.6822594880847308,0.47396293027360986,0.4605201681981
530,1.2807332277297974,0.6849073256840247,0.47572815533980584,0.46223329699423765
531,1.2417231798171997,0.6928508384819064,0.4788172992056487,0.46649016248767067
532,1.2264747619628906,0.6999117387466902,0.46822594880847307,0.4617660800498365
533,1.2119560241699219,0.7087378640776699,0.4761694616063548,0.4682552042776307
534,1.1998043060302734,0.6928508384819064,0.4770520741394528,0.46212947100659296
535,1.2159013748168945,0.6849073256840247,0.4735216240070609,0.4628562529201059
536,1.236463189125061,0.6769638128861429,0.48058252427184467,0.46742459637647304
537,1.234877109527588,0.6946160635481023,0.4849955869373345,0.47111041893786015
538,1.2165422439575195,0.706972639011474,0.48278905560458957,0.46508851165446713
539,1.209413766860962,0.7237422771403353,0.4788172992056487,0.4631158178892177
540,1.3124561309814453,0.7096204766107679,0.48146513680494263,0.4609354721486788
541,1.244613528251648,0.6910856134157105,0.47925860547219773,0.464777033691533
542,1.2592592239379883,0.678729037952339,0.4766107678729038,0.4689300731973213
543,1.2335000038146973,0.6919682259488085,0.48631950573698146,0.46986450708612365
544,1.2306643724441528,0.706972639011474,0.4876434245366284,0.46929346415407774
545,1.2663716077804565,0.70432480141218,0.48323036187113855,0.46389451279655297
546,1.2432174682617188,0.6769638128861429,0.4646954986760812,0.45828790946373876
547,1.2156002521514893,0.6716681376875552,0.4616063548102383,0.4575092145564035
548,1.2538508176803589,0.678729037952339,0.46690203000882613,0.4590146913772517
549,1.1962814331054688,0.7149161518093556,0.48146513680494263,0.4651923376421118
550,1.2020822763442993,0.6981465136804943,0.47572815533980584,0.46181799304365884
551,1.186132788658142,0.6928508384819064,0.4735216240070609,0.4617660800498365
552,1.258920669555664,0.6840247131509267,0.470432480141218,0.46181799304365884
553,1.2388948202133179,0.6928508384819064,0.4770520741394528,0.4649846856668224
554,1.1935011148452759,0.6999117387466902,0.4766107678729038,0.4593780823340082
555,1.205562949180603,0.678729037952339,0.46337157987643424,0.4532004360691481
556,1.2329306602478027,0.6910856134157105,0.47219770520741394,0.46181799304365884
557,1.210215449333191,0.6690203000882613,0.46601941747572817,0.4583917354513835
558,1.255182147026062,0.6654898499558694,0.470432480141218,0.4600010382598764
559,1.2537761926651,0.6822594880847308,0.47572815533980584,0.460675907179567
560,1.1506013870239258,0.7007943512797882,0.4735216240070609,0.4673726833826507
561,1.2095041275024414,0.7184466019417476,0.4748455428067079,0.46820329128380833
562,1.2077646255493164,0.7122683142100618,0.46601941747572817,0.4583917354513835
563,1.23228919506073,0.7202118270079435,0.4726390114739629,0.4595857343092976
564,1.238128423690796,0.7246248896734334,0.47219770520741394,0.46238903597570474
565,1.2116670608520508,0.7096204766107679,0.46910856134157103,0.46238903597570474
566,1.166696548461914,0.6937334510150044,0.46954986760812,0.46228520998806
567,1.2048953771591187,0.6963812886142984,0.4761694616063548,0.46316773088304003
568,1.2353955507278442,0.6946160635481023,0.47572815533980584,0.46617868452473654
569,1.2388283014297485,0.7016769638128861,0.4783759929390997,0.4661267715309142
570,1.2340905666351318,0.7113857016769638,0.4796999117387467,0.4691377251726107
571,1.197352647781372,0.7157987643424537,0.4801412180052957,0.4689819861911436
572,1.1812481880187988,0.7175639894086496,0.4770520741394528,0.4673726833826507
573,1.2362064123153687,0.707855251544572,0.4735216240070609,0.46389451279655297
574,1.2008874416351318,0.6990291262135923,0.46954986760812,0.4625447749571718
575,1.23259437084198,0.6937334510150044,0.4730803177405119,0.4613507760992576
576,1.191701054573059,0.6937334510150044,0.4735216240070609,0.4641021647718424
577,1.1776741743087769,0.706972639011474,0.46999117387466904,0.4651404246482895
578,1.1952488422393799,0.706090026478376,0.47396293027360986,0.4659710325494471
579,1.20768141746521,0.6999117387466902,0.47925860547219773,0.4669054664382495
580,1.1783965826034546,0.7157987643424537,0.48102383053839365,0.46918963816643305
581,1.225425124168396,0.7255075022065314,0.48146513680494263,0.466386336500026
582,1.1710902452468872,0.7263901147396293,0.4744042365401589,0.46405025177802006
583,1.1755281686782837,0.7166813768755517,0.47925860547219773,0.46659398847531536
584,1.169488549232483,0.7113857016769638,0.47528684907325686,0.46472512069771066
585,1.147323489189148,0.7175639894086496,0.47528684907325686,0.4652961636297565
586,1.1663953065872192,0.7202118270079435,0.47793468667255073,0.46581529356798007
587,1.1684330701828003,0.7263901147396293,0.4770520741394528,0.46794372631469655
588,1.1718125343322754,0.7343336275375111,0.4819064430714916,0.47100659295021546
589,1.2161957025527954,0.7299205648720212,0.48676081200353044,0.4749519804807143
590,1.1547363996505737,0.7122683142100618,0.4836716681376876,0.4720967658204849
591,1.186623454093933,0.7113857016769638,0.48102383053839365,0.4701759850490578
592,1.1694645881652832,0.7025595763459841,0.47793468667255073,0.4664382494938483
593,1.1925190687179565,0.6999117387466902,0.47793468667255073,0.4674765093702954
594,1.178817629814148,0.7149161518093556,0.47528684907325686,0.4701759850490578
595,1.1880611181259155,0.7228596646072374,0.4744042365401589,0.4692415511602554
596,1.1781302690505981,0.7272727272727273,0.470432480141218,0.46607485853709185
597,1.164162278175354,0.7343336275375111,0.4796999117387467,0.46482894668535535
598,1.0970172882080078,0.7219770520741394,0.48102383053839365,0.4621813840004153
599,1.1765880584716797,0.7263901147396293,0.4819064430714916,0.46389451279655297
600,1.1352872848510742,0.7281553398058253,0.4783759929390997,0.46539998961740126
601,1.171347737312317,0.7255075022065314,0.4783759929390997,0.46695737943207183
602,1.15755295753479,0.7316857899382171,0.4836716681376876,0.4725120697710637
603,1.170636534690857,0.7405119152691968,0.47793468667255073,0.4729273737216425
604,1.1359151601791382,0.7440423654015887,0.4748455428067079,0.47131807091314953
605,1.154044270515442,0.7237422771403353,0.4677846425419241,0.4652961636297565
606,1.156991720199585,0.7316857899382171,0.47749338040600176,0.4677879873332295
607,1.1612067222595215,0.7308031774051191,0.4801412180052957,0.4668016404506048
608,1.1271058320999146,0.736098852603707,0.4788172992056487,0.46046825520427764
609,1.1918928623199463,0.7466902030008826,0.47749338040600176,0.45844364844520585
610,1.192710518836975,0.7413945278022948,0.4796999117387467,0.46306390489539534
611,1.1295572519302368,0.7272727272727273,0.48278905560458957,0.47043555001816956
612,1.170363426208496,0.7228596646072374,0.48984995586937335,0.4702278980428801
613,1.1539902687072754,0.7228596646072374,0.48631950573698146,0.4689819861911436
614,1.146729588508606,0.7228596646072374,0.47749338040600176,0.4638425998027306
615,1.1862785816192627,0.7237422771403353,0.48411297440423656,0.4645174687224212
616,1.1702927350997925,0.7149161518093556,0.46999117387466904,0.4646212947100659
617,1.1703616380691528,0.7113857016769638,0.46910856134157103,0.46695737943207183
618,1.2459595203399658,0.7308031774051191,0.46910856134157103,0.46649016248767067
619,1.174007773399353,0.7413945278022948,0.470873786407767,0.4606239941857447
620,1.1998449563980103,0.7299205648720212,0.46910856134157103,0.4621813840004153
621,1.1742448806762695,0.7087378640776699,0.470873786407767,0.46482894668535535
622,1.1266193389892578,0.6910856134157105,0.46866725507502205,0.4652961636297565
623,1.199234962463379,0.70432480141218,0.47175639894086496,0.4637906868089083
624,1.181369423866272,0.7184466019417476,0.47528684907325686,0.4635311218397965
625,1.1491795778274536,0.7237422771403353,0.47749338040600176,0.45911851736489645
626,1.228149652481079,0.7255075022065314,0.48676081200353044,0.4679956393085189
627,1.1867589950561523,0.7237422771403353,0.47528684907325686,0.46996833307376834
628,1.1850736141204834,0.7193292144748455,0.4788172992056487,0.4714738098946166
629,1.1919503211975098,0.7343336275375111,0.47925860547219773,0.47152572288843897
630,1.1758254766464233,0.7290379523389232,0.47528684907325686,0.4696568551108342
631,1.1684565544128418,0.7308031774051191,0.47749338040600176,0.4695530291231895
632,1.1801007986068726,0.7166813768755517,0.47925860547219773,0.46918963816643305
633,1.1938201189041138,0.7087378640776699,0.4783759929390997,0.469033899184966
634,1.1580066680908203,0.7105030891438658,0.4849955869373345,0.4711623319316825
635,1.2021726369857788,0.7140335392762577,0.4872021182700794,0.4727716347401755
636,1.1472010612487793,0.735216240070609,0.48102383053839365,0.47111041893786015
637,1.1778711080551147,0.7202118270079435,0.471315092674316,0.4575611275502258
638,1.2136086225509644,0.7184466019417476,0.47175639894086496,0.4587032134143176
639,1.1744130849838257,0.732568402471315,0.4761694616063548,0.46841094325909777
640,1.1452959775924683,0.7413945278022948,0.4819064430714916,0.4738618076104449
641,1.125888466835022,0.7343336275375111,0.48411297440423656,0.4734984166536884
642,1.1444456577301025,0.7396293027360988,0.4836716681376876,0.4731869386907543
643,1.1573896408081055,0.7449249779346867,0.4885260370697264,0.47256398276488604
644,1.1634734869003296,0.7378640776699029,0.48323036187113855,0.47069511498728134
645,1.1787691116333008,0.732568402471315,0.4761694616063548,0.4687224212220319
646,1.15594482421875,0.7502206531332745,0.47925860547219773,0.47100659295021546
647,1.1470478773117065,0.7555163283318623,0.48102383053839365,0.4704874630119919
648,1.1284449100494385,0.7449249779346867,0.48058252427184467,0.4666459014691377
649,1.1418204307556152,0.7281553398058253,0.47219770520741394,0.46249286196334943
650,1.1299642324447632,0.7184466019417476,0.470432480141218,0.4620256450189482
651,1.1610634326934814,0.7237422771403353,0.4735216240070609,0.46441364273477653
652,1.1685231924057007,0.732568402471315,0.4748455428067079,0.4695011161293672
653,1.1567662954330444,0.7281553398058253,0.47175639894086496,0.46841094325909777
654,1.113917350769043,0.7122683142100618,0.4677846425419241,0.4644655557285989
655,1.1733161211013794,0.7105030891438658,0.46690203000882613,0.4636349478274412
656,1.1866223812103271,0.7105030891438658,0.4673433362753751,0.46166225406219175
657,1.1329827308654785,0.70432480141218,0.46910856134157103,0.46482894668535535
658,1.1820024251937866,0.7184466019417476,0.47175639894086496,0.4675803353579401
659,1.1284394264221191,0.7263901147396293,0.4673433362753751,0.4677879873332295
660,1.1931498050689697,0.7281553398058253,0.470432480141218,0.46773607433940717
661,1.1883314847946167,0.7246248896734334,0.470432480141218,0.4682552042776307
662,1.1555794477462769,0.7272727272727273,0.471315092674316,0.4682552042776307
663,1.1448460817337036,0.7308031774051191,0.46954986760812,0.4670612054197166
664,1.2013576030731201,0.7255075022065314,0.470432480141218,0.4659710325494471
665,1.1643670797348022,0.7272727272727273,0.46999117387466904,0.46467320770388826
666,1.2226741313934326,0.7387466902030009,0.4783759929390997,0.46918963816643305
667,1.157004714012146,0.735216240070609,0.48323036187113855,0.4705912889996366
668,1.135140061378479,0.7281553398058253,0.48102383053839365,0.46851476924674246
669,1.1477805376052856,0.7184466019417476,0.47749338040600176,0.4631158178892177
670,1.1853920221328735,0.7193292144748455,0.4796999117387467,0.4590146913772517
671,1.156342625617981,0.7228596646072374,0.4770520741394528,0.45610756372319994
672,1.1395868062973022,0.7378640776699029,0.4788172992056487,0.46140268909308
673,1.1740951538085938,0.7378640776699029,0.4770520741394528,0.4673726833826507
674,1.1707297563552856,0.7405119152691968,0.4730803177405119,0.46508851165446713
675,1.1405495405197144,0.7537511032656664,0.4766107678729038,0.46337538285832947
676,1.1554999351501465,0.7572815533980582,0.47572815533980584,0.4641021647718424
677,1.1972317695617676,0.7422771403353927,0.4744042365401589,0.4639464257903753
678,1.1655912399291992,0.7255075022065314,0.47925860547219773,0.46659398847531536
679,1.1592605113983154,0.7219770520741394,0.47925860547219773,0.4673207703888283
680,1.139728307723999,0.733451015004413,0.4730803177405119,0.46659398847531536
681,1.1563891172409058,0.7343336275375111,0.47572815533980584,0.4707470279811037
682,1.1605339050292969,0.7184466019417476,0.4748455428067079,0.4683590302652754
683,1.1711527109146118,0.7175639894086496,0.4735216240070609,0.4666459014691377
684,1.1566202640533447,0.7246248896734334,0.47396293027360986,0.4662305975185589
685,1.1175872087478638,0.7387466902030009,0.4744042365401589,0.4678918133208742
686,1.136488676071167,0.7405119152691968,0.47528684907325686,0.46820329128380833
687,1.1169524192810059,0.7458075904677847,0.47175639894086496,0.4676322483517624
688,1.1617753505706787,0.7440423654015887,0.46822594880847307,0.4645174687224212
689,1.1130061149597168,0.7511032656663724,0.46601941747572817,0.46581529356798007
690,1.172603726387024,0.7475728155339806,0.46866725507502205,0.4677879873332295
691,1.119922161102295,0.736098852603707,0.4735216240070609,0.47002024606759074
692,1.173933744430542,0.7431597528684908,0.48102383053839365,0.4736022426413331
693,1.1518936157226562,0.7493380406001765,0.4872021182700794,0.47490006748689195
694,1.1370490789413452,0.7405119152691968,0.4819064430714916,0.46976068109847896
695,1.154826045036316,0.7396293027360988,0.4726390114739629,0.4618699060374812
696,1.1354191303253174,0.7449249779346867,0.47572815533980584,0.46649016248767067
697,1.0953848361968994,0.7343336275375111,0.4788172992056487,0.46918963816643305
698,1.1131218671798706,0.7219770520741394,0.4735216240070609,0.46581529356798007
699,1.1398098468780518,0.736981465136805,0.46999117387466904,0.464777033691533
700,1.1559933423995972,0.7502206531332745,0.471315092674316,0.46649016248767067
701,1.187251329421997,0.7572815533980582,0.46954986760812,0.46716503140736126
702,1.1762580871582031,0.7387466902030009,0.46999117387466904,0.46607485853709185
703,1.0902608633041382,0.7246248896734334,0.4673433362753751,0.4638425998027306
704,1.1804639101028442,0.732568402471315,0.46954986760812,0.4618699060374812
705,1.1401093006134033,0.7422771403353927,0.4726390114739629,0.46560764159269064
706,1.1513673067092896,0.7466902030008826,0.47396293027360986,0.4668016404506048
707,1.0386606454849243,0.7422771403353927,0.47749338040600176,0.4669054664382495
708,1.1489756107330322,0.7475728155339806,0.4761694616063548,0.46783990032705186
709,1.1309031248092651,0.7572815533980582,0.4726390114739629,0.46290816591392825
710,1.1202781200408936,0.7413945278022948,0.46646072374227715,0.45989721227223174
711,1.1373893022537231,0.7308031774051191,0.47219770520741394,0.4652961636297565
712,1.1302413940429688,0.7343336275375111,0.48146513680494263,0.4719929398328402
713,1.1600035429000854,0.7246248896734334,0.48455428067078554,0.47235633078959666
714,1.1403489112854004,0.7184466019417476,0.48102383053839365,0.4701759850490578
715,1.1548182964324951,0.7228596646072374,0.48278905560458957,0.46726885739500595
716,1.1597243547439575,0.7210944395410415,0.4761694616063548,0.4643098167471318
717,1.1429622173309326,0.733451015004413,0.4744042365401589,0.4668016404506048
718,1.1928973197937012,0.7563989408649603,0.47396293027360986,0.46918963816643305
719,1.1404075622558594,0.7590467784642542,0.4761694616063548,0.47033172403052487
720,1.086713433265686,0.7422771403353927,0.4744042365401589,0.4717333748637284
721,1.166712760925293,0.7405119152691968,0.470873786407767,0.4695530291231895
722,1.1497670412063599,0.7316857899382171,0.46910856134157103,0.4666978144629601
723,1.0909022092819214,0.7343336275375111,0.4730803177405119,0.46742459637647304
724,1.101281762123108,0.7502206531332745,0.4801412180052957,0.47002024606759074
725,1.134735345840454,0.7475728155339806,0.4823477493380406,0.4704874630119919
726,1.1226534843444824,0.7466902030008826,0.4796999117387467,0.47152572288843897
727,1.1079816818237305,0.7449249779346867,0.4766107678729038,0.469033899184966
728,1.0986074209213257,0.7458075904677847,0.471315092674316,0.4632196438768624
729,1.1041380167007446,0.735216240070609,0.4677846425419241,0.46301199190157294
730,1.1150460243225098,0.7405119152691968,0.47219770520741394,0.46887816020349893
731,1.1118327379226685,0.7484554280670785,0.47528684907325686,0.47479624149924726
732,1.1454216241836548,0.7387466902030009,0.4783759929390997,0.4752634584436484
733,1.1473913192749023,0.7449249779346867,0.47396293027360986,0.47303119970928725
734,1.2025198936462402,0.7502206531332745,0.4744042365401589,0.4714218969007943
735,1.1201165914535522,0.7616946160635482,0.4788172992056487,0.4703836370243472
736,1.15733003616333,0.7687555163283318,0.47528684907325686,0.4710585059440378
737,1.123769760131836,0.7775816416593115,0.4770520741394528,0.4695011161293672
738,1.2262954711914062,0.7581641659311562,0.47749338040600176,0.4714738098946166
739,1.109384536743164,0.7555163283318623,0.4766107678729038,0.4703836370243472
740,1.1637051105499268,0.7634598411297441,0.48146513680494263,0.4739656335980896
741,1.0897927284240723,0.7599293909973521,0.48631950573698146,0.48009136686912735
742,1.0662797689437866,0.736098852603707,0.4885260370697264,0.4808181487826403
743,1.135591745376587,0.7255075022065314,0.4872021182700794,0.476665109276852
744,1.1688625812530518,0.7316857899382171,0.48278905560458957,0.4736541556351555
745,1.074540615081787,0.7378640776699029,0.47528684907325686,0.4620256450189482
746,1.0870904922485352,0.7440423654015887,0.4744042365401589,0.454653999896174
747,1.1657357215881348,0.7546337157987644,0.4748455428067079,0.4588070394019623
748,1.0787150859832764,0.7616946160635482,0.47793468667255073,0.4655557285988683
749,1.1740562915802002,0.7625772285966461,0.4748455428067079,0.469916420079946
750,1.10850989818573,0.7502206531332745,0.46999117387466904,0.4675803353579401
751,1.1196613311767578,0.7590467784642542,0.470873786407767,0.4677879873332295
752,1.141457200050354,0.7749338040600177,0.4796999117387467,0.46986450708612365
753,1.0842020511627197,0.7740511915269197,0.4783759929390997,0.47220059180812957
754,1.0995221138000488,0.7590467784642542,0.48058252427184467,0.4727197217463531
755,1.0803427696228027,0.7537511032656664,0.48411297440423656,0.4738618076104449
756,1.0794144868850708,0.7599293909973521,0.48411297440423656,0.4736022426413331
757,1.0994175672531128,0.7758164165931156,0.48102383053839365,0.47079894097492603
758,1.0888487100601196,0.7802294792586054,0.47793468667255073,0.46841094325909777
759,1.1699968576431274,0.7766990291262136,0.48058252427184467,0.4704874630119919
760,1.0737061500549316,0.7687555163283318,0.48323036187113855,0.46960494211701187
761,1.094316840171814,0.764342453662842,0.48676081200353044,0.47188911384519544
762,1.0949344635009766,0.7590467784642542,0.48278905560458957,0.4718372008513731
763,1.0768704414367676,0.7616946160635482,0.48411297440423656,0.47370606862897785
764,1.0972367525100708,0.7546337157987644,0.48323036187113855,0.47230441779577426
765,1.1103023290634155,0.7502206531332745,0.48146513680494263,0.4727197217463531
766,1.121078372001648,0.7572815533980582,0.4801412180052957,0.4714218969007943
767,1.0388789176940918,0.7616946160635482,0.48102383053839365,0.474017546591912
768,1.0880446434020996,0.7696381288614298,0.4819064430714916,0.4766131962830296
769,1.1299664974212646,0.7696381288614298,0.47572815533980584,0.4730831127031096
770,1.14961576461792,0.764342453662842,0.4726390114739629,0.46851476924674246
771,1.072508692741394,0.7616946160635482,0.47749338040600176,0.466542075481493
772,1.1093226671218872,0.7775816416593115,0.47175639894086496,0.4691377251726107
773,1.1459611654281616,0.7687555163283318,0.47396293027360986,0.4683590302652754
774,1.1045887470245361,0.7519858781994704,0.4730803177405119,0.46617868452473654
775,1.090712547302246,0.732568402471315,0.471315092674316,0.46560764159269064
776,1.1190392971038818,0.7299205648720212,0.47396293027360986,0.465659554586513
777,1.1317932605743408,0.732568402471315,0.4744042365401589,0.46472512069771066
778,1.1119837760925293,0.7555163283318623,0.47175639894086496,0.46301199190157294
779,1.1314749717712402,0.764342453662842,0.46954986760812,0.45527695582204225
780,1.1593915224075317,0.7537511032656664,0.4673433362753751,0.4613507760992576
781,1.0545116662979126,0.7493380406001765,0.4761694616063548,0.4670612054197166
782,1.1179124116897583,0.7475728155339806,0.4819064430714916,0.4696568551108342
783,1.1178271770477295,0.7616946160635482,0.48411297440423656,0.47069511498728134
784,1.091579556465149,0.7740511915269197,0.4894086496028244,0.4726158957587084
785,1.045863389968872,0.7766990291262136,0.4858781994704325,0.47204485282666253
786,1.0852891206741333,0.764342453662842,0.4801412180052957,0.47033172403052487
787,1.0650081634521484,0.7625772285966461,0.47528684907325686,0.46944920313554483
788,1.0743051767349243,0.7687555163283318,0.4726390114739629,0.4666459014691377
789,1.0679903030395508,0.7687555163283318,0.47396293027360986,0.46539998961740126
790,1.092908501625061,0.7749338040600177,0.470873786407767,0.46607485853709185
791,1.1117349863052368,0.7828773168578994,0.4730803177405119,0.4745366765301355
792,1.0766181945800781,0.7846425419240953,0.4766107678729038,0.4765093702953849
793,1.0994558334350586,0.7758164165931156,0.4766107678729038,0.4752115454498261
794,1.0394853353500366,0.7784642541924095,0.47396293027360986,0.4739656335980896
795,1.1169158220291138,0.7784642541924095,0.47219770520741394,0.47230441779577426
796,1.1419954299926758,0.7784642541924095,0.46866725507502205,0.4711623319316825
797,1.076725721359253,0.7811120917917035,0.46999117387466904,0.47069511498728134
798,1.054200530052185,0.7766990291262136,0.4744042365401589,0.46841094325909777
799,1.078419804573059,0.7758164165931156,0.46999117387466904,0.46560764159269064
800,1.0860172510147095,0.7714033539276258,0.46690203000882613,0.4639464257903753
801,1.0998260974884033,0.7908208296557812,0.47528684907325686,0.4661267715309142
802,1.066590428352356,0.7908208296557812,0.4796999117387467,0.47064320199345894
803,1.1144530773162842,0.7802294792586054,0.48058252427184467,0.47204485282666253
804,1.067394733428955,0.7608120035304501,0.4735216240070609,0.4715776358822613
805,1.114791750907898,0.7616946160635482,0.47572815533980584,0.4674765093702954
806,1.083741545677185,0.7687555163283318,0.471315092674316,0.46223329699423765
807,1.0889002084732056,0.7705207413945278,0.47175639894086496,0.4650365986606448
808,1.1327943801879883,0.7608120035304501,0.47175639894086496,0.46742459637647304
809,1.0827298164367676,0.7458075904677847,0.47528684907325686,0.4689819861911436
810,1.1375792026519775,0.7537511032656664,0.47528684907325686,0.47220059180812957
811,1.0542629957199097,0.7714033539276258,0.46954986760812,0.47152572288843897
812,1.083646535873413,0.7775816416593115,0.46954986760812,0.4675803353579401
813,1.0562630891799927,0.7634598411297441,0.470873786407767,0.4624409489695271
814,1.06522536277771,0.7519858781994704,0.47219770520741394,0.4604163422104553
815,1.1071021556854248,0.7608120035304501,0.46999117387466904,0.4636349478274412
816,1.1098657846450806,0.7766990291262136,0.47528684907325686,0.4695011161293672
817,1.110594391822815,0.7758164165931156,0.4726390114739629,0.4695011161293672
818,1.0816707611083984,0.76522506619594,0.46999117387466904,0.46539998961740126
819,1.0534038543701172,0.7466902030008826,0.4673433362753751,0.4652961636297565
820,1.102192759513855,0.7484554280670785,0.47219770520741394,0.4675803353579401
821,1.091330885887146,0.7581641659311562,0.47528684907325686,0.47188911384519544
822,1.0614241361618042,0.7546337157987644,0.4761694616063548,0.4727716347401755
823,1.0514203310012817,0.7519858781994704,0.4735216240070609,0.4700721590614131
824,1.0809736251831055,0.7537511032656664,0.47175639894086496,0.4639464257903753
825,1.0346972942352295,0.7625772285966461,0.47175639894086496,0.4629600789077506
826,1.1268178224563599,0.7714033539276258,0.46954986760812,0.46467320770388826
827,1.1169140338897705,0.7775816416593115,0.4673433362753751,0.4676322483517624
828,1.0379189252853394,0.7775816416593115,0.46646072374227715,0.4679956393085189
829,1.0893408060073853,0.7731685789938217,0.46293027360988526,0.46280433992628356
830,1.062544584274292,0.766107678729038,0.45454545454545453,0.4600529512536988
831,1.05232834815979,0.7696381288614298,0.45410414827890555,0.4573534755749364
832,1.0704965591430664,0.7811120917917035,0.4585172109443954,0.4576649535378705
833,1.044840693473816,0.7890556045895851,0.4616063548102383,0.4561594767170223
834,1.0391885042190552,0.7819947043248014,0.4651368049426302,0.45989721227223174
835,1.0093296766281128,0.7828773168578994,0.46954986760812,0.46238903597570474
836,1.0501166582107544,0.7705207413945278,0.4589585172109444,0.4619218190313035
837,1.0656388998031616,0.7687555163283318,0.46601941747572817,0.4611950371177906
838,1.087377667427063,0.7687555163283318,0.46646072374227715,0.4609354721486788
839,1.0598955154418945,0.7749338040600177,0.46822594880847307,0.4641021647718424
840,1.0798680782318115,0.7740511915269197,0.46601941747572817,0.4676322483517624
841,1.036635398864746,0.7775816416593115,0.4655781112091792,0.4684628562529201
842,1.0276333093643188,0.7793468667255075,0.470432480141218,0.46887816020349893
843,1.0837262868881226,0.7793468667255075,0.46954986760812,0.46742459637647304
844,1.0406521558761597,0.7749338040600177,0.46601941747572817,0.46929346415407774
845,1.0722359418869019,0.76522506619594,0.4602824360105914,0.4668016404506048
846,1.0432438850402832,0.764342453662842,0.4616063548102383,0.46425790375330944
847,1.088973045349121,0.7722859664607238,0.46293027360988526,0.4673207703888283
848,1.0900344848632812,0.7784642541924095,0.4677846425419241,0.46918963816643305
849,1.1077494621276855,0.7793468667255075,0.47396293027360986,0.469916420079946
850,1.1138063669204712,0.7784642541924095,0.471315092674316,0.4680475523023413
851,1.0903477668762207,0.7696381288614298,0.47219770520741394,0.46628251051238123
852,1.0379817485809326,0.76522506619594,0.47175639894086496,0.4655557285988683
853,1.0388110876083374,0.7625772285966461,0.47396293027360986,0.4637906868089083
854,1.1044273376464844,0.7599293909973521,0.4744042365401589,0.46358303483361885
855,1.090074062347412,0.7572815533980582,0.46999117387466904,0.46389451279655297
856,1.1198539733886719,0.766107678729038,0.4677846425419241,0.4628562529201059
857,1.1316763162612915,0.7714033539276258,0.4677846425419241,0.4641021647718424
858,1.075048565864563,0.7731685789938217,0.46646072374227715,0.4643617297409542
859,1.0545072555541992,0.7749338040600177,0.4655781112091792,0.46425790375330944
860,1.1333496570587158,0.7775816416593115,0.4651368049426302,0.4639464257903753
861,1.091925859451294,0.7749338040600177,0.46954986760812,0.466386336500026
862,1.0312211513519287,0.7766990291262136,0.4730803177405119,0.46809946529616364
863,1.1240965127944946,0.7811120917917035,0.47572815533980584,0.4684628562529201
864,1.0853396654129028,0.7678729037952339,0.47528684907325686,0.4657114675803354
865,1.049035906791687,0.76522506619594,0.47572815533980584,0.46861859523438715
866,1.068846583366394,0.7837599293909974,0.4770520741394528,0.4698125940923013
867,1.0842080116271973,0.7855251544571933,0.46690203000882613,0.46617868452473654
868,1.1170597076416016,0.7864077669902912,0.47219770520741394,0.46695737943207183
869,1.056891679763794,0.7802294792586054,0.47396293027360986,0.46752842236411774
870,1.0834518671035767,0.7828773168578994,0.4783759929390997,0.46716503140736126
871,1.0205459594726562,0.7837599293909974,0.4735216240070609,0.46867050822820955
872,1.0837557315826416,0.7802294792586054,0.46822594880847307,0.4683590302652754
873,1.0261958837509155,0.7687555163283318,0.46646072374227715,0.466542075481493
874,1.0446316003799438,0.7784642541924095,0.471315092674316,0.4673726833826507
875,1.0383810997009277,0.7696381288614298,0.47219770520741394,0.46929346415407774
876,1.0657166242599487,0.7696381288614298,0.4735216240070609,0.46861859523438715
877,1.0551669597625732,0.7731685789938217,0.47396293027360986,0.46918963816643305
878,1.0481843948364258,0.7722859664607238,0.47396293027360986,0.46700929242589423
879,1.0619940757751465,0.7766990291262136,0.470873786407767,0.4627524269324612
880,1.1039687395095825,0.7749338040600177,0.4673433362753751,0.45932616934018583
881,1.0342435836791992,0.7890556045895851,0.4730803177405119,0.46415407776566475
882,1.0408053398132324,0.795233892321271,0.470432480141218,0.4682552042776307
883,1.0761213302612305,0.7961165048543689,0.47572815533980584,0.47136998390697193
884,1.1059471368789673,0.7819947043248014,0.47925860547219773,0.4705912889996366
885,1.0488245487213135,0.7793468667255075,0.4748455428067079,0.4691377251726107
886,1.020485520362854,0.7828773168578994,0.4726390114739629,0.47012407205523543
887,1.036811351776123,0.7908208296557812,0.46910856134157103,0.47168146186990606
888,1.0944197177886963,0.7917034421888791,0.46999117387466904,0.46976068109847896
889,1.1106733083724976,0.7978817299205648,0.46910856134157103,0.47012407205523543
890,1.084667682647705,0.8031774051191527,0.47219770520741394,0.4697087681046566
891,1.0176746845245361,0.8137687555163283,0.47528684907325686,0.46493277267300004
892,1.1254866123199463,0.7961165048543689,0.46822594880847307,0.46238903597570474
893,1.072182536125183,0.7811120917917035,0.4646954986760812,0.4596895602969423
894,1.0111815929412842,0.764342453662842,0.470432480141218,0.46249286196334943
895,1.035090684890747,0.7678729037952339,0.4744042365401589,0.466386336500026
896,1.0641696453094482,0.7775816416593115,0.47925860547219773,0.46861859523438715
897,1.1194422245025635,0.7705207413945278,0.470432480141218,0.4659710325494471
898,1.06661856174469,0.76522506619594,0.470432480141218,0.46197373202512587
899,1.098376750946045,0.7731685789938217,0.47528684907325686,0.46493277267300004
900,1.058591604232788,0.7890556045895851,0.4801412180052957,0.46887816020349893
901,1.060387372970581,0.7837599293909974,0.47793468667255073,0.46659398847531536
902,1.0333850383758545,0.7758164165931156,0.4730803177405119,0.4676322483517624
903,1.0932776927947998,0.7722859664607238,0.4744042365401589,0.4689819861911436
904,1.0946834087371826,0.7758164165931156,0.4770520741394528,0.47053937600581425
905,1.0630292892456055,0.7784642541924095,0.4801412180052957,0.47064320199345894
906,1.065617561340332,0.7793468667255075,0.48323036187113855,0.4717333748637284
907,1.0809907913208008,0.7855251544571933,0.48411297440423656,0.4728235477339978
908,1.0664148330688477,0.7740511915269197,0.48146513680494263,0.47235633078959666
909,1.050994634628296,0.7864077669902912,0.4823477493380406,0.4719929398328402
910,1.05742609500885,0.7819947043248014,0.4730803177405119,0.4657114675803354
911,1.0813417434692383,0.7925860547219771,0.47528684907325686,0.4587032134143176
912,1.0723201036453247,0.8022947925860547,0.4748455428067079,0.4581840834760941
913,1.040709376335144,0.7987643424536628,0.47572815533980584,0.4629600789077506
914,1.0414842367172241,0.793468667255075,0.47175639894086496,0.4648808596791777
915,1.0779286623001099,0.7846425419240953,0.46910856134157103,0.46441364273477653
916,1.0540273189544678,0.7908208296557812,0.4646954986760812,0.4610912111301459
917,1.0796674489974976,0.8014121800529568,0.46690203000882613,0.45932616934018583
918,1.0396028757095337,0.7961165048543689,0.46866725507502205,0.45605565072937754
919,1.0924105644226074,0.7890556045895851,0.4655781112091792,0.4574053885687588
920,1.0427321195602417,0.7925860547219771,0.46910856134157103,0.46373877381508594
921,1.08362877368927,0.8005295675198588,0.4770520741394528,0.4680475523023413
922,1.0575896501541138,0.794351279788173,0.48102383053839365,0.4730831127031096
923,1.037682056427002,0.7908208296557812,0.4783759929390997,0.47152572288843897
924,1.0547668933868408,0.7819947043248014,0.46910856134157103,0.4675803353579401
925,1.0376510620117188,0.7802294792586054,0.470432480141218,0.46752842236411774
926,1.0449082851409912,0.7925860547219771,0.47572815533980584,0.46809946529616364
927,1.0136758089065552,0.7978817299205648,0.47572815533980584,0.469916420079946
928,0.986259400844574,0.8049426301853486,0.47396293027360986,0.469916420079946
929,0.9866856336593628,0.7925860547219771,0.4744042365401589,0.466386336500026
930,1.0348457098007202,0.7775816416593115,0.46999117387466904,0.46425790375330944
931,1.0613727569580078,0.7908208296557812,0.471315092674316,0.4625966879509941
932,1.0377520322799683,0.8049426301853486,0.471315092674316,0.4619218190313035
933,1.0277221202850342,0.8022947925860547,0.46866725507502205,0.46508851165446713
934,1.04563307762146,0.794351279788173,0.4783759929390997,0.46877433421585424
935,1.0420204401016235,0.7740511915269197,0.4748455428067079,0.4673726833826507
936,1.0580168962478638,0.7740511915269197,0.4744042365401589,0.46534807662357885
937,1.0609101057052612,0.7855251544571933,0.46999117387466904,0.4628562529201059
938,1.0502198934555054,0.7917034421888791,0.470873786407767,0.4610392981363235
939,1.0621377229690552,0.8031774051191527,0.4761694616063548,0.46508851165446713
940,1.0458564758300781,0.795233892321271,0.46866725507502205,0.46482894668535535
941,1.0444674491882324,0.7978817299205648,0.46910856134157103,0.46534807662357885
942,1.0062099695205688,0.8111209179170344,0.47396293027360986,0.4698125940923013
943,1.0268610715866089,0.8084730803177406,0.47749338040600176,0.466386336500026
944,1.01429283618927,0.7969991173874669,0.4730803177405119,0.4654519026112236
945,1.0034081935882568,0.793468667255075,0.46954986760812,0.4651404246482895
946,1.0309627056121826,0.7987643424536628,0.4673433362753751,0.4636349478274412
947,1.001706838607788,0.8093556928508385,0.4726390114739629,0.46976068109847896
948,1.1040871143341064,0.8093556928508385,0.470873786407767,0.46996833307376834
949,1.065110683441162,0.7846425419240953,0.46999117387466904,0.46368686082126354
950,1.0707083940505981,0.7793468667255075,0.4620476610767873,0.46020869023516586
951,1.0066924095153809,0.7846425419240953,0.4580759046778464,0.4606239941857447
952,1.0771117210388184,0.8022947925860547,0.45763459841129744,0.4621813840004153
953,1.0064948797225952,0.8049426301853486,0.4655781112091792,0.464777033691533
954,1.0405418872833252,0.8031774051191527,0.47219770520741394,0.4668016404506048
955,1.0400642156600952,0.7961165048543689,0.4677846425419241,0.4652961636297565
956,1.1044440269470215,0.7890556045895851,0.4726390114739629,0.4637906868089083
957,1.098472237586975,0.7925860547219771,0.4726390114739629,0.46929346415407774
958,1.0641766786575317,0.8049426301853486,0.47749338040600176,0.4697087681046566
959,0.9904180765151978,0.8049426301853486,0.46866725507502205,0.466542075481493
960,1.0919662714004517,0.795233892321271,0.470873786407767,0.4660229455432695
961,1.0533015727996826,0.7802294792586054,0.46866725507502205,0.466542075481493
962,1.0216858386993408,0.7766990291262136,0.4726390114739629,0.4696568551108342
963,1.0392177104949951,0.7819947043248014,0.470873786407767,0.46918963816643305
964,1.0770448446273804,0.7802294792586054,0.4735216240070609,0.47100659295021546
965,1.059814691543579,0.7740511915269197,0.4651368049426302,0.46841094325909777
966,1.0160691738128662,0.7837599293909974,0.4673433362753751,0.4696568551108342
967,1.0615631341934204,0.793468667255075,0.4677846425419241,0.46929346415407774
968,1.0103325843811035,0.8014121800529568,0.4642541924095322,0.46550381560504595
969,1.0229556560516357,0.7925860547219771,0.46601941747572817,0.46560764159269064
970,1.0226072072982788,0.7881729920564872,0.4655781112091792,0.46649016248767067
971,1.071177363395691,0.7961165048543689,0.4655781112091792,0.46908581217878836
972,1.0675363540649414,0.7996469549867609,0.4744042365401589,0.4729792867154649
973,1.0428824424743652,0.8022947925860547,0.47396293027360986,0.47121424492550484
974,1.0598468780517578,0.7925860547219771,0.46646072374227715,0.4669054664382495
975,1.0546817779541016,0.7996469549867609,0.4616063548102383,0.46508851165446713
976,1.0318536758422852,0.8005295675198588,0.4567519858781995,0.4611950371177906
977,1.0419731140136719,0.794351279788173,0.4651368049426302,0.46347920884597416
978,1.0803462266921997,0.7925860547219771,0.4638128861429832,0.4658672065618024
979,1.0359220504760742,0.7872903795233892,0.46866725507502205,0.4672169444011836
980,1.084664225578308,0.7899382171226832,0.46690203000882613,0.46607485853709185
981,1.0598235130310059,0.793468667255075,0.4677846425419241,0.4657114675803354
982,1.0699434280395508,0.7872903795233892,0.46337157987643424,0.4583398224575611
983,1.0503334999084473,0.7828773168578994,0.4620476610767873,0.45745730156258113
984,1.0495532751083374,0.7837599293909974,0.46690203000882613,0.4601567772413435
985,1.0864932537078857,0.7855251544571933,0.4655781112091792,0.4619218190313035
986,1.1082831621170044,0.7855251544571933,0.4624889673433363,0.46145460208690237
987,1.073962688446045,0.7881729920564872,0.46690203000882613,0.4625447749571718
988,1.0311285257339478,0.7766990291262136,0.46822594880847307,0.46181799304365884
989,1.0170161724090576,0.7846425419240953,0.4673433362753751,0.464777033691533
990,0.9863175749778748,0.7908208296557812,0.46866725507502205,0.4676322483517624
991,1.0122915506362915,0.7899382171226832,0.4677846425419241,0.4682552042776307
992,1.080572247505188,0.794351279788173,0.471315092674316,0.46591911955562476
993,1.1137940883636475,0.8014121800529568,0.47175639894086496,0.4639464257903753
994,1.074885606765747,0.8093556928508385,0.4730803177405119,0.46539998961740126
995,1.0821393728256226,0.8111209179170344,0.46910856134157103,0.4662305975185589
996,1.0470954179763794,0.8049426301853486,0.4673433362753751,0.46685355344442714
997,1.0887327194213867,0.795233892321271,0.4651368049426302,0.4650365986606448
998,1.0211430788040161,0.7899382171226832,0.46601941747572817,0.4657633805741577
999,1.0562471151351929,0.7802294792586054,0.46866725507502205,0.4675803353579401
1000,1.0690114498138428,0.7837599293909974,0.4677846425419241,0.4680475523023413
1001,1.0745563507080078,0.7775816416593115,0.46910856134157103,0.4678918133208742
1002,1.0723878145217896,0.7837599293909974,0.46999117387466904,0.46508851165446713
1003,1.0175226926803589,0.8067078552515445,0.470432480141218,0.4658672065618024
1004,1.1071350574493408,0.8031774051191527,0.470873786407767,0.46373877381508594
1005,1.0052108764648438,0.795233892321271,0.4677846425419241,0.4610392981363235
1006,1.0649869441986084,0.7890556045895851,0.46910856134157103,0.46114312412396824
1007,1.085585117340088,0.8075904677846425,0.4735216240070609,0.4607278201733894
1008,1.0522421598434448,0.8084730803177406,0.46866725507502205,0.4613507760992576
1009,1.038411259651184,0.8155339805825242,0.46910856134157103,0.46145460208690237
1010,1.1075116395950317,0.8111209179170344,0.471315092674316,0.46171416705601415
1011,1.0917458534240723,0.8067078552515445,0.4801412180052957,0.468151378289986
1012,1.0137513875961304,0.7872903795233892,0.48058252427184467,0.46944920313554483
1013,1.0510072708129883,0.7758164165931156,0.47749338040600176,0.46820329128380833
1014,1.0514389276504517,0.7731685789938217,0.47572815533980584,0.4632196438768624
1015,1.0946433544158936,0.7766990291262136,0.470873786407767,0.4610392981363235
1016,1.0947843790054321,0.7846425419240953,0.47219770520741394,0.4651923376421118
1017,1.0744335651397705,0.7908208296557812,0.46999117387466904,0.46773607433940717
1018,1.0960503816604614,0.7881729920564872,0.470873786407767,0.4644655557285989
1019,1.0623164176940918,0.7899382171226832,0.46866725507502205,0.46212947100659296
1020,1.064300298690796,0.7890556045895851,0.46822594880847307,0.46301199190157294
1021,1.0968378782272339,0.7899382171226832,0.46601941747572817,0.4613507760992576
1022,1.0902082920074463,0.7855251544571933,0.470873786407767,0.4625447749571718
1023,1.0352146625518799,0.7917034421888791,0.470873786407767,0.46456938171624357
1024,1.0372259616851807,0.7925860547219771,0.47396293027360986,0.4669054664382495
1025,1.035299301147461,0.7961165048543689,0.4748455428067079,0.4671131184135389
1026,1.0745654106140137,0.8014121800529568,0.46954986760812,0.46918963816643305
1027,1.0399571657180786,0.7987643424536628,0.4651368049426302,0.46467320770388826
1028,1.0055619478225708,0.7881729920564872,0.4642541924095322,0.4617660800498365
1029,1.0543067455291748,0.7881729920564872,0.4677846425419241,0.46280433992628356
1030,1.0714341402053833,0.7899382171226832,0.46337157987643424,0.4648808596791777
1031,1.1174198389053345,0.8005295675198588,0.46910856134157103,0.4671131184135389
1032,1.0292341709136963,0.7978817299205648,0.47528684907325686,0.4722525048019519
1033,1.0620827674865723,0.8005295675198588,0.46866725507502205,0.469916420079946
1034,1.0236635208129883,0.7978817299205648,0.4673433362753751,0.4705912889996366
1035,1.056167721748352,0.8049426301853486,0.47175639894086496,0.4719410268390178
1036,1.0146187543869019,0.8031774051191527,0.46866725507502205,0.47152572288843897
1037,1.0620527267456055,0.7961165048543689,0.46999117387466904,0.4727716347401755
1038,1.0182685852050781,0.7996469549867609,0.471315092674316,0.47640554430774024
1039,1.0446804761886597,0.794351279788173,0.47219770520741394,0.475782588381872
1040,1.051403522491455,0.7908208296557812,0.47175639894086496,0.4728235477339978
1041,1.0630886554718018,0.7917034421888791,0.471315092674316,0.47162954887608366
1042,0.9818868637084961,0.7961165048543689,0.47396293027360986,0.46934537714790014
1043,1.0299937725067139,0.7978817299205648,0.46910856134157103,0.46908581217878836
1044,0.995257556438446,0.7996469549867609,0.470432480141218,0.46700929242589423
1045,1.0761184692382812,0.7864077669902912,0.46954986760812,0.4675803353579401
1046,1.0662895441055298,0.794351279788173,0.47175639894086496,0.4679956393085189
1047,1.049948811531067,0.8102383053839365,0.4788172992056487,0.47505580646835904
1048,1.0594617128372192,0.8172992056487202,0.48323036187113855,0.4752634584436484
1049,1.0003074407577515,0.8075904677846425,0.4801412180052957,0.47220059180812957
1050,1.034271478652954,0.8040600176522507,0.47396293027360986,0.46986450708612365
1051,1.028558373451233,0.8067078552515445,0.4677846425419241,0.4672169444011836
1052,1.0211349725723267,0.8058252427184466,0.4677846425419241,0.46887816020349893
1053,0.9768841862678528,0.8022947925860547,0.471315092674316,0.47313502569693194
1054,1.077576994895935,0.7978817299205648,0.46866725507502205,0.47188911384519544
1055,0.9934597015380859,0.7987643424536628,0.46822594880847307,0.47204485282666253
1056,1.0152688026428223,0.793468667255075,0.46954986760812,0.4695530291231895
1057,1.0077053308486938,0.7925860547219771,0.4651368049426302,0.4687224212220319
1058,1.0760841369628906,0.795233892321271,0.4673433362753751,0.4669054664382495
1059,1.0183076858520508,0.795233892321271,0.46954986760812,0.4687224212220319
1060,1.0278714895248413,0.7925860547219771,0.46954986760812,0.4659710325494471
1061,1.0638564825057983,0.8040600176522507,0.4726390114739629,0.4673726833826507
1062,1.0652122497558594,0.8146513680494263,0.46822594880847307,0.4660229455432695
1063,1.050550937652588,0.8146513680494263,0.47219770520741394,0.4657633805741577
1064,0.9940664172172546,0.8093556928508385,0.47528684907325686,0.4673207703888283
1065,0.9873597621917725,0.8084730803177406,0.47793468667255073,0.4695530291231895
1066,0.993604302406311,0.8102383053839365,0.4801412180052957,0.47027981103670247
1067,1.0285457372665405,0.8058252427184466,0.4748455428067079,0.472408243783419
1068,1.009790062904358,0.8111209179170344,0.46910856134157103,0.4695530291231895
1069,0.998024046421051,0.8128861429832304,0.4677846425419241,0.4666459014691377
1070,0.9898900389671326,0.8208296557811121,0.4646954986760812,0.4644655557285989
1071,1.0223811864852905,0.822594880847308,0.46866725507502205,0.4643617297409542
1072,1.0033024549484253,0.8164165931156222,0.4748455428067079,0.4678918133208742
1073,0.9556708931922913,0.8111209179170344,0.4744042365401589,0.4719410268390178
1074,0.9571870565414429,0.8102383053839365,0.470873786407767,0.47152572288843897
1075,0.9973015189170837,0.8164165931156222,0.470873786407767,0.47095467995639306
1076,1.020164132118225,0.8181818181818182,0.4744042365401589,0.4676841613455848
1077,0.997772753238678,0.8190644307149162,0.47572815533980584,0.46820329128380833
1078,1.0015519857406616,0.8199470432480142,0.47572815533980584,0.46752842236411774
1079,1.0416823625564575,0.8058252427184466,0.4770520741394528,0.4680475523023413
1080,1.0406543016433716,0.8014121800529568,0.4730803177405119,0.4662305975185589
1081,0.9748297929763794,0.8084730803177406,0.4726390114739629,0.4679956393085189
1082,1.0035924911499023,0.8155339805825242,0.47528684907325686,0.4680475523023413
1083,0.9945970177650452,0.8217122683142101,0.4744042365401589,0.46887816020349893
1084,0.984350860118866,0.8199470432480142,0.46866725507502205,0.4651923376421118
1085,0.9810847043991089,0.8120035304501324,0.4655781112091792,0.464777033691533
1086,0.9926882982254028,0.8049426301853486,0.4651368049426302,0.4646212947100659
1087,0.9930775761604309,0.8031774051191527,0.46601941747572817,0.4683590302652754
1088,1.0487585067749023,0.8093556928508385,0.4673433362753751,0.468151378289986
1089,1.049569845199585,0.8128861429832304,0.47219770520741394,0.4719410268390178
1090,1.0522717237472534,0.8137687555163283,0.4735216240070609,0.47344650365986607
1091,0.9815207123756409,0.8093556928508385,0.4761694616063548,0.472408243783419
1092,1.0513030290603638,0.8014121800529568,0.4673433362753751,0.4709027669625707
1093,1.0164408683776855,0.8031774051191527,0.4730803177405119,0.46918963816643305
1094,1.0364620685577393,0.8014121800529568,0.4744042365401589,0.4730831127031096
1095,1.0235800743103027,0.794351279788173,0.48102383053839365,0.47323885168457663
1096,0.9624150395393372,0.795233892321271,0.48323036187113855,0.4730831127031096
1097,1.0059036016464233,0.8031774051191527,0.4823477493380406,0.4729273737216425
1098,1.0023314952850342,0.8075904677846425,0.4770520741394528,0.4693972901417225
1099,1.0245325565338135,0.8014121800529568,0.47175639894086496,0.46316773088304003
1100,1.0097317695617676,0.8014121800529568,0.4744042365401589,0.46171416705601415
1101,1.0451244115829468,0.8005295675198588,0.46866725507502205,0.46077973316721177
1102,1.0534640550613403,0.8102383053839365,0.4677846425419241,0.4650365986606448
1103,1.0051084756851196,0.8075904677846425,0.4735216240070609,0.4696568551108342
1104,1.1073216199874878,0.8111209179170344,0.47572815533980584,0.4756268494004049
1105,1.045159101486206,0.8155339805825242,0.4788172992056487,0.47931267196179206
1106,0.996631383895874,0.7996469549867609,0.4796999117387467,0.47765145615947674
1107,1.0362411737442017,0.7961165048543689,0.47528684907325686,0.4727716347401755
1108,1.003174901008606,0.7969991173874669,0.4730803177405119,0.469916420079946
1109,1.038144588470459,0.822594880847308,0.47528684907325686,0.47069511498728134
1110,1.0089397430419922,0.8252427184466019,0.47925860547219773,0.468151378289986
1111,1.019931674003601,0.822594880847308,0.4819064430714916,0.4689300731973213
1112,1.008793830871582,0.8014121800529568,0.4766107678729038,0.46918963816643305
1113,1.0362919569015503,0.8067078552515445,0.4823477493380406,0.473290764678399
1114,1.0052260160446167,0.8102383053839365,0.4823477493380406,0.47256398276488604
1115,0.9409064650535583,0.8146513680494263,0.47749338040600176,0.469033899184966
1116,0.9787989854812622,0.8084730803177406,0.47793468667255073,0.46607485853709185
1117,1.036777377128601,0.8049426301853486,0.48146513680494263,0.466542075481493
1118,0.9692878127098083,0.8014121800529568,0.4761694616063548,0.46996833307376834
1119,0.9646998047828674,0.8014121800529568,0.4748455428067079,0.4725120697710637
1120,1.0221433639526367,0.8120035304501324,0.471315092674316,0.47100659295021546
1121,1.0895010232925415,0.8120035304501324,0.46910856134157103,0.46539998961740126
1122,0.996121346950531,0.8040600176522507,0.46601941747572817,0.46098738514250115
1123,0.9842501282691956,0.8031774051191527,0.46999117387466904,0.4655557285988683
1124,1.0192584991455078,0.8058252427184466,0.46690203000882613,0.4718372008513731
1125,1.0061280727386475,0.8084730803177406,0.471315092674316,0.4705912889996366
1126,1.0191582441329956,0.8120035304501324,0.470873786407767,0.46944920313554483
1127,0.9890069961547852,0.8058252427184466,0.4730803177405119,0.46659398847531536
1128,0.9534125328063965,0.8031774051191527,0.47528684907325686,0.4657633805741577
1129,0.9864129424095154,0.8067078552515445,0.4819064430714916,0.4737579816228002
1130,0.9556629657745361,0.8128861429832304,0.4836716681376876,0.47739189119036496
1131,0.9720458984375,0.8172992056487202,0.4801412180052957,0.47536728443129317
1132,1.0379916429519653,0.8199470432480142,0.470873786407767,0.47287546072782016
1133,0.9892056584358215,0.823477493380406,0.470432480141218,0.46783990032705186
1134,1.0552473068237305,0.8199470432480142,0.4655781112091792,0.4635311218397965
1135,1.01973557472229,0.8208296557811121,0.46954986760812,0.46674972745678245
1136,0.9837988018989563,0.8199470432480142,0.47749338040600176,0.4717333748637284
1137,1.0111968517303467,0.8111209179170344,0.470432480141218,0.4728235477339978
1138,1.0574144124984741,0.8199470432480142,0.4730803177405119,0.47168146186990606
1139,0.9698059558868408,0.8164165931156222,0.47528684907325686,0.4689819861911436
1140,0.9791184067726135,0.8181818181818182,0.4748455428067079,0.4680475523023413
1141,0.9963206648826599,0.8155339805825242,0.47396293027360986,0.4682552042776307
1142,0.9656382203102112,0.8181818181818182,0.4761694616063548,0.4708508539687484
1143,1.0378724336624146,0.8190644307149162,0.4726390114739629,0.46934537714790014
1144,1.007184386253357,0.8252427184466019,0.4730803177405119,0.46908581217878836
1145,0.9592450857162476,0.8217122683142101,0.46999117387466904,0.4654519026112236
1146,0.9878778457641602,0.8172992056487202,0.46954986760812,0.4674765093702954
1147,1.0230712890625,0.8128861429832304,0.47219770520741394,0.47111041893786015
1148,0.9974125027656555,0.8181818181818182,0.470432480141218,0.4717333748637284
1149,0.9966931939125061,0.8146513680494263,0.46910856134157103,0.465659554586513
1150,1.029219150543213,0.8172992056487202,0.46999117387466904,0.4596895602969423
1151,0.9736496210098267,0.8084730803177406,0.46999117387466904,0.46020869023516586
1152,0.9841283559799194,0.8120035304501324,0.4735216240070609,0.4617660800498365
1153,0.9663567543029785,0.8075904677846425,0.470873786407767,0.4668016404506048
1154,1.0055865049362183,0.8102383053839365,0.4730803177405119,0.47100659295021546
1155,0.9963609576225281,0.8146513680494263,0.46822594880847307,0.4717333748637284
1156,0.9937025308609009,0.8146513680494263,0.470873786407767,0.46986450708612365
1157,0.9733510613441467,0.8102383053839365,0.46910856134157103,0.469033899184966
1158,1.0200891494750977,0.7996469549867609,0.4655781112091792,0.47002024606759074
1159,1.0230082273483276,0.7978817299205648,0.4642541924095322,0.469916420079946
1160,1.0277820825576782,0.8093556928508385,0.4673433362753751,0.47111041893786015
1161,0.9935752153396606,0.823477493380406,0.47219770520741394,0.47131807091314953
1162,0.9458893537521362,0.8217122683142101,0.47175639894086496,0.4658672065618024
1163,0.9417984485626221,0.8181818181818182,0.470873786407767,0.46389451279655297
1164,0.9490669369697571,0.8146513680494263,0.47175639894086496,0.4642059907594871
1165,1.0004088878631592,0.8146513680494263,0.46866725507502205,0.465659554586513
1166,0.9973896741867065,0.8120035304501324,0.46954986760812,0.464777033691533
1167,1.0056034326553345,0.8181818181818182,0.4677846425419241,0.46534807662357885
1168,1.0152679681777954,0.8252427184466019,0.47175639894086496,0.46617868452473654
1169,0.9859163165092468,0.8340688437775816,0.4744042365401589,0.4663344235062036
1170,1.014488935470581,0.8270079435127978,0.46999117387466904,0.46581529356798007
1171,0.9758945107460022,0.8199470432480142,0.47528684907325686,0.46934537714790014
1172,0.9901891350746155,0.8137687555163283,0.4761694616063548,0.4712661579193272
1173,0.9905808568000793,0.8208296557811121,0.4801412180052957,0.4731869386907543
1174,0.9933179020881653,0.8252427184466019,0.4770520741394528,0.4730831127031096
1175,0.9905878901481628,0.8252427184466019,0.47572815533980584,0.4705912889996366
1176,0.99484783411026,0.8278905560458959,0.4735216240070609,0.46441364273477653
1177,1.0229003429412842,0.8278905560458959,0.47219770520741394,0.4655557285988683
1178,1.034542202949524,0.8261253309796999,0.47175639894086496,0.46934537714790014
1179,0.9809714555740356,0.823477493380406,0.4726390114739629,0.46934537714790014
1180,1.0039206743240356,0.8217122683142101,0.47749338040600176,0.46887816020349893
1181,0.9724706411361694,0.8164165931156222,0.48146513680494263,0.4669054664382495
1182,1.0225138664245605,0.8146513680494263,0.48278905560458957,0.4682552042776307
1183,1.0215935707092285,0.8190644307149162,0.4801412180052957,0.46976068109847896
1184,0.9615986943244934,0.8172992056487202,0.47572815533980584,0.4714738098946166
1185,1.0219407081604004,0.824360105913504,0.470432480141218,0.46700929242589423
1186,0.9638357162475586,0.822594880847308,0.4673433362753751,0.4609354721486788
1187,0.9558351039886475,0.8164165931156222,0.46954986760812,0.4620775580127706
1188,0.9795188903808594,0.8164165931156222,0.470432480141218,0.46441364273477653
1189,0.9642595648765564,0.8208296557811121,0.46999117387466904,0.46441364273477653
1190,0.9685487151145935,0.8296557811120918,0.46910856134157103,0.46581529356798007
1191,0.9903048276901245,0.8278905560458959,0.47572815533980584,0.46659398847531536
1192,0.9392923712730408,0.8190644307149162,0.46910856134157103,0.46233712298188234
1193,0.9615190029144287,0.8181818181818182,0.470432480141218,0.46425790375330944
1194,0.986545979976654,0.8172992056487202,0.46999117387466904,0.46145460208690237
1195,0.9517436623573303,0.8278905560458959,0.470432480141218,0.46124695011161293
1196,0.9458639025688171,0.8270079435127978,0.47396293027360986,0.46264860094481647
1197,1.0037788152694702,0.8270079435127978,0.4770520741394528,0.46581529356798007
1198,0.9912625551223755,0.8217122683142101,0.47749338040600176,0.46550381560504595
1199,0.9073807597160339,0.8199470432480142,0.4726390114739629,0.46280433992628356
1200,0.9681731462478638,0.823477493380406,0.4673433362753751,0.4587032134143176
1201,0.9601677060127258,0.8323036187113857,0.4642541924095322,0.46077973316721177
1202,0.9668901562690735,0.8402471315092674,0.4620476610767873,0.4628562529201059
1203,0.949438750743866,0.8411297440423654,0.4620476610767873,0.46373877381508594
1204,0.9811215400695801,0.8384819064430715,0.46293027360988526,0.46456938171624357
1205,0.9600542187690735,0.822594880847308,0.4642541924095322,0.46607485853709185
1206,0.9854917526245117,0.823477493380406,0.46999117387466904,0.4669054664382495
1207,0.9719259738922119,0.8323036187113857,0.4735216240070609,0.46493277267300004
1208,0.9786710739135742,0.8340688437775816,0.470432480141218,0.4612988631054353
1209,0.9672527313232422,0.8287731685789939,0.46293027360988526,0.4552250428282199
1210,0.9469098448753357,0.8287731685789939,0.4651368049426302,0.4543944349270622
1211,0.9262126684188843,0.8367166813768756,0.46601941747572817,0.4581840834760941
1212,0.9623622894287109,0.8349514563106796,0.46866725507502205,0.46114312412396824
1213,0.9444765448570251,0.8278905560458959,0.4651368049426302,0.4651923376421118
1214,0.9035096168518066,0.8261253309796999,0.46601941747572817,0.4645174687224212
1215,0.9144760966300964,0.8314210061782877,0.46646072374227715,0.46539998961740126
1216,0.9210146069526672,0.8367166813768756,0.46999117387466904,0.4654519026112236
1217,0.9768498539924622,0.8296557811120918,0.4726390114739629,0.4651923376421118
1218,0.9444602727890015,0.8349514563106796,0.4735216240070609,0.4609354721486788
1219,0.9262252449989319,0.8358340688437775,0.4744042365401589,0.4606239941857447
1220,0.9205685257911682,0.8384819064430715,0.4726390114739629,0.46212947100659296
1221,0.9629031419754028,0.8402471315092674,0.470432480141218,0.4612988631054353
1222,0.9409837126731873,0.8270079435127978,0.4677846425419241,0.46233712298188234
1223,0.9053686857223511,0.8146513680494263,0.4624889673433363,0.4602606032289882
1224,0.9494303464889526,0.8278905560458959,0.46646072374227715,0.4639464257903753
1225,0.9503433704376221,0.8358340688437775,0.46910856134157103,0.4651404246482895
1226,0.8988766670227051,0.8402471315092674,0.4673433362753751,0.4627524269324612
1227,0.9191246032714844,0.8384819064430715,0.46337157987643424,0.46077973316721177
1228,0.9321112632751465,0.8358340688437775,0.46601941747572817,0.46124695011161293
1229,0.9507508277893066,0.8278905560458959,0.4655781112091792,0.46306390489539534
1230,0.9361082315444946,0.8287731685789939,0.46646072374227715,0.46306390489539534
1231,0.9067206382751465,0.8331862312444837,0.46910856134157103,0.4617660800498365
1232,1.0208123922348022,0.8375992939099736,0.47219770520741394,0.4621813840004153
1233,0.9419115781784058,0.8375992939099736,0.47572815533980584,0.4642059907594871
1234,0.924189567565918,0.8323036187113857,0.4735216240070609,0.4641021647718424
1235,0.9702967405319214,0.8305383936451898,0.4761694616063548,0.46389451279655297
1236,0.9884271025657654,0.8384819064430715,0.47793468667255073,0.4652961636297565
1237,0.9262088537216187,0.8428949691085613,0.4770520741394528,0.46472512069771066
1238,0.9560129046440125,0.8331862312444837,0.4766107678729038,0.4642059907594871
1239,0.9659737348556519,0.8287731685789939,0.4761694616063548,0.464777033691533
1240,0.9368041157722473,0.8323036187113857,0.47219770520741394,0.46628251051238123
1241,0.9499149918556213,0.8411297440423654,0.46910856134157103,0.46358303483361885
1242,0.9088135957717896,0.8349514563106796,0.46646072374227715,0.46212947100659296
1243,0.9800110459327698,0.8331862312444837,0.4642541924095322,0.4576649535378705
1244,0.8827821016311646,0.8314210061782877,0.46866725507502205,0.458910865389607
1245,0.9512501955032349,0.8340688437775816,0.4744042365401589,0.4649846856668224
1246,0.9691243171691895,0.8411297440423654,0.47793468667255073,0.4671131184135389
1247,0.8935461640357971,0.8375992939099736,0.4801412180052957,0.46809946529616364
1248,0.9357810020446777,0.8314210061782877,0.4783759929390997,0.46607485853709185
1249,0.9213022589683533,0.8340688437775816,0.4766107678729038,0.4625966879509941
1250,0.9258071184158325,0.8349514563106796,0.4726390114739629,0.4629600789077506
1251,0.945663332939148,0.8411297440423654,0.4726390114739629,0.4659710325494471
1252,0.9292700886726379,0.8411297440423654,0.4783759929390997,0.46752842236411774
1253,0.9149694442749023,0.8464254192409533,0.4761694616063548,0.46908581217878836
1254,0.9617729187011719,0.8411297440423654,0.4730803177405119,0.46628251051238123
1255,0.9120032787322998,0.8437775816416593,0.4673433362753751,0.46358303483361885
1256,0.9066736102104187,0.8446601941747572,0.46646072374227715,0.4627524269324612
1257,0.9337760210037231,0.8464254192409533,0.4651368049426302,0.46493277267300004
1258,0.9776888489723206,0.8411297440423654,0.47396293027360986,0.46373877381508594
1259,0.9664148092269897,0.8473080317740512,0.4744042365401589,0.46456938171624357
1260,0.9537850022315979,0.8420123565754634,0.48102383053839365,0.46659398847531536
1261,0.9938148260116577,0.8314210061782877,0.4836716681376876,0.4679956393085189
1262,0.9691925048828125,0.8261253309796999,0.4796999117387467,0.4677879873332295
1263,1.003326416015625,0.8190644307149162,0.4761694616063548,0.46695737943207183
1264,0.950003981590271,0.8270079435127978,0.4788172992056487,0.4657114675803354
1265,0.9682830572128296,0.8323036187113857,0.47749338040600176,0.4654519026112236
1266,0.9159883856773376,0.8270079435127978,0.46910856134157103,0.4641021647718424
1267,0.9057491421699524,0.823477493380406,0.4646954986760812,0.4625447749571718
1268,0.9643216133117676,0.8296557811120918,0.4673433362753751,0.4635311218397965
1269,0.9176203012466431,0.8323036187113857,0.47175639894086496,0.46124695011161293
1270,0.9949345588684082,0.8252427184466019,0.46690203000882613,0.46197373202512587
1271,0.9808729887008667,0.8305383936451898,0.4646954986760812,0.4608316461610341
1272,0.9651251435279846,0.8323036187113857,0.4616063548102383,0.4611950371177906
1273,0.996660053730011,0.8278905560458959,0.45984112974404234,0.46181799304365884
1274,0.9625464081764221,0.8375992939099736,0.46910856134157103,0.46280433992628356
1275,0.9650353193283081,0.8305383936451898,0.470873786407767,0.4649846856668224
1276,0.9783863425254822,0.8296557811120918,0.4744042365401589,0.4661267715309142
1277,0.9867291450500488,0.8252427184466019,0.47528684907325686,0.465659554586513
1278,0.9935570955276489,0.8261253309796999,0.47219770520741394,0.4673207703888283
1279,0.9436811804771423,0.8323036187113857,0.471315092674316,0.46773607433940717
1280,0.9756002426147461,0.8358340688437775,0.4730803177405119,0.4651923376421118
1281,0.8775724768638611,0.8305383936451898,0.46866725507502205,0.4606239941857447
1282,0.971000075340271,0.8358340688437775,0.46866725507502205,0.4600010382598764
1283,0.9186347126960754,0.8402471315092674,0.4646954986760812,0.4601048642475212
1284,0.9578379988670349,0.8411297440423654,0.4616063548102383,0.46088355915485646
1285,0.9772524833679199,0.8375992939099736,0.46116504854368934,0.4606239941857447
1286,0.9060313701629639,0.8393645189761695,0.4620476610767873,0.4624409489695271
1287,0.9202147126197815,0.8287731685789939,0.4730803177405119,0.468307117271453
1288,0.9342927932739258,0.8261253309796999,0.46822594880847307,0.4720967658204849
1289,0.93427574634552,0.8296557811120918,0.47175639894086496,0.47162954887608366
1290,0.993255078792572,0.8358340688437775,0.470432480141218,0.4696568551108342
1291,0.9078378677368164,0.8375992939099736,0.45984112974404234,0.4641021647718424
1292,0.9114665985107422,0.8358340688437775,0.46116504854368934,0.45953382131547527
1293,0.9556675553321838,0.8331862312444837,0.4616063548102383,0.45911851736489645
1294,1.0075370073318481,0.824360105913504,0.45763459841129744,0.4610912111301459
1295,0.9703717231750488,0.8287731685789939,0.4646954986760812,0.4677879873332295
1296,0.978958010673523,0.8261253309796999,0.46866725507502205,0.4683590302652754
1297,0.966574490070343,0.8164165931156222,0.4730803177405119,0.47012407205523543
1298,0.949115514755249,0.8120035304501324,0.4730803177405119,0.46960494211701187
1299,0.9714710116386414,0.8217122683142101,0.47175639894086496,0.468151378289986
1300,1.0163240432739258,0.8217122683142101,0.470432480141218,0.4666459014691377
1301,0.9864275455474854,0.8199470432480142,0.46999117387466904,0.46316773088304003
1302,0.9948950409889221,0.8208296557811121,0.47219770520741394,0.46337538285832947
1303,0.9440093636512756,0.8252427184466019,0.4748455428067079,0.4641021647718424
1304,1.0062220096588135,0.8296557811120918,0.4783759929390997,0.4670612054197166
1305,0.9759434461593628,0.8314210061782877,0.4748455428067079,0.47064320199345894
1306,0.9569209218025208,0.8270079435127978,0.47175639894086496,0.4702278980428801
1307,0.9580397009849548,0.8137687555163283,0.47396293027360986,0.46960494211701187
1308,0.9939990639686584,0.8261253309796999,0.4726390114739629,0.46986450708612365
1309,0.9861661791801453,0.8270079435127978,0.4766107678729038,0.47069511498728134
1310,0.9880155324935913,0.8208296557811121,0.4730803177405119,0.47002024606759074
1311,0.9159688949584961,0.8181818181818182,0.471315092674316,0.4674765093702954
1312,0.9666563868522644,0.8349514563106796,0.47396293027360986,0.46524425063593416
1313,1.0071804523468018,0.8331862312444837,0.47925860547219773,0.4646212947100659
1314,0.9489672780036926,0.8287731685789939,0.4766107678729038,0.4634272958521518
1315,1.0167902708053589,0.8287731685789939,0.47925860547219773,0.4645174687224212
1316,0.9894289970397949,0.8287731685789939,0.4770520741394528,0.4676841613455848
1317,0.9331544041633606,0.8278905560458959,0.47749338040600176,0.47168146186990606
1318,0.9706977605819702,0.823477493380406,0.4783759929390997,0.4727197217463531
1319,0.9540116786956787,0.8208296557811121,0.4788172992056487,0.4725120697710637
1320,0.9292453527450562,0.824360105913504,0.47396293027360986,0.46986450708612365
1321,1.004433035850525,0.8314210061782877,0.4748455428067079,0.46550381560504595
1322,0.9468396306037903,0.8437775816416593,0.47396293027360986,0.4644655557285989
1323,0.954149603843689,0.8437775816416593,0.47528684907325686,0.46742459637647304
1324,0.9170567393302917,0.8393645189761695,0.47528684907325686,0.46934537714790014
1325,0.9744898080825806,0.8270079435127978,0.471315092674316,0.4695011161293672
1326,0.9473399519920349,0.8190644307149162,0.4783759929390997,0.47111041893786015
1327,0.984250009059906,0.8287731685789939,0.48102383053839365,0.4709027669625707
1328,0.9141644239425659,0.8331862312444837,0.4796999117387467,0.47033172403052487
1329,0.973658561706543,0.8305383936451898,0.4801412180052957,0.4682552042776307
1330,0.9825844764709473,0.824360105913504,0.4761694616063548,0.4682552042776307
1331,0.88896644115448,0.8208296557811121,0.4761694616063548,0.46976068109847896
1332,0.9008800387382507,0.8270079435127978,0.47793468667255073,0.47380989461662254
1333,0.9196580052375793,0.8367166813768756,0.48102383053839365,0.47448476353631314
1334,0.9899829030036926,0.8358340688437775,0.47528684907325686,0.4730831127031096
1335,0.9233630895614624,0.8384819064430715,0.4748455428067079,0.46908581217878836
1336,0.9462074041366577,0.8349514563106796,0.47572815533980584,0.46841094325909777
1337,0.9687348008155823,0.8367166813768756,0.4761694616063548,0.4678918133208742
1338,0.9147705435752869,0.8358340688437775,0.4823477493380406,0.4689819861911436
1339,0.9155816435813904,0.8375992939099736,0.4788172992056487,0.47033172403052487
1340,0.9657056927680969,0.823477493380406,0.4766107678729038,0.4702278980428801
1341,0.9511425495147705,0.8208296557811121,0.47528684907325686,0.4696568551108342
1342,0.9734315276145935,0.8278905560458959,0.4735216240070609,0.46877433421585424
1343,0.9542574882507324,0.8393645189761695,0.4726390114739629,0.4676841613455848
1344,0.995384156703949,0.8393645189761695,0.47219770520741394,0.4654519026112236
1345,0.8877957463264465,0.8402471315092674,0.470873786407767,0.4678918133208742
1346,0.9581069350242615,0.8331862312444837,0.4677846425419241,0.4688262472096766
1347,0.956709086894989,0.8305383936451898,0.47175639894086496,0.4683590302652754
1348,0.9390559792518616,0.8340688437775816,0.4726390114739629,0.4676841613455848
1349,0.9304602146148682,0.8331862312444837,0.46999117387466904,0.4672169444011836
1350,0.9386810660362244,0.8331862312444837,0.46910856134157103,0.46659398847531536
1351,0.9020581245422363,0.8331862312444837,0.46866725507502205,0.46373877381508594
1352,0.9550485014915466,0.8349514563106796,0.46601941747572817,0.4679956393085189
1353,0.9716498255729675,0.8367166813768756,0.470432480141218,0.46934537714790014
1354,0.9577776789665222,0.8314210061782877,0.4677846425419241,0.4718372008513731
1355,0.9431460499763489,0.8270079435127978,0.47572815533980584,0.47604215335098377
1356,0.8955007195472717,0.8252427184466019,0.4796999117387467,0.4770285002336085
1357,0.933375895023346,0.823477493380406,0.470873786407767,0.4720967658204849
1358,0.9408792853355408,0.8252427184466019,0.4638128861429832,0.4675803353579401
1359,0.9340928196907043,0.8278905560458959,0.4638128861429832,0.4660229455432695
1360,0.9640337824821472,0.8314210061782877,0.471315092674316,0.46841094325909777
1361,0.9509986042976379,0.8331862312444837,0.46910856134157103,0.4676322483517624
1362,0.9601802825927734,0.8323036187113857,0.4620476610767873,0.46628251051238123
1363,0.8989740014076233,0.8305383936451898,0.4620476610767873,0.4661267715309142
1364,0.8845869898796082,0.8217122683142101,0.4620476610767873,0.464777033691533
1365,0.9436075091362,0.8270079435127978,0.4646954986760812,0.46591911955562476
1366,0.9624650478363037,0.8287731685789939,0.4638128861429832,0.46820329128380833
1367,0.9582467675209045,0.8384819064430715,0.46601941747572817,0.4673726833826507
1368,0.9577531218528748,0.8340688437775816,0.46999117387466904,0.46472512069771066
1369,0.9207662343978882,0.8208296557811121,0.46072374227714036,0.46425790375330944
1370,0.9610834717750549,0.8296557811120918,0.4655781112091792,0.46649016248767067
1371,0.9826632142066956,0.8367166813768756,0.470432480141218,0.4687224212220319
1372,0.9431412816047668,0.8261253309796999,0.47572815533980584,0.4720967658204849
1373,0.9362660646438599,0.8287731685789939,0.47528684907325686,0.47313502569693194
1374,0.9504649043083191,0.8314210061782877,0.47219770520741394,0.4720967658204849
1375,0.9069910645484924,0.8331862312444837,0.4730803177405119,0.47111041893786015
1376,0.9213229417800903,0.8437775816416593,0.47528684907325686,0.4718372008513731
1377,0.9087215662002563,0.8464254192409533,0.4766107678729038,0.4705912889996366
1378,1.0177643299102783,0.8358340688437775,0.470432480141218,0.4676322483517624
1379,0.9286706447601318,0.8349514563106796,0.4655781112091792,0.46493277267300004
1380,0.9265776872634888,0.8331862312444837,0.46601941747572817,0.4642059907594871
1381,0.9413794279098511,0.8287731685789939,0.47528684907325686,0.4657114675803354
1382,0.9069645404815674,0.8261253309796999,0.4677846425419241,0.4689300731973213
1383,0.9842483997344971,0.8155339805825242,0.4677846425419241,0.4660229455432695
1384,0.9857913851737976,0.8164165931156222,0.46293027360988526,0.46415407776566475
1385,0.9564956426620483,0.8314210061782877,0.46646072374227715,0.46347920884597416
1386,0.9518397450447083,0.8367166813768756,0.47749338040600176,0.46674972745678245
1387,0.9884564280509949,0.8402471315092674,0.47396293027360986,0.46617868452473654
1388,0.9777123332023621,0.8367166813768756,0.46601941747572817,0.46752842236411774
1389,0.9784736037254333,0.8349514563106796,0.46910856134157103,0.46742459637647304
1390,0.9488129019737244,0.8349514563106796,0.4766107678729038,0.468307117271453
1391,0.9537712335586548,0.8367166813768756,0.4748455428067079,0.46649016248767067
1392,0.8952756524085999,0.8411297440423654,0.47528684907325686,0.46674972745678245
1393,0.9212599992752075,0.8331862312444837,0.4744042365401589,0.4672169444011836
1394,0.961516261100769,0.823477493380406,0.470432480141218,0.4682552042776307
1395,0.9172790050506592,0.824360105913504,0.4748455428067079,0.4704874630119919
1396,0.9548493027687073,0.8358340688437775,0.47793468667255073,0.4719410268390178
1397,0.897186279296875,0.8402471315092674,0.47925860547219773,0.47168146186990606
1398,0.9364850521087646,0.8375992939099736,0.48278905560458957,0.4733426776722214
1399,0.896235466003418,0.8349514563106796,0.4801412180052957,0.47490006748689195
1400,0.8759734630584717,0.8331862312444837,0.47572815533980584,0.47287546072782016
1401,0.9507389664649963,0.8331862312444837,0.4730803177405119,0.4711623319316825
1402,0.9119417071342468,0.8393645189761695,0.4748455428067079,0.4697087681046566
1403,0.9085735082626343,0.8393645189761695,0.470432480141218,0.46934537714790014
1404,0.9095751047134399,0.8340688437775816,0.46866725507502205,0.47111041893786015
1405,0.9219973683357239,0.823477493380406,0.470432480141218,0.47438093754866845
1406,0.8978238105773926,0.824360105913504,0.47572815533980584,0.4748481544930696
1407,0.9343712329864502,0.8358340688437775,0.48411297440423656,0.474173285573379
1408,1.0109959840774536,0.8411297440423654,0.47793468667255073,0.4689819861911436
1409,0.9144666194915771,0.8464254192409533,0.47528684907325686,0.4691377251726107
1410,0.8474583625793457,0.8411297440423654,0.4744042365401589,0.47043555001816956
1411,0.9174138903617859,0.8411297440423654,0.4783759929390997,0.4705912889996366
1412,0.9250826835632324,0.8446601941747572,0.4783759929390997,0.4678918133208742
1413,0.8963133096694946,0.8490732568402471,0.47749338040600176,0.469033899184966
1414,0.9032427668571472,0.855251544571933,0.470432480141218,0.468307117271453
1415,0.8882015943527222,0.8473080317740512,0.46954986760812,0.4672169444011836
1416,0.9841474294662476,0.8384819064430715,0.46822594880847307,0.4664382494938483
1417,0.9287092089653015,0.8375992939099736,0.46690203000882613,0.46794372631469655
1418,0.8818584680557251,0.8402471315092674,0.46866725507502205,0.4672169444011836
1419,0.9255711436271667,0.8287731685789939,0.470432480141218,0.4674765093702954
1420,0.9041746854782104,0.8261253309796999,0.46822594880847307,0.46851476924674246
1421,0.8952295184135437,0.8287731685789939,0.4677846425419241,0.46685355344442714
1422,0.8860634565353394,0.8323036187113857,0.47396293027360986,0.46467320770388826
1423,0.8684114813804626,0.8323036187113857,0.4730803177405119,0.4643098167471318
1424,0.8848256468772888,0.8314210061782877,0.47793468667255073,0.46441364273477653
1425,0.9440943598747253,0.8305383936451898,0.4761694616063548,0.4661267715309142
1426,0.9306276440620422,0.823477493380406,0.47793468667255073,0.4664382494938483
1427,0.9194712042808533,0.8270079435127978,0.4766107678729038,0.4666978144629601
1428,0.9031670689582825,0.8331862312444837,0.4788172992056487,0.46742459637647304
1429,0.974366307258606,0.8402471315092674,0.47793468667255073,0.4693972901417225
1430,0.8852053284645081,0.8411297440423654,0.47396293027360986,0.47002024606759074
1431,0.9048728346824646,0.8446601941747572,0.4730803177405119,0.4685666822405648
1432,0.9190526008605957,0.8428949691085613,0.47219770520741394,0.46976068109847896
1433,0.9096221923828125,0.8358340688437775,0.4788172992056487,0.4722525048019519
1434,0.908004641532898,0.8323036187113857,0.4823477493380406,0.4714218969007943
1435,0.9316022396087646,0.8278905560458959,0.48411297440423656,0.4725120697710637
1436,0.916998028755188,0.8358340688437775,0.4823477493380406,0.4696568551108342
1437,0.9097368121147156,0.8402471315092674,0.4766107678729038,0.4666978144629601
1438,0.8944098949432373,0.8481906443071492,0.48411297440423656,0.4673207703888283
1439,0.9230495691299438,0.8499558693733451,0.4788172992056487,0.4654519026112236
1440,0.8846612572669983,0.8561341571050309,0.4783759929390997,0.4657633805741577
1441,0.8985285758972168,0.855251544571933,0.47793468667255073,0.4651923376421118
1442,0.9078475832939148,0.853486319505737,0.47175639894086496,0.46534807662357885
1443,0.8915769457817078,0.8411297440423654,0.46822594880847307,0.46181799304365884
1444,0.8737214207649231,0.8340688437775816,0.4726390114739629,0.46181799304365884
1445,0.8797736763954163,0.8393645189761695,0.46954986760812,0.4657633805741577
1446,0.9152267575263977,0.8411297440423654,0.47175639894086496,0.4670612054197166
1447,0.8790270686149597,0.8411297440423654,0.4748455428067079,0.4671131184135389
1448,0.9348060488700867,0.8367166813768756,0.4766107678729038,0.46716503140736126
1449,0.9388166069984436,0.8314210061782877,0.470432480141218,0.4654519026112236
1450,0.9172391295433044,0.8375992939099736,0.470873786407767,0.46550381560504595
1451,0.9234290719032288,0.8367166813768756,0.4748455428067079,0.4674765093702954
1452,0.903912365436554,0.8393645189761695,0.4726390114739629,0.46742459637647304
1453,0.8882116675376892,0.8464254192409533,0.4651368049426302,0.4638425998027306
1454,0.8912938833236694,0.8437775816416593,0.46910856134157103,0.46332346986450706
1455,0.9029207229614258,0.8278905560458959,0.4677846425419241,0.46077973316721177
1456,0.9016577005386353,0.8331862312444837,0.470873786407767,0.4642059907594871
1457,0.8934762477874756,0.8323036187113857,0.46954986760812,0.4675803353579401
1458,0.8855535984039307,0.8278905560458959,0.46910856134157103,0.47079894097492603
1459,0.9669947028160095,0.824360105913504,0.4730803177405119,0.47188911384519544
1460,0.8806772828102112,0.8208296557811121,0.4735216240070609,0.472408243783419
1461,0.8813410997390747,0.822594880847308,0.47396293027360986,0.4697087681046566
1462,0.9161970615386963,0.8314210061782877,0.47528684907325686,0.4679956393085189
1463,0.9226886630058289,0.8446601941747572,0.47219770520741394,0.46934537714790014
1464,0.8836177587509155,0.8490732568402471,0.47396293027360986,0.468151378289986
1465,0.900189220905304,0.8393645189761695,0.47396293027360986,0.4670612054197166
1466,0.9261854887008667,0.8420123565754634,0.46910856134157103,0.4666978144629601
1467,0.8862953186035156,0.8402471315092674,0.46910856134157103,0.46591911955562476
1468,0.8808043003082275,0.8428949691085613,0.471315092674316,0.46550381560504595
1469,0.8705108761787415,0.8464254192409533,0.47749338040600176,0.46659398847531536
1470,0.8995548486709595,0.855251544571933,0.4748455428067079,0.4646212947100659
1471,0.9439767003059387,0.853486319505737,0.471315092674316,0.4634272958521518
1472,0.925152063369751,0.8490732568402471,0.471315092674316,0.46415407776566475
1473,0.9417237639427185,0.8428949691085613,0.46910856134157103,0.4666459014691377
1474,0.942599356174469,0.8323036187113857,0.46822594880847307,0.4685666822405648
1475,0.9513576030731201,0.8314210061782877,0.4761694616063548,0.47303119970928725
1476,0.8924054503440857,0.8367166813768756,0.48411297440423656,0.47344650365986607
1477,0.9094632863998413,0.8402471315092674,0.48058252427184467,0.47230441779577426
1478,0.8886502385139465,0.8490732568402471,0.48411297440423656,0.46944920313554483
1479,0.8994097113609314,0.8446601941747572,0.47925860547219773,0.46861859523438715
1480,0.9505221843719482,0.8375992939099736,0.47528684907325686,0.4670612054197166
1481,0.9436461925506592,0.8428949691085613,0.4735216240070609,0.46581529356798007
1482,0.8923378586769104,0.8464254192409533,0.4744042365401589,0.46425790375330944
1483,0.9091116189956665,0.8428949691085613,0.4735216240070609,0.4643098167471318
1484,0.9164611101150513,0.8446601941747572,0.4761694616063548,0.46493277267300004
1485,0.9332907795906067,0.8411297440423654,0.4783759929390997,0.46659398847531536
1486,0.8898816704750061,0.8481906443071492,0.4823477493380406,0.4672169444011836
1487,0.9117710590362549,0.8481906443071492,0.4788172992056487,0.46659398847531536
1488,0.8772820234298706,0.8499558693733451,0.48146513680494263,0.46628251051238123
1489,0.8999488949775696,0.853486319505737,0.48058252427184467,0.4657633805741577
1490,0.8758326172828674,0.8446601941747572,0.48146513680494263,0.46607485853709185
1491,0.9216457009315491,0.851721094439541,0.4796999117387467,0.46783990032705186
1492,0.8964029550552368,0.8437775816416593,0.4748455428067079,0.46467320770388826
1493,0.8712459802627563,0.8499558693733451,0.4748455428067079,0.4661267715309142
1494,0.8483923077583313,0.8455428067078552,0.48146513680494263,0.4695011161293672
1495,0.9305685758590698,0.8437775816416593,0.4788172992056487,0.4696568551108342
1496,0.8851425051689148,0.8437775816416593,0.47572815533980584,0.4687224212220319
1497,0.8917553424835205,0.8473080317740512,0.4796999117387467,0.46841094325909777
1498,0.837963342666626,0.8446601941747572,0.4770520741394528,0.4648808596791777
1499,0.9038260579109192,0.8570167696381289,0.47572815533980584,0.46140268909308
1500,0.8761573433876038,0.8473080317740512,0.47396293027360986,0.4627524269324612
1501,0.9330622553825378,0.8481906443071492,0.48146513680494263,0.4695011161293672
1502,0.9365753531455994,0.8446601941747572,0.4849955869373345,0.474173285573379
1503,0.8823513984680176,0.8428949691085613,0.48278905560458957,0.47630171832009555
1504,0.9256846904754639,0.8384819064430715,0.47572815533980584,0.47391372060426723
1505,0.8860265016555786,0.8375992939099736,0.4788172992056487,0.472408243783419
1506,0.9062179923057556,0.8473080317740512,0.48102383053839365,0.4739656335980896
1507,0.8658340573310852,0.8499558693733451,0.4801412180052957,0.4744328505424908
1508,0.9031136631965637,0.855251544571933,0.4836716681376876,0.47604215335098377
1509,0.8930351734161377,0.8499558693733451,0.47925860547219773,0.4756268494004049
1510,0.8905045986175537,0.8464254192409533,0.48278905560458957,0.4752634584436484
1511,0.9193918108940125,0.8446601941747572,0.47572815533980584,0.473290764678399
1512,0.8712888956069946,0.8455428067078552,0.4748455428067079,0.4726678087525308
1513,0.9025635123252869,0.8455428067078552,0.47219770520741394,0.47188911384519544
1514,0.8796563148498535,0.8446601941747572,0.46822594880847307,0.4695011161293672
1515,0.904193103313446,0.8375992939099736,0.46601941747572817,0.46685355344442714
1516,0.9201541543006897,0.8499558693733451,0.4673433362753751,0.4674765093702954
1517,0.9110201001167297,0.851721094439541,0.46866725507502205,0.4671131184135389
1518,0.9422567486763,0.8499558693733451,0.4651368049426302,0.46700929242589423
1519,0.8565316200256348,0.8473080317740512,0.4638128861429832,0.46508851165446713
1520,0.9090708494186401,0.8402471315092674,0.4585172109443954,0.46358303483361885
1521,0.8762796521186829,0.8437775816416593,0.45984112974404234,0.46456938171624357
1522,0.8554180264472961,0.855251544571933,0.4642541924095322,0.4645174687224212
1523,0.9019935131072998,0.8587819947043248,0.46601941747572817,0.46441364273477653
1524,0.8579074740409851,0.852603706972639,0.4651368049426302,0.46399833878419766
1525,0.915817141532898,0.8543689320388349,0.46954986760812,0.46347920884597416
1526,0.939473569393158,0.8464254192409533,0.46866725507502205,0.46098738514250115
1527,0.909813642501831,0.8420123565754634,0.46601941747572817,0.4612988631054353
1528,0.9051668643951416,0.8428949691085613,0.46822594880847307,0.4627524269324612
1529,0.99563068151474,0.851721094439541,0.46954986760812,0.4625447749571718
1530,0.9232947826385498,0.8499558693733451,0.4624889673433363,0.458910865389607
1531,0.9201276302337646,0.8570167696381289,0.4616063548102383,0.45953382131547527
1532,0.9044521450996399,0.855251544571933,0.46293027360988526,0.4600529512536988
1533,0.9122046232223511,0.8570167696381289,0.46866725507502205,0.46301199190157294
1534,0.9339278340339661,0.853486319505737,0.4655781112091792,0.4661267715309142
1535,0.9014891386032104,0.8455428067078552,0.4642541924095322,0.46373877381508594
1536,0.9562433362007141,0.8499558693733451,0.4677846425419241,0.46539998961740126
1537,0.8950676918029785,0.8490732568402471,0.46954986760812,0.46617868452473654
1538,0.9001685976982117,0.8473080317740512,0.47572815533980584,0.46783990032705186
1539,0.9205102324485779,0.8455428067078552,0.4770520741394528,0.4678918133208742
1540,0.9292091131210327,0.8464254192409533,0.4761694616063548,0.4649846856668224
1541,0.942793607711792,0.8402471315092674,0.47572815533980584,0.4632196438768624
1542,0.8795214295387268,0.8375992939099736,0.46999117387466904,0.4651923376421118
1543,0.9383659958839417,0.8499558693733451,0.46866725507502205,0.4674765093702954
1544,0.9490015506744385,0.8490732568402471,0.46999117387466904,0.46794372631469655
1545,0.927201509475708,0.8481906443071492,0.46866725507502205,0.46976068109847896
1546,0.953608512878418,0.8375992939099736,0.46866725507502205,0.4676841613455848
1547,0.9092229008674622,0.8446601941747572,0.4638128861429832,0.4673726833826507
1548,0.9643464088439941,0.851721094439541,0.4620476610767873,0.46685355344442714
1549,0.9358981251716614,0.8473080317740512,0.47175639894086496,0.46337538285832947
1550,0.9333509206771851,0.853486319505737,0.470873786407767,0.46337538285832947
1551,0.9173014163970947,0.8464254192409533,0.46999117387466904,0.4621813840004153
1552,0.8683086633682251,0.8420123565754634,0.46866725507502205,0.46140268909308
1553,0.8818073868751526,0.8490732568402471,0.46822594880847307,0.46290816591392825
1554,0.8785525560379028,0.8473080317740512,0.4748455428067079,0.4645174687224212
1555,0.8751509189605713,0.8428949691085613,0.4616063548102383,0.46337538285832947
1556,0.9192580580711365,0.8367166813768756,0.4616063548102383,0.46114312412396824
1557,0.9105367660522461,0.8455428067078552,0.4589585172109444,0.45704199761200226
1558,0.9200518131256104,0.8428949691085613,0.45763459841129744,0.45403104397030575
1559,0.9093635082244873,0.8437775816416593,0.45939982347749336,0.45553652079115403
1560,0.9246972799301147,0.8358340688437775,0.4624889673433363,0.4600010382598764
1561,0.940241813659668,0.8305383936451898,0.4549867608120035,0.4597414732907647
1562,0.9878523349761963,0.8323036187113857,0.45939982347749336,0.4628562529201059
1563,0.9339815974235535,0.8402471315092674,0.4624889673433363,0.46290816591392825
1564,0.9326501488685608,0.8384819064430715,0.4620476610767873,0.46020869023516586
1565,0.9736420512199402,0.8393645189761695,0.46116504854368934,0.46238903597570474
1566,0.9039790630340576,0.8393645189761695,0.4589585172109444,0.46358303483361885
1567,0.9263906478881836,0.8384819064430715,0.4616063548102383,0.4643098167471318
1568,0.9134176969528198,0.8499558693733451,0.4624889673433363,0.4628562529201059
1569,0.9348084330558777,0.8490732568402471,0.4655781112091792,0.46057208119192233
1570,0.9264208078384399,0.851721094439541,0.4638128861429832,0.4613507760992576
1571,0.9509533643722534,0.852603706972639,0.4651368049426302,0.46280433992628356
1572,0.8733041882514954,0.852603706972639,0.4638128861429832,0.4627524269324612
1573,0.9229786992073059,0.8411297440423654,0.46646072374227715,0.46166225406219175
1574,0.8922945261001587,0.8375992939099736,0.4651368049426302,0.46098738514250115
1575,0.9651378989219666,0.8428949691085613,0.46601941747572817,0.4615065150807247
1576,0.904610812664032,0.8455428067078552,0.46646072374227715,0.4634272958521518
1577,0.8821094036102295,0.8508384819064431,0.4673433362753751,0.46368686082126354
1578,0.9402086138725281,0.8570167696381289,0.4730803177405119,0.46591911955562476
1579,0.9548808336257935,0.8561341571050309,0.4744042365401589,0.4666459014691377
1580,0.8957611322402954,0.855251544571933,0.4726390114739629,0.46794372631469655
1581,0.890600323677063,0.8499558693733451,0.4726390114739629,0.46752842236411774
1582,0.9622930884361267,0.8428949691085613,0.46999117387466904,0.4673726833826507
1583,0.9015669226646423,0.8367166813768756,0.47175639894086496,0.46809946529616364
1584,0.8894851207733154,0.8428949691085613,0.4766107678729038,0.4692415511602554
1585,0.8802962303161621,0.8428949691085613,0.4744042365401589,0.46399833878419766
1586,0.8901905417442322,0.8428949691085613,0.46822594880847307,0.45875512640814
1587,0.9617970585823059,0.8428949691085613,0.4638128861429832,0.4532004360691481
1588,0.8921152949333191,0.8367166813768756,0.4651368049426302,0.4524736541556352
1589,0.9128952622413635,0.8349514563106796,0.47396293027360986,0.458910865389607
1590,0.9142064452171326,0.8331862312444837,0.47925860547219773,0.46493277267300004
1591,0.9098734259605408,0.8367166813768756,0.48102383053839365,0.46482894668535535
1592,0.9020602107048035,0.8490732568402471,0.47749338040600176,0.46472512069771066
1593,0.8641934990882874,0.852603706972639,0.4735216240070609,0.45963764730311996
1594,0.8884133100509644,0.8411297440423654,0.4761694616063548,0.4563152156984893
1595,0.9341136813163757,0.8464254192409533,0.47528684907325686,0.4549135648652858
1596,0.9126043319702148,0.8561341571050309,0.4761694616063548,0.4620775580127706
1597,0.9012271165847778,0.8631950573698146,0.48278905560458957,0.4666459014691377
1598,0.8963884711265564,0.8605472197705207,0.4819064430714916,0.4714738098946166
1599,0.9030526280403137,0.851721094439541,0.4783759929390997,0.47287546072782016
1600,0.8980172276496887,0.8464254192409533,0.4726390114739629,0.47064320199345894
1601,0.9482181668281555,0.8490732568402471,0.47749338040600176,0.46944920313554483
1602,0.9130023121833801,0.8570167696381289,0.46999117387466904,0.46607485853709185
1603,0.9009530544281006,0.8499558693733451,0.4766107678729038,0.46399833878419766
1604,0.9424525499343872,0.8446601941747572,0.4748455428067079,0.46358303483361885
1605,0.9292526841163635,0.8331862312444837,0.47396293027360986,0.46482894668535535
1606,0.8424625396728516,0.8305383936451898,0.47528684907325686,0.466542075481493
1607,0.8998394012451172,0.8358340688437775,0.4744042365401589,0.46700929242589423
1608,0.8801489472389221,0.8411297440423654,0.4766107678729038,0.46482894668535535
1609,0.9133655428886414,0.8455428067078552,0.48146513680494263,0.4674765093702954
1610,0.9285123944282532,0.8473080317740512,0.4796999117387467,0.46659398847531536
1611,0.9237130284309387,0.8402471315092674,0.46999117387466904,0.4617660800498365
1612,1.008653998374939,0.8437775816416593,0.47175639894086496,0.46077973316721177
1613,0.927144467830658,0.8570167696381289,0.47572815533980584,0.4624409489695271
1614,0.9609562754631042,0.8481906443071492,0.4735216240070609,0.4608316461610341
1615,0.9504506587982178,0.8402471315092674,0.470432480141218,0.46389451279655297
1616,0.9109992384910583,0.8446601941747572,0.4770520741394528,0.46560764159269064
1617,0.9778032302856445,0.8331862312444837,0.48058252427184467,0.46934537714790014
1618,0.9125179052352905,0.8252427184466019,0.4744042365401589,0.4693972901417225
1619,0.9740920066833496,0.8455428067078552,0.47925860547219773,0.46649016248767067
1620,0.8898211717605591,0.8481906443071492,0.4766107678729038,0.4618699060374812
1621,0.8971810340881348,0.8428949691085613,0.4735216240070609,0.4611950371177906
1622,0.9282980561256409,0.8411297440423654,0.46866725507502205,0.46171416705601415
1623,0.8926135897636414,0.8420123565754634,0.46116504854368934,0.4610392981363235
1624,0.9609652757644653,0.8446601941747572,0.46337157987643424,0.4636349478274412
1625,0.941380500793457,0.8437775816416593,0.4624889673433363,0.4636349478274412
1626,0.9310176968574524,0.8455428067078552,0.4638128861429832,0.46472512069771066
1627,0.8906961679458618,0.8473080317740512,0.47219770520741394,0.46628251051238123
1628,0.8950399160385132,0.8428949691085613,0.47572815533980584,0.4648808596791777
1629,0.9743545651435852,0.8464254192409533,0.46910856134157103,0.4657114675803354
1630,0.9287364482879639,0.8437775816416593,0.46910856134157103,0.4644655557285989
1631,0.9339266419410706,0.8481906443071492,0.46293027360988526,0.4632196438768624
1632,0.9276109933853149,0.8481906443071492,0.4567519858781995,0.4617660800498365
1633,0.8924742937088013,0.8428949691085613,0.45939982347749336,0.4629600789077506
1634,0.878444492816925,0.8411297440423654,0.46072374227714036,0.4619218190313035
1635,0.9013592600822449,0.8411297440423654,0.4585172109443954,0.4613507760992576
1636,0.9456034898757935,0.8446601941747572,0.45984112974404234,0.4598452992784094
1637,0.899813175201416,0.8455428067078552,0.4616063548102383,0.4583398224575611
1638,0.8910940289497375,0.8499558693733451,0.4651368049426302,0.4610392981363235
1639,0.8985171318054199,0.8543689320388349,0.46646072374227715,0.4635311218397965
1640,0.8853044509887695,0.8490732568402471,0.470432480141218,0.464777033691533
1641,0.9252547025680542,0.8473080317740512,0.46646072374227715,0.46441364273477653
1642,0.8758296966552734,0.8455428067078552,0.4646954986760812,0.4610912111301459
1643,0.933380663394928,0.8481906443071492,0.46646072374227715,0.45922234335254114
1644,0.9262619614601135,0.8508384819064431,0.45984112974404234,0.4598452992784094
1645,0.9005815386772156,0.8570167696381289,0.4602824360105914,0.4592742563463635
1646,0.8684971928596497,0.8570167696381289,0.4602824360105914,0.46290816591392825
1647,0.9283589720726013,0.8508384819064431,0.46822594880847307,0.46228520998806
1648,0.9734022617340088,0.8481906443071492,0.4655781112091792,0.4602606032289882
1649,0.8816419839859009,0.8455428067078552,0.4624889673433363,0.4575092145564035
1650,0.9033488035202026,0.8490732568402471,0.46866725507502205,0.45932616934018583
1651,0.9991590976715088,0.8508384819064431,0.4735216240070609,0.4628562529201059
1652,0.8988515734672546,0.8499558693733451,0.4744042365401589,0.4645174687224212
1653,0.9100856781005859,0.8570167696381289,0.4677846425419241,0.4638425998027306
1654,0.9435259699821472,0.8667255075022066,0.470432480141218,0.4624409489695271
1655,0.8789193630218506,0.8640776699029126,0.4638128861429832,0.46166225406219175
1656,0.8648042678833008,0.8587819947043248,0.46601941747572817,0.46368686082126354
1657,0.871404230594635,0.8570167696381289,0.4744042365401589,0.468151378289986
1658,0.9470962285995483,0.8543689320388349,0.47396293027360986,0.46841094325909777
1659,0.909623384475708,0.852603706972639,0.471315092674316,0.4683590302652754
1660,0.8967767953872681,0.853486319505737,0.4726390114739629,0.46877433421585424
1661,0.8630545735359192,0.8508384819064431,0.46690203000882613,0.464777033691533
1662,0.901405930519104,0.8455428067078552,0.46690203000882613,0.46301199190157294
1663,0.9224721193313599,0.8358340688437775,0.46601941747572817,0.4632196438768624
1664,0.9474201202392578,0.8384819064430715,0.4655781112091792,0.4637906868089083
1665,0.9405140280723572,0.8349514563106796,0.4642541924095322,0.4648808596791777
1666,0.9799912571907043,0.8358340688437775,0.46646072374227715,0.4670612054197166
1667,0.9480376839637756,0.8384819064430715,0.470873786407767,0.46617868452473654
1668,0.943740963935852,0.8349514563106796,0.46999117387466904,0.46581529356798007
1669,0.9751299619674683,0.8384819064430715,0.46646072374227715,0.4657633805741577
1670,0.9204843044281006,0.8384819064430715,0.46646072374227715,0.4643617297409542
1671,0.9782695174217224,0.8437775816416593,0.470432480141218,0.4663344235062036
1672,0.9299598932266235,0.8402471315092674,0.471315092674316,0.46685355344442714
1673,0.9985894560813904,0.8331862312444837,0.46601941747572817,0.46960494211701187
1674,0.975534200668335,0.8305383936451898,0.46646072374227715,0.46861859523438715
1675,0.9459736943244934,0.8314210061782877,0.4673433362753751,0.46628251051238123
1676,0.9969713091850281,0.8314210061782877,0.4638128861429832,0.46373877381508594
1677,0.9134889841079712,0.8340688437775816,0.46116504854368934,0.46077973316721177
1678,0.8869595527648926,0.8402471315092674,0.45984112974404234,0.4596895602969423
1679,0.9973819255828857,0.8411297440423654,0.4642541924095322,0.4601567772413435
1680,0.9468876719474792,0.8367166813768756,0.46954986760812,0.4628562529201059
1681,0.9238768219947815,0.8384819064430715,0.47396293027360986,0.46550381560504595
1682,0.9752041101455688,0.8384819064430715,0.47793468667255073,0.4638425998027306
1683,0.9526638984680176,0.8349514563106796,0.47572815533980584,0.4658672065618024
1684,0.9444292187690735,0.8411297440423654,0.46954986760812,0.46508851165446713
1685,0.9478951692581177,0.8437775816416593,0.45984112974404234,0.46046825520427764
1686,0.9562546610832214,0.8446601941747572,0.4616063548102383,0.45776877952551526
1687,0.9087359309196472,0.8393645189761695,0.4624889673433363,0.45844364844520585
1688,0.9476172924041748,0.8402471315092674,0.4642541924095322,0.45989721227223174
1689,0.9268000721931458,0.855251544571933,0.46690203000882613,0.4598452992784094
1690,0.9137660264968872,0.8570167696381289,0.46822594880847307,0.4606239941857447
1691,0.966545820236206,0.853486319505737,0.46999117387466904,0.46337538285832947
1692,0.9411032795906067,0.8490732568402471,0.4744042365401589,0.4673207703888283
1693,0.8637820482254028,0.8455428067078552,0.4801412180052957,0.4700721590614131
1694,0.8578428030014038,0.8464254192409533,0.48058252427184467,0.4703836370243472
1695,0.9600351452827454,0.8570167696381289,0.48455428067078554,0.4705912889996366
1696,0.9027949571609497,0.8587819947043248,0.4783759929390997,0.4693972901417225
1697,0.9398276209831238,0.853486319505737,0.4796999117387467,0.4660229455432695
1698,0.8921460509300232,0.851721094439541,0.47925860547219773,0.4642059907594871
1699,0.9169992804527283,0.8490732568402471,0.4788172992056487,0.4676322483517624
1700,0.8972100615501404,0.8473080317740512,0.48278905560458957,0.4719410268390178
1701,0.9162698984146118,0.8393645189761695,0.4823477493380406,0.47178528785755075
1702,0.9400497078895569,0.8402471315092674,0.4819064430714916,0.47246015677724135
1703,0.869268000125885,0.8446601941747572,0.47572815533980584,0.4666978144629601
1704,0.9108477234840393,0.8428949691085613,0.4677846425419241,0.4639464257903753
1705,0.9200553894042969,0.8446601941747572,0.4642541924095322,0.46337538285832947
1706,0.9296525716781616,0.851721094439541,0.46646072374227715,0.46456938171624357
1707,0.8985564708709717,0.8667255075022066,0.4730803177405119,0.4651404246482895
1708,0.8824465870857239,0.8596646072374228,0.47528684907325686,0.4639464257903753
1709,0.8389193415641785,0.8587819947043248,0.471315092674316,0.46166225406219175
1710,0.8627738952636719,0.8499558693733451,0.4620476610767873,0.4576649535378705
1711,0.874294638633728,0.8499558693733451,0.4602824360105914,0.4580802574884494
1712,0.8972415924072266,0.8411297440423654,0.4651368049426302,0.4607278201733894
1713,0.935028612613678,0.8367166813768756,0.4642541924095322,0.46358303483361885
1714,0.8742062449455261,0.8428949691085613,0.4735216240070609,0.4657633805741577
1715,0.9096382260322571,0.8455428067078552,0.4744042365401589,0.4664382494938483
1716,0.8950502872467041,0.8393645189761695,0.470432480141218,0.4615065150807247
1717,0.839137613773346,0.8455428067078552,0.46866725507502205,0.4610912111301459
1718,0.9231706857681274,0.8464254192409533,0.46822594880847307,0.46472512069771066
1719,0.9170977473258972,0.8473080317740512,0.4651368049426302,0.46264860094481647
1720,0.9594319462776184,0.8428949691085613,0.4735216240070609,0.4638425998027306
1721,0.9256737232208252,0.8428949691085613,0.4819064430714916,0.466542075481493
1722,0.9326269030570984,0.8367166813768756,0.4748455428067079,0.46472512069771066
1723,0.9026272892951965,0.8446601941747572,0.471315092674316,0.4637906868089083
1724,0.9049872756004333,0.8402471315092674,0.46954986760812,0.46280433992628356
1725,0.9281211495399475,0.851721094439541,0.4673433362753751,0.4632196438768624
1726,0.9095945954322815,0.8578993821712269,0.4616063548102383,0.4666459014691377
1727,0.9091446995735168,0.8508384819064431,0.4673433362753751,0.4680475523023413
1728,0.8924359679222107,0.8499558693733451,0.4726390114739629,0.4657114675803354
1729,0.8663257956504822,0.8367166813768756,0.46954986760812,0.46405025177802006
1730,0.8726814985275269,0.8384819064430715,0.47396293027360986,0.4646212947100659
1731,0.9228271842002869,0.8499558693733451,0.471315092674316,0.4646212947100659
1732,0.8952678442001343,0.8508384819064431,0.47219770520741394,0.46467320770388826
1733,0.8747527599334717,0.855251544571933,0.4673433362753751,0.46607485853709185
1734,0.9366450905799866,0.8508384819064431,0.470432480141218,0.46752842236411774
1735,0.8965378403663635,0.851721094439541,0.46646072374227715,0.4660229455432695
1736,0.9136291742324829,0.8499558693733451,0.4624889673433363,0.46155842807454706
1737,0.9371662139892578,0.852603706972639,0.46293027360988526,0.46046825520427764
1738,0.9437997341156006,0.853486319505737,0.46293027360988526,0.45865130042049523
1739,0.9362261891365051,0.8437775816416593,0.46072374227714036,0.4603644292166329
1740,0.8954731225967407,0.8384819064430715,0.4558693733451015,0.4610912111301459
1741,0.903343915939331,0.8490732568402471,0.45984112974404234,0.46399833878419766
1742,0.8968178033828735,0.8543689320388349,0.46293027360988526,0.4645174687224212
1743,0.9046347737312317,0.851721094439541,0.4655781112091792,0.4632196438768624
1744,0.932540237903595,0.8481906443071492,0.4726390114739629,0.46290816591392825
1745,0.8551669716835022,0.8437775816416593,0.470432480141218,0.46389451279655297
1746,0.8632477521896362,0.8428949691085613,0.470432480141218,0.46155842807454706
1747,0.9263128638267517,0.853486319505737,0.4646954986760812,0.4625447749571718
1748,0.898518443107605,0.8640776699029126,0.45939982347749336,0.4587032134143176
1749,0.8680040836334229,0.8596646072374228,0.4616063548102383,0.45673051964906813
1750,0.9913957118988037,0.8578993821712269,0.46116504854368934,0.4582359964699164
1751,0.8461954593658447,0.8587819947043248,0.45984112974404234,0.46171416705601415
1752,0.8891800045967102,0.855251544571933,0.4620476610767873,0.46389451279655297
1753,0.8492841124534607,0.8578993821712269,0.4677846425419241,0.4662305975185589
1754,0.8646687865257263,0.851721094439541,0.4673433362753751,0.4651923376421118
1755,0.8566367030143738,0.851721094439541,0.46822594880847307,0.4637906868089083
1756,0.9230306148529053,0.852603706972639,0.4638128861429832,0.46212947100659296
1757,0.9287055730819702,0.8499558693733451,0.4673433362753751,0.46228520998806
1758,0.8990060091018677,0.8570167696381289,0.46601941747572817,0.4646212947100659
1759,0.8720712661743164,0.855251544571933,0.47528684907325686,0.4697087681046566
1760,0.8976519703865051,0.8490732568402471,0.47749338040600176,0.4700721590614131
1761,0.854440450668335,0.853486319505737,0.4801412180052957,0.47002024606759074
1762,0.8845619559288025,0.8499558693733451,0.4766107678729038,0.46820329128380833
1763,0.9189905524253845,0.8605472197705207,0.4735216240070609,0.4669054664382495
1764,0.9155232310295105,0.8614298323036187,0.46999117387466904,0.4659710325494471
1765,0.8934868574142456,0.8587819947043248,0.470873786407767,0.46695737943207183
1766,0.9044787287712097,0.8561341571050309,0.46822594880847307,0.4676841613455848
1767,0.8924891948699951,0.852603706972639,0.46910856134157103,0.4660229455432695
1768,0.8818608522415161,0.852603706972639,0.4677846425419241,0.46425790375330944
1769,0.8688984513282776,0.8578993821712269,0.46646072374227715,0.4639464257903753
1770,0.8780161142349243,0.8543689320388349,0.46866725507502205,0.46197373202512587
1771,0.8879097104072571,0.8578993821712269,0.46822594880847307,0.4619218190313035
1772,0.8668724894523621,0.8649602824360106,0.4673433362753751,0.4637906868089083
1773,0.888452410697937,0.8605472197705207,0.4616063548102383,0.46228520998806
1774,0.8544884920120239,0.8587819947043248,0.46116504854368934,0.46228520998806
1775,0.9029725790023804,0.8508384819064431,0.46072374227714036,0.46124695011161293
1776,0.8823639750480652,0.8473080317740512,0.46910856134157103,0.4651923376421118
1777,0.9219925403594971,0.8543689320388349,0.47219770520741394,0.46783990032705186
1778,0.8818191885948181,0.8561341571050309,0.46954986760812,0.46539998961740126
1779,0.9415448307991028,0.8570167696381289,0.471315092674316,0.4654519026112236
1780,0.9183680415153503,0.8481906443071492,0.47175639894086496,0.4651923376421118
1781,0.8891778588294983,0.8499558693733451,0.46999117387466904,0.46773607433940717
1782,0.9782465100288391,0.8578993821712269,0.4726390114739629,0.4698125940923013
1783,0.9260300397872925,0.8614298323036187,0.47572815533980584,0.4697087681046566
1784,0.8901663422584534,0.8667255075022066,0.4730803177405119,0.4676841613455848
1785,0.8477718830108643,0.855251544571933,0.471315092674316,0.46373877381508594
1786,0.8442507982254028,0.8605472197705207,0.4651368049426302,0.4600010382598764
1787,0.9260428547859192,0.8667255075022066,0.46866725507502205,0.4584955614390282
1788,0.9391834735870361,0.8684907325684025,0.4616063548102383,0.45771686653169286
1789,0.9194759130477905,0.8614298323036187,0.46822594880847307,0.457145823599647
1790,0.911517858505249,0.8623124448367167,0.46866725507502205,0.45730156258111404
1791,0.8671369552612305,0.8508384819064431,0.4673433362753751,0.45678243264289053
1792,0.8854224681854248,0.851721094439541,0.46822594880847307,0.45584799875408816
1793,0.8667489886283875,0.8543689320388349,0.4638128861429832,0.45776877952551526
1794,0.8946974277496338,0.8631950573698146,0.46337157987643424,0.45844364844520585
1795,0.8757085204124451,0.8587819947043248,0.46910856134157103,0.45911851736489645
1796,0.9326861500740051,0.855251544571933,0.47175639894086496,0.4603644292166329
1797,0.862797737121582,0.851721094439541,0.4761694616063548,0.46228520998806
1798,0.8997719883918762,0.853486319505737,0.4748455428067079,0.46405025177802006
1799,0.8955206871032715,0.853486319505737,0.470432480141218,0.46441364273477653
1800,0.8530294895172119,0.8587819947043248,0.46866725507502205,0.46649016248767067
1801,0.8209347724914551,0.8623124448367167,0.4748455428067079,0.4668016404506048
1802,0.8869839310646057,0.8676081200353045,0.4783759929390997,0.4666459014691377
1803,0.885320246219635,0.8623124448367167,0.4726390114739629,0.4679956393085189
1804,0.8894860148429871,0.852603706972639,0.47175639894086496,0.4700721590614131
1805,0.8635355234146118,0.8499558693733451,0.4744042365401589,0.4707470279811037
1806,0.8368480205535889,0.853486319505737,0.46999117387466904,0.47136998390697193
1807,0.9360414147377014,0.8473080317740512,0.471315092674316,0.47136998390697193
1808,0.8852247595787048,0.8464254192409533,0.471315092674316,0.46851476924674246
1809,0.9229636192321777,0.8473080317740512,0.46954986760812,0.4660229455432695
1810,0.9235050082206726,0.855251544571933,0.4730803177405119,0.4675803353579401
1811,0.8938418030738831,0.8640776699029126,0.4770520741394528,0.4717333748637284
1812,0.9108248949050903,0.853486319505737,0.4770520741394528,0.4739656335980896
1813,0.9144823551177979,0.8393645189761695,0.48631950573698146,0.4745885895239578
1814,0.9523190855979919,0.8587819947043248,0.48323036187113855,0.47136998390697193
1815,0.9054891467094421,0.8623124448367167,0.4744042365401589,0.4696568551108342
1816,0.9038480520248413,0.8658428949691086,0.4730803177405119,0.4676841613455848
1817,0.8666446805000305,0.8587819947043248,0.4730803177405119,0.4707470279811037
1818,0.8701820969581604,0.8473080317740512,0.4783759929390997,0.47422519856720136
1819,0.8673328161239624,0.8490732568402471,0.4788172992056487,0.4753153714374708
1820,0.8787453174591064,0.8614298323036187,0.4783759929390997,0.47313502569693194
1821,0.8871527314186096,0.8543689320388349,0.4823477493380406,0.46986450708612365
1822,0.8623283505439758,0.8446601941747572,0.4872021182700794,0.47220059180812957
1823,0.9319800138473511,0.8420123565754634,0.4849955869373345,0.4740694595857343
1824,0.9385655522346497,0.8437775816416593,0.4788172992056487,0.47505580646835904
1825,0.8506002426147461,0.8393645189761695,0.4726390114739629,0.4746924155116026
1826,0.9289925694465637,0.8543689320388349,0.47528684907325686,0.4744328505424908
1827,0.9324495196342468,0.8623124448367167,0.4766107678729038,0.47069511498728134
1828,0.9091945290565491,0.8561341571050309,0.4761694616063548,0.4666459014691377
1829,0.9241923689842224,0.8499558693733451,0.47396293027360986,0.46534807662357885
1830,0.9276009798049927,0.8570167696381289,0.47219770520741394,0.4680475523023413
1831,0.9628878235816956,0.852603706972639,0.4766107678729038,0.4720967658204849
1832,0.8945328593254089,0.8473080317740512,0.4735216240070609,0.4733426776722214
1833,0.9096693396568298,0.8473080317740512,0.47925860547219773,0.47380989461662254
1834,0.9163979887962341,0.8481906443071492,0.47749338040600176,0.47027981103670247
1835,0.8884424567222595,0.851721094439541,0.4766107678729038,0.46742459637647304
1836,0.9073361158370972,0.851721094439541,0.47219770520741394,0.47121424492550484
1837,0.9256902933120728,0.8428949691085613,0.4735216240070609,0.4734984166536884
1838,0.9020758271217346,0.8464254192409533,0.470432480141218,0.47438093754866845
1839,0.8971776366233826,0.853486319505737,0.4735216240070609,0.4744328505424908
1840,0.8618411421775818,0.8578993821712269,0.4735216240070609,0.4729273737216425
1841,0.8689727187156677,0.8561341571050309,0.46866725507502205,0.47235633078959666
1842,0.9043466448783875,0.851721094439541,0.4801412180052957,0.47246015677724135
1843,0.8931029438972473,0.8428949691085613,0.4819064430714916,0.4710585059440378
1844,0.8514381647109985,0.8428949691085613,0.48323036187113855,0.47111041893786015
1845,0.910638689994812,0.8428949691085613,0.4770520741394528,0.4704874630119919
1846,0.8601861000061035,0.8543689320388349,0.4730803177405119,0.4678918133208742
1847,0.8758265972137451,0.8631950573698146,0.4646954986760812,0.46358303483361885
1848,0.8952415585517883,0.8570167696381289,0.46337157987643424,0.45979338628458705
1849,0.9006491899490356,0.8481906443071492,0.46910856134157103,0.4624409489695271
1850,0.8765532374382019,0.8499558693733451,0.4730803177405119,0.4650365986606448
1851,0.8568533062934875,0.8464254192409533,0.46910856134157103,0.4673726833826507
1852,0.8242931962013245,0.8490732568402471,0.46690203000882613,0.46534807662357885
1853,0.9061957001686096,0.8481906443071492,0.4651368049426302,0.46197373202512587
1854,0.8903352618217468,0.8437775816416593,0.46601941747572817,0.45745730156258113
1855,0.9084072113037109,0.8428949691085613,0.46072374227714036,0.4554846077973317
1856,0.8948377370834351,0.851721094439541,0.4616063548102383,0.45719773659346935
1857,0.9148440361022949,0.8473080317740512,0.4677846425419241,0.4603644292166329
1858,0.9703900218009949,0.852603706972639,0.470873786407767,0.46415407776566475
1859,0.8918633460998535,0.855251544571933,0.4638128861429832,0.4612988631054353
1860,0.8351026177406311,0.8543689320388349,0.4620476610767873,0.4615065150807247
1861,0.8719572424888611,0.8561341571050309,0.4589585172109444,0.4641021647718424
1862,0.9119784832000732,0.8587819947043248,0.46293027360988526,0.4677879873332295
1863,0.9107499122619629,0.8570167696381289,0.4726390114739629,0.4729792867154649
1864,0.8443912863731384,0.8605472197705207,0.4726390114739629,0.4734984166536884
1865,0.9191994667053223,0.8605472197705207,0.47175639894086496,0.47246015677724135
1866,0.8724987506866455,0.855251544571933,0.470432480141218,0.47162954887608366
1867,0.8782164454460144,0.8570167696381289,0.4726390114739629,0.4705912889996366
1868,0.9591227173805237,0.8508384819064431,0.4748455428067079,0.46851476924674246
1869,0.8874161839485168,0.8411297440423654,0.471315092674316,0.4676322483517624
1870,0.9063488245010376,0.8464254192409533,0.46999117387466904,0.4676841613455848
1871,0.866386890411377,0.8446601941747572,0.470873786407767,0.46929346415407774
1872,0.9262822270393372,0.8464254192409533,0.4651368049426302,0.46716503140736126
1873,0.8815596103668213,0.8428949691085613,0.46337157987643424,0.4651923376421118
1874,1.0037169456481934,0.8367166813768756,0.46337157987643424,0.4659710325494471
1875,0.9054810404777527,0.8420123565754634,0.4558693733451015,0.46539998961740126
1876,0.8930684924125671,0.8402471315092674,0.46072374227714036,0.4660229455432695
1877,0.8897984027862549,0.8411297440423654,0.46601941747572817,0.4651923376421118
1878,0.9132907390594482,0.8455428067078552,0.46646072374227715,0.46467320770388826
1879,0.8935885429382324,0.8446601941747572,0.46690203000882613,0.46228520998806
1880,0.873774528503418,0.8437775816416593,0.4624889673433363,0.4603644292166329
1881,0.8932373523712158,0.8499558693733451,0.4558693733451015,0.4542386959455952
1882,0.9142835736274719,0.8499558693733451,0.4549867608120035,0.45429060893941753
1883,0.8943896889686584,0.8561341571050309,0.45984112974404234,0.45787260551315995
1884,0.8614544868469238,0.8596646072374228,0.46337157987643424,0.4628562529201059
1885,0.9171645641326904,0.851721094439541,0.470432480141218,0.46700929242589423
1886,0.8624550104141235,0.853486319505737,0.47175639894086496,0.46809946529616364
1887,0.9330841302871704,0.8446601941747572,0.47219770520741394,0.46841094325909777
1888,0.8853403329849243,0.8561341571050309,0.471315092674316,0.4672169444011836
1889,0.8939191699028015,0.8614298323036187,0.4748455428067079,0.46301199190157294
1890,0.8999919295310974,0.8508384819064431,0.470873786407767,0.4648808596791777
1891,0.9258074164390564,0.8331862312444837,0.46910856134157103,0.46441364273477653
1892,0.8963149785995483,0.8287731685789939,0.46910856134157103,0.46628251051238123
1893,0.8969265818595886,0.8349514563106796,0.4655781112091792,0.46794372631469655
1894,0.8855023384094238,0.8411297440423654,0.46822594880847307,0.46415407776566475
1895,0.936154842376709,0.8464254192409533,0.4602824360105914,0.46171416705601415
1896,0.8930409550666809,0.8570167696381289,0.46293027360988526,0.46197373202512587
1897,0.8667169809341431,0.8499558693733451,0.45939982347749336,0.4599491252660541
1898,0.8930885791778564,0.8473080317740512,0.45410414827890555,0.45610756372319994
1899,0.9176571369171143,0.8473080317740512,0.45454545454545453,0.45704199761200226
1900,0.922528862953186,0.852603706972639,0.45939982347749336,0.4619218190313035
1901,0.9209651350975037,0.855251544571933,0.45763459841129744,0.46306390489539534
1902,0.9318587183952332,0.8596646072374228,0.4646954986760812,0.4659710325494471
1903,0.9442728161811829,0.8543689320388349,0.46116504854368934,0.4646212947100659
1904,0.9294286966323853,0.8446601941747572,0.4638128861429832,0.46114312412396824
1905,0.9617865085601807,0.8420123565754634,0.46646072374227715,0.4631158178892177
1906,0.9370477199554443,0.8428949691085613,0.46910856134157103,0.4664382494938483
1907,0.8948404788970947,0.8331862312444837,0.4642541924095322,0.4668016404506048
1908,0.9633395671844482,0.8393645189761695,0.4655781112091792,0.47064320199345894
1909,0.9666076898574829,0.8499558693733451,0.4770520741394528,0.4695011161293672
1910,0.9332795739173889,0.8446601941747572,0.47219770520741394,0.46238903597570474
1911,0.9967490434646606,0.852603706972639,0.47793468667255073,0.4652961636297565
1912,0.9650927186012268,0.8481906443071492,0.48631950573698146,0.47188911384519544
1913,0.9498170614242554,0.8384819064430715,0.47572815533980584,0.47355032964751076
1914,0.9209368824958801,0.8402471315092674,0.46822594880847307,0.4711623319316825
1915,0.964653491973877,0.851721094439541,0.4766107678729038,0.47043555001816956
1916,0.9394798278808594,0.853486319505737,0.48102383053839365,0.4668016404506048
1917,0.9488036036491394,0.8499558693733451,0.4744042365401589,0.45979338628458705
1918,0.9291055798530579,0.8561341571050309,0.4735216240070609,0.4608316461610341
1919,0.881438672542572,0.852603706972639,0.4735216240070609,0.4664382494938483
1920,0.9172208309173584,0.8446601941747572,0.4783759929390997,0.46877433421585424
1921,0.9539985656738281,0.8481906443071492,0.48146513680494263,0.4709027669625707
1922,0.953534722328186,0.8490732568402471,0.4796999117387467,0.47256398276488604
1923,0.9567769765853882,0.8464254192409533,0.47793468667255073,0.469033899184966
1924,0.9416313171386719,0.8455428067078552,0.47749338040600176,0.4689300731973213
1925,0.9125747084617615,0.8437775816416593,0.4761694616063548,0.4674765093702954
1926,0.9243419170379639,0.8428949691085613,0.471315092674316,0.46425790375330944
1927,0.9853653311729431,0.851721094439541,0.4730803177405119,0.4696568551108342
1928,0.8741353154182434,0.8614298323036187,0.47219770520741394,0.46809946529616364
1929,0.9209262132644653,0.8596646072374228,0.4677846425419241,0.4678918133208742
1930,0.8721652030944824,0.8623124448367167,0.4620476610767873,0.46560764159269064
1931,0.9099600315093994,0.8543689320388349,0.46293027360988526,0.46389451279655297
1932,0.9542224407196045,0.8490732568402471,0.46646072374227715,0.4631158178892177
1933,0.9000822305679321,0.8499558693733451,0.4624889673433363,0.46077973316721177
1934,0.8669820427894592,0.8596646072374228,0.4655781112091792,0.45875512640814
1935,0.9511854648590088,0.8605472197705207,0.471315092674316,0.4611950371177906
1936,0.8986928462982178,0.8649602824360106,0.4735216240070609,0.4658672065618024
1937,0.9102575182914734,0.8596646072374228,0.47396293027360986,0.4696568551108342
1938,0.8957342505455017,0.851721094439541,0.47925860547219773,0.47235633078959666
1939,0.9150897860527039,0.8596646072374228,0.48455428067078554,0.47287546072782016
1940,0.9211180210113525,0.8543689320388349,0.48102383053839365,0.4688262472096766
1941,0.9288978576660156,0.8473080317740512,0.48455428067078554,0.4659710325494471
1942,0.9321854710578918,0.851721094439541,0.4801412180052957,0.4670612054197166
1943,0.8971422910690308,0.8481906443071492,0.4819064430714916,0.469033899184966
1944,0.9051150679588318,0.8499558693733451,0.4770520741394528,0.4692415511602554
1945,0.9091088771820068,0.8455428067078552,0.4761694616063548,0.4660229455432695
1946,0.9204810261726379,0.851721094439541,0.47396293027360986,0.4642059907594871
1947,0.9294666051864624,0.852603706972639,0.46954986760812,0.46212947100659296
1948,0.9039707183837891,0.8464254192409533,0.471315092674316,0.466542075481493
1949,0.9042428135871887,0.8340688437775816,0.4744042365401589,0.4720967658204849
1950,0.8954625725746155,0.8278905560458959,0.4770520741394528,0.473290764678399
1951,0.941349983215332,0.8384819064430715,0.47528684907325686,0.4709027669625707
1952,0.8958305716514587,0.8428949691085613,0.470873786407767,0.468307117271453
1953,0.8593809008598328,0.852603706972639,0.4673433362753751,0.46482894668535535
1954,0.887963593006134,0.855251544571933,0.4646954986760812,0.4635311218397965
1955,0.905170738697052,0.8623124448367167,0.46337157987643424,0.46742459637647304
1956,0.9109225273132324,0.8605472197705207,0.4673433362753751,0.4703836370243472
1957,0.8460656404495239,0.8596646072374228,0.4748455428067079,0.4693972901417225
1958,0.8606938719749451,0.8543689320388349,0.470873786407767,0.4666459014691377
1959,0.8261427879333496,0.8508384819064431,0.470432480141218,0.46358303483361885
1960,0.866313099861145,0.8473080317740512,0.46999117387466904,0.46607485853709185
1961,0.891015887260437,0.852603706972639,0.4677846425419241,0.4675803353579401
1962,0.922536313533783,0.8561341571050309,0.46866725507502205,0.4670612054197166
1963,0.866490364074707,0.855251544571933,0.4677846425419241,0.46415407776566475
1964,0.8837175965309143,0.8570167696381289,0.46601941747572817,0.46031251622281055
1965,0.9341835379600525,0.8561341571050309,0.46646072374227715,0.46171416705601415
1966,0.9104592204093933,0.8587819947043248,0.46954986760812,0.46368686082126354
1967,0.9242327809333801,0.8543689320388349,0.4677846425419241,0.4646212947100659
1968,0.9059966206550598,0.855251544571933,0.46866725507502205,0.466386336500026
1969,0.8765572905540466,0.8543689320388349,0.46822594880847307,0.46809946529616364
1970,0.8895227313041687,0.851721094439541,0.46690203000882613,0.4707470279811037
1971,0.890752375125885,0.8481906443071492,0.4651368049426302,0.47079894097492603
1972,0.8319399952888489,0.8428949691085613,0.46999117387466904,0.47027981103670247
1973,0.8489492535591125,0.8446601941747572,0.47175639894086496,0.46742459637647304
1974,0.9417391419410706,0.8490732568402471,0.4726390114739629,0.4670612054197166
1975,0.9257233142852783,0.8508384819064431,0.46690203000882613,0.4674765093702954
1976,0.9063630104064941,0.8508384819064431,0.470432480141218,0.4679956393085189
1977,0.9198958277702332,0.8508384819064431,0.46866725507502205,0.47152572288843897
1978,0.8923829793930054,0.8428949691085613,0.4677846425419241,0.4730831127031096
1979,0.95280921459198,0.8358340688437775,0.4589585172109444,0.4662305975185589
1980,0.9648026823997498,0.8420123565754634,0.4585172109443954,0.46124695011161293
1981,0.9443328976631165,0.8481906443071492,0.45189761694616065,0.4591704303587188
1982,0.8677248954772949,0.852603706972639,0.4567519858781995,0.4593780823340082
1983,0.9256650805473328,0.855251544571933,0.4563106796116505,0.46316773088304003
1984,0.8834449648857117,0.8543689320388349,0.4554280670785525,0.46581529356798007
1985,0.8668215274810791,0.8508384819064431,0.4558693733451015,0.46508851165446713
1986,0.8862549066543579,0.8499558693733451,0.4589585172109444,0.4639464257903753
1987,0.8694135546684265,0.8473080317740512,0.4563106796116505,0.46020869023516586
1988,0.9840155839920044,0.8508384819064431,0.4558693733451015,0.4575611275502258
1989,0.9035531282424927,0.8473080317740512,0.4558693733451015,0.45745730156258113
1990,0.9337084889411926,0.8384819064430715,0.45145631067961167,0.45797643150080464
1991,0.925298810005188,0.8499558693733451,0.45189761694616065,0.458910865389607
1992,0.9569509029388428,0.8543689320388349,0.45763459841129744,0.4624409489695271
1993,0.9947860836982727,0.8499558693733451,0.46646072374227715,0.4661267715309142
1994,0.9367560744285583,0.8464254192409533,0.47175639894086496,0.4700721590614131
1995,0.8956596255302429,0.8393645189761695,0.48058252427184467,0.47235633078959666
1996,0.9577476978302002,0.8420123565754634,0.4766107678729038,0.46929346415407774
1997,0.9600130915641785,0.8340688437775816,0.4730803177405119,0.4688262472096766
1998,0.9113559722900391,0.8270079435127978,0.46822594880847307,0.4655557285988683
1999,0.9637227058410645,0.8252427184466019,0.46954986760812,0.468307117271453
2000,0.9321670532226562,0.8270079435127978,0.46690203000882613,0.4689300731973213
2001,0.9428091645240784,0.8252427184466019,0.470873786407767,0.4685666822405648
2002,0.9572361707687378,0.8331862312444837,0.4651368049426302,0.4672169444011836
2003,0.9405966997146606,0.8464254192409533,0.46293027360988526,0.4638425998027306
2004,0.9171020984649658,0.8490732568402471,0.46293027360988526,0.46280433992628356
2005,0.9469055533409119,0.8543689320388349,0.4638128861429832,0.464777033691533
2006,0.9987277984619141,0.851721094439541,0.4651368049426302,0.4661267715309142
2007,0.938181459903717,0.8455428067078552,0.4616063548102383,0.46851476924674246
2008,0.9558271169662476,0.8420123565754634,0.46601941747572817,0.47002024606759074
2009,0.9561800956726074,0.851721094439541,0.4655781112091792,0.47002024606759074
2010,0.9315340518951416,0.853486319505737,0.4730803177405119,0.46467320770388826
2011,0.9442141056060791,0.8464254192409533,0.4726390114739629,0.46332346986450706
2012,0.9122203588485718,0.8446601941747572,0.471315092674316,0.46301199190157294
2013,0.8965865969657898,0.8384819064430715,0.46910856134157103,0.4636349478274412
2014,0.9815019965171814,0.8384819064430715,0.4642541924095322,0.4627524269324612
2015,0.9211670160293579,0.8464254192409533,0.4585172109443954,0.460675907179567
2016,0.9192216396331787,0.853486319505737,0.45763459841129744,0.4590666043710741
2017,0.9011915922164917,0.8543689320388349,0.4563106796116505,0.458910865389607
2018,0.9458820223808289,0.8570167696381289,0.46337157987643424,0.4619218190313035
2019,0.8651456832885742,0.8490732568402471,0.46866725507502205,0.46373877381508594
2020,0.9044057130813599,0.8437775816416593,0.4726390114739629,0.4661267715309142
2021,0.9217649102210999,0.8561341571050309,0.4726390114739629,0.46581529356798007
2022,0.8874619603157043,0.8570167696381289,0.47219770520741394,0.46306390489539534
2023,0.9007672667503357,0.852603706972639,0.4673433362753751,0.4625447749571718
2024,0.8922165632247925,0.852603706972639,0.4677846425419241,0.4629600789077506
2025,0.9016358852386475,0.8587819947043248,0.46910856134157103,0.46405025177802006
2026,0.9252438545227051,0.8640776699029126,0.470873786407767,0.46415407776566475
2027,0.8753843903541565,0.8667255075022066,0.4726390114739629,0.4615065150807247
2028,0.8817926049232483,0.8640776699029126,0.46822594880847307,0.4621813840004153
2029,0.9098391532897949,0.8640776699029126,0.46866725507502205,0.46441364273477653
2030,0.907958447933197,0.8570167696381289,0.471315092674316,0.46659398847531536
2031,0.8984794616699219,0.8455428067078552,0.46910856134157103,0.4657114675803354
2032,0.8525034785270691,0.8464254192409533,0.46690203000882613,0.46212947100659296
2033,0.9056998491287231,0.8578993821712269,0.4642541924095322,0.4594819083216529
2034,0.9050846695899963,0.8667255075022066,0.4563106796116505,0.46020869023516586
2035,0.9476642608642578,0.8481906443071492,0.45366284201235657,0.44956652650158335
2036,0.9106931090354919,0.8570167696381289,0.4527802294792586,0.4548097388776411
2037,0.8661272525787354,0.8561341571050309,0.46954986760812,0.46508851165446713
2038,0.9030616283416748,0.8393645189761695,0.4655781112091792,0.46867050822820955
2039,0.9235759973526001,0.8473080317740512,0.46337157987643424,0.46726885739500595
2040,0.892643928527832,0.8578993821712269,0.4677846425419241,0.46649016248767067
2041,0.9263321161270142,0.8631950573698146,0.4589585172109444,0.46358303483361885
2042,0.8748713731765747,0.8649602824360106,0.4580759046778464,0.46332346986450706
2043,0.8247582316398621,0.8578993821712269,0.4638128861429832,0.4643617297409542
2044,0.8606609106063843,0.8596646072374228,0.4677846425419241,0.4642059907594871
2045,0.8554655313491821,0.8605472197705207,0.4638128861429832,0.46456938171624357
2046,0.8825955986976624,0.8578993821712269,0.4620476610767873,0.4617660800498365
2047,0.8153092861175537,0.8561341571050309,0.46072374227714036,0.45854747443285054
2048,0.8573324680328369,0.8623124448367167,0.46337157987643424,0.45979338628458705
2049,0.8421366214752197,0.8676081200353045,0.4655781112091792,0.4632196438768624
2050,0.8747790455818176,0.8693733451015004,0.46954986760812,0.4642059907594871
2051,0.8491811156272888,0.8570167696381289,0.4748455428067079,0.4610912111301459
2052,0.853325605392456,0.852603706972639,0.47175639894086496,0.4601567772413435
2053,0.8757907152175903,0.852603706972639,0.4726390114739629,0.46249286196334943
2054,0.8556672930717468,0.8561341571050309,0.46910856134157103,0.46171416705601415
2055,0.8598017692565918,0.8631950573698146,0.4655781112091792,0.45896277838342936
2056,0.8490497469902039,0.8578993821712269,0.4673433362753751,0.4583398224575611
2057,0.8718398213386536,0.8499558693733451,0.4602824360105914,0.4584955614390282
2058,0.88453209400177,0.8587819947043248,0.4616063548102383,0.45865130042049523
2059,0.8798373341560364,0.8640776699029126,0.46293027360988526,0.45875512640814
2060,0.8721768856048584,0.8711385701676964,0.46337157987643424,0.4609354721486788
2061,0.8425386548042297,0.8729037952338923,0.4624889673433363,0.46233712298188234
2062,0.8598236441612244,0.8781994704324801,0.46072374227714036,0.46591911955562476
2063,0.8519278764724731,0.8781994704324801,0.46866725507502205,0.46472512069771066
2064,0.8319141268730164,0.8755516328331863,0.470873786407767,0.4658672065618024
2065,0.879826009273529,0.8746690203000883,0.4744042365401589,0.46700929242589423
2066,0.8354955911636353,0.8720211827007943,0.4748455428067079,0.46976068109847896
2067,0.8713129162788391,0.8684907325684025,0.4735216240070609,0.47235633078959666
2068,0.8551180362701416,0.8614298323036187,0.47528684907325686,0.4739656335980896
2069,0.8568609952926636,0.8614298323036187,0.4761694616063548,0.4755230234127602
2070,0.8798681497573853,0.8667255075022066,0.47925860547219773,0.47344650365986607
2071,0.821459174156189,0.8711385701676964,0.4770520741394528,0.4729273737216425
2072,0.8243167400360107,0.8720211827007943,0.4735216240070609,0.46851476924674246
2073,0.8427194952964783,0.8764342453662842,0.471315092674316,0.46591911955562476
2074,0.8456906080245972,0.8711385701676964,0.46116504854368934,0.4632715568706847
2075,0.8196412920951843,0.8764342453662842,0.4651368049426302,0.4615065150807247
2076,0.8879356384277344,0.8737864077669902,0.4651368049426302,0.46046825520427764
2077,0.8634342551231384,0.8773168578993822,0.45984112974404234,0.4615065150807247
2078,0.8818774223327637,0.8702559576345984,0.4624889673433363,0.46223329699423765
2079,0.8753975629806519,0.8561341571050309,0.4642541924095322,0.4643098167471318
2080,0.8456552624702454,0.851721094439541,0.46822594880847307,0.46249286196334943
2081,0.8611064553260803,0.852603706972639,0.46866725507502205,0.46332346986450706
2082,0.8529708385467529,0.852603706972639,0.4655781112091792,0.46233712298188234
2083,0.760739266872406,0.8587819947043248,0.4673433362753751,0.46280433992628356
2084,0.8518446087837219,0.8623124448367167,0.46910856134157103,0.4652961636297565
2085,0.8495310544967651,0.8605472197705207,0.47396293027360986,0.4684628562529201
2086,0.8337777256965637,0.8640776699029126,0.47396293027360986,0.4711623319316825
2087,0.8966078162193298,0.8578993821712269,0.471315092674316,0.4734984166536884
2088,0.9313880801200867,0.8490732568402471,0.4638128861429832,0.4720967658204849
2089,0.9265936017036438,0.8464254192409533,0.46822594880847307,0.4703836370243472
2090,0.887385368347168,0.8508384819064431,0.4638128861429832,0.46861859523438715
2091,0.9273340106010437,0.8570167696381289,0.46822594880847307,0.4672169444011836
2092,0.8962849378585815,0.8587819947043248,0.46646072374227715,0.46368686082126354
2093,0.8969373106956482,0.8587819947043248,0.4624889673433363,0.4612988631054353
2094,0.890514075756073,0.8605472197705207,0.4638128861429832,0.46155842807454706
2095,0.8518950939178467,0.8623124448367167,0.47219770520741394,0.46607485853709185
2096,0.8793278336524963,0.8587819947043248,0.4730803177405119,0.46456938171624357
2097,0.849389910697937,0.8614298323036187,0.47572815533980584,0.4617660800498365
2098,0.9605056643486023,0.8658428949691086,0.471315092674316,0.46155842807454706
2099,0.8867034912109375,0.8570167696381289,0.4726390114739629,0.4590666043710741
2100,0.8852086067199707,0.853486319505737,0.47572815533980584,0.45963764730311996
2101,0.8923848271369934,0.8578993821712269,0.4770520741394528,0.4619218190313035
2102,0.8271648287773132,0.855251544571933,0.4730803177405119,0.46373877381508594
2103,0.8698022961616516,0.851721094439541,0.4730803177405119,0.4657114675803354
2104,0.798075258731842,0.8499558693733451,0.47175639894086496,0.4677879873332295
2105,0.850260853767395,0.8543689320388349,0.47396293027360986,0.4664382494938483
2106,0.881034255027771,0.8667255075022066,0.47749338040600176,0.46591911955562476
2107,0.8512252569198608,0.8702559576345984,0.47793468667255073,0.46591911955562476
2108,0.8581218123435974,0.8658428949691086,0.47925860547219773,0.4661267715309142
2109,0.8775370121002197,0.8623124448367167,0.47793468667255073,0.4697087681046566
2110,0.8464519381523132,0.8676081200353045,0.4836716681376876,0.4734984166536884
2111,0.8516784310340881,0.8623124448367167,0.48102383053839365,0.47412137257955667
2112,0.9016819000244141,0.8640776699029126,0.4801412180052957,0.474173285573379
2113,0.8728492856025696,0.852603706972639,0.47396293027360986,0.4733945906660437
2114,0.9036552906036377,0.8402471315092674,0.47793468667255073,0.4689819861911436
2115,0.849202573299408,0.851721094439541,0.4796999117387467,0.46877433421585424
2116,0.8790964484214783,0.8561341571050309,0.4801412180052957,0.46841094325909777
2117,0.8564894199371338,0.8614298323036187,0.4761694616063548,0.4652961636297565
2118,0.9094365239143372,0.8587819947043248,0.4726390114739629,0.46280433992628356
2119,0.8719539642333984,0.8543689320388349,0.4748455428067079,0.46347920884597416
2120,0.9013648629188538,0.8508384819064431,0.4788172992056487,0.4668016404506048
2121,0.9166563749313354,0.8473080317740512,0.48058252427184467,0.4679956393085189
2122,0.9478213787078857,0.8508384819064431,0.48631950573698146,0.4685666822405648
2123,0.8625054955482483,0.8473080317740512,0.4872021182700794,0.46773607433940717
2124,0.8289323449134827,0.852603706972639,0.48455428067078554,0.46742459637647304
2125,0.7991748452186584,0.8614298323036187,0.48278905560458957,0.46591911955562476
2126,0.9052867889404297,0.8693733451015004,0.48102383053839365,0.4662305975185589
2127,0.9351497292518616,0.8693733451015004,0.4796999117387467,0.4689819861911436
2128,0.8708851933479309,0.8640776699029126,0.4854368932038835,0.47287546072782016
2129,0.9133304953575134,0.8561341571050309,0.4880847308031774,0.4739656335980896
2130,0.9370776414871216,0.855251544571933,0.4849955869373345,0.47708041322743083
2131,0.8933348059654236,0.8543689320388349,0.4858781994704325,0.47796293412241087
2132,0.8827534914016724,0.8464254192409533,0.4880847308031774,0.4785339770544567
2133,0.8891177177429199,0.8455428067078552,0.48323036187113855,0.4778071951409438
2134,0.8323085904121399,0.8481906443071492,0.4823477493380406,0.47640554430774024
2135,0.8597210645675659,0.8596646072374228,0.48411297440423656,0.4756787623942273
2136,0.8734217882156372,0.8667255075022066,0.4819064430714916,0.47391372060426723
2137,0.9099273085594177,0.8667255075022066,0.4836716681376876,0.4753153714374708
2138,0.8956420421600342,0.8658428949691086,0.48102383053839365,0.4770285002336085
2139,0.9003193974494934,0.8578993821712269,0.4788172992056487,0.4754191974251155
2140,0.8922987580299377,0.852603706972639,0.4819064430714916,0.47152572288843897
2141,0.9015572667121887,0.8446601941747572,0.48146513680494263,0.4695530291231895
2142,0.9398446679115295,0.8446601941747572,0.47528684907325686,0.46918963816643305
2143,0.9216082096099854,0.8428949691085613,0.47219770520741394,0.4676841613455848
2144,0.9385696649551392,0.8490732568402471,0.47572815533980584,0.4671131184135389
2145,0.888357400894165,0.8570167696381289,0.46910856134157103,0.4680475523023413
2146,0.9013916254043579,0.8658428949691086,0.47219770520741394,0.4700721590614131
2147,0.9170637130737305,0.8605472197705207,0.47528684907325686,0.4711623319316825
2148,0.9260499477386475,0.8570167696381289,0.48278905560458957,0.47064320199345894
2149,0.9171083569526672,0.853486319505737,0.47793468667255073,0.4709027669625707
2150,0.9322160482406616,0.855251544571933,0.4744042365401589,0.46934537714790014
2151,0.9036076664924622,0.851721094439541,0.4748455428067079,0.4691377251726107
2152,0.9137245416641235,0.853486319505737,0.47175639894086496,0.4687224212220319
2153,0.8960691690444946,0.855251544571933,0.4730803177405119,0.4710585059440378
2154,0.8810403943061829,0.851721094439541,0.4761694616063548,0.47204485282666253
2155,0.887200117111206,0.8499558693733451,0.47925860547219773,0.4743290245548461
2156,0.8632920384407043,0.8481906443071492,0.47793468667255073,0.47287546072782016
2157,0.8480055928230286,0.8499558693733451,0.48102383053839365,0.4697087681046566
2158,0.8194980621337891,0.853486319505737,0.48058252427184467,0.4689300731973213
2159,0.8719830513000488,0.8623124448367167,0.47175639894086496,0.46752842236411774
2160,0.8693451285362244,0.8649602824360106,0.47175639894086496,0.4666978144629601
2161,0.8684124946594238,0.8658428949691086,0.470432480141218,0.46399833878419766
2162,0.889512836933136,0.855251544571933,0.46910856134157103,0.46145460208690237
2163,0.8558988571166992,0.8437775816416593,0.4646954986760812,0.45865130042049523
2164,0.9154419898986816,0.855251544571933,0.4624889673433363,0.46145460208690237
2165,0.93156498670578,0.8623124448367167,0.4673433362753751,0.4643098167471318
2166,0.9375589489936829,0.8578993821712269,0.470873786407767,0.46752842236411774
2167,0.9066323637962341,0.851721094439541,0.4770520741394528,0.47095467995639306
2168,0.9041822552680969,0.8358340688437775,0.47572815533980584,0.4710585059440378
2169,0.9410570859909058,0.8384819064430715,0.47528684907325686,0.46773607433940717
2170,0.9212773442268372,0.8428949691085613,0.4748455428067079,0.466386336500026
2171,0.9011391401290894,0.8543689320388349,0.47528684907325686,0.4666978144629601
2172,0.8791175484657288,0.8570167696381289,0.47749338040600176,0.46467320770388826
2173,0.9021517038345337,0.8614298323036187,0.47396293027360986,0.4642059907594871
2174,0.8681178689002991,0.8596646072374228,0.47396293027360986,0.46628251051238123
2175,0.8942970633506775,0.8499558693733451,0.47528684907325686,0.4669054664382495
2176,0.8527686595916748,0.8411297440423654,0.47175639894086496,0.46270051393863887
2177,0.87416672706604,0.8481906443071492,0.46822594880847307,0.4610912111301459
2178,0.9475013613700867,0.8605472197705207,0.47396293027360986,0.4624409489695271
2179,0.8904603719711304,0.8649602824360106,0.46954986760812,0.45844364844520585
2180,0.9462674856185913,0.8658428949691086,0.4677846425419241,0.4613507760992576
2181,0.8953031301498413,0.8543689320388349,0.4624889673433363,0.4621813840004153
2182,0.9183366894721985,0.8358340688437775,0.4616063548102383,0.4635311218397965
2183,0.9752422571182251,0.8437775816416593,0.46601941747572817,0.4644655557285989
2184,0.8866481781005859,0.855251544571933,0.46601941747572817,0.4619218190313035
2185,0.9067392349243164,0.8570167696381289,0.46690203000882613,0.4648808596791777
2186,0.9764924645423889,0.852603706972639,0.46866725507502205,0.46550381560504595
2187,0.8904906511306763,0.851721094439541,0.47572815533980584,0.4679956393085189
2188,0.872259795665741,0.8508384819064431,0.4761694616063548,0.4689819861911436
2189,0.8585220575332642,0.8455428067078552,0.47793468667255073,0.4688262472096766
2190,0.9082356691360474,0.8437775816416593,0.4801412180052957,0.4666459014691377
2191,0.9124490022659302,0.8481906443071492,0.4761694616063548,0.465659554586513
2192,0.9032196998596191,0.8543689320388349,0.4770520741394528,0.4670612054197166
2193,0.9304870367050171,0.8640776699029126,0.4796999117387467,0.466542075481493
2194,0.8782858848571777,0.8623124448367167,0.4735216240070609,0.4675803353579401
2195,0.8500505685806274,0.8499558693733451,0.4770520741394528,0.4675803353579401
2196,0.9484132528305054,0.853486319505737,0.4783759929390997,0.46560764159269064
2197,0.9169535040855408,0.8605472197705207,0.4783759929390997,0.4652961636297565
2198,0.8806757926940918,0.8605472197705207,0.4766107678729038,0.4650365986606448
2199,0.949738085269928,0.8578993821712269,0.4849955869373345,0.4659710325494471
2200,0.9442697763442993,0.8596646072374228,0.4744042365401589,0.4642059907594871
2201,0.9009231925010681,0.8614298323036187,0.471315092674316,0.46316773088304003
2202,0.891569972038269,0.855251544571933,0.47793468667255073,0.46233712298188234
2203,0.840204119682312,0.8508384819064431,0.4783759929390997,0.46238903597570474
2204,0.8838993906974792,0.8446601941747572,0.4761694616063548,0.4641021647718424
2205,0.903540313243866,0.8437775816416593,0.4761694616063548,0.46415407776566475
2206,0.8745579123497009,0.8455428067078552,0.4788172992056487,0.46212947100659296
2207,0.9136694669723511,0.8375992939099736,0.4726390114739629,0.46088355915485646
2208,0.9237743616104126,0.8490732568402471,0.470432480141218,0.4591704303587188
2209,0.9413772821426392,0.8481906443071492,0.470873786407767,0.4590666043710741
2210,0.9433585405349731,0.8464254192409533,0.46822594880847307,0.4578206925193376
2211,0.9335687756538391,0.8446601941747572,0.46866725507502205,0.4581840834760941
2212,0.8556237816810608,0.8499558693733451,0.46910856134157103,0.4605201681981
2213,0.8813649415969849,0.8543689320388349,0.4744042365401589,0.4625447749571718
2214,0.8625944256782532,0.8499558693733451,0.4761694616063548,0.46373877381508594
2215,0.8513875007629395,0.8605472197705207,0.47396293027360986,0.46332346986450706
2216,0.8599017262458801,0.8631950573698146,0.4744042365401589,0.46140268909308
2217,0.8469831943511963,0.8631950573698146,0.47749338040600176,0.4618699060374812
2218,0.8658735752105713,0.8587819947043248,0.47925860547219773,0.4651923376421118
2219,0.9317867159843445,0.8623124448367167,0.4783759929390997,0.4684628562529201
2220,0.8616722822189331,0.8614298323036187,0.47793468667255073,0.4672169444011836
2221,0.8469599485397339,0.8623124448367167,0.4788172992056487,0.46628251051238123
2222,0.9007219672203064,0.855251544571933,0.4788172992056487,0.4662305975185589
2223,0.8468832969665527,0.8490732568402471,0.47793468667255073,0.46560764159269064
2224,0.8691606521606445,0.8499558693733451,0.4796999117387467,0.4683590302652754
2225,0.8822317123413086,0.8605472197705207,0.48146513680494263,0.46726885739500595
2226,0.8714349269866943,0.8667255075022066,0.47572815533980584,0.464777033691533
2227,0.8742457032203674,0.8684907325684025,0.46690203000882613,0.46482894668535535
2228,0.8087896108627319,0.8631950573698146,0.46866725507502205,0.46405025177802006
2229,0.8471839427947998,0.8587819947043248,0.4651368049426302,0.4613507760992576
2230,0.8337205052375793,0.8570167696381289,0.46116504854368934,0.46046825520427764
2231,0.86518394947052,0.8570167696381289,0.4602824360105914,0.4593780823340082
2232,0.873982846736908,0.8561341571050309,0.46072374227714036,0.45678243264289053
2233,0.9755863547325134,0.853486319505737,0.4624889673433363,0.45896277838342936
2234,0.8859004378318787,0.8570167696381289,0.46601941747572817,0.46399833878419766
2235,0.8369232416152954,0.855251544571933,0.46999117387466904,0.469033899184966
2236,0.8778505325317383,0.8658428949691086,0.4730803177405119,0.4682552042776307
2237,0.8949123024940491,0.8658428949691086,0.470873786407767,0.46539998961740126
2238,0.8549678921699524,0.8667255075022066,0.46690203000882613,0.4646212947100659
2239,0.8429345488548279,0.8640776699029126,0.4770520741394528,0.46695737943207183
2240,0.8900110721588135,0.8623124448367167,0.4766107678729038,0.46659398847531536
2241,0.8406981229782104,0.8578993821712269,0.47572815533980584,0.46539998961740126
2242,0.866143524646759,0.8561341571050309,0.47396293027360986,0.46628251051238123
2243,0.8488028645515442,0.8473080317740512,0.47175639894086496,0.46607485853709185
2244,0.8882492184638977,0.8561341571050309,0.47219770520741394,0.4666978144629601
2245,0.8868348002433777,0.8587819947043248,0.4766107678729038,0.46685355344442714
2246,0.8649994730949402,0.8667255075022066,0.4770520741394528,0.4692415511602554
2247,0.9185421466827393,0.8623124448367167,0.47528684907325686,0.4676841613455848
2248,0.864975094795227,0.8623124448367167,0.4761694616063548,0.4657114675803354
2249,0.931962788105011,0.8658428949691086,0.4770520741394528,0.46752842236411774
2250,0.8714293837547302,0.8702559576345984,0.47749338040600176,0.4658672065618024
2251,0.8839834928512573,0.8702559576345984,0.4766107678729038,0.4648808596791777
2252,0.8675782680511475,0.8614298323036187,0.47925860547219773,0.46534807662357885
2253,0.8955923914909363,0.851721094439541,0.4801412180052957,0.466542075481493
2254,0.9049777984619141,0.8437775816416593,0.4766107678729038,0.46659398847531536
2255,0.8131065964698792,0.8428949691085613,0.46999117387466904,0.46389451279655297
2256,0.9017542004585266,0.8446601941747572,0.46910856134157103,0.46270051393863887
2257,0.8629191517829895,0.8473080317740512,0.46866725507502205,0.4638425998027306
2258,0.8668849468231201,0.8605472197705207,0.47219770520741394,0.4643617297409542
2259,0.8759957551956177,0.851721094439541,0.470873786407767,0.4649846856668224
2260,0.898981511592865,0.8464254192409533,0.47175639894086496,0.465659554586513
2261,0.9143633246421814,0.8420123565754634,0.471315092674316,0.46441364273477653
2262,0.869895875453949,0.8596646072374228,0.4796999117387467,0.46752842236411774
2263,0.8950772285461426,0.8587819947043248,0.4770520741394528,0.46700929242589423
2264,0.8917017579078674,0.8570167696381289,0.4744042365401589,0.466386336500026
2265,0.9407361149787903,0.8464254192409533,0.47925860547219773,0.4683590302652754
2266,0.8250349760055542,0.8411297440423654,0.4735216240070609,0.4669054664382495
2267,0.9125415086746216,0.8446601941747572,0.4766107678729038,0.46996833307376834
2268,0.8694502115249634,0.8455428067078552,0.4761694616063548,0.46976068109847896
2269,0.8578421473503113,0.8623124448367167,0.47396293027360986,0.4696568551108342
2270,0.9291319847106934,0.8605472197705207,0.4735216240070609,0.4680475523023413
2271,0.857234537601471,0.8640776699029126,0.4801412180052957,0.46918963816643305
2272,0.8441954255104065,0.8587819947043248,0.4788172992056487,0.47256398276488604
2273,0.8779926300048828,0.853486319505737,0.4801412180052957,0.4733945906660437
2274,0.8968006372451782,0.8605472197705207,0.48323036187113855,0.4744328505424908
2275,0.8647710084915161,0.8640776699029126,0.4761694616063548,0.4707470279811037
2276,0.8567065596580505,0.8578993821712269,0.46999117387466904,0.46441364273477653
2277,0.8546052575111389,0.8596646072374228,0.46690203000882613,0.4609354721486788
2278,0.8740556240081787,0.8596646072374228,0.4730803177405119,0.4599491252660541
2279,0.8450692892074585,0.8570167696381289,0.4770520741394528,0.4636349478274412
2280,0.8378989696502686,0.8623124448367167,0.48102383053839365,0.47069511498728134
2281,0.831545352935791,0.852603706972639,0.47749338040600176,0.468307117271453
2282,0.9231099486351013,0.852603706972639,0.4744042365401589,0.46809946529616364
2283,0.8568494319915771,0.8587819947043248,0.4770520741394528,0.46358303483361885
2284,0.8833931684494019,0.855251544571933,0.46690203000882613,0.46270051393863887
2285,0.8471391797065735,0.8711385701676964,0.4726390114739629,0.46238903597570474
2286,0.8098313808441162,0.8693733451015004,0.4735216240070609,0.46373877381508594
2287,0.8788396716117859,0.8790820829655781,0.4770520741394528,0.4657114675803354
2288,0.8331388235092163,0.8826125330979699,0.47793468667255073,0.4675803353579401
2289,0.843453586101532,0.8729037952338923,0.4788172992056487,0.46716503140736126
2290,0.8208352327346802,0.8649602824360106,0.4819064430714916,0.46841094325909777
2291,0.8861506581306458,0.8614298323036187,0.4801412180052957,0.4717333748637284
2292,0.8578125238418579,0.851721094439541,0.47528684907325686,0.47287546072782016
2293,0.9187645316123962,0.8508384819064431,0.47396293027360986,0.4719929398328402
2294,0.8969241976737976,0.8596646072374228,0.4735216240070609,0.47100659295021546
2295,0.8431869745254517,0.8605472197705207,0.46954986760812,0.4651404246482895
2296,0.848477303981781,0.8561341571050309,0.46866725507502205,0.45885895239578467
2297,0.8655290603637695,0.8623124448367167,0.4624889673433363,0.4596895602969423
2298,0.848881185054779,0.8693733451015004,0.4677846425419241,0.4639464257903753
2299,0.8298906683921814,0.8693733451015004,0.46999117387466904,0.46456938171624357
2300,0.8198717832565308,0.8640776699029126,0.4642541924095322,0.46270051393863887
2301,0.8371155858039856,0.8605472197705207,0.4638128861429832,0.46020869023516586
2302,0.8594815731048584,0.8614298323036187,0.4655781112091792,0.4606239941857447
2303,0.8892643451690674,0.8667255075022066,0.46337157987643424,0.4636349478274412
2304,0.8365188837051392,0.8711385701676964,0.46646072374227715,0.46472512069771066
2305,0.8555586934089661,0.8676081200353045,0.46866725507502205,0.46716503140736126
2306,0.7946290969848633,0.8596646072374228,0.46954986760812,0.46887816020349893
2307,0.8556092977523804,0.853486319505737,0.4735216240070609,0.4682552042776307
2308,0.8236473798751831,0.8473080317740512,0.470432480141218,0.4657633805741577
2309,0.8680427670478821,0.8499558693733451,0.4748455428067079,0.46467320770388826
2310,0.8119823336601257,0.8623124448367167,0.470873786407767,0.4657633805741577
2311,0.8620963096618652,0.8640776699029126,0.471315092674316,0.46347920884597416
2312,0.7927427887916565,0.8676081200353045,0.46910856134157103,0.46358303483361885
2313,0.8431518077850342,0.8667255075022066,0.46999117387466904,0.4657633805741577
2314,0.8466314077377319,0.855251544571933,0.46116504854368934,0.46441364273477653
2315,0.8944889903068542,0.8578993821712269,0.4602824360105914,0.46425790375330944
2316,0.8499347567558289,0.8640776699029126,0.4620476610767873,0.46493277267300004
2317,0.864877462387085,0.8676081200353045,0.46293027360988526,0.4663344235062036
2318,0.8425901532173157,0.8676081200353045,0.4651368049426302,0.4661267715309142
2319,0.8610883951187134,0.8702559576345984,0.46910856134157103,0.46887816020349893
2320,0.8484047651290894,0.8729037952338923,0.4726390114739629,0.4675803353579401
2321,0.8686375617980957,0.8693733451015004,0.4766107678729038,0.47012407205523543
2322,0.8436784744262695,0.8684907325684025,0.47793468667255073,0.47053937600581425
2323,0.8683317303657532,0.8684907325684025,0.4761694616063548,0.4674765093702954
2324,0.8396504521369934,0.8746690203000883,0.4796999117387467,0.46726885739500595
2325,0.8882944583892822,0.8676081200353045,0.48058252427184467,0.4664382494938483
2326,0.8571479916572571,0.8640776699029126,0.47572815533980584,0.46726885739500595
2327,0.8043434619903564,0.8684907325684025,0.47528684907325686,0.46809946529616364
2328,0.8828445076942444,0.8755516328331863,0.47572815533980584,0.4701759850490578
2329,0.8109278678894043,0.8676081200353045,0.48146513680494263,0.47220059180812957
2330,0.848933219909668,0.8676081200353045,0.4801412180052957,0.4729792867154649
2331,0.8881834745407104,0.8596646072374228,0.4783759929390997,0.4714738098946166
2332,0.8876155018806458,0.8605472197705207,0.47396293027360986,0.47100659295021546
2333,0.8166793584823608,0.8631950573698146,0.4761694616063548,0.4692415511602554
2334,0.7975518107414246,0.8684907325684025,0.46999117387466904,0.46820329128380833
2335,0.8312123417854309,0.8729037952338923,0.47219770520741394,0.46752842236411774
2336,0.8443014025688171,0.8729037952338923,0.47219770520741394,0.46794372631469655
2337,0.8824068307876587,0.8676081200353045,0.47396293027360986,0.4672169444011836
2338,0.8518869876861572,0.8667255075022066,0.47175639894086496,0.4658672065618024
2339,0.8463954925537109,0.8658428949691086,0.47396293027360986,0.46742459637647304
2340,0.8414545059204102,0.8684907325684025,0.47175639894086496,0.46752842236411774
2341,0.8443521857261658,0.8684907325684025,0.4744042365401589,0.4670612054197166
2342,0.856868326663971,0.8684907325684025,0.4744042365401589,0.46316773088304003
2343,0.8010323643684387,0.8711385701676964,0.4748455428067079,0.46456938171624357
2344,0.8544684052467346,0.8702559576345984,0.4673433362753751,0.4635311218397965
2345,0.8379166722297668,0.8649602824360106,0.46690203000882613,0.46456938171624357
2346,0.8425687551498413,0.8623124448367167,0.471315092674316,0.46306390489539534
2347,0.8335364460945129,0.8543689320388349,0.46822594880847307,0.46399833878419766
2348,0.849591076374054,0.8605472197705207,0.46866725507502205,0.4649846856668224
2349,0.8512659072875977,0.8631950573698146,0.4673433362753751,0.46524425063593416
2350,0.837824285030365,0.8702559576345984,0.46293027360988526,0.46649016248767067
2351,0.8786386847496033,0.8631950573698146,0.4624889673433363,0.4662305975185589
2352,0.8894186019897461,0.8640776699029126,0.46690203000882613,0.46617868452473654
2353,0.8653948307037354,0.8684907325684025,0.4673433362753751,0.4651404246482895
2354,0.8520841002464294,0.8684907325684025,0.4726390114739629,0.4673207703888283
2355,0.8788415193557739,0.8631950573698146,0.46866725507502205,0.4692415511602554
2356,0.9186261892318726,0.8640776699029126,0.46866725507502205,0.4711623319316825
2357,0.815651535987854,0.8623124448367167,0.4673433362753751,0.4685666822405648
2358,0.9047437906265259,0.8605472197705207,0.47219770520741394,0.47069511498728134
2359,0.9097769856452942,0.8596646072374228,0.4726390114739629,0.4693972901417225
2360,0.8450223207473755,0.8640776699029126,0.471315092674316,0.4676841613455848
2361,0.8010992407798767,0.8676081200353045,0.46646072374227715,0.4651404246482895
2362,0.8634667992591858,0.8693733451015004,0.4602824360105914,0.46031251622281055
2363,0.8858093023300171,0.8720211827007943,0.46072374227714036,0.4584955614390282
2364,0.8882219791412354,0.8614298323036187,0.46072374227714036,0.46145460208690237
2365,0.8943870663642883,0.853486319505737,0.4585172109443954,0.46233712298188234
2366,0.8907834887504578,0.8490732568402471,0.4585172109443954,0.46332346986450706
2367,0.8480427265167236,0.8428949691085613,0.4602824360105914,0.4625447749571718
2368,0.8767327666282654,0.8490732568402471,0.4567519858781995,0.45771686653169286
2369,0.9070403575897217,0.8490732568402471,0.4527802294792586,0.4536676530135493
2370,0.8822811841964722,0.8605472197705207,0.45454545454545453,0.45636712869231166
2371,0.8585761189460754,0.8684907325684025,0.4589585172109444,0.4607278201733894
2372,0.855904221534729,0.8649602824360106,0.471315092674316,0.466542075481493
2373,0.8403719067573547,0.8561341571050309,0.47793468667255073,0.4704874630119919
2374,0.8627223968505859,0.8499558693733451,0.4783759929390997,0.4709027669625707
2375,0.8255910277366638,0.8543689320388349,0.4726390114739629,0.4693972901417225
2376,0.8231903314590454,0.8508384819064431,0.46910856134157103,0.46695737943207183
2377,0.8485937118530273,0.8596646072374228,0.4677846425419241,0.4657633805741577
2378,0.8735288977622986,0.8578993821712269,0.470432480141218,0.46851476924674246
2379,0.8621941804885864,0.855251544571933,0.47528684907325686,0.466386336500026
2380,0.8213238716125488,0.8570167696381289,0.4730803177405119,0.46368686082126354
2381,0.8394030928611755,0.8587819947043248,0.47175639894086496,0.4621813840004153
2382,0.8050503730773926,0.8640776699029126,0.46999117387466904,0.4641021647718424
2383,0.8418527841567993,0.8623124448367167,0.4651368049426302,0.4643617297409542
2384,0.8396182060241699,0.8578993821712269,0.4673433362753751,0.4625966879509941
2385,0.907329797744751,0.8596646072374228,0.46910856134157103,0.4671131184135389
2386,0.8769103288650513,0.8543689320388349,0.46954986760812,0.46861859523438715
2387,0.8545313477516174,0.8570167696381289,0.47396293027360986,0.46918963816643305
2388,0.8890597224235535,0.8543689320388349,0.47219770520741394,0.46867050822820955
2389,0.8994318246841431,0.8561341571050309,0.46954986760812,0.46773607433940717
2390,0.8446229100227356,0.8596646072374228,0.46601941747572817,0.46617868452473654
2391,0.8321442604064941,0.8631950573698146,0.46601941747572817,0.4663344235062036
2392,0.8696605563163757,0.8649602824360106,0.46822594880847307,0.4659710325494471
2393,0.8447605967521667,0.8640776699029126,0.46822594880847307,0.46685355344442714
2394,0.8870333433151245,0.8623124448367167,0.4655781112091792,0.4662305975185589
2395,0.8501254916191101,0.8658428949691086,0.46646072374227715,0.46607485853709185
2396,0.8289685249328613,0.8605472197705207,0.4655781112091792,0.46405025177802006
2397,0.9237393736839294,0.8605472197705207,0.46293027360988526,0.4632715568706847
2398,0.8956326246261597,0.8587819947043248,0.4602824360105914,0.4627524269324612
2399,0.878574788570404,0.8570167696381289,0.4651368049426302,0.4642059907594871
2400,0.8912941813468933,0.8508384819064431,0.4646954986760812,0.46534807662357885
