epoch,loss,train_acc,val_acc,test_acc
1,2.87664794921875,0.1562224183583407,0.14298323036187113,0.14514873072730106
2,2.6998493671417236,0.2586054721977052,0.24227714033539277,0.25048019519285675
3,2.582834243774414,0.2594880847308032,0.2444836716681377,0.25307584488397444
4,2.4806346893310547,0.2709620476610768,0.25551632833186233,0.25982453408088046
5,2.4166507720947266,0.28596646072374227,0.2674315975286849,0.2712973057156206
6,2.381558895111084,0.29832303618711387,0.2744924977934687,0.2753984322275866
7,2.3443877696990967,0.2992056487202118,0.27714033539276256,0.27923999377044073
8,2.3118109703063965,0.30097087378640774,0.28111209179170343,0.28666355188703735
9,2.2883543968200684,0.3124448367166814,0.2908208296557811,0.29522919586772567
10,2.265523672103882,0.3212709620476611,0.3049426301853486,0.30524840367544
11,2.214324474334717,0.33362753751103263,0.3137687555163283,0.3102839640762083
12,2.1856799125671387,0.33097969991173876,0.32259488084730803,0.31578674142137775
13,2.1447958946228027,0.3212709620476611,0.31509267431597526,0.312152831853813
14,2.1188716888427734,0.32568402471315094,0.31862312444836716,0.3217567357109484
15,2.097398519515991,0.3680494263018535,0.3446601941747573,0.34662305975185587
16,2.057485342025757,0.41394527802294795,0.3786407766990291,0.38233919950163525
17,2.010423183441162,0.4174757281553398,0.38658428949691087,0.38773815085916
18,1.9811643362045288,0.4210061782877317,0.3883495145631068,0.3946944920313554
19,1.9495021104812622,0.4298323036187114,0.40335392762577227,0.40429839588849087
20,1.9208096265792847,0.4439541041482789,0.41968225948808474,0.4156673415355864
21,1.9053868055343628,0.43424536628420124,0.41924095322153576,0.41738047033172404
22,1.8640443086624146,0.47925860547219773,0.440423654015887,0.4353423661942584
23,1.8557212352752686,0.4872021182700794,0.43733451015004415,0.4330062814722525
24,1.832526445388794,0.46866725507502205,0.43424536628420124,0.43835331983595494
25,1.8214675188064575,0.4880847308031774,0.44263018534863197,0.4482687016560245
26,1.783185362815857,0.5101500441306267,0.45366284201235657,0.4548097388776411
27,1.7985310554504395,0.5030891438658429,0.45454545454545453,0.45538078180968694
28,1.7679460048675537,0.499558693733451,0.4496910856134157,0.4574053885687588
29,1.7236030101776123,0.5445719329214475,0.4673433362753751,0.4773399781965426
30,1.6811633110046387,0.5525154457193292,0.47749338040600176,0.4831542335046462
31,1.6889170408248901,0.5507502206531333,0.4766107678729038,0.47806676011005556
32,1.6249966621398926,0.5569285083848191,0.4885260370697264,0.48927996677568397
33,1.6074655055999756,0.5533980582524272,0.49382171226831423,0.49613248196023463
34,1.5957552194595337,0.5666372462488968,0.499558693733451,0.5009084773918911
35,1.5434551239013672,0.5842894969108562,0.49514563106796117,0.5041789960026994
36,1.53802490234375,0.5719329214474845,0.49205648720211825,0.49306961532471577
37,1.538779616355896,0.5931156222418358,0.5030891438658429,0.5065669937185278
38,1.5051417350769043,0.6010591350397175,0.5127978817299206,0.513211856927789
39,1.4821593761444092,0.6037069726390115,0.5048543689320388,0.5083839485023102
40,1.5189483165740967,0.5922330097087378,0.5198587819947044,0.5258786274204433
41,1.4983264207839966,0.5975286849073257,0.5247131509267432,0.529356798006541
42,1.4267805814743042,0.6037069726390115,0.5145631067961165,0.5184031563100244
43,1.4550858736038208,0.617828773168579,0.5286849073256841,0.5309141878212117
44,1.4021334648132324,0.6054721977052074,0.5335392762577229,0.5285781030992057
45,1.408148169517517,0.6284201235657546,0.5308914386584289,0.5328349685926388
46,1.405630111694336,0.6266548984995587,0.5344218887908209,0.5335098375123294
47,1.3283329010009766,0.6310679611650486,0.5344218887908209,0.5287857550744951
48,1.4117106199264526,0.6284201235657546,0.5383936451897617,0.5382858329439859
49,1.338621973991394,0.6284201235657546,0.5375110326566638,0.5401027877277682
50,1.3622708320617676,0.6310679611650486,0.5348631950573698,0.5407257436536365
51,1.3338886499404907,0.6398940864960282,0.5353045013239188,0.537559051030473
52,1.302426815032959,0.6416593115622242,0.5401588702559577,0.5398951357524788
53,1.2978472709655762,0.649602824360106,0.5441306266548985,0.5482012147640555
54,1.2653250694274902,0.6566637246248896,0.5503089143865842,0.5528733842080673
55,1.2856018543243408,0.6575463371579876,0.5511915269196822,0.5511083424181072
56,1.2594521045684814,0.6566637246248896,0.5458958517210944,0.5476301718320096
57,1.2620285749435425,0.6601941747572816,0.5463371579876434,0.5459689560296942
58,1.2533328533172607,0.6601941747572816,0.5498676081200353,0.5545346000103826
59,1.2272439002990723,0.6637246248896734,0.5454545454545454,0.5546903389918496
60,1.2305814027786255,0.675198587819947,0.5476610767872904,0.5526657322327778
61,1.2605395317077637,0.6734333627537511,0.5463371579876434,0.5501739085293049
62,1.2319090366363525,0.677846425419241,0.5507502206531333,0.5524061672636661
63,1.216101050376892,0.6840247131509267,0.5564872021182701,0.5570264237138556
64,1.1673022508621216,0.6804942630185349,0.5533980582524272,0.5583242485594144
65,1.2060844898223877,0.6884377758164166,0.559135039717564,0.5538078180968696
66,1.1845788955688477,0.6910856134157105,0.5556045895851721,0.5548979909671391
67,1.1833852529525757,0.6857899382171226,0.559135039717564,0.5581685095779474
68,1.1966345310211182,0.6875551632833187,0.5622241835834069,0.5619062451331568
69,1.1862678527832031,0.6849073256840247,0.5639894086496028,0.5637231999169392
70,1.1829510927200317,0.6910856134157105,0.5569285083848191,0.558999117479105
71,1.186845302581787,0.6937334510150044,0.5613415710503089,0.5611275502258215
72,1.1453524827957153,0.6928508384819064,0.557369814651368,0.5606603332814203
73,1.1868369579315186,0.6954986760812003,0.5631067961165048,0.565021024762498
74,1.1466026306152344,0.6910856134157105,0.5653133274492498,0.5662150236204122
75,1.152697205543518,0.6893203883495146,0.5670785525154457,0.5624772880652027
76,1.1718833446502686,0.6946160635481023,0.5675198587819947,0.564709546799564
77,1.1528762578964233,0.6981465136804943,0.5666372462488968,0.5608679852567098
78,1.1421204805374146,0.6954986760812003,0.5626654898499559,0.5577532056273685
79,1.1307101249694824,0.6990291262135923,0.559576345984113,0.562217723096091
80,1.1368024349212646,0.6990291262135923,0.5613415710503089,0.5677724134350828
81,1.1128194332122803,0.706972639011474,0.5644307149161518,0.5697451072003322
82,1.1419456005096436,0.706972639011474,0.558693733451015,0.5728079738358511
83,1.1153388023376465,0.7087378640776699,0.560458958517211,0.5713024970150029
84,1.14518141746521,0.7096204766107679,0.5648720211827007,0.5706276280953123
85,1.111231803894043,0.7140335392762577,0.5635481023830539,0.5751959715516793
86,1.140213966369629,0.7149161518093556,0.5675198587819947,0.5752997975393241
87,1.149394154548645,0.7166813768755517,0.5653133274492498,0.5732751907802522
88,1.089713215827942,0.7113857016769638,0.5675198587819947,0.5737943207184758
89,1.109076976776123,0.7246248896734334,0.5648720211827007,0.5676166744536157
90,1.1198549270629883,0.7255075022065314,0.5666372462488968,0.5690183252868193
91,1.098826289176941,0.7140335392762577,0.5675198587819947,0.5708352800706017
92,1.1085501909255981,0.7157987643424537,0.5767872903795234,0.5805430099153818
93,1.1356596946716309,0.7228596646072374,0.5820829655781112,0.579971966983336
94,1.09820556640625,0.7105030891438658,0.5754633715798765,0.5748325805949229
95,1.1249580383300781,0.7087378640776699,0.5807590467784642,0.5754555365207912
96,1.0987316370010376,0.7140335392762577,0.5767872903795234,0.5755593625084359
97,1.0961097478866577,0.7263901147396293,0.5697263901147396,0.5738462337122981
98,1.1042829751968384,0.7263901147396293,0.5714916151809356,0.5718735399470487
99,1.0891879796981812,0.7175639894086496,0.5692850838481907,0.5673051964906816
100,1.0776690244674683,0.7237422771403353,0.5763459841129744,0.5750921455640347
101,1.0587900876998901,0.7105030891438658,0.5710503089143866,0.5704718891138452
102,1.104993462562561,0.7122683142100618,0.5754633715798765,0.571613974977937
103,1.1006067991256714,0.7219770520741394,0.5697263901147396,0.572496495872917
104,1.0519827604293823,0.7255075022065314,0.5701676963812886,0.5716658879717593
105,1.094129204750061,0.7272727272727273,0.5763459841129744,0.5783626641748429
106,1.0788638591766357,0.7210944395410415,0.5728155339805825,0.5822042257176971
107,1.08705735206604,0.7299205648720212,0.5670785525154457,0.5735347557493641
108,1.0808908939361572,0.7343336275375111,0.56090026478376,0.5659554586513004
109,1.063857913017273,0.7316857899382171,0.5653133274492498,0.5649691117686757
110,1.0750055313110352,0.7387466902030009,0.5697263901147396,0.5706276280953123
111,1.0515427589416504,0.736098852603707,0.5798764342453663,0.5723926698852723
112,1.0993324518203735,0.732568402471315,0.5763459841129744,0.5755593625084359
113,1.0367602109909058,0.733451015004413,0.5772285966460724,0.5749364065825676
114,1.033682942390442,0.736981465136805,0.5772285966460724,0.577791621242797
115,1.0459191799163818,0.7475728155339806,0.5736981465136805,0.5801796189586254
116,1.0657330751419067,0.7458075904677847,0.5816416593115622,0.581892747754763
117,1.040176510810852,0.7387466902030009,0.5803177405119153,0.5809064008721383
118,1.0670182704925537,0.7422771403353927,0.5776699029126213,0.5770129263354618
119,1.055471658706665,0.7466902030008826,0.5812003530450133,0.5713024970150029
120,1.038278341293335,0.7484554280670785,0.5741394527802295,0.5702123241447334
121,1.0829613208770752,0.7475728155339806,0.5789938217122683,0.5789337071068889
122,1.0293298959732056,0.7511032656663724,0.5759046778464254,0.5809064008721383
123,1.0376931428909302,0.7502206531332745,0.5776699029126213,0.5792970980636454
124,1.020512342453003,0.7466902030008826,0.5781112091791704,0.5809583138659606
125,1.03746497631073,0.7502206531332745,0.5856134157105031,0.5857343092976172
126,1.0024640560150146,0.7511032656663724,0.5847308031774051,0.5870840471369984
127,1.0147839784622192,0.7555163283318623,0.5829655781112092,0.5854747443285054
128,1.0359466075897217,0.7590467784642542,0.5838481906443072,0.5857343092976172
129,0.9915244579315186,0.7537511032656664,0.5829655781112092,0.5841769194829466
130,0.9928569793701172,0.7555163283318623,0.5838481906443072,0.5863572652234854
131,0.9967319965362549,0.7555163283318623,0.588261253309797,0.5881223070134455
132,1.009461760520935,0.7528684907325685,0.587378640776699,0.5876550900690443
133,0.9776467084884644,0.7528684907325685,0.5842894969108562,0.5862015262420184
134,1.0176239013671875,0.7484554280670785,0.5860547219770521,0.5881223070134455
135,1.0125526189804077,0.7466902030008826,0.588261253309797,0.5876031770752219
136,0.9968575239181519,0.7528684907325685,0.5803177405119153,0.5851632663655713
137,0.986427903175354,0.7555163283318623,0.5931156222418358,0.5885895239578467
138,1.01400625705719,0.7546337157987644,0.589143865842895,0.5884337849763795
139,0.9992654323577881,0.7572815533980582,0.590026478375993,0.5886933499454914
140,0.9942778944969177,0.7572815533980582,0.5904677846425419,0.5919638685562997
141,1.0038211345672607,0.7572815533980582,0.589143865842895,0.590406478741629
142,0.9904899597167969,0.7634598411297441,0.588261253309797,0.5883818719825572
143,1.0104223489761353,0.766107678729038,0.589143865842895,0.5878627420443336
144,0.9581385850906372,0.7590467784642542,0.5829655781112092,0.5921715205315891
145,0.9774759411811829,0.7581641659311562,0.5931156222418358,0.5916004775995432
146,0.975051760673523,0.7590467784642542,0.5935569285083848,0.595234387167108
147,0.9644986391067505,0.76522506619594,0.5966460723742277,0.5969475159632456
148,0.9791421294212341,0.7608120035304501,0.587819947043248,0.5898354358095831
149,0.9963292479515076,0.7572815533980582,0.589143865842895,0.595234387167108
150,0.9889993667602539,0.7590467784642542,0.5904677846425419,0.5976742978767585
151,0.9888810515403748,0.7590467784642542,0.5926743159752869,0.6016715984010798
152,0.9935566782951355,0.7669902912621359,0.5922330097087378,0.5985568187717386
153,0.9805551767349243,0.7678729037952339,0.5944395410414828,0.5963764730311997
154,0.9972577691078186,0.7696381288614298,0.5962047661076787,0.5966360380003115
155,0.9139452576637268,0.7678729037952339,0.5962047661076787,0.5965841250064892
156,0.9463812708854675,0.7714033539276258,0.5966460723742277,0.5954420391423974
157,0.9913707971572876,0.7687555163283318,0.5962047661076787,0.5999065566111198
158,0.9568131566047668,0.7678729037952339,0.5970873786407767,0.5987125577532056
159,0.9625593423843384,0.7722859664607238,0.5917917034421889,0.5959611690806209
160,0.9707605242729187,0.7678729037952339,0.5909090909090909,0.5954939521362197
161,0.9478562474250793,0.7714033539276258,0.5957634598411298,0.5997508176296527
162,0.9415249824523926,0.7722859664607238,0.5931156222418358,0.5989721227223174
163,0.9804388880729675,0.7696381288614298,0.5975286849073257,0.6025541192960598
164,0.93794184923172,0.7687555163283318,0.6010591350397175,0.6040076831230857
165,0.9492621421813965,0.7714033539276258,0.6085613415710504,0.6089913305300316
166,0.9571301341056824,0.7731685789938217,0.6063548102383054,0.607278201733894
167,0.9319042563438416,0.7749338040600177,0.6072374227714034,0.6051497689871775
168,0.9328447580337524,0.7793468667255075,0.6063548102383054,0.6050978559933551
169,0.9146571159362793,0.7846425419240953,0.6023830538393645,0.6075377667030057
170,0.967356264591217,0.7802294792586054,0.6063548102383054,0.6088875045423869
171,0.9058106541633606,0.7802294792586054,0.6037069726390115,0.6063437678450916
172,0.9524075388908386,0.7775816416593115,0.6001765225066196,0.6032809012095728
173,0.9439460039138794,0.7828773168578994,0.6019417475728155,0.6030732492342833
174,0.9128313660621643,0.7749338040600177,0.6006178287731686,0.5990240357161397
175,0.9858443737030029,0.7793468667255075,0.6028243601059136,0.6023464673207704
176,0.9456232190132141,0.7855251544571933,0.6054721977052074,0.6050978559933551
177,0.9088999629020691,0.7828773168578994,0.6032656663724625,0.6033847271972175
178,0.9289271831512451,0.7775816416593115,0.6015004413062666,0.604630639048954
179,0.926591694355011,0.7775816416593115,0.5988526037069727,0.607433940715361
180,0.9092130661010742,0.7775816416593115,0.6001765225066196,0.6091470695114988
181,0.9671890735626221,0.7793468667255075,0.6023830538393645,0.6098219384311894
182,0.9155904650688171,0.7705207413945278,0.6054721977052074,0.6067590717956705
183,0.9230910539627075,0.7766990291262136,0.6045895851721095,0.6096661994497222
184,0.9187202453613281,0.7731685789938217,0.6067961165048543,0.6081088096350517
185,0.9373012185096741,0.7775816416593115,0.6050308914386584,0.6098219384311894
186,0.934958815574646,0.7793468667255075,0.6054721977052074,0.6127809790790635
187,0.936797559261322,0.7855251544571933,0.6050308914386584,0.6116388932149717
188,0.9188367128372192,0.7864077669902912,0.6045895851721095,0.6064995068265587
189,0.9139042496681213,0.7872903795233892,0.6028243601059136,0.6019830763640139
190,0.9290788769721985,0.793468667255075,0.6076787290379524,0.6058246379068681
191,0.8945408463478088,0.7899382171226832,0.6059135039717564,0.6102891553755905
192,0.8917869925498962,0.7917034421888791,0.6098852603706972,0.6113274152520376
193,0.9011659622192383,0.7899382171226832,0.6090026478375993,0.6094066344806105
194,0.9091777205467224,0.7917034421888791,0.6081200353045013,0.6097181124435446
195,0.8679916262626648,0.7987643424536628,0.6094439541041483,0.6084722005918082
196,0.8917579054832458,0.7996469549867609,0.6041482789055604,0.605668898925401
197,0.9021056890487671,0.7969991173874669,0.6001765225066196,0.6023464673207704
198,0.9234656691551208,0.7890556045895851,0.6028243601059136,0.6036442921663292
199,0.9600439071655273,0.7881729920564872,0.6037069726390115,0.6072262887400717
200,0.93949955701828,0.795233892321271,0.6112091791703442,0.6149613248196023
201,0.9329338669776917,0.795233892321271,0.6072374227714034,0.6151170638010695
202,0.9024925231933594,0.795233892321271,0.6076787290379524,0.6145460208690235
203,0.8743314743041992,0.7890556045895851,0.6023830538393645,0.6124175881223071
204,0.906469464302063,0.7872903795233892,0.6050308914386584,0.6122099361470176
205,0.9075958132743835,0.7890556045895851,0.6032656663724625,0.6088355915485646
206,0.8684707880020142,0.7908208296557812,0.5966460723742277,0.6060322898821575
207,0.894406795501709,0.7864077669902912,0.6001765225066196,0.608316461610341
208,0.891692578792572,0.7855251544571933,0.5984112974404237,0.6081088096350517
209,0.8912737369537354,0.7925860547219771,0.6094439541041483,0.6132481960234647
210,0.8887599110603333,0.7890556045895851,0.6023830538393645,0.6104448943570576
211,0.9092975854873657,0.795233892321271,0.6041482789055604,0.6091989825053211
212,0.8938561677932739,0.7881729920564872,0.6015004413062666,0.6040076831230857
213,0.925192654132843,0.7890556045895851,0.6054721977052074,0.6111716762705706
214,0.90842604637146,0.794351279788173,0.6090026478375993,0.6160514976898718
215,0.8783515095710754,0.8022947925860547,0.6107678729037952,0.61579193272076
216,0.8949003219604492,0.8031774051191527,0.6063548102383054,0.614338368893734
217,0.8589890599250793,0.8005295675198588,0.5992939099735216,0.6052535949748222
218,0.914241373538971,0.8058252427184466,0.6006178287731686,0.6062399418574469
219,0.8928920030593872,0.7908208296557812,0.6125330979699912,0.6109640242952811
220,0.9234170913696289,0.7864077669902912,0.6107678729037952,0.6135596739863988
221,0.9211855530738831,0.8014121800529568,0.6085613415710504,0.6115869802211493
222,0.8772464990615845,0.8040600176522507,0.5975286849073257,0.6046825520427763
223,0.9128871560096741,0.8102383053839365,0.5953221535745807,0.6041634221045528
224,0.9076037406921387,0.8075904677846425,0.6045895851721095,0.6074858537091834
225,0.9206992387771606,0.8005295675198588,0.5997352162400706,0.6067590717956705
226,0.8938332200050354,0.8040600176522507,0.5966460723742277,0.6026060322898822
227,0.8930610418319702,0.8049426301853486,0.5962047661076787,0.6048382910242434
228,0.8545755743980408,0.8014121800529568,0.6050308914386584,0.6149613248196023
229,0.8642093539237976,0.7969991173874669,0.6090026478375993,0.6201526242018377
230,0.8855767250061035,0.8005295675198588,0.6125330979699912,0.6167782796033847
231,0.8784083127975464,0.7961165048543689,0.6134157105030892,0.614338368893734
232,0.8579576015472412,0.7996469549867609,0.6081200353045013,0.6123137621346623
233,0.8996706008911133,0.8014121800529568,0.6050308914386584,0.6126771530914188
234,0.8766986727714539,0.8067078552515445,0.6090026478375993,0.6128328920728858
235,0.8857038021087646,0.8014121800529568,0.6103265666372463,0.6143902818875565
236,0.8715301752090454,0.7961165048543689,0.6142983230361871,0.6123656751284846
237,0.868108332157135,0.7987643424536628,0.6112091791703442,0.6134558479987541
238,0.8762966394424438,0.7961165048543689,0.6103265666372463,0.6087836785547422
239,0.8465511202812195,0.795233892321271,0.6085613415710504,0.6068109847894928
240,0.8519384264945984,0.8084730803177406,0.6063548102383054,0.6046825520427763
241,0.8797615170478821,0.8111209179170344,0.6085613415710504,0.6103410683694128
242,0.8616671562194824,0.8120035304501324,0.6054721977052074,0.6118984581840835
243,0.8652970790863037,0.8164165931156222,0.6094439541041483,0.613871151949333
244,0.8554517030715942,0.8172992056487202,0.6063548102383054,0.6144941078752012
245,0.8595701456069946,0.8137687555163283,0.6028243601059136,0.6089913305300316
246,0.8531942367553711,0.8067078552515445,0.6076787290379524,0.6131962830296424
247,0.8256871700286865,0.8102383053839365,0.6120917917034422,0.6152208897887141
248,0.8615434169769287,0.8181818181818182,0.6116504854368932,0.6147017598504906
249,0.8119188547134399,0.8261253309796999,0.6032656663724625,0.607122462752427
250,0.8221769332885742,0.8287731685789939,0.6032656663724625,0.6039557701292634
251,0.8477668166160583,0.8199470432480142,0.6076787290379524,0.6099776774126564
252,0.8354690670967102,0.8058252427184466,0.6076787290379524,0.6125214141099518
253,0.8243729472160339,0.8093556928508385,0.6081200353045013,0.6093028084929658
254,0.8780934810638428,0.8120035304501324,0.6041482789055604,0.6066552458080258
255,0.8413570523262024,0.8128861429832304,0.6045895851721095,0.6065514198203811
256,0.8732504844665527,0.8137687555163283,0.6103265666372463,0.6142864558999117
257,0.8451635241508484,0.8146513680494263,0.6151809355692851,0.6146498468566682
258,0.8443500995635986,0.8181818181818182,0.616504854368932,0.6119503711779058
259,0.8906058073043823,0.8278905560458959,0.617828773168579,0.6159995846960494
260,0.8238319754600525,0.8199470432480142,0.6116504854368932,0.6147017598504906
261,0.8546611666679382,0.8181818181818182,0.6090026478375993,0.6159476717022271
262,0.8581351041793823,0.8111209179170344,0.6076787290379524,0.6192701033068577
263,0.8388179540634155,0.8155339805825242,0.6094439541041483,0.6185952343871671
264,0.8667140007019043,0.8199470432480142,0.5957634598411298,0.6094585474744328
265,0.8530626893043518,0.8331862312444837,0.6019417475728155,0.6109121113014587
266,0.8884770274162292,0.8261253309796999,0.6094439541041483,0.6189067123501012
267,0.8288687467575073,0.8199470432480142,0.617828773168579,0.6216581010226859
268,0.8240305781364441,0.8137687555163283,0.6120917917034422,0.6149613248196023
269,0.9098064303398132,0.8075904677846425,0.6098852603706972,0.6113793282458599
270,0.8660151958465576,0.8146513680494263,0.6098852603706972,0.611690806208794
271,0.8645498156547546,0.8323036187113857,0.6059135039717564,0.6144421948813789
272,0.8672337532043457,0.8358340688437775,0.5979699911738746,0.6141307169184447
273,0.8479761481285095,0.8314210061782877,0.5988526037069727,0.614338368893734
274,0.8336429595947266,0.8305383936451898,0.6015004413062666,0.6156361937392929
275,0.8675944805145264,0.8270079435127978,0.6094439541041483,0.6146498468566682
276,0.7904520034790039,0.8296557811120918,0.6045895851721095,0.6075896796968281
277,0.8089870810508728,0.8190644307149162,0.6050308914386584,0.6100295904064787
278,0.852678656578064,0.8164165931156222,0.6094439541041483,0.6154804547578259
279,0.8469953536987305,0.8111209179170344,0.6116504854368932,0.6167263666095624
280,0.8197922110557556,0.8278905560458959,0.6090026478375993,0.6120022841717282
281,0.8302421569824219,0.8402471315092674,0.6067961165048543,0.6092508954991435
282,0.8561320304870605,0.8349514563106796,0.6059135039717564,0.6110159372891034
283,0.8411931991577148,0.822594880847308,0.6045895851721095,0.6141307169184447
284,0.8160606026649475,0.8049426301853486,0.6090026478375993,0.6186990603748118
285,0.8838769197463989,0.8093556928508385,0.6085613415710504,0.6183875824118777
286,0.8294134736061096,0.8199470432480142,0.6054721977052074,0.6160514976898718
287,0.8783442378044128,0.822594880847308,0.5992939099735216,0.6057208119192233
288,0.886037290096283,0.8323036187113857,0.6045895851721095,0.6195296682759694
289,0.8092319965362549,0.8261253309796999,0.5926743159752869,0.6099257644188341
290,0.8878676891326904,0.8217122683142101,0.6059135039717564,0.6181280174427659
291,0.8515174388885498,0.8199470432480142,0.6032656663724625,0.6162591496651612
292,0.8710377216339111,0.8199470432480142,0.5984112974404237,0.6114312412396823
293,0.8736612200737,0.8146513680494263,0.6094439541041483,0.613300109017287
294,0.8259909749031067,0.8022947925860547,0.6054721977052074,0.6160514976898718
295,0.8601135015487671,0.8058252427184466,0.6015004413062666,0.614338368893734
296,0.874882698059082,0.8084730803177406,0.6050308914386584,0.6094585474744328
297,0.8730059862136841,0.8146513680494263,0.6054721977052074,0.6121580231531952
298,0.9104141592979431,0.8155339805825242,0.6147396293027361,0.6180761044489436
299,0.8384591937065125,0.8164165931156222,0.616946160635481,0.6201007112080154
300,0.866240918636322,0.8128861429832304,0.6098852603706972,0.6172974095416083
301,0.8491134643554688,0.8164165931156222,0.6094439541041483,0.6153247157763588
302,0.8230060338973999,0.8137687555163283,0.6059135039717564,0.6188547993562789
303,0.8385061621665955,0.8137687555163283,0.6116504854368932,0.619893059232726
304,0.8394867181777954,0.8164165931156222,0.6112091791703442,0.6210351450968178
305,0.8580798506736755,0.8270079435127978,0.6098852603706972,0.6186471473809895
306,0.8198226094245911,0.8367166813768756,0.6125330979699912,0.61579193272076
307,0.8140766620635986,0.8172992056487202,0.6120917917034422,0.619166277319213
308,0.8347527384757996,0.8199470432480142,0.6076787290379524,0.6217619270103307
309,0.8330329060554504,0.824360105913504,0.6107678729037952,0.6264340964543426
310,0.8371253609657288,0.8287731685789939,0.6032656663724625,0.6208274931215283
311,0.8453280329704285,0.8172992056487202,0.6045895851721095,0.6135596739863988
312,0.8110992908477783,0.8102383053839365,0.6032656663724625,0.6133520220111094
313,0.8390268683433533,0.8164165931156222,0.6032656663724625,0.6154804547578259
314,0.8549703359603882,0.8208296557811121,0.6037069726390115,0.6152728027825365
315,0.8094835877418518,0.8199470432480142,0.5935569285083848,0.6094066344806105
316,0.8342061042785645,0.8084730803177406,0.5909090909090909,0.6045268130613093
317,0.8494353890419006,0.8146513680494263,0.6063548102383054,0.6126252400975964
318,0.8423318862915039,0.8199470432480142,0.6001765225066196,0.6095104604682552
319,0.784505307674408,0.822594880847308,0.6015004413062666,0.6092508954991435
320,0.8385316729545593,0.8093556928508385,0.6103265666372463,0.6086279395732752
321,0.8636234402656555,0.8111209179170344,0.6063548102383054,0.6101334163941234
322,0.8464940786361694,0.823477493380406,0.6028243601059136,0.6087836785547422
323,0.902005136013031,0.8278905560458959,0.5975286849073257,0.6097181124435446
324,0.8691051006317139,0.8261253309796999,0.5992939099735216,0.61049680735088
325,0.8459084033966064,0.8190644307149162,0.6045895851721095,0.6121061101593729
326,0.8677407503128052,0.8181818181818182,0.6010591350397175,0.609043243523854
327,0.8437431454658508,0.8217122683142101,0.6023830538393645,0.6062918548512692
328,0.8418419361114502,0.8199470432480142,0.6001765225066196,0.6054612469501116
329,0.8874261379241943,0.823477493380406,0.5935569285083848,0.6113793282458599
330,0.8009939193725586,0.8190644307149162,0.5939982347749339,0.6135077609925764
331,0.8145535588264465,0.8199470432480142,0.5988526037069727,0.6163110626589835
332,0.8451361656188965,0.8296557811120918,0.6054721977052074,0.6184394954057001
333,0.8499205112457275,0.8314210061782877,0.6015004413062666,0.6147017598504906
334,0.8284439444541931,0.8287731685789939,0.6010591350397175,0.6066552458080258
335,0.812950849533081,0.8287731685789939,0.6063548102383054,0.6113793282458599
336,0.8369510173797607,0.8252427184466019,0.6001765225066196,0.6111716762705706
337,0.841283917427063,0.8287731685789939,0.5997352162400706,0.6110678502829258
338,0.8641214966773987,0.8270079435127978,0.6120917917034422,0.6170897575663189
339,0.831250786781311,0.8270079435127978,0.6085613415710504,0.6159995846960494
340,0.8199930787086487,0.8305383936451898,0.6081200353045013,0.6151170638010695
341,0.8140321373939514,0.8278905560458959,0.6138570167696381,0.6152728027825365
342,0.8110780119895935,0.8270079435127978,0.6151809355692851,0.6164148886466283
343,0.8141593337059021,0.8296557811120918,0.6076787290379524,0.6120022841717282
344,0.7646337747573853,0.8323036187113857,0.6041482789055604,0.6129886310543529
345,0.8105425834655762,0.8393645189761695,0.615622241835834,0.6164148886466283
346,0.841853678226471,0.8305383936451898,0.615622241835834,0.6192181903130354
347,0.8068311810493469,0.8217122683142101,0.6129744042365401,0.6163110626589835
348,0.823171854019165,0.8287731685789939,0.6054721977052074,0.6129367180605305
349,0.8215066194534302,0.8305383936451898,0.6076787290379524,0.6128848050667082
350,0.78141188621521,0.8305383936451898,0.6076787290379524,0.6135077609925764
351,0.7751795053482056,0.8261253309796999,0.6001765225066196,0.6108601983076364
352,0.7677074074745178,0.822594880847308,0.6023830538393645,0.6079011576597623
353,0.8075675368309021,0.8287731685789939,0.6059135039717564,0.6106006333385247
354,0.8290829062461853,0.8314210061782877,0.6067961165048543,0.6114312412396823
355,0.8104325532913208,0.8314210061782877,0.5953221535745807,0.608160722628874
356,0.7944496273994446,0.8252427184466019,0.5979699911738746,0.6070705497586045
357,0.8097694516181946,0.8358340688437775,0.6023830538393645,0.6089394175362093
358,0.8321722745895386,0.8199470432480142,0.6045895851721095,0.6103410683694128
359,0.797705352306366,0.8208296557811121,0.6028243601059136,0.6091989825053211
360,0.8224970102310181,0.8331862312444837,0.6015004413062666,0.6077454186782951
361,0.8092772960662842,0.8349514563106796,0.5970873786407767,0.6079530706535846
362,0.8284561038017273,0.822594880847308,0.6019417475728155,0.6060322898821575
363,0.835786759853363,0.8190644307149162,0.6076787290379524,0.6121061101593729
364,0.7955547571182251,0.8252427184466019,0.6116504854368932,0.6111197632767482
365,0.8332419395446777,0.8278905560458959,0.6076787290379524,0.6044749000674869
366,0.840154230594635,0.8270079435127978,0.6059135039717564,0.6070705497586045
367,0.7875139713287354,0.8323036187113857,0.6015004413062666,0.6047344650365987
368,0.8207574486732483,0.8323036187113857,0.6001765225066196,0.6102372423817681
369,0.8428604006767273,0.8278905560458959,0.6045895851721095,0.6132481960234647
370,0.8296507000923157,0.8217122683142101,0.5988526037069727,0.6097181124435446
371,0.8274611830711365,0.824360105913504,0.6059135039717564,0.6105487203447023
372,0.8326424956321716,0.8375992939099736,0.6006178287731686,0.6118984581840835
373,0.866549551486969,0.8349514563106796,0.6050308914386584,0.6150651508072471
374,0.8241147994995117,0.8375992939099736,0.6045895851721095,0.611690806208794
375,0.8242756724357605,0.8402471315092674,0.6063548102383054,0.6096661994497222
376,0.8253820538520813,0.8446601941747572,0.6041482789055604,0.6119503711779058
377,0.8549505472183228,0.8420123565754634,0.6045895851721095,0.6150651508072471
378,0.86573326587677,0.8270079435127978,0.6072374227714034,0.6159995846960494
379,0.8207910656929016,0.823477493380406,0.6107678729037952,0.6124175881223071
380,0.8077197074890137,0.8199470432480142,0.6050308914386584,0.6078492446659399
381,0.8159917593002319,0.8287731685789939,0.5957634598411298,0.5959092560867986
382,0.8508114218711853,0.8261253309796999,0.6015004413062666,0.6076935056844728
383,0.8367493748664856,0.8190644307149162,0.6045895851721095,0.6087317655609199
384,0.875528872013092,0.822594880847308,0.6023830538393645,0.6064475938327364
385,0.7988703846931458,0.8217122683142101,0.6001765225066196,0.6017754243887244
386,0.8087708950042725,0.8349514563106796,0.6015004413062666,0.6002180345740539
387,0.8131495714187622,0.8358340688437775,0.5988526037069727,0.6018273373825469
388,0.8235382437705994,0.8314210061782877,0.6006178287731686,0.607433940715361
389,0.8413001894950867,0.8199470432480142,0.6045895851721095,0.6079011576597623
390,0.7954444885253906,0.8146513680494263,0.6015004413062666,0.6064475938327364
391,0.7799718976020813,0.8199470432480142,0.6067961165048543,0.6120022841717282
392,0.7814815044403076,0.8314210061782877,0.6085613415710504,0.6129367180605305
393,0.8248344659805298,0.8331862312444837,0.6120917917034422,0.6137673259616883
394,0.8004606366157532,0.8340688437775816,0.6054721977052074,0.6105487203447023
395,0.7916184067726135,0.8358340688437775,0.6023830538393645,0.6118984581840835
396,0.8313813805580139,0.8340688437775816,0.6125330979699912,0.6139749779369776
397,0.8550916910171509,0.8358340688437775,0.6072374227714034,0.6119503711779058
398,0.7787758111953735,0.8367166813768756,0.6054721977052074,0.6073301147277164
399,0.8091522455215454,0.8349514563106796,0.5966460723742277,0.6058246379068681
400,0.7669110894203186,0.8367166813768756,0.5922330097087378,0.6070705497586045
401,0.7737945318222046,0.8296557811120918,0.6041482789055604,0.6094585474744328
402,0.7957099080085754,0.8199470432480142,0.6072374227714034,0.6087836785547422
403,0.8156521320343018,0.8349514563106796,0.6090026478375993,0.6092508954991435
404,0.7963629961013794,0.8349514563106796,0.5979699911738746,0.6043191610860198
405,0.7953783869743347,0.8296557811120918,0.5926743159752869,0.6057727249130458
406,0.8054636716842651,0.8323036187113857,0.6041482789055604,0.6091470695114988
407,0.8312397599220276,0.8305383936451898,0.6076787290379524,0.6116388932149717
408,0.8228599429130554,0.8208296557811121,0.6059135039717564,0.6085760265794529
409,0.8193524479866028,0.8270079435127978,0.5988526037069727,0.6047344650365987
410,0.828930675983429,0.8314210061782877,0.590026478375993,0.6011005554690338
411,0.7827861905097961,0.8305383936451898,0.587378640776699,0.598764470747028
412,0.8437010049819946,0.8252427184466019,0.6006178287731686,0.6088875045423869
413,0.7837116122245789,0.8296557811120918,0.6050308914386584,0.6109640242952811
414,0.8447793126106262,0.8270079435127978,0.6037069726390115,0.6087317655609199
415,0.7942318916320801,0.8349514563106796,0.5939982347749339,0.6063437678450916
416,0.7802348136901855,0.8358340688437775,0.5838481906443072,0.6033328142033951
417,0.8614770770072937,0.8340688437775816,0.5997352162400706,0.6154285417640035
418,0.7967528104782104,0.822594880847308,0.6103265666372463,0.6196854072574365
419,0.804964005947113,0.824360105913504,0.6094439541041483,0.6178684524736542
420,0.8244711756706238,0.8375992939099736,0.6081200353045013,0.6147017598504906
421,0.7875080108642578,0.8411297440423654,0.6028243601059136,0.6126771530914188
422,0.8291773200035095,0.8305383936451898,0.6054721977052074,0.6149613248196023
423,0.8133223652839661,0.8217122683142101,0.6050308914386584,0.6112755022582153
424,0.7975894212722778,0.8358340688437775,0.6059135039717564,0.6130405440481752
425,0.7954078912734985,0.8323036187113857,0.5970873786407767,0.6077973316721176
426,0.8182806968688965,0.8393645189761695,0.5962047661076787,0.6077973316721176
427,0.7957199215888977,0.8340688437775816,0.5970873786407767,0.6091470695114988
428,0.7847341895103455,0.8340688437775816,0.6001765225066196,0.6053574209624669
429,0.8445581793785095,0.8411297440423654,0.6001765225066196,0.6073301147277164
430,0.8056901097297668,0.8340688437775816,0.6037069726390115,0.6120022841717282
431,0.7851731777191162,0.8358340688437775,0.6067961165048543,0.61314437003582
432,0.8427720665931702,0.8349514563106796,0.6067961165048543,0.6100295904064787
433,0.7942385077476501,0.8393645189761695,0.6120917917034422,0.6177127134921871
434,0.7826828360557556,0.8375992939099736,0.6059135039717564,0.61579193272076
435,0.8018291592597961,0.8411297440423654,0.6037069726390115,0.6148055858381353
436,0.8262299299240112,0.8446601941747572,0.6076787290379524,0.6164668016404506
437,0.8259521722793579,0.8287731685789939,0.6134157105030892,0.6147536728443129
438,0.8161839842796326,0.8270079435127978,0.6120917917034422,0.6163110626589835
439,0.8279221653938293,0.8270079435127978,0.6125330979699912,0.6212427970721072
440,0.8259820342063904,0.8278905560458959,0.6151809355692851,0.6179203654674765
441,0.7954184412956238,0.8287731685789939,0.6028243601059136,0.6128848050667082
442,0.7602657675743103,0.8296557811120918,0.5944395410414828,0.603903857135441
443,0.7744964361190796,0.8305383936451898,0.5975286849073257,0.6013082074443233
444,0.7966793179512024,0.8375992939099736,0.5922330097087378,0.6044229870736645
445,0.7816442847251892,0.8367166813768756,0.5939982347749339,0.6057208119192233
446,0.7522367835044861,0.8367166813768756,0.5931156222418358,0.6056169859315786
447,0.7808718085289001,0.8358340688437775,0.6063548102383054,0.6112755022582153
448,0.7915881872177124,0.8331862312444837,0.6063548102383054,0.6107044593261693
449,0.7814998030662537,0.8331862312444837,0.6050308914386584,0.6069667237709598
450,0.771085798740387,0.8278905560458959,0.5992939099735216,0.6068109847894928
451,0.786224901676178,0.824360105913504,0.6028243601059136,0.6050978559933551
452,0.8198751211166382,0.823477493380406,0.6001765225066196,0.6081088096350517
453,0.801045298576355,0.8287731685789939,0.6019417475728155,0.6140268909308
454,0.7611724138259888,0.8393645189761695,0.6015004413062666,0.614338368893734
455,0.7281347513198853,0.8367166813768756,0.5992939099735216,0.6120541971655505
456,0.7827425599098206,0.8411297440423654,0.6045895851721095,0.6127809790790635
457,0.8113315105438232,0.8393645189761695,0.6050308914386584,0.6116388932149717
458,0.7928295731544495,0.8349514563106796,0.6010591350397175,0.6107563723199917
459,0.8068597912788391,0.8375992939099736,0.6037069726390115,0.6077973316721176
460,0.7960631847381592,0.8349514563106796,0.6142983230361871,0.6089394175362093
461,0.8153123259544373,0.8323036187113857,0.6054721977052074,0.6077973316721176
462,0.8192141652107239,0.8323036187113857,0.6090026478375993,0.61049680735088
463,0.7659358382225037,0.8358340688437775,0.6063548102383054,0.6120022841717282
464,0.7834842205047607,0.8296557811120918,0.5979699911738746,0.6112235892643929
465,0.8307415843009949,0.8296557811120918,0.6067961165048543,0.6147536728443129
466,0.7918678522109985,0.8296557811120918,0.6063548102383054,0.6184914083995224
467,0.7900697588920593,0.8446601941747572,0.618270079435128,0.61755697451072
468,0.7919527292251587,0.8481906443071492,0.6134157105030892,0.61579193272076
469,0.7639820575714111,0.8437775816416593,0.6090026478375993,0.6181280174427659
470,0.8028562068939209,0.8411297440423654,0.6125330979699912,0.6176608004983647
471,0.7884669303894043,0.8367166813768756,0.617828773168579,0.6185433213933448
472,0.8088006377220154,0.8393645189761695,0.6112091791703442,0.6196854072574365
473,0.7755550742149353,0.8340688437775816,0.616504854368932,0.6186471473809895
474,0.7848211526870728,0.8278905560458959,0.6116504854368932,0.6135596739863988
475,0.8189549446105957,0.8323036187113857,0.6107678729037952,0.6137673259616883
476,0.7765618562698364,0.8358340688437775,0.6063548102383054,0.610808285313814
477,0.8131535649299622,0.8314210061782877,0.6023830538393645,0.6082126356226963
478,0.7693138122558594,0.8393645189761695,0.6050308914386584,0.608004983647407
479,0.7996978759765625,0.8411297440423654,0.6081200353045013,0.6094585474744328
480,0.7905431985855103,0.8393645189761695,0.6134157105030892,0.6144421948813789
481,0.7893548607826233,0.8367166813768756,0.617828773168579,0.6151689767948918
482,0.8128581047058105,0.8375992939099736,0.6112091791703442,0.6136115869802211
483,0.7953372597694397,0.8411297440423654,0.6076787290379524,0.6076415926906504
484,0.7551647424697876,0.8375992939099736,0.6050308914386584,0.6064995068265587
485,0.7981326580047607,0.8481906443071492,0.6028243601059136,0.6100295904064787
486,0.7784038186073303,0.8437775816416593,0.6085613415710504,0.6140268909308
487,0.7821359634399414,0.8384819064430715,0.6094439541041483,0.611690806208794
488,0.7847109436988831,0.8349514563106796,0.6019417475728155,0.6041115091107304
489,0.7834209203720093,0.8349514563106796,0.6041482789055604,0.6087317655609199
490,0.8162401914596558,0.8411297440423654,0.6151809355692851,0.6163629756528058
491,0.7809107303619385,0.8375992939099736,0.6045895851721095,0.6146498468566682
492,0.8045464754104614,0.8411297440423654,0.6081200353045013,0.6134558479987541
493,0.7992127537727356,0.8323036187113857,0.5992939099735216,0.6109640242952811
494,0.8239554166793823,0.8323036187113857,0.5953221535745807,0.6100815034003011
495,0.8014572262763977,0.8305383936451898,0.6081200353045013,0.6136115869802211
496,0.8320598006248474,0.8261253309796999,0.6209179170344219,0.6188028863624565
497,0.8261732459068298,0.823477493380406,0.6142983230361871,0.611690806208794
498,0.832870364189148,0.8358340688437775,0.6063548102383054,0.6038000311477963
499,0.8645985126495361,0.8384819064430715,0.6067961165048543,0.6100295904064787
500,0.8325991630554199,0.8296557811120918,0.6107678729037952,0.6119503711779058
501,0.8246797919273376,0.823477493380406,0.6112091791703442,0.6119503711779058
502,0.8208122253417969,0.8314210061782877,0.6094439541041483,0.6117427192026165
503,0.7884618639945984,0.8323036187113857,0.6081200353045013,0.613871151949333
504,0.7810968160629272,0.8323036187113857,0.6054721977052074,0.61314437003582
505,0.8158203363418579,0.8349514563106796,0.6023830538393645,0.608004983647407
506,0.7918861508369446,0.8375992939099736,0.6019417475728155,0.6062399418574469
507,0.8009582161903381,0.8437775816416593,0.6032656663724625,0.6091989825053211
508,0.789844810962677,0.8446601941747572,0.6023830538393645,0.6109640242952811
509,0.7941746115684509,0.8437775816416593,0.5979699911738746,0.614182629912267
510,0.7993329167366028,0.8314210061782877,0.6019417475728155,0.6117946321964388
511,0.7911921739578247,0.8270079435127978,0.5997352162400706,0.607278201733894
512,0.8169423937797546,0.8323036187113857,0.5970873786407767,0.6070186367647822
513,0.7671087980270386,0.8305383936451898,0.6001765225066196,0.607278201733894
514,0.8107731342315674,0.8314210061782877,0.6054721977052074,0.6110678502829258
515,0.8009758591651917,0.8375992939099736,0.6015004413062666,0.6123137621346623
516,0.7638459801673889,0.8393645189761695,0.5926743159752869,0.6060842028759799
517,0.8064514994621277,0.8428949691085613,0.6023830538393645,0.610652546332347
518,0.7692990899085999,0.8323036187113857,0.6059135039717564,0.6136634999740435
519,0.7693990468978882,0.8323036187113857,0.6063548102383054,0.6097181124435446
520,0.7726942896842957,0.8296557811120918,0.6041482789055604,0.6079011576597623
521,0.8059055209159851,0.8367166813768756,0.5992939099735216,0.6077973316721176
522,0.77114337682724,0.8411297440423654,0.5997352162400706,0.6067590717956705
523,0.7585425972938538,0.8437775816416593,0.6032656663724625,0.6063956808389139
524,0.8011943697929382,0.8375992939099736,0.6037069726390115,0.6067590717956705
525,0.7587952613830566,0.8411297440423654,0.6072374227714034,0.6097181124435446
526,0.7321314215660095,0.8402471315092674,0.6116504854368932,0.6125214141099518
527,0.7753564715385437,0.8446601941747572,0.6015004413062666,0.6070705497586045
528,0.7827506065368652,0.8393645189761695,0.6001765225066196,0.6053574209624669
529,0.7781111598014832,0.8411297440423654,0.6063548102383054,0.6070186367647822
530,0.7805309295654297,0.8384819064430715,0.6045895851721095,0.6041634221045528
531,0.7946499586105347,0.8455428067078552,0.6081200353045013,0.6086798525670976
532,0.8300708532333374,0.8428949691085613,0.6098852603706972,0.6124695011161294
533,0.7465993762016296,0.8358340688437775,0.5992939099735216,0.6077454186782951
534,0.7836610078811646,0.8420123565754634,0.6006178287731686,0.6038000311477963
535,0.8135858774185181,0.8367166813768756,0.5984112974404237,0.604942117011888
536,0.8155638575553894,0.8252427184466019,0.6041482789055604,0.607122462752427
537,0.7840655446052551,0.8287731685789939,0.6023830538393645,0.6067071588018481
538,0.7993820905685425,0.8305383936451898,0.5988526037069727,0.6043710740798421
539,0.8066427111625671,0.8331862312444837,0.5962047661076787,0.6050978559933551
540,0.8385647535324097,0.8349514563106796,0.6067961165048543,0.608160722628874
541,0.7837149500846863,0.8261253309796999,0.6041482789055604,0.6109121113014587
542,0.7893766760826111,0.823477493380406,0.6037069726390115,0.6134039350049317
543,0.7966187000274658,0.8217122683142101,0.6090026478375993,0.609770025437367
544,0.8532257080078125,0.8287731685789939,0.6041482789055604,0.6123137621346623
545,0.8075047135353088,0.8340688437775816,0.6151809355692851,0.6127290660852411
546,0.8170626759529114,0.8402471315092674,0.6045895851721095,0.6054612469501116
547,0.8161786198616028,0.8323036187113857,0.6050308914386584,0.6040076831230857
548,0.812094509601593,0.8261253309796999,0.6081200353045013,0.6071743757462493
549,0.7998374700546265,0.8323036187113857,0.6059135039717564,0.6082645486165187
550,0.817107081413269,0.8340688437775816,0.6032656663724625,0.6102891553755905
551,0.831570565700531,0.8305383936451898,0.6023830538393645,0.6095623734620775
552,0.8411108255386353,0.8199470432480142,0.6001765225066196,0.605513159943934
553,0.7861942052841187,0.8208296557811121,0.5997352162400706,0.602138815345481
554,0.7704809904098511,0.8296557811120918,0.5957634598411298,0.5998027306234751
555,0.7888427972793579,0.8393645189761695,0.5962047661076787,0.5999065566111198
556,0.7908011078834534,0.8384819064430715,0.6076787290379524,0.6077973316721176
557,0.779285192489624,0.8287731685789939,0.6081200353045013,0.6134558479987541
558,0.772723913192749,0.8278905560458959,0.6090026478375993,0.6139749779369776
559,0.7979723215103149,0.8384819064430715,0.6041482789055604,0.6094585474744328
560,0.8129891753196716,0.8384819064430715,0.6063548102383054,0.6144941078752012
561,0.7874466180801392,0.8323036187113857,0.6059135039717564,0.6121580231531952
562,0.8240617513656616,0.8305383936451898,0.6072374227714034,0.6087836785547422
563,0.7856370210647583,0.8314210061782877,0.6028243601059136,0.6071743757462493
564,0.8042265772819519,0.8367166813768756,0.6076787290379524,0.6065514198203811
565,0.7779144644737244,0.8296557811120918,0.5992939099735216,0.603021336240461
566,0.7973655462265015,0.823477493380406,0.5997352162400706,0.6022426413331257
567,0.7724860906600952,0.822594880847308,0.6045895851721095,0.6052535949748222
568,0.823922336101532,0.822594880847308,0.6107678729037952,0.6095623734620775
569,0.7789892554283142,0.8217122683142101,0.6032656663724625,0.6089394175362093
570,0.7923209071159363,0.822594880847308,0.5979699911738746,0.6005814255308104
571,0.802117645740509,0.8314210061782877,0.6059135039717564,0.6087836785547422
572,0.8015088438987732,0.8340688437775816,0.6010591350397175,0.6113274152520376
573,0.8021013140678406,0.8349514563106796,0.6010591350397175,0.6142345429060894
574,0.8493316173553467,0.8252427184466019,0.6063548102383054,0.6108601983076364
575,0.816287100315094,0.8349514563106796,0.6054721977052074,0.6068109847894928
576,0.8181289434432983,0.8358340688437775,0.6107678729037952,0.6069148107771375
577,0.8312383890151978,0.8296557811120918,0.6032656663724625,0.6056169859315786
578,0.8040822148323059,0.8278905560458959,0.5966460723742277,0.6067071588018481
579,0.8112618327140808,0.8323036187113857,0.5962047661076787,0.6034366401910398
580,0.8019261956214905,0.8358340688437775,0.5935569285083848,0.6061880288636246
581,0.8090409636497498,0.8393645189761695,0.5939982347749339,0.6089394175362093
582,0.8118669390678406,0.8411297440423654,0.6045895851721095,0.614338368893734
583,0.7868947386741638,0.8331862312444837,0.6050308914386584,0.6147017598504906
584,0.780603289604187,0.8428949691085613,0.6085613415710504,0.6174531485230753
585,0.7848700881004333,0.8384819064430715,0.6028243601059136,0.6100815034003011
586,0.7864896655082703,0.8499558693733451,0.6037069726390115,0.607278201733894
587,0.8171570301055908,0.8561341571050309,0.6147396293027361,0.614182629912267
588,0.7818260192871094,0.8455428067078552,0.6134157105030892,0.61755697451072
589,0.7926444411277771,0.8349514563106796,0.6090026478375993,0.6101334163941234
590,0.7590397596359253,0.8349514563106796,0.6072374227714034,0.6107044593261693
591,0.7754465341567993,0.8402471315092674,0.6063548102383054,0.61049680735088
592,0.7510910630226135,0.8384819064430715,0.6050308914386584,0.6076935056844728
593,0.7627843618392944,0.8314210061782877,0.6006178287731686,0.6086279395732752
594,0.7600363492965698,0.8411297440423654,0.5979699911738746,0.6023464673207704
595,0.7890870571136475,0.8411297440423654,0.5957634598411298,0.6019311633701916
596,0.7621739506721497,0.8437775816416593,0.6001765225066196,0.607278201733894
597,0.7442253232002258,0.8384819064430715,0.6063548102383054,0.6098738514250117
598,0.7612361907958984,0.8358340688437775,0.6063548102383054,0.6110159372891034
599,0.7616101503372192,0.8411297440423654,0.6063548102383054,0.6091989825053211
600,0.762873649597168,0.8384819064430715,0.6037069726390115,0.6102891553755905
601,0.8047903776168823,0.8402471315092674,0.6090026478375993,0.6081088096350517
602,0.7748932242393494,0.8402471315092674,0.6028243601059136,0.6082645486165187
603,0.7269111275672913,0.8375992939099736,0.5979699911738746,0.6049940300057104
604,0.7635537385940552,0.8323036187113857,0.5939982347749339,0.6011524684628563
605,0.7718292474746704,0.8349514563106796,0.5988526037069727,0.6042153350983751
606,0.7850787043571472,0.8393645189761695,0.6015004413062666,0.6068109847894928
607,0.7649424076080322,0.8481906443071492,0.6032656663724625,0.6067071588018481
608,0.7577452659606934,0.8490732568402471,0.6054721977052074,0.6103410683694128
609,0.7789357304573059,0.8473080317740512,0.6045895851721095,0.6098738514250117
610,0.7935765981674194,0.8411297440423654,0.5997352162400706,0.6050978559933551
611,0.8120090365409851,0.8420123565754634,0.5944395410414828,0.6023983803145927
612,0.820507287979126,0.8402471315092674,0.5917917034421889,0.6022426413331257
613,0.7844693064689636,0.8420123565754634,0.5997352162400706,0.6050978559933551
614,0.8550211787223816,0.8428949691085613,0.5975286849073257,0.6037481181539739
615,0.7742906808853149,0.8384819064430715,0.5944395410414828,0.6036442921663292
616,0.7975631952285767,0.8420123565754634,0.5922330097087378,0.6020869023516586
617,0.8250370025634766,0.8367166813768756,0.588261253309797,0.6015677724134351
618,0.8124118447303772,0.8314210061782877,0.5917917034421889,0.6026060322898822
619,0.8065081238746643,0.8305383936451898,0.5922330097087378,0.6038519441416187
620,0.7900891900062561,0.8340688437775816,0.5966460723742277,0.6054093339562893
621,0.8132473826408386,0.8420123565754634,0.5992939099735216,0.6068109847894928
622,0.8345032930374146,0.8305383936451898,0.5948808473080318,0.6026060322898822
623,0.8254506587982178,0.8296557811120918,0.5944395410414828,0.6082645486165187
624,0.8035309314727783,0.824360105913504,0.5957634598411298,0.6082126356226963
625,0.796848475933075,0.8208296557811121,0.5904677846425419,0.6073820277215387
626,0.7968981862068176,0.8331862312444837,0.5926743159752869,0.6116388932149717
627,0.8153557777404785,0.8340688437775816,0.5962047661076787,0.6105487203447023
628,0.770060658454895,0.8384819064430715,0.5904677846425419,0.6040076831230857
629,0.7608258724212646,0.8358340688437775,0.5970873786407767,0.6044229870736645
630,0.7841445803642273,0.8314210061782877,0.5992939099735216,0.6068109847894928
631,0.7821709513664246,0.8358340688437775,0.5926743159752869,0.6037481181539739
632,0.8191022276878357,0.8340688437775816,0.5922330097087378,0.6052535949748222
633,0.7634097933769226,0.8331862312444837,0.6010591350397175,0.6107563723199917
634,0.7892389893531799,0.8481906443071492,0.6103265666372463,0.6150651508072471
635,0.7852746844291687,0.8437775816416593,0.615622241835834,0.6157400197269377
636,0.7759280204772949,0.8428949691085613,0.6129744042365401,0.6145979338628459
637,0.7830973267555237,0.8420123565754634,0.6076787290379524,0.6141307169184447
638,0.7669658064842224,0.8455428067078552,0.6037069726390115,0.6164148886466283
639,0.7274166941642761,0.8464254192409533,0.6001765225066196,0.6142864558999117
640,0.7457624077796936,0.8455428067078552,0.6010591350397175,0.613871151949333
641,0.7485842704772949,0.8455428067078552,0.5997352162400706,0.6074858537091834
642,0.725337028503418,0.8420123565754634,0.5984112974404237,0.6069148107771375
643,0.7394680380821228,0.8420123565754634,0.5988526037069727,0.608316461610341
644,0.7383352518081665,0.8428949691085613,0.6032656663724625,0.6086798525670976
645,0.7407528162002563,0.8340688437775816,0.6041482789055604,0.6085241135856305
646,0.7850950360298157,0.8393645189761695,0.5962047661076787,0.6091470695114988
647,0.7625479102134705,0.8411297440423654,0.5935569285083848,0.6101334163941234
648,0.7884253263473511,0.8428949691085613,0.5939982347749339,0.6137673259616883
649,0.7857312560081482,0.8411297440423654,0.5979699911738746,0.6128848050667082
650,0.7647746801376343,0.8340688437775816,0.5957634598411298,0.6060322898821575
651,0.7979264259338379,0.8473080317740512,0.5966460723742277,0.6044229870736645
652,0.8004987835884094,0.8420123565754634,0.5944395410414828,0.6067590717956705
653,0.795348584651947,0.8314210061782877,0.589143865842895,0.6009448164875668
654,0.7966642379760742,0.8367166813768756,0.589143865842895,0.6023983803145927
655,0.7950953245162964,0.8437775816416593,0.5944395410414828,0.6010486424752115
656,0.7838640213012695,0.8314210061782877,0.5975286849073257,0.6059803768883352
657,0.7943786382675171,0.8367166813768756,0.6028243601059136,0.6137154129678658
658,0.8154425024986267,0.8340688437775816,0.6028243601059136,0.6176088875045423
659,0.795432984828949,0.8464254192409533,0.6059135039717564,0.6087317655609199
660,0.840701162815094,0.8437775816416593,0.6037069726390115,0.6034885531848622
661,0.7682938575744629,0.852603706972639,0.5957634598411298,0.6026579452837045
662,0.7898722887039185,0.8561341571050309,0.6006178287731686,0.605668898925401
663,0.8052846789360046,0.8411297440423654,0.6015004413062666,0.6096661994497222
664,0.7938453555107117,0.8464254192409533,0.5997352162400706,0.607278201733894
665,0.7812517285346985,0.8473080317740512,0.5970873786407767,0.608160722628874
666,0.7655127048492432,0.8446601941747572,0.6015004413062666,0.6087317655609199
667,0.7841513156890869,0.8481906443071492,0.6045895851721095,0.6112235892643929
668,0.7924116253852844,0.8455428067078552,0.6090026478375993,0.6151170638010695
669,0.824709415435791,0.8375992939099736,0.6059135039717564,0.6134558479987541
670,0.7755885124206543,0.8375992939099736,0.6054721977052074,0.6112235892643929
671,0.7673742771148682,0.8375992939099736,0.5984112974404237,0.6091470695114988
672,0.7628154754638672,0.8393645189761695,0.5926743159752869,0.6045787260551316
673,0.7689118385314941,0.8420123565754634,0.589143865842895,0.6063437678450916
674,0.7501214146614075,0.8411297440423654,0.5984112974404237,0.6111197632767482
675,0.7511307001113892,0.8402471315092674,0.6010591350397175,0.609770025437367
676,0.7879595756530762,0.8393645189761695,0.6028243601059136,0.6077973316721176
677,0.7661908268928528,0.8455428067078552,0.6032656663724625,0.6101853293879458
678,0.7852041125297546,0.8446601941747572,0.5931156222418358,0.6042153350983751
679,0.8180191516876221,0.8473080317740512,0.589585172109444,0.6014639464257904
680,0.7619221806526184,0.8446601941747572,0.5944395410414828,0.602294554326948
681,0.7584406733512878,0.8499558693733451,0.5917917034421889,0.6006333385246327
682,0.7786417603492737,0.855251544571933,0.5904677846425419,0.5958573430929762
683,0.7717545032501221,0.8481906443071492,0.5944395410414828,0.6034366401910398
684,0.8249005079269409,0.8331862312444837,0.5992939099735216,0.6101853293879458
685,0.7727504372596741,0.8340688437775816,0.6076787290379524,0.61314437003582
686,0.7962794899940491,0.8358340688437775,0.5997352162400706,0.6100295904064787
687,0.7599046230316162,0.8323036187113857,0.6006178287731686,0.6018792503763692
688,0.8005324602127075,0.8446601941747572,0.5970873786407767,0.6059284638945128
689,0.7253480553627014,0.8490732568402471,0.6041482789055604,0.609043243523854
690,0.7863098382949829,0.852603706972639,0.6045895851721095,0.6094066344806105
691,0.8146088719367981,0.8570167696381289,0.6041482789055604,0.6077973316721176
692,0.7738222479820251,0.852603706972639,0.5984112974404237,0.6084722005918082
693,0.7830531597137451,0.8455428067078552,0.6015004413062666,0.6150651508072471
694,0.7826856374740601,0.8358340688437775,0.6094439541041483,0.6158957587084047
695,0.7906631827354431,0.8358340688437775,0.6050308914386584,0.6152728027825365
696,0.7546533346176147,0.8455428067078552,0.6001765225066196,0.6111197632767482
697,0.8076996207237244,0.8446601941747572,0.5957634598411298,0.6042672480921975
698,0.7626800537109375,0.8446601941747572,0.5992939099735216,0.6073301147277164
699,0.7815294861793518,0.8455428067078552,0.6015004413062666,0.6085241135856305
700,0.7801102995872498,0.8420123565754634,0.5966460723742277,0.6058246379068681
701,0.7843708395957947,0.8446601941747572,0.5944395410414828,0.6051497689871775
702,0.7569217085838318,0.8375992939099736,0.5957634598411298,0.6043191610860198
703,0.8071706891059875,0.8402471315092674,0.6059135039717564,0.6093028084929658
704,0.8033438920974731,0.8428949691085613,0.6094439541041483,0.61490941182578
705,0.7873124480247498,0.8402471315092674,0.6059135039717564,0.6100295904064787
706,0.7782990336418152,0.8367166813768756,0.5979699911738746,0.6054612469501116
707,0.7720988988876343,0.8437775816416593,0.6001765225066196,0.6020869023516586
708,0.7414296269416809,0.8420123565754634,0.5926743159752869,0.5974666459014691
709,0.7795568704605103,0.8473080317740512,0.6019417475728155,0.6047344650365987
710,0.7800847291946411,0.8446601941747572,0.6041482789055604,0.611535067227327
711,0.7334983944892883,0.8455428067078552,0.6067961165048543,0.6099257644188341
712,0.7414964437484741,0.8358340688437775,0.6050308914386584,0.6096661994497222
713,0.7541777491569519,0.8375992939099736,0.6063548102383054,0.6125214141099518
714,0.7638413310050964,0.8446601941747572,0.6076787290379524,0.6098738514250117
715,0.7651367783546448,0.8446601941747572,0.6006178287731686,0.6054612469501116
716,0.7566449642181396,0.8473080317740512,0.6023830538393645,0.6082126356226963
717,0.75910884141922,0.8428949691085613,0.6032656663724625,0.6055650729377563
718,0.7932755947113037,0.8473080317740512,0.6010591350397175,0.6070186367647822
719,0.7744100093841553,0.8464254192409533,0.6120917917034422,0.6113793282458599
720,0.7717345356941223,0.8402471315092674,0.6032656663724625,0.6105487203447023
721,0.7682072520256042,0.8358340688437775,0.6041482789055604,0.6125214141099518
722,0.810390830039978,0.8464254192409533,0.5984112974404237,0.6070186367647822
723,0.811571478843689,0.8508384819064431,0.5948808473080318,0.6029694232466386
724,0.7714028358459473,0.8420123565754634,0.5953221535745807,0.6010486424752115
725,0.7630100250244141,0.8367166813768756,0.5975286849073257,0.6017235113949021
726,0.8032839894294739,0.8384819064430715,0.6041482789055604,0.6047344650365987
727,0.8153550028800964,0.8420123565754634,0.6138570167696381,0.6082126356226963
728,0.7810168266296387,0.8367166813768756,0.6085613415710504,0.6091470695114988
729,0.7327301502227783,0.8340688437775816,0.6059135039717564,0.6091989825053211
730,0.8002853989601135,0.8349514563106796,0.6028243601059136,0.6043191610860198
731,0.788406491279602,0.8420123565754634,0.590026478375993,0.6026060322898822
732,0.8054744601249695,0.8428949691085613,0.5913503971756399,0.6026579452837045
733,0.7537873983383179,0.8411297440423654,0.5909090909090909,0.6011524684628563
734,0.8062207698822021,0.8446601941747572,0.5931156222418358,0.5999065566111198
735,0.766918420791626,0.8411297440423654,0.5939982347749339,0.6041634221045528
736,0.7554524540901184,0.8446601941747572,0.6067961165048543,0.6077454186782951
737,0.7870572209358215,0.8464254192409533,0.6094439541041483,0.6088355915485646
738,0.7412421107292175,0.8464254192409533,0.6085613415710504,0.6088355915485646
739,0.7577548623085022,0.8402471315092674,0.6103265666372463,0.607278201733894
740,0.7429607510566711,0.8446601941747572,0.5962047661076787,0.6032809012095728
741,0.7857134938240051,0.8428949691085613,0.5962047661076787,0.604786378030421
742,0.7724035382270813,0.8455428067078552,0.5997352162400706,0.6044229870736645
743,0.7547281980514526,0.8464254192409533,0.6045895851721095,0.603903857135441
744,0.7808734774589539,0.8428949691085613,0.5979699911738746,0.6062918548512692
745,0.7857845425605774,0.8464254192409533,0.5992939099735216,0.6062399418574469
746,0.750872015953064,0.8375992939099736,0.5975286849073257,0.6010486424752115
747,0.7739994525909424,0.8402471315092674,0.5917917034421889,0.5985568187717386
748,0.7552367448806763,0.8428949691085613,0.5939982347749339,0.6013601204381457
749,0.7360926270484924,0.8411297440423654,0.5931156222418358,0.5988163837408503
750,0.7680656313896179,0.8455428067078552,0.5984112974404237,0.6025541192960598
751,0.7590905427932739,0.8446601941747572,0.6059135039717564,0.6050459429995327
752,0.7595030665397644,0.852603706972639,0.6050308914386584,0.6079011576597623
753,0.7701814770698547,0.852603706972639,0.6076787290379524,0.608004983647407
754,0.7584835886955261,0.8473080317740512,0.6112091791703442,0.6076935056844728
755,0.7691283226013184,0.8411297440423654,0.6094439541041483,0.6070705497586045
756,0.8234429359436035,0.8508384819064431,0.6147396293027361,0.6110159372891034
757,0.7513155937194824,0.852603706972639,0.6085613415710504,0.6085241135856305
758,0.7466937303543091,0.8508384819064431,0.6085613415710504,0.6102891553755905
759,0.790675699710846,0.8490732568402471,0.6081200353045013,0.6094066344806105
760,0.81894850730896,0.8473080317740512,0.6103265666372463,0.6118984581840835
761,0.7690484523773193,0.8490732568402471,0.6072374227714034,0.61314437003582
762,0.8167915940284729,0.8411297440423654,0.6010591350397175,0.6087836785547422
763,0.7567285895347595,0.8437775816416593,0.6015004413062666,0.6062399418574469
764,0.7431991696357727,0.8402471315092674,0.6054721977052074,0.6028655972589939
765,0.814335823059082,0.8367166813768756,0.5970873786407767,0.5979338628458704
766,0.7990095019340515,0.855251544571933,0.5939982347749339,0.5968436899756009
767,0.7701377868652344,0.8605472197705207,0.6019417475728155,0.6038000311477963
768,0.7790856957435608,0.853486319505737,0.5988526037069727,0.6032289882157504
769,0.7877961993217468,0.8437775816416593,0.5984112974404237,0.6034366401910398
770,0.8070942163467407,0.8464254192409533,0.5984112974404237,0.6036962051601515
771,0.7401058673858643,0.8481906443071492,0.6050308914386584,0.6035923791725069
772,0.7346636652946472,0.8490732568402471,0.6019417475728155,0.6038000311477963
773,0.7209579348564148,0.8508384819064431,0.6028243601059136,0.6019311633701916
774,0.7210036516189575,0.8640776699029126,0.5944395410414828,0.5983491667964491
775,0.8148394823074341,0.8570167696381289,0.6006178287731686,0.6004256865493433
776,0.7710590362548828,0.8508384819064431,0.6045895851721095,0.6001142085864092
777,0.7998383045196533,0.853486319505737,0.6028243601059136,0.6005814255308104
778,0.7525650858879089,0.8490732568402471,0.5909090909090909,0.5968436899756009
779,0.7729302644729614,0.8420123565754634,0.590026478375993,0.5962207340497326
780,0.758371114730835,0.8437775816416593,0.5970873786407767,0.6032809012095728
781,0.7798250913619995,0.8481906443071492,0.5909090909090909,0.6034885531848622
782,0.7951372265815735,0.8570167696381289,0.5944395410414828,0.6050459429995327
783,0.775287926197052,0.8578993821712269,0.6050308914386584,0.6065514198203811
784,0.7320806384086609,0.8473080317740512,0.6023830538393645,0.6073820277215387
785,0.7572470903396606,0.8446601941747572,0.6023830538393645,0.6059284638945128
786,0.7519259452819824,0.8437775816416593,0.6054721977052074,0.6079011576597623
787,0.7461758852005005,0.8490732568402471,0.6045895851721095,0.6099776774126564
788,0.7798914909362793,0.8481906443071492,0.6006178287731686,0.6103929813632352
789,0.7536990642547607,0.8481906443071492,0.5948808473080318,0.6020869023516586
790,0.7699593901634216,0.8420123565754634,0.5957634598411298,0.6029175102528163
791,0.7689828276634216,0.8481906443071492,0.5944395410414828,0.6042153350983751
792,0.7824720144271851,0.8446601941747572,0.5948808473080318,0.6042672480921975
793,0.7387694120407104,0.8578993821712269,0.6054721977052074,0.6066552458080258
794,0.7645622491836548,0.8623124448367167,0.6006178287731686,0.6065514198203811
795,0.7377230525016785,0.8640776699029126,0.5992939099735216,0.6094585474744328
796,0.7605561017990112,0.8508384819064431,0.6010591350397175,0.6092508954991435
797,0.7372356057167053,0.852603706972639,0.6037069726390115,0.6117946321964388
798,0.7320241928100586,0.8570167696381289,0.6067961165048543,0.6118984581840835
799,0.7536537051200867,0.8587819947043248,0.6001765225066196,0.6046825520427763
800,0.7263286113739014,0.8587819947043248,0.6015004413062666,0.6033328142033951
801,0.7570416927337646,0.853486319505737,0.6019417475728155,0.6042672480921975
802,0.7654215693473816,0.8464254192409533,0.6085613415710504,0.6087317655609199
803,0.7100232243537903,0.8481906443071492,0.6023830538393645,0.6096661994497222
804,0.7537599205970764,0.855251544571933,0.5939982347749339,0.6014639464257904
805,0.8112406134605408,0.8578993821712269,0.6028243601059136,0.6072262887400717
806,0.7264875173568726,0.8490732568402471,0.5979699911738746,0.6070705497586045
807,0.7371280193328857,0.8587819947043248,0.5917917034421889,0.6033847271972175
808,0.7844547629356384,0.8578993821712269,0.5860547219770521,0.6003218605616986
809,0.8229280114173889,0.8596646072374228,0.5851721094439541,0.602294554326948
810,0.753524124622345,0.8578993821712269,0.5992939099735216,0.6041634221045528
811,0.799983561038971,0.853486319505737,0.6081200353045013,0.6097181124435446
812,0.7583967447280884,0.855251544571933,0.6112091791703442,0.6126252400975964
813,0.7742346525192261,0.851721094439541,0.6094439541041483,0.6076935056844728
814,0.732786238193512,0.853486319505737,0.6081200353045013,0.6061880288636246
815,0.8175625205039978,0.8490732568402471,0.6107678729037952,0.6054612469501116
816,0.7545287609100342,0.8455428067078552,0.6090026478375993,0.6044229870736645
817,0.7727843523025513,0.8473080317740512,0.6072374227714034,0.6028136842651716
818,0.7405449748039246,0.8464254192409533,0.6072374227714034,0.5999065566111198
819,0.7796514630317688,0.8455428067078552,0.5979699911738746,0.5982972538026268
820,0.7503601908683777,0.8437775816416593,0.5913503971756399,0.5984010797902715
821,0.795781672000885,0.8420123565754634,0.589585172109444,0.6018273373825469
822,0.7506315112113953,0.8473080317740512,0.588261253309797,0.6004775995431657
823,0.7473228573799133,0.852603706972639,0.5966460723742277,0.6048382910242434
824,0.7906678318977356,0.8446601941747572,0.6037069726390115,0.6064995068265587
825,0.7784736156463623,0.8508384819064431,0.6085613415710504,0.6035404661786845
826,0.758517861366272,0.8578993821712269,0.6037069726390115,0.6053055079686446
827,0.7938787341117859,0.8578993821712269,0.5988526037069727,0.6040595961169081
828,0.764625072479248,0.853486319505737,0.6054721977052074,0.6125214141099518
829,0.7669252157211304,0.8384819064430715,0.6081200353045013,0.6125214141099518
830,0.8103694319725037,0.8393645189761695,0.6112091791703442,0.6121580231531952
831,0.762649416923523,0.852603706972639,0.6037069726390115,0.6067071588018481
832,0.7791645526885986,0.8446601941747572,0.6067961165048543,0.6066033328142034
833,0.7553118467330933,0.8490732568402471,0.6112091791703442,0.6076415926906504
834,0.7982078790664673,0.8402471315092674,0.6059135039717564,0.6072262887400717
835,0.7818440794944763,0.8420123565754634,0.6023830538393645,0.6064995068265587
836,0.7455455660820007,0.8420123565754634,0.6015004413062666,0.6035923791725069
837,0.7480171322822571,0.8464254192409533,0.6037069726390115,0.600529512536988
838,0.7854162454605103,0.8464254192409533,0.5975286849073257,0.5977781238644032
839,0.7945646643638611,0.8578993821712269,0.5935569285083848,0.601256294450501
840,0.759516716003418,0.8570167696381289,0.6015004413062666,0.6017235113949021
841,0.780010461807251,0.8437775816416593,0.6072374227714034,0.6070186367647822
842,0.7641569375991821,0.8455428067078552,0.6059135039717564,0.604786378030421
843,0.7840895056724548,0.8481906443071492,0.6037069726390115,0.6027617712713492
844,0.7805899977684021,0.8499558693733451,0.5935569285083848,0.6045787260551316
845,0.7673676609992981,0.8499558693733451,0.5966460723742277,0.6094585474744328
846,0.752446711063385,0.8437775816416593,0.5970873786407767,0.6093028084929658
847,0.7791716456413269,0.8543689320388349,0.6059135039717564,0.6124175881223071
848,0.7848860621452332,0.8543689320388349,0.5979699911738746,0.6086279395732752
849,0.7437193393707275,0.8464254192409533,0.5957634598411298,0.601256294450501
850,0.7746654748916626,0.8499558693733451,0.6006178287731686,0.6029694232466386
851,0.7401143312454224,0.8420123565754634,0.6059135039717564,0.6060842028759799
852,0.7659478187561035,0.8358340688437775,0.6037069726390115,0.5998546436172975
853,0.7836492657661438,0.8411297440423654,0.5997352162400706,0.6027617712713492
854,0.7571402788162231,0.8331862312444837,0.5926743159752869,0.6023464673207704
855,0.7820504307746887,0.8358340688437775,0.5860547219770521,0.601256294450501
856,0.7824370265007019,0.8358340688437775,0.5856134157105031,0.6041115091107304
857,0.7566278576850891,0.8367166813768756,0.5944395410414828,0.6046825520427763
858,0.8149968981742859,0.8402471315092674,0.5953221535745807,0.6052535949748222
859,0.7630811929702759,0.8499558693733451,0.5948808473080318,0.6053574209624669
860,0.7628647089004517,0.8578993821712269,0.5988526037069727,0.6045787260551316
861,0.7769116163253784,0.8543689320388349,0.5992939099735216,0.6015158594196127
862,0.7904568910598755,0.855251544571933,0.5931156222418358,0.6045268130613093
863,0.7635853886604309,0.8605472197705207,0.5992939099735216,0.6069148107771375
864,0.7429478764533997,0.855251544571933,0.6054721977052074,0.6095623734620775
865,0.7734097242355347,0.8499558693733451,0.6050308914386584,0.6110678502829258
866,0.7664958834648132,0.8490732568402471,0.6059135039717564,0.6086279395732752
867,0.7688367962837219,0.853486319505737,0.6090026478375993,0.6143902818875565
868,0.7537513375282288,0.851721094439541,0.6134157105030892,0.6112755022582153
869,0.7425608038902283,0.8428949691085613,0.5979699911738746,0.607122462752427
870,0.7780047655105591,0.8446601941747572,0.5939982347749339,0.5999065566111198
871,0.7951495051383972,0.8464254192409533,0.5948808473080318,0.6023464673207704
872,0.7911475896835327,0.8446601941747572,0.5988526037069727,0.607278201733894
873,0.7687835097312927,0.8464254192409533,0.5997352162400706,0.607433940715361
874,0.7507895827293396,0.8437775816416593,0.6001765225066196,0.6074858537091834
875,0.7758910059928894,0.8428949691085613,0.5988526037069727,0.6011005554690338
876,0.795755922794342,0.8446601941747572,0.6019417475728155,0.6013601204381457
877,0.7448114156723022,0.8428949691085613,0.5913503971756399,0.5986606447593833
878,0.7516335844993591,0.855251544571933,0.590026478375993,0.601412033431968
879,0.7188616394996643,0.8614298323036187,0.5957634598411298,0.6031770752219281
880,0.7253023386001587,0.8587819947043248,0.6037069726390115,0.6040595961169081
881,0.7305050492286682,0.8464254192409533,0.5970873786407767,0.6036442921663292
882,0.7674165368080139,0.8561341571050309,0.5992939099735216,0.6072262887400717
883,0.7410404086112976,0.851721094439541,0.5939982347749339,0.6066033328142034
884,0.800483763217926,0.8508384819064431,0.5909090909090909,0.6036962051601515
885,0.731812596321106,0.8464254192409533,0.5948808473080318,0.6005814255308104
886,0.7886919975280762,0.8428949691085613,0.5917917034421889,0.5960649950682656
887,0.7903719544410706,0.8455428067078552,0.5922330097087378,0.598764470747028
888,0.7599838972091675,0.8437775816416593,0.5926743159752869,0.5974666459014691
889,0.7776576280593872,0.8411297440423654,0.5944395410414828,0.5994393396667186
890,0.7757135033607483,0.8420123565754634,0.6015004413062666,0.6001142085864092
891,0.7632201313972473,0.8428949691085613,0.6037069726390115,0.6029175102528163
892,0.7676570415496826,0.8402471315092674,0.6019417475728155,0.598037688833515
893,0.7883719801902771,0.8323036187113857,0.5992939099735216,0.6006333385246327
894,0.792057991027832,0.8340688437775816,0.5962047661076787,0.6007890775060998
895,0.7789662480354309,0.8411297440423654,0.6001765225066196,0.6041634221045528
896,0.7711567282676697,0.8411297440423654,0.6001765225066196,0.6034885531848622
897,0.8020039796829224,0.8508384819064431,0.5979699911738746,0.6052535949748222
898,0.7412875294685364,0.851721094439541,0.5962047661076787,0.5999584696049421
899,0.7685230374336243,0.8473080317740512,0.5992939099735216,0.602450293308415
900,0.7832748889923096,0.8411297440423654,0.6059135039717564,0.6085241135856305
901,0.7692527174949646,0.8384819064430715,0.6041482789055604,0.6107563723199917
902,0.7640160322189331,0.8367166813768756,0.6050308914386584,0.6087836785547422
903,0.7698162198066711,0.8411297440423654,0.6067961165048543,0.6077973316721176
904,0.7821627855300903,0.8490732568402471,0.6067961165048543,0.6109640242952811
905,0.7492947578430176,0.8481906443071492,0.6023830538393645,0.6053055079686446
906,0.7567729949951172,0.8428949691085613,0.5966460723742277,0.6023464673207704
907,0.7362647652626038,0.8367166813768756,0.5953221535745807,0.6017235113949021
908,0.7882364392280579,0.8349514563106796,0.5979699911738746,0.6049940300057104
909,0.7436754107475281,0.8393645189761695,0.6054721977052074,0.6084202875979857
910,0.7437072992324829,0.8455428067078552,0.6023830538393645,0.6105487203447023
911,0.7822124361991882,0.851721094439541,0.5992939099735216,0.6122618491408399
912,0.7261641621589661,0.853486319505737,0.6001765225066196,0.607122462752427
913,0.7346877455711365,0.8499558693733451,0.5953221535745807,0.604786378030421
914,0.7382845878601074,0.8437775816416593,0.588702559576346,0.6020349893578363
915,0.7290568351745605,0.8473080317740512,0.5939982347749339,0.6073301147277164
916,0.7503975033760071,0.851721094439541,0.6015004413062666,0.6109121113014587
917,0.7500886917114258,0.8561341571050309,0.5944395410414828,0.6074858537091834
918,0.7170969247817993,0.855251544571933,0.5948808473080318,0.6033328142033951
919,0.7336252331733704,0.8490732568402471,0.5953221535745807,0.6066552458080258
920,0.7274712324142456,0.8464254192409533,0.6028243601059136,0.6053574209624669
921,0.7613857984542847,0.8473080317740512,0.5926743159752869,0.605668898925401
922,0.7573234438896179,0.8411297440423654,0.5953221535745807,0.6026060322898822
923,0.7588334679603577,0.8455428067078552,0.5970873786407767,0.6055650729377563
924,0.7287164330482483,0.8614298323036187,0.6067961165048543,0.6099257644188341
925,0.7385626435279846,0.8596646072374228,0.5939982347749339,0.6044229870736645
926,0.7869550585746765,0.8570167696381289,0.5988526037069727,0.6086798525670976
927,0.7391262650489807,0.8490732568402471,0.6059135039717564,0.6135596739863988
928,0.7503308057785034,0.8561341571050309,0.6006178287731686,0.6137154129678658
929,0.7216407060623169,0.8605472197705207,0.6019417475728155,0.6114831542335046
930,0.7977964878082275,0.8543689320388349,0.5957634598411298,0.6077454186782951
931,0.731365978717804,0.8446601941747572,0.5984112974404237,0.6047344650365987
932,0.7998066544532776,0.8375992939099736,0.5957634598411298,0.6086798525670976
933,0.8016678690910339,0.8428949691085613,0.5944395410414828,0.6064475938327364
934,0.83230060338974,0.8481906443071492,0.5922330097087378,0.610652546332347
935,0.8045473098754883,0.8481906443071492,0.5988526037069727,0.6118984581840835
936,0.744234025478363,0.8508384819064431,0.5926743159752869,0.610808285313814
937,0.765532910823822,0.852603706972639,0.5926743159752869,0.608160722628874
938,0.7596012949943542,0.8455428067078552,0.5926743159752869,0.6053574209624669
939,0.7650538682937622,0.8481906443071492,0.588261253309797,0.6053574209624669
940,0.7742875814437866,0.852603706972639,0.589585172109444,0.6060322898821575
941,0.7811472415924072,0.8428949691085613,0.5953221535745807,0.6101853293879458
942,0.7673181891441345,0.8402471315092674,0.5979699911738746,0.611535067227327
943,0.7749717235565186,0.8437775816416593,0.6028243601059136,0.6098738514250117
944,0.8107428550720215,0.8446601941747572,0.6032656663724625,0.6098219384311894
945,0.7638786435127258,0.8570167696381289,0.589585172109444,0.6058765509006905
946,0.7424731254577637,0.852603706972639,0.5869373345101501,0.6025022063022375
947,0.7490849494934082,0.853486319505737,0.5917917034421889,0.6041634221045528
948,0.7539903521537781,0.8455428067078552,0.5939982347749339,0.6037481181539739
949,0.7296895384788513,0.8464254192409533,0.6050308914386584,0.6075896796968281
950,0.7243687510490417,0.8508384819064431,0.6019417475728155,0.6089913305300316
951,0.7416269183158875,0.8614298323036187,0.6006178287731686,0.6102891553755905
952,0.7874403595924377,0.8658428949691086,0.5979699911738746,0.6080568966412293
953,0.7479549646377563,0.8605472197705207,0.5988526037069727,0.6096142864558999
954,0.719833493232727,0.8605472197705207,0.6059135039717564,0.6117427192026165
955,0.7267261743545532,0.853486319505737,0.6054721977052074,0.6127290660852411
956,0.7730204463005066,0.8508384819064431,0.6094439541041483,0.611535067227327
957,0.769902765750885,0.8455428067078552,0.5992939099735216,0.6086279395732752
958,0.7607767581939697,0.8428949691085613,0.5944395410414828,0.6020869023516586
959,0.756356954574585,0.8473080317740512,0.5962047661076787,0.6048382910242434
960,0.7600060701370239,0.8490732568402471,0.6010591350397175,0.6048382910242434
961,0.7713457942008972,0.8499558693733451,0.6032656663724625,0.6063956808389139
962,0.7464287281036377,0.8402471315092674,0.6037069726390115,0.6059284638945128
963,0.7938608527183533,0.8428949691085613,0.5984112974404237,0.6040595961169081
964,0.7856671214103699,0.8446601941747572,0.6001765225066196,0.604630639048954
965,0.7647730708122253,0.852603706972639,0.6001765225066196,0.6016715984010798
966,0.7920492887496948,0.8473080317740512,0.5979699911738746,0.601256294450501
967,0.7642281651496887,0.8596646072374228,0.5988526037069727,0.6045268130613093
968,0.7869721055030823,0.8570167696381289,0.5975286849073257,0.6101334163941234
969,0.7366313934326172,0.8455428067078552,0.6006178287731686,0.6082645486165187
970,0.7734848260879517,0.853486319505737,0.5984112974404237,0.6107044593261693
971,0.7960314750671387,0.8473080317740512,0.6010591350397175,0.6062918548512692
972,0.7805441617965698,0.8578993821712269,0.5984112974404237,0.6033328142033951
973,0.7792069911956787,0.8561341571050309,0.5935569285083848,0.6026060322898822
974,0.7701424360275269,0.8481906443071492,0.6015004413062666,0.6062918548512692
975,0.741314709186554,0.8473080317740512,0.6023830538393645,0.6067590717956705
976,0.7567001581192017,0.851721094439541,0.6037069726390115,0.6075377667030057
977,0.7653983235359192,0.851721094439541,0.6010591350397175,0.609770025437367
978,0.8090810775756836,0.8596646072374228,0.6063548102383054,0.6137154129678658
979,0.7684284448623657,0.8623124448367167,0.6063548102383054,0.6155842807454706
980,0.7747964262962341,0.851721094439541,0.6015004413062666,0.6061880288636246
981,0.7800286412239075,0.8437775816416593,0.5962047661076787,0.6033847271972175
982,0.744975209236145,0.8473080317740512,0.5922330097087378,0.6025541192960598
983,0.7868363857269287,0.8455428067078552,0.5922330097087378,0.6042153350983751
984,0.7493664026260376,0.8428949691085613,0.586496028243601,0.6010486424752115
985,0.7726046442985535,0.8402471315092674,0.588702559576346,0.6008929034937445
986,0.7288135290145874,0.8481906443071492,0.5962047661076787,0.6091989825053211
987,0.7680930495262146,0.8508384819064431,0.5966460723742277,0.6140788039246223
988,0.7736325263977051,0.8490732568402471,0.6015004413062666,0.6134558479987541
989,0.7914611101150513,0.8508384819064431,0.5992939099735216,0.6087317655609199
990,0.7452934384346008,0.8464254192409533,0.5997352162400706,0.6030732492342833
991,0.7607595920562744,0.8499558693733451,0.6067961165048543,0.6063956808389139
992,0.7786771655082703,0.8481906443071492,0.5975286849073257,0.6082645486165187
993,0.7620018124580383,0.8499558693733451,0.5997352162400706,0.607122462752427
994,0.7188206315040588,0.8561341571050309,0.6023830538393645,0.6090951565176764
995,0.7329546809196472,0.851721094439541,0.6032656663724625,0.6106006333385247
996,0.7589227557182312,0.8455428067078552,0.5975286849073257,0.6070186367647822
997,0.7564660906791687,0.8543689320388349,0.6001765225066196,0.608160722628874
998,0.7501038908958435,0.8508384819064431,0.5931156222418358,0.6012043814566786
999,0.7461346983909607,0.8561341571050309,0.5931156222418358,0.6033328142033951
1000,0.7438636422157288,0.8481906443071492,0.5988526037069727,0.6065514198203811
1001,0.7532504796981812,0.852603706972639,0.6006178287731686,0.6081088096350517
1002,0.7187933921813965,0.852603706972639,0.6023830538393645,0.6059284638945128
1003,0.7285065650939941,0.8473080317740512,0.5966460723742277,0.6009967294813892
1004,0.7367140054702759,0.8455428067078552,0.5979699911738746,0.6021907283393033
1005,0.770084798336029,0.851721094439541,0.6037069726390115,0.6034885531848622
1006,0.7488484978675842,0.8543689320388349,0.6006178287731686,0.6037481181539739
1007,0.7302811741828918,0.8631950573698146,0.5922330097087378,0.5989721227223174
1008,0.7270346283912659,0.8570167696381289,0.5966460723742277,0.6006333385246327
1009,0.7197234630584717,0.8561341571050309,0.5953221535745807,0.6015677724134351
1010,0.7454541921615601,0.851721094439541,0.5962047661076787,0.5997508176296527
1011,0.7452264428138733,0.8543689320388349,0.5992939099735216,0.6018273373825469
1012,0.7643744349479675,0.8570167696381289,0.5953221535745807,0.6033328142033951
1013,0.7408007383346558,0.852603706972639,0.5988526037069727,0.6036962051601515
1014,0.7682368755340576,0.8428949691085613,0.5992939099735216,0.6075896796968281
1015,0.7493075132369995,0.8464254192409533,0.6045895851721095,0.614182629912267
1016,0.7835800051689148,0.8473080317740512,0.6050308914386584,0.6088875045423869
1017,0.7521733641624451,0.8446601941747572,0.5984112974404237,0.6084722005918082
1018,0.7733950614929199,0.8367166813768756,0.6032656663724625,0.6045268130613093
1019,0.7641007900238037,0.8446601941747572,0.6076787290379524,0.6035923791725069
1020,0.7956545948982239,0.8561341571050309,0.6010591350397175,0.6013082074443233
1021,0.7889125347137451,0.852603706972639,0.5962047661076787,0.6004775995431657
1022,0.7928102612495422,0.8428949691085613,0.5975286849073257,0.6017235113949021
1023,0.8155750036239624,0.8464254192409533,0.6041482789055604,0.608004983647407
1024,0.7991018891334534,0.8543689320388349,0.6028243601059136,0.609043243523854
1025,0.7450956106185913,0.853486319505737,0.5975286849073257,0.6029694232466386
1026,0.8126211166381836,0.8508384819064431,0.6010591350397175,0.604786378030421
1027,0.8184895515441895,0.8437775816416593,0.6050308914386584,0.6087317655609199
1028,0.745275616645813,0.8464254192409533,0.5997352162400706,0.6069667237709598
1029,0.7449991106987,0.8455428067078552,0.5922330097087378,0.6086798525670976
1030,0.8063798546791077,0.8508384819064431,0.5913503971756399,0.6084202875979857
1031,0.7687524557113647,0.8561341571050309,0.5957634598411298,0.6077973316721176
1032,0.7395234704017639,0.8561341571050309,0.6028243601059136,0.6088875045423869
1033,0.7192350625991821,0.8499558693733451,0.6059135039717564,0.6060842028759799
1034,0.7792912721633911,0.8499558693733451,0.6037069726390115,0.6066552458080258
1035,0.7833342552185059,0.8437775816416593,0.5970873786407767,0.6027617712713492
1036,0.7537806034088135,0.8393645189761695,0.5931156222418358,0.6054093339562893
1037,0.7613718509674072,0.8428949691085613,0.5979699911738746,0.6047344650365987
1038,0.7403815388679504,0.8428949691085613,0.5939982347749339,0.6006852515184551
1039,0.7590910792350769,0.8490732568402471,0.5962047661076787,0.6005814255308104
1040,0.7816252112388611,0.855251544571933,0.5970873786407767,0.6044749000674869
1041,0.7833678722381592,0.8561341571050309,0.5966460723742277,0.6036442921663292
1042,0.8079105019569397,0.851721094439541,0.6067961165048543,0.6110678502829258
1043,0.7996750473976135,0.8490732568402471,0.6151809355692851,0.6184914083995224
1044,0.7745875120162964,0.852603706972639,0.6120917917034422,0.6155323677516482
1045,0.7581619620323181,0.8499558693733451,0.5984112974404237,0.6082645486165187
1046,0.7941084504127502,0.8481906443071492,0.6032656663724625,0.6093547214867882
1047,0.750636100769043,0.8375992939099736,0.5984112974404237,0.6076415926906504
1048,0.7613700032234192,0.8349514563106796,0.6010591350397175,0.6051497689871775
1049,0.752461850643158,0.8393645189761695,0.6015004413062666,0.604786378030421
1050,0.7840181589126587,0.8375992939099736,0.5984112974404237,0.6003218605616986
1051,0.8090949058532715,0.8323036187113857,0.6076787290379524,0.603903857135441
1052,0.7698702216148376,0.8349514563106796,0.6045895851721095,0.6076935056844728
1053,0.7404767870903015,0.8402471315092674,0.6015004413062666,0.6050459429995327
1054,0.734643816947937,0.8481906443071492,0.5944395410414828,0.5990759487099621
1055,0.7397606372833252,0.8543689320388349,0.5825242718446602,0.5994912526605409
1056,0.7464203834533691,0.8490732568402471,0.589585172109444,0.6023464673207704
1057,0.7177998423576355,0.8508384819064431,0.5957634598411298,0.6080568966412293
1058,0.7389057278633118,0.8464254192409533,0.5979699911738746,0.6055650729377563
1059,0.7390140891075134,0.8481906443071492,0.5909090909090909,0.6030732492342833
1060,0.7572590112686157,0.8481906443071492,0.6006178287731686,0.6032809012095728
1061,0.720430850982666,0.8490732568402471,0.6037069726390115,0.6078492446659399
1062,0.7530866265296936,0.8473080317740512,0.6023830538393645,0.6087836785547422
1063,0.7727739810943604,0.8490732568402471,0.5948808473080318,0.6039557701292634
1064,0.7564263343811035,0.8455428067078552,0.5992939099735216,0.6002699475678762
1065,0.7684443593025208,0.8570167696381289,0.5948808473080318,0.6001661215802315
1066,0.7756118774414062,0.8605472197705207,0.5962047661076787,0.6023983803145927
1067,0.7602972984313965,0.8587819947043248,0.5979699911738746,0.6008409904999221
1068,0.7890694737434387,0.853486319505737,0.5939982347749339,0.6055650729377563
1069,0.7363718748092651,0.8393645189761695,0.5948808473080318,0.6034885531848622
1070,0.7482645511627197,0.8428949691085613,0.5953221535745807,0.6080568966412293
1071,0.746499240398407,0.8446601941747572,0.5913503971756399,0.5997508176296527
1072,0.7780297994613647,0.8428949691085613,0.6010591350397175,0.604942117011888
1073,0.7769173383712769,0.8446601941747572,0.6041482789055604,0.6091470695114988
1074,0.7695785760879517,0.8446601941747572,0.6023830538393645,0.6066552458080258
1075,0.8091927170753479,0.8437775816416593,0.5979699911738746,0.6014639464257904
1076,0.8077244162559509,0.851721094439541,0.5926743159752869,0.5992316876914292
1077,0.7670135498046875,0.852603706972639,0.5957634598411298,0.6019830763640139
1078,0.8126340508460999,0.8473080317740512,0.6032656663724625,0.6127290660852411
1079,0.7731529474258423,0.8428949691085613,0.5997352162400706,0.6122099361470176
1080,0.7808968424797058,0.8481906443071492,0.6041482789055604,0.6090951565176764
1081,0.7997461557388306,0.8464254192409533,0.5953221535745807,0.6040076831230857
1082,0.7759101986885071,0.8570167696381289,0.5935569285083848,0.6017754243887244
1083,0.7193205952644348,0.8481906443071492,0.589143865842895,0.600529512536988
1084,0.7668312788009644,0.8437775816416593,0.587378640776699,0.6029694232466386
1085,0.7540337443351746,0.8384819064430715,0.5913503971756399,0.6031251622281057
1086,0.7761754393577576,0.8375992939099736,0.5926743159752869,0.601412033431968
1087,0.7511122226715088,0.8437775816416593,0.5966460723742277,0.5976223848829362
1088,0.7571150064468384,0.8437775816416593,0.5953221535745807,0.5997508176296527
1089,0.7433328032493591,0.8464254192409533,0.6019417475728155,0.6075377667030057
1090,0.7639644145965576,0.851721094439541,0.5997352162400706,0.6070186367647822
1091,0.7912437915802002,0.8543689320388349,0.5988526037069727,0.6057727249130458
1092,0.7647935748100281,0.8570167696381289,0.5984112974404237,0.6099776774126564
1093,0.765607476234436,0.8587819947043248,0.588261253309797,0.6087836785547422
1094,0.7346820831298828,0.8596646072374228,0.5913503971756399,0.6072262887400717
1095,0.7473544478416443,0.8490732568402471,0.589143865842895,0.6031251622281057
1096,0.7846853137016296,0.8455428067078552,0.5909090909090909,0.6042672480921975
1097,0.7439175248146057,0.852603706972639,0.5948808473080318,0.6079011576597623
1098,0.7364305853843689,0.8596646072374228,0.5926743159752869,0.6057208119192233
1099,0.703072726726532,0.8587819947043248,0.5984112974404237,0.6050459429995327
1100,0.7520274519920349,0.855251544571933,0.5966460723742277,0.6058765509006905
1101,0.7067582607269287,0.8446601941747572,0.5966460723742277,0.6037481181539739
1102,0.7790786027908325,0.8490732568402471,0.6037069726390115,0.6053055079686446
1103,0.7471818327903748,0.8587819947043248,0.5979699911738746,0.6063956808389139
1104,0.7249870300292969,0.8561341571050309,0.5962047661076787,0.6004256865493433
1105,0.7508651614189148,0.8490732568402471,0.5962047661076787,0.6008409904999221
1106,0.7656461000442505,0.8481906443071492,0.6037069726390115,0.6054612469501116
1107,0.7816323041915894,0.8446601941747572,0.6001765225066196,0.6095104604682552
1108,0.7980777025222778,0.8605472197705207,0.5979699911738746,0.6040076831230857
1109,0.8619816899299622,0.8640776699029126,0.589585172109444,0.6018792503763692
1110,0.7628940343856812,0.8623124448367167,0.5904677846425419,0.6020869023516586
1111,0.7694764137268066,0.8570167696381289,0.5970873786407767,0.6020869023516586
1112,0.7775301933288574,0.8499558693733451,0.6098852603706972,0.6057727249130458
1113,0.7508834600448608,0.8428949691085613,0.6067961165048543,0.6067590717956705
1114,0.815811276435852,0.8402471315092674,0.6010591350397175,0.6072262887400717
1115,0.7720950245857239,0.8340688437775816,0.5966460723742277,0.6090951565176764
1116,0.7625536322593689,0.8305383936451898,0.5953221535745807,0.6044229870736645
1117,0.7937051653862,0.8358340688437775,0.5856134157105031,0.6029175102528163
1118,0.7901321649551392,0.8420123565754634,0.5926743159752869,0.6026579452837045
1119,0.750930905342102,0.8446601941747572,0.5935569285083848,0.6016715984010798
1120,0.7874654531478882,0.8358340688437775,0.5917917034421889,0.6044749000674869
1121,0.7692437171936035,0.8375992939099736,0.5966460723742277,0.6059803768883352
1122,0.7513250708580017,0.8428949691085613,0.5997352162400706,0.6026579452837045
1123,0.7820002436637878,0.8402471315092674,0.5944395410414828,0.6007890775060998
1124,0.7651634216308594,0.8437775816416593,0.5926743159752869,0.6040595961169081
1125,0.7419753074645996,0.8420123565754634,0.5922330097087378,0.604942117011888
1126,0.7712820172309875,0.8464254192409533,0.5962047661076787,0.6082126356226963
1127,0.7967354655265808,0.8490732568402471,0.5957634598411298,0.6084722005918082
1128,0.7459792494773865,0.8499558693733451,0.5997352162400706,0.608004983647407
1129,0.7391560673713684,0.8481906443071492,0.6072374227714034,0.6103929813632352
1130,0.7286360859870911,0.8481906443071492,0.5984112974404237,0.6076415926906504
1131,0.7041112780570984,0.8499558693733451,0.6054721977052074,0.6055650729377563
1132,0.7742506861686707,0.851721094439541,0.6037069726390115,0.6094585474744328
1133,0.7386051416397095,0.853486319505737,0.5979699911738746,0.609770025437367
1134,0.7617853879928589,0.8464254192409533,0.5931156222418358,0.6053574209624669
1135,0.8047683835029602,0.8358340688437775,0.590026478375993,0.6014639464257904
1136,0.8048405051231384,0.8464254192409533,0.5944395410414828,0.6066033328142034
1137,0.7301649451255798,0.855251544571933,0.5931156222418358,0.6025541192960598
1138,0.7414587736129761,0.8490732568402471,0.5922330097087378,0.6029175102528163
1139,0.7609778046607971,0.8499558693733451,0.5966460723742277,0.6022426413331257
1140,0.73466956615448,0.8543689320388349,0.5939982347749339,0.6011524684628563
1141,0.776732325553894,0.853486319505737,0.5904677846425419,0.6028136842651716
1142,0.7430034875869751,0.855251544571933,0.589585172109444,0.5976223848829362
1143,0.7800816297531128,0.8473080317740512,0.5917917034421889,0.5993355136790739
1144,0.7838127613067627,0.8508384819064431,0.5988526037069727,0.6046825520427763
1145,0.7649878263473511,0.8561341571050309,0.5997352162400706,0.6079011576597623
1146,0.754103422164917,0.8578993821712269,0.6015004413062666,0.6070186367647822
1147,0.7512819766998291,0.8614298323036187,0.6028243601059136,0.6117946321964388
1148,0.7689580917358398,0.8596646072374228,0.5984112974404237,0.6155842807454706
1149,0.7772290110588074,0.8596646072374228,0.6015004413062666,0.6123656751284846
1150,0.7735676765441895,0.8623124448367167,0.6001765225066196,0.6109121113014587
1151,0.7614370584487915,0.852603706972639,0.5922330097087378,0.6029175102528163
1152,0.7480007410049438,0.852603706972639,0.5922330097087378,0.6044229870736645
1153,0.7339078187942505,0.852603706972639,0.5842894969108562,0.6008409904999221
1154,0.7713573575019836,0.852603706972639,0.5939982347749339,0.6020869023516586
1155,0.7706347703933716,0.851721094439541,0.6010591350397175,0.6033847271972175
1156,0.7530129551887512,0.852603706972639,0.6037069726390115,0.6103929813632352
1157,0.7742467522621155,0.8508384819064431,0.5970873786407767,0.6025541192960598
1158,0.7488366961479187,0.8508384819064431,0.5988526037069727,0.6070186367647822
1159,0.7651260495185852,0.8455428067078552,0.6001765225066196,0.6058246379068681
1160,0.7725746035575867,0.8446601941747572,0.5975286849073257,0.6054612469501116
1161,0.7473998665809631,0.8570167696381289,0.5926743159752869,0.6058765509006905
1162,0.75514817237854,0.8543689320388349,0.5904677846425419,0.6028655972589939
1163,0.7551184296607971,0.8614298323036187,0.5944395410414828,0.5998546436172975
1164,0.778223991394043,0.8605472197705207,0.5970873786407767,0.6089913305300316
1165,0.7066722512245178,0.8631950573698146,0.6059135039717564,0.6138192389555106
1166,0.759772539138794,0.8596646072374228,0.6037069726390115,0.6108601983076364
1167,0.7730147242546082,0.8570167696381289,0.5922330097087378,0.6057727249130458
1168,0.7424923777580261,0.8490732568402471,0.589143865842895,0.6027098582775269
1169,0.7540735602378845,0.8411297440423654,0.5913503971756399,0.6013601204381457
1170,0.7797251343727112,0.8455428067078552,0.5931156222418358,0.6018273373825469
1171,0.7314391732215881,0.8437775816416593,0.5913503971756399,0.5981934278149821
1172,0.7661595940589905,0.8411297440423654,0.5904677846425419,0.5962207340497326
1173,0.75032639503479,0.8428949691085613,0.5975286849073257,0.5997508176296527
1174,0.7397200465202332,0.8446601941747572,0.6010591350397175,0.6031770752219281
1175,0.7225695252418518,0.8508384819064431,0.5997352162400706,0.6075896796968281
1176,0.7555162906646729,0.8543689320388349,0.5962047661076787,0.607278201733894
1177,0.7198722958564758,0.852603706972639,0.6023830538393645,0.607278201733894
1178,0.7444005608558655,0.8490732568402471,0.5984112974404237,0.6031251622281057
1179,0.7318962216377258,0.8481906443071492,0.5970873786407767,0.6020349893578363
1180,0.7600975632667542,0.8508384819064431,0.6006178287731686,0.6038000311477963
1181,0.7664578557014465,0.8473080317740512,0.6028243601059136,0.6033328142033951
1182,0.7230191230773926,0.8437775816416593,0.5975286849073257,0.6033847271972175
1183,0.7304471731185913,0.8384819064430715,0.5975286849073257,0.5965841250064892
1184,0.7772523164749146,0.8464254192409533,0.5917917034421889,0.5957016041115091
1185,0.7231256365776062,0.8614298323036187,0.5944395410414828,0.6015158594196127
1186,0.7029441595077515,0.8623124448367167,0.5904677846425419,0.6013601204381457
1187,0.7257784008979797,0.855251544571933,0.5922330097087378,0.5982972538026268
1188,0.7443037629127502,0.8490732568402471,0.587378640776699,0.5998027306234751
1189,0.7336081862449646,0.8490732568402471,0.588702559576346,0.6016196854072574
1190,0.744181752204895,0.853486319505737,0.5988526037069727,0.6038519441416187
1191,0.737785816192627,0.8543689320388349,0.6019417475728155,0.6090951565176764
1192,0.767673671245575,0.8508384819064431,0.6081200353045013,0.6096142864558999
1193,0.727880597114563,0.8543689320388349,0.6081200353045013,0.6065514198203811
1194,0.7414384484291077,0.8508384819064431,0.6041482789055604,0.6049940300057104
1195,0.745148777961731,0.8508384819064431,0.589585172109444,0.6041634221045528
1196,0.7787701487541199,0.8473080317740512,0.5909090909090909,0.6044229870736645
1197,0.7597227692604065,0.851721094439541,0.5944395410414828,0.605668898925401
1198,0.7569645047187805,0.8499558693733451,0.5962047661076787,0.6042672480921975
1199,0.7535945773124695,0.851721094439541,0.6001765225066196,0.6067071588018481
1200,0.767537534236908,0.8508384819064431,0.5992939099735216,0.6103929813632352
1201,0.7305195927619934,0.853486319505737,0.6059135039717564,0.6081088096350517
1202,0.7445070743560791,0.8561341571050309,0.6081200353045013,0.6093547214867882
1203,0.7614160776138306,0.8605472197705207,0.5979699911738746,0.6015158594196127
1204,0.7514459490776062,0.8614298323036187,0.5904677846425419,0.5957016041115091
1205,0.771850049495697,0.8623124448367167,0.5997352162400706,0.6050459429995327
1206,0.7444298267364502,0.8578993821712269,0.5953221535745807,0.6061880288636246
1207,0.7554746270179749,0.8508384819064431,0.5904677846425419,0.6029175102528163
1208,0.7608190178871155,0.8446601941747572,0.5931156222418358,0.6031251622281057
1209,0.775044858455658,0.8473080317740512,0.5957634598411298,0.6044749000674869
1210,0.8063883781433105,0.855251544571933,0.5975286849073257,0.6062399418574469
1211,0.7595362663269043,0.8614298323036187,0.6001765225066196,0.605513159943934
1212,0.7674301266670227,0.8543689320388349,0.5975286849073257,0.5993874266728962
1213,0.7799324989318848,0.8490732568402471,0.6028243601059136,0.6049940300057104
1214,0.7788878083229065,0.8428949691085613,0.6067961165048543,0.610652546332347
1215,0.7870253324508667,0.8393645189761695,0.6028243601059136,0.6109121113014587
1216,0.7823654413223267,0.8446601941747572,0.6085613415710504,0.6114831542335046
1217,0.7519915103912354,0.8499558693733451,0.6015004413062666,0.6069667237709598
1218,0.7903741002082825,0.8473080317740512,0.6045895851721095,0.6032289882157504
1219,0.750950813293457,0.8499558693733451,0.6032656663724625,0.6060322898821575
1220,0.7856757640838623,0.8402471315092674,0.6054721977052074,0.609770025437367
1221,0.7969084978103638,0.8428949691085613,0.6072374227714034,0.6116388932149717
1222,0.7595888376235962,0.8570167696381289,0.6028243601059136,0.6057208119192233
1223,0.7565041780471802,0.8543689320388349,0.5948808473080318,0.5993874266728962
1224,0.7524058222770691,0.852603706972639,0.5984112974404237,0.6030732492342833
1225,0.7317667007446289,0.8481906443071492,0.5966460723742277,0.6064995068265587
1226,0.7244422435760498,0.8508384819064431,0.6019417475728155,0.6070186367647822
1227,0.7304733991622925,0.8543689320388349,0.6010591350397175,0.6032809012095728
1228,0.727729320526123,0.8587819947043248,0.5979699911738746,0.6047344650365987
1229,0.7398363947868347,0.851721094439541,0.5992939099735216,0.6078492446659399
1230,0.7324846386909485,0.851721094439541,0.6010591350397175,0.6087317655609199
1231,0.7474779486656189,0.8490732568402471,0.5997352162400706,0.6095104604682552
1232,0.7249515652656555,0.8649602824360106,0.5988526037069727,0.6066033328142034
1233,0.772883951663971,0.8640776699029126,0.6032656663724625,0.6100295904064787
1234,0.74928879737854,0.852603706972639,0.6041482789055604,0.6137154129678658
1235,0.756129264831543,0.853486319505737,0.6023830538393645,0.6093547214867882
1236,0.7565901279449463,0.8667255075022066,0.5984112974404237,0.604630639048954
1237,0.7508132457733154,0.8596646072374228,0.5970873786407767,0.5993355136790739
1238,0.7645742297172546,0.8578993821712269,0.5948808473080318,0.5984010797902715
1239,0.759766697883606,0.8446601941747572,0.5957634598411298,0.6016715984010798
1240,0.7751879692077637,0.8428949691085613,0.5984112974404237,0.602450293308415
1241,0.7849351763725281,0.8464254192409533,0.5913503971756399,0.5958054300991538
1242,0.7560667991638184,0.852603706972639,0.5904677846425419,0.5935731713647926
1243,0.7540194988250732,0.8455428067078552,0.590026478375993,0.5916004775995432
1244,0.7485079765319824,0.8464254192409533,0.588261253309797,0.5952863001609303
1245,0.7365983128547668,0.8393645189761695,0.5922330097087378,0.6008409904999221
1246,0.756984531879425,0.8375992939099736,0.5975286849073257,0.6021907283393033
1247,0.7138928174972534,0.8499558693733451,0.5966460723742277,0.5963764730311997
1248,0.7411819696426392,0.851721094439541,0.5953221535745807,0.5977262108705809
1249,0.7489794492721558,0.8358340688437775,0.5944395410414828,0.6007371645122774
1250,0.7925246357917786,0.8349514563106796,0.5939982347749339,0.5973109069200021
1251,0.7985739707946777,0.8393645189761695,0.5931156222418358,0.5985049057779163
1252,0.7822425365447998,0.8428949691085613,0.5904677846425419,0.5989721227223174
1253,0.7529084086418152,0.8464254192409533,0.5913503971756399,0.5990759487099621
1254,0.8003829717636108,0.8473080317740512,0.6006178287731686,0.6041115091107304
1255,0.7329109311103821,0.8464254192409533,0.5992939099735216,0.6071743757462493
1256,0.7805371880531311,0.8508384819064431,0.5975286849073257,0.605668898925401
1257,0.7524755597114563,0.8437775816416593,0.6037069726390115,0.6115869802211493
1258,0.7787782549858093,0.8393645189761695,0.6107678729037952,0.6127290660852411
1259,0.7730819582939148,0.8446601941747572,0.6094439541041483,0.6138192389555106
1260,0.7698888182640076,0.8499558693733451,0.6076787290379524,0.6101334163941234
1261,0.7470501661300659,0.851721094439541,0.5992939099735216,0.6084202875979857
1262,0.7557370066642761,0.8570167696381289,0.5988526037069727,0.6044229870736645
1263,0.7557788491249084,0.8508384819064431,0.6001765225066196,0.6036442921663292
1264,0.7648167610168457,0.8464254192409533,0.5975286849073257,0.6034366401910398
1265,0.7251097559928894,0.852603706972639,0.6023830538393645,0.6044749000674869
1266,0.7219062447547913,0.8420123565754634,0.6098852603706972,0.6061361158698022
1267,0.7559314370155334,0.8428949691085613,0.6098852603706972,0.6044229870736645
1268,0.7538468837738037,0.8508384819064431,0.6023830538393645,0.6019311633701916
1269,0.737718403339386,0.8499558693733451,0.6001765225066196,0.603903857135441
1270,0.7612553834915161,0.8481906443071492,0.5988526037069727,0.6056169859315786
1271,0.7874273061752319,0.8455428067078552,0.6006178287731686,0.6087317655609199
1272,0.7380737066268921,0.855251544571933,0.6045895851721095,0.6125733271037741
1273,0.743280827999115,0.852603706972639,0.6023830538393645,0.6097181124435446
1274,0.7873429656028748,0.8499558693733451,0.6015004413062666,0.6098219384311894
1275,0.779272198677063,0.8455428067078552,0.6067961165048543,0.608004983647407
1276,0.7937986850738525,0.8455428067078552,0.6050308914386584,0.6005814255308104
1277,0.8110710382461548,0.8481906443071492,0.6032656663724625,0.6007371645122774
1278,0.7511844038963318,0.851721094439541,0.6050308914386584,0.6033328142033951
1279,0.7364012598991394,0.8508384819064431,0.6001765225066196,0.6037481181539739
1280,0.7528161406517029,0.8490732568402471,0.5988526037069727,0.6026060322898822
1281,0.7616385817527771,0.8481906443071492,0.5922330097087378,0.6020349893578363
1282,0.740525484085083,0.8508384819064431,0.5988526037069727,0.6053574209624669
1283,0.7609177231788635,0.8490732568402471,0.5992939099735216,0.6090951565176764
1284,0.7765918374061584,0.852603706972639,0.6010591350397175,0.607278201733894
1285,0.7395997047424316,0.8570167696381289,0.6001765225066196,0.6086279395732752
1286,0.7445421814918518,0.8605472197705207,0.6010591350397175,0.6057208119192233
1287,0.7784481048583984,0.855251544571933,0.6019417475728155,0.6045268130613093
1288,0.7216706275939941,0.8578993821712269,0.6063548102383054,0.6098219384311894
1289,0.7206670045852661,0.8605472197705207,0.6032656663724625,0.6073301147277164
1290,0.7279499173164368,0.8596646072374228,0.5970873786407767,0.6054612469501116
1291,0.7603564858436584,0.8543689320388349,0.5922330097087378,0.6045787260551316
1292,0.7125677466392517,0.851721094439541,0.5935569285083848,0.6045787260551316
1293,0.7490570545196533,0.8481906443071492,0.6001765225066196,0.6088355915485646
1294,0.7251701951026917,0.8543689320388349,0.5966460723742277,0.6043710740798421
1295,0.733622133731842,0.852603706972639,0.5966460723742277,0.6027098582775269
1296,0.7099493145942688,0.853486319505737,0.5979699911738746,0.6054093339562893
1297,0.7278668880462646,0.853486319505737,0.5984112974404237,0.605513159943934
1298,0.7371400594711304,0.855251544571933,0.5979699911738746,0.601412033431968
1299,0.728405773639679,0.855251544571933,0.5922330097087378,0.6009967294813892
1300,0.729390025138855,0.8561341571050309,0.6015004413062666,0.6041634221045528
1301,0.7273533344268799,0.8623124448367167,0.5984112974404237,0.6048902040180657
1302,0.6979148387908936,0.8587819947043248,0.6006178287731686,0.5981415148211597
1303,0.7422440648078918,0.8614298323036187,0.6041482789055604,0.5979857758396927
1304,0.7252317667007446,0.8614298323036187,0.6023830538393645,0.6008929034937445
1305,0.72817063331604,0.8623124448367167,0.6037069726390115,0.6041115091107304
1306,0.7690616250038147,0.8605472197705207,0.5970873786407767,0.6047344650365987
1307,0.7550498247146606,0.8631950573698146,0.6023830538393645,0.6075896796968281
1308,0.7432657480239868,0.8711385701676964,0.5970873786407767,0.6098219384311894
1309,0.7056708931922913,0.8684907325684025,0.6019417475728155,0.6095623734620775
1310,0.7431704998016357,0.8570167696381289,0.5948808473080318,0.6038519441416187
1311,0.7904856204986572,0.853486319505737,0.5926743159752869,0.6056169859315786
1312,0.7400104999542236,0.853486319505737,0.5988526037069727,0.6067590717956705
1313,0.7327114939689636,0.855251544571933,0.5984112974404237,0.6060842028759799
1314,0.7430965900421143,0.8570167696381289,0.5988526037069727,0.6039557701292634
1315,0.765984058380127,0.851721094439541,0.6001765225066196,0.6008409904999221
1316,0.7615769505500793,0.851721094439541,0.5975286849073257,0.6028655972589939
1317,0.7687940001487732,0.8649602824360106,0.6010591350397175,0.6029694232466386
1318,0.7413501143455505,0.8667255075022066,0.6023830538393645,0.6028655972589939
1319,0.7378290891647339,0.8631950573698146,0.6028243601059136,0.6014639464257904
1320,0.7139270901679993,0.8499558693733451,0.6010591350397175,0.6013601204381457
1321,0.7660388946533203,0.8402471315092674,0.5979699911738746,0.6016196854072574
1322,0.7765474319458008,0.8543689320388349,0.6019417475728155,0.603903857135441
1323,0.7548167705535889,0.8578993821712269,0.5948808473080318,0.5994393396667186
1324,0.7765030264854431,0.8596646072374228,0.5926743159752869,0.5977262108705809
1325,0.7788822054862976,0.8578993821712269,0.5922330097087378,0.6009448164875668
1326,0.7498391270637512,0.8631950573698146,0.6015004413062666,0.6046825520427763
1327,0.7468872666358948,0.853486319505737,0.6037069726390115,0.6031251622281057
1328,0.7680126428604126,0.8499558693733451,0.6059135039717564,0.5984529927840938
1329,0.7371696829795837,0.8508384819064431,0.6019417475728155,0.5963245600373773
1330,0.7741982340812683,0.8499558693733451,0.5988526037069727,0.5978300368582257
1331,0.7686164379119873,0.8446601941747572,0.5953221535745807,0.6039557701292634
1332,0.7518498301506042,0.8446601941747572,0.5988526037069727,0.603021336240461
1333,0.7868208289146423,0.8508384819064431,0.6015004413062666,0.6035404661786845
1334,0.7562201023101807,0.8508384819064431,0.5953221535745807,0.6002180345740539
1335,0.7629731893539429,0.8481906443071492,0.590026478375993,0.5973628199138244
1336,0.7773073315620422,0.8508384819064431,0.5869373345101501,0.5978300368582257
1337,0.7626952528953552,0.8605472197705207,0.5869373345101501,0.6013601204381457
1338,0.7436343431472778,0.8481906443071492,0.5922330097087378,0.6077973316721176
1339,0.7032338380813599,0.8420123565754634,0.5909090909090909,0.6029175102528163
1340,0.7421541810035706,0.8420123565754634,0.5904677846425419,0.5956496911176867
1341,0.7669448256492615,0.8499558693733451,0.5931156222418358,0.5977262108705809
1342,0.761915922164917,0.8578993821712269,0.5966460723742277,0.6002699475678762
1343,0.7866920828819275,0.852603706972639,0.6085613415710504,0.6066033328142034
1344,0.7562186121940613,0.8473080317740512,0.6076787290379524,0.6068109847894928
1345,0.7941040396690369,0.8490732568402471,0.6028243601059136,0.6020349893578363
1346,0.7459647059440613,0.855251544571933,0.5975286849073257,0.5976742978767585
1347,0.7786064743995667,0.8481906443071492,0.6006178287731686,0.5981415148211597
1348,0.7399743795394897,0.8464254192409533,0.5966460723742277,0.6008409904999221
1349,0.7470864653587341,0.8499558693733451,0.5975286849073257,0.6031770752219281
1350,0.7391964793205261,0.852603706972639,0.5957634598411298,0.6031770752219281
1351,0.7949510216712952,0.8578993821712269,0.5984112974404237,0.6071743757462493
1352,0.6963770985603333,0.8605472197705207,0.6010591350397175,0.6076415926906504
1353,0.7779539823532104,0.851721094439541,0.6045895851721095,0.6077973316721176
1354,0.7412084341049194,0.8481906443071492,0.6054721977052074,0.6094066344806105
1355,0.7500312328338623,0.8614298323036187,0.6072374227714034,0.6061361158698022
1356,0.7368190884590149,0.8614298323036187,0.5948808473080318,0.6044229870736645
1357,0.7144149541854858,0.8623124448367167,0.5992939099735216,0.6070705497586045
1358,0.7295986413955688,0.8623124448367167,0.5944395410414828,0.6060842028759799
1359,0.743992030620575,0.8693733451015004,0.5909090909090909,0.604630639048954
1360,0.7229015827178955,0.8631950573698146,0.5909090909090909,0.6020349893578363
1361,0.7606226205825806,0.8578993821712269,0.5931156222418358,0.6012043814566786
1362,0.7246564626693726,0.853486319505737,0.5913503971756399,0.6003218605616986
1363,0.7129690647125244,0.852603706972639,0.5931156222418358,0.6027098582775269
1364,0.7447144985198975,0.8570167696381289,0.5939982347749339,0.6020349893578363
1365,0.7161294221878052,0.8587819947043248,0.5913503971756399,0.5969994289570679
1366,0.7418085336685181,0.8614298323036187,0.5970873786407767,0.6003737735555209
1367,0.7300490736961365,0.8481906443071492,0.5988526037069727,0.5982453408088044
1368,0.7129160761833191,0.8473080317740512,0.5970873786407767,0.5983491667964491
1369,0.696293830871582,0.853486319505737,0.6006178287731686,0.6014639464257904
1370,0.7523527145385742,0.853486319505737,0.5939982347749339,0.5933136063956809
1371,0.7751441597938538,0.8605472197705207,0.5975286849073257,0.5997508176296527
1372,0.7633344531059265,0.855251544571933,0.5909090909090909,0.5998027306234751
1373,0.7395747303962708,0.855251544571933,0.5939982347749339,0.5990759487099621
1374,0.7323811650276184,0.8658428949691086,0.590026478375993,0.5969994289570679
1375,0.7280621528625488,0.8614298323036187,0.5931156222418358,0.5947671702227068
1376,0.7138248682022095,0.8587819947043248,0.5992939099735216,0.6031251622281057
1377,0.7122330665588379,0.8508384819064431,0.6050308914386584,0.6061361158698022
1378,0.7431497573852539,0.8605472197705207,0.6054721977052074,0.6069667237709598
1379,0.7195344567298889,0.8587819947043248,0.6059135039717564,0.6071743757462493
1380,0.7248378992080688,0.8605472197705207,0.6059135039717564,0.604630639048954
1381,0.7192543148994446,0.8596646072374228,0.6063548102383054,0.602450293308415
1382,0.7525520324707031,0.8693733451015004,0.5953221535745807,0.6019830763640139
1383,0.6957584619522095,0.8596646072374228,0.5939982347749339,0.6013601204381457
1384,0.7116536498069763,0.8508384819064431,0.5966460723742277,0.598764470747028
1385,0.7245057225227356,0.8499558693733451,0.5935569285083848,0.596428386025022
1386,0.7666165232658386,0.8587819947043248,0.5992939099735216,0.5979857758396927
1387,0.7210381627082825,0.8578993821712269,0.6032656663724625,0.6002180345740539
1388,0.719971776008606,0.853486319505737,0.6010591350397175,0.5959092560867986
1389,0.7606832385063171,0.855251544571933,0.6059135039717564,0.6049940300057104
1390,0.7345287203788757,0.851721094439541,0.6054721977052074,0.6019311633701916
1391,0.737543523311615,0.8490732568402471,0.6015004413062666,0.5979857758396927
1392,0.7515258193016052,0.8596646072374228,0.5939982347749339,0.5988163837408503
1393,0.7768316268920898,0.8561341571050309,0.5988526037069727,0.5996989046358303
1394,0.7302772402763367,0.8605472197705207,0.5931156222418358,0.5992316876914292
1395,0.789552628993988,0.8614298323036187,0.5975286849073257,0.6011524684628563
1396,0.7550325989723206,0.8596646072374228,0.5988526037069727,0.5981934278149821
1397,0.798094630241394,0.8561341571050309,0.6032656663724625,0.5994912526605409
1398,0.7066020965576172,0.8464254192409533,0.6015004413062666,0.5947152572288844
1399,0.7429066896438599,0.8490732568402471,0.6006178287731686,0.5971551679385351
1400,0.778144359588623,0.8481906443071492,0.5997352162400706,0.5974147329076468
1401,0.7331540584564209,0.8499558693733451,0.5966460723742277,0.5969475159632456
1402,0.7556777000427246,0.8570167696381289,0.5962047661076787,0.5998027306234751
1403,0.7433474063873291,0.8631950573698146,0.6045895851721095,0.601256294450501
1404,0.7394814491271973,0.8570167696381289,0.6032656663724625,0.6008409904999221
1405,0.7500979900360107,0.8596646072374228,0.5931156222418358,0.5966879509941339
1406,0.7986893653869629,0.8543689320388349,0.5979699911738746,0.5979338628458704
1407,0.777898907661438,0.8508384819064431,0.5953221535745807,0.5993355136790739
1408,0.7839747667312622,0.8499558693733451,0.5975286849073257,0.6003218605616986
1409,0.7392317056655884,0.855251544571933,0.5992939099735216,0.5990240357161397
1410,0.7454091906547546,0.8587819947043248,0.589143865842895,0.5924310855007008
1411,0.7488672137260437,0.8561341571050309,0.589143865842895,0.5950786481856408
1412,0.7930271029472351,0.8508384819064431,0.6019417475728155,0.5959611690806209
1413,0.7152044773101807,0.8490732568402471,0.5988526037069727,0.598608731765561
1414,0.7985484004020691,0.8578993821712269,0.5988526037069727,0.6019830763640139
1415,0.7252699136734009,0.8605472197705207,0.5904677846425419,0.5971032549447126
1416,0.7891109585762024,0.852603706972639,0.5979699911738746,0.6004256865493433
1417,0.7322354316711426,0.8446601941747572,0.5992939099735216,0.5990240357161397
1418,0.7928025126457214,0.8587819947043248,0.5948808473080318,0.5991278617037844
1419,0.7789477705955505,0.853486319505737,0.589585172109444,0.5967398639879562
1420,0.7286592721939087,0.851721094439541,0.5939982347749339,0.6003218605616986
1421,0.7115001082420349,0.8490732568402471,0.6015004413062666,0.602138815345481
1422,0.7206861972808838,0.8508384819064431,0.5979699911738746,0.6031251622281057
1423,0.761552631855011,0.8464254192409533,0.5948808473080318,0.6002180345740539
1424,0.7396352291107178,0.851721094439541,0.5962047661076787,0.6014639464257904
1425,0.743857741355896,0.8490732568402471,0.5948808473080318,0.6007371645122774
1426,0.761833667755127,0.8464254192409533,0.5957634598411298,0.5999065566111198
1427,0.7699050307273865,0.852603706972639,0.5944395410414828,0.6008409904999221
1428,0.7288950681686401,0.8578993821712269,0.5917917034421889,0.5963764730311997
1429,0.7374023795127869,0.8614298323036187,0.5931156222418358,0.5977262108705809
1430,0.7176381349563599,0.855251544571933,0.5939982347749339,0.6015158594196127
1431,0.712997317314148,0.8570167696381289,0.5931156222418358,0.6036442921663292
1432,0.7040072083473206,0.8605472197705207,0.5966460723742277,0.6055650729377563
1433,0.7791962623596191,0.8623124448367167,0.6010591350397175,0.6027098582775269
1434,0.7307549118995667,0.8614298323036187,0.5966460723742277,0.6023983803145927
1435,0.7294477820396423,0.8561341571050309,0.5992939099735216,0.6020349893578363
1436,0.7491129636764526,0.8587819947043248,0.6032656663724625,0.5987125577532056
1437,0.7544640302658081,0.8658428949691086,0.5970873786407767,0.6001142085864092
1438,0.7379394769668579,0.8561341571050309,0.5931156222418358,0.598764470747028
1439,0.7631632685661316,0.8455428067078552,0.5935569285083848,0.6000622955925868
1440,0.7098245620727539,0.8508384819064431,0.5966460723742277,0.6025022063022375
1441,0.7225324511528015,0.8420123565754634,0.6010591350397175,0.6035923791725069
1442,0.759735107421875,0.8481906443071492,0.6001765225066196,0.6016715984010798
1443,0.7551047205924988,0.853486319505737,0.590026478375993,0.5984010797902715
1444,0.7418735027313232,0.8499558693733451,0.590026478375993,0.6012043814566786
1445,0.7504761815071106,0.8481906443071492,0.5966460723742277,0.6016715984010798
1446,0.739893913269043,0.8587819947043248,0.5913503971756399,0.6057208119192233
1447,0.7206074595451355,0.8631950573698146,0.586496028243601,0.5985568187717386
1448,0.7781733274459839,0.8631950573698146,0.5953221535745807,0.5994393396667186
1449,0.7238184213638306,0.851721094439541,0.590026478375993,0.5968956029694232
1450,0.7853164672851562,0.8490732568402471,0.590026478375993,0.5924310855007008
1451,0.7259687185287476,0.8543689320388349,0.5939982347749339,0.5950267351918185
1452,0.7246538996696472,0.8658428949691086,0.5975286849073257,0.5959611690806209
1453,0.7070168256759644,0.8587819947043248,0.5953221535745807,0.5972589939261798
1454,0.7596501111984253,0.8437775816416593,0.590026478375993,0.5998027306234751
1455,0.7259634733200073,0.8481906443071492,0.5988526037069727,0.5991797746976069
1456,0.7529023289680481,0.8508384819064431,0.5957634598411298,0.6011005554690338
1457,0.7760298848152161,0.8631950573698146,0.5979699911738746,0.6019311633701916
1458,0.7255091071128845,0.853486319505737,0.5953221535745807,0.5994393396667186
1459,0.7463310360908508,0.8437775816416593,0.589143865842895,0.5998027306234751
1460,0.7250279188156128,0.8446601941747572,0.5917917034421889,0.5967917769817785
1461,0.766035795211792,0.855251544571933,0.5856134157105031,0.5942480402844832
1462,0.7481393814086914,0.8543689320388349,0.586496028243601,0.5979338628458704
1463,0.752119779586792,0.8481906443071492,0.587819947043248,0.598764470747028
1464,0.7635682225227356,0.8490732568402471,0.5904677846425419,0.5993874266728962
1465,0.7565036416053772,0.8464254192409533,0.5962047661076787,0.6019830763640139
1466,0.7880681753158569,0.8455428067078552,0.5948808473080318,0.6034885531848622
1467,0.7467768788337708,0.8411297440423654,0.5997352162400706,0.6042153350983751
1468,0.7189001441001892,0.8473080317740512,0.5970873786407767,0.6061361158698022
1469,0.7123458981513977,0.853486319505737,0.5926743159752869,0.5981934278149821
1470,0.7117838859558105,0.8490732568402471,0.5842894969108562,0.592898302445102
1471,0.7540597915649414,0.8481906443071492,0.5856134157105031,0.5969994289570679
1472,0.7906375527381897,0.8631950573698146,0.5922330097087378,0.607122462752427
1473,0.7213766574859619,0.8631950573698146,0.5988526037069727,0.6101853293879458
1474,0.7683572173118591,0.8570167696381289,0.5962047661076787,0.6076935056844728
1475,0.7282443046569824,0.8561341571050309,0.6045895851721095,0.6076415926906504
1476,0.7449455261230469,0.8543689320388349,0.5935569285083848,0.6031251622281057
1477,0.7610378265380859,0.8428949691085613,0.5984112974404237,0.6061361158698022
1478,0.7167449593544006,0.851721094439541,0.6001765225066196,0.6033847271972175
1479,0.7764683365821838,0.8667255075022066,0.6001765225066196,0.6004256865493433
1480,0.7455512881278992,0.8614298323036187,0.6015004413062666,0.6011005554690338
1481,0.7451215982437134,0.8578993821712269,0.6006178287731686,0.6050459429995327
1482,0.7168150544166565,0.853486319505737,0.6006178287731686,0.6031251622281057
1483,0.7357755303382874,0.8570167696381289,0.6015004413062666,0.6081088096350517
1484,0.7475458383560181,0.8605472197705207,0.6059135039717564,0.6115869802211493
1485,0.7262867093086243,0.8649602824360106,0.6019417475728155,0.6083683746041634
1486,0.7338858842849731,0.8640776699029126,0.5953221535745807,0.6066552458080258
1487,0.7481813430786133,0.8667255075022066,0.5984112974404237,0.607278201733894
1488,0.7178834676742554,0.8649602824360106,0.5953221535745807,0.6052535949748222
1489,0.7162343859672546,0.8649602824360106,0.5926743159752869,0.6093547214867882
1490,0.7371398210525513,0.8667255075022066,0.589143865842895,0.6086798525670976
1491,0.7156621217727661,0.8676081200353045,0.5935569285083848,0.6073820277215387
1492,0.7010775804519653,0.8711385701676964,0.5979699911738746,0.607433940715361
1493,0.7139089107513428,0.855251544571933,0.5975286849073257,0.6042672480921975
1494,0.7106486558914185,0.853486319505737,0.5935569285083848,0.6031770752219281
1495,0.756385862827301,0.8481906443071492,0.5962047661076787,0.6067590717956705
1496,0.7290736436843872,0.8473080317740512,0.5970873786407767,0.6043710740798421
1497,0.7311198115348816,0.851721094439541,0.5922330097087378,0.5969475159632456
1498,0.7183222770690918,0.8543689320388349,0.5944395410414828,0.596428386025022
1499,0.7552633881568909,0.853486319505737,0.5917917034421889,0.6003218605616986
1500,0.7644196152687073,0.8596646072374228,0.5970873786407767,0.6036442921663292
1501,0.7515842318534851,0.8684907325684025,0.5970873786407767,0.6002180345740539
1502,0.7544893622398376,0.8649602824360106,0.5909090909090909,0.5977262108705809
1503,0.7396374344825745,0.8640776699029126,0.5944395410414828,0.6026579452837045
1504,0.7397738099098206,0.8543689320388349,0.5957634598411298,0.605668898925401
1505,0.7455578446388245,0.8411297440423654,0.5904677846425419,0.6034366401910398
1506,0.8298583626747131,0.8375992939099736,0.5948808473080318,0.6060322898821575
1507,0.7849167585372925,0.852603706972639,0.6015004413062666,0.6063956808389139
1508,0.7739993333816528,0.855251544571933,0.5997352162400706,0.6026060322898822
1509,0.8213392496109009,0.8587819947043248,0.6054721977052074,0.6033847271972175
1510,0.7942952513694763,0.8464254192409533,0.5988526037069727,0.6049940300057104
1511,0.7496867775917053,0.8455428067078552,0.5992939099735216,0.6043710740798421
1512,0.7781140208244324,0.8587819947043248,0.5997352162400706,0.6028136842651716
1513,0.753164529800415,0.8587819947043248,0.6023830538393645,0.6019830763640139
1514,0.7814428806304932,0.8543689320388349,0.6037069726390115,0.6038000311477963
1515,0.7337177395820618,0.851721094439541,0.5962047661076787,0.6034366401910398
1516,0.7743951082229614,0.8561341571050309,0.6001765225066196,0.6034885531848622
1517,0.7601891756057739,0.8587819947043248,0.5979699911738746,0.5985049057779163
1518,0.7682615518569946,0.8570167696381289,0.5997352162400706,0.600529512536988
1519,0.7739733457565308,0.8490732568402471,0.6006178287731686,0.6066033328142034
1520,0.7376016974449158,0.8437775816416593,0.6059135039717564,0.6088355915485646
1521,0.7550035119056702,0.8490732568402471,0.5935569285083848,0.6007371645122774
1522,0.7724154591560364,0.8446601941747572,0.5922330097087378,0.5979338628458704
1523,0.7448372840881348,0.853486319505737,0.5869373345101501,0.5958573430929762
1524,0.7440827488899231,0.8578993821712269,0.5931156222418358,0.599646991642008
1525,0.775691032409668,0.8623124448367167,0.5962047661076787,0.6029694232466386
1526,0.7573748826980591,0.8658428949691086,0.5988526037069727,0.6081088096350517
1527,0.7239719033241272,0.8605472197705207,0.5992939099735216,0.6045787260551316
1528,0.7231588363647461,0.8614298323036187,0.5944395410414828,0.6036962051601515
1529,0.739727795124054,0.8658428949691086,0.587819947043248,0.5995950786481856
1530,0.7825810313224792,0.851721094439541,0.5944395410414828,0.6014639464257904
1531,0.7979246973991394,0.852603706972639,0.5931156222418358,0.6039557701292634
1532,0.7582740187644958,0.851721094439541,0.5957634598411298,0.6035923791725069
1533,0.7387815713882446,0.8561341571050309,0.5917917034421889,0.600529512536988
1534,0.732800304889679,0.8596646072374228,0.5979699911738746,0.6045268130613093
1535,0.7199437618255615,0.8578993821712269,0.6006178287731686,0.6044749000674869
1536,0.7395459413528442,0.851721094439541,0.5970873786407767,0.6058246379068681
1537,0.7332709431648254,0.852603706972639,0.6023830538393645,0.6058765509006905
1538,0.7023239731788635,0.8543689320388349,0.5944395410414828,0.602138815345481
1539,0.7491026520729065,0.8640776699029126,0.5953221535745807,0.6019311633701916
1540,0.7602264881134033,0.8658428949691086,0.5957634598411298,0.608316461610341
1541,0.734545111656189,0.8640776699029126,0.5962047661076787,0.6086798525670976
1542,0.7488602995872498,0.8570167696381289,0.5957634598411298,0.6070186367647822
1543,0.7278259992599487,0.8570167696381289,0.5917917034421889,0.6039557701292634
1544,0.6887760758399963,0.852603706972639,0.589143865842895,0.6009448164875668
1545,0.7310493588447571,0.8587819947043248,0.589585172109444,0.6011005554690338
1546,0.7312847971916199,0.8614298323036187,0.5957634598411298,0.5999065566111198
1547,0.7371828556060791,0.8561341571050309,0.588702559576346,0.5991797746976069
1548,0.7010522484779358,0.8570167696381289,0.5860547219770521,0.5993874266728962
1549,0.7269025444984436,0.8508384819064431,0.5842894969108562,0.5993874266728962
1550,0.7310220003128052,0.8499558693733451,0.5922330097087378,0.5974666459014691
1551,0.7471070289611816,0.8490732568402471,0.587819947043248,0.5984529927840938
1552,0.7189063429832458,0.851721094439541,0.5944395410414828,0.6016715984010798
1553,0.7057784795761108,0.852603706972639,0.5988526037069727,0.603021336240461
1554,0.7722741365432739,0.8384819064430715,0.588261253309797,0.5948709962103514
1555,0.754795491695404,0.8437775816416593,0.5913503971756399,0.5970513419508903
1556,0.7550349235534668,0.8428949691085613,0.5913503971756399,0.6044229870736645
1557,0.7788503170013428,0.8508384819064431,0.5957634598411298,0.6038000311477963
1558,0.7577638030052185,0.8640776699029126,0.5953221535745807,0.6064995068265587
1559,0.7469865083694458,0.8587819947043248,0.5970873786407767,0.6014639464257904
1560,0.7738716006278992,0.851721094439541,0.5992939099735216,0.6104448943570576
1561,0.7673906087875366,0.8508384819064431,0.6045895851721095,0.6098738514250117
1562,0.7713500261306763,0.8464254192409533,0.5997352162400706,0.6086279395732752
1563,0.7616104483604431,0.8473080317740512,0.5988526037069727,0.6006333385246327
1564,0.7954549193382263,0.855251544571933,0.5992939099735216,0.6021907283393033
1565,0.7278805375099182,0.8649602824360106,0.6006178287731686,0.6007371645122774
1566,0.7545119524002075,0.8481906443071492,0.5997352162400706,0.6017235113949021
1567,0.7856592535972595,0.8508384819064431,0.6050308914386584,0.6087317655609199
1568,0.7146406769752502,0.8508384819064431,0.6041482789055604,0.6098738514250117
1569,0.7260533571243286,0.855251544571933,0.5997352162400706,0.604630639048954
1570,0.74411541223526,0.853486319505737,0.5975286849073257,0.6045268130613093
1571,0.7718948721885681,0.851721094439541,0.6010591350397175,0.6060842028759799
1572,0.739774763584137,0.8543689320388349,0.6028243601059136,0.609043243523854
1573,0.7367356419563293,0.8614298323036187,0.6023830538393645,0.6079011576597623
1574,0.730962872505188,0.8561341571050309,0.6015004413062666,0.598608731765561
1575,0.8028482794761658,0.8570167696381289,0.6103265666372463,0.6014639464257904
1576,0.7623146772384644,0.855251544571933,0.6085613415710504,0.6050459429995327
1577,0.7086949944496155,0.8499558693733451,0.6015004413062666,0.6045268130613093
1578,0.7342202663421631,0.8455428067078552,0.5975286849073257,0.6009448164875668
1579,0.732006847858429,0.8437775816416593,0.5984112974404237,0.6009448164875668
1580,0.7480345368385315,0.8490732568402471,0.5913503971756399,0.595545865130042
1581,0.7437177300453186,0.8570167696381289,0.5984112974404237,0.5974147329076468
1582,0.7180720567703247,0.8605472197705207,0.5988526037069727,0.5966879509941339
1583,0.7333782911300659,0.8578993821712269,0.5997352162400706,0.6032289882157504
1584,0.7197688817977905,0.8455428067078552,0.5992939099735216,0.6006333385246327
1585,0.7408816814422607,0.8473080317740512,0.6028243601059136,0.6000622955925868
1586,0.7185983657836914,0.8623124448367167,0.6001765225066196,0.6011524684628563
1587,0.778171956539154,0.8658428949691086,0.6050308914386584,0.6082126356226963
1588,0.7248669862747192,0.8605472197705207,0.6050308914386584,0.6076935056844728
1589,0.7443002462387085,0.8490732568402471,0.6050308914386584,0.6061361158698022
1590,0.7334931492805481,0.8499558693733451,0.6081200353045013,0.6079011576597623
1591,0.7293016910552979,0.851721094439541,0.5966460723742277,0.6001661215802315
1592,0.7698471546173096,0.8490732568402471,0.5953221535745807,0.5985049057779163
1593,0.7348103523254395,0.852603706972639,0.5917917034421889,0.6020349893578363
1594,0.7376486659049988,0.8596646072374228,0.5957634598411298,0.6029694232466386
1595,0.6904370784759521,0.8623124448367167,0.6001765225066196,0.6001661215802315
1596,0.761756956577301,0.8605472197705207,0.6028243601059136,0.5965322120126668
1597,0.7253019213676453,0.8614298323036187,0.6059135039717564,0.5972070809323574
1598,0.7378474473953247,0.8640776699029126,0.6015004413062666,0.598764470747028
1599,0.7178789377212524,0.8658428949691086,0.6054721977052074,0.6014639464257904
1600,0.7516969442367554,0.8623124448367167,0.6067961165048543,0.6032289882157504
1601,0.754364550113678,0.8676081200353045,0.5962047661076787,0.6036962051601515
1602,0.7590875625610352,0.8676081200353045,0.5966460723742277,0.6017754243887244
1603,0.7496402263641357,0.8693733451015004,0.5970873786407767,0.5973628199138244
1604,0.7294266819953918,0.8640776699029126,0.5909090909090909,0.5931059544203914
1605,0.7318998575210571,0.8570167696381289,0.5939982347749339,0.5976223848829362
1606,0.6724618077278137,0.8499558693733451,0.5953221535745807,0.5980896018273374
1607,0.7381076812744141,0.8428949691085613,0.589585172109444,0.6016196854072574
1608,0.7553770542144775,0.8455428067078552,0.5944395410414828,0.6018273373825469
1609,0.7271581888198853,0.855251544571933,0.5935569285083848,0.6054612469501116
1610,0.731667697429657,0.8631950573698146,0.5997352162400706,0.6081088096350517
1611,0.7561901807785034,0.8658428949691086,0.6019417475728155,0.6096142864558999
1612,0.7332046031951904,0.8693733451015004,0.5992939099735216,0.6075377667030057
1613,0.7669269442558289,0.8631950573698146,0.5922330097087378,0.5995950786481856
1614,0.7520533800125122,0.8658428949691086,0.5869373345101501,0.5959092560867986
1615,0.7721097469329834,0.8711385701676964,0.5913503971756399,0.602138815345481
1616,0.7748011946678162,0.8508384819064431,0.5948808473080318,0.6054093339562893
1617,0.7733084559440613,0.8473080317740512,0.5970873786407767,0.6036962051601515
1618,0.7654035091400146,0.8499558693733451,0.5935569285083848,0.5953382131547527
1619,0.7642024755477905,0.8508384819064431,0.5957634598411298,0.5927944764574573
1620,0.7637189626693726,0.8508384819064431,0.6015004413062666,0.6020349893578363
1621,0.7667912840843201,0.8402471315092674,0.6028243601059136,0.6018792503763692
1622,0.8071984052658081,0.8446601941747572,0.6006178287731686,0.602294554326948
1623,0.7801772952079773,0.8420123565754634,0.5931156222418358,0.6048902040180657
1624,0.7730429172515869,0.8446601941747572,0.5975286849073257,0.602450293308415
1625,0.7648023962974548,0.8393645189761695,0.5970873786407767,0.6036962051601515
1626,0.7564609050750732,0.8420123565754634,0.6041482789055604,0.6115869802211493
1627,0.7405701279640198,0.852603706972639,0.6019417475728155,0.6119503711779058
1628,0.7544941902160645,0.8578993821712269,0.5988526037069727,0.608316461610341
1629,0.7352218627929688,0.8587819947043248,0.5988526037069727,0.6057208119192233
1630,0.8019763231277466,0.8473080317740512,0.6028243601059136,0.6048902040180657
1631,0.7466971278190613,0.8402471315092674,0.6076787290379524,0.6080568966412293
1632,0.7773014307022095,0.8464254192409533,0.6094439541041483,0.6102372423817681
1633,0.7457477450370789,0.8455428067078552,0.6098852603706972,0.6089913305300316
1634,0.7729083299636841,0.8446601941747572,0.6054721977052074,0.6045268130613093
1635,0.7344995737075806,0.8631950573698146,0.5939982347749339,0.6054093339562893
1636,0.7759860157966614,0.8623124448367167,0.5948808473080318,0.605513159943934
1637,0.7309214472770691,0.8570167696381289,0.5939982347749339,0.6012043814566786
1638,0.7623041868209839,0.855251544571933,0.5926743159752869,0.6058765509006905
1639,0.7291322350502014,0.8499558693733451,0.5970873786407767,0.6044749000674869
1640,0.778297483921051,0.8437775816416593,0.6028243601059136,0.6032289882157504
1641,0.7230128645896912,0.8420123565754634,0.6028243601059136,0.6002180345740539
1642,0.7308173179626465,0.8473080317740512,0.5992939099735216,0.603903857135441
1643,0.7479662895202637,0.8464254192409533,0.6028243601059136,0.6065514198203811
1644,0.7201725244522095,0.8464254192409533,0.6015004413062666,0.6053574209624669
1645,0.7220932841300964,0.855251544571933,0.5935569285083848,0.6063437678450916
1646,0.7396047115325928,0.8623124448367167,0.5997352162400706,0.6098738514250117
1647,0.748407781124115,0.8596646072374228,0.5979699911738746,0.6094066344806105
1648,0.6928646564483643,0.855251544571933,0.5944395410414828,0.6054612469501116
1649,0.7000457048416138,0.8499558693733451,0.5851721094439541,0.6038000311477963
1650,0.696771502494812,0.8623124448367167,0.5975286849073257,0.6083683746041634
1651,0.7054312229156494,0.853486319505737,0.5970873786407767,0.6088875045423869
1652,0.7521800398826599,0.853486319505737,0.6019417475728155,0.6099776774126564
1653,0.7361006736755371,0.851721094439541,0.6067961165048543,0.6092508954991435
1654,0.747796356678009,0.8640776699029126,0.6054721977052074,0.6046825520427763
1655,0.7195516228675842,0.8702559576345984,0.5997352162400706,0.5980896018273374
1656,0.7292467951774597,0.8667255075022066,0.6019417475728155,0.6015677724134351
1657,0.7104980945587158,0.8631950573698146,0.6006178287731686,0.6036962051601515
1658,0.7907165884971619,0.8570167696381289,0.6019417475728155,0.6053055079686446
1659,0.7516129016876221,0.8658428949691086,0.5975286849073257,0.6030732492342833
1660,0.7339025139808655,0.855251544571933,0.5856134157105031,0.597881949852048
1661,0.7591021656990051,0.8614298323036187,0.589143865842895,0.6030732492342833
1662,0.7681125402450562,0.8587819947043248,0.5988526037069727,0.6052016819809999
1663,0.7276530861854553,0.8561341571050309,0.5922330097087378,0.601256294450501
1664,0.7498164176940918,0.855251544571933,0.5931156222418358,0.5990240357161397
1665,0.7185265421867371,0.855251544571933,0.5909090909090909,0.5942480402844832
1666,0.7471640706062317,0.8596646072374228,0.5979699911738746,0.5974147329076468
1667,0.7478755116462708,0.855251544571933,0.5966460723742277,0.6013082074443233
1668,0.765363335609436,0.853486319505737,0.5997352162400706,0.6064475938327364
1669,0.7794621586799622,0.8411297440423654,0.5944395410414828,0.6034366401910398
1670,0.7769582271575928,0.8490732568402471,0.5970873786407767,0.6007371645122774
1671,0.8095570802688599,0.8640776699029126,0.5953221535745807,0.6027617712713492
1672,0.7523471713066101,0.8631950573698146,0.589585172109444,0.5998027306234751
1673,0.7611156105995178,0.8596646072374228,0.5931156222418358,0.5998546436172975
1674,0.7661359906196594,0.8561341571050309,0.5931156222418358,0.5992316876914292
1675,0.7635101079940796,0.8561341571050309,0.5917917034421889,0.5976742978767585
1676,0.7543421983718872,0.8587819947043248,0.5962047661076787,0.6008929034937445
1677,0.7297559380531311,0.8623124448367167,0.5944395410414828,0.6062918548512692
1678,0.7526530027389526,0.8649602824360106,0.5988526037069727,0.6089394175362093
1679,0.7376816868782043,0.8658428949691086,0.5939982347749339,0.6093547214867882
1680,0.74330735206604,0.8561341571050309,0.5909090909090909,0.5999065566111198
1681,0.70317143201828,0.852603706972639,0.590026478375993,0.5995950786481856
1682,0.7442851066589355,0.8570167696381289,0.5939982347749339,0.6064475938327364
1683,0.7037383913993835,0.8570167696381289,0.589585172109444,0.6057208119192233
1684,0.7655569314956665,0.851721094439541,0.5970873786407767,0.610652546332347
1685,0.7130832672119141,0.8481906443071492,0.6019417475728155,0.6072262887400717
1686,0.7198125123977661,0.8508384819064431,0.5975286849073257,0.6025541192960598
1687,0.743615984916687,0.8631950573698146,0.5948808473080318,0.6038519441416187
1688,0.7334100604057312,0.8667255075022066,0.6010591350397175,0.608004983647407
1689,0.8045151829719543,0.8561341571050309,0.6041482789055604,0.6077973316721176
1690,0.7401164174079895,0.8543689320388349,0.5997352162400706,0.602138815345481
1691,0.7142860889434814,0.8543689320388349,0.6028243601059136,0.6043710740798421
1692,0.717653751373291,0.855251544571933,0.5926743159752869,0.5998546436172975
1693,0.7332276701927185,0.851721094439541,0.5904677846425419,0.6004256865493433
1694,0.8150184154510498,0.8367166813768756,0.5997352162400706,0.5970513419508903
1695,0.8074145317077637,0.8305383936451898,0.5984112974404237,0.595545865130042
1696,0.7525668144226074,0.8570167696381289,0.5953221535745807,0.6003737735555209
1697,0.7291272878646851,0.8570167696381289,0.5926743159752869,0.596272647043555
1698,0.8000811338424683,0.8543689320388349,0.5962047661076787,0.6072262887400717
1699,0.7134305834770203,0.8473080317740512,0.6028243601059136,0.6091989825053211
1700,0.7426126599311829,0.8499558693733451,0.6072374227714034,0.6094585474744328
1701,0.7612805962562561,0.8570167696381289,0.6045895851721095,0.6092508954991435
1702,0.7246226072311401,0.8596646072374228,0.5953221535745807,0.6077454186782951
1703,0.754106342792511,0.8623124448367167,0.5957634598411298,0.6038519441416187
1704,0.7091585397720337,0.853486319505737,0.5926743159752869,0.5972589939261798
1705,0.8060338497161865,0.8437775816416593,0.589143865842895,0.5945595182474174
1706,0.7521600127220154,0.8420123565754634,0.5935569285083848,0.598608731765561
1707,0.7676647305488586,0.8358340688437775,0.5904677846425419,0.6003737735555209
1708,0.7368654012680054,0.8420123565754634,0.5992939099735216,0.6034885531848622
1709,0.7413921356201172,0.852603706972639,0.5935569285083848,0.6041115091107304
1710,0.7267138361930847,0.8543689320388349,0.5922330097087378,0.6009967294813892
1711,0.7414867877960205,0.8596646072374228,0.5904677846425419,0.602138815345481
1712,0.7748829126358032,0.853486319505737,0.587819947043248,0.5990759487099621
1713,0.7622162699699402,0.851721094439541,0.5953221535745807,0.6062918548512692
1714,0.7757655382156372,0.851721094439541,0.5944395410414828,0.6090951565176764
1715,0.7382204532623291,0.855251544571933,0.586496028243601,0.6090951565176764
1716,0.7394310832023621,0.8578993821712269,0.5913503971756399,0.6066552458080258
1717,0.7933967113494873,0.8596646072374228,0.5948808473080318,0.6044229870736645
1718,0.7157056927680969,0.855251544571933,0.5957634598411298,0.6033328142033951
1719,0.79975825548172,0.8570167696381289,0.5935569285083848,0.6064995068265587
1720,0.7650835514068604,0.8578993821712269,0.5944395410414828,0.6110678502829258
1721,0.7963202595710754,0.8543689320388349,0.5869373345101501,0.6124695011161294
1722,0.7325081825256348,0.8490732568402471,0.5944395410414828,0.6117427192026165
1723,0.7450935244560242,0.8605472197705207,0.5988526037069727,0.6061880288636246
1724,0.7412221431732178,0.8614298323036187,0.5988526037069727,0.6013082074443233
1725,0.7371285557746887,0.8640776699029126,0.5957634598411298,0.6026060322898822
1726,0.7219599485397339,0.8658428949691086,0.5917917034421889,0.6048902040180657
1727,0.7243940830230713,0.8605472197705207,0.5909090909090909,0.6070705497586045
1728,0.710645854473114,0.8605472197705207,0.5979699911738746,0.6061880288636246
1729,0.7289168834686279,0.8605472197705207,0.5962047661076787,0.6025541192960598
1730,0.7434902787208557,0.8631950573698146,0.5979699911738746,0.6051497689871775
1731,0.7272891998291016,0.8605472197705207,0.590026478375993,0.602450293308415
1732,0.7523075938224792,0.8570167696381289,0.5917917034421889,0.6005814255308104
1733,0.7360408902168274,0.852603706972639,0.5922330097087378,0.6027617712713492
1734,0.7246729135513306,0.853486319505737,0.5953221535745807,0.6049940300057104
1735,0.6961238384246826,0.8623124448367167,0.5904677846425419,0.6023464673207704
1736,0.7605565786361694,0.8587819947043248,0.5944395410414828,0.6007371645122774
1737,0.7481942772865295,0.853486319505737,0.5957634598411298,0.5976223848829362
1738,0.7404922246932983,0.855251544571933,0.5939982347749339,0.5970513419508903
1739,0.7487137913703918,0.8570167696381289,0.5944395410414828,0.5969475159632456
1740,0.7648500204086304,0.8631950573698146,0.5992939099735216,0.6009967294813892
1741,0.7328681349754333,0.8649602824360106,0.5988526037069727,0.6059803768883352
1742,0.7394389510154724,0.8614298323036187,0.5957634598411298,0.6058765509006905
1743,0.7285033464431763,0.8631950573698146,0.5913503971756399,0.6052016819809999
1744,0.7401145696640015,0.8570167696381289,0.5962047661076787,0.6062918548512692
1745,0.7541993260383606,0.8587819947043248,0.6023830538393645,0.607433940715361
1746,0.7309707403182983,0.8631950573698146,0.5962047661076787,0.6042153350983751
1747,0.7647123336791992,0.8561341571050309,0.5935569285083848,0.6044229870736645
1748,0.7113779187202454,0.8596646072374228,0.589585172109444,0.5992316876914292
1749,0.7612444758415222,0.8605472197705207,0.5922330097087378,0.5993874266728962
1750,0.7763708233833313,0.8508384819064431,0.5992939099735216,0.6056169859315786
1751,0.7092688083648682,0.8464254192409533,0.5997352162400706,0.6063956808389139
1752,0.7694158554077148,0.855251544571933,0.6010591350397175,0.611690806208794
1753,0.7259176969528198,0.8499558693733451,0.6037069726390115,0.6110678502829258
1754,0.7670095562934875,0.8446601941747572,0.5992939099735216,0.6070705497586045
1755,0.7638370394706726,0.8411297440423654,0.5979699911738746,0.6060842028759799
1756,0.7470777034759521,0.8393645189761695,0.5948808473080318,0.6050978559933551
1757,0.7734702825546265,0.8464254192409533,0.5917917034421889,0.6030732492342833
1758,0.7228134274482727,0.8605472197705207,0.5869373345101501,0.5968436899756009
1759,0.7306225895881653,0.8623124448367167,0.589143865842895,0.5946633442350621
1760,0.7815539240837097,0.8543689320388349,0.5935569285083848,0.5995950786481856
1761,0.7426023483276367,0.8570167696381289,0.5917917034421889,0.6042153350983751
1762,0.717447817325592,0.8623124448367167,0.5829655781112092,0.6004775995431657
1763,0.7726673483848572,0.8543689320388349,0.5917917034421889,0.5994912526605409
1764,0.739086925983429,0.855251544571933,0.5962047661076787,0.6066033328142034
1765,0.7556682229042053,0.8543689320388349,0.5953221535745807,0.6089913305300316
1766,0.7157317996025085,0.855251544571933,0.5939982347749339,0.6085241135856305
1767,0.6973956823348999,0.8561341571050309,0.589143865842895,0.6029694232466386
1768,0.7599825263023376,0.8596646072374228,0.589143865842895,0.5989721227223174
1769,0.7687023282051086,0.8658428949691086,0.5785525154457193,0.5975704718891138
1770,0.7269743084907532,0.8658428949691086,0.5851721094439541,0.5949229092041738
1771,0.7288296818733215,0.8649602824360106,0.589585172109444,0.6000103825987645
1772,0.7840282320976257,0.8587819947043248,0.5931156222418358,0.6019830763640139
1773,0.7850914001464844,0.8578993821712269,0.5962047661076787,0.6034366401910398
1774,0.7510422468185425,0.8596646072374228,0.5944395410414828,0.6000103825987645
1775,0.7367882132530212,0.8561341571050309,0.5997352162400706,0.6025541192960598
1776,0.7313324809074402,0.8605472197705207,0.5984112974404237,0.6061361158698022
1777,0.7474923729896545,0.8473080317740512,0.6015004413062666,0.6064995068265587
1778,0.7639516592025757,0.8473080317740512,0.6001765225066196,0.6060842028759799
1779,0.7247959971427917,0.8640776699029126,0.5966460723742277,0.6020349893578363
1780,0.7708027958869934,0.8578993821712269,0.6041482789055604,0.6053574209624669
1781,0.7581889629364014,0.855251544571933,0.6006178287731686,0.601256294450501
1782,0.7789087891578674,0.8570167696381289,0.6006178287731686,0.605668898925401
1783,0.7534133791923523,0.8578993821712269,0.6067961165048543,0.6098219384311894
1784,0.7386983036994934,0.853486319505737,0.5922330097087378,0.6062399418574469
1785,0.7117210030555725,0.8473080317740512,0.5904677846425419,0.6015677724134351
1786,0.7357575297355652,0.8481906443071492,0.5931156222418358,0.5951824741732856
1787,0.7748379707336426,0.8543689320388349,0.5909090909090909,0.5940403883091938
1788,0.769461452960968,0.8490732568402471,0.5913503971756399,0.5992836006852515
1789,0.746355414390564,0.8358340688437775,0.590026478375993,0.598608731765561
1790,0.754475474357605,0.8384819064430715,0.5948808473080318,0.6020349893578363
1791,0.7818880081176758,0.8455428067078552,0.5979699911738746,0.604786378030421
1792,0.7283653020858765,0.8446601941747572,0.5909090909090909,0.6018273373825469
1793,0.7373449206352234,0.8508384819064431,0.590026478375993,0.6020869023516586
1794,0.7370043396949768,0.852603706972639,0.5909090909090909,0.603021336240461
1795,0.7296240329742432,0.8543689320388349,0.5922330097087378,0.6032289882157504
1796,0.7594131231307983,0.8464254192409533,0.5953221535745807,0.6036962051601515
1797,0.7709360122680664,0.855251544571933,0.5962047661076787,0.6040595961169081
1798,0.7116594910621643,0.8587819947043248,0.5917917034421889,0.6040076831230857
1799,0.7293020486831665,0.8614298323036187,0.5957634598411298,0.605668898925401
1800,0.7134166955947876,0.8623124448367167,0.6032656663724625,0.6110678502829258
1801,0.7560908198356628,0.8596646072374228,0.6103265666372463,0.6098219384311894
1802,0.74467533826828,0.8614298323036187,0.5966460723742277,0.6048902040180657
1803,0.7225574254989624,0.8570167696381289,0.5948808473080318,0.6018273373825469
1804,0.7265960574150085,0.852603706972639,0.5975286849073257,0.6017235113949021
1805,0.7184134721755981,0.8508384819064431,0.6001765225066196,0.6025541192960598
1806,0.7242985367774963,0.855251544571933,0.5962047661076787,0.599646991642008
1807,0.7288088798522949,0.8578993821712269,0.5939982347749339,0.5981934278149821
1808,0.7370514273643494,0.8614298323036187,0.5962047661076787,0.5985568187717386
1809,0.7525097727775574,0.8596646072374228,0.5953221535745807,0.6023983803145927
1810,0.7695093750953674,0.8473080317740512,0.6023830538393645,0.6073820277215387
1811,0.7619640231132507,0.8464254192409533,0.6006178287731686,0.6032809012095728
1812,0.7459936738014221,0.8446601941747572,0.5948808473080318,0.6042153350983751
1813,0.7629531025886536,0.852603706972639,0.6028243601059136,0.5994393396667186
1814,0.7038394212722778,0.8446601941747572,0.5970873786407767,0.6003737735555209
1815,0.7458980083465576,0.8455428067078552,0.5988526037069727,0.5994393396667186
1816,0.753082275390625,0.8455428067078552,0.6032656663724625,0.5999584696049421
1817,0.7881385684013367,0.851721094439541,0.6001765225066196,0.5971032549447126
1818,0.7598161697387695,0.853486319505737,0.5953221535745807,0.5994912526605409
1819,0.7304791808128357,0.851721094439541,0.590026478375993,0.5977781238644032
1820,0.7545779347419739,0.852603706972639,0.5966460723742277,0.6007371645122774
1821,0.7579428553581238,0.8464254192409533,0.5984112974404237,0.5999584696049421
1822,0.7475290894508362,0.855251544571933,0.5962047661076787,0.6007890775060998
1823,0.7659371495246887,0.8658428949691086,0.5939982347749339,0.5996989046358303
1824,0.7195430994033813,0.8658428949691086,0.5847308031774051,0.595234387167108
1825,0.7493991255760193,0.8649602824360106,0.588702559576346,0.5993355136790739
1826,0.6936174035072327,0.8570167696381289,0.5926743159752869,0.6003737735555209
1827,0.7357599139213562,0.8631950573698146,0.5970873786407767,0.5992316876914292
1828,0.6850568056106567,0.8614298323036187,0.5988526037069727,0.5995431656543633
1829,0.7577212452888489,0.8596646072374228,0.6023830538393645,0.6056169859315786
1830,0.7553055882453918,0.853486319505737,0.5988526037069727,0.6089394175362093
1831,0.7420943975448608,0.8570167696381289,0.5975286849073257,0.6022426413331257
1832,0.7183448672294617,0.8623124448367167,0.589585172109444,0.5963245600373773
1833,0.7546364068984985,0.8676081200353045,0.5922330097087378,0.5992836006852515
1834,0.7102058529853821,0.8596646072374228,0.590026478375993,0.598920209728495
1835,0.7275225520133972,0.8481906443071492,0.5917917034421889,0.6018273373825469
1836,0.7202265858650208,0.8508384819064431,0.6019417475728155,0.6035923791725069
1837,0.7515829205513,0.8578993821712269,0.6032656663724625,0.6099776774126564
1838,0.7001683712005615,0.8605472197705207,0.6001765225066196,0.6032289882157504
1839,0.7384567856788635,0.8587819947043248,0.6001765225066196,0.6062399418574469
1840,0.7835341095924377,0.8490732568402471,0.5966460723742277,0.6059284638945128
1841,0.7518727779388428,0.8428949691085613,0.5944395410414828,0.6042153350983751
1842,0.7580528855323792,0.8437775816416593,0.6015004413062666,0.6043710740798421
1843,0.7567760944366455,0.8623124448367167,0.5992939099735216,0.6004256865493433
1844,0.771428108215332,0.8605472197705207,0.5970873786407767,0.6007890775060998
1845,0.7162997722625732,0.8587819947043248,0.5931156222418358,0.6046825520427763
1846,0.7276331186294556,0.851721094439541,0.5975286849073257,0.6059284638945128
1847,0.7786402106285095,0.8543689320388349,0.5975286849073257,0.6074858537091834
1848,0.7409571409225464,0.8605472197705207,0.6023830538393645,0.6057727249130458
1849,0.7319222688674927,0.8605472197705207,0.6028243601059136,0.6051497689871775
1850,0.7119014859199524,0.8676081200353045,0.5988526037069727,0.6044749000674869
1851,0.745514452457428,0.8684907325684025,0.5962047661076787,0.6021907283393033
1852,0.7603940963745117,0.8667255075022066,0.5856134157105031,0.5977262108705809
1853,0.7425975799560547,0.8711385701676964,0.5812003530450133,0.5938846493277268
1854,0.7406947612762451,0.8640776699029126,0.5838481906443072,0.5944556922597726
1855,0.7302870154380798,0.8631950573698146,0.5904677846425419,0.5971551679385351
1856,0.7323682308197021,0.8543689320388349,0.589585172109444,0.5995431656543633
1857,0.7487229108810425,0.8464254192409533,0.5931156222418358,0.6002180345740539
1858,0.7532072067260742,0.851721094439541,0.5984112974404237,0.6008409904999221
1859,0.7742642760276794,0.853486319505737,0.5979699911738746,0.6029175102528163
1860,0.7739747762680054,0.8587819947043248,0.6050308914386584,0.6060322898821575
1861,0.7487387657165527,0.8481906443071492,0.6041482789055604,0.6067071588018481
1862,0.7379636168479919,0.852603706972639,0.6041482789055604,0.6031251622281057
1863,0.7606108784675598,0.8543689320388349,0.6019417475728155,0.5968956029694232
1864,0.7586312890052795,0.851721094439541,0.5979699911738746,0.5967398639879562
1865,0.7648306488990784,0.8490732568402471,0.6006178287731686,0.5986606447593833
1866,0.7156683802604675,0.852603706972639,0.5909090909090909,0.5955977781238644
1867,0.7373557090759277,0.852603706972639,0.5962047661076787,0.6006333385246327
1868,0.7428427338600159,0.8367166813768756,0.5970873786407767,0.5992836006852515
1869,0.735539972782135,0.8411297440423654,0.6019417475728155,0.5957016041115091
1870,0.7430348992347717,0.8561341571050309,0.5975286849073257,0.6020869023516586
1871,0.7483142018318176,0.8614298323036187,0.5988526037069727,0.607278201733894
1872,0.7115649580955505,0.8667255075022066,0.6072374227714034,0.6112235892643929
1873,0.7594231963157654,0.8640776699029126,0.6081200353045013,0.610652546332347
1874,0.7082218527793884,0.8640776699029126,0.5988526037069727,0.6014639464257904
1875,0.7435688376426697,0.8649602824360106,0.5988526037069727,0.6026579452837045
1876,0.7660430073738098,0.853486319505737,0.5931156222418358,0.6012043814566786
1877,0.7053437232971191,0.8464254192409533,0.5953221535745807,0.5980896018273374
1878,0.7499745488166809,0.852603706972639,0.5917917034421889,0.5956496911176867
1879,0.6748706102371216,0.853486319505737,0.587819947043248,0.5950786481856408
1880,0.722123920917511,0.8561341571050309,0.5781112091791704,0.5933136063956809
1881,0.7528968453407288,0.853486319505737,0.5842894969108562,0.5959092560867986
1882,0.6999782919883728,0.8499558693733451,0.5829655781112092,0.5974147329076468
1883,0.7497914433479309,0.8455428067078552,0.5917917034421889,0.6010486424752115
1884,0.7323195934295654,0.8437775816416593,0.6010591350397175,0.6025022063022375
1885,0.726998507976532,0.8481906443071492,0.6023830538393645,0.597881949852048
1886,0.752234935760498,0.8437775816416593,0.6019417475728155,0.5997508176296527
1887,0.713895320892334,0.8561341571050309,0.5979699911738746,0.6020869023516586
1888,0.7315065264701843,0.8640776699029126,0.6023830538393645,0.6040076831230857
1889,0.7288113832473755,0.8623124448367167,0.6041482789055604,0.6044749000674869
1890,0.7472821474075317,0.8658428949691086,0.5992939099735216,0.6029694232466386
1891,0.8002210259437561,0.8631950573698146,0.5939982347749339,0.6020869023516586
1892,0.742904782295227,0.8561341571050309,0.588702559576346,0.6022426413331257
1893,0.7256450653076172,0.8561341571050309,0.5997352162400706,0.6063437678450916
1894,0.7477504014968872,0.8605472197705207,0.5975286849073257,0.6044229870736645
1895,0.7140476703643799,0.8596646072374228,0.5948808473080318,0.5992836006852515
1896,0.7692891955375671,0.8596646072374228,0.6023830538393645,0.6048382910242434
1897,0.7424196004867554,0.851721094439541,0.6019417475728155,0.6095623734620775
1898,0.7341949939727783,0.855251544571933,0.6067961165048543,0.6114831542335046
1899,0.760335385799408,0.8543689320388349,0.5970873786407767,0.6057727249130458
1900,0.7272709012031555,0.8578993821712269,0.5962047661076787,0.5973109069200021
1901,0.7716274261474609,0.8623124448367167,0.5997352162400706,0.6012043814566786
1902,0.7754382491111755,0.8676081200353045,0.5992939099735216,0.6032289882157504
1903,0.7336593866348267,0.8667255075022066,0.5948808473080318,0.6008929034937445
1904,0.7106902599334717,0.8605472197705207,0.5975286849073257,0.6033847271972175
1905,0.7626558542251587,0.8614298323036187,0.5988526037069727,0.6010486424752115
1906,0.6960967779159546,0.8570167696381289,0.6023830538393645,0.602138815345481
1907,0.7001418471336365,0.8640776699029126,0.6045895851721095,0.6041634221045528
1908,0.699436604976654,0.8737864077669902,0.6019417475728155,0.6009967294813892
1909,0.7284278869628906,0.8667255075022066,0.5997352162400706,0.5958054300991538
1910,0.6947767734527588,0.8746690203000883,0.5948808473080318,0.5941442142968385
1911,0.7147512435913086,0.8755516328331863,0.5953221535745807,0.5972589939261798
1912,0.6973397135734558,0.8623124448367167,0.5922330097087378,0.6017754243887244
1913,0.7363797426223755,0.8649602824360106,0.5851721094439541,0.5976742978767585
1914,0.7290531992912292,0.8614298323036187,0.587378640776699,0.5949748221979961
1915,0.7286089658737183,0.8605472197705207,0.5926743159752869,0.5921715205315891
1916,0.731434166431427,0.8578993821712269,0.5997352162400706,0.5983491667964491
1917,0.685202419757843,0.8570167696381289,0.6010591350397175,0.6032289882157504
1918,0.7277910709381104,0.8570167696381289,0.6006178287731686,0.603903857135441
1919,0.703839123249054,0.8623124448367167,0.6059135039717564,0.6053055079686446
1920,0.7433265447616577,0.8676081200353045,0.6006178287731686,0.6052535949748222
1921,0.7052454352378845,0.8605472197705207,0.6001765225066196,0.6040595961169081
1922,0.7325603365898132,0.8561341571050309,0.5939982347749339,0.5979857758396927
1923,0.7403899431228638,0.8667255075022066,0.5988526037069727,0.6006852515184551
1924,0.6738294959068298,0.8702559576345984,0.5966460723742277,0.5998027306234751
1925,0.754736065864563,0.8658428949691086,0.5957634598411298,0.6028136842651716
1926,0.726165235042572,0.8587819947043248,0.6037069726390115,0.6059284638945128
1927,0.7300927639007568,0.8561341571050309,0.5970873786407767,0.6008929034937445
1928,0.7146182656288147,0.8561341571050309,0.5917917034421889,0.5985568187717386
1929,0.734122633934021,0.8578993821712269,0.5926743159752869,0.5992836006852515
1930,0.7022154331207275,0.852603706972639,0.5935569285083848,0.5965322120126668
1931,0.7379299998283386,0.853486319505737,0.5939982347749339,0.6042153350983751
1932,0.7089728713035583,0.8508384819064431,0.6015004413062666,0.6057208119192233
1933,0.7742801904678345,0.8543689320388349,0.5970873786407767,0.6077454186782951
1934,0.7307484745979309,0.853486319505737,0.5966460723742277,0.6040595961169081
1935,0.7489041686058044,0.853486319505737,0.5939982347749339,0.5975185588952915
1936,0.733273983001709,0.851721094439541,0.5966460723742277,0.598764470747028
1937,0.7561323642730713,0.8499558693733451,0.6010591350397175,0.608160722628874
1938,0.7469532489776611,0.8490732568402471,0.6045895851721095,0.6103410683694128
1939,0.746340274810791,0.8570167696381289,0.5944395410414828,0.6070705497586045
1940,0.7526664137840271,0.8623124448367167,0.5869373345101501,0.5994912526605409
1941,0.7855955958366394,0.8605472197705207,0.5869373345101501,0.6001661215802315
1942,0.745888352394104,0.852603706972639,0.5917917034421889,0.6004775995431657
1943,0.7041745185852051,0.8464254192409533,0.5931156222418358,0.6029175102528163
1944,0.7663565874099731,0.8428949691085613,0.5944395410414828,0.6052535949748222
1945,0.7539409399032593,0.8490732568402471,0.590026478375993,0.6030732492342833
1946,0.7356328368186951,0.853486319505737,0.5917917034421889,0.6006852515184551
1947,0.7299551367759705,0.8508384819064431,0.5816416593115622,0.5979857758396927
1948,0.7501594424247742,0.8561341571050309,0.5856134157105031,0.6014639464257904
1949,0.7359963655471802,0.8570167696381289,0.5860547219770521,0.6025541192960598
1950,0.7041228413581848,0.8570167696381289,0.588261253309797,0.5987125577532056
1951,0.8017920851707458,0.8570167696381289,0.589143865842895,0.5995950786481856
1952,0.7437872290611267,0.8543689320388349,0.5931156222418358,0.602138815345481
1953,0.7065078616142273,0.8543689320388349,0.5953221535745807,0.6064995068265587
1954,0.7500736117362976,0.8596646072374228,0.5904677846425419,0.6072262887400717
1955,0.7488276958465576,0.8667255075022066,0.5922330097087378,0.6065514198203811
1956,0.7672455310821533,0.8631950573698146,0.588702559576346,0.6066033328142034
1957,0.7488700747489929,0.8605472197705207,0.5904677846425419,0.6032289882157504
1958,0.7238341569900513,0.8596646072374228,0.5957634598411298,0.6035923791725069
1959,0.7397555708885193,0.8640776699029126,0.5979699911738746,0.6053574209624669
1960,0.7539957761764526,0.8605472197705207,0.5957634598411298,0.6020349893578363
1961,0.6815121173858643,0.8596646072374228,0.5860547219770521,0.5949748221979961
1962,0.7358033061027527,0.853486319505737,0.5842894969108562,0.5943518662721279
1963,0.7523807287216187,0.8420123565754634,0.5926743159752869,0.5957016041115091
1964,0.7585369944572449,0.853486319505737,0.589585172109444,0.6010486424752115
1965,0.7632628679275513,0.8499558693733451,0.587378640776699,0.6038519441416187
1966,0.7467743754386902,0.852603706972639,0.5948808473080318,0.6043710740798421
1967,0.7328519821166992,0.8490732568402471,0.5957634598411298,0.604942117011888
1968,0.7200334072113037,0.8464254192409533,0.5922330097087378,0.6014639464257904
1969,0.7414896488189697,0.8596646072374228,0.589143865842895,0.5960130820744433
1970,0.7431430816650391,0.8578993821712269,0.5829655781112092,0.5926906504698126
1971,0.7449421286582947,0.8455428067078552,0.5838481906443072,0.5924310855007008
1972,0.7357668876647949,0.8446601941747572,0.5904677846425419,0.5922234335254114
1973,0.7287607789039612,0.8561341571050309,0.5948808473080318,0.6007890775060998
1974,0.7018886804580688,0.8561341571050309,0.589143865842895,0.5995431656543633
1975,0.7601202130317688,0.855251544571933,0.5970873786407767,0.602138815345481
1976,0.7468937039375305,0.855251544571933,0.6006178287731686,0.6042672480921975
1977,0.7389361262321472,0.8561341571050309,0.5931156222418358,0.6062918548512692
1978,0.7398771047592163,0.8614298323036187,0.5939982347749339,0.6079530706535846
1979,0.7442367076873779,0.8623124448367167,0.5931156222418358,0.603903857135441
1980,0.7448563575744629,0.8631950573698146,0.5917917034421889,0.6035923791725069
1981,0.719523549079895,0.8561341571050309,0.5904677846425419,0.5991797746976069
1982,0.7056286931037903,0.8587819947043248,0.5939982347749339,0.6001661215802315
1983,0.7093080878257751,0.8570167696381289,0.5939982347749339,0.6002180345740539
1984,0.7303740382194519,0.8543689320388349,0.5944395410414828,0.6018792503763692
1985,0.7068750262260437,0.8508384819064431,0.5935569285083848,0.6004775995431657
1986,0.7296946048736572,0.853486319505737,0.590026478375993,0.5959092560867986
1987,0.6969543099403381,0.8578993821712269,0.5962047661076787,0.5975704718891138
1988,0.719707190990448,0.8561341571050309,0.590026478375993,0.6004775995431657
1989,0.7253924608230591,0.8676081200353045,0.589585172109444,0.6017754243887244
1990,0.7291980385780334,0.8702559576345984,0.5904677846425419,0.6055650729377563
1991,0.7551011443138123,0.8667255075022066,0.5869373345101501,0.603903857135441
1992,0.7101880311965942,0.8702559576345984,0.5847308031774051,0.6004256865493433
1993,0.7397353649139404,0.8702559576345984,0.586496028243601,0.6002180345740539
1994,0.7470985054969788,0.8631950573698146,0.589585172109444,0.6058765509006905
1995,0.7075438499450684,0.855251544571933,0.589585172109444,0.602294554326948
1996,0.7386057376861572,0.855251544571933,0.5966460723742277,0.6020349893578363
1997,0.7421665191650391,0.853486319505737,0.5979699911738746,0.6027617712713492
1998,0.7381362318992615,0.8570167696381289,0.6015004413062666,0.605513159943934
1999,0.7368500232696533,0.8658428949691086,0.5992939099735216,0.6062399418574469
2000,0.7167426943778992,0.8702559576345984,0.5939982347749339,0.6019311633701916
2001,0.7669951915740967,0.8605472197705207,0.5975286849073257,0.5971551679385351
2002,0.7506184577941895,0.8578993821712269,0.5931156222418358,0.5998546436172975
2003,0.7425415515899658,0.8481906443071492,0.5957634598411298,0.598764470747028
2004,0.7371885180473328,0.8596646072374228,0.5988526037069727,0.6017754243887244
2005,0.7545197010040283,0.8596646072374228,0.6037069726390115,0.6046825520427763
2006,0.7486335635185242,0.8631950573698146,0.6112091791703442,0.6019830763640139
2007,0.7691413164138794,0.8596646072374228,0.6023830538393645,0.5984529927840938
2008,0.7270538806915283,0.8623124448367167,0.5979699911738746,0.6013082074443233
2009,0.719612717628479,0.8623124448367167,0.5909090909090909,0.6021907283393033
2010,0.730615496635437,0.851721094439541,0.5957634598411298,0.6014639464257904
2011,0.7469789385795593,0.8543689320388349,0.6028243601059136,0.604786378030421
2012,0.7207648158073425,0.8543689320388349,0.6028243601059136,0.6043191610860198
2013,0.7194893956184387,0.8570167696381289,0.5970873786407767,0.5977781238644032
2014,0.7090053558349609,0.853486319505737,0.5948808473080318,0.5950267351918185
2015,0.7389702796936035,0.8658428949691086,0.5979699911738746,0.6011524684628563
2016,0.7147253155708313,0.8640776699029126,0.6001765225066196,0.6016715984010798
2017,0.7399123311042786,0.8658428949691086,0.5913503971756399,0.5981415148211597
2018,0.7126942276954651,0.8684907325684025,0.5913503971756399,0.595234387167108
2019,0.7220410704612732,0.8711385701676964,0.5834068843777581,0.5931578674142137
2020,0.7118564248085022,0.8667255075022066,0.589143865842895,0.5977262108705809
2021,0.7265273928642273,0.8676081200353045,0.588261253309797,0.6001142085864092
2022,0.7309077382087708,0.8499558693733451,0.5904677846425419,0.597881949852048
2023,0.6963045001029968,0.853486319505737,0.5935569285083848,0.5939884753153715
2024,0.754249095916748,0.8561341571050309,0.5975286849073257,0.6009448164875668
2025,0.7130424976348877,0.8587819947043248,0.5979699911738746,0.6052535949748222
2026,0.7322364449501038,0.8561341571050309,0.5988526037069727,0.6017754243887244
2027,0.7683104276657104,0.852603706972639,0.5957634598411298,0.6026060322898822
2028,0.7840297222137451,0.8570167696381289,0.5966460723742277,0.6022426413331257
2029,0.8161044716835022,0.8570167696381289,0.5992939099735216,0.6017754243887244
2030,0.7576935291290283,0.853486319505737,0.5966460723742277,0.5987125577532056
2031,0.762875497341156,0.8402471315092674,0.5926743159752869,0.5995431656543633
2032,0.8065720200538635,0.8367166813768756,0.5966460723742277,0.6013082074443233
2033,0.7862723469734192,0.8402471315092674,0.5935569285083848,0.6004775995431657
2034,0.7902972102165222,0.8490732568402471,0.5953221535745807,0.6052016819809999
2035,0.7413069605827332,0.8499558693733451,0.5984112974404237,0.602450293308415
2036,0.7869740724563599,0.851721094439541,0.5904677846425419,0.5975185588952915
2037,0.7622691988945007,0.8570167696381289,0.5970873786407767,0.5985049057779163
2038,0.7561076283454895,0.8490732568402471,0.6001765225066196,0.6030732492342833
2039,0.7928412556648254,0.855251544571933,0.5997352162400706,0.6044749000674869
2040,0.7398687601089478,0.8631950573698146,0.6032656663724625,0.6016196854072574
2041,0.7435527443885803,0.8605472197705207,0.6015004413062666,0.6025541192960598
2042,0.7676137685775757,0.855251544571933,0.6067961165048543,0.6045268130613093
2043,0.7365053296089172,0.852603706972639,0.6028243601059136,0.6067071588018481
2044,0.7233560085296631,0.8587819947043248,0.5979699911738746,0.6037481181539739
2045,0.7232584953308105,0.8649602824360106,0.5948808473080318,0.5984529927840938
2046,0.7245783805847168,0.8729037952338923,0.5948808473080318,0.6000622955925868
2047,0.7213708758354187,0.8729037952338923,0.5984112974404237,0.6048902040180657
2048,0.6966079473495483,0.8658428949691086,0.6019417475728155,0.607278201733894
2049,0.7219133973121643,0.8587819947043248,0.6045895851721095,0.6071743757462493
2050,0.7166284918785095,0.8623124448367167,0.6023830538393645,0.6075896796968281
2051,0.7365514636039734,0.8693733451015004,0.5979699911738746,0.607122462752427
2052,0.705302894115448,0.8729037952338923,0.5988526037069727,0.6061880288636246
2053,0.7316910624504089,0.8640776699029126,0.6023830538393645,0.6052016819809999
2054,0.719903290271759,0.8578993821712269,0.6028243601059136,0.6043710740798421
2055,0.7281017899513245,0.8684907325684025,0.6001765225066196,0.6034885531848622
2056,0.6808879971504211,0.8746690203000883,0.5944395410414828,0.5972070809323574
2057,0.7184750437736511,0.8702559576345984,0.5948808473080318,0.5967398639879562
2058,0.7083337903022766,0.8631950573698146,0.6006178287731686,0.6034885531848622
2059,0.7015612125396729,0.8614298323036187,0.6050308914386584,0.6048382910242434
2060,0.7455145120620728,0.8614298323036187,0.6010591350397175,0.6019830763640139
2061,0.7345980405807495,0.8623124448367167,0.5922330097087378,0.5975185588952915
2062,0.7073143124580383,0.8658428949691086,0.5970873786407767,0.5993874266728962
2063,0.7224166393280029,0.8720211827007943,0.5988526037069727,0.6016715984010798
2064,0.6969959139823914,0.8693733451015004,0.6054721977052074,0.6071743757462493
2065,0.7342383861541748,0.8596646072374228,0.6112091791703442,0.607433940715361
2066,0.7559951543807983,0.8543689320388349,0.6085613415710504,0.604786378030421
2067,0.7281519174575806,0.8570167696381289,0.5970873786407767,0.6007371645122774
2068,0.727323055267334,0.8543689320388349,0.5957634598411298,0.6019311633701916
2069,0.7642462253570557,0.8570167696381289,0.5944395410414828,0.6086279395732752
2070,0.7548385858535767,0.8570167696381289,0.6067961165048543,0.6069667237709598
2071,0.7735239863395691,0.853486319505737,0.6001765225066196,0.5986606447593833
2072,0.7169482707977295,0.8499558693733451,0.590026478375993,0.5898873488034055
2073,0.7722153067588806,0.8561341571050309,0.5917917034421889,0.5885376109640243
2074,0.7184118032455444,0.8587819947043248,0.5975286849073257,0.5982453408088044
2075,0.7375898361206055,0.855251544571933,0.5922330097087378,0.5970513419508903
2076,0.7846887111663818,0.8490732568402471,0.6019417475728155,0.6000103825987645
2077,0.7672967910766602,0.8499558693733451,0.5979699911738746,0.5992316876914292
2078,0.7304725050926208,0.8561341571050309,0.5957634598411298,0.5977781238644032
2079,0.7815173864364624,0.8587819947043248,0.6032656663724625,0.6008409904999221
2080,0.7764055728912354,0.852603706972639,0.6063548102383054,0.6087836785547422
2081,0.7639837861061096,0.8499558693733451,0.6037069726390115,0.6091470695114988
2082,0.7746381759643555,0.8473080317740512,0.5931156222418358,0.5990240357161397
2083,0.7552363872528076,0.8393645189761695,0.5948808473080318,0.6040076831230857
2084,0.7746931910514832,0.8349514563106796,0.6001765225066196,0.6051497689871775
2085,0.7336450219154358,0.8499558693733451,0.5992939099735216,0.607433940715361
2086,0.7449824213981628,0.8570167696381289,0.5922330097087378,0.6041634221045528
2087,0.7177398204803467,0.8578993821712269,0.5926743159752869,0.6054093339562893
2088,0.7358222007751465,0.8473080317740512,0.5970873786407767,0.6078492446659399
2089,0.7434543371200562,0.8499558693733451,0.587819947043248,0.6072262887400717
2090,0.7393001914024353,0.8578993821712269,0.5909090909090909,0.608160722628874
2091,0.7622197270393372,0.8640776699029126,0.5953221535745807,0.607278201733894
2092,0.7468863129615784,0.8658428949691086,0.5975286849073257,0.6099257644188341
2093,0.7172811031341553,0.8631950573698146,0.5970873786407767,0.6107563723199917
2094,0.7397775053977966,0.8640776699029126,0.5975286849073257,0.6027617712713492
2095,0.7280719876289368,0.8623124448367167,0.5917917034421889,0.5981934278149821
2096,0.7266508936882019,0.8587819947043248,0.590026478375993,0.5992836006852515
2097,0.7476143836975098,0.8570167696381289,0.5962047661076787,0.6029694232466386
2098,0.7260858416557312,0.855251544571933,0.5992939099735216,0.6057727249130458
2099,0.7422124147415161,0.852603706972639,0.6010591350397175,0.6076415926906504
2100,0.7102881073951721,0.8561341571050309,0.6023830538393645,0.6070705497586045
2101,0.7098366022109985,0.8623124448367167,0.5979699911738746,0.6057208119192233
2102,0.7541546821594238,0.8693733451015004,0.5975286849073257,0.6038519441416187
2103,0.7067971229553223,0.8746690203000883,0.5953221535745807,0.6049940300057104
2104,0.7301580309867859,0.8720211827007943,0.5939982347749339,0.6095623734620775
2105,0.7236425280570984,0.8746690203000883,0.5988526037069727,0.6101334163941234
2106,0.7456466555595398,0.8649602824360106,0.5904677846425419,0.607278201733894
2107,0.7383765578269958,0.8640776699029126,0.5957634598411298,0.6059803768883352
2108,0.7101656198501587,0.8640776699029126,0.5922330097087378,0.6046825520427763
2109,0.743817925453186,0.8640776699029126,0.5913503971756399,0.6044749000674869
2110,0.7136443853378296,0.8543689320388349,0.588702559576346,0.6018792503763692
2111,0.6859415769577026,0.8543689320388349,0.5913503971756399,0.6013601204381457
2112,0.7252525091171265,0.852603706972639,0.590026478375993,0.6006333385246327
2113,0.72578364610672,0.8508384819064431,0.5922330097087378,0.6015158594196127
2114,0.7144345641136169,0.8623124448367167,0.5939982347749339,0.6061361158698022
2115,0.7102477550506592,0.855251544571933,0.5935569285083848,0.6089913305300316
2116,0.7067683339118958,0.8543689320388349,0.5939982347749339,0.6064475938327364
2117,0.6988374590873718,0.8640776699029126,0.5953221535745807,0.6046825520427763
2118,0.7065417766571045,0.8737864077669902,0.587378640776699,0.6036442921663292
2119,0.7478381991386414,0.8737864077669902,0.5913503971756399,0.6047344650365987
2120,0.7103011608123779,0.8711385701676964,0.5962047661076787,0.6060842028759799
2121,0.6812766194343567,0.8614298323036187,0.5992939099735216,0.6059803768883352
2122,0.7225801944732666,0.8676081200353045,0.5984112974404237,0.6091470695114988
2123,0.7200196981430054,0.8720211827007943,0.5975286849073257,0.6084202875979857
2124,0.7004317045211792,0.8755516328331863,0.5966460723742277,0.604630639048954
2125,0.7276563048362732,0.8623124448367167,0.6059135039717564,0.607122462752427
2126,0.7468746304512024,0.855251544571933,0.6054721977052074,0.6092508954991435
2127,0.7669582962989807,0.852603706972639,0.6015004413062666,0.608004983647407
2128,0.6812991499900818,0.8578993821712269,0.5997352162400706,0.601256294450501
2129,0.7256108522415161,0.8587819947043248,0.6010591350397175,0.6031251622281057
2130,0.7106229066848755,0.8561341571050309,0.6085613415710504,0.6076935056844728
2131,0.7286175489425659,0.852603706972639,0.6142983230361871,0.6095623734620775
2132,0.7327721118927002,0.851721094439541,0.6072374227714034,0.6077454186782951
2133,0.7663494348526001,0.8561341571050309,0.5975286849073257,0.6054093339562893
2134,0.7562336921691895,0.851721094439541,0.6045895851721095,0.6057727249130458
2135,0.7614907622337341,0.8561341571050309,0.6037069726390115,0.6086279395732752
2136,0.7338454127311707,0.8623124448367167,0.5984112974404237,0.6054093339562893
2137,0.7392508387565613,0.8667255075022066,0.6001765225066196,0.6007890775060998
2138,0.7294354438781738,0.8614298323036187,0.6019417475728155,0.6038000311477963
2139,0.7690656185150146,0.8614298323036187,0.6054721977052074,0.6061880288636246
2140,0.7543572783470154,0.8614298323036187,0.6045895851721095,0.6072262887400717
2141,0.7324349880218506,0.8561341571050309,0.6037069726390115,0.6085760265794529
2142,0.79218590259552,0.8587819947043248,0.5975286849073257,0.6079530706535846
2143,0.7466254234313965,0.8605472197705207,0.5975286849073257,0.6061880288636246
2144,0.7317343950271606,0.8587819947043248,0.5962047661076787,0.6026579452837045
2145,0.7545410394668579,0.8614298323036187,0.588261253309797,0.6026060322898822
2146,0.7272491455078125,0.8578993821712269,0.5856134157105031,0.6019830763640139
2147,0.7480268478393555,0.8543689320388349,0.5966460723742277,0.607122462752427
2148,0.7444947957992554,0.853486319505737,0.5975286849073257,0.6054612469501116
2149,0.7838637828826904,0.8490732568402471,0.5922330097087378,0.5990240357161397
2150,0.7513828277587891,0.8587819947043248,0.5917917034421889,0.5981415148211597
2151,0.730803370475769,0.8596646072374228,0.589585172109444,0.596116908062088
2152,0.7426865696907043,0.8543689320388349,0.5935569285083848,0.5992836006852515
2153,0.7202850580215454,0.8570167696381289,0.5962047661076787,0.6050459429995327
2154,0.7753347158432007,0.855251544571933,0.5917917034421889,0.605513159943934
2155,0.7332866787910461,0.8596646072374228,0.6001765225066196,0.6067590717956705
2156,0.7625603079795837,0.8631950573698146,0.6063548102383054,0.6091989825053211
2157,0.7344402074813843,0.8623124448367167,0.5962047661076787,0.6060322898821575
2158,0.7441823482513428,0.8623124448367167,0.5944395410414828,0.6081088096350517
2159,0.7605777978897095,0.8676081200353045,0.588261253309797,0.6053055079686446
2160,0.7268015742301941,0.8570167696381289,0.5917917034421889,0.6047344650365987
2161,0.7276583313941956,0.851721094439541,0.5948808473080318,0.6034885531848622
2162,0.7101840972900391,0.8561341571050309,0.5966460723742277,0.6032289882157504
2163,0.7195152044296265,0.8570167696381289,0.5948808473080318,0.598920209728495
2164,0.7070543169975281,0.8578993821712269,0.5953221535745807,0.6022426413331257
2165,0.7124418020248413,0.8578993821712269,0.5966460723742277,0.5980896018273374
2166,0.7434208989143372,0.855251544571933,0.5966460723742277,0.604630639048954
2167,0.7344806790351868,0.853486319505737,0.5979699911738746,0.6068628977833151
2168,0.7296565175056458,0.852603706972639,0.5970873786407767,0.6054093339562893
2169,0.7054822444915771,0.853486319505737,0.5917917034421889,0.6029694232466386
2170,0.7463628053665161,0.8543689320388349,0.6001765225066196,0.6019311633701916
2171,0.6717475652694702,0.853486319505737,0.5962047661076787,0.6004256865493433
2172,0.7289421558380127,0.8667255075022066,0.5970873786407767,0.5973109069200021
2173,0.7717143893241882,0.8684907325684025,0.6037069726390115,0.607278201733894
2174,0.7405614256858826,0.8649602824360106,0.6081200353045013,0.6109121113014587
2175,0.7048305869102478,0.8640776699029126,0.6094439541041483,0.6077973316721176
2176,0.7519825100898743,0.8676081200353045,0.6028243601059136,0.6091989825053211
2177,0.7487848401069641,0.8790820829655781,0.6019417475728155,0.6089394175362093
2178,0.7322030663490295,0.8605472197705207,0.6019417475728155,0.6059284638945128
2179,0.7222951650619507,0.8490732568402471,0.6037069726390115,0.5995431656543633
2180,0.7178562879562378,0.8596646072374228,0.6015004413062666,0.5998027306234751
2181,0.7224436402320862,0.8649602824360106,0.5988526037069727,0.6006852515184551
2182,0.7279359698295593,0.8623124448367167,0.589585172109444,0.5975704718891138
2183,0.7356398701667786,0.8490732568402471,0.6001765225066196,0.5968956029694232
2184,0.7537832856178284,0.8411297440423654,0.6015004413062666,0.5986606447593833
2185,0.7250964641571045,0.8340688437775816,0.6063548102383054,0.6011005554690338
2186,0.7637302279472351,0.8499558693733451,0.5944395410414828,0.5976223848829362
2187,0.7582510113716125,0.8561341571050309,0.5953221535745807,0.6000622955925868
2188,0.7088937759399414,0.8667255075022066,0.5975286849073257,0.6004775995431657
2189,0.7162225246429443,0.8605472197705207,0.5997352162400706,0.6036962051601515
2190,0.7027478814125061,0.8578993821712269,0.6010591350397175,0.6069148107771375
2191,0.7407404780387878,0.8623124448367167,0.5975286849073257,0.6036962051601515
2192,0.7668947577476501,0.8623124448367167,0.5966460723742277,0.5972070809323574
2193,0.7615804076194763,0.8676081200353045,0.6023830538393645,0.6006333385246327
2194,0.6860179901123047,0.8746690203000883,0.5913503971756399,0.5968956029694232
2195,0.6969733834266663,0.8596646072374228,0.5926743159752869,0.5939365623215491
2196,0.7377843260765076,0.8614298323036187,0.5917917034421889,0.5985568187717386
2197,0.7593268752098083,0.8640776699029126,0.5984112974404237,0.6031251622281057
2198,0.7561097145080566,0.8649602824360106,0.6032656663724625,0.6007890775060998
2199,0.7397962212562561,0.8614298323036187,0.5992939099735216,0.6026060322898822
2200,0.771926999092102,0.8570167696381289,0.6023830538393645,0.6044749000674869
2201,0.7699177265167236,0.8623124448367167,0.6019417475728155,0.6099776774126564
2202,0.7434782385826111,0.853486319505737,0.5953221535745807,0.607278201733894
2203,0.7821229696273804,0.8640776699029126,0.6028243601059136,0.6006852515184551
2204,0.7589256763458252,0.8543689320388349,0.5957634598411298,0.595390126148575
2205,0.7358801960945129,0.8543689320388349,0.5962047661076787,0.5928463894512797
2206,0.7596790790557861,0.8596646072374228,0.5975286849073257,0.5975704718891138
2207,0.7419442534446716,0.8578993821712269,0.6010591350397175,0.6061361158698022
2208,0.7462177872657776,0.8561341571050309,0.5988526037069727,0.6079530706535846
2209,0.7295260429382324,0.8570167696381289,0.5922330097087378,0.6020869023516586
2210,0.7294876575469971,0.8508384819064431,0.5856134157105031,0.601256294450501
2211,0.7090157866477966,0.8446601941747572,0.588261253309797,0.5997508176296527
2212,0.732010006904602,0.8411297440423654,0.5988526037069727,0.6040076831230857
2213,0.7621427774429321,0.8490732568402471,0.5975286849073257,0.6036962051601515
2214,0.7476478219032288,0.8437775816416593,0.5957634598411298,0.6013601204381457
2215,0.7402427792549133,0.8499558693733451,0.6019417475728155,0.6045787260551316
2216,0.7276937961578369,0.8578993821712269,0.6015004413062666,0.6036962051601515
2217,0.7235395908355713,0.8684907325684025,0.6010591350397175,0.6045787260551316
2218,0.7881567478179932,0.8702559576345984,0.6028243601059136,0.6068109847894928
2219,0.7074229121208191,0.8640776699029126,0.5979699911738746,0.6086798525670976
2220,0.7478770613670349,0.8649602824360106,0.5953221535745807,0.6057727249130458
2221,0.7356536984443665,0.8711385701676964,0.5948808473080318,0.6041115091107304
2222,0.7199662923812866,0.8684907325684025,0.5984112974404237,0.6052016819809999
2223,0.6979277729988098,0.8623124448367167,0.6032656663724625,0.6050978559933551
2224,0.6966577768325806,0.8640776699029126,0.5997352162400706,0.6034366401910398
2225,0.7073841094970703,0.8587819947043248,0.6015004413062666,0.6006852515184551
2226,0.7217711806297302,0.8596646072374228,0.6041482789055604,0.5999584696049421
2227,0.7416865229606628,0.8561341571050309,0.6015004413062666,0.6031770752219281
2228,0.6938005685806274,0.855251544571933,0.6001765225066196,0.6002699475678762
2229,0.7062309384346008,0.8481906443071492,0.6054721977052074,0.6031251622281057
2230,0.7264745235443115,0.8437775816416593,0.6054721977052074,0.605668898925401
2231,0.7461581826210022,0.852603706972639,0.6059135039717564,0.6048902040180657
2232,0.7295746803283691,0.8649602824360106,0.5997352162400706,0.6053574209624669
2233,0.7679913640022278,0.8676081200353045,0.6001765225066196,0.6027098582775269
2234,0.7357927560806274,0.8658428949691086,0.5979699911738746,0.6050459429995327
2235,0.7678006887435913,0.8640776699029126,0.6076787290379524,0.6062399418574469
2236,0.7410321235656738,0.8605472197705207,0.6045895851721095,0.6068109847894928
2237,0.7922654151916504,0.8578993821712269,0.5948808473080318,0.6059284638945128
2238,0.7649592161178589,0.8596646072374228,0.5984112974404237,0.6057208119192233
2239,0.7188242077827454,0.8570167696381289,0.5931156222418358,0.5999065566111198
2240,0.7011203765869141,0.8623124448367167,0.5922330097087378,0.5961688210559103
2241,0.7574087977409363,0.8570167696381289,0.5948808473080318,0.598608731765561
2242,0.7249842882156372,0.8561341571050309,0.5966460723742277,0.6006852515184551
2243,0.7705343961715698,0.8508384819064431,0.6023830538393645,0.6052016819809999
2244,0.7326050400733948,0.8587819947043248,0.5992939099735216,0.6081088096350517
2245,0.7513598799705505,0.8631950573698146,0.5926743159752869,0.6048382910242434
2246,0.7718537449836731,0.852603706972639,0.5917917034421889,0.6038519441416187
2247,0.7409424185752869,0.8543689320388349,0.5975286849073257,0.6053055079686446
2248,0.7376227378845215,0.8658428949691086,0.6050308914386584,0.609043243523854
2249,0.7010488510131836,0.8658428949691086,0.6107678729037952,0.6098738514250117
2250,0.742897629737854,0.852603706972639,0.6050308914386584,0.6061880288636246
2251,0.7214832305908203,0.851721094439541,0.6028243601059136,0.6020349893578363
2252,0.7500993609428406,0.8614298323036187,0.6001765225066196,0.6001661215802315
2253,0.7478158473968506,0.8596646072374228,0.6001765225066196,0.6064995068265587
2254,0.723053514957428,0.8578993821712269,0.6028243601059136,0.608316461610341
2255,0.7272753715515137,0.8543689320388349,0.6050308914386584,0.6113793282458599
2256,0.7264491319656372,0.8508384819064431,0.6028243601059136,0.6102891553755905
2257,0.7319175004959106,0.8455428067078552,0.5962047661076787,0.6073301147277164
2258,0.7201573252677917,0.8490732568402471,0.5962047661076787,0.607433940715361
2259,0.7405248880386353,0.8508384819064431,0.6037069726390115,0.607433940715361
2260,0.7452653050422668,0.8570167696381289,0.6041482789055604,0.6040595961169081
2261,0.7331534624099731,0.852603706972639,0.6063548102383054,0.6058246379068681
2262,0.7049265503883362,0.8437775816416593,0.6001765225066196,0.6025541192960598
2263,0.7109585404396057,0.8420123565754634,0.6010591350397175,0.6013082074443233
2264,0.7596051692962646,0.851721094439541,0.6015004413062666,0.6054093339562893
2265,0.7353923320770264,0.8614298323036187,0.6037069726390115,0.6070705497586045
2266,0.7516902089118958,0.8658428949691086,0.5997352162400706,0.6064475938327364
2267,0.7132092118263245,0.8676081200353045,0.5975286849073257,0.6076415926906504
2268,0.7525436282157898,0.8605472197705207,0.5997352162400706,0.6048902040180657
2269,0.7826942801475525,0.8596646072374228,0.5909090909090909,0.6028136842651716
2270,0.7545784711837769,0.8623124448367167,0.5904677846425419,0.602294554326948
2271,0.736258327960968,0.8640776699029126,0.5975286849073257,0.6080568966412293
2272,0.7308140397071838,0.8578993821712269,0.5992939099735216,0.6094066344806105
2273,0.7298750877380371,0.851721094439541,0.5975286849073257,0.605513159943934
2274,0.7419193983078003,0.8499558693733451,0.5939982347749339,0.6028136842651716
2275,0.7149511575698853,0.8578993821712269,0.589143865842895,0.5983491667964491
2276,0.7689910531044006,0.8667255075022066,0.5909090909090909,0.5997508176296527
2277,0.7602145671844482,0.8614298323036187,0.5913503971756399,0.6010486424752115
2278,0.7747251987457275,0.8570167696381289,0.5962047661076787,0.6040076831230857
2279,0.7712991833686829,0.853486319505737,0.5970873786407767,0.6052535949748222
2280,0.7327194809913635,0.8649602824360106,0.5970873786407767,0.6050978559933551
2281,0.7292388081550598,0.8676081200353045,0.5944395410414828,0.6032289882157504
2282,0.7217780351638794,0.8631950573698146,0.6019417475728155,0.6058765509006905
2283,0.7235689163208008,0.8596646072374228,0.6028243601059136,0.607278201733894
2284,0.7461540699005127,0.8596646072374228,0.6054721977052074,0.6085241135856305
2285,0.7328017950057983,0.8543689320388349,0.6019417475728155,0.6060322898821575
2286,0.7053543925285339,0.851721094439541,0.5966460723742277,0.602138815345481
2287,0.7577775120735168,0.8578993821712269,0.5975286849073257,0.603903857135441
2288,0.707504391670227,0.8684907325684025,0.5970873786407767,0.6022426413331257
2289,0.7213476300239563,0.8614298323036187,0.5909090909090909,0.5958054300991538
2290,0.746340274810791,0.8640776699029126,0.5909090909090909,0.5946114312412397
2291,0.775044322013855,0.8676081200353045,0.5966460723742277,0.602138815345481
2292,0.7493960857391357,0.8702559576345984,0.6015004413062666,0.6095623734620775
2293,0.7135285139083862,0.8614298323036187,0.6090026478375993,0.6095623734620775
2294,0.7232394218444824,0.8614298323036187,0.6094439541041483,0.6090951565176764
2295,0.6828256845474243,0.8658428949691086,0.6063548102383054,0.6045787260551316
2296,0.7938405871391296,0.8693733451015004,0.6006178287731686,0.6021907283393033
2297,0.7126371264457703,0.8587819947043248,0.5926743159752869,0.6031251622281057
2298,0.7284752130508423,0.8596646072374228,0.6010591350397175,0.6054612469501116
2299,0.7347164154052734,0.8667255075022066,0.6001765225066196,0.6071743757462493
2300,0.7433874011039734,0.8746690203000883,0.5979699911738746,0.6028136842651716
2301,0.6778253316879272,0.8711385701676964,0.5948808473080318,0.599646991642008
2302,0.700487494468689,0.8658428949691086,0.5944395410414828,0.5993874266728962
2303,0.740871012210846,0.8596646072374228,0.5953221535745807,0.6060322898821575
2304,0.7244427800178528,0.855251544571933,0.5935569285083848,0.6028136842651716
2305,0.6908260583877563,0.8623124448367167,0.587378640776699,0.6005814255308104
2306,0.7272642850875854,0.8658428949691086,0.5913503971756399,0.5986606447593833
2307,0.7055589556694031,0.8640776699029126,0.5948808473080318,0.5992836006852515
2308,0.7185634970664978,0.8729037952338923,0.5979699911738746,0.6019830763640139
2309,0.7284016013145447,0.8684907325684025,0.5966460723742277,0.6026579452837045
2310,0.7084084749221802,0.8640776699029126,0.5957634598411298,0.6023983803145927
2311,0.7443603277206421,0.8676081200353045,0.5988526037069727,0.6087317655609199
2312,0.7302772998809814,0.8676081200353045,0.5966460723742277,0.6061361158698022
2313,0.751710057258606,0.8640776699029126,0.5922330097087378,0.601412033431968
2314,0.7032032012939453,0.8570167696381289,0.5856134157105031,0.5974666459014691
2315,0.7132321000099182,0.852603706972639,0.587819947043248,0.5954420391423974
2316,0.7488788366317749,0.851721094439541,0.587378640776699,0.5990759487099621
2317,0.7448577284812927,0.8543689320388349,0.5922330097087378,0.6009967294813892
2318,0.7332646250724792,0.8508384819064431,0.5851721094439541,0.6003218605616986
2319,0.7604619264602661,0.8578993821712269,0.5966460723742277,0.6009448164875668
2320,0.7430046796798706,0.8587819947043248,0.5926743159752869,0.598764470747028
2321,0.7590363025665283,0.855251544571933,0.588261253309797,0.5915485646057208
2322,0.7711636424064636,0.8614298323036187,0.590026478375993,0.5980896018273374
2323,0.7173064947128296,0.8543689320388349,0.5988526037069727,0.6029694232466386
2324,0.7367422580718994,0.852603706972639,0.6023830538393645,0.6027098582775269
2325,0.7429164052009583,0.8587819947043248,0.5944395410414828,0.5984010797902715
2326,0.7349545359611511,0.8658428949691086,0.589585172109444,0.5954420391423974
2327,0.733766496181488,0.8631950573698146,0.5917917034421889,0.5977262108705809
2328,0.7823052406311035,0.8570167696381289,0.5922330097087378,0.6027617712713492
2329,0.7312333583831787,0.8543689320388349,0.589143865842895,0.6025541192960598
2330,0.7430510520935059,0.8543689320388349,0.5904677846425419,0.5990240357161397
2331,0.7697493433952332,0.8543689320388349,0.5988526037069727,0.5991278617037844
2332,0.7557356953620911,0.8508384819064431,0.5909090909090909,0.5979338628458704
2333,0.7214521169662476,0.8481906443071492,0.589585172109444,0.5957535171053314
2334,0.7818552851676941,0.8481906443071492,0.5948808473080318,0.6008409904999221
2335,0.7550560832023621,0.8490732568402471,0.5970873786407767,0.6016196854072574
2336,0.7513088583946228,0.8561341571050309,0.5979699911738746,0.6016715984010798
2337,0.7476096153259277,0.8578993821712269,0.5922330097087378,0.5967917769817785
2338,0.7513646483421326,0.8543689320388349,0.590026478375993,0.5965841250064892
2339,0.7131720185279846,0.8570167696381289,0.590026478375993,0.600529512536988
2340,0.729107677936554,0.8658428949691086,0.5917917034421889,0.6008929034937445
2341,0.7623912692070007,0.8667255075022066,0.5926743159752869,0.6003218605616986
2342,0.788871705532074,0.8578993821712269,0.587378640776699,0.6016715984010798
2343,0.7134623527526855,0.8578993821712269,0.586496028243601,0.5980896018273374
2344,0.7756650447845459,0.8596646072374228,0.588261253309797,0.5986606447593833
2345,0.7615557312965393,0.8570167696381289,0.588261253309797,0.6014639464257904
2346,0.7481284141540527,0.8561341571050309,0.5935569285083848,0.6031770752219281
2347,0.7676392793655396,0.8543689320388349,0.6037069726390115,0.6079011576597623
2348,0.7188277244567871,0.8490732568402471,0.6037069726390115,0.6087836785547422
2349,0.7058835029602051,0.8570167696381289,0.6050308914386584,0.6073301147277164
2350,0.7252593636512756,0.8658428949691086,0.5992939099735216,0.608160722628874
2351,0.7467073798179626,0.8667255075022066,0.5966460723742277,0.6065514198203811
2352,0.7542431354522705,0.8649602824360106,0.5944395410414828,0.609043243523854
2353,0.7095901966094971,0.8649602824360106,0.5847308031774051,0.6026060322898822
2354,0.7128700613975525,0.8720211827007943,0.5807590467784642,0.5998027306234751
2355,0.6999433040618896,0.8720211827007943,0.5860547219770521,0.5987125577532056
2356,0.7417415380477905,0.8746690203000883,0.589585172109444,0.6008929034937445
2357,0.7004191875457764,0.8570167696381289,0.6006178287731686,0.6019830763640139
2358,0.7764808535575867,0.8631950573698146,0.5992939099735216,0.604630639048954
2359,0.7261837124824524,0.8623124448367167,0.5957634598411298,0.597881949852048
2360,0.740013837814331,0.855251544571933,0.5931156222418358,0.5941961272906608
2361,0.7530452013015747,0.8464254192409533,0.5953221535745807,0.5936769973524373
2362,0.7141782641410828,0.853486319505737,0.5957634598411298,0.595234387167108
2363,0.7333042621612549,0.8570167696381289,0.5975286849073257,0.5982972538026268
2364,0.7565144300460815,0.8543689320388349,0.6001765225066196,0.6004775995431657
2365,0.7228411436080933,0.8578993821712269,0.5970873786407767,0.5992316876914292
2366,0.7556249499320984,0.8614298323036187,0.5984112974404237,0.5950786481856408
2367,0.7784197330474854,0.8596646072374228,0.5966460723742277,0.5976742978767585
2368,0.7244241833686829,0.8578993821712269,0.5939982347749339,0.6007371645122774
2369,0.7752078771591187,0.8676081200353045,0.6023830538393645,0.6064995068265587
2370,0.7616601586341858,0.8631950573698146,0.5988526037069727,0.6081088096350517
2371,0.7491275072097778,0.852603706972639,0.5966460723742277,0.6031770752219281
2372,0.7499093413352966,0.851721094439541,0.5953221535745807,0.6006333385246327
2373,0.7476395964622498,0.8561341571050309,0.5931156222418358,0.5965841250064892
2374,0.7278406023979187,0.8481906443071492,0.5935569285083848,0.5957535171053314
2375,0.7060575485229492,0.8508384819064431,0.5917917034421889,0.5985568187717386
2376,0.7332777380943298,0.8508384819064431,0.5979699911738746,0.6038000311477963
2377,0.7684166431427002,0.853486319505737,0.5939982347749339,0.6019830763640139
2378,0.7523013353347778,0.8561341571050309,0.5939982347749339,0.5983491667964491
2379,0.7739312648773193,0.8473080317740512,0.5904677846425419,0.5946114312412397
2380,0.7666652202606201,0.8473080317740512,0.5935569285083848,0.5963245600373773
2381,0.7345845103263855,0.8499558693733451,0.5922330097087378,0.5968956029694232
2382,0.7410526275634766,0.8596646072374228,0.5931156222418358,0.5966360380003115
2383,0.7497223615646362,0.8658428949691086,0.5917917034421889,0.5977262108705809
2384,0.7537642121315002,0.8570167696381289,0.5975286849073257,0.598037688833515
2385,0.7541082501411438,0.8402471315092674,0.5957634598411298,0.5962207340497326
2386,0.7114255428314209,0.8455428067078552,0.5913503971756399,0.5956496911176867
2387,0.7297939658164978,0.8499558693733451,0.5931156222418358,0.5987125577532056
2388,0.7163544297218323,0.8587819947043248,0.5909090909090909,0.5980896018273374
2389,0.7614424824714661,0.8543689320388349,0.5966460723742277,0.6000103825987645
2390,0.7427783608436584,0.855251544571933,0.5931156222418358,0.5999065566111198
2391,0.7177584171295166,0.8464254192409533,0.588261253309797,0.5990759487099621
2392,0.7264305353164673,0.8543689320388349,0.587378640776699,0.6030732492342833
2393,0.7155258655548096,0.8649602824360106,0.6028243601059136,0.6050459429995327
2394,0.7101297378540039,0.8667255075022066,0.6019417475728155,0.6050459429995327
2395,0.7125500440597534,0.8667255075022066,0.5966460723742277,0.6059803768883352
2396,0.7406601309776306,0.8631950573698146,0.5935569285083848,0.604786378030421
2397,0.7141905426979065,0.8596646072374228,0.588702559576346,0.598764470747028
2398,0.7139561176300049,0.8605472197705207,0.5847308031774051,0.6002699475678762
2399,0.717291533946991,0.8605472197705207,0.5917917034421889,0.6022426413331257
2400,0.717121958732605,0.8605472197705207,0.5948808473080318,0.6000103825987645
