epoch,loss,train_acc,val_acc,test_acc,gradient_norm
1,1.1177587509155273,0.4918864071369171,0.4802231192588806,0.47449129819869995,0.22002175767461835
2,1.0952842235565186,0.5050709843635559,0.4863083064556122,0.4915567636489868,0.17009009127407723
3,1.070055603981018,0.49391478300094604,0.48427990078926086,0.48690253496170044,0.14468280073340828
4,1.0380648374557495,0.4979715943336487,0.5,0.5040276646614075,0.12015262656177025
5,1.015518069267273,0.5557809472084045,0.5385395288467407,0.5456769466400146,0.11084161296979107
6,0.9765804409980774,0.6034482717514038,0.5882352590560913,0.5835670232772827,0.11227005626736745
7,0.9406171441078186,0.6176470518112183,0.5938133597373962,0.5901903510093689,0.11245387446156628
8,0.9055109024047852,0.6267748475074768,0.6004056930541992,0.5920997262001038,0.09961583882637205
9,0.8868723511695862,0.6551724076271057,0.6019269824028015,0.5946058630943298,0.09729091562828346
10,0.8426004648208618,0.6602433919906616,0.5998985767364502,0.5904290080070496,0.09842046204569145
11,0.8131217360496521,0.6754563450813293,0.5998985767364502,0.5885792374610901,0.10898829408452164
12,0.7847749590873718,0.6916835308074951,0.593306303024292,0.58040452003479,0.1127747539318645
13,0.7643550038337708,0.6997971534729004,0.5836713910102844,0.571871817111969,0.13132604867533632
14,0.7419408559799194,0.7231237292289734,0.5851926803588867,0.5696043968200684,0.14111164675335827
15,0.7200108170509338,0.7413793206214905,0.5796145796775818,0.5727668404579163,0.15168629535309458
16,0.6878646016120911,0.7484787106513977,0.5831642746925354,0.5746762752532959,0.15381164339621856
17,0.6680091023445129,0.7636916637420654,0.5791074633598328,0.5752729773521423,0.15311439991643774
18,0.6453182101249695,0.7657200694084167,0.5720080733299255,0.5735425353050232,0.1750240416449796
19,0.6262524724006653,0.7707910537719727,0.5618661046028137,0.5444835424423218,0.2623351942569665
20,0.6163566708564758,0.7951318025588989,0.587221086025238,0.5749149322509766,0.3690632575535092
21,0.5720946192741394,0.7809330224990845,0.569979727268219,0.5725878477096558,0.17498065273969307
22,0.5723394155502319,0.8275861740112305,0.5811358690261841,0.5700817108154297,0.2709806400266544
23,0.53256756067276,0.8377282023429871,0.5755577683448792,0.5651888251304626,0.15456877844378003
24,0.5395999550819397,0.8387423753738403,0.5851926803588867,0.5744972825050354,0.2419950343465552
25,0.5111994743347168,0.860040545463562,0.5806288123130798,0.5691866874694824,0.26104487411704336
26,0.4833877980709076,0.8711967468261719,0.5765720009803772,0.5620263814926147,0.2991431067461114
27,0.4630320966243744,0.8762677311897278,0.5846855640411377,0.5681126713752747,0.19698628963743214
28,0.4517700672149658,0.8681541085243225,0.5735294222831726,0.5690076947212219,0.1579689340760161
29,0.44047486782073975,0.8874239325523376,0.5770791172981262,0.5600572824478149,0.2459843018526839
30,0.41223278641700745,0.8884381055831909,0.5654157996177673,0.5538516640663147,0.23944972721527719
31,0.4148286283016205,0.8945233225822449,0.56947261095047,0.5610716342926025,0.2222117248122626
32,0.3956575393676758,0.9036511182785034,0.5715010166168213,0.5602362751960754,0.1880531738958096
33,0.39116203784942627,0.9087221026420593,0.5623732209205627,0.542514443397522,0.30922884812432194
34,0.37977084517478943,0.9158214926719666,0.563894510269165,0.5533742904663086,0.27097994741790693
35,0.36156147718429565,0.9107505083084106,0.56947261095047,0.5670982599258423,0.2507801643500648
36,0.36024266481399536,0.9198782444000244,0.5745435953140259,0.5676352977752686,0.289441747645376
37,0.33269768953323364,0.9361054301261902,0.5770791172981262,0.5614296793937683,0.19874297178566303
38,0.3210116922855377,0.9381338357925415,0.5720080733299255,0.5594605803489685,0.20593156762026046
39,0.31939226388931274,0.9361054301261902,0.5770791172981262,0.5697237253189087,0.26393057467805187
40,0.31569626927375793,0.9421906471252441,0.5704867839813232,0.5642341375350952,0.5162774581802887
41,0.293350487947464,0.9371196627616882,0.5502028465270996,0.5454979538917542,0.4566825870913069
42,0.30897653102874756,0.9361054301261902,0.5649086833000183,0.5592219233512878,0.3388709555297327
43,0.26572343707084656,0.9432048201560974,0.5588235259056091,0.5566561222076416,0.1953388397516814
44,0.26769310235977173,0.9432048201560974,0.5547667145729065,0.541380763053894,0.32137977403307383
45,0.2864147126674652,0.9442190527915955,0.5441176295280457,0.5466912984848022,0.4463213065351389
46,0.26521947979927063,0.953346848487854,0.5598376989364624,0.5528372526168823,0.29063577635763477
47,0.25900739431381226,0.952332615852356,0.5674442052841187,0.5603556036949158,0.20329665344958064
48,0.2468896508216858,0.9482758641242981,0.5679513216018677,0.5569544434547424,0.4830736427999801
49,0.27170073986053467,0.9472616314888,0.5527383089065552,0.5386956334114075,0.3780186430470873
50,0.27455922961235046,0.9574036002159119,0.5628803372383118,0.5594605803489685,0.430381101306324
51,0.22595129907131195,0.9604462385177612,0.5608519315719604,0.5651888251304626,0.4427018215858738
52,0.24814707040786743,0.9655172228813171,0.5562880039215088,0.5591621994972229,0.3339012909100116
53,0.2268102914094925,0.9563894271850586,0.5618661046028137,0.550331175327301,0.2860885305273534
54,0.23560640215873718,0.9604462385177612,0.5664300322532654,0.5565367937088013,0.3196852973803264
55,0.21847109496593475,0.9624746441841125,0.5679513216018677,0.5579688549041748,0.3732336648852362
56,0.22082585096359253,0.9584178328514099,0.5608519315719604,0.5521808862686157,0.311925383480086
57,0.2002808004617691,0.9624746441841125,0.5669370889663696,0.557610809803009,0.24956942436196522
58,0.2114841192960739,0.9614604115486145,0.5745435953140259,0.5619069933891296,0.35303042935384055
59,0.20143313705921173,0.9675456285476685,0.5836713910102844,0.5610716342926025,0.346438820830634
60,0.21034559607505798,0.9614604115486145,0.5745435953140259,0.563279390335083,0.2683748975446252
61,0.22411790490150452,0.9645029902458191,0.5816429853439331,0.5708574652671814,0.30099145405480526
62,0.2175978571176529,0.9634888172149658,0.5760648846626282,0.5733635425567627,0.7836443316689456
63,0.1936827450990677,0.9665313959121704,0.5780932903289795,0.5667402744293213,0.25823963890828344
64,0.211060032248497,0.9624746441841125,0.5704867839813232,0.563279390335083,0.2653408361657049
65,0.20931962132453918,0.9695740342140198,0.5709939002990723,0.5724685192108154,0.30248334684525247
66,0.20592206716537476,0.9695740342140198,0.5780932903289795,0.5715734958648682,0.280651635948622
67,0.191547229886055,0.9675456285476685,0.5775861740112305,0.5684706568717957,0.3398720249762372
68,0.1968330442905426,0.9675456285476685,0.5679513216018677,0.559639573097229,0.2656333807027603
69,0.19477270543575287,0.9695740342140198,0.5674442052841187,0.5586848855018616,0.31464108866662993
70,0.1774630844593048,0.9716024398803711,0.5709939002990723,0.5589235424995422,0.25589606681988136
71,0.1810353547334671,0.970588207244873,0.5715010166168213,0.5647711753845215,0.3308793310942322
72,0.16687841713428497,0.970588207244873,0.5669370889663696,0.5652484893798828,0.19508171766881036
73,0.17478281259536743,0.9746450185775757,0.5654157996177673,0.5611312985420227,0.27150893486218847
74,0.19262713193893433,0.976673424243927,0.5674442052841187,0.5675159692764282,0.5030789028376693
75,0.20412586629390717,0.9746450185775757,0.5623732209205627,0.562921404838562,0.5280706510383961
76,0.16783300042152405,0.9716024398803711,0.5542595982551575,0.5559400916099548,0.3090757145902474
77,0.16873382031917572,0.9736307859420776,0.5522312521934509,0.5608329772949219,0.3694845507488149
78,0.1793450564146042,0.975659191608429,0.5578092932701111,0.5626230835914612,0.3348841587435489
79,0.1713474541902542,0.9746450185775757,0.5537525415420532,0.5538516640663147,0.3057886489034511
80,0.1590314656496048,0.9746450185775757,0.5603448152542114,0.5595202445983887,0.28715777028565376
81,0.1478961706161499,0.9736307859420776,0.5583164095878601,0.562921404838562,0.1976156025220065
82,0.1804274320602417,0.9746450185775757,0.5659229159355164,0.5605943202972412,0.27906175657597265
83,0.17220886051654816,0.9726166129112244,0.5532454252243042,0.5512261986732483,0.2946697512198436
84,0.18262545764446259,0.9787018299102783,0.5542595982551575,0.5508084893226624,0.4569103154867082
85,0.17161253094673157,0.9716024398803711,0.5557809472084045,0.5554030537605286,0.20515706825611474
86,0.1783774346113205,0.9787018299102783,0.5567951202392578,0.552717924118042,0.6371840992865763
87,0.16903766989707947,0.9797160029411316,0.5730223059654236,0.5583268404006958,0.3126219155872027
88,0.15092696249485016,0.9776875972747803,0.5851926803588867,0.5730652213096619,0.377276849317841
89,0.1535688191652298,0.9787018299102783,0.5851926803588867,0.5721104741096497,0.2705931377781404
90,0.1647617369890213,0.976673424243927,0.569979727268219,0.5631003975868225,0.26889265836829357
91,0.1691979616880417,0.9817444086074829,0.5791074633598328,0.5703800916671753,0.4533912588492503
92,0.17036041617393494,0.9817444086074829,0.5816429853439331,0.5768840312957764,0.2748978906489168
93,0.15222883224487305,0.9858012199401855,0.5796145796775818,0.5727071762084961,0.3729001461429143
94,0.1468065083026886,0.9797160029411316,0.5801216959953308,0.5686496496200562,0.28737891903234264
95,0.15899761021137238,0.9817444086074829,0.5730223059654236,0.569843053817749,0.43811183402015214
96,0.15126052498817444,0.9797160029411316,0.5679513216018677,0.5707380771636963,0.2826849346882347
97,0.15494883060455322,0.9746450185775757,0.5669370889663696,0.569843053817749,0.35213354160335575
98,0.1569809764623642,0.9736307859420776,0.5709939002990723,0.5737812519073486,0.278318908807173
99,0.16859444975852966,0.9817444086074829,0.563387393951416,0.5702010989189148,0.4938184677250054
100,0.15156731009483337,0.970588207244873,0.5522312521934509,0.561310350894928,0.2907963832338605
101,0.17440165579319,0.976673424243927,0.5552738308906555,0.5659645199775696,0.4104509334748874
102,0.15394802391529083,0.9736307859420776,0.563894510269165,0.5709171295166016,0.4954676755944309
103,0.15678991377353668,0.9726166129112244,0.5654157996177673,0.5675159692764282,0.46226571209437217
104,0.14685894548892975,0.976673424243927,0.5578092932701111,0.5582075119018555,0.25363493620434785
105,0.15774382650852203,0.9797160029411316,0.5517241358757019,0.5468106269836426,0.27024850920188814
106,0.15163038671016693,0.9797160029411316,0.5628803372383118,0.5567754507064819,0.2693543267843525
107,0.14883770048618317,0.9787018299102783,0.5725151896476746,0.5635777711868286,0.3010660707776824
108,0.15617655217647552,0.9787018299102783,0.5628803372383118,0.5594605803489685,0.3481646975172974
109,0.1599409580230713,0.9776875972747803,0.5674442052841187,0.5627424120903015,0.2975963999580384
110,0.13295985758304596,0.975659191608429,0.5720080733299255,0.5652484893798828,0.2868947835298488
111,0.15122757852077484,0.9817444086074829,0.5730223059654236,0.566978931427002,0.34835555612005703
112,0.143650084733963,0.9787018299102783,0.5775861740112305,0.5682916641235352,0.2398882242817255
113,0.14867718517780304,0.9797160029411316,0.5664300322532654,0.5645921230316162,0.3289895975741404
114,0.14341501891613007,0.9817444086074829,0.5750507116317749,0.5660839080810547,0.3282731578676912
115,0.11773336678743362,0.9797160029411316,0.5735294222831726,0.5609523057937622,0.19254298190102734
116,0.12797154486179352,0.9847869873046875,0.5796145796775818,0.5653678774833679,0.2936878535147729
117,0.13589823246002197,0.9837728142738342,0.5816429853439331,0.5669192671775818,0.31121301980915916
118,0.15559817850589752,0.9837728142738342,0.5745435953140259,0.5625633597373962,0.4614069029927727
119,0.13580483198165894,0.9797160029411316,0.5740364789962769,0.5657855272293091,0.3148540301807886
120,0.12132735550403595,0.9847869873046875,0.5831642746925354,0.570260763168335,0.2080635153152418
121,0.13945482671260834,0.9837728142738342,0.5806288123130798,0.5691270232200623,0.3154683973267147
122,0.11439970880746841,0.9908722043037415,0.5786004066467285,0.5617280006408691,0.22013471963899892
123,0.14374837279319763,0.9868153929710388,0.587221086025238,0.570260763168335,0.34130130638623063
124,0.11944600194692612,0.9868153929710388,0.5836713910102844,0.5707977414131165,0.2065390727465891
125,0.1313195675611496,0.9817444086074829,0.5755577683448792,0.5668596029281616,0.30010224786400463
126,0.13171690702438354,0.9847869873046875,0.5811358690261841,0.57425856590271,0.3370968630061623
127,0.11953698098659515,0.9858012199401855,0.5720080733299255,0.5677546262741089,0.27267827323394384
128,0.11079086363315582,0.9858012199401855,0.5684583783149719,0.5619069933891296,0.17873866555496298
129,0.11995766311883926,0.9858012199401855,0.5598376989364624,0.5601169466972351,0.2003404452316765
130,0.1316264420747757,0.9827585816383362,0.5725151896476746,0.5707380771636963,0.32226279600223867
131,0.10936574637889862,0.9817444086074829,0.5715010166168213,0.5736022591590881,0.22873664238264993
132,0.11804874241352081,0.9837728142738342,0.5735294222831726,0.5721104741096497,0.2774401657385665
133,0.11620711535215378,0.9858012199401855,0.5679513216018677,0.5652484893798828,0.18015592831651073
134,0.12196633219718933,0.9776875972747803,0.563387393951416,0.5537919998168945,0.3501102309624469
135,0.13221894204616547,0.9807301759719849,0.5669370889663696,0.5623843669891357,0.49360889506325895
136,0.14292031526565552,0.9827585816383362,0.5684583783149719,0.564950168132782,0.33613148041848306
137,0.12142951041460037,0.9817444086074829,0.5628803372383118,0.5542096495628357,0.340800925908896
138,0.12823475897312164,0.9817444086074829,0.5659229159355164,0.5608329772949219,0.4821900146184372
139,0.1264369785785675,0.9827585816383362,0.5725151896476746,0.5688287019729614,0.26324136757719596
140,0.1348964422941208,0.9868153929710388,0.5704867839813232,0.5638760924339294,0.4170366065252652
141,0.11310213804244995,0.9868153929710388,0.5674442052841187,0.5625633597373962,0.20007956185300688
142,0.11322807520627975,0.9837728142738342,0.5715010166168213,0.570260763168335,0.30886573604725936
143,0.11869649589061737,0.9847869873046875,0.5765720009803772,0.5747359395027161,0.270909978473266
144,0.12486453354358673,0.9837728142738342,0.5775861740112305,0.5716331601142883,0.43698821254356257
145,0.10679305344820023,0.9858012199401855,0.5715010166168213,0.563697099685669,0.1900194277984474
146,0.10596059262752533,0.9837728142738342,0.569979727268219,0.5607136487960815,0.20611653348617362
147,0.12354666739702225,0.9827585816383362,0.5740364789962769,0.5684109926223755,0.30704379662077985
148,0.12457841634750366,0.9868153929710388,0.569979727268219,0.564532458782196,0.26256717818317254
149,0.11278096586465836,0.9898579716682434,0.563387393951416,0.5594605803489685,0.24571338931787554
150,0.11706364154815674,0.9888437986373901,0.5644016265869141,0.5597589015960693,0.23109037649946312
151,0.10927552729845047,0.9878295660018921,0.5567951202392578,0.5638164281845093,0.6080601800198169
152,0.11100734770298004,0.9868153929710388,0.5562880039215088,0.5582075119018555,0.24309623480356302
153,0.10860788077116013,0.9908722043037415,0.5486815571784973,0.5505698323249817,0.1839193889767188
154,0.11692152172327042,0.9929006099700928,0.5481744408607483,0.5497941374778748,0.2622185024513977
155,0.10564904659986496,0.9858012199401855,0.5486815571784973,0.5540903210639954,0.25806721201411303
156,0.11749622225761414,0.9868153929710388,0.5517241358757019,0.5510472059249878,0.41122537982592344
157,0.11636485904455185,0.9868153929710388,0.5567951202392578,0.5537919998168945,0.22377167614061827
158,0.13546308875083923,0.9868153929710388,0.5578092932701111,0.562921404838562,0.2886822836349659
159,0.1338333934545517,0.9878295660018921,0.5654157996177673,0.5656661987304688,0.5901178501628181
160,0.10355742275714874,0.9858012199401855,0.5623732209205627,0.5626827478408813,0.15021043713942644
161,0.1304515153169632,0.9868153929710388,0.5715010166168213,0.5617876648902893,0.32384421631175664
162,0.12627853453159332,0.9827585816383362,0.5745435953140259,0.5683513283729553,0.2766919007685374
163,0.12538091838359833,0.9837728142738342,0.5811358690261841,0.5686496496200562,0.38972945376810253
164,0.11949946731328964,0.9847869873046875,0.5730223059654236,0.5621457099914551,0.3754754845581611
165,0.12627030909061432,0.9878295660018921,0.5786004066467285,0.5679932832717896,0.40784943416412156
166,0.1050739586353302,0.9837728142738342,0.5801216959953308,0.5720508098602295,0.24759471530623262
167,0.12207876145839691,0.9898579716682434,0.5608519315719604,0.5624440312385559,0.3999363114056875
168,0.099650539457798,0.9888437986373901,0.5507099032402039,0.5488393902778625,0.21484537328918937
169,0.11504226922988892,0.9898579716682434,0.5573022365570068,0.5558804273605347,0.3370488326154845
170,0.13023562729358673,0.9888437986373901,0.5654157996177673,0.5634584426879883,0.6299881885561132
171,0.10861148685216904,0.9898579716682434,0.5598376989364624,0.5644727945327759,0.2846691924701521
172,0.11534513533115387,0.9918863773345947,0.5573022365570068,0.5591025352478027,0.33194972908489906
173,0.1272803097963333,0.9878295660018921,0.5649086833000183,0.564950168132782,0.4011595177817297
174,0.11066573858261108,0.9807301759719849,0.5720080733299255,0.5768840312957764,0.34109880220932504
175,0.11300788819789886,0.9868153929710388,0.5669370889663696,0.5721701383590698,0.34278420556380157
176,0.10186606645584106,0.9888437986373901,0.5669370889663696,0.5651291608810425,0.1868365552829291
177,0.11173674464225769,0.9908722043037415,0.569979727268219,0.5675159692764282,0.3002696378346514
178,0.12235583364963531,0.9868153929710388,0.568965494632721,0.5700817108154297,0.3771032591557717
179,0.10265050083398819,0.9847869873046875,0.5715010166168213,0.5657258629798889,0.22263840089602477
180,0.1076263040304184,0.9847869873046875,0.5704867839813232,0.5644131302833557,0.21988770694045473
181,0.11218080669641495,0.9888437986373901,0.5684583783149719,0.5695447325706482,0.2610623512660893
182,0.09798353910446167,0.9878295660018921,0.5669370889663696,0.5693656802177429,0.24366659900751753
183,0.1237674131989479,0.9898579716682434,0.5644016265869141,0.5676949620246887,0.3631246365620467
184,0.12457059323787689,0.9888437986373901,0.5775861740112305,0.5706784129142761,0.32225282191642246
185,0.09351927787065506,0.9868153929710388,0.5704867839813232,0.5714541077613831,0.27248473410939783
186,0.1132662296295166,0.9858012199401855,0.5715010166168213,0.5750939846038818,0.4098336154646477
187,0.09008828550577164,0.9929006099700928,0.56947261095047,0.567336916923523,0.2240603904361486
188,0.12119462341070175,0.993914783000946,0.5644016265869141,0.5611909627914429,0.3943139104216592
189,0.10309547930955887,0.9898579716682434,0.563894510269165,0.5600572824478149,0.21322474988223425
190,0.0890972912311554,0.9878295660018921,0.5649086833000183,0.564532458782196,0.3624619333054325
191,0.10719294846057892,0.9888437986373901,0.5654157996177673,0.5690673589706421,0.16810845333743463
192,0.0963919386267662,0.9888437986373901,0.563387393951416,0.5605345964431763,0.2614375922147051
193,0.10197661072015762,0.9929006099700928,0.5644016265869141,0.5589235424995422,0.25227575852622824
194,0.11452604830265045,0.9908722043037415,0.5745435953140259,0.5667402744293213,0.24816875447795922
195,0.10963861644268036,0.9878295660018921,0.5679513216018677,0.5619667172431946,0.4202839030833404
196,0.11644859611988068,0.9878295660018921,0.5628803372383118,0.5626827478408813,0.29108251080148545
197,0.12034298479557037,0.9878295660018921,0.5628803372383118,0.5653678774833679,0.3148843690190901
198,0.1279972344636917,0.9888437986373901,0.5654157996177673,0.5728265047073364,0.40493951327048683
199,0.11316071450710297,0.9929006099700928,0.5623732209205627,0.5730055570602417,0.5008524126989157
200,0.10660340636968613,0.9868153929710388,0.568965494632721,0.566561222076416,0.2072005435501167
201,0.12057383358478546,0.9878295660018921,0.5740364789962769,0.5700220465660095,0.38510504813077256
202,0.11585795879364014,0.9898579716682434,0.5801216959953308,0.5724685192108154,0.33873618225835395
203,0.11069706827402115,0.9878295660018921,0.5775861740112305,0.5719314813613892,0.2956059215333619
204,0.1248004138469696,0.9888437986373901,0.5715010166168213,0.5678739547729492,0.2666799494240912
205,0.11733993142843246,0.9888437986373901,0.5664300322532654,0.5614893436431885,0.3518858779273566
206,0.10802606493234634,0.9888437986373901,0.5659229159355164,0.5648308396339417,0.28279398457234545
207,0.10971369594335556,0.9918863773345947,0.568965494632721,0.5700817108154297,0.441197785584011
208,0.12283637374639511,0.9888437986373901,0.5679513216018677,0.5777194499969482,0.3372356257946502
209,0.1273883730173111,0.9878295660018921,0.5770791172981262,0.5794498324394226,0.3449189578251178
210,0.11468693614006042,0.9847869873046875,0.5780932903289795,0.5825526714324951,0.21179061126197268
211,0.12832260131835938,0.9847869873046875,0.5912778973579407,0.5900112986564636,0.28781998052082
212,0.11166781932115555,0.9868153929710388,0.5897565484046936,0.5866698622703552,0.21924899518867905
213,0.11808367073535919,0.9868153929710388,0.5851926803588867,0.5801061987876892,0.33101123445572017
214,0.11397155374288559,0.9878295660018921,0.5826571583747864,0.5760486721992493,0.19599856303809385
215,0.1180354431271553,0.9898579716682434,0.568965494632721,0.5676949620246887,0.6074599093230488
216,0.11848913878202438,0.9908722043037415,0.5786004066467285,0.5724685192108154,0.3908700303751041
217,0.08708245307207108,0.9847869873046875,0.5644016265869141,0.5678739547729492,0.20914305279120268
218,0.1368158757686615,0.9918863773345947,0.5522312521934509,0.552300214767456,0.4083960223497229
219,0.1345299631357193,0.9847869873046875,0.5431034564971924,0.5402470231056213,0.3203657293850581
220,0.1615801751613617,0.9918863773345947,0.5507099032402039,0.5526582598686218,0.591011373267154
221,0.12838688492774963,0.9858012199401855,0.5562880039215088,0.5586252212524414,0.3632107628374213
222,0.14377714693546295,0.9908722043037415,0.5593306422233582,0.5662629008293152,0.5389928198737515
223,0.12662287056446075,0.9898579716682434,0.5542595982551575,0.5637567639350891,0.3746989361788952
224,0.11006876081228256,0.9878295660018921,0.5623732209205627,0.5686496496200562,0.2910275701357611
225,0.11687768995761871,0.9858012199401855,0.5745435953140259,0.5835073590278625,0.4386702807099162
226,0.10712000727653503,0.9837728142738342,0.5654157996177673,0.5848200917243958,0.24484970157046929
227,0.15102815628051758,0.9898579716682434,0.5562880039215088,0.5753923058509827,0.3824364448378446
228,0.10206357389688492,0.9929006099700928,0.5385395288467407,0.5612506866455078,0.2302119603515482
229,0.12300177663564682,0.9918863773345947,0.5476673245429993,0.5591621994972229,0.40776029806523156
230,0.11952818185091019,0.9868153929710388,0.5649086833000183,0.5653678774833679,0.2779724613332939
231,0.10295417159795761,0.9827585816383362,0.5720080733299255,0.5757503509521484,0.29659809291664274
232,0.1166280061006546,0.9878295660018921,0.568965494632721,0.5704397559165955,0.27274757249904824
233,0.09952954202890396,0.9898579716682434,0.5527383089065552,0.5526582598686218,0.27908884856789873
234,0.12557671964168549,0.9908722043037415,0.5507099032402039,0.553970992565155,0.4455658488596963
235,0.11281748861074448,0.9888437986373901,0.5623732209205627,0.5659048557281494,0.4386140157170199
236,0.11289438605308533,0.9868153929710388,0.5659229159355164,0.5645921230316162,0.3544645148610041
237,0.11311499029397964,0.9908722043037415,0.5542595982551575,0.5534339547157288,0.6681902366732911
238,0.11227352917194366,0.9868153929710388,0.5507099032402039,0.5525389313697815,0.4264547703073169
239,0.10813180357217789,0.9888437986373901,0.5537525415420532,0.557610809803009,0.2898194079677569
240,0.10359936207532883,0.9878295660018921,0.5567951202392578,0.5643534660339355,0.24357516177124758
241,0.0956389382481575,0.9878295660018921,0.5583164095878601,0.5657855272293091,0.2503236658661007
242,0.10607647150754929,0.9898579716682434,0.5517241358757019,0.5612506866455078,0.2875473173412154
243,0.11828596144914627,0.9868153929710388,0.5567951202392578,0.5602959394454956,0.27788824588959615
244,0.12456788122653961,0.9898579716682434,0.5649086833000183,0.5647115111351013,0.2755800113934316
245,0.10806790739297867,0.9898579716682434,0.5709939002990723,0.5704397559165955,0.28535975195295116
246,0.11550341546535492,0.9908722043037415,0.5725151896476746,0.5716331601142883,0.25360756983694605
247,0.12454825639724731,0.9908722043037415,0.5735294222831726,0.5716331601142883,0.4311672803276079
248,0.11495237797498703,0.9868153929710388,0.5684583783149719,0.5681126713752747,0.1934709436410768
249,0.12515461444854736,0.9827585816383362,0.5623732209205627,0.5630407333374023,0.2718979895111164
250,0.11323043704032898,0.9837728142738342,0.5613589882850647,0.5618473291397095,0.34218846127545544
251,0.12197356671094894,0.9888437986373901,0.5659229159355164,0.5658451914787292,0.2477008203347179
252,0.11319847404956818,0.9888437986373901,0.5679513216018677,0.5630407333374023,0.3473031707755483
253,0.11278354376554489,0.9868153929710388,0.5715010166168213,0.5622053742408752,0.3343265777000476
254,0.10765170305967331,0.9837728142738342,0.5755577683448792,0.5635777711868286,0.23552225483160713
255,0.11414491385221481,0.9888437986373901,0.5801216959953308,0.5749746561050415,0.7994039305251848
256,0.13047881424427032,0.9898579716682434,0.5882352590560913,0.5802255272865295,0.40201925421254064
257,0.09075243771076202,0.9898579716682434,0.5786004066467285,0.5744972825050354,0.23222810527141508
258,0.13285531103610992,0.9847869873046875,0.5664300322532654,0.5605943202972412,0.36261714016195223
259,0.13596373796463013,0.9847869873046875,0.5628803372383118,0.5604749321937561,0.4612619244382654
260,0.14067518711090088,0.9858012199401855,0.5796145796775818,0.5734232068061829,0.3806056534673972
261,0.14151975512504578,0.9847869873046875,0.5780932903289795,0.5790321230888367,0.2839695784215433
262,0.1391185224056244,0.9878295660018921,0.5745435953140259,0.5739602446556091,0.36010366468176763
263,0.11876065284013748,0.9878295660018921,0.5552738308906555,0.5552837252616882,0.4053787947187936
264,0.1233721524477005,0.9858012199401855,0.5552738308906555,0.5503908395767212,0.24547642480255658
265,0.13087505102157593,0.9847869873046875,0.5593306422233582,0.5533742904663086,0.6736848642929599
266,0.1184813380241394,0.9817444086074829,0.5623732209205627,0.5582075119018555,0.267485567315263
267,0.12247882038354874,0.9868153929710388,0.5613589882850647,0.5585058927536011,0.40290721891547654
268,0.11102589964866638,0.9878295660018921,0.5567951202392578,0.5557610988616943,0.2367324520830946
269,0.12461859732866287,0.9868153929710388,0.5578092932701111,0.5571931600570679,0.27021306291103947
270,0.11376497894525528,0.9868153929710388,0.5644016265869141,0.5607733130455017,0.25897521000738827
271,0.12841521203517914,0.9847869873046875,0.5664300322532654,0.5706784129142761,0.76023814305572
272,0.12755322456359863,0.9837728142738342,0.5720080733299255,0.5725281834602356,0.3759126687198428
273,0.1366809606552124,0.9868153929710388,0.5715010166168213,0.564174473285675,0.31785775142297357
274,0.12390633672475815,0.9878295660018921,0.5664300322532654,0.5612506866455078,0.3101935393135606
275,0.12659548223018646,0.9898579716682434,0.5623732209205627,0.5574914813041687,0.289832399247508
276,0.14488142728805542,0.9888437986373901,0.5664300322532654,0.5648308396339417,0.34901202051068353
277,0.11361777037382126,0.9898579716682434,0.5664300322532654,0.5720508098602295,0.24612154054531046
278,0.12779247760772705,0.9898579716682434,0.5684583783149719,0.576764702796936,0.4185550437570237
279,0.10396043211221695,0.9868153929710388,0.5664300322532654,0.5749149322509766,0.24896313521396235
280,0.12433414161205292,0.9817444086074829,0.5704867839813232,0.5762873291969299,0.33938573388339965
281,0.1334492415189743,0.9858012199401855,0.5725151896476746,0.5745569467544556,0.2513863233199386
282,0.1359126716852188,0.9878295660018921,0.5780932903289795,0.5762276649475098,0.4303385282122202
283,0.11728355288505554,0.9878295660018921,0.568965494632721,0.5709767937660217,0.4293030328073075
284,0.11680310219526291,0.9898579716682434,0.5649086833000183,0.5679932832717896,0.3459829851033989
285,0.10909656435251236,0.9898579716682434,0.5562880039215088,0.5616086721420288,0.31566239041246547
286,0.11548668891191483,0.9888437986373901,0.5583164095878601,0.561668336391449,0.2320494811662707
287,0.11407765001058578,0.9898579716682434,0.5573022365570068,0.5642341375350952,0.2091234990613858
288,0.10653279721736908,0.9858012199401855,0.5567951202392578,0.566978931427002,0.23760682628815238
289,0.09996897727251053,0.9898579716682434,0.5669370889663696,0.5666805505752563,0.2559679152122623
290,0.12333901226520538,0.9837728142738342,0.569979727268219,0.5571931600570679,0.41078898966155586
291,0.1572725474834442,0.9888437986373901,0.5725151896476746,0.569843053817749,0.5207186139197936
292,0.09566505253314972,0.9827585816383362,0.5735294222831726,0.5761680006980896,0.1931844736775272
293,0.11169473081827164,0.9858012199401855,0.5664300322532654,0.5683513283729553,0.33867307442453115
294,0.11681393533945084,0.9878295660018921,0.5517241358757019,0.5554627180099487,0.5064029061776776
295,0.0958847776055336,0.9858012199401855,0.5441176295280457,0.5438271760940552,0.2601286213505457
296,0.13409383594989777,0.9908722043037415,0.5446247458457947,0.5504505038261414,0.4064799357845747
297,0.11006772518157959,0.9868153929710388,0.545638918876648,0.5530163049697876,0.30263121391081405
298,0.12516476213932037,0.9908722043037415,0.545638918876648,0.5551047325134277,0.44492717674572185
299,0.10442554205656052,0.9888437986373901,0.5562880039215088,0.557610809803009,0.25492687910964434
300,0.09333764761686325,0.9817444086074829,0.5603448152542114,0.559639573097229,0.2588532076617136
301,0.1180388554930687,0.9918863773345947,0.5623732209205627,0.5656661987304688,0.3734425579220162
302,0.10441524535417557,0.9908722043037415,0.5542595982551575,0.5642938017845154,0.2525956533148668
303,0.10520820319652557,0.9918863773345947,0.5542595982551575,0.5611312985420227,0.28019248472644676
304,0.11076714098453522,0.9908722043037415,0.5517241358757019,0.5606539845466614,0.27976610247730044
305,0.09232133626937866,0.9949289560317993,0.5507099032402039,0.5598185658454895,0.20263526286548014
306,0.10642183572053909,0.993914783000946,0.5552738308906555,0.5557610988616943,0.29352403173091374
307,0.10159605741500854,0.993914783000946,0.5573022365570068,0.5582671761512756,0.23580605848494446
308,0.10121320188045502,0.993914783000946,0.5562880039215088,0.5574914813041687,0.24074420510005268
309,0.09753747284412384,0.993914783000946,0.5618661046028137,0.5605943202972412,0.18979505839066477
310,0.11591767519712448,0.9949289560317993,0.5578092932701111,0.562921404838562,0.24754863513609093
311,0.09546613693237305,0.9969573616981506,0.5593306422233582,0.5653678774833679,0.2671871713054272
312,0.10741851478815079,0.9929006099700928,0.5573022365570068,0.564950168132782,0.3591202812132662
313,0.10220720618963242,0.9908722043037415,0.5593306422233582,0.5699623823165894,0.16150830146972342
314,0.09388527274131775,0.9898579716682434,0.5679513216018677,0.5780177712440491,0.17727802049173755
315,0.10141408443450928,0.9847869873046875,0.5684583783149719,0.5761083364486694,0.25526632733932086
316,0.11115185916423798,0.9878295660018921,0.5720080733299255,0.5758100152015686,0.26472021230349174
317,0.08486008644104004,0.9888437986373901,0.5715010166168213,0.5776597261428833,0.24395896787362878
318,0.0944799855351448,0.9908722043037415,0.5684583783149719,0.58040452003479,0.1652930563562594
319,0.10322286933660507,0.9908722043037415,0.5674442052841187,0.5776000618934631,0.2539529247150993
320,0.09875760972499847,0.9908722043037415,0.5608519315719604,0.565308153629303,0.32808613680070847
321,0.09281356632709503,0.9918863773345947,0.5618661046028137,0.5620860457420349,0.33553883032715204
322,0.08385150134563446,0.9898579716682434,0.5613589882850647,0.5582075119018555,0.17901738074433043
323,0.09808691591024399,0.9918863773345947,0.5613589882850647,0.5575511455535889,0.20189040095594207
324,0.08131163567304611,0.9929006099700928,0.5542595982551575,0.5608329772949219,0.23166883092470567
325,0.09635652601718903,0.9949289560317993,0.5557809472084045,0.5588042140007019,0.3934445432435048
326,0.07937504351139069,0.9949289560317993,0.5532454252243042,0.5575511455535889,0.25613017427940266
327,0.08463189750909805,0.9929006099700928,0.5593306422233582,0.5528372526168823,0.28244065896715215
328,0.08881738781929016,0.9929006099700928,0.5618661046028137,0.554388701915741,0.3118940671634018
329,0.08299601823091507,0.9908722043037415,0.5684583783149719,0.5622650384902954,0.245464385049589
330,0.08935610204935074,0.9918863773345947,0.5628803372383118,0.5588042140007019,0.42054857826427566
331,0.10166753083467484,0.9918863773345947,0.5567951202392578,0.554328978061676,0.2144511312900783
332,0.0838330015540123,0.9929006099700928,0.546653151512146,0.5500327944755554,0.3141100020739126
333,0.08399298787117004,0.9949289560317993,0.5471602082252502,0.5541499853134155,0.3552984860130633
334,0.09373216331005096,0.993914783000946,0.5552738308906555,0.5545080304145813,0.2860217186235615
335,0.10676006972789764,0.9868153929710388,0.5593306422233582,0.5527775883674622,0.41347775635698647
336,0.09834176301956177,0.9888437986373901,0.5745435953140259,0.5664418935775757,0.30796824859830946
337,0.08741910010576248,0.9888437986373901,0.5755577683448792,0.568231999874115,0.2728287950410206
338,0.09565750509500504,0.9898579716682434,0.5649086833000183,0.5665015578269958,0.1794029613377115
339,0.1075328066945076,0.9918863773345947,0.5709939002990723,0.5683513283729553,0.29555983810302416
340,0.10629809647798538,0.9888437986373901,0.5841785073280334,0.5802255272865295,0.23550696766457777
341,0.10235626995563507,0.9918863773345947,0.5811358690261841,0.5830896496772766,0.2325710033319357
342,0.09940724074840546,0.993914783000946,0.5750507116317749,0.5743779540061951,0.25675588139624445
343,0.07528746873140335,0.9898579716682434,0.569979727268219,0.5687689781188965,0.20891016004541468
344,0.13983841240406036,0.9888437986373901,0.5780932903289795,0.5826123356819153,0.5203327476882195
345,0.10272100567817688,0.9888437986373901,0.5796145796775818,0.5792111754417419,0.3925112101180905
346,0.09269443899393082,0.9908722043037415,0.5583164095878601,0.5696640610694885,0.21585864203018795
347,0.10473506897687912,0.9949289560317993,0.5552738308906555,0.5603556036949158,0.2861517731163537
348,0.10374818742275238,0.993914783000946,0.5491886138916016,0.5565367937088013,0.3528995950135085
349,0.10019905120134354,0.993914783000946,0.5502028465270996,0.5599976181983948,0.2736262845904158
350,0.11299102008342743,0.9908722043037415,0.5588235259056091,0.5651291608810425,0.2660005825771052
351,0.09732326120138168,0.9918863773345947,0.563894510269165,0.5735425353050232,0.24687863378951738
352,0.08792904764413834,0.9898579716682434,0.5669370889663696,0.5753923058509827,0.1961352088019161
353,0.096886046230793,0.9908722043037415,0.5684583783149719,0.575511634349823,0.2211713301031726
354,0.07895782589912415,0.9868153929710388,0.5608519315719604,0.5716331601142883,0.19015253730713033
355,0.09727372974157333,0.9858012199401855,0.5654157996177673,0.5697237253189087,0.18990034597658143
356,0.09367712587118149,0.993914783000946,0.5649086833000183,0.5687689781188965,0.15926186653145072
357,0.0789828822016716,0.9949289560317993,0.5623732209205627,0.5669192671775818,0.1619388326493786
358,0.09009099751710892,0.993914783000946,0.5598376989364624,0.564174473285675,0.3471150744348022
359,0.09711924195289612,0.9918863773345947,0.5547667145729065,0.5594009160995483,0.2415957056414937
360,0.09452089667320251,0.9908722043037415,0.5542595982551575,0.5588638782501221,0.25641202236307503
361,0.085682712495327,0.993914783000946,0.5644016265869141,0.5618473291397095,0.26184485168738086
362,0.07269073277711868,0.9949289560317993,0.563894510269165,0.5627424120903015,0.16337956835883508
363,0.07850659638643265,0.9949289560317993,0.5562880039215088,0.5542096495628357,0.2541045420579589
364,0.08770783245563507,0.9969573616981506,0.5471602082252502,0.5564174056053162,0.2558418164423877
365,0.07779202610254288,0.9929006099700928,0.5446247458457947,0.5570737719535828,0.1753863300046923
366,0.09806991368532181,0.993914783000946,0.5532454252243042,0.5607733130455017,0.2126205060694952
367,0.0850721225142479,0.9929006099700928,0.5654157996177673,0.5694253444671631,0.27089565293572454
368,0.08333160728216171,0.9929006099700928,0.5704867839813232,0.5701413750648499,0.2635298725988922
369,0.07498544454574585,0.9888437986373901,0.5613589882850647,0.5630407333374023,0.2706713807864411
370,0.08062306046485901,0.9949289560317993,0.5613589882850647,0.5644727945327759,0.32752353612926677
371,0.08314333111047745,0.9929006099700928,0.5659229159355164,0.5709171295166016,0.2904840841489066
372,0.07886137813329697,0.9929006099700928,0.5608519315719604,0.5711557865142822,0.8543542837513912
373,0.09005971252918243,0.993914783000946,0.5522312521934509,0.5651888251304626,0.3358836895249204
374,0.09805429726839066,0.993914783000946,0.5507099032402039,0.5618473291397095,0.4200330445019081
375,0.08234366029500961,0.9929006099700928,0.5542595982551575,0.5613700151443481,0.2581483061002157
376,0.0836096704006195,0.993914783000946,0.5567951202392578,0.5629810690879822,0.5792714564594442
377,0.07998231798410416,0.9949289560317993,0.563387393951416,0.5633987784385681,0.21989183050166886
378,0.07867193222045898,0.993914783000946,0.5669370889663696,0.5663822293281555,0.33115951580307335
379,0.10194399207830429,0.9929006099700928,0.5603448152542114,0.5656065344810486,0.2611412617408571
380,0.07961136847734451,0.993914783000946,0.5598376989364624,0.5625036954879761,0.17845998332668378
381,0.10560866445302963,0.9949289560317993,0.5446247458457947,0.5565367937088013,0.30821607838712956
382,0.116261787712574,0.9969573616981506,0.546146035194397,0.5593412518501282,0.4103092223748808
383,0.09580174088478088,0.993914783000946,0.5562880039215088,0.5625633597373962,0.26059857643508727
384,0.09430951625108719,0.993914783000946,0.5618661046028137,0.5625633597373962,0.24518751022540738
385,0.0766976848244667,0.9949289560317993,0.5542595982551575,0.5571931600570679,0.13389150346110892
386,0.07920105755329132,0.9929006099700928,0.5578092932701111,0.5544483661651611,0.24442266043368743
387,0.0948232039809227,0.9929006099700928,0.5542595982551575,0.5558207631111145,0.5260204104646755
388,0.11298568546772003,0.9929006099700928,0.5588235259056091,0.5598185658454895,0.31032285568332457
389,0.09976210445165634,0.9908722043037415,0.5623732209205627,0.5619069933891296,0.2979508845765783
390,0.11987365782260895,0.9908722043037415,0.5623732209205627,0.5640551447868347,0.28662861739230805
391,0.11516377329826355,0.9888437986373901,0.5598376989364624,0.5631600618362427,0.3404345337346903
392,0.10960966348648071,0.9908722043037415,0.5608519315719604,0.5637567639350891,0.3373825326730891
393,0.10597173124551773,0.9918863773345947,0.56947261095047,0.5664418935775757,0.22719059888095294
394,0.12216579914093018,0.993914783000946,0.5547667145729065,0.5647711753845215,0.2550774392693849
395,0.12822064757347107,0.9918863773345947,0.5517241358757019,0.5588042140007019,0.6910339026578766
396,0.09004895389080048,0.9898579716682434,0.5431034564971924,0.547049343585968,0.30437643996919256
397,0.1157069057226181,0.9888437986373901,0.546653151512146,0.549436092376709,0.31585828131244825
398,0.1369020938873291,0.9858012199401855,0.5603448152542114,0.5659645199775696,0.3994962106937922
399,0.11313051730394363,0.993914783000946,0.563387393951416,0.5670982599258423,0.40478967686685324
400,0.11842299997806549,0.9807301759719849,0.5628803372383118,0.5652484893798828,0.3094414863799709
401,0.161866694688797,0.9817444086074829,0.5623732209205627,0.5786144733428955,0.6625271993966964
402,0.11276610195636749,0.9807301759719849,0.5664300322532654,0.5781967639923096,0.327195160468693
403,0.11744007468223572,0.9908722043037415,0.5547667145729065,0.5654872059822083,0.3109903544835435
404,0.1157088652253151,0.9868153929710388,0.5436105132102966,0.550331175327301,0.23335586036000003
405,0.11808896064758301,0.9908722043037415,0.5481744408607483,0.5555223822593689,0.5410389129024358
406,0.1094624474644661,0.9878295660018921,0.5552738308906555,0.5629810690879822,0.2958891758408551
407,0.10821562260389328,0.9858012199401855,0.5588235259056091,0.5625036954879761,0.3357558097621687
408,0.12893451750278473,0.9858012199401855,0.5578092932701111,0.5601169466972351,0.4085277426894924
409,0.13674195110797882,0.9858012199401855,0.5567951202392578,0.5678739547729492,0.3218033012268625
410,0.10354708880186081,0.9827585816383362,0.563894510269165,0.5727668404579163,0.41477464836307787
411,0.13338765501976013,0.9898579716682434,0.5613589882850647,0.5737215876579285,0.3196552294027343
412,0.10106362402439117,0.9888437986373901,0.5603448152542114,0.5654872059822083,0.32738356138716845
413,0.10474614053964615,0.9908722043037415,0.5578092932701111,0.5605345964431763,0.515249026644427
414,0.12116716802120209,0.9929006099700928,0.5593306422233582,0.5666805505752563,0.21707070073096935
415,0.11119844764471054,0.9898579716682434,0.5679513216018677,0.5745569467544556,0.28212135073258116
416,0.10652627050876617,0.993914783000946,0.5725151896476746,0.5722895264625549,0.38569080494960706
417,0.11659251898527145,0.9949289560317993,0.5730223059654236,0.5667402744293213,0.38048186421567665
418,0.1162487119436264,0.993914783000946,0.5704867839813232,0.5688883662223816,0.512137359168968
419,0.12177826464176178,0.9878295660018921,0.5715010166168213,0.5729458928108215,0.41974310751716165
420,0.1352861225605011,0.9888437986373901,0.5760648846626282,0.5772420763969421,0.3074369301619685
421,0.12068753689527512,0.9908722043037415,0.5806288123130798,0.5689480304718018,0.38781510412427356
422,0.1287996619939804,0.9898579716682434,0.5649086833000183,0.5634584426879883,0.3489714838823388
423,0.11927667260169983,0.9918863773345947,0.5623732209205627,0.5621457099914551,0.39984571467989805
424,0.11402036994695663,0.9918863773345947,0.563387393951416,0.5634584426879883,0.27065101663301433
425,0.11205601692199707,0.9929006099700928,0.5709939002990723,0.5671579241752625,0.27877471869093395
426,0.09989158809185028,0.9918863773345947,0.5659229159355164,0.5690076947212219,0.2801774145180873
427,0.11085942387580872,0.993914783000946,0.563387393951416,0.570260763168335,0.31638313959951697
428,0.11795814335346222,0.9929006099700928,0.5674442052841187,0.5744972825050354,0.3406639070903792
429,0.09845263510942459,0.9949289560317993,0.5664300322532654,0.5747956037521362,0.26593185276378467
430,0.10276287794113159,0.9929006099700928,0.5674442052841187,0.569843053817749,0.4439529115805415
431,0.11969537287950516,0.9949289560317993,0.5664300322532654,0.5672772526741028,0.4420602028023756
432,0.10989618301391602,0.9929006099700928,0.5679513216018677,0.5750939846038818,0.3242056026118785
433,0.10953275114297867,0.9929006099700928,0.5709939002990723,0.5777194499969482,0.27801186471867145
434,0.1280999481678009,0.9918863773345947,0.5704867839813232,0.5728861689567566,0.34417841253382253
435,0.10963685810565948,0.9918863773345947,0.5649086833000183,0.5658451914787292,0.31596116341132213
436,0.10424656420946121,0.9898579716682434,0.5623732209205627,0.5624440312385559,0.3288232905484696
437,0.1085580438375473,0.9898579716682434,0.5659229159355164,0.571871817111969,0.43908949832312805
438,0.12294577807188034,0.9817444086074829,0.5618661046028137,0.5713944435119629,0.7527241063904047
439,0.11826594918966293,0.9878295660018921,0.5598376989364624,0.5693656802177429,0.3140909745650745
440,0.1026328057050705,0.993914783000946,0.5623732209205627,0.559639573097229,0.2823486013867605
441,0.10576067864894867,0.9847869873046875,0.5659229159355164,0.5600572824478149,0.3326320707855255
442,0.13390609622001648,0.9878295660018921,0.5735294222831726,0.571871817111969,0.6880318287429983
443,0.09779766201972961,0.9908722043037415,0.5669370889663696,0.5794498324394226,0.2043872917013679
444,0.10078241676092148,0.9918863773345947,0.5578092932701111,0.5746762752532959,0.3161823165910179
445,0.12123551219701767,0.9898579716682434,0.5547667145729065,0.5672175884246826,0.2864804156130151
446,0.11725619435310364,0.9868153929710388,0.5537525415420532,0.5611312985420227,0.2969019891999549
447,0.11743826419115067,0.9918863773345947,0.5567951202392578,0.5632197260856628,0.38159890514903605
448,0.10954011231660843,0.9908722043037415,0.5644016265869141,0.5678739547729492,0.4709755313646032
449,0.11740163713693619,0.9908722043037415,0.5664300322532654,0.5679932832717896,0.2483781124200832
450,0.14405225217342377,0.9918863773345947,0.5588235259056091,0.5634584426879883,0.42954878738092434
451,0.15115861594676971,0.9929006099700928,0.5654157996177673,0.5597589015960693,0.37636002797779705
452,0.10861330479383469,0.9888437986373901,0.5644016265869141,0.5599976181983948,0.2579545993894821
453,0.12263383716344833,0.9908722043037415,0.5644016265869141,0.5630407333374023,0.3035160638111857
454,0.11749032884836197,0.9918863773345947,0.5644016265869141,0.5659048557281494,0.23252961585187729
455,0.1201649010181427,0.9888437986373901,0.5659229159355164,0.5691866874694824,0.22020008201968153
456,0.11657939851284027,0.9878295660018921,0.5730223059654236,0.5733635425567627,0.2978906729887632
457,0.14036206901073456,0.9918863773345947,0.5740364789962769,0.5724088549613953,0.41314019071219404
458,0.1043759286403656,0.993914783000946,0.5750507116317749,0.5732442140579224,0.1906736883097763
459,0.09865763783454895,0.993914783000946,0.5704867839813232,0.5713347792625427,0.29774166536265445
460,0.09432724863290787,0.9898579716682434,0.56947261095047,0.5713944435119629,0.34650551221870474
461,0.10244377702474594,0.9847869873046875,0.5684583783149719,0.5706784129142761,0.2857399050730639
462,0.10822295397520065,0.9878295660018921,0.5684583783149719,0.5688883662223816,0.3257856088161238
463,0.10466548800468445,0.993914783000946,0.5598376989364624,0.561310350894928,0.2924399112959809
464,0.10360856354236603,0.9908722043037415,0.5476673245429993,0.550689160823822,0.20678430826330146
465,0.10306121408939362,0.9969573616981506,0.5573022365570068,0.5596992373466492,0.343490415960102
466,0.0973048061132431,0.9969573616981506,0.56947261095047,0.5689480304718018,0.2425424520578923
467,0.09496854245662689,0.9949289560317993,0.5704867839813232,0.5697237253189087,0.3373511714317525
468,0.08700082451105118,0.9929006099700928,0.563387393951416,0.5688287019729614,0.21788442847997183
469,0.08293736726045609,0.9918863773345947,0.5623732209205627,0.5663225650787354,0.21553600803600748
470,0.1034531369805336,0.9949289560317993,0.5598376989364624,0.5637567639350891,0.23556252378954073
471,0.09127073734998703,0.9969573616981506,0.5715010166168213,0.5688287019729614,0.268889498877031
472,0.08609583228826523,0.9949289560317993,0.5715010166168213,0.5686496496200562,0.21448731028702053
473,0.08389917761087418,0.993914783000946,0.5786004066467285,0.5676352977752686,0.43246905152905346
474,0.0882793664932251,0.9898579716682434,0.5709939002990723,0.5606539845466614,0.5586308116643226
475,0.09255779534578323,0.9929006099700928,0.5750507116317749,0.5748552680015564,0.4329544706834155
476,0.0816483199596405,0.9888437986373901,0.5735294222831726,0.5789724588394165,0.20145505133135533
477,0.10534370690584183,0.993914783000946,0.5704867839813232,0.5752133131027222,0.29031645836866843
478,0.08538439124822617,0.9949289560317993,0.5593306422233582,0.5693656802177429,0.1926433692181241
479,0.0932779312133789,0.9949289560317993,0.5588235259056091,0.567814290523529,0.2576778993628467
480,0.07522519677877426,0.9959431886672974,0.5547667145729065,0.5713347792625427,0.18274807974401266
481,0.08665365725755692,0.9918863773345947,0.5598376989364624,0.5711557865142822,0.23313271177017303
482,0.09501813352108002,0.9918863773345947,0.5537525415420532,0.5686496496200562,0.2637545283188854
483,0.0924462080001831,0.9979715943336487,0.5507099032402039,0.5608329772949219,0.36056080444019606
484,0.08084725588560104,0.9959431886672974,0.5425963401794434,0.5561190843582153,0.23038799211745126
485,0.09592616558074951,0.9969573616981506,0.5532454252243042,0.5643534660339355,0.3270349113205659
486,0.09141413122415543,0.9888437986373901,0.5532454252243042,0.5650694966316223,0.27333428588096403
487,0.10060452669858932,0.9969573616981506,0.5522312521934509,0.5614296793937683,0.3785164521681386
488,0.10408782958984375,0.993914783000946,0.5552738308906555,0.5608329772949219,0.20194138370238846
489,0.08048813045024872,0.9949289560317993,0.5608519315719604,0.565308153629303,0.24422103204462475
490,0.09669728577136993,0.9949289560317993,0.569979727268219,0.5701413750648499,0.2533018882457869
491,0.09443803131580353,0.9949289560317993,0.5735294222831726,0.570618748664856,1.2335501369971493
492,0.08725374937057495,0.9929006099700928,0.5715010166168213,0.5672772526741028,0.23928564028279212
493,0.09532040357589722,0.9959431886672974,0.5740364789962769,0.5675159692764282,0.46715074431520365
494,0.10583126544952393,0.9969573616981506,0.568965494632721,0.5653678774833679,0.5227221735698027
495,0.0924539789557457,0.9898579716682434,0.5598376989364624,0.5647711753845215,0.2589982141065293
496,0.09397448599338531,0.9858012199401855,0.5527383089065552,0.5554030537605286,0.19502635939028784
497,0.14307494461536407,0.9878295660018921,0.5507099032402039,0.5544483661651611,0.3567805573993626
498,0.11870092153549194,0.9888437986373901,0.5547667145729065,0.5619667172431946,0.22688417150869625
499,0.10752319544553757,0.9908722043037415,0.5573022365570068,0.5683513283729553,0.33155131020659184
500,0.11382389068603516,0.9918863773345947,0.5603448152542114,0.5640551447868347,0.3369993166438186
501,0.1079435721039772,0.9929006099700928,0.5725151896476746,0.570618748664856,0.25319335720448427
502,0.09539683908224106,0.9949289560317993,0.5725151896476746,0.5719314813613892,0.2456360714956799
503,0.10135731846094131,0.9929006099700928,0.5664300322532654,0.5654872059822083,0.2102440048341258
504,0.08808643370866776,0.993914783000946,0.5618661046028137,0.5619667172431946,0.21256121443363296
505,0.09821201860904694,0.993914783000946,0.5557809472084045,0.5614893436431885,0.2802340541701549
506,0.0880582183599472,0.9929006099700928,0.5588235259056091,0.5638760924339294,0.20669040891081902
507,0.09418684244155884,0.9949289560317993,0.5654157996177673,0.5671579241752625,0.3241055807838293
508,0.08414172381162643,0.9949289560317993,0.5740364789962769,0.5716331601142883,0.3015339333981689
509,0.08788763731718063,0.9949289560317993,0.5704867839813232,0.5724685192108154,0.18866879634105319
510,0.08408211916685104,0.9959431886672974,0.5603448152542114,0.5678739547729492,0.2458397603536954
511,0.09637264162302017,0.9959431886672974,0.5644016265869141,0.5707977414131165,0.24021845924524846
512,0.09493449330329895,0.9929006099700928,0.5628803372383118,0.5763470530509949,0.39032992507621267
513,0.09888245910406113,0.9929006099700928,0.568965494632721,0.5705590844154358,0.33365724579504197
514,0.0890159085392952,0.9929006099700928,0.5628803372383118,0.5613700151443481,0.1582716074354861
515,0.1057281643152237,0.9949289560317993,0.5552738308906555,0.5562980771064758,0.2538039063166294
516,0.10569822043180466,0.9949289560317993,0.5608519315719604,0.5642341375350952,0.46651609226305096
517,0.11362359672784805,0.9929006099700928,0.5583164095878601,0.5667402744293213,0.5345649881550611
518,0.1001904159784317,0.9949289560317993,0.5603448152542114,0.5659048557281494,0.2870831166862288
519,0.08704255521297455,0.9929006099700928,0.5603448152542114,0.5660241842269897,0.20623423218237497
520,0.09600242972373962,0.9898579716682434,0.5527383089065552,0.5623247027397156,0.23172961235659392
521,0.12149357795715332,0.9949289560317993,0.5527383089065552,0.5608329772949219,0.38486694435932306
522,0.0888984277844429,0.9969573616981506,0.5537525415420532,0.5605345964431763,0.2293019150359024
523,0.10206631571054459,0.9969573616981506,0.546146035194397,0.5524196028709412,0.36043801091410765
524,0.09773654490709305,0.9949289560317993,0.5425963401794434,0.5528969168663025,0.38260646007034094
525,0.1198134496808052,0.9949289560317993,0.5471602082252502,0.5588638782501221,0.33653334141573465
526,0.11967740207910538,0.9949289560317993,0.5491886138916016,0.5595799088478088,0.36203072018871246
527,0.10479219257831573,0.9949289560317993,0.5481744408607483,0.5598185658454895,0.34778605613121016
528,0.12192002683877945,0.993914783000946,0.5527383089065552,0.5643534660339355,0.35015038673902105
529,0.08748067170381546,0.9908722043037415,0.5588235259056091,0.5707380771636963,0.240225486656439
530,0.10315871238708496,0.9918863773345947,0.5502028465270996,0.5703204274177551,0.22227824031114243
531,0.10430982708930969,0.9918863773345947,0.5481744408607483,0.5639954805374146,0.49681846055952106
532,0.10066277533769608,0.9929006099700928,0.5507099032402039,0.5633987784385681,0.2551732537046278
533,0.09277292340993881,0.9898579716682434,0.546146035194397,0.5639954805374146,0.21079506126238648
534,0.097112275660038,0.9929006099700928,0.546653151512146,0.5619069933891296,0.27764254731994314
535,0.12028554826974869,0.9918863773345947,0.5486815571784973,0.5578495264053345,0.6395615311679566
536,0.11147017776966095,0.9929006099700928,0.5527383089065552,0.5599379539489746,0.3539980863974314
537,0.10658524930477142,0.9929006099700928,0.5532454252243042,0.5630407333374023,0.2176908437285423
538,0.08188087493181229,0.9929006099700928,0.5542595982551575,0.5615490078926086,0.22499013864801456
539,0.11562007665634155,0.9949289560317993,0.5588235259056091,0.5642341375350952,0.35026058241177427
540,0.08581801503896713,0.9908722043037415,0.5679513216018677,0.5685303211212158,0.28419840280626535
541,0.10488975793123245,0.993914783000946,0.5715010166168213,0.5696640610694885,0.31798422485330136
542,0.09507352858781815,0.993914783000946,0.5730223059654236,0.5778984427452087,0.2146908423453106
543,0.098895363509655,0.9908722043037415,0.5730223059654236,0.5777194499969482,0.27841306048713
544,0.09522949904203415,0.9918863773345947,0.5750507116317749,0.5761680006980896,0.2552566672161901
545,0.09859229624271393,0.9929006099700928,0.5720080733299255,0.5744972825050354,0.22915662779665819
546,0.10112477093935013,0.9959431886672974,0.5674442052841187,0.5746166110038757,0.289763772342657
547,0.1258273720741272,0.9878295660018921,0.5567951202392578,0.5619667172431946,0.3575638896120978
548,0.12970277667045593,0.9908722043037415,0.56947261095047,0.5702010989189148,0.5956222142124574
549,0.11168830096721649,0.9888437986373901,0.5679513216018677,0.5696640610694885,0.328780285900669
550,0.09139028936624527,0.993914783000946,0.5598376989364624,0.5602362751960754,0.6808975022763274
551,0.10537730902433395,0.9929006099700928,0.5593306422233582,0.5544483661651611,0.34495819790306437
552,0.10498564690351486,0.9969573616981506,0.5527383089065552,0.5591621994972229,0.28107471478490803
553,0.10062399506568909,0.9959431886672974,0.5547667145729065,0.5581478476524353,0.2548537733534271
554,0.08651436865329742,0.9949289560317993,0.5557809472084045,0.5598185658454895,0.17212963640823406
555,0.08828559517860413,0.993914783000946,0.5578092932701111,0.5528969168663025,0.19744952452638986
556,0.10475458949804306,0.9918863773345947,0.5593306422233582,0.5535532832145691,0.30753667520263595
557,0.09672366827726364,0.9888437986373901,0.5669370889663696,0.5624440312385559,0.3001696823330879
558,0.10576002299785614,0.9888437986373901,0.5618661046028137,0.5616086721420288,0.2886784405615248
559,0.11498495936393738,0.9959431886672974,0.5542595982551575,0.5540903210639954,0.32688774157736966
560,0.09270595014095306,0.993914783000946,0.5481744408607483,0.5502715110778809,0.22650134477522824
561,0.10398595780134201,0.9949289560317993,0.5578092932701111,0.5637567639350891,0.4630460487714823
562,0.09876150637865067,0.993914783000946,0.5654157996177673,0.5697833895683289,0.2893588927257162
563,0.10060254484415054,0.993914783000946,0.5588235259056091,0.5656661987304688,0.28091942482646065
564,0.09461852163076401,0.9918863773345947,0.5628803372383118,0.5646517872810364,0.25020855697164296
565,0.09351111203432083,0.993914783000946,0.5679513216018677,0.5709767937660217,0.26832376951968817
566,0.08903786540031433,0.9898579716682434,0.5730223059654236,0.5728265047073364,0.2713037889121608
567,0.09102201461791992,0.9949289560317993,0.5674442052841187,0.5659645199775696,0.3615606594767178
568,0.08842552453279495,0.993914783000946,0.5608519315719604,0.5581478476524353,0.16472615451858424
569,0.07980266213417053,0.993914783000946,0.5598376989364624,0.5528969168663025,0.2427286810041285
570,0.1200304701924324,0.9959431886672974,0.5628803372383118,0.5611312985420227,0.29356561741826875
571,0.08877073973417282,0.9959431886672974,0.5725151896476746,0.5686496496200562,0.266517273656054
572,0.08173910528421402,0.9949289560317993,0.5659229159355164,0.5612506866455078,0.2882666855405833
573,0.09032934904098511,0.993914783000946,0.5578092932701111,0.5533742904663086,0.255397837704542
574,0.11333097517490387,0.993914783000946,0.5628803372383118,0.5616086721420288,0.47451367550617046
575,0.07608494907617569,0.9898579716682434,0.5613589882850647,0.5632197260856628,0.2828009741850303
576,0.0895928293466568,0.9908722043037415,0.563894510269165,0.5599976181983948,0.25585945319570425
577,0.07365047186613083,0.9888437986373901,0.5603448152542114,0.5522405505180359,0.21003799857068606
578,0.08690205216407776,0.9929006099700928,0.5613589882850647,0.5546273589134216,0.266639311482793
579,0.08537887036800385,0.993914783000946,0.5684583783149719,0.5605345964431763,0.23765729019589552
580,0.08310201019048691,0.9929006099700928,0.5750507116317749,0.5611909627914429,0.18472908621133427
581,0.08261855691671371,0.993914783000946,0.5659229159355164,0.5565964579582214,0.2025293999600717
582,0.08029342442750931,0.993914783000946,0.5659229159355164,0.5556417107582092,0.26608065052546076
583,0.07481700927019119,0.993914783000946,0.5628803372383118,0.5558804273605347,0.2136526931900743
584,0.07370148599147797,0.993914783000946,0.563894510269165,0.5577898025512695,0.26187750560164724
585,0.07950188219547272,0.993914783000946,0.5649086833000183,0.5582075119018555,0.2787973750540787
586,0.07641100138425827,0.9949289560317993,0.5649086833000183,0.5595799088478088,0.23372910768805216
587,0.10278034210205078,0.9969573616981506,0.5644016265869141,0.5596992373466492,0.32743249299283855
588,0.06973658502101898,0.9979715943336487,0.5613589882850647,0.5593412518501282,0.216934895269391
589,0.07561387866735458,0.9969573616981506,0.5623732209205627,0.5620263814926147,0.18195956698397503
590,0.08128412812948227,0.9979715943336487,0.5684583783149719,0.5631600618362427,0.33675470323230583
591,0.07801830768585205,0.9979715943336487,0.5664300322532654,0.5604749321937561,0.2275628406170059
592,0.0881255716085434,0.9979715943336487,0.5684583783149719,0.5611909627914429,0.3144232183009975
593,0.08748269826173782,0.9929006099700928,0.5628803372383118,0.5610119700431824,0.3354887196243414
594,0.08339854329824448,0.993914783000946,0.5618661046028137,0.5628020763397217,0.2122494149300217
595,0.0689273327589035,0.9949289560317993,0.5628803372383118,0.5667402744293213,0.288349944581053
596,0.08355078846216202,0.9959431886672974,0.5623732209205627,0.5679932832717896,0.25071212964806805
597,0.08448398113250732,0.9929006099700928,0.5562880039215088,0.5643534660339355,0.7516064558781136
598,0.073423832654953,0.9918863773345947,0.5608519315719604,0.563339114189148,0.2966413589766829
599,0.10043473541736603,0.9908722043037415,0.5659229159355164,0.5737812519073486,0.21693603265725722
600,0.1027330532670021,0.993914783000946,0.5684583783149719,0.5721104741096497,0.4069302514386582
601,0.10091273486614227,0.993914783000946,0.5649086833000183,0.5614296793937683,0.28195255883120607
602,0.08348004519939423,0.9949289560317993,0.5588235259056091,0.5526582598686218,0.28638141605160405
603,0.09667658060789108,0.9969573616981506,0.5654157996177673,0.5620860457420349,0.38738919061252003
604,0.08352180570363998,0.9888437986373901,0.5720080733299255,0.5700817108154297,0.180913598923991
605,0.10446754097938538,0.9929006099700928,0.5740364789962769,0.5684109926223755,0.4079865863487345
606,0.08368786424398422,0.9918863773345947,0.5588235259056091,0.5509278178215027,0.285383568993671
607,0.1290208250284195,0.9959431886672974,0.5664300322532654,0.5645921230316162,0.6419881312687835
608,0.08272018283605576,0.9888437986373901,0.5740364789962769,0.5691270232200623,0.30830881815204547
609,0.10409324616193771,0.9949289560317993,0.563894510269165,0.5611312985420227,0.41553757152910953
610,0.0942794606089592,0.9949289560317993,0.5618661046028137,0.5632197260856628,0.46775153781608464
611,0.1010802760720253,0.9929006099700928,0.5745435953140259,0.5666208863258362,0.2590174752233595
612,0.08814042061567307,0.9918863773345947,0.5765720009803772,0.5743182897567749,0.3694282676585744
613,0.10488585382699966,0.9908722043037415,0.5780932903289795,0.5738409161567688,0.3366018504439965
614,0.12139145284891129,0.9898579716682434,0.5709939002990723,0.5701413750648499,0.3466282563149274
615,0.10949505865573883,0.9888437986373901,0.5613589882850647,0.5617280006408691,0.1959254602139988
616,0.12942861020565033,0.9908722043037415,0.5588235259056091,0.5552240610122681,0.2909568485597875
617,0.11784150451421738,0.9888437986373901,0.5613589882850647,0.5631003975868225,0.4161246833050305
618,0.11606243252754211,0.9878295660018921,0.56947261095047,0.5703800916671753,0.28062675532489917
619,0.12168841809034348,0.9908722043037415,0.5552738308906555,0.5601766109466553,0.3823249510757941
620,0.14247053861618042,0.993914783000946,0.5471602082252502,0.552300214767456,0.4823419820831245
621,0.1119179055094719,0.9949289560317993,0.545638918876648,0.5520018935203552,0.2679028947691995
622,0.09533964097499847,0.9908722043037415,0.5517241358757019,0.5496748089790344,0.3156182852582837
623,0.13017341494560242,0.9908722043037415,0.5588235259056091,0.5546273589134216,0.4301715247192043
624,0.11817890405654907,0.993914783000946,0.5583164095878601,0.5556417107582092,0.33318553243437565
625,0.09313150495290756,0.9918863773345947,0.5436105132102966,0.5531356334686279,0.2464430358330766
626,0.10727562010288239,0.9868153929710388,0.540567934513092,0.5480636954307556,0.49948782080918064
627,0.11129722744226456,0.9929006099700928,0.5623732209205627,0.5636374354362488,0.4383784624422276
628,0.12482496351003647,0.9847869873046875,0.5649086833000183,0.5740795731544495,0.5005622812371845
629,0.10644333809614182,0.9888437986373901,0.5654157996177673,0.5741392374038696,0.38782400125436983
630,0.11042773723602295,0.9908722043037415,0.563894510269165,0.5671579241752625,0.3311016736259574
631,0.1087351068854332,0.9898579716682434,0.5613589882850647,0.5647711753845215,0.3035919047564307
632,0.10850121080875397,0.9918863773345947,0.5679513216018677,0.5737812519073486,0.31815651870836514
633,0.11103125661611557,0.9908722043037415,0.5750507116317749,0.5792708396911621,0.32947711719445316
634,0.10577353835105896,0.9908722043037415,0.5725151896476746,0.573482871055603,0.2765175782525172
635,0.12132687866687775,0.993914783000946,0.5623732209205627,0.5667999386787415,0.3837814284038626
636,0.08976106345653534,0.9959431886672974,0.5613589882850647,0.5635181069374084,0.2480216987092326
637,0.10890450328588486,0.9949289560317993,0.5613589882850647,0.5639954805374146,0.20760812881545374
638,0.10914047807455063,0.9959431886672974,0.5552738308906555,0.5616086721420288,0.255369859258577
639,0.10971537977457047,0.993914783000946,0.5532454252243042,0.5573721528053284,0.3696985628579786
640,0.09503614902496338,0.9929006099700928,0.5623732209205627,0.5577301383018494,0.26054926337470424
641,0.09471859782934189,0.9929006099700928,0.5684583783149719,0.5660839080810547,0.2881243235666923
642,0.10025304555892944,0.9918863773345947,0.5659229159355164,0.5690076947212219,0.2510812520240003
643,0.1065472960472107,0.9929006099700928,0.5715010166168213,0.5650694966316223,0.3303028194592754
644,0.09105928987264633,0.9929006099700928,0.5704867839813232,0.5693060159683228,0.28157550963103445
645,0.10127173364162445,0.9929006099700928,0.5740364789962769,0.5733038783073425,0.38802097929582635
646,0.09098955988883972,0.9929006099700928,0.5720080733299255,0.5745569467544556,0.19218440366298628
647,0.0875500813126564,0.9949289560317993,0.5618661046028137,0.5693656802177429,0.1980326854344764
648,0.09310585260391235,0.9959431886672974,0.5562880039215088,0.5640551447868347,0.35330784411267796
649,0.08975311368703842,0.9949289560317993,0.5562880039215088,0.5580881834030151,0.3874545232415942
650,0.1038382276892662,0.9959431886672974,0.5613589882850647,0.5628617405891418,0.23384159483207992
651,0.0813758373260498,0.9929006099700928,0.5628803372383118,0.565308153629303,0.1949802298987784
652,0.099196657538414,0.9949289560317993,0.5628803372383118,0.5604152679443359,0.2694663285794463
653,0.08902435749769211,0.9949289560317993,0.5583164095878601,0.5546273589134216,0.2124908160070939
654,0.0891684740781784,0.9949289560317993,0.5583164095878601,0.5561787486076355,0.4517183016631318
655,0.09607188403606415,0.9929006099700928,0.5588235259056091,0.5664418935775757,0.3190701122466743
656,0.09055185317993164,0.9898579716682434,0.5704867839813232,0.5747956037521362,0.4039896298094677
657,0.10768921673297882,0.9949289560317993,0.56947261095047,0.5743182897567749,0.34839632364696416
658,0.11959762871265411,0.9959431886672974,0.5603448152542114,0.5624440312385559,0.37286021703272043
659,0.10513388365507126,0.993914783000946,0.5674442052841187,0.5646517872810364,0.3273466787533012
660,0.1004449799656868,0.9959431886672974,0.5740364789962769,0.5754519701004028,0.29905019525444887
661,0.08789045363664627,0.9918863773345947,0.5770791172981262,0.583328366279602,0.7633952198708215
662,0.12570776045322418,0.993914783000946,0.5720080733299255,0.5799868702888489,0.29155882359352836
663,0.11080510169267654,0.9929006099700928,0.563387393951416,0.5672175884246826,0.23002388241263083
664,0.10347967594861984,0.9898579716682434,0.5603448152542114,0.5620263814926147,0.2550693669563486
665,0.09946361184120178,0.9918863773345947,0.5669370889663696,0.5676949620246887,0.25547904208460664
666,0.09125072509050369,0.9929006099700928,0.5659229159355164,0.5702010989189148,0.2174918771585714
667,0.10008572787046432,0.9949289560317993,0.5613589882850647,0.5676352977752686,0.21042274787777815
668,0.09732381999492645,0.9969573616981506,0.5527383089065552,0.557252824306488,0.37034540465933347
669,0.09048260748386383,0.993914783000946,0.5415821075439453,0.5488393902778625,0.15820215800833287
670,0.12736575305461884,0.9929006099700928,0.5603448152542114,0.5620860457420349,0.41863485918488114
671,0.1052304282784462,0.9929006099700928,0.5755577683448792,0.5723491907119751,0.36828131652037466
672,0.10417405515909195,0.9918863773345947,0.5745435953140259,0.5715137720108032,0.3577163641018301
673,0.1116362065076828,0.9929006099700928,0.568965494632721,0.5691270232200623,0.23746786641194767
674,0.11356820911169052,0.9918863773345947,0.5725151896476746,0.5685303211212158,0.3899503442481855
675,0.09400421380996704,0.993914783000946,0.5791074633598328,0.5736619234085083,0.2846813072005249
676,0.09432442486286163,0.9949289560317993,0.5851926803588867,0.5768840312957764,0.3340804965378916
677,0.10605484992265701,0.993914783000946,0.5740364789962769,0.5710961222648621,0.36144302305746345
678,0.08887974172830582,0.9949289560317993,0.5644016265869141,0.5678739547729492,0.3730771922090546
679,0.10784000903367996,0.9898579716682434,0.5704867839813232,0.5688287019729614,0.2315431653919102
680,0.1051628515124321,0.9918863773345947,0.5720080733299255,0.5707977414131165,0.23304325970577738
681,0.1084422841668129,0.993914783000946,0.5730223059654236,0.5756906867027283,0.29624191976465436
682,0.0981537252664566,0.993914783000946,0.5780932903289795,0.5737812519073486,0.2528292508268855
683,0.11100427806377411,0.9929006099700928,0.5765720009803772,0.5703204274177551,0.24199882596536676
684,0.1400296837091446,0.9929006099700928,0.5780932903289795,0.5718121528625488,0.39369445555868515
685,0.08146845549345016,0.9929006099700928,0.58620685338974,0.5736022591590881,0.1704592335653232
686,0.09961799532175064,0.9929006099700928,0.5877282023429871,0.5749149322509766,0.3166397867490683
687,0.1335708349943161,0.9868153929710388,0.5730223059654236,0.5695447325706482,0.24584475581032375
688,0.11480975896120071,0.9908722043037415,0.5760648846626282,0.5659645199775696,0.22515481350024802
689,0.11605729907751083,0.993914783000946,0.5760648846626282,0.5659048557281494,0.323496070256357
690,0.11176782846450806,0.993914783000946,0.5755577683448792,0.5642938017845154,0.34462620622324525
691,0.11099085956811905,0.993914783000946,0.5755577683448792,0.5673965811729431,0.21514688303971702
692,0.08849340677261353,0.9898579716682434,0.5755577683448792,0.5679932832717896,0.23828127276404468
693,0.10281798988580704,0.993914783000946,0.5725151896476746,0.5675159692764282,0.25898597221152503
694,0.10484523326158524,0.993914783000946,0.5709939002990723,0.5670385956764221,0.1618632606671323
695,0.10434960573911667,0.993914783000946,0.5709939002990723,0.5671579241752625,0.1519206461631134
696,0.11082971841096878,0.993914783000946,0.5750507116317749,0.5719314813613892,0.4358300365548317
697,0.1013173907995224,0.9959431886672974,0.5704867839813232,0.5678739547729492,0.33817489851518784
698,0.08864244073629379,0.9949289560317993,0.5644016265869141,0.5577898025512695,0.2177096359822645
699,0.10378469526767731,0.9949289560317993,0.5649086833000183,0.5579091906547546,0.28084605250041167
700,0.0927034243941307,0.9949289560317993,0.56947261095047,0.5638164281845093,0.3094587908308635
701,0.10369433462619781,0.9929006099700928,0.5725151896476746,0.5690673589706421,0.45016100948382987
702,0.09818263351917267,0.9888437986373901,0.5786004066467285,0.5705590844154358,0.32100417943585297
703,0.1059766411781311,0.9898579716682434,0.5745435953140259,0.5692463517189026,0.21839935105096317
704,0.10595808923244476,0.9908722043037415,0.5740364789962769,0.5684109926223755,0.23930449570901066
705,0.09341459721326828,0.9898579716682434,0.5644016265869141,0.5583268404006958,0.4297229724457621
706,0.1252412050962448,0.9898579716682434,0.5720080733299255,0.5619069933891296,0.6506694901465437
707,0.114496611058712,0.9888437986373901,0.5704867839813232,0.5601169466972351,0.3011744203483368
708,0.12961776554584503,0.9908722043037415,0.5649086833000183,0.5582075119018555,0.5203119041465532
709,0.10960997641086578,0.9929006099700928,0.5679513216018677,0.5666805505752563,0.3724330509074506
710,0.08975023776292801,0.9908722043037415,0.5730223059654236,0.5753326416015625,0.20918726507498686
711,0.10400653630495071,0.9908722043037415,0.5659229159355164,0.5713347792625427,0.26006474499926013
712,0.09616488963365555,0.9898579716682434,0.5593306422233582,0.5653678774833679,0.24933862784242217
713,0.11435682326555252,0.9908722043037415,0.5628803372383118,0.569843053817749,0.3109713944180367
714,0.09565180540084839,0.9898579716682434,0.5567951202392578,0.5652484893798828,0.4224816008353929
715,0.09705834835767746,0.9898579716682434,0.5603448152542114,0.5585655570030212,0.3483096546394075
716,0.09309203177690506,0.9929006099700928,0.5618661046028137,0.564532458782196,0.3731896592503168
717,0.08666346967220306,0.9929006099700928,0.5613589882850647,0.5679336190223694,0.16051361978417952
718,0.10860288143157959,0.9918863773345947,0.569979727268219,0.5614296793937683,0.40533035855187016
719,0.08406619727611542,0.9918863773345947,0.56947261095047,0.5577898025512695,0.34046916066693966
720,0.08840061724185944,0.9929006099700928,0.5715010166168213,0.5594009160995483,0.4568207836511821
721,0.09777205437421799,0.9908722043037415,0.5740364789962769,0.5653678774833679,0.2437886155673395
722,0.11520621180534363,0.9918863773345947,0.569979727268219,0.5688287019729614,0.46923985061428547
723,0.11250663548707962,0.9918863773345947,0.5608519315719604,0.561310350894928,0.2708292500277991
724,0.09302861243486404,0.9929006099700928,0.5628803372383118,0.5567157864570618,0.25645514482634585
725,0.1112285852432251,0.993914783000946,0.5593306422233582,0.5514051914215088,0.42148520712767795
726,0.10916153341531754,0.993914783000946,0.5552738308906555,0.5557610988616943,0.3127598674689339
727,0.10824225842952728,0.9918863773345947,0.5598376989364624,0.5578495264053345,0.3253756548776544
728,0.10214121639728546,0.9918863773345947,0.5593306422233582,0.5582075119018555,0.19573078777720385
729,0.08932878822088242,0.9929006099700928,0.5562880039215088,0.5611312985420227,0.19052261460203426
730,0.1113574355840683,0.9908722043037415,0.5486815571784973,0.5551047325134277,0.2215062120947136
731,0.11380749195814133,0.9918863773345947,0.5669370889663696,0.5635777711868286,0.5187033036308544
732,0.10543844103813171,0.9898579716682434,0.5745435953140259,0.5727668404579163,0.5499609157967643
733,0.12104610353708267,0.9959431886672974,0.5740364789962769,0.5716331601142883,0.36784025005895715
734,0.11499874293804169,0.9918863773345947,0.5618661046028137,0.5679932832717896,0.5807485747630966
735,0.10110904276371002,0.9868153929710388,0.5598376989364624,0.5676352977752686,0.29293742610331297
736,0.1079442948102951,0.9908722043037415,0.5674442052841187,0.570618748664856,0.302795869355646
737,0.1222119927406311,0.9858012199401855,0.568965494632721,0.5699027180671692,0.6037753757544898
738,0.13091620802879333,0.9878295660018921,0.5684583783149719,0.566203236579895,0.3094972674626018
739,0.1415863335132599,0.9898579716682434,0.5623732209205627,0.5620263814926147,0.3698301265619647
740,0.11677169054746628,0.9868153929710388,0.5664300322532654,0.5621457099914551,0.2839143161420315
741,0.12586189806461334,0.9837728142738342,0.5715010166168213,0.5777791142463684,0.6429593815421824
742,0.11298434436321259,0.9878295660018921,0.5704867839813232,0.5768243670463562,0.2647373775250418
743,0.12210225313901901,0.9888437986373901,0.5720080733299255,0.5762873291969299,0.368811916795042
744,0.13965381681919098,0.9858012199401855,0.5770791172981262,0.575153648853302,0.7811877977336481
745,0.13636541366577148,0.9868153929710388,0.5775861740112305,0.5706784129142761,0.3174547273976228
746,0.1428900808095932,0.9858012199401855,0.5623732209205627,0.5645921230316162,0.3977160368223271
747,0.14759768545627594,0.9847869873046875,0.5603448152542114,0.5614296793937683,0.7151988697615064
748,0.14018814265727997,0.9776875972747803,0.5613589882850647,0.560892641544342,0.34670072075358016
749,0.13612067699432373,0.9847869873046875,0.5613589882850647,0.5557610988616943,0.49302001744927076
750,0.13606227934360504,0.9898579716682434,0.5628803372383118,0.5596992373466492,0.31564341929115985
751,0.12875540554523468,0.9929006099700928,0.5720080733299255,0.5729458928108215,0.32997750460611786
752,0.1174662858247757,0.9847869873046875,0.5786004066467285,0.5769436955451965,0.171131915002329
753,0.1201501414179802,0.9847869873046875,0.5786004066467285,0.5769436955451965,0.22619645795304208
754,0.12603457272052765,0.9888437986373901,0.5720080733299255,0.5696043968200684,0.36361863943911543
755,0.1311192363500595,0.9878295660018921,0.5720080733299255,0.5696043968200684,0.4262085640463458
756,0.13273490965366364,0.9898579716682434,0.5669370889663696,0.5681126713752747,0.3784906693821097
757,0.10804757475852966,0.9908722043037415,0.5720080733299255,0.5682916641235352,0.3222744992045452
758,0.1314661055803299,0.9858012199401855,0.5740364789962769,0.567336916923523,0.34364872796135826
759,0.13193939626216888,0.9908722043037415,0.5846855640411377,0.5765857100486755,0.34373683700628715
760,0.11077284812927246,0.9898579716682434,0.5821501016616821,0.5782564282417297,0.3553721626568172
761,0.11357744038105011,0.993914783000946,0.568965494632721,0.5683513283729553,0.35961585266327906
762,0.09219226986169815,0.9898579716682434,0.5644016265869141,0.5659645199775696,0.2092520462608401
763,0.12350872904062271,0.9929006099700928,0.5709939002990723,0.5727071762084961,0.5221211158416966
764,0.09622877836227417,0.993914783000946,0.5786004066467285,0.5770630836486816,0.2000271469132392
765,0.11182141304016113,0.9908722043037415,0.5780932903289795,0.5776597261428833,0.2620752237952183
766,0.11481791734695435,0.9908722043037415,0.5760648846626282,0.5726475119590759,0.26757168845036744
767,0.1124076321721077,0.9929006099700928,0.5780932903289795,0.5709171295166016,0.3215492903195102
768,0.1195078119635582,0.9959431886672974,0.5786004066467285,0.5733635425567627,0.2813099228983895
769,0.10899851471185684,0.993914783000946,0.5796145796775818,0.5746166110038757,0.3082594623580104
770,0.11573804169893265,0.9929006099700928,0.58620685338974,0.5792111754417419,0.49385188168670735
771,0.10132873058319092,0.9908722043037415,0.5902636647224426,0.5798675417900085,0.24475932610933723
772,0.11063840985298157,0.9908722043037415,0.5846855640411377,0.5761083364486694,0.20965691421091048
773,0.10937473922967911,0.9898579716682434,0.5765720009803772,0.5749149322509766,0.19678996672708018
774,0.09037010371685028,0.9898579716682434,0.5730223059654236,0.573124885559082,0.2075712084033606
775,0.10061197727918625,0.993914783000946,0.568965494632721,0.5735425353050232,0.25437190358847633
776,0.09735830873250961,0.9969573616981506,0.569979727268219,0.5746762752532959,0.31344996916197687
777,0.10809993743896484,0.9949289560317993,0.568965494632721,0.5656661987304688,1.0550207618887517
778,0.10309997946023941,0.9949289560317993,0.568965494632721,0.5597589015960693,0.2323036788631976
779,0.10942665487527847,0.9949289560317993,0.5704867839813232,0.5651888251304626,0.27248752121001474
780,0.10286970436573029,0.9908722043037415,0.5735294222831726,0.5740795731544495,0.21977571172845894
781,0.10859164595603943,0.9888437986373901,0.5786004066467285,0.5765260457992554,0.37805964794569147
782,0.10327691584825516,0.9888437986373901,0.5674442052841187,0.5691270232200623,0.2353704878369155
783,0.1039009839296341,0.9868153929710388,0.5679513216018677,0.566978931427002,0.29831708134582013
784,0.09826265275478363,0.9918863773345947,0.5735294222831726,0.5735425353050232,0.33635615696671683
785,0.09721261262893677,0.9888437986373901,0.5760648846626282,0.5793901681900024,0.3784169191300854
786,0.09273304790258408,0.9888437986373901,0.5755577683448792,0.5766453742980957,0.2051864233231033
787,0.11165640503168106,0.9918863773345947,0.5740364789962769,0.570618748664856,0.3854260629546721
788,0.09921097755432129,0.9888437986373901,0.56947261095047,0.563279390335083,0.2329963671604628
789,0.11240708827972412,0.9929006099700928,0.5684583783149719,0.5654275417327881,0.34680847358186334
790,0.08548959344625473,0.9949289560317993,0.5730223059654236,0.5697237253189087,0.2368723568497967
791,0.11243471503257751,0.9908722043037415,0.5796145796775818,0.5721104741096497,0.6884887689239342
792,0.11380869895219803,0.9949289560317993,0.5760648846626282,0.5667999386787415,0.23475656379229212
793,0.1144050881266594,0.9908722043037415,0.5659229159355164,0.5595202445983887,0.18762510620813538
794,0.12592323124408722,0.9929006099700928,0.5679513216018677,0.5622053742408752,0.392111794615375
795,0.1078442633152008,0.9929006099700928,0.5740364789962769,0.563279390335083,0.24896616142650943
796,0.10617969930171967,0.9898579716682434,0.5745435953140259,0.5657258629798889,0.24162299915338578
797,0.12446070462465286,0.9847869873046875,0.5735294222831726,0.5645921230316162,0.32350809062684216
798,0.12114714831113815,0.9918863773345947,0.5715010166168213,0.5689480304718018,0.27806340399499835
799,0.09144534915685654,0.9908722043037415,0.56947261095047,0.5694253444671631,0.224277076881784
800,0.10862123966217041,0.9847869873046875,0.5608519315719604,0.5681723356246948,0.21442734067057415
801,0.10908590257167816,0.9858012199401855,0.5623732209205627,0.5645921230316162,0.2818810441856055
802,0.1185329332947731,0.9929006099700928,0.5588235259056091,0.5644727945327759,0.23476801471326497
803,0.12302911281585693,0.9959431886672974,0.5669370889663696,0.567814290523529,0.2631764182593542
804,0.10266780108213425,0.9918863773345947,0.5593306422233582,0.5672772526741028,0.1909334170658816
805,0.08578602969646454,0.9918863773345947,0.5613589882850647,0.5633987784385681,0.27131511172337425
806,0.1104920282959938,0.9929006099700928,0.5593306422233582,0.558028519153595,0.6700241805405717
807,0.11065707355737686,0.9929006099700928,0.5735294222831726,0.5627424120903015,0.2820318465272636
808,0.10104289650917053,0.9918863773345947,0.5669370889663696,0.5629810690879822,0.4895708731967805
809,0.10108700394630432,0.993914783000946,0.5684583783149719,0.567336916923523,0.36520999912417457
810,0.12396515905857086,0.9918863773345947,0.5613589882850647,0.5595202445983887,0.3910699032944747
811,0.1263975352048874,0.9888437986373901,0.5542595982551575,0.5581478476524353,0.3632227162621871
812,0.12559440732002258,0.9929006099700928,0.5613589882850647,0.5682916641235352,0.3368983957460513
813,0.10590948909521103,0.9878295660018921,0.563387393951416,0.5709767937660217,0.4023433150542228
814,0.11253535002470016,0.9888437986373901,0.5684583783149719,0.5692463517189026,0.24110550294908462
815,0.10272176563739777,0.9888437986373901,0.5613589882850647,0.5664418935775757,0.2999519428955332
816,0.1255694180727005,0.9898579716682434,0.563387393951416,0.5657855272293091,0.27139972559283876
817,0.13278144598007202,0.9908722043037415,0.5628803372383118,0.5657258629798889,0.458491003158298
818,0.11045832186937332,0.9918863773345947,0.5598376989364624,0.5691866874694824,0.22332725762056244
819,0.10673507302999496,0.9888437986373901,0.5613589882850647,0.5708574652671814,0.18688900049384022
820,0.11547667533159256,0.9898579716682434,0.5603448152542114,0.5686496496200562,0.2555060102226001
821,0.1048705205321312,0.9908722043037415,0.5598376989364624,0.5642341375350952,0.22574535111117297
822,0.1139143779873848,0.9908722043037415,0.5628803372383118,0.5672175884246826,0.27098654905263303
823,0.11886920034885406,0.9918863773345947,0.5674442052841187,0.5774807333946228,0.33189004277039486
824,0.09783847630023956,0.9908722043037415,0.5649086833000183,0.5807625651359558,0.26193387701307247
825,0.11574164032936096,0.9949289560317993,0.5613589882850647,0.5729458928108215,0.35298041189656926
826,0.09808069467544556,0.993914783000946,0.5567951202392578,0.563279390335083,0.2791641498998942
827,0.10097552835941315,0.9929006099700928,0.5613589882850647,0.5626230835914612,0.22190698150161578
828,0.0850885882973671,0.9949289560317993,0.5598376989364624,0.5697237253189087,0.19091762529895803
829,0.08625607192516327,0.9929006099700928,0.5618661046028137,0.5697237253189087,0.26056816456534165
830,0.10200703144073486,0.9908722043037415,0.5608519315719604,0.5660241842269897,0.20223599377639506
831,0.10015348345041275,0.9929006099700928,0.5578092932701111,0.567336916923523,0.28285771733152315
832,0.08973359316587448,0.9949289560317993,0.5618661046028137,0.5717524886131287,0.20227704252717796
833,0.07710142433643341,0.9949289560317993,0.5603448152542114,0.5724088549613953,0.1701292413793286
834,0.08544976264238358,0.9959431886672974,0.5593306422233582,0.569485068321228,0.5093260567023553
835,0.07471901178359985,0.9959431886672974,0.5603448152542114,0.5639357566833496,0.1741154703587948
836,0.06749320030212402,0.993914783000946,0.5567951202392578,0.5627424120903015,0.1605261517824498
837,0.08110954612493515,0.9969573616981506,0.5583164095878601,0.5654275417327881,0.2489382551305988
838,0.08329347521066666,0.9959431886672974,0.5598376989364624,0.5655468702316284,0.3385445264188242
839,0.08189297467470169,0.993914783000946,0.5593306422233582,0.5606539845466614,0.34650188897744943
840,0.07655664533376694,0.9949289560317993,0.5537525415420532,0.5564771294593811,0.21828189037324205
841,0.07747000455856323,0.9949289560317993,0.5573022365570068,0.5579091906547546,0.24190698311656472
842,0.07878874242305756,0.9959431886672974,0.5578092932701111,0.5596992373466492,0.19753987504725617
843,0.07304170727729797,0.9949289560317993,0.5623732209205627,0.5585058927536011,0.3709335997794923
844,0.07664940506219864,0.9959431886672974,0.5583164095878601,0.5611909627914429,0.2398192293717839
845,0.0803675651550293,0.9949289560317993,0.5623732209205627,0.5645921230316162,0.24437415763444983
846,0.06676878035068512,0.9959431886672974,0.5649086833000183,0.5704397559165955,0.19665323193088774
847,0.07869245857000351,0.9969573616981506,0.5750507116317749,0.575153648853302,0.79352465992567
848,0.0781991258263588,0.993914783000946,0.5755577683448792,0.5739602446556091,0.14769309528277494
849,0.084775410592556,0.9908722043037415,0.5679513216018677,0.5704397559165955,0.21297760249289602
850,0.08599022775888443,0.9908722043037415,0.5644016265869141,0.5647115111351013,0.22261910114916514
851,0.08275704085826874,0.9918863773345947,0.563894510269165,0.5652484893798828,0.2507185738304957
852,0.09346383064985275,0.9929006099700928,0.5659229159355164,0.5666208863258362,0.26416340691427304
853,0.08326281607151031,0.9949289560317993,0.5684583783149719,0.5678739547729492,0.22914558541351773
854,0.09332496672868729,0.9949289560317993,0.5608519315719604,0.5631003975868225,0.3098199485165669
855,0.07715564966201782,0.993914783000946,0.5593306422233582,0.5630407333374023,0.21712808789533555
856,0.08499036729335785,0.9959431886672974,0.5644016265869141,0.567336916923523,0.2522627135054804
857,0.09168463200330734,0.9959431886672974,0.5557809472084045,0.566978931427002,0.20966043502661902
858,0.08828935027122498,0.9969573616981506,0.563387393951416,0.5638164281845093,0.2541538762651117
859,0.08047433197498322,0.993914783000946,0.563894510269165,0.563339114189148,0.2575711017956271
860,0.08084094524383545,0.993914783000946,0.5659229159355164,0.5610716342926025,0.3912711188052857
861,0.09100621938705444,0.9969573616981506,0.5649086833000183,0.5650694966316223,0.3607532767754996
862,0.08650626987218857,0.9949289560317993,0.5603448152542114,0.5687093138694763,0.4249215009106983
863,0.075638048350811,0.9949289560317993,0.5567951202392578,0.5613700151443481,0.28022261251396685
864,0.09151075780391693,0.9969573616981506,0.5623732209205627,0.5638760924339294,0.2750973675620273
865,0.10501831024885178,0.9969573616981506,0.5644016265869141,0.5709171295166016,0.2504585216019262
866,0.0849914401769638,0.9959431886672974,0.5684583783149719,0.573900580406189,0.29431400070348923
867,0.09992465376853943,0.9959431886672974,0.5740364789962769,0.5739602446556091,0.47976386149214173
868,0.08845318853855133,0.993914783000946,0.5750507116317749,0.5693656802177429,0.26414259961980263
869,0.09099061787128448,0.9959431886672974,0.569979727268219,0.5713944435119629,0.2607322709096708
870,0.07946919649839401,0.9929006099700928,0.5715010166168213,0.5799868702888489,0.2538401069151144
871,0.08345497399568558,0.9929006099700928,0.5755577683448792,0.5780177712440491,0.24928061028742068
872,0.08942688256502151,0.993914783000946,0.5704867839813232,0.5693060159683228,0.330876290962702
873,0.0985083132982254,0.9908722043037415,0.5603448152542114,0.5611312985420227,0.28730159785309006
874,0.09948307275772095,0.993914783000946,0.5623732209205627,0.5745569467544556,0.44570849442094085
875,0.10872416198253632,0.9918863773345947,0.5684583783149719,0.5774210691452026,0.43915103135222866
876,0.08782901614904404,0.9959431886672974,0.5664300322532654,0.5728265047073364,0.34167531869472323
877,0.08603087067604065,0.993914783000946,0.5608519315719604,0.5626827478408813,0.16149755976070057
878,0.08223411440849304,0.9918863773345947,0.5593306422233582,0.5598185658454895,0.23401449552368717
879,0.07539871335029602,0.9929006099700928,0.5735294222831726,0.5713944435119629,0.34378177337406696
880,0.08733223378658295,0.9959431886672974,0.5755577683448792,0.5719314813613892,0.20533548655144038
881,0.09843809902667999,0.9959431886672974,0.5664300322532654,0.5617876648902893,0.34057067562022697
882,0.08062651753425598,0.9969573616981506,0.5613589882850647,0.5549256801605225,0.20330175514877735
883,0.07910376042127609,0.9959431886672974,0.5598376989364624,0.5540903210639954,0.2809916066809577
884,0.09379351884126663,0.9959431886672974,0.5644016265869141,0.5661435723304749,0.5168958051016259
885,0.09180469810962677,0.993914783000946,0.5588235259056091,0.5713347792625427,0.3152793531543138
886,0.09798454493284225,0.9969573616981506,0.5593306422233582,0.5654872059822083,0.42433832073119526
887,0.09282185882329941,0.9959431886672974,0.5628803372383118,0.557610809803009,0.4008242087047659
888,0.0931144580245018,0.9929006099700928,0.5618661046028137,0.5551643967628479,0.26035521336625256
889,0.0884627178311348,0.9898579716682434,0.5674442052841187,0.5657855272293091,0.2652936442984392
890,0.09830836951732635,0.9908722043037415,0.569979727268219,0.5725281834602356,0.26130096502913996
891,0.09751153737306595,0.9918863773345947,0.5628803372383118,0.5706784129142761,0.2649997906779633
892,0.0945563092827797,0.993914783000946,0.5598376989364624,0.5603556036949158,0.34150447314485016
893,0.08529548346996307,0.9929006099700928,0.5573022365570068,0.553970992565155,0.3164509363928229
894,0.09532947093248367,0.993914783000946,0.5583164095878601,0.5589235424995422,0.35885129436684715
895,0.08691318333148956,0.9929006099700928,0.5628803372383118,0.5693060159683228,0.3124453392504763
896,0.10119081288576126,0.9929006099700928,0.5593306422233582,0.5713944435119629,0.308461306370881
897,0.09393132477998734,0.9949289560317993,0.5623732209205627,0.5640551447868347,0.396938214635075
898,0.09657061100006104,0.993914783000946,0.5542595982551575,0.5596992373466492,0.3329650080399221
899,0.08510411530733109,0.993914783000946,0.5618661046028137,0.5672772526741028,0.31475216464481437
900,0.09869451075792313,0.993914783000946,0.5755577683448792,0.5737215876579285,0.3304713221102479
901,0.09783167392015457,0.9929006099700928,0.5709939002990723,0.5741989016532898,0.2331983595136985
902,0.11646393686532974,0.9929006099700928,0.5730223059654236,0.5725878477096558,0.34824333546096886
903,0.09296227246522903,0.993914783000946,0.568965494632721,0.5670982599258423,0.22459885301140928
904,0.09925990551710129,0.9908722043037415,0.5547667145729065,0.5596992373466492,0.2292683131850911
905,0.09318432956933975,0.9918863773345947,0.5547667145729065,0.5611909627914429,0.27427332620015377
906,0.10259740799665451,0.993914783000946,0.5557809472084045,0.5663822293281555,0.4893706299849959
907,0.08765391260385513,0.993914783000946,0.5669370889663696,0.5697237253189087,0.24743648764396134
908,0.1037234216928482,0.993914783000946,0.5618661046028137,0.5642341375350952,0.33738248567563056
909,0.08953531086444855,0.9929006099700928,0.563894510269165,0.5586252212524414,0.18575171281763073
910,0.08639128506183624,0.993914783000946,0.5644016265869141,0.5610119700431824,0.3251680163874482
911,0.09060999751091003,0.9949289560317993,0.5644016265869141,0.5642341375350952,0.29261156500500934
912,0.08791767805814743,0.9918863773345947,0.5618661046028137,0.5627424120903015,0.1963225680799465
913,0.10214412957429886,0.993914783000946,0.5674442052841187,0.562921404838562,0.22691634678905867
914,0.1033942699432373,0.993914783000946,0.5740364789962769,0.5648308396339417,0.27710269801411747
915,0.09038030356168747,0.9959431886672974,0.5679513216018677,0.5609523057937622,0.28975902325644926
916,0.09243988245725632,0.9949289560317993,0.5618661046028137,0.5573721528053284,0.20096438077409276
917,0.07839085906744003,0.993914783000946,0.563894510269165,0.5590428709983826,0.25663649971146424
918,0.07741763442754745,0.9959431886672974,0.5664300322532654,0.5650694966316223,0.2851425005535237
919,0.09134995937347412,0.993914783000946,0.5684583783149719,0.566561222076416,0.2514105898783829
920,0.09314118325710297,0.993914783000946,0.568965494632721,0.5598782896995544,0.31037865814486726
921,0.10277821868658066,0.9949289560317993,0.5578092932701111,0.5555820465087891,0.2909325921850696
922,0.09089391678571701,0.9949289560317993,0.5573022365570068,0.5570737719535828,0.2951003078098497
923,0.07635663449764252,0.9929006099700928,0.5583164095878601,0.5592219233512878,0.45217945806685267
924,0.07797952741384506,0.993914783000946,0.5583164095878601,0.5624440312385559,0.2039233119421895
925,0.08282075822353363,0.993914783000946,0.5649086833000183,0.5693656802177429,0.2105184530404188
926,0.08984952419996262,0.993914783000946,0.563387393951416,0.5713944435119629,0.24189934118249645
927,0.08328528702259064,0.9949289560317993,0.5588235259056091,0.5646517872810364,0.2845230850024289
928,0.10822409391403198,0.9949289560317993,0.5547667145729065,0.5585655570030212,0.25140279577593816
929,0.07478436082601547,0.9959431886672974,0.5684583783149719,0.5663822293281555,0.20218376258321222
930,0.08399716019630432,0.9929006099700928,0.5684583783149719,0.5758696794509888,0.2662414352047236
931,0.13068416714668274,0.998985767364502,0.563387393951416,0.5676352977752686,0.47341557254825295
932,0.08743060380220413,0.9898579716682434,0.5547667145729065,0.5574914813041687,0.26510863305707627
933,0.08669768273830414,0.9918863773345947,0.5542595982551575,0.5602959394454956,0.3262064077507771
934,0.08194046467542648,0.9959431886672974,0.5593306422233582,0.5679932832717896,0.2756546228171955
935,0.09522408246994019,0.9959431886672974,0.5588235259056091,0.5665015578269958,0.28740614249223395
936,0.09429153054952621,0.9979715943336487,0.5532454252243042,0.5586252212524414,0.2797661004876988
937,0.07682774215936661,0.9969573616981506,0.545638918876648,0.5499134659767151,0.21099322531052453
938,0.0914108082652092,0.998985767364502,0.5451318621635437,0.5557013750076294,0.3353131302907868
939,0.07961449772119522,0.9959431886672974,0.5522312521934509,0.5637567639350891,0.1944028334917493
940,0.08740346133708954,0.9959431886672974,0.5562880039215088,0.5647115111351013,0.28690237645652056
941,0.08693545311689377,0.9949289560317993,0.5583164095878601,0.5616086721420288,0.18880532447409537
942,0.08907144516706467,0.9969573616981506,0.5598376989364624,0.5625036954879761,0.21099016080478158
943,0.07255542278289795,0.9969573616981506,0.5552738308906555,0.5625036954879761,0.2883135438221624
944,0.08865632116794586,0.9979715943336487,0.5552738308906555,0.5626230835914612,0.21430529646238244
945,0.07666750997304916,0.9969573616981506,0.5532454252243042,0.5613700151443481,0.19312907123701234
946,0.08113296329975128,0.9949289560317993,0.5522312521934509,0.5590428709983826,0.25957517114020445
947,0.07990150898694992,0.9949289560317993,0.5486815571784973,0.5598185658454895,0.2502043053421793
948,0.08984964340925217,0.9949289560317993,0.5481744408607483,0.5602959394454956,0.31905889298147005
949,0.0762598067522049,0.9949289560317993,0.5542595982551575,0.5577898025512695,0.21917383914151983
950,0.07899080216884613,0.9959431886672974,0.563387393951416,0.564532458782196,0.37470731007220914
951,0.07711073011159897,0.9969573616981506,0.5567951202392578,0.5591025352478027,0.23100168246902458
952,0.07041095197200775,0.9969573616981506,0.5527383089065552,0.5489587783813477,0.22475939310244408
953,0.06820881366729736,0.9949289560317993,0.545638918876648,0.5481233596801758,0.20653797303135688
954,0.08070839196443558,0.9969573616981506,0.5522312521934509,0.5582671761512756,0.38303430276277045
955,0.07963771373033524,0.9959431886672974,0.5593306422233582,0.5667999386787415,0.18036513489691544
956,0.07794307172298431,0.9959431886672974,0.5623732209205627,0.5688883662223816,0.45095949319803635
957,0.08288228511810303,0.9949289560317993,0.5573022365570068,0.5637567639350891,0.3150168490069874
958,0.08204036206007004,0.9949289560317993,0.5557809472084045,0.5573721528053284,0.27746664393319753
959,0.1028604656457901,0.9929006099700928,0.5669370889663696,0.5661435723304749,0.565448252453014
960,0.07838033139705658,0.9898579716682434,0.5573022365570068,0.5656661987304688,0.443185976453307
961,0.08093323558568954,0.9898579716682434,0.5436105132102966,0.5525389313697815,0.2915233243123476
962,0.09267626702785492,0.9929006099700928,0.5420892238616943,0.5510472059249878,0.31092903787080584
963,0.10199611634016037,0.9969573616981506,0.5522312521934509,0.5580881834030151,0.3037313030871454
964,0.08579041063785553,0.9959431886672974,0.563387393951416,0.5613700151443481,0.2765012633221228
965,0.08064005523920059,0.9969573616981506,0.5679513216018677,0.5654872059822083,0.2810455063025256
966,0.11497039347887039,0.9959431886672974,0.5709939002990723,0.5661435723304749,0.37259426930833695
967,0.08039499074220657,0.9959431886672974,0.5679513216018677,0.5628020763397217,0.20309092063924833
968,0.07597901672124863,0.9959431886672974,0.568965494632721,0.5640551447868347,0.23699886547649318
969,0.08182479441165924,0.9959431886672974,0.5628803372383118,0.5638760924339294,0.3312072432352339
970,0.0811125785112381,0.9959431886672974,0.5628803372383118,0.568589985370636,0.308718844379232
971,0.07350385934114456,0.9949289560317993,0.5725151896476746,0.5706784129142761,0.21528554493205115
972,0.09387848526239395,0.993914783000946,0.5704867839813232,0.5714541077613831,0.26876638462039176
973,0.08237925916910172,0.993914783000946,0.5684583783149719,0.5727071762084961,0.28300396067561884
974,0.09249405562877655,0.993914783000946,0.5654157996177673,0.5667999386787415,0.18982230677470566
975,0.07851243019104004,0.9959431886672974,0.5618661046028137,0.5605345964431763,0.21771234113498536
976,0.07791484892368317,0.9959431886672974,0.5588235259056091,0.5548660159111023,0.20143541937087048
977,0.06832323223352432,0.9969573616981506,0.5567951202392578,0.5573124885559082,0.1781264767587372
978,0.07352213561534882,0.9969573616981506,0.5603448152542114,0.5629810690879822,0.19777928450024954
979,0.06707167625427246,0.9969573616981506,0.5623732209205627,0.5654275417327881,0.26618635073624913
980,0.07821975648403168,0.9969573616981506,0.5598376989364624,0.5654275417327881,0.3019316528949277
981,0.07597576826810837,0.9969573616981506,0.5532454252243042,0.5613700151443481,0.2884822902659935
982,0.11473146080970764,0.9959431886672974,0.5562880039215088,0.5600572824478149,0.29232575786020776
983,0.0783674567937851,0.993914783000946,0.5542595982551575,0.5605943202972412,0.22931586307195942
984,0.08034460991621017,0.9949289560317993,0.56947261095047,0.5689480304718018,0.3886577160510859
985,0.07781801372766495,0.993914783000946,0.5720080733299255,0.5735425353050232,0.22733069325905972
986,0.09207462519407272,0.9929006099700928,0.5557809472084045,0.5610716342926025,0.5076851414963849
987,0.08527040481567383,0.993914783000946,0.5567951202392578,0.5645921230316162,0.2923050743453906
988,0.07193426787853241,0.9929006099700928,0.5583164095878601,0.5626827478408813,0.23868440211958636
989,0.07605458050966263,0.9949289560317993,0.5674442052841187,0.5631003975868225,0.2706398078658765
990,0.07682492583990097,0.9929006099700928,0.5603448152542114,0.5591025352478027,0.182920839130296
991,0.07292405515909195,0.993914783000946,0.5628803372383118,0.5598185658454895,0.2795962639379912
992,0.08367904275655746,0.9949289560317993,0.5618661046028137,0.5583268404006958,0.33594668255546006
993,0.07319708913564682,0.9969573616981506,0.563894510269165,0.5582075119018555,0.19309634147009963
994,0.06578231602907181,0.9979715943336487,0.568965494632721,0.5610716342926025,0.18723582558640076
995,0.07261881977319717,0.9979715943336487,0.5669370889663696,0.5621457099914551,0.26608227896594955
996,0.09406184405088425,0.9979715943336487,0.563387393951416,0.5619069933891296,0.20220859336448377
997,0.06398408114910126,0.9979715943336487,0.5486815571784973,0.5569544434547424,0.1949416162562187
998,0.06268848478794098,0.9979715943336487,0.5491886138916016,0.5540903210639954,0.2058627142754772
999,0.08572922646999359,0.9959431886672974,0.5517241358757019,0.5536726117134094,0.1952955211118291
1000,0.06770215928554535,0.9959431886672974,0.5588235259056091,0.5567157864570618,0.2906037553713696
1001,0.08194395154714584,0.9959431886672974,0.5623732209205627,0.5631600618362427,0.40299040916802664
1002,0.08577009290456772,0.9949289560317993,0.5664300322532654,0.5653678774833679,0.435434113586242
1003,0.09359441697597504,0.993914783000946,0.5608519315719604,0.5580881834030151,0.6957930911654966
1004,0.09883080422878265,0.9929006099700928,0.5593306422233582,0.5568351149559021,0.30330637466563515
1005,0.10116291046142578,0.9929006099700928,0.569979727268219,0.5633987784385681,0.34255768559702554
1006,0.08537555485963821,0.993914783000946,0.5608519315719604,0.5614893436431885,0.3435462412876823
1007,0.1056581437587738,0.9888437986373901,0.5527383089065552,0.5601169466972351,0.3336699785570733
1008,0.11254535615444183,0.9898579716682434,0.5578092932701111,0.561310350894928,0.3965690500923475
1009,0.10645498335361481,0.9888437986373901,0.5613589882850647,0.5631003975868225,0.628419987084302
1010,0.10117360949516296,0.9949289560317993,0.5618661046028137,0.5640551447868347,0.40606389416614713
1011,0.09266851097345352,0.9949289560317993,0.5628803372383118,0.5616086721420288,0.20811463202966698
1012,0.10367612540721893,0.9929006099700928,0.5649086833000183,0.5653678774833679,0.3675044616610052
1013,0.11475597321987152,0.9949289560317993,0.5664300322532654,0.5684706568717957,0.32454775452285817
1014,0.12108040601015091,0.9949289560317993,0.568965494632721,0.5743182897567749,0.3373897084340268
1015,0.11093685775995255,0.9918863773345947,0.5720080733299255,0.570260763168335,0.5029095470925011
1016,0.11484599113464355,0.9888437986373901,0.5791074633598328,0.5719314813613892,0.8710889064202572
1017,0.11430493742227554,0.9908722043037415,0.5765720009803772,0.5760486721992493,0.30897611400990066
1018,0.10263502597808838,0.993914783000946,0.5801216959953308,0.5697833895683289,0.35455046826259795
1019,0.09577491134405136,0.993914783000946,0.5720080733299255,0.5630407333374023,0.2849491318414746
1020,0.13029837608337402,0.9959431886672974,0.5659229159355164,0.568231999874115,0.5814672006244349
1021,0.11057012528181076,0.9949289560317993,0.56947261095047,0.5756309628486633,0.39312325311895685
1022,0.13793691992759705,0.9908722043037415,0.5725151896476746,0.5737812519073486,0.39877451505965683
1023,0.11840562522411346,0.993914783000946,0.5750507116317749,0.5716928243637085,0.3544812117886643
1024,0.11466488987207413,0.9878295660018921,0.5725151896476746,0.5785548090934753,0.37306355366861454
1025,0.13371410965919495,0.9918863773345947,0.5659229159355164,0.5766453742980957,0.35248824994440153
1026,0.13108643889427185,0.9918863773345947,0.5552738308906555,0.5697833895683289,0.25003382951717706
1027,0.11679060757160187,0.9888437986373901,0.5669370889663696,0.5771227478981018,0.41064802081784496
1028,0.11295539885759354,0.9929006099700928,0.5623732209205627,0.5746166110038757,0.5047835964189893
1029,0.11788569390773773,0.993914783000946,0.5522312521934509,0.5626230835914612,0.2797047546493765
1030,0.11309602111577988,0.9898579716682434,0.5547667145729065,0.5688287019729614,0.4087355518583944
1031,0.1139616146683693,0.9908722043037415,0.563387393951416,0.5749746561050415,0.31297472234102924
1032,0.0990743413567543,0.9918863773345947,0.5573022365570068,0.5703204274177551,0.24854296661928518
1033,0.10843496024608612,0.993914783000946,0.5598376989364624,0.5687093138694763,0.3160056883386615
1034,0.10233325511217117,0.9929006099700928,0.5567951202392578,0.5622650384902954,0.2896489302488971
1035,0.0980454608798027,0.993914783000946,0.5542595982551575,0.5626827478408813,0.33219571208464244
1036,0.10610870271921158,0.993914783000946,0.5593306422233582,0.5648905038833618,0.1908608113445473
1037,0.10179714113473892,0.993914783000946,0.5598376989364624,0.5664418935775757,0.32433987026831784
1038,0.13023197650909424,0.9908722043037415,0.563894510269165,0.5689480304718018,0.3013852813641138
1039,0.09348443895578384,0.9918863773345947,0.5613589882850647,0.5676949620246887,0.2792659161609298
1040,0.0948580875992775,0.9918863773345947,0.5593306422233582,0.567814290523529,0.19270692581562726
1041,0.0975576788187027,0.9969573616981506,0.5684583783149719,0.5715734958648682,0.23798134225794773
1042,0.08605901151895523,0.993914783000946,0.569979727268219,0.573900580406189,0.20909717461885216
1043,0.08303946256637573,0.9949289560317993,0.569979727268219,0.5738409161567688,0.1781010820764528
1044,0.09165191650390625,0.9949289560317993,0.563894510269165,0.5715734958648682,0.2373629389084083
1045,0.08570750057697296,0.9949289560317993,0.5618661046028137,0.573124885559082,0.29654605607685053
1046,0.0862661674618721,0.9918863773345947,0.5628803372383118,0.5736619234085083,0.298830370526078
1047,0.08979291468858719,0.9959431886672974,0.5649086833000183,0.5705590844154358,0.23799114900803292
1048,0.07610726356506348,0.9959431886672974,0.5628803372383118,0.5667402744293213,0.17918794394134027
1049,0.07823769748210907,0.9949289560317993,0.5557809472084045,0.5595799088478088,0.2357005698629127
1050,0.07854419946670532,0.9949289560317993,0.5583164095878601,0.5624440312385559,0.22830159242482342
1051,0.07528447359800339,0.9969573616981506,0.5578092932701111,0.5653678774833679,0.13845602105041502
1052,0.07780807465314865,0.9969573616981506,0.5623732209205627,0.5646517872810364,0.2349706557404752
1053,0.0874914675951004,0.9959431886672974,0.5578092932701111,0.5681723356246948,0.21025949862752477
1054,0.06814707815647125,0.9929006099700928,0.5603448152542114,0.5684706568717957,0.09853473417928475
1055,0.08393388986587524,0.9959431886672974,0.5603448152542114,0.5696640610694885,0.18527859745706413
1056,0.08443348109722137,0.9949289560317993,0.5593306422233582,0.5679336190223694,0.189980429675388
1057,0.06865741312503815,0.9949289560317993,0.5573022365570068,0.5644131302833557,0.26440900692100033
1058,0.08492718636989594,0.9949289560317993,0.5598376989364624,0.5684706568717957,0.37106454330022376
1059,0.059398651123046875,0.9949289560317993,0.5547667145729065,0.5658451914787292,0.15416768561433725
1060,0.08867502957582474,0.9949289560317993,0.5507099032402039,0.5598782896995544,0.21819318774331117
1061,0.0696760043501854,0.9949289560317993,0.5476673245429993,0.559639573097229,0.3989988024677978
1062,0.0771595910191536,0.9969573616981506,0.5552738308906555,0.5646517872810364,0.23427600794133555
1063,0.07886692136526108,0.9949289560317993,0.5542595982551575,0.5656661987304688,0.459629734223313
1064,0.08091520518064499,0.9969573616981506,0.5517241358757019,0.5605943202972412,0.28057051128277266
1065,0.07389071583747864,0.9959431886672974,0.5547667145729065,0.5546870231628418,1.12660097178998
1066,0.0953119620680809,0.9959431886672974,0.5573022365570068,0.5569544434547424,0.3907286943839679
1067,0.09539024531841278,0.9959431886672974,0.563387393951416,0.562921404838562,0.32268024836567466
1068,0.06853792816400528,0.9898579716682434,0.5750507116317749,0.5750343203544617,0.17452149460839836
1069,0.08969420939683914,0.9918863773345947,0.5684583783149719,0.5759890079498291,0.19195457251289338
1070,0.09239819645881653,0.9888437986373901,0.5573022365570068,0.5672772526741028,0.5626296840777888
1071,0.10834839195013046,0.9847869873046875,0.5608519315719604,0.5670385956764221,0.3638051543519864
1072,0.1436588019132614,0.9847869873046875,0.5796145796775818,0.5811205506324768,0.5579999982081237
1073,0.10903250426054001,0.9858012199401855,0.5831642746925354,0.5839847326278687,0.3096009333654826
1074,0.12202870100736618,0.9898579716682434,0.5755577683448792,0.5735425353050232,0.31067282001186897
1075,0.11612547934055328,0.9898579716682434,0.5674442052841187,0.5656065344810486,0.2626018759196854
1076,0.1238454133272171,0.9898579716682434,0.5709939002990723,0.5796288251876831,0.3950949416470019
1077,0.13067729771137238,0.9918863773345947,0.563387393951416,0.5791515111923218,0.33880034387189556
1078,0.10855812579393387,0.993914783000946,0.5659229159355164,0.5678739547729492,0.2852517717651189
1079,0.1477624922990799,0.993914783000946,0.5557809472084045,0.5611312985420227,0.4127217873911777
1080,0.10654031485319138,0.9918863773345947,0.5522312521934509,0.5611312985420227,0.3723244559496767
1081,0.11486811935901642,0.9918863773345947,0.568965494632721,0.5694253444671631,0.25398480891896047
1082,0.09119492769241333,0.9908722043037415,0.5659229159355164,0.575511634349823,0.2649333381388586
1083,0.10705310851335526,0.9949289560317993,0.5613589882850647,0.5662629008293152,0.3285628030439736
1084,0.10321222245693207,0.9908722043037415,0.5608519315719604,0.5632197260856628,0.30390452811768703
1085,0.1269530951976776,0.993914783000946,0.5644016265869141,0.5741989016532898,0.4826588298804122
1086,0.1282375454902649,0.9878295660018921,0.5603448152542114,0.5727668404579163,0.41495895304221103
1087,0.10386550426483154,0.9898579716682434,0.5517241358757019,0.5565964579582214,0.6007281572605427
1088,0.10306446999311447,0.9888437986373901,0.5436105132102966,0.5427531599998474,0.33260840777493456
1089,0.14478743076324463,0.9929006099700928,0.5481744408607483,0.5529565811157227,0.4171432083119631
1090,0.11027535051107407,0.9959431886672974,0.5557809472084045,0.565308153629303,0.7605924584340438
1091,0.09238623827695847,0.9908722043037415,0.5684583783149719,0.5733635425567627,0.8828099963624907
1092,0.10499159246683121,0.9908722043037415,0.5644016265869141,0.5706784129142761,0.3094113731899531
1093,0.11073809117078781,0.9868153929710388,0.5644016265869141,0.5692463517189026,0.3319117577210015
1094,0.10988358408212662,0.9827585816383362,0.569979727268219,0.571871817111969,0.29293000063104613
1095,0.10422175377607346,0.9878295660018921,0.5669370889663696,0.5727071762084961,0.3352693509114939
1096,0.11202721297740936,0.9888437986373901,0.5567951202392578,0.564950168132782,0.6822110359356777
1097,0.13687366247177124,0.9908722043037415,0.5623732209205627,0.5639954805374146,0.34087280279384896
1098,0.12571091949939728,0.9878295660018921,0.5649086833000183,0.5712154507637024,0.4056577891442669
1099,0.1121271401643753,0.9929006099700928,0.5679513216018677,0.5688287019729614,0.2919006448483205
1100,0.09279552847146988,0.9949289560317993,0.5649086833000183,0.5659048557281494,0.23299328470901665
1101,0.11617271602153778,0.9949289560317993,0.563387393951416,0.5643534660339355,0.2824070139845073
1102,0.10156749188899994,0.993914783000946,0.5709939002990723,0.5667999386787415,0.3067649579089065
1103,0.11401953548192978,0.9929006099700928,0.5755577683448792,0.5699623823165894,0.26406773610933
1104,0.11262976378202438,0.9908722043037415,0.5745435953140259,0.5691270232200623,0.37520220543518185
1105,0.12164352834224701,0.993914783000946,0.5618661046028137,0.5611312985420227,0.37831485060512665
1106,0.10978177189826965,0.9929006099700928,0.5573022365570068,0.5604749321937561,0.2143472311348631
1107,0.1270110309123993,0.9949289560317993,0.5628803372383118,0.5693060159683228,0.34537902204004545
1108,0.12890897691249847,0.9959431886672974,0.5613589882850647,0.5719314813613892,0.4577643779114392
1109,0.10178370773792267,0.9929006099700928,0.5679513216018677,0.5696640610694885,0.3012833114901842
1110,0.11034894734621048,0.9908722043037415,0.56947261095047,0.5671579241752625,0.31143290850595745
1111,0.1278838962316513,0.9969573616981506,0.5760648846626282,0.5760486721992493,0.4627354177721437
1112,0.0984225794672966,0.9918863773345947,0.5791074633598328,0.5805835723876953,0.21777753602436592
1113,0.12039576470851898,0.9969573616981506,0.5740364789962769,0.5777194499969482,0.4385428860787068
1114,0.10258448123931885,0.9979715943336487,0.5684583783149719,0.5724685192108154,0.21125058501984129
1115,0.09950104355812073,0.9969573616981506,0.5715010166168213,0.5705590844154358,0.25037687782029183
1116,0.08971132338047028,0.9929006099700928,0.5659229159355164,0.57425856590271,0.26767869909301206
1117,0.09233422577381134,0.9918863773345947,0.5750507116317749,0.5755712985992432,0.1983985553215795
1118,0.1113063171505928,0.9959431886672974,0.568965494632721,0.5743182897567749,0.3073792562173478
1119,0.08666694909334183,0.9918863773345947,0.5674442052841187,0.5659048557281494,0.22406538531204306
1120,0.10248669236898422,0.993914783000946,0.5684583783149719,0.5714541077613831,0.3114724424518322
1121,0.09979618340730667,0.9908722043037415,0.5735294222831726,0.5806432366371155,0.35056036141419805
1122,0.10025078803300858,0.9949289560317993,0.5669370889663696,0.5736619234085083,0.35531192333030354
1123,0.09475551545619965,0.993914783000946,0.5567951202392578,0.5603556036949158,0.3539792132810008
1124,0.08873336017131805,0.9918863773345947,0.5552738308906555,0.5570141077041626,0.25647089229741926
1125,0.0992819294333458,0.9959431886672974,0.5608519315719604,0.567336916923523,0.33867671606743927
1126,0.07272189855575562,0.9929006099700928,0.568965494632721,0.5743779540061951,0.19835774152408425
1127,0.08915835618972778,0.9949289560317993,0.5786004066467285,0.57425856590271,0.2930964932743434
1128,0.08962064236402512,0.993914783000946,0.5725151896476746,0.5700220465660095,0.3197458166337514
1129,0.07014822959899902,0.9949289560317993,0.5669370889663696,0.5654872059822083,0.1364550087020969
1130,0.09982529282569885,0.993914783000946,0.5791074633598328,0.5732442140579224,0.7259345812619953
1131,0.09095903486013412,0.993914783000946,0.5851926803588867,0.5790918469429016,0.15156087230396317
1132,0.09349574148654938,0.993914783000946,0.5760648846626282,0.5768243670463562,0.5465333189456029
1133,0.08217380940914154,0.9959431886672974,0.568965494632721,0.5720508098602295,0.15817846100035032
1134,0.09412159770727158,0.993914783000946,0.56947261095047,0.5705590844154358,0.23970640694317183
1135,0.10487166047096252,0.993914783000946,0.5583164095878601,0.5632197260856628,0.8505446928737238
1136,0.10989230871200562,0.9949289560317993,0.5532454252243042,0.561310350894928,0.4086911083892332
1137,0.09663188457489014,0.9949289560317993,0.5542595982551575,0.5639954805374146,0.2651970488489825
1138,0.08302892744541168,0.993914783000946,0.5623732209205627,0.5642938017845154,0.3653759755678378
1139,0.10930903255939484,0.993914783000946,0.5679513216018677,0.5627424120903015,0.2743157793712342
1140,0.09827873110771179,0.9969573616981506,0.5664300322532654,0.5605943202972412,0.27685694746301576
1141,0.11746042966842651,0.9969573616981506,0.5654157996177673,0.563279390335083,0.7186085792479237
1142,0.10124519467353821,0.9959431886672974,0.5593306422233582,0.5638164281845093,0.3414376592257212
1143,0.0905267596244812,0.993914783000946,0.5659229159355164,0.5652484893798828,0.291913885828108
1144,0.10431689769029617,0.993914783000946,0.5578092932701111,0.564950168132782,0.22771208197181744
1145,0.11225011944770813,0.9929006099700928,0.5537525415420532,0.5577301383018494,0.39329044037980077
1146,0.10681166499853134,0.993914783000946,0.5583164095878601,0.5518229007720947,0.28683015841641907
1147,0.13937553763389587,0.993914783000946,0.5654157996177673,0.5589832067489624,0.32614677451172386
1148,0.09758719801902771,0.993914783000946,0.5730223059654236,0.5647711753845215,0.281030333240005
1149,0.1000610813498497,0.9918863773345947,0.5755577683448792,0.5718121528625488,0.2712610239105069
1150,0.09220176190137863,0.993914783000946,0.5735294222831726,0.5721701383590698,0.20322000916584673
1151,0.09224111586809158,0.9929006099700928,0.5745435953140259,0.5702010989189148,0.21151927322913305
1152,0.13955499231815338,0.993914783000946,0.5730223059654236,0.5730652213096619,0.5520886472013599
1153,0.09361658990383148,0.9949289560317993,0.5775861740112305,0.5749149322509766,0.2596162268256167
1154,0.11011654883623123,0.9949289560317993,0.5791074633598328,0.5727071762084961,0.4424406731323574
1155,0.08267154544591904,0.9918863773345947,0.5725151896476746,0.5682916641235352,0.16959613519553038
1156,0.12118785083293915,0.9949289560317993,0.5841785073280334,0.5814189314842224,0.36674379056337825
1157,0.10299525409936905,0.9929006099700928,0.5892494916915894,0.585715115070343,0.29535837020048794
1158,0.10312263667583466,0.993914783000946,0.5725151896476746,0.5768243670463562,0.3612035911480898
1159,0.10723024606704712,0.9918863773345947,0.5730223059654236,0.5712154507637024,0.5001078186382703
1160,0.09176980704069138,0.9908722043037415,0.5755577683448792,0.5741392374038696,0.27092703997872336
1161,0.09935837239027023,0.9888437986373901,0.5720080733299255,0.5738409161567688,0.16874235861679818
1162,0.1022360697388649,0.9908722043037415,0.5740364789962769,0.5691866874694824,0.3180690288770786
1163,0.09403020143508911,0.9949289560317993,0.5725151896476746,0.5635181069374084,0.2306963097752506
1164,0.09473258256912231,0.9969573616981506,0.5628803372383118,0.5623247027397156,0.2063753754725889
1165,0.10181549936532974,0.9969573616981506,0.5674442052841187,0.5657258629798889,0.259270745903401
1166,0.07786837220191956,0.9969573616981506,0.5740364789962769,0.5714541077613831,0.40026229864274576
1167,0.10080689936876297,0.9969573616981506,0.5730223059654236,0.5709767937660217,0.18772095492432522
1168,0.09352084249258041,0.9959431886672974,0.5704867839813232,0.5660839080810547,0.18943740277781435
1169,0.07931176573038101,0.9959431886672974,0.5740364789962769,0.5668596029281616,0.300543948954452
1170,0.09292178601026535,0.9969573616981506,0.5786004066467285,0.570260763168335,0.19629223560165415
1171,0.07708607614040375,0.9949289560317993,0.5831642746925354,0.5721104741096497,0.21482864253621695
1172,0.087470144033432,0.9959431886672974,0.5831642746925354,0.5722895264625549,0.22133938423674895
1173,0.09738542884588242,0.9979715943336487,0.5806288123130798,0.5700817108154297,0.21292006063626023
1174,0.09319447726011276,0.9969573616981506,0.5816429853439331,0.5689480304718018,0.239868862444486
1175,0.08826743811368942,0.9969573616981506,0.5796145796775818,0.569843053817749,0.5450124311883504
1176,0.0831654965877533,0.9979715943336487,0.5831642746925354,0.5720508098602295,0.16912113871052142
1177,0.08953893184661865,0.9969573616981506,0.5796145796775818,0.568589985370636,0.2641018607994378
1178,0.09288389980792999,0.9959431886672974,0.5760648846626282,0.5655468702316284,0.22919738050193647
1179,0.09068354219198227,0.9969573616981506,0.5826571583747864,0.5711557865142822,0.24643288819594544
1180,0.09704722464084625,0.9959431886672974,0.5877282023429871,0.5746762752532959,0.27180178779256703
1181,0.09958198666572571,0.9979715943336487,0.5841785073280334,0.5737215876579285,0.2599428398005965
1182,0.08253292739391327,0.9959431886672974,0.5775861740112305,0.566203236579895,0.1981607158366991
1183,0.0878089964389801,0.9979715943336487,0.5735294222831726,0.5667402744293213,0.19701763990259424
1184,0.0919114276766777,0.9969573616981506,0.5760648846626282,0.5710961222648621,0.3191074668712564
1185,0.08553300052881241,0.9949289560317993,0.5831642746925354,0.569843053817749,0.23521820208127078
1186,0.0989624410867691,0.9949289560317993,0.5826571583747864,0.5683513283729553,0.3657480319378234
1187,0.10494206100702286,0.9969573616981506,0.5811358690261841,0.5737215876579285,0.4291713424807466
1188,0.09272744506597519,0.9979715943336487,0.5765720009803772,0.5732442140579224,0.4841611386284775
1189,0.09681782126426697,0.9959431886672974,0.5725151896476746,0.5631600618362427,0.3208972186145327
1190,0.10540886968374252,0.9959431886672974,0.569979727268219,0.5568351149559021,0.35094934937684175
1191,0.09392564743757248,0.9949289560317993,0.568965494632721,0.5630407333374023,0.24223742427436543
1192,0.09376047551631927,0.9868153929710388,0.5745435953140259,0.5696640610694885,0.23236661138486714
1193,0.09991157799959183,0.9898579716682434,0.5755577683448792,0.5719911456108093,0.42081923168098223
1194,0.10448678582906723,0.9918863773345947,0.5730223059654236,0.568231999874115,0.19344807803033492
1195,0.0980883538722992,0.9918863773345947,0.56947261095047,0.5604749321937561,0.526437880165001
1196,0.113571897149086,0.9918863773345947,0.5674442052841187,0.5653678774833679,0.35759158426990173
1197,0.1003216952085495,0.9908722043037415,0.569979727268219,0.5703800916671753,0.21288746099179068
1198,0.09354633092880249,0.9908722043037415,0.5765720009803772,0.5716928243637085,0.26870268220599836
1199,0.09761267155408859,0.9898579716682434,0.5730223059654236,0.5680529475212097,0.23534330072776566
1200,0.1016901358962059,0.9908722043037415,0.5811358690261841,0.570618748664856,0.3401187701628371
1201,0.09524675458669662,0.9918863773345947,0.5831642746925354,0.5745569467544556,0.2518399741133473
1202,0.10579036921262741,0.9929006099700928,0.5851926803588867,0.5762873291969299,0.29720491278493794
1203,0.10393480956554413,0.9929006099700928,0.5831642746925354,0.5749149322509766,0.28970841806786746
1204,0.10045277327299118,0.993914783000946,0.5846855640411377,0.5684706568717957,0.3039610659271827
1205,0.08692195266485214,0.9959431886672974,0.5851926803588867,0.5758100152015686,0.44979011716993594
1206,0.08914346992969513,0.993914783000946,0.5811358690261841,0.5756906867027283,0.23374678528569787
1207,0.11648374795913696,0.9908722043037415,0.5775861740112305,0.5663822293281555,0.28716064719295015
1208,0.08757415413856506,0.9918863773345947,0.569979727268219,0.5644727945327759,0.21220942320760025
1209,0.12264528125524521,0.9949289560317993,0.5750507116317749,0.5664418935775757,0.4090737031417765
1210,0.10504525154829025,0.9908722043037415,0.5791074633598328,0.5715137720108032,0.22499668400612816
1211,0.10046948492527008,0.9969573616981506,0.5831642746925354,0.570618748664856,0.34944413523499346
1212,0.10142053663730621,0.9898579716682434,0.5791074633598328,0.5733038783073425,0.7459135127379879
1213,0.11841539293527603,0.9918863773345947,0.5750507116317749,0.568231999874115,0.39778789699812767
1214,0.1322421431541443,0.993914783000946,0.5775861740112305,0.563279390335083,0.3594711191428446
1215,0.11109410226345062,0.9949289560317993,0.5755577683448792,0.5655468702316284,0.21173889390507863
1216,0.10232490301132202,0.9959431886672974,0.5730223059654236,0.5696640610694885,0.25476842067521416
1217,0.09875089675188065,0.9929006099700928,0.5806288123130798,0.5734232068061829,0.735928449717996
1218,0.08861776441335678,0.9929006099700928,0.5816429853439331,0.5743779540061951,0.20993429138943362
1219,0.09323221445083618,0.9908722043037415,0.5826571583747864,0.5700817108154297,0.20956886356338766
1220,0.1100541427731514,0.9888437986373901,0.5725151896476746,0.5618473291397095,0.3368098139262149
1221,0.12164770811796188,0.9918863773345947,0.5735294222831726,0.5621457099914551,0.5302487165012494
1222,0.11500731110572815,0.9949289560317993,0.5775861740112305,0.5681126713752747,0.3511198234551506
1223,0.08876378834247589,0.9949289560317993,0.5796145796775818,0.5715137720108032,0.17381768129541186
1224,0.09790737926959991,0.9949289560317993,0.5801216959953308,0.5709171295166016,0.2598029774810093
1225,0.09785052388906479,0.9908722043037415,0.5709939002990723,0.568231999874115,0.36201172057627923
1226,0.12608692049980164,0.9959431886672974,0.5786004066467285,0.5721104741096497,0.7195256366753282
1227,0.10161039233207703,0.9979715943336487,0.5684583783149719,0.5696640610694885,0.26664602718665853
1228,0.10058867186307907,0.9959431886672974,0.5654157996177673,0.5647711753845215,0.3451456164996271
1229,0.10002174973487854,0.9949289560317993,0.5679513216018677,0.5658451914787292,0.5171845913288435
1230,0.11049126088619232,0.9959431886672974,0.563387393951416,0.5625633597373962,0.21783389295904093
1231,0.11182241141796112,0.9949289560317993,0.5623732209205627,0.566978931427002,0.36919865656371825
1232,0.11498967558145523,0.9969573616981506,0.5613589882850647,0.5705590844154358,0.5555301760997313
1233,0.11634351313114166,0.9918863773345947,0.5796145796775818,0.5790321230888367,0.34238816609230793
1234,0.13523611426353455,0.9949289560317993,0.5801216959953308,0.5750343203544617,0.43755342236562583
1235,0.09329888969659805,0.9949289560317993,0.5816429853439331,0.5722298622131348,0.2026208534944122
1236,0.11588245630264282,0.9929006099700928,0.58620685338974,0.5796288251876831,0.35557407334051294
1237,0.13316279649734497,0.9878295660018921,0.586713969707489,0.580046534538269,0.3377104436689447
1238,0.1124902218580246,0.9929006099700928,0.5806288123130798,0.5719314813613892,0.33862015995891637
1239,0.11110000312328339,0.9929006099700928,0.5806288123130798,0.5691866874694824,0.2828567924777793
1240,0.10950326174497604,0.993914783000946,0.5725151896476746,0.569485068321228,0.23165936429799766
1241,0.0986466333270073,0.9969573616981506,0.5659229159355164,0.5633987784385681,0.21229344599811587
1242,0.1156582459807396,0.9959431886672974,0.5537525415420532,0.5561190843582153,0.22630473985048982
1243,0.11067311465740204,0.9929006099700928,0.5588235259056091,0.5586848855018616,0.2780522239779614
1244,0.10784608125686646,0.9929006099700928,0.569979727268219,0.5683513283729553,0.4310861634577798
1245,0.09064877033233643,0.993914783000946,0.5760648846626282,0.5724088549613953,0.21834672242272563
1246,0.0898747444152832,0.993914783000946,0.569979727268219,0.5743182897567749,0.17711011814686925
1247,0.11115540564060211,0.9949289560317993,0.568965494632721,0.5715137720108032,0.30134190412654105
1248,0.11272522062063217,0.993914783000946,0.5735294222831726,0.5796884894371033,0.31117517221091295
1249,0.09670408815145493,0.9908722043037415,0.5735294222831726,0.5803448557853699,0.258417512119486
1250,0.10957842320203781,0.993914783000946,0.5720080733299255,0.5758100152015686,0.24533492734790746
1251,0.09761455655097961,0.9949289560317993,0.569979727268219,0.5703204274177551,0.30333067484394743
1252,0.1022949367761612,0.9949289560317993,0.5704867839813232,0.5741989016532898,0.24619153922090864
1253,0.09341678768396378,0.9949289560317993,0.5765720009803772,0.5785548090934753,0.1970324426557189
1254,0.10383205860853195,0.9969573616981506,0.5780932903289795,0.5779581069946289,0.19079878658107458
1255,0.10341019928455353,0.9969573616981506,0.5735294222831726,0.571871817111969,0.20428488605013556
1256,0.10246890038251877,0.9969573616981506,0.5780932903289795,0.5697833895683289,0.3158678287318856
1257,0.10171813517808914,0.9949289560317993,0.5750507116317749,0.5680529475212097,0.19978389592962714
1258,0.09739991277456284,0.9969573616981506,0.5715010166168213,0.5711557865142822,0.24059138012501383
1259,0.0972292497754097,0.9959431886672974,0.5654157996177673,0.5650098323822021,0.28272422070999015
1260,0.06811589747667313,0.9949289560317993,0.5573022365570068,0.5568351149559021,0.2120755722180703
1261,0.08214632421731949,0.9949289560317993,0.5547667145729065,0.5593412518501282,0.2586512398655102
1262,0.09479384869337082,0.9959431886672974,0.5649086833000183,0.5712154507637024,0.30195480190522045
1263,0.09965089708566666,0.9949289560317993,0.5770791172981262,0.5725281834602356,0.2575515455283372
1264,0.09218233078718185,0.9959431886672974,0.568965494632721,0.5652484893798828,0.26669326281710753
1265,0.0753469169139862,0.9908722043037415,0.5679513216018677,0.5609523057937622,0.36729467572302976
1266,0.08241716772317886,0.9888437986373901,0.569979727268219,0.571871817111969,0.8639722616421555
1267,0.11610274016857147,0.9878295660018921,0.5659229159355164,0.5691270232200623,0.3903399325464456
1268,0.10745460540056229,0.993914783000946,0.5623732209205627,0.5628617405891418,0.38201590100358124
1269,0.10250860452651978,0.9878295660018921,0.5476673245429993,0.5469300150871277,0.5014653818892733
1270,0.10195549577474594,0.9847869873046875,0.5471602082252502,0.5506294965744019,0.30360910618435927
1271,0.11857278645038605,0.9837728142738342,0.5628803372383118,0.5644727945327759,0.38632616160971284
1272,0.1173672303557396,0.9817444086074829,0.5684583783149719,0.5781967639923096,0.2845927831658576
1273,0.11293090134859085,0.9878295660018921,0.5679513216018677,0.5758696794509888,0.2546357667749754
1274,0.08967231959104538,0.9918863773345947,0.5552738308906555,0.5667402744293213,0.21735146848740605
1275,0.11395752429962158,0.9888437986373901,0.5512170195579529,0.5607733130455017,0.26270911124997876
1276,0.10680301487445831,0.9929006099700928,0.5496957302093506,0.565308153629303,0.467472806405
1277,0.10446477681398392,0.993914783000946,0.5623732209205627,0.5686496496200562,0.2518128652529532
1278,0.09461648762226105,0.993914783000946,0.5527383089065552,0.5639357566833496,0.32285066685249714
1279,0.08024845272302628,0.9908722043037415,0.5451318621635437,0.5533146262168884,0.1619675579968176
1280,0.09495510160923004,0.9929006099700928,0.5431034564971924,0.5508681535720825,0.38871856766578167
1281,0.0992092415690422,0.9949289560317993,0.5522312521934509,0.5540306568145752,0.41999390041267887
1282,0.0822838768362999,0.9918863773345947,0.5573022365570068,0.5621457099914551,0.1924008393941917
1283,0.0797865092754364,0.9929006099700928,0.5583164095878601,0.563279390335083,0.2037170019695092
1284,0.08278664946556091,0.9969573616981506,0.5588235259056091,0.5639954805374146,0.1809844546270018
1285,0.0940830335021019,0.9959431886672974,0.5608519315719604,0.5617876648902893,0.24937970656099767
1286,0.07867840677499771,0.993914783000946,0.5557809472084045,0.5618473291397095,0.18390092663088783
1287,0.0720612183213234,0.993914783000946,0.5644016265869141,0.5679932832717896,0.22405031721980384
1288,0.09720458835363388,0.993914783000946,0.5684583783149719,0.5710364580154419,0.3067990779838588
1289,0.08668405562639236,0.9959431886672974,0.5674442052841187,0.5706784129142761,0.17220099236424022
1290,0.08199403434991837,0.9969573616981506,0.563387393951416,0.5676352977752686,0.22955919005601907
1291,0.0733286514878273,0.9959431886672974,0.5593306422233582,0.5635181069374084,0.1741973102967115
1292,0.08641243726015091,0.9949289560317993,0.5562880039215088,0.5644131302833557,0.1520829371713202
1293,0.08234269171953201,0.9959431886672974,0.5593306422233582,0.566978931427002,0.21118267068909313
1294,0.08134687691926956,0.993914783000946,0.5628803372383118,0.5658451914787292,1.0272271442473697
1295,0.07310567796230316,0.993914783000946,0.5628803372383118,0.5659048557281494,0.20497646196118763
1296,0.09244748950004578,0.993914783000946,0.5608519315719604,0.5671579241752625,0.24392870970651623
1297,0.0959388017654419,0.9929006099700928,0.5664300322532654,0.5725878477096558,0.3226161855725788
1298,0.0795341357588768,0.993914783000946,0.5664300322532654,0.5744972825050354,0.2554878751279312
1299,0.09962448477745056,0.9918863773345947,0.568965494632721,0.5777194499969482,0.2203451452948141
1300,0.09249678254127502,0.9929006099700928,0.5659229159355164,0.5773614048957825,0.2151723142519479
1301,0.0931939035654068,0.993914783000946,0.5618661046028137,0.5700817108154297,0.4611741960032646
1302,0.09168075770139694,0.9898579716682434,0.5593306422233582,0.5602362751960754,0.24610978010348245
1303,0.12268626689910889,0.9908722043037415,0.5567951202392578,0.5554627180099487,0.4528684989864591
1304,0.14125807583332062,0.9929006099700928,0.5598376989364624,0.5610716342926025,0.41467720638557076
1305,0.08818298578262329,0.993914783000946,0.5598376989364624,0.5653678774833679,0.22822406546907767
1306,0.10977578908205032,0.9969573616981506,0.5598376989364624,0.5577301383018494,0.279390307029047
1307,0.10558981448411942,0.9929006099700928,0.5502028465270996,0.5472283363342285,0.2904990206673803
1308,0.10444667190313339,0.993914783000946,0.5593306422233582,0.557610809803009,0.3465470289713815
1309,0.08812659233808517,0.993914783000946,0.5659229159355164,0.5691270232200623,0.23601555300968471
1310,0.11745896935462952,0.993914783000946,0.5628803372383118,0.5667999386787415,0.36663722606839616
1311,0.08777694404125214,0.9918863773345947,0.5613589882850647,0.5586252212524414,0.38261053707384785
1312,0.12144437432289124,0.9898579716682434,0.5679513216018677,0.5670982599258423,0.45373227924307374
1313,0.09469988197088242,0.9898579716682434,0.568965494632721,0.5711557865142822,0.26833216438927576
1314,0.10555850714445114,0.9908722043037415,0.5659229159355164,0.5565964579582214,0.4186159816198882
1315,0.12080392241477966,0.9908722043037415,0.5725151896476746,0.5589235424995422,0.3788964085002712
1316,0.09274285286664963,0.9929006099700928,0.5730223059654236,0.5685303211212158,0.262162721345255
1317,0.11358845233917236,0.9898579716682434,0.5765720009803772,0.5710364580154419,0.19492841819616136
1318,0.11110876500606537,0.9898579716682434,0.5704867839813232,0.5666805505752563,0.295539633374813
1319,0.09575459361076355,0.9929006099700928,0.5704867839813232,0.5650694966316223,0.1998097336088601
1320,0.12318935990333557,0.9949289560317993,0.56947261095047,0.5636374354362488,0.21097870784399986
1321,0.09599239379167557,0.9949289560317993,0.569979727268219,0.5623843669891357,0.2170314079977203
1322,0.09295696020126343,0.9949289560317993,0.5659229159355164,0.5670982599258423,0.3043632267254269
1323,0.0853746086359024,0.9908722043037415,0.5709939002990723,0.5710961222648621,0.2111678219041583
1324,0.08756152540445328,0.993914783000946,0.5649086833000183,0.5683513283729553,0.33614853385235216
1325,0.10547798871994019,0.9908722043037415,0.5618661046028137,0.5568351149559021,0.8291382563200392
1326,0.10899723321199417,0.993914783000946,0.56947261095047,0.5643534660339355,0.3983741406942123
1327,0.08790858089923859,0.9898579716682434,0.5775861740112305,0.5749149322509766,0.28734336267819743
1328,0.09908726811408997,0.9847869873046875,0.5811358690261841,0.5774807333946228,0.26239683295668104
1329,0.11488097906112671,0.9918863773345947,0.5750507116317749,0.5670385956764221,0.4759645871637185
1330,0.0962175726890564,0.9898579716682434,0.5598376989364624,0.5579688549041748,0.20814175994894255
1331,0.10609689354896545,0.9929006099700928,0.5593306422233582,0.5549256801605225,0.33341578955637824
1332,0.10051874071359634,0.9959431886672974,0.569979727268219,0.5611909627914429,0.27143488739159594
1333,0.09416224807500839,0.9918863773345947,0.5709939002990723,0.5674563050270081,0.26407348737305275
1334,0.10285578668117523,0.9908722043037415,0.5679513216018677,0.5608329772949219,0.3106761860098566
1335,0.08869258314371109,0.9929006099700928,0.5679513216018677,0.5560594201087952,0.29900464082847544
1336,0.12857326865196228,0.9949289560317993,0.5704867839813232,0.5588638782501221,0.40475418218370557
1337,0.08572373539209366,0.9908722043037415,0.563894510269165,0.559639573097229,0.1881950873042036
1338,0.10131686180830002,0.9918863773345947,0.5659229159355164,0.558028519153595,0.35103156412383735
1339,0.09755542874336243,0.9929006099700928,0.5669370889663696,0.5574914813041687,0.2911028718091049
1340,0.09733083099126816,0.9959431886672974,0.5608519315719604,0.5648308396339417,0.246117937779171
1341,0.08678078651428223,0.9959431886672974,0.5654157996177673,0.5679336190223694,0.39019022614397036
1342,0.08555353432893753,0.993914783000946,0.5588235259056091,0.5650694966316223,0.20843086823174353
1343,0.10872990638017654,0.9918863773345947,0.5517241358757019,0.5590428709983826,0.33746107649254137
1344,0.09501361846923828,0.9949289560317993,0.5547667145729065,0.5614296793937683,0.2146671907399621
1345,0.08694735169410706,0.9949289560317993,0.563894510269165,0.566561222076416,0.32057583843166637
1346,0.09640436619520187,0.9959431886672974,0.5598376989364624,0.5629810690879822,0.36593311129462125
1347,0.07691577821969986,0.9959431886672974,0.5578092932701111,0.5605943202972412,0.23157835752091335
1348,0.0994885042309761,0.9959431886672974,0.5588235259056091,0.5558207631111145,0.3717864702150129
1349,0.08646158874034882,0.9949289560317993,0.5674442052841187,0.5567157864570618,0.21596453040398253
1350,0.08037633448839188,0.9949289560317993,0.5649086833000183,0.559639573097229,0.2508618009447965
1351,0.0784001350402832,0.9949289560317993,0.569979727268219,0.563697099685669,0.33935478618514137
1352,0.09673027694225311,0.9959431886672974,0.5588235259056091,0.5639954805374146,0.3162073986653004
1353,0.11024007946252823,0.9969573616981506,0.5603448152542114,0.5671579241752625,0.4016294861700106
1354,0.11913938820362091,0.993914783000946,0.5603448152542114,0.5731845498085022,0.4043361024870067
1355,0.10006540268659592,0.9949289560317993,0.5583164095878601,0.5666208863258362,0.27047937260959753
1356,0.11263242363929749,0.9918863773345947,0.5547667145729065,0.5582075119018555,0.8953965155405366
1357,0.09609650820493698,0.9929006099700928,0.5527383089065552,0.5553433895111084,0.3904702177393559
1358,0.1415371596813202,0.9898579716682434,0.5618661046028137,0.5626827478408813,0.4505169620588017
1359,0.11934605985879898,0.9918863773345947,0.5598376989364624,0.5642341375350952,0.39616658909590646
1360,0.10081665962934494,0.9929006099700928,0.563894510269165,0.5622650384902954,0.23302238991814134
1361,0.09531562030315399,0.9868153929710388,0.5608519315719604,0.5571931600570679,0.2473258134329685
1362,0.1087850034236908,0.9878295660018921,0.5623732209205627,0.5601766109466553,0.26067569664057644
1363,0.12809745967388153,0.9898579716682434,0.569979727268219,0.5691866874694824,0.41858694501894467
1364,0.10448294878005981,0.9868153929710388,0.5720080733299255,0.5743182897567749,0.31197498710285976
1365,0.10983236134052277,0.9898579716682434,0.569979727268219,0.5677546262741089,0.45190867525139655
1366,0.10776091367006302,0.9847869873046875,0.56947261095047,0.5612506866455078,0.22645573006053654
1367,0.12698161602020264,0.9908722043037415,0.5765720009803772,0.5677546262741089,0.4760503294878404
1368,0.0973130539059639,0.9908722043037415,0.5806288123130798,0.5699623823165894,0.34059171996858123
1369,0.13175040483474731,0.9929006099700928,0.5720080733299255,0.564950168132782,0.45402667170063943
1370,0.10864091664552689,0.9908722043037415,0.5674442052841187,0.5549256801605225,0.28078958961946915
1371,0.10492180287837982,0.9898579716682434,0.563387393951416,0.5571334958076477,0.3524998307607738
1372,0.11619143933057785,0.9908722043037415,0.5623732209205627,0.5703800916671753,0.533971050283364
1373,0.11134562641382217,0.9858012199401855,0.563387393951416,0.573482871055603,0.3046121012547896
1374,0.12081033736467361,0.9949289560317993,0.5715010166168213,0.5714541077613831,0.3914262046662455
1375,0.1006956547498703,0.9868153929710388,0.5608519315719604,0.5620263814926147,0.2451404448534441
1376,0.13283687829971313,0.9929006099700928,0.5644016265869141,0.5685303211212158,0.5186963954388321
1377,0.10056023299694061,0.9929006099700928,0.5674442052841187,0.5727071762084961,0.4114724890643861
1378,0.1223202794790268,0.9949289560317993,0.5659229159355164,0.5660839080810547,0.5276521035853308
1379,0.11750194430351257,0.9959431886672974,0.5567951202392578,0.5585655570030212,0.3171663670434512
1380,0.09954195469617844,0.9929006099700928,0.5562880039215088,0.5570141077041626,0.3377097891754942
1381,0.11253516376018524,0.9929006099700928,0.5623732209205627,0.5593412518501282,0.45486382638288175
1382,0.0883345678448677,0.9929006099700928,0.5623732209205627,0.5684109926223755,0.2731792102331177
1383,0.0846044272184372,0.9929006099700928,0.568965494632721,0.573124885559082,0.18957494031350924
1384,0.09495744854211807,0.993914783000946,0.5750507116317749,0.57425856590271,0.16185425119487423
1385,0.09459579735994339,0.9949289560317993,0.5725151896476746,0.573482871055603,0.24138069513053798
1386,0.13888691365718842,0.993914783000946,0.5618661046028137,0.5699623823165894,0.40628836155083764
1387,0.10684498399496078,0.9929006099700928,0.5608519315719604,0.5707380771636963,0.2657831661534657
1388,0.08667746186256409,0.9949289560317993,0.5654157996177673,0.5706784129142761,0.3740867247307544
1389,0.09469779580831528,0.9979715943336487,0.5603448152542114,0.5680529475212097,0.31396405628187074
1390,0.08684492856264114,0.998985767364502,0.563387393951416,0.5673965811729431,0.17182655165564245
1391,0.09394022077322006,0.998985767364502,0.5603448152542114,0.5660241842269897,0.34480906495833846
1392,0.08546338230371475,0.993914783000946,0.5593306422233582,0.5666805505752563,0.23168261331264361
1393,0.0931895300745964,0.993914783000946,0.5709939002990723,0.5719314813613892,0.3444397392531534
1394,0.09195065498352051,0.9949289560317993,0.5720080733299255,0.5737215876579285,0.282379633282615
1395,0.0933416560292244,0.9949289560317993,0.568965494632721,0.5743182897567749,0.18689920535614013
1396,0.10031718760728836,0.9949289560317993,0.5654157996177673,0.5734232068061829,0.18944077220678948
1397,0.09195790439844131,0.9959431886672974,0.5623732209205627,0.573124885559082,0.2030816599071849
1398,0.08853013068437576,0.9959431886672974,0.5623732209205627,0.5727071762084961,0.19346976578484867
1399,0.09008024632930756,0.9949289560317993,0.5654157996177673,0.5725878477096558,0.6066739117833562
1400,0.09628861397504807,0.993914783000946,0.563894510269165,0.5692463517189026,0.26661766215917626
1401,0.09296569973230362,0.9949289560317993,0.568965494632721,0.5702010989189148,0.24743032691759256
1402,0.0891084223985672,0.993914783000946,0.5684583783149719,0.5693656802177429,0.22909359669507437
1403,0.09047344326972961,0.9969573616981506,0.5730223059654236,0.5672772526741028,0.22477505526451066
1404,0.08255615085363388,0.9969573616981506,0.569979727268219,0.5672772526741028,0.2779700537893142
1405,0.08365011215209961,0.9959431886672974,0.5649086833000183,0.5675756335258484,0.2392373366073442
1406,0.09284689277410507,0.9929006099700928,0.5628803372383118,0.5691866874694824,0.37364848970668085
1407,0.08738799393177032,0.993914783000946,0.5598376989364624,0.5655468702316284,0.25731315380623127
1408,0.0900062546133995,0.993914783000946,0.5578092932701111,0.5641148090362549,0.20858509229425595
1409,0.087358258664608,0.998985767364502,0.5567951202392578,0.5692463517189026,0.23532820905782484
1410,0.08733468502759933,0.9979715943336487,0.5583164095878601,0.5712154507637024,0.23299509676434052
1411,0.0822857916355133,0.9969573616981506,0.5583164095878601,0.5691270232200623,0.31016465835988216
1412,0.09111884236335754,0.9969573616981506,0.5628803372383118,0.569843053817749,0.24114959341325065
1413,0.08266653120517731,0.9969573616981506,0.563894510269165,0.5732442140579224,0.5014804093892709
1414,0.08401806652545929,0.9959431886672974,0.5644016265869141,0.5719314813613892,0.3492372336313522
1415,0.07783208042383194,0.9949289560317993,0.5542595982551575,0.5699027180671692,0.2826516112061805
1416,0.10978566855192184,0.993914783000946,0.5425963401794434,0.5553433895111084,0.43426174597209016
1417,0.08658545464277267,0.993914783000946,0.5380324125289917,0.550331175327301,0.22176161808733558
1418,0.08000954240560532,0.993914783000946,0.5390466451644897,0.5494957566261292,0.36701504501216564
1419,0.11028637737035751,0.9969573616981506,0.5476673245429993,0.5574914813041687,0.31938972477231353
1420,0.07539031654596329,0.9979715943336487,0.5567951202392578,0.5670385956764221,0.2167630112284996
1421,0.1114535853266716,0.9969573616981506,0.5588235259056091,0.5687689781188965,0.3010066708007324
1422,0.09146201610565186,0.9969573616981506,0.5583164095878601,0.5685303211212158,0.21627525640897738
1423,0.09615951031446457,0.9959431886672974,0.563387393951416,0.5659645199775696,0.23942755749432623
1424,0.09384138882160187,0.9959431886672974,0.5740364789962769,0.576406717300415,0.3098336148856702
1425,0.09527197480201721,0.9969573616981506,0.5786004066467285,0.5773017406463623,0.26422562535437244
1426,0.07967425882816315,0.9979715943336487,0.569979727268219,0.5706784129142761,0.23362465356721243
1427,0.08178865909576416,0.9959431886672974,0.5613589882850647,0.5631003975868225,0.270636595235325
1428,0.086724653840065,0.9959431886672974,0.5578092932701111,0.5581478476524353,0.2589440585757272
1429,0.08677124232053757,0.9959431886672974,0.5573022365570068,0.5628020763397217,0.1808003801760088
1430,0.08272749930620193,0.9959431886672974,0.5573022365570068,0.5585058927536011,0.2623099734878046
1431,0.07967045903205872,0.9959431886672974,0.5583164095878601,0.5554030537605286,0.2407616023169104
1432,0.08865682780742645,0.9949289560317993,0.5603448152542114,0.5590428709983826,0.2636434013448585
1433,0.06652109324932098,0.9959431886672974,0.568965494632721,0.5675756335258484,0.16989193933441213
1434,0.08721323311328888,0.9949289560317993,0.5755577683448792,0.5725878477096558,0.19041171822076072
1435,0.08761411160230637,0.9959431886672974,0.5755577683448792,0.5713347792625427,0.19254824735637793
1436,0.08856689184904099,0.9949289560317993,0.5775861740112305,0.5661435723304749,0.18706260095676697
1437,0.07953773438930511,0.9969573616981506,0.56947261095047,0.5651291608810425,0.24779987210237925
1438,0.07346207648515701,0.9979715943336487,0.5649086833000183,0.5663822293281555,0.14968373662685186
1439,0.05784425884485245,0.9979715943336487,0.5613589882850647,0.5644131302833557,0.10082157685264972
1440,0.06656363606452942,0.9969573616981506,0.5608519315719604,0.5650098323822021,0.186452814802389
1441,0.07546974718570709,0.9969573616981506,0.5654157996177673,0.5629810690879822,0.17694624075420234
1442,0.06937854737043381,0.9979715943336487,0.5573022365570068,0.5555820465087891,0.27158598879066875
1443,0.07425879687070847,0.9979715943336487,0.5562880039215088,0.5545080304145813,0.20231815122294253
1444,0.0659007579088211,0.9969573616981506,0.5603448152542114,0.5669192671775818,0.28272760136547065
1445,0.07473687082529068,0.9969573616981506,0.5659229159355164,0.5713944435119629,0.23347995155568285
1446,0.05990748479962349,0.9969573616981506,0.5659229159355164,0.5621457099914551,0.25284368742591984
1447,0.06293277442455292,0.9969573616981506,0.5679513216018677,0.5638164281845093,0.1886030799031567
1448,0.06664963811635971,0.9969573616981506,0.568965494632721,0.5703204274177551,0.21440791915345425
1449,0.06076723709702492,0.9969573616981506,0.5715010166168213,0.5728265047073364,0.15000151895474742
1450,0.07031609117984772,0.9979715943336487,0.5679513216018677,0.5711557865142822,0.17965911618870734
1451,0.07220353931188583,0.9969573616981506,0.563387393951416,0.5656661987304688,0.15184599899445858
1452,0.060336820781230927,0.9959431886672974,0.5593306422233582,0.5648905038833618,0.10089412529015933
1453,0.06983718276023865,0.9979715943336487,0.568965494632721,0.5700817108154297,0.28704340832511976
1454,0.07577752321958542,0.9979715943336487,0.5725151896476746,0.5712154507637024,0.21074809109484163
1455,0.08310899138450623,0.998985767364502,0.5730223059654236,0.5691270232200623,0.46622100936822014
1456,0.0630294531583786,0.9979715943336487,0.5623732209205627,0.5657258629798889,0.5426639973428401
1457,0.06017567217350006,0.9979715943336487,0.56947261095047,0.5688883662223816,0.14940086818101236
1458,0.07064764201641083,0.9959431886672974,0.5715010166168213,0.5699027180671692,0.1856769761888263
1459,0.08507368713617325,0.9969573616981506,0.5669370889663696,0.5622053742408752,0.25077655360559997
1460,0.07850661128759384,0.9969573616981506,0.5588235259056091,0.5531952977180481,0.2392080797767437
1461,0.07064985483884811,0.9979715943336487,0.5649086833000183,0.5578495264053345,0.21487461203365638
1462,0.09299886971712112,0.998985767364502,0.5679513216018677,0.5642341375350952,0.33468215134417284
1463,0.06466960161924362,0.998985767364502,0.5720080733299255,0.5660241842269897,0.25715158947912087
1464,0.07779492437839508,0.9979715943336487,0.5674442052841187,0.5635181069374084,0.2918294254310521
1465,0.06969035416841507,0.9969573616981506,0.5715010166168213,0.5615490078926086,0.23664731427528538
1466,0.0776781514286995,0.9949289560317993,0.5709939002990723,0.5605345964431763,0.23486575619290026
1467,0.0830974355340004,0.993914783000946,0.5649086833000183,0.559281587600708,0.18313045313380913
1468,0.07217495143413544,0.993914783000946,0.5608519315719604,0.5558804273605347,0.3139888168391409
1469,0.07270640134811401,0.9979715943336487,0.5669370889663696,0.5522405505180359,0.2627059131883253
1470,0.06958175450563431,0.9969573616981506,0.5608519315719604,0.5525389313697815,0.4010781990104123
1471,0.07488438487052917,0.9959431886672974,0.563387393951416,0.558028519153595,0.2875198855685204
1472,0.08202145248651505,0.9969573616981506,0.5649086833000183,0.5573124885559082,0.6179664201207093
1473,0.08343018591403961,0.9969573616981506,0.563387393951416,0.5540903210639954,0.45958742167439603
1474,0.06487973779439926,0.9969573616981506,0.5628803372383118,0.554388701915741,0.15907081008051557
1475,0.10529491305351257,0.9949289560317993,0.563387393951416,0.5529565811157227,0.4231002596659005
1476,0.09842216223478317,0.993914783000946,0.568965494632721,0.5630407333374023,0.3541800806055854
1477,0.08917796611785889,0.9949289560317993,0.569979727268219,0.5650098323822021,0.33952526413259787
1478,0.10337377339601517,0.9918863773345947,0.568965494632721,0.557252824306488,0.44486218398018934
1479,0.10854677110910416,0.9888437986373901,0.5796145796775818,0.5697833895683289,0.6628627081654138
1480,0.12088502198457718,0.9898579716682434,0.5775861740112305,0.5648905038833618,0.32458903301439324
1481,0.10704106837511063,0.9959431886672974,0.5709939002990723,0.5576704740524292,0.3231337500607376
1482,0.0912616178393364,0.993914783000946,0.568965494632721,0.5600572824478149,0.5776155389624815
1483,0.11872230470180511,0.9929006099700928,0.5755577683448792,0.5671579241752625,0.32697450192772465
1484,0.10759226977825165,0.9929006099700928,0.5846855640411377,0.5724088549613953,0.3106957872746256
1485,0.0920131579041481,0.9929006099700928,0.5851926803588867,0.5725281834602356,0.31069897580778283
1486,0.11837469786405563,0.993914783000946,0.5801216959953308,0.567814290523529,0.2834541690013206
1487,0.10649492591619492,0.9929006099700928,0.5715010166168213,0.5645921230316162,0.2527996908183434
1488,0.095979705452919,0.9949289560317993,0.5715010166168213,0.5682916641235352,0.34504538353441294
1489,0.0994432270526886,0.9949289560317993,0.5745435953140259,0.5712751150131226,0.29179423158198015
1490,0.09670630842447281,0.993914783000946,0.5801216959953308,0.5726475119590759,0.31040821882435154
1491,0.09991732239723206,0.9949289560317993,0.5775861740112305,0.5684109926223755,0.5306941298084373
1492,0.11335856467485428,0.9918863773345947,0.5608519315719604,0.5623843669891357,0.2631482210478785
1493,0.10133642703294754,0.993914783000946,0.5659229159355164,0.5670385956764221,0.34770850672620807
1494,0.12838876247406006,0.993914783000946,0.5801216959953308,0.5638164281845093,0.4573997612463787
1495,0.1089126393198967,0.993914783000946,0.569979727268219,0.557252824306488,0.4610620329942212
1496,0.10371857136487961,0.9949289560317993,0.5704867839813232,0.5532549619674683,0.2684259979140324
1497,0.11595027893781662,0.9949289560317993,0.5735294222831726,0.5548063516616821,0.4377708004818199
1498,0.0921974703669548,0.9969573616981506,0.5791074633598328,0.563339114189148,0.2913611126108919
1499,0.09271546453237534,0.9918863773345947,0.5801216959953308,0.5617876648902893,0.3141978803707861
1500,0.11006557941436768,0.9898579716682434,0.563387393951416,0.547407329082489,0.4367975514028731
1501,0.1102047935128212,0.9868153929710388,0.5760648846626282,0.563339114189148,2.647381887748897
1502,0.12982264161109924,0.9797160029411316,0.5775861740112305,0.5696043968200684,0.40358837654353086
1503,0.13599728047847748,0.9776875972747803,0.5730223059654236,0.5578495264053345,0.47156578983473973
1504,0.1497592329978943,0.9868153929710388,0.5684583783149719,0.5602362751960754,0.5011426389715459
1505,0.12870308756828308,0.9918863773345947,0.5760648846626282,0.569843053817749,0.5017458891298532
1506,0.1371505707502365,0.9929006099700928,0.5851926803588867,0.5746166110038757,0.3105477698533716
1507,0.132253959774971,0.9868153929710388,0.5912778973579407,0.5743779540061951,0.465496616952141
1508,0.15760280191898346,0.9868153929710388,0.586713969707489,0.5737215876579285,0.33860662020797216
1509,0.16544100642204285,0.9847869873046875,0.5917849540710449,0.5752729773521423,0.4001487562820674
1510,0.147735595703125,0.9827585816383362,0.5836713910102844,0.5747956037521362,0.39648090925724394
1511,0.14348840713500977,0.9827585816383362,0.5801216959953308,0.5768840312957764,0.36461917108444025
1512,0.13918650150299072,0.9847869873046875,0.5786004066467285,0.5744972825050354,0.23741253403285284
1513,0.1296359747648239,0.9858012199401855,0.5760648846626282,0.571871817111969,0.28656915780617365
1514,0.15507209300994873,0.9908722043037415,0.5715010166168213,0.5696640610694885,0.25312786822629263
1515,0.11560094356536865,0.9929006099700928,0.5715010166168213,0.5667402744293213,0.24213060391304952
1516,0.11764699220657349,0.9929006099700928,0.5740364789962769,0.567814290523529,0.20755952060607943
1517,0.13549204170703888,0.9929006099700928,0.5811358690261841,0.5741989016532898,0.2369945232656368
1518,0.11937259137630463,0.9918863773345947,0.5816429853439331,0.5801658630371094,0.272845157433321
1519,0.14695878326892853,0.9929006099700928,0.5765720009803772,0.576406717300415,0.35926777807642674
1520,0.11084303259849548,0.9868153929710388,0.5644016265869141,0.5709171295166016,0.18927888811414278
1521,0.1169658899307251,0.9929006099700928,0.5725151896476746,0.5769436955451965,0.3890509833591977
1522,0.11362872272729874,0.9888437986373901,0.5796145796775818,0.5848200917243958,0.26795909586782074
1523,0.13055063784122467,0.9868153929710388,0.5897565484046936,0.586132824420929,0.32986049362267805
1524,0.11532114446163177,0.9908722043037415,0.5816429853439331,0.5802255272865295,0.31498359754045335
1525,0.11319661140441895,0.9908722043037415,0.5730223059654236,0.5728861689567566,0.3014921322554801
1526,0.12708009779453278,0.9888437986373901,0.5780932903289795,0.5781967639923096,0.3519395860639022
1527,0.11363859474658966,0.9858012199401855,0.5897565484046936,0.5843427181243896,0.23560058481841173
1528,0.11351826786994934,0.9847869873046875,0.5882352590560913,0.5851780772209167,0.24857646726688895
1529,0.12541592121124268,0.9888437986373901,0.5877282023429871,0.5824929475784302,0.25592604656422663
1530,0.10552744567394257,0.9918863773345947,0.5760648846626282,0.5730652213096619,0.2841175276512876
1531,0.08911187201738358,0.9908722043037415,0.5664300322532654,0.5654872059822083,0.12574482915598068
1532,0.10421715676784515,0.9929006099700928,0.5684583783149719,0.5635777711868286,0.19352856028649462
1533,0.10169987380504608,0.9929006099700928,0.56947261095047,0.5676352977752686,0.28731109847241965
1534,0.10186474770307541,0.9918863773345947,0.5755577683448792,0.575511634349823,0.2978136187588776
1535,0.08686178177595139,0.9898579716682434,0.5791074633598328,0.5779581069946289,0.33295585870058425
1536,0.10143495351076126,0.9908722043037415,0.5821501016616821,0.5783160924911499,0.2814829407127933
1537,0.10001131892204285,0.9918863773345947,0.5892494916915894,0.5798078775405884,0.24417742112162344
1538,0.10820475965738297,0.993914783000946,0.5841785073280334,0.5783757567405701,0.22558519861734777
1539,0.10579019784927368,0.9929006099700928,0.5836713910102844,0.5811802744865417,0.25832409552940727
1540,0.10192651301622391,0.9929006099700928,0.5811358690261841,0.5835073590278625,0.32491957376991354
1541,0.10185345262289047,0.9929006099700928,0.5816429853439331,0.582850992679596,0.33364670697272397
1542,0.0892903134226799,0.9929006099700928,0.5735294222831726,0.577182412147522,0.20628117259728687
1543,0.08901149779558182,0.993914783000946,0.56947261095047,0.5700817108154297,0.2073826831251951
1544,0.10079924762248993,0.9929006099700928,0.56947261095047,0.5663225650787354,0.2695176301903495
1545,0.09284774214029312,0.9918863773345947,0.5740364789962769,0.5661435723304749,0.20087730416467955
1546,0.10487814247608185,0.9918863773345947,0.5796145796775818,0.569485068321228,0.2995093490141811
1547,0.09021859616041183,0.9929006099700928,0.5750507116317749,0.5650098323822021,0.24224461060398358
1548,0.07594890147447586,0.9918863773345947,0.5715010166168213,0.5630407333374023,0.1753021922535463
1549,0.09150750190019608,0.9929006099700928,0.5775861740112305,0.5669192671775818,0.2282975921389605
1550,0.09393182396888733,0.9918863773345947,0.5786004066467285,0.5727071762084961,0.2575258422104997
1551,0.08191653341054916,0.993914783000946,0.5841785073280334,0.5744376182556152,0.1747766065453687
1552,0.08186206221580505,0.9918863773345947,0.5755577683448792,0.576764702796936,0.26919445074623566
1553,0.08107347786426544,0.9908722043037415,0.5669370889663696,0.5706784129142761,0.20854389902035325
1554,0.1086512878537178,0.9888437986373901,0.5527383089065552,0.5605345964431763,0.35378337158308815
1555,0.11791744828224182,0.9908722043037415,0.5567951202392578,0.558386504650116,0.3635817769696302
1556,0.08973264694213867,0.9908722043037415,0.5674442052841187,0.5654872059822083,0.3163286076890972
1557,0.11562349647283554,0.9888437986373901,0.5796145796775818,0.5752729773521423,0.29855031837814144
1558,0.09128091484308243,0.9959431886672974,0.5684583783149719,0.5683513283729553,0.27160211441793297
1559,0.08783963322639465,0.9908722043037415,0.5588235259056091,0.5599379539489746,0.16220896513471042
1560,0.0919238030910492,0.9908722043037415,0.563894510269165,0.5650098323822021,0.2547458964285779
1561,0.08957827091217041,0.9949289560317993,0.5750507116317749,0.5773614048957825,0.246174023595675
1562,0.10215195268392563,0.9918863773345947,0.5836713910102844,0.5815979242324829,0.38790939354281057
1563,0.09556802362203598,0.9929006099700928,0.5801216959953308,0.5766453742980957,0.19656935571833123
1564,0.07771904766559601,0.993914783000946,0.5740364789962769,0.5720508098602295,0.3070434509019161
1565,0.08293207734823227,0.9929006099700928,0.569979727268219,0.5686496496200562,0.19931978964972963
1566,0.07609839737415314,0.9929006099700928,0.5750507116317749,0.5703800916671753,0.3338542711052552
1567,0.08272659778594971,0.993914783000946,0.5755577683448792,0.5724685192108154,0.20846514886095913
1568,0.08697689324617386,0.9949289560317993,0.5755577683448792,0.5745569467544556,0.4330082051398737
1569,0.09677266329526901,0.9929006099700928,0.5583164095878601,0.5661435723304749,0.32554031973568437
1570,0.06962902098894119,0.9949289560317993,0.5542595982551575,0.5513455271720886,0.1773299273482704
1571,0.08713133633136749,0.993914783000946,0.5486815571784973,0.5505698323249817,0.26697929048534796
1572,0.08807879686355591,0.993914783000946,0.5593306422233582,0.5604749321937561,0.40067048929397825
1573,0.09842072427272797,0.993914783000946,0.5679513216018677,0.5656065344810486,0.25583746022621506
1574,0.09880609810352325,0.993914783000946,0.5603448152542114,0.5627424120903015,0.28067125597433784
1575,0.0849524438381195,0.9929006099700928,0.5552738308906555,0.5586252212524414,0.26517027377764246
1576,0.0778641477227211,0.9929006099700928,0.5567951202392578,0.5591621994972229,0.19411466037625094
1577,0.09242306649684906,0.993914783000946,0.563894510269165,0.5609523057937622,0.39319430489514196
1578,0.10194280743598938,0.993914783000946,0.5715010166168213,0.5691866874694824,0.32748723472992414
1579,0.09291058033704758,0.9949289560317993,0.5770791172981262,0.5735425353050232,0.20399429675209302
1580,0.07665164768695831,0.993914783000946,0.5735294222831726,0.569843053817749,0.20988241298158322
1581,0.1044902354478836,0.9918863773345947,0.5720080733299255,0.5656065344810486,0.4076108242438972
1582,0.10924422740936279,0.9949289560317993,0.5851926803588867,0.5759890079498291,0.4041255323516938
1583,0.09260875731706619,0.9918863773345947,0.5846855640411377,0.5817172527313232,0.29406478727665336
1584,0.10975655913352966,0.9898579716682434,0.587221086025238,0.5783160924911499,0.2652834373455462
1585,0.09176668524742126,0.9908722043037415,0.5811358690261841,0.5744376182556152,0.21443375856163363
1586,0.10359809547662735,0.9918863773345947,0.5725151896476746,0.5717524886131287,0.3038801070857399
1587,0.09805206209421158,0.9929006099700928,0.5720080733299255,0.5713944435119629,0.2664515335622656
1588,0.09937357902526855,0.9929006099700928,0.5725151896476746,0.5678739547729492,0.427443348899098
1589,0.0912703424692154,0.993914783000946,0.5715010166168213,0.5696640610694885,0.2265245228778303
1590,0.07897365093231201,0.9929006099700928,0.5791074633598328,0.570260763168335,0.14175070996113387
1591,0.08610963076353073,0.9898579716682434,0.5836713910102844,0.5736022591590881,0.2945553204247517
1592,0.09157339483499527,0.9918863773345947,0.5801216959953308,0.570618748664856,0.19827518955886597
1593,0.09465184807777405,0.9898579716682434,0.5679513216018677,0.5630407333374023,0.27738795088078905
1594,0.1124039962887764,0.9929006099700928,0.569979727268219,0.5700817108154297,0.5045121687270803
1595,0.08317305892705917,0.9858012199401855,0.5684583783149719,0.5713944435119629,0.20986493252810562
1596,0.11300091445446014,0.993914783000946,0.5669370889663696,0.5704397559165955,0.6178484215549465
1597,0.09243525564670563,0.9929006099700928,0.5725151896476746,0.5684109926223755,0.31023146611816405
1598,0.08207593858242035,0.9918863773345947,0.5709939002990723,0.5702010989189148,0.15092020729119712
1599,0.09053120017051697,0.9949289560317993,0.5831642746925354,0.5765260457992554,0.3065136258827078
1600,0.10264400392770767,0.9878295660018921,0.5831642746925354,0.5852377414703369,0.4997313517217663
1601,0.1065472811460495,0.9888437986373901,0.5755577683448792,0.5817172527313232,0.36556532244749784
1602,0.1063014343380928,0.9949289560317993,0.5730223059654236,0.5726475119590759,0.36763560070532897
1603,0.08384992182254791,0.9949289560317993,0.5649086833000183,0.5581478476524353,0.2601528706039663
1604,0.11386521905660629,0.9949289560317993,0.5659229159355164,0.5651888251304626,0.4287707876125407
1605,0.07921241968870163,0.9929006099700928,0.5730223059654236,0.5727668404579163,0.17510851282265152
1606,0.08796436339616776,0.9918863773345947,0.5775861740112305,0.5694253444671631,0.23573625167726317
1607,0.10164733976125717,0.9898579716682434,0.569979727268219,0.5615490078926086,0.6545765769361979
1608,0.11831355839967728,0.9918863773345947,0.5770791172981262,0.5601169466972351,0.42127035243051864
1609,0.09677381813526154,0.9959431886672974,0.5720080733299255,0.5630407333374023,0.35877781877213005
1610,0.08576680719852448,0.9949289560317993,0.5608519315719604,0.5592219233512878,0.2096530153929482
1611,0.07849953323602676,0.9898579716682434,0.5512170195579529,0.5527775883674622,0.2286409552464845
1612,0.11430439352989197,0.9888437986373901,0.5481744408607483,0.5517632365226746,0.33099736078058156
1613,0.11865146458148956,0.9929006099700928,0.5481744408607483,0.557610809803009,0.6357813640267087
1614,0.09283240884542465,0.9918863773345947,0.5567951202392578,0.5667402744293213,0.6428378517141852
1615,0.0999940037727356,0.9898579716682434,0.568965494632721,0.5722895264625549,0.32785519377774025
1616,0.11254052072763443,0.9898579716682434,0.5603448152542114,0.5691270232200623,0.48832284405642074
1617,0.10779806971549988,0.9817444086074829,0.563387393951416,0.5652484893798828,0.23080742428173673
1618,0.09947140514850616,0.9858012199401855,0.5654157996177673,0.5679932832717896,0.36982389464201615
1619,0.09358318895101547,0.9868153929710388,0.5567951202392578,0.5654275417327881,0.29739301076143654
1620,0.09421667456626892,0.9908722043037415,0.5547667145729065,0.5584461688995361,0.29107435142641797
1621,0.1136888936161995,0.9898579716682434,0.5451318621635437,0.552717924118042,0.3565544391923796
1622,0.10620752722024918,0.9929006099700928,0.5431034564971924,0.5463929772377014,0.34995309381697215
1623,0.11541826277971268,0.9929006099700928,0.5502028465270996,0.5488991141319275,0.25385218419215316
1624,0.10273914784193039,0.993914783000946,0.5618661046028137,0.5619069933891296,0.32506726922355567
1625,0.09785406291484833,0.993914783000946,0.56947261095047,0.5725281834602356,0.24767328628422655
1626,0.10835477709770203,0.9929006099700928,0.56947261095047,0.5746166110038757,0.2910387158209441
1627,0.11795706301927567,0.9929006099700928,0.5628803372383118,0.5714541077613831,0.2168377084916769
1628,0.09217193722724915,0.9918863773345947,0.5496957302093506,0.5601766109466553,0.2514220204561222
1629,0.1055230125784874,0.9949289560317993,0.546653151512146,0.5584461688995361,0.44053461713878544
1630,0.11027735471725464,0.993914783000946,0.5542595982551575,0.5675756335258484,0.36718451311762745
1631,0.09721552580595016,0.9918863773345947,0.5674442052841187,0.575511634349823,0.2781115044962203
1632,0.07996392995119095,0.993914783000946,0.5654157996177673,0.5745569467544556,0.26996970169622997
1633,0.10912727564573288,0.9929006099700928,0.5578092932701111,0.5683513283729553,0.36697506468231283
1634,0.09703536331653595,0.9918863773345947,0.5603448152542114,0.5711557865142822,0.38021292379258437
1635,0.0899299755692482,0.9898579716682434,0.563387393951416,0.5732442140579224,0.35939822110003167
1636,0.09790457040071487,0.9908722043037415,0.5593306422233582,0.5710364580154419,0.2844343944381897
1637,0.09296903759241104,0.9929006099700928,0.5517241358757019,0.5670385956764221,0.23904862371458419
1638,0.10539815574884415,0.993914783000946,0.5573022365570068,0.5648308396339417,0.3108752433673153
1639,0.09341062605381012,0.9908722043037415,0.5623732209205627,0.5647115111351013,0.24231986400376376
1640,0.10127948224544525,0.9908722043037415,0.5618661046028137,0.5668596029281616,0.4682223331149105
1641,0.10088060051202774,0.9898579716682434,0.5704867839813232,0.5704397559165955,0.3243827719113922
1642,0.09536202996969223,0.9908722043037415,0.5750507116317749,0.5722895264625549,0.24806481957315832
1643,0.1027538925409317,0.9898579716682434,0.5684583783149719,0.568231999874115,0.22179082574949668
1644,0.11091389507055283,0.9898579716682434,0.5679513216018677,0.5708574652671814,0.2882467189976409
1645,0.10055039077997208,0.9929006099700928,0.5704867839813232,0.5688883662223816,0.3303400162197743
1646,0.08745935559272766,0.9949289560317993,0.56947261095047,0.5675159692764282,0.3438879188689205
1647,0.0882689356803894,0.9959431886672974,0.5709939002990723,0.5680529475212097,0.3941505611810837
1648,0.10385233908891678,0.9949289560317993,0.5628803372383118,0.5619069933891296,0.4077074340446599
1649,0.09930495917797089,0.993914783000946,0.5583164095878601,0.5586252212524414,0.3182667509148704
1650,0.0880516842007637,0.993914783000946,0.5593306422233582,0.5587445497512817,0.20972463237596634
1651,0.09536771476268768,0.9949289560317993,0.5674442052841187,0.565308153629303,0.30586644098920884
1652,0.09766910970211029,0.9969573616981506,0.56947261095047,0.566978931427002,0.5310292003493193
1653,0.1037968173623085,0.9949289560317993,0.5659229159355164,0.5635181069374084,0.2698066451835436
1654,0.10649482160806656,0.993914783000946,0.5608519315719604,0.5596992373466492,0.37633985083631183
1655,0.10215941071510315,0.993914783000946,0.5608519315719604,0.5620860457420349,0.38069320238324056
1656,0.10321028530597687,0.9959431886672974,0.5567951202392578,0.5632197260856628,0.2744908931417912
1657,0.1200568899512291,0.9959431886672974,0.5476673245429993,0.5525985956192017,0.31876759960347295
1658,0.10015209764242172,0.9949289560317993,0.546653151512146,0.5499731302261353,0.44866468413828825
1659,0.08877475559711456,0.9959431886672974,0.5654157996177673,0.5597589015960693,0.2329420366176772
1660,0.11167316883802414,0.9949289560317993,0.5725151896476746,0.5678739547729492,0.314194699903764
1661,0.09060186892747879,0.9949289560317993,0.56947261095047,0.5660241842269897,0.24787062501277476
1662,0.08760890364646912,0.9959431886672974,0.5740364789962769,0.5632197260856628,0.15392183114288827
1663,0.10202234983444214,0.993914783000946,0.5715010166168213,0.5625633597373962,0.49659408651684417
1664,0.0905027762055397,0.993914783000946,0.5674442052841187,0.5632197260856628,0.26748189495183927
1665,0.0886695384979248,0.9969573616981506,0.5669370889663696,0.5631003975868225,0.21212606833503986
1666,0.10442467033863068,0.9959431886672974,0.5649086833000183,0.5700817108154297,0.24712525278178196
1667,0.08768007904291153,0.9949289560317993,0.5679513216018677,0.5710961222648621,0.27591409184837845
1668,0.07535634934902191,0.9929006099700928,0.5674442052841187,0.5672175884246826,0.2678182275972972
1669,0.08905813843011856,0.993914783000946,0.5715010166168213,0.5667402744293213,0.2517847239218492
1670,0.10001547634601593,0.993914783000946,0.5709939002990723,0.5710364580154419,0.3099941972914879
1671,0.10560300946235657,0.9949289560317993,0.5669370889663696,0.5720508098602295,0.275150023239281
1672,0.10238271206617355,0.993914783000946,0.5664300322532654,0.5685303211212158,0.24805593406600424
1673,0.10502205044031143,0.993914783000946,0.5603448152542114,0.5633987784385681,0.17216111460392328
1674,0.07169629633426666,0.9949289560317993,0.5532454252243042,0.5582075119018555,0.16370341706284475
1675,0.10911145806312561,0.9949289560317993,0.5593306422233582,0.5602959394454956,0.3177137585897243
1676,0.1032581478357315,0.9949289560317993,0.5608519315719604,0.5602362751960754,0.2841745424179512
1677,0.08949092775583267,0.9969573616981506,0.5603448152542114,0.5569544434547424,0.20485950335950376
1678,0.07370158284902573,0.9969573616981506,0.5532454252243042,0.5585655570030212,0.21302390063126542
1679,0.0726078674197197,0.9979715943336487,0.563387393951416,0.5669192671775818,0.2218665590977348
1680,0.06238076463341713,0.9949289560317993,0.5735294222831726,0.5721701383590698,0.1270493477147485
1681,0.08668962121009827,0.9969573616981506,0.5659229159355164,0.564532458782196,0.3125959426521822
1682,0.07907884567975998,0.9979715943336487,0.5704867839813232,0.5647115111351013,0.30456129361077344
1683,0.07175610214471817,0.9969573616981506,0.5715010166168213,0.5628020763397217,0.1604409380350263
1684,0.07485762238502502,0.9979715943336487,0.569979727268219,0.5640551447868347,0.21044546676367526
1685,0.08395149558782578,0.993914783000946,0.5715010166168213,0.564532458782196,0.282353827942203
1686,0.0816529393196106,0.9979715943336487,0.563387393951416,0.5604749321937561,0.25272096160283536
1687,0.07069720327854156,0.998985767364502,0.5644016265869141,0.5588042140007019,0.1651328675387894
1688,0.07459483295679092,0.9979715943336487,0.5649086833000183,0.5647115111351013,0.2396053122078608
1689,0.08974164724349976,0.9969573616981506,0.5704867839813232,0.5658451914787292,0.28130229470869517
1690,0.07751226425170898,0.9969573616981506,0.5735294222831726,0.5652484893798828,0.19636686797136496
1691,0.10560020059347153,0.9858012199401855,0.5775861740112305,0.5725281834602356,2.0569719377484303
1692,0.15360566973686218,0.9878295660018921,0.5791074633598328,0.5683513283729553,0.5457317173362303
1693,0.12797826528549194,0.9878295660018921,0.5644016265869141,0.5552240610122681,0.48835552545291605
1694,0.11924070119857788,0.9827585816383362,0.563894510269165,0.5539113283157349,0.2467823898248881
1695,0.16740110516548157,0.9827585816383362,0.5811358690261841,0.5617876648902893,0.8310905519827264
1696,0.14299388229846954,0.9847869873046875,0.5938133597373962,0.5717524886131287,0.35405245478884695
1697,0.157612144947052,0.9847869873046875,0.5963488817214966,0.5767050385475159,0.3731764330051936
1698,0.16253532469272614,0.9807301759719849,0.5775861740112305,0.5622650384902954,0.4202068908036041
1699,0.1591697633266449,0.9847869873046875,0.5796145796775818,0.5585655570030212,0.4858142292070095
1700,0.14276470243930817,0.9837728142738342,0.5856997966766357,0.5736022591590881,0.4720954945418217
1701,0.17256377637386322,0.9807301759719849,0.5811358690261841,0.5703204274177551,0.612031698688472
1702,0.141828253865242,0.9898579716682434,0.5750507116317749,0.564532458782196,0.3700509361387481
1703,0.12675942480564117,0.9858012199401855,0.563894510269165,0.5604152679443359,0.29460765473891115
1704,0.15746641159057617,0.9888437986373901,0.568965494632721,0.5628020763397217,0.4361969134222463
1705,0.12256720662117004,0.9888437986373901,0.56947261095047,0.5727668404579163,0.31033508414148336
1706,0.11600679159164429,0.9888437986373901,0.5720080733299255,0.5705590844154358,0.21757557424008683
1707,0.11738429218530655,0.9898579716682434,0.5644016265869141,0.5655468702316284,0.31843100916423345
1708,0.12112168222665787,0.9918863773345947,0.5537525415420532,0.5554030537605286,0.34779570536462234
1709,0.11679208278656006,0.9898579716682434,0.5532454252243042,0.5524792671203613,0.269046524911711
1710,0.12119042873382568,0.9918863773345947,0.563387393951416,0.5603556036949158,0.3279234495422463
1711,0.1023678109049797,0.9949289560317993,0.5720080733299255,0.5682916641235352,0.39618228607739625
1712,0.08654122799634933,0.9929006099700928,0.5704867839813232,0.564532458782196,0.3600340775379784
1713,0.08333683758974075,0.9908722043037415,0.5654157996177673,0.5642938017845154,0.2745891341018716
1714,0.1176496222615242,0.9898579716682434,0.56947261095047,0.5727668404579163,0.4726149508898567
1715,0.10529424995183945,0.9888437986373901,0.5684583783149719,0.5762276649475098,0.3289195388057387
1716,0.12066466361284256,0.9908722043037415,0.5664300322532654,0.5781370997428894,0.46379997168771
1717,0.13015487790107727,0.9949289560317993,0.5654157996177673,0.571871817111969,0.41492870700924706
1718,0.08935287594795227,0.9929006099700928,0.5618661046028137,0.5642341375350952,0.23236673549353398
1719,0.1260841190814972,0.993914783000946,0.5628803372383118,0.5676352977752686,0.6092697126723274
1720,0.10807792842388153,0.993914783000946,0.5623732209205627,0.5633987784385681,0.3400621902107124
1721,0.12326852977275848,0.9949289560317993,0.5669370889663696,0.5654275417327881,0.36304756775532454
1722,0.11339425295591354,0.9949289560317993,0.5608519315719604,0.5624440312385559,0.33740272420391304
1723,0.09799320995807648,0.9918863773345947,0.5674442052841187,0.5647711753845215,0.21594266109939467
1724,0.10763544589281082,0.9918863773345947,0.5775861740112305,0.5667402744293213,0.28548227029512224
1725,0.16209928691387177,0.9949289560317993,0.5775861740112305,0.5758696794509888,0.6419464443591378
1726,0.10473470389842987,0.9929006099700928,0.5684583783149719,0.5759293437004089,0.17436453179748895
1727,0.08826874941587448,0.9929006099700928,0.5649086833000183,0.5759293437004089,0.20226244242766325
1728,0.13241486251354218,0.9929006099700928,0.5654157996177673,0.5737215876579285,0.3450097610863401
1729,0.09540600329637527,0.9898579716682434,0.5603448152542114,0.5724088549613953,0.2049827433702249
1730,0.10970930010080338,0.9898579716682434,0.5608519315719604,0.5741989016532898,0.33346339169038103
1731,0.09728056192398071,0.9929006099700928,0.568965494632721,0.5762873291969299,0.22461997922589047
1732,0.09430564939975739,0.993914783000946,0.5669370889663696,0.5778984427452087,0.34839100534534545
1733,0.10600300133228302,0.9929006099700928,0.5664300322532654,0.57425856590271,0.29784913246504224
1734,0.08757487684488297,0.9929006099700928,0.5679513216018677,0.5666805505752563,0.35961004559229054
1735,0.09029092639684677,0.993914783000946,0.5679513216018677,0.5667999386787415,0.40218588619542717
1736,0.12135644257068634,0.9969573616981506,0.5760648846626282,0.5709767937660217,0.2686459401586232
1737,0.11339005827903748,0.9959431886672974,0.5856997966766357,0.5795094966888428,0.338700113236311
1738,0.08255638182163239,0.9918863773345947,0.5816429853439331,0.5765857100486755,0.2737109010733202
1739,0.0890812873840332,0.9949289560317993,0.5755577683448792,0.5667999386787415,0.18136256503779302
1740,0.09254473447799683,0.9929006099700928,0.5730223059654236,0.5623247027397156,0.2792209494640059
1741,0.0924135372042656,0.9949289560317993,0.5760648846626282,0.5715734958648682,0.3064552956681671
1742,0.10659100115299225,0.993914783000946,0.5791074633598328,0.5777194499969482,0.25301531482643436
1743,0.09469330310821533,0.9949289560317993,0.5786004066467285,0.5787338018417358,0.2432077089987493
1744,0.10442937910556793,0.9969573616981506,0.5765720009803772,0.5719911456108093,0.36620610943737447
1745,0.10302708297967911,0.9959431886672974,0.5745435953140259,0.5703800916671753,0.268338869545375
1746,0.0948055163025856,0.9929006099700928,0.5780932903289795,0.5723491907119751,0.25576026670885804
1747,0.0870417132973671,0.9929006099700928,0.5735294222831726,0.5753923058509827,0.16115407474946428
1748,0.09301095455884933,0.993914783000946,0.5709939002990723,0.5728861689567566,0.20955853991322412
1749,0.08345396816730499,0.9918863773345947,0.5674442052841187,0.5677546262741089,0.14212262961429556
1750,0.0944567620754242,0.993914783000946,0.5730223059654236,0.5710961222648621,0.3131408297799858
1751,0.07973022013902664,0.9969573616981506,0.5826571583747864,0.5752133131027222,0.2855348413616726
1752,0.07078883051872253,0.9959431886672974,0.5882352590560913,0.5790918469429016,0.14867721117057406
1753,0.07271268963813782,0.9959431886672974,0.5841785073280334,0.5807625651359558,0.1942501911545811
1754,0.08461460471153259,0.9929006099700928,0.5755577683448792,0.5807625651359558,0.22839252366188179
1755,0.0697152391076088,0.9918863773345947,0.5684583783149719,0.5770630836486816,0.1391288814202651
1756,0.09585927426815033,0.993914783000946,0.5730223059654236,0.5783757567405701,0.20253255016546276
1757,0.07532820850610733,0.9918863773345947,0.5836713910102844,0.5832687020301819,0.18166230385441984
1758,0.08755557984113693,0.9908722043037415,0.587221086025238,0.583328366279602,0.15156405844801854
1759,0.07588653266429901,0.9959431886672974,0.5796145796775818,0.5767050385475159,0.14128665725795853
1760,0.07447296380996704,0.9959431886672974,0.5745435953140259,0.5644131302833557,0.15527341378943818
1761,0.11533871293067932,0.9979715943336487,0.5745435953140259,0.566203236579895,0.5684882421981238
1762,0.10082197189331055,0.9979715943336487,0.5720080733299255,0.5740795731544495,0.6607983028864342
1763,0.10552916675806046,0.9979715943336487,0.5780932903289795,0.5723491907119751,0.28102856592102937
1764,0.08605880290269852,0.9959431886672974,0.5730223059654236,0.5686496496200562,0.25090408110621204
1765,0.09101136028766632,0.9949289560317993,0.5618661046028137,0.5642938017845154,0.38731941084476645
1766,0.08736492693424225,0.9949289560317993,0.563894510269165,0.5635181069374084,0.2489289550736446
1767,0.08556759357452393,0.9969573616981506,0.5730223059654236,0.5716928243637085,0.2912851150193617
1768,0.07084688544273376,0.9949289560317993,0.5750507116317749,0.5757503509521484,0.18712481531564018
1769,0.08385515213012695,0.9979715943336487,0.5775861740112305,0.5747956037521362,0.2285975080349856
1770,0.08892779052257538,0.9929006099700928,0.5628803372383118,0.5633987784385681,0.23588792529705063
1771,0.09091190993785858,0.9918863773345947,0.5644016265869141,0.5641148090362549,0.24665579996614925
1772,0.11459445208311081,0.9979715943336487,0.569979727268219,0.5721104741096497,0.37554941544708925
1773,0.11269556730985641,0.9949289560317993,0.5735294222831726,0.5763470530509949,0.17568854051555105
1774,0.08367796987295151,0.9929006099700928,0.5735294222831726,0.5761083364486694,0.18493852726403714
1775,0.10572175681591034,0.993914783000946,0.5735294222831726,0.573482871055603,0.4871522264361011
1776,0.09302405267953873,0.9929006099700928,0.5715010166168213,0.5712751150131226,0.25336113379105457
1777,0.0786525160074234,0.9949289560317993,0.5684583783149719,0.5627424120903015,0.5265276853476198
1778,0.10533507913351059,0.9949289560317993,0.5750507116317749,0.5619667172431946,0.304093333168401
1779,0.11755073070526123,0.9929006099700928,0.5821501016616821,0.5731845498085022,0.42681022555239734
1780,0.08706488460302353,0.9959431886672974,0.5882352590560913,0.5736022591590881,0.30058419514747037
1781,0.11402007937431335,0.9969573616981506,0.5796145796775818,0.5661435723304749,0.37465250958062724
1782,0.08686940371990204,0.9969573616981506,0.5709939002990723,0.5623843669891357,0.24500174666686553
1783,0.09082775563001633,0.9949289560317993,0.5588235259056091,0.558386504650116,0.505825541875377
1784,0.10783559828996658,0.993914783000946,0.5770791172981262,0.5664418935775757,0.3549058375908032
1785,0.09143752604722977,0.9918863773345947,0.5791074633598328,0.5746762752532959,0.2773026687848688
1786,0.11235272884368896,0.9898579716682434,0.5796145796775818,0.5762873291969299,0.26257364271059547
1787,0.10560227930545807,0.9949289560317993,0.5760648846626282,0.5705590844154358,0.3349914598783613
1788,0.12515118718147278,0.993914783000946,0.5654157996177673,0.5667999386787415,0.8136663484278638
1789,0.09365078806877136,0.993914783000946,0.5613589882850647,0.5598185658454895,0.3049827279773348
1790,0.10583621263504028,0.9908722043037415,0.5598376989364624,0.5596992373466492,0.3410699249326009
1791,0.11340495944023132,0.9929006099700928,0.5649086833000183,0.563279390335083,0.3082591491132996
1792,0.12244444340467453,0.9929006099700928,0.5704867839813232,0.570618748664856,0.7778488060355628
1793,0.09055712819099426,0.9918863773345947,0.5715010166168213,0.5666208863258362,0.4088347612916843
1794,0.08166380226612091,0.9888437986373901,0.563387393951416,0.5602959394454956,0.2510707694709524
1795,0.10030479729175568,0.9878295660018921,0.5613589882850647,0.5570737719535828,0.30209611217106663
1796,0.1176307424902916,0.9898579716682434,0.5659229159355164,0.560892641544342,0.3316415942156521
1797,0.08885513246059418,0.9908722043037415,0.5618661046028137,0.5604152679443359,0.28179010300684976
1798,0.14130152761936188,0.9868153929710388,0.563894510269165,0.5638164281845093,0.34138345541200915
1799,0.1225522980093956,0.9918863773345947,0.5527383089065552,0.5559400916099548,0.3829786359117663
1800,0.111517533659935,0.9888437986373901,0.5502028465270996,0.556357741355896,0.3377036719127389
1801,0.1047460287809372,0.9949289560317993,0.568965494632721,0.5679932832717896,0.32466729823395635
1802,0.1184556782245636,0.9908722043037415,0.5796145796775818,0.5744376182556152,0.2730430871687216
1803,0.12328792363405228,0.9918863773345947,0.5775861740112305,0.5767050385475159,0.5204083235739501
1804,0.09524448961019516,0.9929006099700928,0.5679513216018677,0.5690076947212219,0.28024469072541436
1805,0.10670240968465805,0.9929006099700928,0.5628803372383118,0.5602959394454956,0.964119027696845
1806,0.10175342857837677,0.993914783000946,0.5608519315719604,0.5617280006408691,0.2526020976931503
1807,0.10816846042871475,0.993914783000946,0.5664300322532654,0.5634584426879883,0.3510734876495264
1808,0.09703091531991959,0.9929006099700928,0.5684583783149719,0.5643534660339355,0.3032443789175133
1809,0.10118768364191055,0.993914783000946,0.5649086833000183,0.5629810690879822,0.3048784224909816
1810,0.09380637854337692,0.993914783000946,0.5649086833000183,0.5624440312385559,0.28443818765350204
1811,0.10891347378492355,0.9949289560317993,0.5644016265869141,0.5627424120903015,0.8848302165380869
1812,0.11011557281017303,0.9929006099700928,0.5735294222831726,0.5715137720108032,0.2846701062791425
1813,0.10376443713903427,0.9908722043037415,0.5775861740112305,0.5787338018417358,0.3956542372133404
1814,0.09960774332284927,0.9878295660018921,0.5826571583747864,0.580046534538269,0.27088831236773864
1815,0.12931405007839203,0.9878295660018921,0.5735294222831726,0.5741989016532898,1.2202964719965337
1816,0.1442716121673584,0.9888437986373901,0.5765720009803772,0.5767050385475159,0.454827449157233
1817,0.11138048022985458,0.9827585816383362,0.5730223059654236,0.5807625651359558,0.25068386170265583
1818,0.1185370534658432,0.9868153929710388,0.5679513216018677,0.5748552680015564,0.3711019358235018
1819,0.12477968633174896,0.9878295660018921,0.5557809472084045,0.564532458782196,0.2669161484790255
1820,0.13659127056598663,0.993914783000946,0.5659229159355164,0.5651291608810425,0.452718934106605
1821,0.12341052293777466,0.9929006099700928,0.5730223059654236,0.5710961222648621,0.25367170335118
1822,0.11424724012613297,0.9918863773345947,0.5669370889663696,0.568589985370636,0.31062817892761596
1823,0.11877968907356262,0.9908722043037415,0.5618661046028137,0.561668336391449,0.2740360627581568
1824,0.10748371481895447,0.9918863773345947,0.5603448152542114,0.5631003975868225,0.29505507631322625
1825,0.10243460536003113,0.9929006099700928,0.5654157996177673,0.564532458782196,0.2210792525120424
1826,0.11451014131307602,0.993914783000946,0.5735294222831726,0.569485068321228,0.3496856301713044
1827,0.09753993898630142,0.9959431886672974,0.5603448152542114,0.5672175884246826,0.3428349069703844
1828,0.09657792747020721,0.9949289560317993,0.5588235259056091,0.5637567639350891,0.304622212863197
1829,0.1029178723692894,0.9959431886672974,0.5613589882850647,0.5670385956764221,0.3311260252096933
1830,0.09838158637285233,0.9949289560317993,0.5623732209205627,0.5690076947212219,0.2637045867318433
1831,0.1096847876906395,0.9969573616981506,0.5618661046028137,0.5667402744293213,0.2998479377917013
1832,0.10714372247457504,0.9969573616981506,0.5573022365570068,0.5613700151443481,0.2514240653980968
1833,0.0934385433793068,0.9949289560317993,0.5562880039215088,0.5610119700431824,0.264225541463166
1834,0.09263443201780319,0.9969573616981506,0.5593306422233582,0.5678739547729492,0.282264986112129
1835,0.08965222537517548,0.9949289560317993,0.5649086833000183,0.5712751150131226,0.23222313232550576
1836,0.09123164415359497,0.9949289560317993,0.5613589882850647,0.5724685192108154,0.23347800575515346
1837,0.08796841651201248,0.9959431886672974,0.5628803372383118,0.5699623823165894,0.21758099527750122
1838,0.07608145475387573,0.993914783000946,0.5659229159355164,0.5700817108154297,0.13076052817856704
1839,0.10668746381998062,0.9959431886672974,0.5750507116317749,0.5761083364486694,0.2569009067876504
1840,0.09162372350692749,0.993914783000946,0.5831642746925354,0.5821349620819092,0.23817086429431142
1841,0.08169203251600266,0.9908722043037415,0.5780932903289795,0.5805239081382751,0.20478540020619676
1842,0.09935706853866577,0.9959431886672974,0.5709939002990723,0.5732442140579224,0.23041668246044897
1843,0.09104654937982559,0.993914783000946,0.5532454252243042,0.5597589015960693,0.24061543606274294
1844,0.09751474112272263,0.9949289560317993,0.5547667145729065,0.5596992373466492,0.3371797057753766
1845,0.07071100175380707,0.9949289560317993,0.5608519315719604,0.5642938017845154,0.2037032980629438
1846,0.07251156121492386,0.9908722043037415,0.5654157996177673,0.5675159692764282,0.49357863926397216
1847,0.09206467866897583,0.9969573616981506,0.5593306422233582,0.5622053742408752,0.2542842088904371
1848,0.08602873980998993,0.9979715943336487,0.5436105132102966,0.5498538017272949,0.2350547767547673
1849,0.0793616771697998,0.9949289560317993,0.5486815571784973,0.549078106880188,0.3108658659602517
1850,0.09918056428432465,0.9969573616981506,0.5709939002990723,0.5653678774833679,0.4057373144508931
1851,0.08684233576059341,0.993914783000946,0.5836713910102844,0.5727668404579163,0.3155479792244257
1852,0.08350597321987152,0.993914783000946,0.5877282023429871,0.5756906867027283,0.2173827484083358
1853,0.08074626326560974,0.993914783000946,0.5780932903289795,0.5722298622131348,0.2199881183869993
1854,0.08037364482879639,0.9929006099700928,0.5740364789962769,0.5676352977752686,0.20483063806019386
1855,0.08491610735654831,0.993914783000946,0.5770791172981262,0.5672175884246826,0.24690490412861257
1856,0.09658369421958923,0.993914783000946,0.5709939002990723,0.5652484893798828,0.331311381352432
1857,0.07531900703907013,0.9949289560317993,0.5709939002990723,0.5631003975868225,0.17578126689790566
1858,0.07135750353336334,0.9929006099700928,0.569979727268219,0.565308153629303,0.15036644824498865
1859,0.07877904176712036,0.9929006099700928,0.5715010166168213,0.5667999386787415,0.22106689076772848
1860,0.08104609698057175,0.993914783000946,0.5740364789962769,0.5644131302833557,0.1792128596552161
1861,0.08520206809043884,0.9969573616981506,0.5770791172981262,0.5689480304718018,0.26092695568914026
1862,0.08187873661518097,0.9969573616981506,0.5745435953140259,0.5676949620246887,0.3671788727691945
1863,0.08718734979629517,0.9979715943336487,0.5720080733299255,0.566978931427002,0.25967972752141705
1864,0.08258479088544846,0.9959431886672974,0.5669370889663696,0.5670385956764221,0.16614605734693197
1865,0.07042048871517181,0.9959431886672974,0.5654157996177673,0.5705590844154358,0.20709537979652182
1866,0.06661708652973175,0.9969573616981506,0.5623732209205627,0.5683513283729553,0.13993441022230058
1867,0.08421770483255386,0.9969573616981506,0.5603448152542114,0.5663225650787354,0.30870506711396745
1868,0.0731302872300148,0.9949289560317993,0.5527383089065552,0.5599379539489746,0.2406459472072361
1869,0.08355403691530228,0.9969573616981506,0.5507099032402039,0.5597589015960693,0.3575132834774637
1870,0.07780710607767105,0.9979715943336487,0.5552738308906555,0.5651888251304626,0.20313638677400048
1871,0.07139144837856293,0.9959431886672974,0.5583164095878601,0.5688287019729614,0.16099673703447737
1872,0.08492273837327957,0.9969573616981506,0.5542595982551575,0.5633987784385681,0.36301966231153127
1873,0.06640627235174179,0.9949289560317993,0.5446247458457947,0.5570141077041626,0.19642803104660736
1874,0.07485687732696533,0.9959431886672974,0.5517241358757019,0.559281587600708,0.5954100892567259
1875,0.08975406736135483,0.9979715943336487,0.5618661046028137,0.5675159692764282,0.3475146732375461
1876,0.09778102487325668,0.9969573616981506,0.5623732209205627,0.5697833895683289,0.36371650228784885
1877,0.08631715923547745,0.9969573616981506,0.563387393951416,0.5659048557281494,0.23300953471264166
1878,0.07273547351360321,0.9979715943336487,0.5618661046028137,0.5619069933891296,0.2567101205226337
1879,0.08243446052074432,0.9969573616981506,0.5644016265869141,0.5597589015960693,0.21468720979793862
1880,0.07890044152736664,0.9949289560317993,0.5684583783149719,0.5593412518501282,0.2278241029969429
1881,0.07918086647987366,0.9949289560317993,0.569979727268219,0.555999755859375,0.19553807105488483
1882,0.08675138652324677,0.9969573616981506,0.5649086833000183,0.5540903210639954,0.22463858689181823
1883,0.08892256766557693,0.9979715943336487,0.5608519315719604,0.5536726117134094,0.21842459669841202
1884,0.0916891023516655,0.9979715943336487,0.5669370889663696,0.5642938017845154,0.2674078549767491
1885,0.09163956344127655,0.9969573616981506,0.5750507116317749,0.5695447325706482,0.20900665189305023
1886,0.0798489972949028,0.9969573616981506,0.5780932903289795,0.567814290523529,0.23057683635173268
1887,0.07965660840272903,0.9959431886672974,0.569979727268219,0.565308153629303,0.3001005040666595
1888,0.07503802329301834,0.9969573616981506,0.568965494632721,0.5634584426879883,0.2698578449071585
1889,0.07207353413105011,0.998985767364502,0.5725151896476746,0.5661435723304749,0.2647344133933516
1890,0.08202900737524033,0.998985767364502,0.5730223059654236,0.5666805505752563,0.16757371424345635
1891,0.09496177732944489,0.9979715943336487,0.5735294222831726,0.5697833895683289,0.28505072601189446
1892,0.08279969543218613,0.9969573616981506,0.5755577683448792,0.5699027180671692,0.17101935425035145
1893,0.0807885155081749,0.9959431886672974,0.5735294222831726,0.5656661987304688,0.5131044539503571
1894,0.0700502097606659,0.9949289560317993,0.5654157996177673,0.5645921230316162,0.17899178847292865
1895,0.07845226675271988,0.9979715943336487,0.569979727268219,0.5707380771636963,0.2544956764417923
1896,0.07395113259553909,0.9959431886672974,0.5659229159355164,0.568231999874115,0.2040408174326014
1897,0.07856468856334686,0.9949289560317993,0.5654157996177673,0.5652484893798828,0.305963908571379
1898,0.10100967437028885,0.9959431886672974,0.5669370889663696,0.567336916923523,0.27657636199092184
1899,0.06369145959615707,0.9959431886672974,0.5679513216018677,0.5712751150131226,0.12857820231836736
1900,0.08097109198570251,0.9929006099700928,0.5735294222831726,0.5730652213096619,0.32106573922158915
1901,0.08547616004943848,0.9949289560317993,0.5730223059654236,0.5699623823165894,0.2421872842861966
1902,0.07847829163074493,0.9949289560317993,0.5684583783149719,0.5656065344810486,0.17980317526383252
1903,0.09907997399568558,0.9949289560317993,0.5649086833000183,0.5659645199775696,0.2895898031913082
1904,0.07158597558736801,0.9959431886672974,0.5649086833000183,0.5617280006408691,0.2058017484461567
1905,0.07321100682020187,0.9949289560317993,0.5704867839813232,0.5624440312385559,0.19826268149694476
1906,0.08171501010656357,0.9949289560317993,0.5709939002990723,0.563279390335083,0.150767919399922
1907,0.09192465990781784,0.9949289560317993,0.5684583783149719,0.5616086721420288,0.27050441365230826
1908,0.07272519916296005,0.9949289560317993,0.5725151896476746,0.5611909627914429,0.13271024480579546
1909,0.08528342843055725,0.9949289560317993,0.5720080733299255,0.5662629008293152,0.2988756449190025
1910,0.08391568064689636,0.9959431886672974,0.5684583783149719,0.5682916641235352,0.23540623062895327
1911,0.08572147786617279,0.9979715943336487,0.5715010166168213,0.5740795731544495,0.2819660738162074
1912,0.08435460925102234,0.9959431886672974,0.5725151896476746,0.5710364580154419,0.19540150193361835
1913,0.07438065856695175,0.9949289560317993,0.5725151896476746,0.5670982599258423,0.2210128405971098
1914,0.09433312714099884,0.993914783000946,0.5775861740112305,0.5686496496200562,0.23423272487613936
1915,0.0755610466003418,0.9929006099700928,0.5786004066467285,0.5740795731544495,0.18694962286939062
1916,0.08218617737293243,0.9959431886672974,0.5780932903289795,0.5736619234085083,0.28006135594706383
1917,0.0800529345870018,0.9969573616981506,0.5735294222831726,0.566561222076416,0.19923529869573017
1918,0.06781221181154251,0.9959431886672974,0.5669370889663696,0.5598782896995544,0.18270285334714229
1919,0.08709108829498291,0.9959431886672974,0.5542595982551575,0.5566561222076416,0.22876642622793666
1920,0.07834576070308685,0.998985767364502,0.5588235259056091,0.5606539845466614,0.18505463078506793
1921,0.06646189093589783,0.9979715943336487,0.5628803372383118,0.5692463517189026,0.18724097254273675
1922,0.08080548793077469,0.9969573616981506,0.5557809472084045,0.5614893436431885,0.27402615752047316
1923,0.07118800282478333,0.9969573616981506,0.546146035194397,0.5532549619674683,0.42195032237115043
1924,0.09399909526109695,0.9959431886672974,0.5481744408607483,0.5514051914215088,0.28862105807897265
1925,0.08706770092248917,0.9969573616981506,0.5532454252243042,0.5635181069374084,0.3906811886849061
1926,0.07896993309259415,0.998985767364502,0.5517241358757019,0.5625036954879761,0.4304121324782511
1927,0.0764172226190567,0.9969573616981506,0.5476673245429993,0.5553433895111084,0.2961042304460648
1928,0.07461241632699966,0.9949289560317993,0.5441176295280457,0.5551643967628479,0.18129290123642033
1929,0.09051051735877991,0.9969573616981506,0.5517241358757019,0.5589235424995422,0.2562538092980512
1930,0.08906236290931702,0.9969573616981506,0.563894510269165,0.563339114189148,0.3163135878468262
1931,0.07193848490715027,0.9949289560317993,0.563387393951416,0.5614893436431885,0.23897894459344324
1932,0.07877831161022186,0.993914783000946,0.5522312521934509,0.5548063516616821,0.2161826117926919
1933,0.07426103204488754,0.9959431886672974,0.5618661046028137,0.5631600618362427,0.4214151826757504
1934,0.07623960822820663,0.9898579716682434,0.5740364789962769,0.5710364580154419,0.3314990391807011
1935,0.0940234586596489,0.9929006099700928,0.5720080733299255,0.5716928243637085,0.37578306494801317
1936,0.08368360251188278,0.9949289560317993,0.5578092932701111,0.557610809803009,0.25557838684048634
1937,0.10144618153572083,0.9918863773345947,0.5532454252243042,0.5500327944755554,0.33276294768120523
1938,0.10587937384843826,0.9949289560317993,0.5725151896476746,0.5681723356246948,0.44050910011857
1939,0.0650627464056015,0.9898579716682434,0.5836713910102844,0.5785548090934753,0.18734829921313165
1940,0.07421153038740158,0.993914783000946,0.5786004066467285,0.5741989016532898,0.28327888436842863
1941,0.0900249034166336,0.9969573616981506,0.5644016265869141,0.5592219233512878,0.2634528728845839
1942,0.08210267126560211,0.9969573616981506,0.5567951202392578,0.5514051914215088,0.2821074910513095
1943,0.09116873890161514,0.9979715943336487,0.5588235259056091,0.5558804273605347,0.3601089826243813
1944,0.09807907044887543,0.9959431886672974,0.5578092932701111,0.5570737719535828,0.3182292046631193
1945,0.08618694543838501,0.9959431886672974,0.5522312521934509,0.5542096495628357,0.21574210600399385
1946,0.07681271433830261,0.9959431886672974,0.5502028465270996,0.553970992565155,0.34162240185109394
1947,0.08171585947275162,0.9969573616981506,0.5517241358757019,0.5566561222076416,0.27085980745079613
1948,0.08900798857212067,0.9959431886672974,0.5552738308906555,0.5609523057937622,0.3709407101069726
1949,0.0885913297533989,0.9979715943336487,0.5593306422233582,0.564174473285675,0.27196182527120316
1950,0.0872061476111412,0.9979715943336487,0.5618661046028137,0.5645921230316162,0.3553247750784827
1951,0.1011059433221817,0.9979715943336487,0.5552738308906555,0.5641148090362549,0.39572321122089943
1952,0.07793238759040833,0.9959431886672974,0.5567951202392578,0.5640551447868347,0.22743445592095934
1953,0.08361059427261353,0.9949289560317993,0.5598376989364624,0.5643534660339355,0.27415218606677677
1954,0.07589910179376602,0.9969573616981506,0.5593306422233582,0.5650098323822021,0.25531220522476117
1955,0.07346723228693008,0.9959431886672974,0.5532454252243042,0.5651291608810425,0.18183710162593952
1956,0.11794553697109222,0.9949289560317993,0.5608519315719604,0.5619069933891296,0.4808860369843797
1957,0.07904881983995438,0.9929006099700928,0.5623732209205627,0.5582671761512756,0.23196368049000146
1958,0.08997713029384613,0.9918863773345947,0.563894510269165,0.5548063516616821,0.6077637733075959
1959,0.09589219093322754,0.9929006099700928,0.5664300322532654,0.5650098323822021,0.44213340177777294
1960,0.09562017768621445,0.9918863773345947,0.5760648846626282,0.5687689781188965,0.3940362407630341
1961,0.0782434493303299,0.9959431886672974,0.5740364789962769,0.566561222076416,0.25084834929538363
1962,0.10043653100728989,0.9929006099700928,0.5750507116317749,0.5641148090362549,0.4969700875235248
1963,0.08829480409622192,0.9918863773345947,0.5735294222831726,0.5612506866455078,0.19290004793759877
1964,0.1054491400718689,0.9929006099700928,0.5720080733299255,0.5665015578269958,0.3638848440406809
1965,0.07887391746044159,0.9969573616981506,0.5791074633598328,0.5707380771636963,0.20152071988518672
1966,0.09250224381685257,0.9898579716682434,0.5786004066467285,0.571871817111969,0.567175200828132
1967,0.10796339064836502,0.9908722043037415,0.5760648846626282,0.5651888251304626,0.3635636015889475
1968,0.12491916865110397,0.9959431886672974,0.5709939002990723,0.5581478476524353,0.4468205549221508
1969,0.09037017822265625,0.9929006099700928,0.563894510269165,0.5554627180099487,0.26263857499333876
1970,0.12864883244037628,0.9949289560317993,0.5791074633598328,0.5722298622131348,0.6019440114524924
1971,0.0993424579501152,0.9888437986373901,0.5796145796775818,0.5763470530509949,0.3906330479412523
1972,0.12374302744865417,0.9969573616981506,0.5715010166168213,0.5688883662223816,0.38897924738353173
1973,0.11376290023326874,0.9908722043037415,0.568965494632721,0.5626230835914612,0.4094986807624189
1974,0.10289061814546585,0.993914783000946,0.563387393951416,0.5599379539489746,0.3199057925799546
1975,0.10013671219348907,0.9969573616981506,0.5760648846626282,0.5683513283729553,0.32104430229215636
1976,0.09744680672883987,0.993914783000946,0.5735294222831726,0.5684109926223755,0.3056369785111163
1977,0.08983633667230606,0.9959431886672974,0.5628803372383118,0.5674563050270081,0.3466269257770638
1978,0.09446398913860321,0.9949289560317993,0.5704867839813232,0.5650098323822021,0.27023705186739577
1979,0.09169097989797592,0.9929006099700928,0.5740364789962769,0.5700220465660095,0.8803947057163041
1980,0.08948133140802383,0.9878295660018921,0.5796145796775818,0.569843053817749,0.21918293771575043
1981,0.10863126814365387,0.9898579716682434,0.5760648846626282,0.564532458782196,0.28469347799892264
1982,0.11190307140350342,0.9888437986373901,0.569979727268219,0.562921404838562,0.32866058097333883
1983,0.15113918483257294,0.9908722043037415,0.5654157996177673,0.5611312985420227,0.2784171307973941
1984,0.11001953482627869,0.9918863773345947,0.5730223059654236,0.557610809803009,0.35929424809484123
1985,0.1255890280008316,0.9908722043037415,0.5704867839813232,0.558028519153595,0.35686128421809576
1986,0.13234645128250122,0.9898579716682434,0.5644016265869141,0.5548063516616821,0.37508481361986556
1987,0.10480199009180069,0.9898579716682434,0.5720080733299255,0.5590428709983826,0.28672816271119417
1988,0.1129041314125061,0.9918863773345947,0.5811358690261841,0.569843053817749,0.2685386648330701
1989,0.09313925355672836,0.9908722043037415,0.5851926803588867,0.5770033597946167,0.17628175509286356
1990,0.11085181683301926,0.9949289560317993,0.58620685338974,0.5746762752532959,0.23903764153495516
1991,0.0917697325348854,0.9929006099700928,0.5791074633598328,0.5695447325706482,0.22728229939274555
1992,0.1132846400141716,0.9959431886672974,0.5725151896476746,0.5681126713752747,0.2635256225894256
1993,0.09689342975616455,0.9969573616981506,0.5750507116317749,0.5717524886131287,0.45435822127330033
1994,0.10736862570047379,0.993914783000946,0.5735294222831726,0.5656065344810486,0.5226205178303297
1995,0.10632762312889099,0.993914783000946,0.5669370889663696,0.5545080304145813,0.2584167320611458
1996,0.09368015080690384,0.9878295660018921,0.5547667145729065,0.5413210391998291,0.6216007044248372
1997,0.14149336516857147,0.9929006099700928,0.5618661046028137,0.5522405505180359,0.6033704588506081
1998,0.13053667545318604,0.993914783000946,0.5598376989364624,0.5623843669891357,0.3938207149438809
1999,0.11991355568170547,0.9898579716682434,0.5715010166168213,0.5721701383590698,0.4299878874838832
2000,0.10514386743307114,0.9898579716682434,0.5770791172981262,0.5748552680015564,0.8003952382680467
2001,0.13229475915431976,0.9898579716682434,0.5760648846626282,0.5735425353050232,0.3870009502677118
2002,0.11879722774028778,0.9929006099700928,0.58620685338974,0.5774807333946228,0.3623790933769769
2003,0.111781045794487,0.9918863773345947,0.5826571583747864,0.5758696794509888,0.5278235448887334
2004,0.12006526440382004,0.9898579716682434,0.5917849540710449,0.5789724588394165,0.3046647861032641
2005,0.14699937403202057,0.9908722043037415,0.5973630547523499,0.583328366279602,0.724795362496933
2006,0.11926940828561783,0.9918863773345947,0.5917849540710449,0.5827913284301758,0.2843692445579276
2007,0.11933586001396179,0.9878295660018921,0.5912778973579407,0.5796884894371033,0.25270992898711114
2008,0.1264178305864334,0.9868153929710388,0.58620685338974,0.576406717300415,0.30800266658960124
2009,0.12662382423877716,0.9908722043037415,0.5902636647224426,0.5782564282417297,0.3174658285405228
2010,0.12073035538196564,0.9898579716682434,0.5943204760551453,0.5796884894371033,0.4247465059312685
2011,0.10244843363761902,0.9949289560317993,0.5786004066467285,0.5784951448440552,0.27113730984228107
2012,0.10700931400060654,0.9929006099700928,0.5715010166168213,0.5699027180671692,0.3381557224636769
2013,0.13574592769145966,0.9959431886672974,0.5725151896476746,0.5688883662223816,0.31821080013965325
2014,0.10261506587266922,0.993914783000946,0.563387393951416,0.5675756335258484,0.4074776845138351
2015,0.10285094380378723,0.993914783000946,0.5664300322532654,0.5728265047073364,0.297936549163783
2016,0.10814695805311203,0.9918863773345947,0.5770791172981262,0.571871817111969,0.26311637463258986
2017,0.08711008727550507,0.9918863773345947,0.5765720009803772,0.5728265047073364,0.17344064975645346
2018,0.09359623491764069,0.9918863773345947,0.5770791172981262,0.5733635425567627,0.2178342501867827
2019,0.10410648584365845,0.9959431886672974,0.5770791172981262,0.5765857100486755,0.25880772388690526
2020,0.08613115549087524,0.9949289560317993,0.5740364789962769,0.5758100152015686,0.22322596761256192
2021,0.08921728283166885,0.9959431886672974,0.5755577683448792,0.5700817108154297,0.21637689079075653
2022,0.09653379768133163,0.9959431886672974,0.5765720009803772,0.5635181069374084,0.4373861666419647
2023,0.11784134805202484,0.993914783000946,0.563894510269165,0.5651291608810425,0.8734494136727439
2024,0.10756946355104446,0.9908722043037415,0.5745435953140259,0.5700817108154297,0.3749497045449584
2025,0.12074057757854462,0.9898579716682434,0.5791074633598328,0.5715734958648682,0.3798668019089206
2026,0.12303273379802704,0.9898579716682434,0.5623732209205627,0.5590428709983826,0.4372326702487606
2027,0.10407397896051407,0.9949289560317993,0.5583164095878601,0.5598185658454895,0.45675758717394316
2028,0.13209345936775208,0.9929006099700928,0.5623732209205627,0.5707977414131165,0.40793544359772327
2029,0.10748375207185745,0.9898579716682434,0.563387393951416,0.5746762752532959,0.35740842094242736
2030,0.11495348066091537,0.993914783000946,0.5679513216018677,0.5738409161567688,0.2726269591045561
2031,0.09809911996126175,0.9918863773345947,0.5679513216018677,0.5712751150131226,0.18320748272929233
2032,0.10732516646385193,0.993914783000946,0.5715010166168213,0.5759890079498291,0.585627607270279
2033,0.11805059760808945,0.9898579716682434,0.5765720009803772,0.5833880305290222,0.30594628159423387
2034,0.11147454380989075,0.993914783000946,0.5851926803588867,0.5839847326278687,0.2701926906249602
2035,0.08916758000850677,0.993914783000946,0.5775861740112305,0.5770630836486816,0.2130193641139747
2036,0.08769458532333374,0.9918863773345947,0.5735294222831726,0.5703800916671753,0.230255578036304
2037,0.10049619525671005,0.9959431886672974,0.5730223059654236,0.5712751150131226,0.30191419672419345
2038,0.09394507110118866,0.9969573616981506,0.5684583783149719,0.5724088549613953,0.20252697452939716
2039,0.09340023249387741,0.9949289560317993,0.568965494632721,0.5743779540061951,0.21267103322845063
2040,0.09418011456727982,0.9969573616981506,0.5644016265869141,0.5703204274177551,0.22003008713550223
2041,0.0822625681757927,0.9918863773345947,0.5578092932701111,0.559639573097229,0.22596338154883464
2042,0.10615929216146469,0.9918863773345947,0.5588235259056091,0.5578495264053345,0.5741679669859107
2043,0.08895999938249588,0.9959431886672974,0.5654157996177673,0.567336916923523,0.2154306850021468
2044,0.08235496282577515,0.9949289560317993,0.5730223059654236,0.567814290523529,0.232413976279989
2045,0.08181759715080261,0.9949289560317993,0.569979727268219,0.5657855272293091,0.22943265138225447
2046,0.08522479236125946,0.9979715943336487,0.5725151896476746,0.5664418935775757,0.17736569096534083
2047,0.07702011615037918,0.9969573616981506,0.5704867839813232,0.5690076947212219,0.2606523098595477
2048,0.10039018839597702,0.9979715943336487,0.5740364789962769,0.5688883662223816,0.2936622792882994
2049,0.08380573242902756,0.9979715943336487,0.5674442052841187,0.5663822293281555,0.2160358390140493
2050,0.08228284120559692,0.9979715943336487,0.5603448152542114,0.5632197260856628,0.19490297333952372
2051,0.10329223424196243,0.9979715943336487,0.5532454252243042,0.5647115111351013,0.33337947345338953
2052,0.09357810020446777,0.9969573616981506,0.563387393951416,0.5715137720108032,0.2856573419368703
2053,0.08364355564117432,0.9959431886672974,0.5684583783149719,0.5733635425567627,0.20868904782159933
2054,0.08131490647792816,0.9969573616981506,0.5704867839813232,0.5713944435119629,0.2607452473686448
2055,0.09148730337619781,0.9959431886672974,0.569979727268219,0.567814290523529,0.32967002746525476
2056,0.08622752875089645,0.9969573616981506,0.5669370889663696,0.568231999874115,0.27959816887996536
2057,0.08176106214523315,0.9969573616981506,0.568965494632721,0.571871817111969,0.17933002101158277
2058,0.070227712392807,0.9969573616981506,0.5674442052841187,0.5730055570602417,0.15590368846240138
2059,0.07384977489709854,0.9969573616981506,0.568965494632721,0.5719911456108093,0.17668952058152088
2060,0.0752909854054451,0.9959431886672974,0.5593306422233582,0.5656065344810486,0.20533842268521138
2061,0.08062054216861725,0.9969573616981506,0.5527383089065552,0.5615490078926086,0.3365335245073235
2062,0.0805550143122673,0.9969573616981506,0.5552738308906555,0.5595202445983887,0.2858740228057565
2063,0.07686370611190796,0.9979715943336487,0.5552738308906555,0.5599976181983948,0.1773831259202773
2064,0.0728256031870842,0.9969573616981506,0.5578092932701111,0.562921404838562,0.28636514686826686
2065,0.0688677430152893,0.9959431886672974,0.5628803372383118,0.5644727945327759,0.12511605661178768
2066,0.06477998942136765,0.9949289560317993,0.5659229159355164,0.5659645199775696,0.16895763907902028
2067,0.07551009953022003,0.9949289560317993,0.5603448152542114,0.5664418935775757,0.21415508494912133
2068,0.08997940272092819,0.9969573616981506,0.5598376989364624,0.568231999874115,0.301804689612036
2069,0.0709967091679573,0.9979715943336487,0.5562880039215088,0.5675159692764282,0.1567705230486787
2070,0.08283647894859314,0.9979715943336487,0.5593306422233582,0.5670385956764221,0.2536005364495089
2071,0.06562244892120361,0.9979715943336487,0.5603448152542114,0.564950168132782,0.1476850085673047
2072,0.06205180659890175,0.9979715943336487,0.568965494632721,0.5654872059822083,0.15462018306048828
2073,0.07140591740608215,0.9969573616981506,0.5709939002990723,0.5652484893798828,0.2226022738536095
2074,0.07112345844507217,0.998985767364502,0.5649086833000183,0.5609523057937622,0.13851121990650733
2075,0.06924671679735184,0.9979715943336487,0.5573022365570068,0.5606539845466614,0.19309608742120166
2076,0.07620733231306076,0.9969573616981506,0.5552738308906555,0.5599976181983948,0.19032748841133165
2077,0.0593566931784153,0.9979715943336487,0.5567951202392578,0.5611909627914429,0.2883910066678434
2078,0.07398701459169388,0.9979715943336487,0.5578092932701111,0.5643534660339355,0.24109702532592445
2079,0.07663775980472565,0.9979715943336487,0.5588235259056091,0.562921404838562,0.2890175974575304
2080,0.07871132344007492,0.9969573616981506,0.5598376989364624,0.5633987784385681,0.3757483047297238
2081,0.07099531590938568,0.9979715943336487,0.5623732209205627,0.5670385956764221,0.24829521122073941
2082,0.082969069480896,0.993914783000946,0.5476673245429993,0.553970992565155,1.5434242889740974
2083,0.10888275504112244,0.9949289560317993,0.5552738308906555,0.5671579241752625,0.6579375860591782
2084,0.08171539753675461,0.9868153929710388,0.5573022365570068,0.5658451914787292,0.2442013940134543
2085,0.10537626594305038,0.9817444086074829,0.5507099032402039,0.5538516640663147,0.3267827048689231
2086,0.13174404203891754,0.9888437986373901,0.5446247458457947,0.553970992565155,0.4403402395303683
2087,0.11256253719329834,0.993914783000946,0.5507099032402039,0.5605943202972412,0.42056288453880175
2088,0.08483394235372543,0.9918863773345947,0.5598376989364624,0.565308153629303,0.3078026373620007
2089,0.10009613633155823,0.9898579716682434,0.5704867839813232,0.5702010989189148,0.3611431605702063
2090,0.13309675455093384,0.9918863773345947,0.569979727268219,0.5776000618934631,0.39256755950836236
2091,0.10399989783763885,0.993914783000946,0.5628803372383118,0.5699027180671692,0.3137394359693715
2092,0.12333612889051437,0.9898579716682434,0.5628803372383118,0.5677546262741089,0.7582908780157906
2093,0.09990761429071426,0.9888437986373901,0.5679513216018677,0.5734232068061829,0.30873179462758954
2094,0.09408623725175858,0.9949289560317993,0.5618661046028137,0.5694253444671631,0.33910003043221426
2095,0.09738627076148987,0.9969573616981506,0.5532454252243042,0.5603556036949158,0.2104520050067608
2096,0.092017263174057,0.9959431886672974,0.5476673245429993,0.5545676946640015,0.2186576700122902
2097,0.11952005326747894,0.9969573616981506,0.5496957302093506,0.5605943202972412,0.35180003148959704
2098,0.11336292326450348,0.9898579716682434,0.5644016265869141,0.5730652213096619,0.42459592936373175
2099,0.11990852653980255,0.9908722043037415,0.563387393951416,0.5688287019729614,0.47528665359418665
2100,0.09884444624185562,0.993914783000946,0.5583164095878601,0.5564771294593811,0.27394246741282163
2101,0.10847615450620651,0.9959431886672974,0.5567951202392578,0.5614296793937683,0.3106708783706791
2102,0.12345115840435028,0.9959431886672974,0.5715010166168213,0.5737215876579285,0.36899226618048964
2103,0.08197157084941864,0.9918863773345947,0.5725151896476746,0.5750343203544617,0.2313499343753845
2104,0.10567670315504074,0.9949289560317993,0.5608519315719604,0.5660839080810547,0.3458852820416446
2105,0.08709082752466202,0.9929006099700928,0.5512170195579529,0.5540903210639954,0.2967997587179402
2106,0.11625451594591141,0.9949289560317993,0.5542595982551575,0.5607733130455017,0.41291902407110126
2107,0.09260687232017517,0.9979715943336487,0.5735294222831726,0.5760486721992493,0.41798664204714214
2108,0.1301996111869812,0.9908722043037415,0.5801216959953308,0.5749149322509766,0.40461830143798755
2109,0.10766268521547318,0.993914783000946,0.5684583783149719,0.5672175884246826,0.29152590558670993
2110,0.08897978067398071,0.9898579716682434,0.5542595982551575,0.556357741355896,0.29020022282742725
2111,0.12251584976911545,0.9969573616981506,0.5593306422233582,0.5640551447868347,0.3784606572510374
2112,0.0939735546708107,0.9929006099700928,0.5573022365570068,0.5681723356246948,0.20552536293909737
2113,0.0959964320063591,0.993914783000946,0.5593306422233582,0.5707977414131165,0.2942142187029339
2114,0.10227084904909134,0.993914783000946,0.5573022365570068,0.5659645199775696,0.28532804962709685
2115,0.11460528522729874,0.9929006099700928,0.5598376989364624,0.565308153629303,0.2561748675169671
2116,0.08932971954345703,0.993914783000946,0.5613589882850647,0.5648308396339417,0.34119346523952554
2117,0.09022484719753265,0.9959431886672974,0.5669370889663696,0.5715137720108032,0.5524031456388534
2118,0.09316655248403549,0.9929006099700928,0.56947261095047,0.5744376182556152,0.2235374722144598
2119,0.09734999388456345,0.9929006099700928,0.5613589882850647,0.5716331601142883,0.2217117671000538
2120,0.08198174089193344,0.9918863773345947,0.5593306422233582,0.5680529475212097,0.20637292545239128
2121,0.10513127595186234,0.9929006099700928,0.5527383089065552,0.557610809803009,0.3255695943025767
2122,0.08698045462369919,0.9898579716682434,0.5562880039215088,0.557252824306488,0.6330612694846358
2123,0.09449359774589539,0.993914783000946,0.5603448152542114,0.5675756335258484,0.39183123487039145
2124,0.12630517780780792,0.9929006099700928,0.56947261095047,0.5722298622131348,0.40561827394582156
2125,0.09109967947006226,0.9929006099700928,0.5684583783149719,0.5714541077613831,0.24706430429942455
2126,0.09634850174188614,0.9908722043037415,0.5715010166168213,0.5719911456108093,0.29570840275337174
2127,0.10856787860393524,0.9929006099700928,0.5704867839813232,0.5712751150131226,0.2804027975688597
2128,0.09580006450414658,0.9908722043037415,0.5704867839813232,0.5700817108154297,0.2367233391978809
2129,0.08367094397544861,0.9898579716682434,0.5679513216018677,0.5687093138694763,0.6553478286852267
2130,0.10576722770929337,0.9929006099700928,0.56947261095047,0.5732442140579224,0.3126582821915547
2131,0.09868504106998444,0.9918863773345947,0.5654157996177673,0.570618748664856,0.22975667736443467
2132,0.08359971642494202,0.993914783000946,0.5613589882850647,0.5631003975868225,0.2768677775847021
2133,0.12264867126941681,0.9908722043037415,0.5644016265869141,0.5716331601142883,0.9004251672859901
2134,0.09886506199836731,0.9929006099700928,0.5547667145729065,0.568231999874115,0.2607250038579503
2135,0.1337294727563858,0.9918863773345947,0.5502028465270996,0.5577898025512695,0.445997336895177
2136,0.13445883989334106,0.993914783000946,0.5567951202392578,0.5678739547729492,0.3757395712467188
2137,0.10295688360929489,0.9898579716682434,0.563387393951416,0.5748552680015564,0.20484513787471495
2138,0.10761219263076782,0.9918863773345947,0.5588235259056091,0.5795094966888428,0.6767169901883737
2139,0.12335112690925598,0.9898579716682434,0.5547667145729065,0.5716928243637085,0.3906985756475591
2140,0.12720224261283875,0.9898579716682434,0.5502028465270996,0.5687093138694763,0.3207807434274876
2141,0.10962292551994324,0.9888437986373901,0.5608519315719604,0.5746166110038757,0.3079730721554709
2142,0.11778093129396439,0.9918863773345947,0.5608519315719604,0.5752729773521423,0.2615523431470998
2143,0.10511114448308945,0.9888437986373901,0.5578092932701111,0.5761083364486694,0.5333000953446793
2144,0.13537365198135376,0.993914783000946,0.5613589882850647,0.5745569467544556,0.2658044508304188
2145,0.12246466428041458,0.9929006099700928,0.5623732209205627,0.5761680006980896,0.353237993431874
2146,0.13904573023319244,0.993914783000946,0.5542595982551575,0.5710364580154419,0.34201373244126104
2147,0.12943564355373383,0.9949289560317993,0.5552738308906555,0.5716928243637085,0.2909339396838921
2148,0.13355500996112823,0.993914783000946,0.5588235259056091,0.5736619234085083,0.3907491829480521
2149,0.10311529785394669,0.9949289560317993,0.5649086833000183,0.5718121528625488,0.551902237486265
2150,0.1092226579785347,0.9929006099700928,0.5618661046028137,0.5710961222648621,0.4773760286202428
2151,0.11852677911520004,0.9878295660018921,0.563387393951416,0.5737215876579285,0.4348578955457611
2152,0.1180761307477951,0.9908722043037415,0.5679513216018677,0.5756309628486633,0.276639354250764
2153,0.15763406455516815,0.9918863773345947,0.5791074633598328,0.5823736190795898,0.43500068646121254
2154,0.10563340783119202,0.9918863773345947,0.5735294222831726,0.5757503509521484,0.43203873474390947
2155,0.12216568738222122,0.9908722043037415,0.5755577683448792,0.57425856590271,0.33127265696278585
2156,0.12515497207641602,0.9918863773345947,0.5801216959953308,0.582850992679596,0.25874919488681397
2157,0.10789903253316879,0.9949289560317993,0.5745435953140259,0.5801658630371094,0.43097001240670335
2158,0.11447318643331528,0.9929006099700928,0.568965494632721,0.5697237253189087,0.33473907353279575
2159,0.11280176788568497,0.9949289560317993,0.5791074633598328,0.5774210691452026,0.39041816283152614
2160,0.10188209265470505,0.9929006099700928,0.5786004066467285,0.5805239081382751,0.1899062241656822
2161,0.12507767975330353,0.993914783000946,0.5760648846626282,0.5799868702888489,0.28835069615364706
2162,0.11416805535554886,0.9949289560317993,0.563387393951416,0.5719911456108093,0.3060923099145796
2163,0.09736625850200653,0.9929006099700928,0.563894510269165,0.5653678774833679,0.23370284922881723
2164,0.10137898474931717,0.993914783000946,0.5674442052841187,0.5690673589706421,0.3350729766757143
2165,0.09735912084579468,0.9918863773345947,0.5735294222831726,0.5773614048957825,0.27744748941040315
2166,0.0950608178973198,0.9918863773345947,0.5679513216018677,0.5750343203544617,0.21112392260750115
2167,0.08585665374994278,0.993914783000946,0.5598376989364624,0.5653678774833679,0.2657742450818285
2168,0.08305298537015915,0.9929006099700928,0.5527383089065552,0.5585655570030212,0.18010687437204603
2169,0.10316585004329681,0.9969573616981506,0.5628803372383118,0.5676949620246887,0.3883329995780859
2170,0.08480115979909897,0.9959431886672974,0.5654157996177673,0.5676352977752686,0.3407510004664323
2171,0.08084061741828918,0.9969573616981506,0.5593306422233582,0.5629810690879822,0.32450137562017645
2172,0.08695052564144135,0.9949289560317993,0.5512170195579529,0.5586848855018616,0.19185607303505803
2173,0.10031701624393463,0.993914783000946,0.5557809472084045,0.559281587600708,0.3867904951454085
2174,0.07495120912790298,0.9979715943336487,0.5664300322532654,0.5686496496200562,0.2562637999731847
2175,0.07679731398820877,0.9969573616981506,0.5755577683448792,0.5739602446556091,0.14135128176841744
2176,0.08436710387468338,0.9949289560317993,0.5715010166168213,0.5730055570602417,0.2528317612833564
2177,0.10724494606256485,0.9969573616981506,0.569979727268219,0.5687689781188965,0.35995290073719305
2178,0.08580464869737625,0.9969573616981506,0.5679513216018677,0.5667402744293213,0.22083478748177435
2179,0.08810839056968689,0.9969573616981506,0.5567951202392578,0.5586848855018616,0.38900663927034346
2180,0.08989640325307846,0.9949289560317993,0.5598376989364624,0.5544483661651611,0.22360576246667413
2181,0.07551899552345276,0.9969573616981506,0.5578092932701111,0.5582075119018555,0.24794728965966276
2182,0.07614406198263168,0.9979715943336487,0.5593306422233582,0.5589832067489624,0.33217586881026484
2183,0.08076626062393188,0.9949289560317993,0.5598376989364624,0.5595799088478088,0.2719829464007472
2184,0.07778321206569672,0.9929006099700928,0.5512170195579529,0.5573124885559082,0.19130550488477846
2185,0.0778941735625267,0.9949289560317993,0.5608519315719604,0.5638760924339294,0.2761663886325712
2186,0.07283063232898712,0.9949289560317993,0.5618661046028137,0.5655468702316284,0.2559623740932376
2187,0.07512929290533066,0.993914783000946,0.5578092932701111,0.5639357566833496,0.1932506568151113
2188,0.08327573537826538,0.9949289560317993,0.5578092932701111,0.5626230835914612,0.2113498695383882
2189,0.07848034054040909,0.9959431886672974,0.5578092932701111,0.564532458782196,0.4929240785842404
2190,0.07416501641273499,0.9959431886672974,0.5598376989364624,0.5665015578269958,0.18305038863494724
2191,0.08976774662733078,0.9929006099700928,0.5679513216018677,0.5675159692764282,0.2099305345649546
2192,0.07596951723098755,0.9929006099700928,0.569979727268219,0.5697833895683289,0.249387127958712
2193,0.10067304968833923,0.9959431886672974,0.5735294222831726,0.5679336190223694,0.29349980815121685
2194,0.08338004350662231,0.9959431886672974,0.5644016265869141,0.561668336391449,0.38420550724723557
2195,0.081002376973629,0.9969573616981506,0.5603448152542114,0.564532458782196,0.355160460884249
2196,0.07968076318502426,0.993914783000946,0.5522312521934509,0.5611312985420227,0.29525736373830397
2197,0.08191001415252686,0.9929006099700928,0.5441176295280457,0.5552837252616882,0.2687019746206574
2198,0.08680207282304764,0.9929006099700928,0.5486815571784973,0.5599379539489746,0.38322331813586613
2199,0.06969012320041656,0.9969573616981506,0.5552738308906555,0.5656661987304688,0.14625902445259736
2200,0.09421743452548981,0.9959431886672974,0.563894510269165,0.5678739547729492,0.30406079125450425
2201,0.08488744497299194,0.9979715943336487,0.5649086833000183,0.5657855272293091,0.24230388981826767
2202,0.08743442595005035,0.9969573616981506,0.5644016265869141,0.5687093138694763,0.260340880754087
2203,0.07267962396144867,0.9979715943336487,0.5649086833000183,0.569485068321228,0.16042316878933183
2204,0.09118783473968506,0.9979715943336487,0.563387393951416,0.5647711753845215,0.2655290525085343
2205,0.07254838198423386,0.998985767364502,0.5644016265869141,0.563279390335083,0.21147451303049697
2206,0.08534557372331619,0.9979715943336487,0.5709939002990723,0.5739602446556091,0.6695907277555447
2207,0.08349968492984772,0.9959431886672974,0.56947261095047,0.5743182897567749,0.34571389789309737
2208,0.08118259906768799,0.9898579716682434,0.56947261095047,0.5662629008293152,0.3178237455265356
2209,0.07697978615760803,0.9949289560317993,0.5709939002990723,0.5718121528625488,0.4876466990600829
2210,0.0734543427824974,0.9959431886672974,0.5735294222831726,0.5790321230888367,0.2023208723974344
2211,0.09480928629636765,0.9969573616981506,0.5674442052841187,0.5732442140579224,0.2896114554619793
2212,0.08549926429986954,0.998985767364502,0.5588235259056091,0.5617280006408691,0.2828929657122574
2213,0.07279343903064728,0.9979715943336487,0.5562880039215088,0.5594605803489685,0.16476999425445696
2214,0.08570914715528488,0.9969573616981506,0.563894510269165,0.5672175884246826,0.40119564391443363
2215,0.08912937343120575,0.9969573616981506,0.5583164095878601,0.5641148090362549,0.30556940820129025
2216,0.08938641101121902,0.9979715943336487,0.5507099032402039,0.5568351149559021,0.24123007673937244
2217,0.08246327191591263,0.9959431886672974,0.5491886138916016,0.5536726117134094,0.2698129002410549
2218,0.09554122388362885,0.9969573616981506,0.5552738308906555,0.5611312985420227,0.253943193881901
2219,0.07655707746744156,0.9949289560317993,0.5608519315719604,0.566203236579895,0.3044768734683683
2220,0.08718610554933548,0.9969573616981506,0.5654157996177673,0.5664418935775757,0.24835175805335075
2221,0.08485465496778488,0.9959431886672974,0.5618661046028137,0.5678739547729492,0.19784688181381369
2222,0.07732758671045303,0.9969573616981506,0.5583164095878601,0.5642341375350952,0.18617634689724008
2223,0.07081328332424164,0.9979715943336487,0.5588235259056091,0.5676352977752686,0.16169745822874035
2224,0.07313650846481323,0.9979715943336487,0.5654157996177673,0.5712154507637024,0.2302019825802301
2225,0.06643054634332657,0.9979715943336487,0.5598376989364624,0.5644131302833557,0.15263823575125593
2226,0.08299967646598816,0.998985767364502,0.563387393951416,0.5680529475212097,0.2251249303167186
2227,0.06493211537599564,0.998985767364502,0.5654157996177673,0.5718121528625488,0.23513141487819583
2228,0.07804663479328156,0.9969573616981506,0.5628803372383118,0.5683513283729553,0.20288958354614525
2229,0.07972914725542068,0.9959431886672974,0.5613589882850647,0.5638760924339294,0.1761851709139271
2230,0.08344615250825882,0.9969573616981506,0.5623732209205627,0.5647711753845215,0.2351910015322908
2231,0.07850204408168793,0.9979715943336487,0.5709939002990723,0.5716331601142883,1.0018498464463708
2232,0.07835976034402847,0.9959431886672974,0.5649086833000183,0.5724088549613953,0.2965820677219101
2233,0.07766947895288467,0.9969573616981506,0.5603448152542114,0.5706784129142761,0.21735242574349925
2234,0.08186401426792145,0.9959431886672974,0.5644016265869141,0.5672175884246826,0.2632091044109368
2235,0.09460002183914185,0.9969573616981506,0.563387393951416,0.5663225650787354,0.22295426685568726
2236,0.09406082332134247,0.9969573616981506,0.5628803372383118,0.5640551447868347,0.20375950409407703
2237,0.09342146664857864,0.9969573616981506,0.5613589882850647,0.5628020763397217,0.4764483213353205
2238,0.07756039500236511,0.993914783000946,0.5613589882850647,0.5591025352478027,0.2078160146630816
2239,0.10089866816997528,0.993914783000946,0.563387393951416,0.5634584426879883,0.25608054342501024
2240,0.09863821417093277,0.9949289560317993,0.5730223059654236,0.5707380771636963,0.3232110396800619
2241,0.08086972683668137,0.9959431886672974,0.5740364789962769,0.5716928243637085,0.35567067790691204
2242,0.09477877616882324,0.9969573616981506,0.5704867839813232,0.5691270232200623,0.22556185259961872
2243,0.07863190770149231,0.9959431886672974,0.5649086833000183,0.5662629008293152,0.22690248954702638
2244,0.08159392327070236,0.9949289560317993,0.5664300322532654,0.566203236579895,0.20156755167376578
2245,0.08880039304494858,0.9949289560317993,0.563894510269165,0.5620860457420349,0.35680424813271583
2246,0.09638606011867523,0.9959431886672974,0.5623732209205627,0.5623843669891357,0.26525654404883187
2247,0.08584573119878769,0.9969573616981506,0.5654157996177673,0.5630407333374023,0.3377603288880052
2248,0.0871887356042862,0.9969573616981506,0.5644016265869141,0.5620860457420349,0.24846538136339996
2249,0.08240514993667603,0.9949289560317993,0.5593306422233582,0.5569544434547424,0.32730347274555754
2250,0.06935582309961319,0.993914783000946,0.5573022365570068,0.5548063516616821,0.16576433187392012
2251,0.09212281554937363,0.9959431886672974,0.5679513216018677,0.5607733130455017,0.3010118087743427
2252,0.08051586151123047,0.9959431886672974,0.5654157996177673,0.5638760924339294,0.1834593871165614
2253,0.08169353008270264,0.9969573616981506,0.5654157996177673,0.5598185658454895,0.25579584094491004
2254,0.08177106082439423,0.9929006099700928,0.5537525415420532,0.5475267171859741,0.3631992344846432
2255,0.09343349188566208,0.9929006099700928,0.5593306422233582,0.5509278178215027,0.4246335081476286
2256,0.09123632311820984,0.9929006099700928,0.563894510269165,0.5626230835914612,0.3411204712749292
2257,0.09241738170385361,0.993914783000946,0.5567951202392578,0.5589235424995422,0.5634600046521094
2258,0.07641172409057617,0.9949289560317993,0.5512170195579529,0.5551047325134277,0.22365017030461876
2259,0.08867169171571732,0.993914783000946,0.5542595982551575,0.5535532832145691,0.32021221736398725
2260,0.08385255187749863,0.9949289560317993,0.5573022365570068,0.5571931600570679,0.6175901630535616
2261,0.09261411428451538,0.9929006099700928,0.5659229159355164,0.5648905038833618,0.21654607077398447
2262,0.0978533998131752,0.9969573616981506,0.5664300322532654,0.5595799088478088,0.28239919818733755
2263,0.07790623605251312,0.9959431886672974,0.5628803372383118,0.5574914813041687,0.24096793186869292
2264,0.1016121581196785,0.9949289560317993,0.5608519315719604,0.5596992373466492,0.17559984916516455
2265,0.09798344224691391,0.993914783000946,0.5704867839813232,0.5653678774833679,0.5641247089517444
2266,0.09637661278247833,0.9918863773345947,0.5801216959953308,0.5706784129142761,0.2928471267492577
2267,0.1134563460946083,0.9969573616981506,0.5755577683448792,0.5690673589706421,0.2845060287926328
2268,0.0947103425860405,0.9898579716682434,0.5715010166168213,0.5697237253189087,1.2264760338033132
2269,0.09849867224693298,0.9878295660018921,0.5760648846626282,0.5676352977752686,0.36428310149948917
2270,0.10709168761968613,0.9878295660018921,0.5786004066467285,0.5674563050270081,0.27182139192464705
2271,0.12023454904556274,0.9888437986373901,0.5760648846626282,0.5651888251304626,0.3751443585484324
2272,0.10196524858474731,0.9929006099700928,0.5755577683448792,0.564950168132782,0.24308476532416348
2273,0.12400063872337341,0.9908722043037415,0.5720080733299255,0.5614893436431885,0.2545089345173599
2274,0.14163534343242645,0.9888437986373901,0.5791074633598328,0.5684706568717957,0.45957799479152867
2275,0.1360049843788147,0.993914783000946,0.5826571583747864,0.5722298622131348,0.48761508936614145
2276,0.08895508944988251,0.9949289560317993,0.5841785073280334,0.5750939846038818,0.24049786830056236
2277,0.10885607451200485,0.9908722043037415,0.5897565484046936,0.5778387784957886,0.27652276101405493
2278,0.11563252657651901,0.9929006099700928,0.593306303024292,0.580046534538269,0.20030625612614406
2279,0.1072867214679718,0.993914783000946,0.5887423753738403,0.5789724588394165,0.2089925598683457
2280,0.09136981517076492,0.993914783000946,0.5856997966766357,0.5753326416015625,0.21229752676444238
2281,0.1021668016910553,0.9929006099700928,0.569979727268219,0.5648905038833618,0.3891725307572654
2282,0.11206312477588654,0.993914783000946,0.5669370889663696,0.5605943202972412,0.2901509236387406
2283,0.08678454905748367,0.993914783000946,0.5826571583747864,0.5683513283729553,0.31688579568696057
2284,0.09701909124851227,0.9908722043037415,0.5826571583747864,0.5710364580154419,0.23094055061966356
2285,0.12021300196647644,0.993914783000946,0.5755577683448792,0.5637567639350891,0.39923195092685226
2286,0.10001330077648163,0.993914783000946,0.563387393951416,0.5570737719535828,0.2784780192754388
2287,0.09056288003921509,0.9959431886672974,0.5623732209205627,0.5622650384902954,0.2561472117472652
2288,0.10307426750659943,0.9969573616981506,0.5608519315719604,0.5636374354362488,0.3649577675469847
2289,0.10798966884613037,0.9949289560317993,0.5613589882850647,0.5616086721420288,0.23873031853465748
2290,0.08249303698539734,0.9949289560317993,0.5598376989364624,0.558028519153595,0.14940820423231502
2291,0.0897962749004364,0.9949289560317993,0.5547667145729065,0.5594009160995483,0.21600549076555778
2292,0.08767477422952652,0.9969573616981506,0.5593306422233582,0.5613700151443481,0.18213908677445576
2293,0.08786001801490784,0.9969573616981506,0.563387393951416,0.5639357566833496,0.2527538850205288
2294,0.07731817662715912,0.9969573616981506,0.5588235259056091,0.5607136487960815,0.17446491131550546
2295,0.07915650308132172,0.9949289560317993,0.5649086833000183,0.5602959394454956,0.2509419483105118
2296,0.06592009216547012,0.9969573616981506,0.5725151896476746,0.5675756335258484,0.21890111469619292
2297,0.07434726506471634,0.9979715943336487,0.5760648846626282,0.5697833895683289,0.15950181678228373
2298,0.08653424680233002,0.9969573616981506,0.569979727268219,0.5647115111351013,0.5588086969025968
2299,0.0816814973950386,0.9969573616981506,0.5618661046028137,0.5566561222076416,0.18365844327823364
2300,0.0797029435634613,0.9969573616981506,0.5654157996177673,0.5576704740524292,0.23858825650146107
2301,0.07567380368709564,0.998985767364502,0.5760648846626282,0.5625633597373962,0.22389195277415172
2302,0.09944258630275726,0.998985767364502,0.5791074633598328,0.5666805505752563,0.32078768094543775
2303,0.0808134526014328,0.9979715943336487,0.5679513216018677,0.5598782896995544,0.6241862295093885
2304,0.07866520434617996,0.9969573616981506,0.5649086833000183,0.5608329772949219,0.2402008940282833
2305,0.07195883989334106,0.9959431886672974,0.5679513216018677,0.5645921230316162,0.16097414321060471
2306,0.08095729351043701,0.9959431886672974,0.5796145796775818,0.5681126713752747,0.2650005098373196
2307,0.08939245343208313,0.9949289560317993,0.5841785073280334,0.5695447325706482,0.6169724498895851
2308,0.08129847794771194,0.9959431886672974,0.5836713910102844,0.5656661987304688,0.2161466932472526
2309,0.09245161712169647,0.9949289560317993,0.5715010166168213,0.5607733130455017,0.21294508662265613
2310,0.0842696949839592,0.9949289560317993,0.5740364789962769,0.560892641544342,0.22194231053285715
2311,0.09981582313776016,0.9959431886672974,0.5750507116317749,0.5558207631111145,0.29120023239958814
2312,0.08314969390630722,0.9959431886672974,0.56947261095047,0.5528969168663025,0.474262694767901
2313,0.09293759614229202,0.9959431886672974,0.5664300322532654,0.5506294965744019,0.19233362865578196
2314,0.07850977778434753,0.9959431886672974,0.5709939002990723,0.5541499853134155,0.23134895785058968
2315,0.10198377817869186,0.9959431886672974,0.56947261095047,0.556357741355896,0.327252707683099
2316,0.09315749257802963,0.9969573616981506,0.5770791172981262,0.5577301383018494,0.3001862282080751
2317,0.08331754058599472,0.9949289560317993,0.5811358690261841,0.560892641544342,0.2612268586612467
2318,0.10968136787414551,0.993914783000946,0.5765720009803772,0.5570141077041626,0.3234788805739524
2319,0.11124588549137115,0.9969573616981506,0.56947261095047,0.5533146262168884,0.34751570376644564
2320,0.09581121057271957,0.9959431886672974,0.5730223059654236,0.5573721528053284,0.33917225847711413
2321,0.08692797273397446,0.9969573616981506,0.5811358690261841,0.5638164281845093,0.23193506762712804
2322,0.09316980093717575,0.9969573616981506,0.5791074633598328,0.5611909627914429,0.24105615934198438
2323,0.09965933859348297,0.9969573616981506,0.5725151896476746,0.5532549619674683,0.31039334024330184
2324,0.10506953299045563,0.9949289560317993,0.5725151896476746,0.5491377711296082,0.3915440949560193
2325,0.08389945328235626,0.993914783000946,0.5760648846626282,0.5549256801605225,0.24174665216810418
2326,0.10620671510696411,0.9929006099700928,0.5801216959953308,0.5579688549041748,0.27226730858858417
2327,0.09828945994377136,0.9949289560317993,0.5846855640411377,0.5679336190223694,0.37626687246366347
2328,0.1067480593919754,0.9949289560317993,0.5765720009803772,0.564532458782196,0.2753988191429681
2329,0.0905303806066513,0.9959431886672974,0.5628803372383118,0.5554627180099487,0.4594708017565219
2330,0.09940404444932938,0.9979715943336487,0.5623732209205627,0.5590428709983826,0.37912382488675744
2331,0.09548050165176392,0.993914783000946,0.5679513216018677,0.5650098323822021,0.3039017899176888
2332,0.09996625781059265,0.9929006099700928,0.5735294222831726,0.568589985370636,0.2993923552015608
2333,0.09330864995718002,0.9959431886672974,0.5725151896476746,0.5664418935775757,0.27738857009461076
2334,0.09615367650985718,0.9949289560317993,0.5704867839813232,0.5637567639350891,0.2763368022172615
2335,0.08592411875724792,0.9949289560317993,0.5801216959953308,0.568231999874115,0.6000714550388225
2336,0.08582254499197006,0.9949289560317993,0.5791074633598328,0.5703800916671753,0.19943862969442158
2337,0.06852182000875473,0.9949289560317993,0.5745435953140259,0.5707380771636963,0.23203338940247897
2338,0.07832761108875275,0.993914783000946,0.5684583783149719,0.567814290523529,0.16796189801181788
2339,0.09656117856502533,0.9929006099700928,0.5623732209205627,0.5628617405891418,0.28007282073293105
2340,0.07874822616577148,0.993914783000946,0.5557809472084045,0.5579688549041748,0.27313515688995876
2341,0.09880726784467697,0.9969573616981506,0.5628803372383118,0.5610119700431824,0.44515959718180254
2342,0.07403525710105896,0.9979715943336487,0.5750507116317749,0.5691866874694824,0.269420116371071
2343,0.07895440608263016,0.9959431886672974,0.5730223059654236,0.5682916641235352,0.2792134026727632
2344,0.08497404307126999,0.9949289560317993,0.5628803372383118,0.5622650384902954,0.23201610654236038
2345,0.09001448005437851,0.9929006099700928,0.5679513216018677,0.5620860457420349,0.26325646540333725
2346,0.09121810644865036,0.993914783000946,0.5715010166168213,0.5694253444671631,0.32429733837113417
2347,0.10387209057807922,0.9969573616981506,0.563894510269165,0.5601766109466553,0.49767079702767997
2348,0.09263669699430466,0.9969573616981506,0.5557809472084045,0.5493167638778687,0.28115830575235384
2349,0.08478794246912003,0.9969573616981506,0.5527383089065552,0.5467509627342224,0.2817179947967922
2350,0.09650900959968567,0.9969573616981506,0.5623732209205627,0.5576704740524292,0.40075267647221713
2351,0.08828698098659515,0.9918863773345947,0.5730223059654236,0.5659048557281494,0.21639318258129847
2352,0.09542184323072433,0.9969573616981506,0.5674442052841187,0.5636374354362488,0.30935179062053525
2353,0.09619515389204025,0.9979715943336487,0.5552738308906555,0.5527775883674622,0.4094240948531656
2354,0.09055908024311066,0.9969573616981506,0.5603448152542114,0.5542096495628357,0.23828657017431565
2355,0.08213102072477341,0.998985767364502,0.5674442052841187,0.564950168132782,0.29728460582608784
2356,0.09513096511363983,0.9969573616981506,0.5735294222831726,0.5690076947212219,0.2423370196093976
2357,0.07341085374355316,0.9979715943336487,0.5725151896476746,0.5700220465660095,0.22693776997344456
2358,0.08020179718732834,0.9979715943336487,0.5669370889663696,0.5657855272293091,0.2480327984592692
2359,0.08481591939926147,0.9969573616981506,0.5664300322532654,0.5638164281845093,0.29325199305069344
2360,0.10516814142465591,0.9979715943336487,0.5659229159355164,0.5636374354362488,0.3163542645694479
2361,0.07596229761838913,0.9979715943336487,0.5623732209205627,0.5627424120903015,0.204586428406065
2362,0.07704898715019226,0.9979715943336487,0.5562880039215088,0.558386504650116,0.1987203164431301
2363,0.09325064718723297,0.9959431886672974,0.5664300322532654,0.556357741355896,0.2730661492127274
2364,0.08090297132730484,0.9949289560317993,0.5654157996177673,0.5562980771064758,0.2223228033767349
2365,0.10106419026851654,0.9979715943336487,0.5644016265869141,0.5638760924339294,0.3503988741712841
2366,0.07777753472328186,0.9979715943336487,0.5603448152542114,0.5664418935775757,0.1503579462269048
2367,0.08313170820474625,0.998985767364502,0.5649086833000183,0.5624440312385559,0.2907046217771942
2368,0.0941847637295723,0.9979715943336487,0.5649086833000183,0.5579091906547546,0.22784328994600098
2369,0.07638233155012131,0.9979715943336487,0.568965494632721,0.5626230835914612,0.19346593409565108
2370,0.07459850609302521,0.9969573616981506,0.5654157996177673,0.5620263814926147,0.1567787412336668
2371,0.07504650205373764,0.9969573616981506,0.5684583783149719,0.5615490078926086,0.346289425557965
2372,0.07586342096328735,0.9949289560317993,0.5659229159355164,0.5597589015960693,0.21136886061596422
2373,0.07659810781478882,0.9959431886672974,0.5603448152542114,0.5558207631111145,0.19001034242058124
2374,0.08913221955299377,0.9969573616981506,0.5588235259056091,0.5586252212524414,0.2555780721911767
2375,0.07793781161308289,0.9959431886672974,0.5618661046028137,0.5602959394454956,0.23228999193653557
2376,0.08634524792432785,0.9969573616981506,0.5674442052841187,0.5600572824478149,0.26131386034454834
2377,0.07026776671409607,0.9979715943336487,0.569979727268219,0.5607733130455017,0.14895479745117282
2378,0.06081800535321236,0.9969573616981506,0.5730223059654236,0.5628020763397217,0.17464946812471163
2379,0.07962825149297714,0.9959431886672974,0.5750507116317749,0.566203236579895,0.19288830180534167
2380,0.08345428109169006,0.9979715943336487,0.5791074633598328,0.5675756335258484,0.219665142132498
2381,0.06361044198274612,0.9979715943336487,0.5816429853439331,0.5658451914787292,0.1949366664679206
2382,0.0650973692536354,0.9979715943336487,0.5791074633598328,0.566978931427002,0.15748885885453612
2383,0.07173600047826767,0.9979715943336487,0.5765720009803772,0.5685303211212158,0.2603655780899126
2384,0.07283088564872742,0.9979715943336487,0.5684583783149719,0.5700817108154297,0.24299828419197309
2385,0.09114240854978561,0.9979715943336487,0.5603448152542114,0.564174473285675,0.4933656107598297
2386,0.08922578394412994,0.9949289560317993,0.5644016265869141,0.5638760924339294,0.22967644301249907
2387,0.09186512231826782,0.9959431886672974,0.5669370889663696,0.571871817111969,0.40707897925979675
2388,0.07565134018659592,0.9969573616981506,0.5613589882850647,0.5677546262741089,0.20961952275859538
2389,0.06864006072282791,0.998985767364502,0.5618661046028137,0.5617280006408691,0.20069266533391797
2390,0.09426785260438919,0.998985767364502,0.5578092932701111,0.5614893436431885,0.3378219230488432
2391,0.08339042216539383,0.998985767364502,0.569979727268219,0.566561222076416,0.30402030962399246
2392,0.056465994566679,0.9969573616981506,0.5704867839813232,0.5660241842269897,0.11422532503750091
2393,0.0702429860830307,0.9979715943336487,0.5628803372383118,0.5640551447868347,0.18749874521342105
2394,0.08091247081756592,0.9969573616981506,0.5593306422233582,0.5607733130455017,0.23860694191126286
2395,0.09158429503440857,0.9979715943336487,0.5618661046028137,0.5578495264053345,0.4158247983572716
2396,0.08201738446950912,0.9959431886672974,0.5679513216018677,0.5657855272293091,0.3468674933867494
2397,0.08059976249933243,0.993914783000946,0.5684583783149719,0.5632197260856628,0.2676890033756449
2398,0.08264616876840591,0.9969573616981506,0.563387393951416,0.5560594201087952,0.2987033430476232
2399,0.0723373293876648,0.9969573616981506,0.5598376989364624,0.554328978061676,0.2299740215188587
2400,0.08006678521633148,0.9969573616981506,0.5623732209205627,0.5601169466972351,0.26627385324252023
