epoch,loss,train_acc,val_acc,test_acc,gradient_norm
1,1.099063515663147,0.522312343120575,0.496957391500473,0.4988364279270172,0.20078698730592623
2,1.0609277486801147,0.42900606989860535,0.4244421720504761,0.4170893132686615,0.06605631533590539
3,1.0931601524353027,0.3995943069458008,0.3995943069458008,0.39936748147010803,0.3744427216110069
4,1.0585408210754395,0.3995943069458008,0.3995943069458008,0.3994271755218506,0.04494350269614471
5,1.0608103275299072,0.42596349120140076,0.42089247703552246,0.42395129799842834,0.08338661888163086
6,1.0580286979675293,0.6257606148719788,0.5993914604187012,0.6096425652503967,0.10701449184896865
7,1.048895239830017,0.7008113265037537,0.6724137663841248,0.6771286725997925,0.12054668608504529
8,1.0278043746948242,0.6997971534729004,0.680020272731781,0.6779640913009644,0.14983447658031981
9,0.9857259392738342,0.7008113265037537,0.6825557351112366,0.6781430840492249,0.19074072958507998
10,0.9228166341781616,0.7068965435028076,0.68052738904953,0.6797541379928589,0.22874769005409573
11,0.8473283052444458,0.7109533548355103,0.6820486783981323,0.6816635727882385,0.24543378540588232
12,0.7900856733322144,0.7139959335327148,0.6830628514289856,0.6815442442893982,0.3129929887727048
13,0.7668502926826477,0.7180527448654175,0.6835699677467346,0.682618260383606,0.3181095111797588
14,0.7177120447158813,0.7352941036224365,0.6906693577766418,0.6840503215789795,0.17924337746814192
15,0.709863543510437,0.749492883682251,0.6942190527915955,0.6875708699226379,0.26130499745907376
16,0.6758906245231628,0.7576064467430115,0.6962474584579468,0.6906139850616455,0.18064379700243358
17,0.6303057670593262,0.7758620381355286,0.702332615852356,0.694850504398346,0.20498768537956583
18,0.5799059271812439,0.7991886138916016,0.7119675278663635,0.7024285197257996,0.17697627867919372
19,0.5387014150619507,0.8316429853439331,0.720588207244873,0.7066053748130798,0.2114009303997513
20,0.5177290439605713,0.8529411554336548,0.7281947135925293,0.7125723361968994,0.22184500660693868
21,0.45714709162712097,0.8651115298271179,0.7292088866233826,0.7179425954818726,0.24292815835689618
22,0.4170397222042084,0.8762677311897278,0.7383366823196411,0.727489709854126,0.2522994208273895
23,0.3635829985141754,0.9087221026420593,0.7515212893486023,0.7386478781700134,0.2657001179652839
24,0.30478882789611816,0.9361054301261902,0.7712981700897217,0.7522525191307068,0.28802584128904796
25,0.24874433875083923,0.9563894271850586,0.7844827175140381,0.7687212824821472,0.31172706664539657
26,0.24623630940914154,0.976673424243927,0.8108519315719604,0.7870994210243225,0.34421531291184304
27,0.1699419915676117,0.9827585816383362,0.8245435953140259,0.8029715418815613,0.32704766611026387
28,0.15260949730873108,0.9878295660018921,0.8280932903289795,0.8139507174491882,0.4106547052682864
29,0.10591859370470047,0.9868153929710388,0.8306288123130798,0.8208127021789551,0.23356527240549232
30,0.08728855848312378,0.9898579716682434,0.8321501016616821,0.823617160320282,0.2558737720119345
31,0.07464651763439178,0.9929006099700928,0.8286004066467285,0.8258845806121826,0.22922668539050822
32,0.07444293051958084,0.9949289560317993,0.8346855640411377,0.829285740852356,0.359053900945317
33,0.05650567263364792,0.9959431886672974,0.8392494916915894,0.8324482440948486,0.2111808394836516
34,0.0433698333799839,0.9959431886672974,0.8433062434196472,0.8344172835350037,0.2452613286655537
35,0.04954046383500099,0.9969573616981506,0.8433062434196472,0.8334029316902161,0.2257153924299534
36,0.03542451560497284,0.9969573616981506,0.8392494916915894,0.8328062295913696,0.26632153535796577
37,0.026340872049331665,0.9979715943336487,0.8356997966766357,0.8305984735488892,0.16358533162516534
38,0.03575217351317406,1.0,0.837221086025238,0.8303597569465637,0.24601879351968717
39,0.023326082155108452,1.0,0.836713969707489,0.8319112062454224,0.22240819836647097
40,0.01919541135430336,1.0,0.836713969707489,0.831791877746582,0.23928901163661706
41,0.02004595473408699,1.0,0.8402636647224426,0.8338803052902222,0.23226703548621247
42,0.015450912527740002,1.0,0.8382352590560913,0.8339996337890625,0.15278867277612848
43,0.023569107055664062,1.0,0.8402636647224426,0.8346560001373291,0.2509026873468549
44,0.011216260492801666,1.0,0.8382352590560913,0.8337012529373169,0.18678817760086086
45,0.012809150852262974,1.0,0.8402636647224426,0.833820641040802,0.2065386700846454
46,0.010577426292002201,1.0,0.8407707810401917,0.8323288559913635,0.14846552577824443
47,0.006253520026803017,1.0,0.8412778973579407,0.8310161232948303,0.07438826377541119
48,0.023988811299204826,1.0,0.8412778973579407,0.8328658938407898,0.2515823845169863
49,0.021443132311105728,1.0,0.8443204760551453,0.8344172835350037,0.2651434525383383
50,0.007515037432312965,1.0,0.8448275923728943,0.8361477255821228,0.10172252429744505
51,0.009662446565926075,1.0,0.8438133597373962,0.8370427489280701,0.15297190779422215
52,0.008257350884377956,1.0,0.8463488817214966,0.8360283970832825,0.1676348632006887
53,0.018761521205306053,1.0,0.8407707810401917,0.833820641040802,0.24207799188955628
54,0.016319405287504196,1.0,0.8387423753738403,0.8335222601890564,0.20543911582530514
55,0.02116641215980053,1.0,0.8341785073280334,0.8347753286361694,0.29951501369976585
56,0.013270491734147072,1.0,0.8392494916915894,0.8293454051017761,0.13228957993288912
57,0.010011163540184498,1.0,0.8412778973579407,0.8292260766029358,0.24048274160256683
58,0.0229509100317955,1.0,0.842799186706543,0.8325079083442688,0.31368781279290836
59,0.020751245319843292,1.0,0.8356997966766357,0.8377587795257568,0.27674448385447686
60,0.03014170005917549,1.0,0.8382352590560913,0.8374007940292358,0.30598786994289756
61,0.017519565299153328,1.0,0.8397565484046936,0.8375201225280762,0.25362567663208707
62,0.015189261175692081,1.0,0.8417849540710449,0.8388925194740295,0.15520319742049218
63,0.020367812365293503,1.0,0.8392494916915894,0.8375201225280762,0.2486092031718128
64,0.016741959378123283,1.0,0.8382352590560913,0.8378781080245972,0.16398487593451333
65,0.040219590067863464,1.0,0.8397565484046936,0.8375797867774963,0.4331369538095813
66,0.013045123778283596,1.0,0.83620685338974,0.8336415886878967,0.14683904938283263
67,0.016953373327851295,1.0,0.842292070388794,0.8339996337890625,0.1939045633326003
68,0.031433798372745514,1.0,0.8448275923728943,0.8405632376670837,0.42830290913667546
69,0.014729125425219536,1.0,0.8458417654037476,0.8417566418647766,0.16983494285336942
70,0.023261351510882378,1.0,0.8468559384346008,0.8424130082130432,0.23024089259612382
71,0.01647525280714035,1.0,0.8504056334495544,0.8418163061141968,0.22741718451077933
72,0.015258893370628357,1.0,0.8463488817214966,0.8428307175636292,0.20541619937889968
73,0.02542131580412388,1.0,0.8433062434196472,0.8439047336578369,0.2845103001685613
74,0.018748687580227852,1.0,0.8478701710700989,0.8437854051589966,0.19541379267299697
75,0.024154361337423325,1.0,0.8488843441009521,0.8446804285049438,0.2938029525871439
76,0.023893291130661964,1.0,0.8483772873878479,0.8465898633003235,0.33728121507308184
77,0.03673292323946953,1.0,0.8504056334495544,0.8455158472061157,0.3778862468286084
78,0.011602585203945637,1.0,0.8463488817214966,0.8403842449188232,0.11212808143006497
79,0.02441353350877762,1.0,0.8448275923728943,0.8384151458740234,0.2504554836803417
80,0.04587453976273537,1.0,0.8498985767364502,0.8454561233520508,0.4697558272056399
81,0.026386795565485954,1.0,0.8473630547523499,0.8434274196624756,0.245384424749634
82,0.02381550334393978,1.0,0.8488843441009521,0.8419952988624573,0.2796020006683249
83,0.023606905713677406,1.0,0.8504056334495544,0.8399068713188171,0.2693114249052928
84,0.029446769505739212,1.0,0.8438133597373962,0.8366847634315491,0.30382591281325927
85,0.028437228873372078,1.0,0.8448275923728943,0.8417566418647766,0.3517232910076768
86,0.013787033967673779,1.0,0.8493914604187012,0.8428307175636292,0.16324212174863081
87,0.011709979735314846,1.0,0.8504056334495544,0.8438450694084167,0.10039242515502146
88,0.020238956436514854,1.0,0.8493914604187012,0.8433080315589905,0.23858129013549992
89,0.026323797181248665,1.0,0.8524340391159058,0.8438450694084167,0.2580457431048818
90,0.012325362302362919,1.0,0.8534482717514038,0.8446804285049438,0.14245951396858475
91,0.021003328263759613,1.0,0.8509127497673035,0.8454561233520508,0.19047361866881493
92,0.01308338064700365,1.0,0.8493914604187012,0.8463512063026428,0.18131823910567127
93,0.01681898534297943,1.0,0.8544624447822571,0.8481412529945374,0.16765344080693337
94,0.01673518866300583,1.0,0.8554766774177551,0.8496330380439758,0.22896725180865318
95,0.02671213448047638,1.0,0.8529411554336548,0.8481412529945374,0.3044914737466847
96,0.019787373021245003,1.0,0.8524340391159058,0.8474848866462708,0.2021313778570335
97,0.016141492873430252,1.0,0.8519269824028015,0.8483203053474426,0.26062290599120136
98,0.016998175531625748,1.0,0.8524340391159058,0.8492153286933899,0.22484775727580733
99,0.024802878499031067,1.0,0.8519269824028015,0.8467091917991638,0.2785418842519369
100,0.01697210781276226,1.0,0.8549695611000061,0.8461124897003174,0.21316205130129304
101,0.024063492193818092,1.0,0.8524340391159058,0.8507667183876038,0.29286953228252105
102,0.013346724212169647,1.0,0.8549695611000061,0.8525568246841431,0.12466288142851634
103,0.009620445780456066,1.0,0.8575050234794617,0.8521391153335571,0.08775122870136902
104,0.015077362768352032,1.0,0.8564908504486084,0.85130375623703,0.13815373357419075
105,0.013066248036921024,1.0,0.8585192561149597,0.8527954816818237,0.20696022858372634
106,0.01581687293946743,1.0,0.8564908504486084,0.8529744744300842,0.17032426728313696
107,0.012751438654959202,1.0,0.8580121397972107,0.8485589623451233,0.1460336406143487
108,0.023213442414999008,1.0,0.8554766774177551,0.8477236032485962,0.250600562389884
109,0.01799643598496914,1.0,0.8549695611000061,0.8489766716957092,0.2210818236712013
110,0.012076514773070812,1.0,0.8534482717514038,0.8499910235404968,0.12719287308868088
111,0.009945550002157688,1.0,0.8534482717514038,0.8480815887451172,0.11451354229596952
112,0.02207973599433899,1.0,0.8534482717514038,0.8482009172439575,0.25290221717030203
113,0.018133392557501793,1.0,0.8529411554336548,0.8489170074462891,0.1944268089839476
114,0.013622012920677662,1.0,0.8539553284645081,0.8495136499404907,0.14267066641901022
115,0.016977550461888313,1.0,0.8549695611000061,0.8490960001945496,0.17032345729480083
116,0.01566736400127411,1.0,0.8544624447822571,0.8486782908439636,0.16423028550710742
117,0.01958196610212326,1.0,0.8554766774177551,0.8498120307922363,0.2074185952370855
118,0.011794310063123703,1.0,0.8580121397972107,0.8506473898887634,0.1451828436305074
119,0.011373624205589294,1.0,0.8544624447822571,0.849692702293396,0.126460322461259
120,0.020581232383847237,1.0,0.8569979667663574,0.8499910235404968,0.2156168944210834
121,0.012599115259945393,1.0,0.8590263724327087,0.8508263826370239,0.18179060861826737
122,0.014919240027666092,1.0,0.8559837341308594,0.8513634204864502,0.1551438364315165
123,0.010951558127999306,1.0,0.8569979667663574,0.8501700162887573,0.13641650217216147
124,0.010406238958239555,1.0,0.8564908504486084,0.8507667183876038,0.11781944534208519
125,0.019134487956762314,1.0,0.8580121397972107,0.8510650992393494,0.21843196360930092
126,0.013559432700276375,1.0,0.8580121397972107,0.8505280613899231,0.15671813343715552
127,0.014165212400257587,1.0,0.8564908504486084,0.8510054349899292,0.1769542720028089
128,0.015504959039390087,1.0,0.859533429145813,0.8518407940864563,0.18247176884360575
129,0.015336624346673489,1.0,0.8575050234794617,0.852079451084137,0.17484071541807011
130,0.014402948319911957,1.0,0.8564908504486084,0.8511247634887695,0.1480826420713577
131,0.01887710765004158,1.0,0.8554766774177551,0.8516618013381958,0.15110514133748093
132,0.014506431296467781,1.0,0.8559837341308594,0.8520197868347168,0.17543862429115606
133,0.017089247703552246,1.0,0.8564908504486084,0.8518407940864563,0.25623972213150864
134,0.015543336048722267,1.0,0.8564908504486084,0.8532131910324097,0.2301614923381121
135,0.020303498953580856,1.0,0.8534482717514038,0.8515424132347107,0.21041248695443365
136,0.014303022064268589,1.0,0.8514198660850525,0.8528551459312439,0.24689613736956484
137,0.011528532020747662,1.0,0.860040545463562,0.8548242449760437,0.14491661587360175
138,0.017544124275445938,1.0,0.859533429145813,0.8550032377243042,0.20694543149405567
139,0.009636376053094864,1.0,0.8575050234794617,0.8532131910324097,0.08640292006020092
140,0.014664224348962307,1.0,0.8580121397972107,0.8530341982841492,0.2001334150411419
141,0.013105015270411968,1.0,0.8575050234794617,0.8538695573806763,0.13361536196055707
142,0.012858884409070015,1.0,0.860547661781311,0.8539292216300964,0.11900095376211658
143,0.023275334388017654,1.0,0.8559837341308594,0.8537502288818359,0.24025428616194533
144,0.01699506677687168,1.0,0.8559837341308594,0.8523181080818176,0.26808718144323873
145,0.013207311742007732,1.0,0.8524340391159058,0.8495136499404907,0.19858126000613016
146,0.012032286264002323,1.0,0.8514198660850525,0.8486186265945435,0.15288742766718372
147,0.016775602474808693,1.0,0.8509127497673035,0.8489170074462891,0.17561715773578876
148,0.013314837589859962,1.0,0.8463488817214966,0.8501103520393372,0.20436434035199194
149,0.014649864286184311,1.0,0.8493914604187012,0.8514827489852905,0.2014816924688355
150,0.01647823117673397,1.0,0.8478701710700989,0.8514827489852905,0.24616262875840172
151,0.012379270046949387,1.0,0.8498985767364502,0.8521987795829773,0.16310644886589637
152,0.01036668661981821,1.0,0.8514198660850525,0.8519004583358765,0.12737965211827956
153,0.019383158534765244,1.0,0.8534482717514038,0.8522584438323975,0.2220154574748854
154,0.014101676642894745,1.0,0.8534482717514038,0.8539292216300964,0.16758991782842506
155,0.007615223526954651,1.0,0.8514198660850525,0.8535115122795105,0.10771233211834631
156,0.011471930891275406,1.0,0.8509127497673035,0.8530341982841492,0.15034381500468555
157,0.01573175936937332,1.0,0.8504056334495544,0.8519601225852966,0.19926868210126986
158,0.016353236511349678,1.0,0.8539553284645081,0.8523181080818176,0.21523598431081453
159,0.012970120646059513,1.0,0.8529411554336548,0.852079451084137,0.17241640541059866
160,0.012785525061190128,1.0,0.8509127497673035,0.8533921837806702,0.17167330673937725
161,0.01916559971868992,1.0,0.8498985767364502,0.8541678786277771,0.21894797817938308
162,0.012268228456377983,1.0,0.8478701710700989,0.8528551459312439,0.17219091875546297
163,0.01242243405431509,1.0,0.8478701710700989,0.8520197868347168,0.17843910641748323
164,0.016619432717561722,1.0,0.8488843441009521,0.8508263826370239,0.21407865957416156
165,0.0119512639939785,1.0,0.8534482717514038,0.8501700162887573,0.21323974407807975
166,0.023539096117019653,1.0,0.8493914604187012,0.8486782908439636,0.25991575831644353
167,0.014136902056634426,1.0,0.8534482717514038,0.8516020774841309,0.23419718635264378
168,0.014530366286635399,1.0,0.8549695611000061,0.85536128282547,0.28856527892334777
169,0.018334710970520973,1.0,0.8478701710700989,0.8521987795829773,0.1915144778278035
170,0.026430146768689156,1.0,0.8519269824028015,0.8516618013381958,0.4271417503112221
171,0.017316408455371857,1.0,0.8559837341308594,0.8530341982841492,0.2582494662999605
172,0.015031686052680016,1.0,0.8524340391159058,0.85130375623703,0.224084575093775
173,0.01487814076244831,1.0,0.8498985767364502,0.849692702293396,0.2194584056739721
174,0.022630631923675537,1.0,0.8504056334495544,0.8473058938980103,0.27983289633616815
175,0.01537875086069107,1.0,0.8504056334495544,0.847663938999176,0.23181216544203773
176,0.013221551664173603,1.0,0.8504056334495544,0.8484992980957031,0.19784404505150952
177,0.013023738749325275,1.0,0.8473630547523499,0.8482009172439575,0.2034342133361021
178,0.014356560073792934,1.0,0.8493914604187012,0.8483799695968628,0.17036664676076327
179,0.012237132526934147,1.0,0.8493914604187012,0.8493346571922302,0.17597426389601065
180,0.013166864402592182,1.0,0.8493914604187012,0.8507667183876038,0.16266573672467413
181,0.023431656882166862,1.0,0.8509127497673035,0.8506473898887634,0.24935109888878804
182,0.010006140917539597,1.0,0.8529411554336548,0.8501103520393372,0.14171556781203515
183,0.016028406098484993,1.0,0.8544624447822571,0.8504087328910828,0.2128160638431641
184,0.013736158609390259,1.0,0.8564908504486084,0.8522584438323975,0.19708335938456364
185,0.013681633397936821,1.0,0.8554766774177551,0.8520197868347168,0.17944483633755398
186,0.013784476555883884,1.0,0.8564908504486084,0.8516618013381958,0.18123867316948264
187,0.012176061980426311,1.0,0.8564908504486084,0.8528551459312439,0.17791660002520032
188,0.019634149968624115,1.0,0.8585192561149597,0.8503490686416626,0.29848900591088917
189,0.014238083735108376,1.0,0.8549695611000061,0.848439633846283,0.20331045602722578
190,0.017144955694675446,1.0,0.860040545463562,0.8514827489852905,0.33183916055793355
191,0.009412456303834915,1.0,0.8544624447822571,0.8492153286933899,0.1452422259001415
192,0.011370000429451466,1.0,0.8504056334495544,0.8498716950416565,0.13454262277910178
193,0.009992088191211224,1.0,0.8504056334495544,0.849692702293396,0.18129091728551672
194,0.01783742569386959,1.0,0.8559837341308594,0.8495733141899109,0.2708377110035957
195,0.015358521603047848,1.0,0.8544624447822571,0.84515780210495,0.3000345840803366
196,0.021407663822174072,1.0,0.8504056334495544,0.8474252223968506,0.39026246124693037
197,0.01656852290034294,1.0,0.8590263724327087,0.8510650992393494,0.2516519899417435
198,0.020881280303001404,1.0,0.8564908504486084,0.8489766716957092,0.22781628121724354
199,0.01243636105209589,1.0,0.8473630547523499,0.8450981378555298,0.17790762542659327
200,0.021030036732554436,1.0,0.8559837341308594,0.8480815887451172,0.40016911831687857
201,0.013686143793165684,1.0,0.859533429145813,0.8488572835922241,0.19651558011984124
202,0.011711698956787586,1.0,0.8524340391159058,0.8463512063026428,0.12844288417300004
203,0.023384425789117813,1.0,0.8575050234794617,0.846768856048584,0.38768677974596805
204,0.028133733198046684,1.0,0.859533429145813,0.8485589623451233,0.3040555092313534
205,0.010760759934782982,1.0,0.8443204760551453,0.8439643979072571,0.14228465286114003
206,0.026337124407291412,1.0,0.8473630547523499,0.8460528254508972,0.4268627590448924
207,0.010120305232703686,1.0,0.8524340391159058,0.848021924495697,0.15664221271358178
208,0.02503942884504795,1.0,0.8448275923728943,0.8437257409095764,0.3080188013756555
209,0.01285378448665142,1.0,0.8463488817214966,0.8441434502601624,0.2674522632298473
210,0.014280525967478752,1.0,0.8544624447822571,0.8489766716957092,0.3046597119059299
211,0.011645584367215633,1.0,0.8519269824028015,0.8512440919876099,0.1806451049421829
212,0.017465993762016296,1.0,0.8559837341308594,0.8495733141899109,0.33435462984555253
213,0.01176111027598381,1.0,0.8580121397972107,0.8522584438323975,0.24998907006492757
214,0.020779144018888474,1.0,0.8564908504486084,0.8505280613899231,0.21859621943698385
215,0.017900506034493446,1.0,0.8580121397972107,0.8493346571922302,0.2486980966655138
216,0.019307326525449753,1.0,0.8569979667663574,0.8486186265945435,0.20066586917356155
217,0.016781991347670555,1.0,0.8529411554336548,0.8497523665428162,0.1762479701052489
218,0.015968365594744682,1.0,0.8569979667663574,0.8495733141899109,0.2169095587572861
219,0.016284361481666565,1.0,0.8504056334495544,0.8502894043922424,0.27980912104986533
220,0.016344638541340828,1.0,0.8519269824028015,0.8519004583358765,0.30710550044302354
221,0.022133639082312584,1.0,0.8504056334495544,0.8499910235404968,0.3058548495145532
222,0.0195792056620121,1.0,0.8397565484046936,0.8393698930740356,0.2516250080034446
223,0.029077574610710144,1.0,0.8504056334495544,0.8482009172439575,0.6357326231028638
224,0.018964199349284172,1.0,0.8544624447822571,0.8466495275497437,0.2303450570187703
225,0.020818930119276047,1.0,0.8529411554336548,0.8458738327026367,0.3052035249616072
226,0.021659860387444496,1.0,0.8569979667663574,0.8502296805381775,0.35554235845443594
227,0.016121435910463333,1.0,0.8539553284645081,0.8515424132347107,0.26435493364969576
228,0.012606850825250149,1.0,0.8493914604187012,0.8524374961853027,0.22050046362861325
229,0.010405072942376137,1.0,0.8468559384346008,0.8513634204864502,0.1633198415807234
230,0.013766495510935783,1.0,0.8539553284645081,0.8550032377243042,0.24747166630459572
231,0.014322365634143353,1.0,0.8575050234794617,0.8545259237289429,0.20953982742620497
232,0.011992077343165874,1.0,0.8549695611000061,0.8514827489852905,0.22835669680129556
233,0.016274994239211082,1.0,0.8554766774177551,0.853690505027771,0.269595770831425
234,0.007843004539608955,1.0,0.8554766774177551,0.8547049164772034,0.11217636550393464
235,0.016776250675320625,1.0,0.8559837341308594,0.8553016185760498,0.22219710681318344
236,0.013020569458603859,1.0,0.8569979667663574,0.8548242449760437,0.23195750329926998
237,0.017580093815922737,1.0,0.8554766774177551,0.8538098931312561,0.23438319327191393
238,0.013505523093044758,1.0,0.8575050234794617,0.8542275428771973,0.21983880864877542
239,0.0077307079918682575,1.0,0.8590263724327087,0.8541678786277771,0.1062258454880299
240,0.010839368216693401,1.0,0.8564908504486084,0.8551822900772095,0.1774677369766669
241,0.019978737458586693,1.0,0.8539553284645081,0.8535711765289307,0.2823716651899851
242,0.019614528864622116,1.0,0.8585192561149597,0.8557789921760559,0.33763357625866136
243,0.02175143174827099,1.0,0.860040545463562,0.8571513891220093,0.28391033756848627
244,0.013606464490294456,1.0,0.859533429145813,0.856972336769104,0.21032939968562034
245,0.011302318423986435,1.0,0.8610547184944153,0.85536128282547,0.19649050318879518
246,0.010544326156377792,1.0,0.859533429145813,0.8548242449760437,0.16277587717668454
247,0.01856178045272827,1.0,0.859533429145813,0.8554209470748901,0.21390676922692334
248,0.014482718892395496,1.0,0.8615618348121643,0.8570916652679443,0.1736495934328515
249,0.012265785597264767,1.0,0.8564908504486084,0.8580464124679565,0.14292019592758898
250,0.011141248047351837,1.0,0.8569979667663574,0.8532728552818298,0.17128486943119142
251,0.014149168506264687,1.0,0.8549695611000061,0.8551822900772095,0.21547964989955273
252,0.014589129947125912,1.0,0.859533429145813,0.8561369776725769,0.2177892313646425
253,0.013233362697064877,1.0,0.8564908504486084,0.8560176491737366,0.18311765867439134
254,0.010327048599720001,1.0,0.8544624447822571,0.8551226258277893,0.1493979810558712
255,0.009552700445055962,1.0,0.8544624447822571,0.8547049164772034,0.18703549197355376
256,0.008002976886928082,1.0,0.8504056334495544,0.8542872071266174,0.1511898462884832
257,0.016649767756462097,1.0,0.8509127497673035,0.8535115122795105,0.26133773499032376
258,0.024490559473633766,1.0,0.8498985767364502,0.8544662594795227,0.2864604491341304
259,0.010319731198251247,1.0,0.8529411554336548,0.8544065952301025,0.14445443381266684
260,0.025470124557614326,1.0,0.8559837341308594,0.8563159704208374,0.32525671839267895
261,0.009277237579226494,1.0,0.8564908504486084,0.8538695573806763,0.12404315231246435
262,0.014051742851734161,1.0,0.8580121397972107,0.854943573474884,0.21880199039674766
263,0.02113291248679161,1.0,0.8610547184944153,0.8577480316162109,0.21954079295093812
264,0.011355075053870678,1.0,0.8539553284645081,0.8565546870231628,0.13437887470710558
265,0.017072243615984917,1.0,0.8488843441009521,0.8540485501289368,0.18322315708340708
266,0.011347710154950619,1.0,0.8483772873878479,0.8540485501289368,0.22098253155395362
267,0.008266002871096134,1.0,0.8509127497673035,0.8548242449760437,0.11233887868459665
268,0.016997206956148148,1.0,0.8539553284645081,0.8576883673667908,0.23819934836796988
269,0.020773904398083687,1.0,0.8564908504486084,0.8575690388679504,0.2708386860866918
270,0.014457326382398605,1.0,0.8575050234794617,0.8567933440208435,0.21481963209055016
271,0.009256279096007347,1.0,0.8559837341308594,0.85536128282547,0.10924557629002282
272,0.01238810271024704,1.0,0.8559837341308594,0.8536308407783508,0.2010779258669106
273,0.015607952140271664,1.0,0.8539553284645081,0.8533921837806702,0.23694197878163598
274,0.010578670538961887,1.0,0.8468559384346008,0.8508263826370239,0.15349484110956033
275,0.01473189052194357,1.0,0.8473630547523499,0.8548242449760437,0.26688570964840747
276,0.010892757214605808,1.0,0.8539553284645081,0.8548242449760437,0.20339013398959638
277,0.017174219712615013,1.0,0.8524340391159058,0.8566740155220032,0.21532579896666101
278,0.010006130672991276,1.0,0.8554766774177551,0.8567933440208435,0.1986703977034068
279,0.01536265667527914,1.0,0.8534482717514038,0.8570320010185242,0.2233541421817231
280,0.007784239947795868,1.0,0.8529411554336548,0.8574497103691101,0.10902847865361272
281,0.012556987814605236,1.0,0.8539553284645081,0.8576287031173706,0.19649076956078146
282,0.014497027732431889,1.0,0.8529411554336548,0.8573303818702698,0.2091832918554878
283,0.014337141066789627,1.0,0.8493914604187012,0.8567933440208435,0.17725886549895647
284,0.0088534876704216,1.0,0.8529411554336548,0.8570320010185242,0.1252195017674304
285,0.02074328623712063,1.0,0.8534482717514038,0.8562563061714172,0.24328111737985653
286,0.011325168423354626,1.0,0.8534482717514038,0.8562563061714172,0.14715222649476664
287,0.013007367961108685,1.0,0.8524340391159058,0.855719268321991,0.1534744588563159
288,0.021473487839102745,1.0,0.8559837341308594,0.8568530082702637,0.2528650070539295
289,0.010426397435367107,1.0,0.859533429145813,0.8548242449760437,0.12096935131448637
290,0.017004840075969696,1.0,0.8585192561149597,0.8529744744300842,0.2853641846188978
291,0.013129728846251965,1.0,0.8519269824028015,0.854585587978363,0.26210485953076607
292,0.01646728441119194,1.0,0.8524340391159058,0.8527358174324036,0.24825501046921816
293,0.01778935268521309,1.0,0.8493914604187012,0.8531535267829895,0.3111130557425045
294,0.022135697305202484,1.0,0.8575050234794617,0.8553016185760498,0.2599902966549283
295,0.015501716174185276,1.0,0.8564908504486084,0.8526164889335632,0.2554110393568521
296,0.017947465181350708,1.0,0.8524340391159058,0.8501700162887573,0.29019143393585994
297,0.01254945620894432,1.0,0.8524340391159058,0.8506473898887634,0.21971267411261416
298,0.01314807590097189,1.0,0.8504056334495544,0.8530341982841492,0.21062786371984796
299,0.014480520971119404,1.0,0.8514198660850525,0.852079451084137,0.1920640791909345
300,0.013359582051634789,1.0,0.8504056334495544,0.8502894043922424,0.20408895984457562
301,0.007393086329102516,1.0,0.842799186706543,0.8482009172439575,0.08953299169720914
302,0.008417941629886627,1.0,0.842799186706543,0.8466495275497437,0.1448267123584162
303,0.027772579342126846,1.0,0.8504056334495544,0.8508860468864441,0.41723304623815033
304,0.013495085760951042,1.0,0.8473630547523499,0.8502894043922424,0.26559535598496165
305,0.015135725028812885,1.0,0.8524340391159058,0.8535115122795105,0.3361025924342898
306,0.011921201832592487,1.0,0.8473630547523499,0.8542275428771973,0.19574426427394026
307,0.01568465866148472,1.0,0.8468559384346008,0.8508860468864441,0.14949840390979657
308,0.018365362659096718,1.0,0.8448275923728943,0.848797619342804,0.2806134718152233
309,0.02260439470410347,1.0,0.8493914604187012,0.854585587978363,0.38789138059468065
310,0.01278396975249052,1.0,0.8539553284645081,0.8547645807266235,0.16799954611321424
311,0.012507173232734203,1.0,0.8554766774177551,0.8550032377243042,0.2169728442670402
312,0.0243059154599905,1.0,0.8544624447822571,0.8543468713760376,0.24863664895121426
313,0.01893668994307518,1.0,0.8514198660850525,0.8538098931312561,0.29207343987690804
314,0.013594596646726131,1.0,0.8488843441009521,0.8526761531829834,0.30150395607313285
315,0.016284558922052383,1.0,0.8488843441009521,0.8532728552818298,0.21778451108656258
316,0.019105028361082077,1.0,0.8559837341308594,0.8552419543266296,0.20918564795425482
317,0.020190028473734856,1.0,0.8544624447822571,0.8537502288818359,0.34319601617011136
318,0.016920408234000206,1.0,0.8493914604187012,0.8509457111358643,0.23725287619023486
319,0.012963430024683475,1.0,0.8534482717514038,0.8521987795829773,0.19230454153181084
320,0.021718056872487068,1.0,0.8564908504486084,0.8545259237289429,0.2680376618889223
321,0.023601172491908073,1.0,0.860040545463562,0.8545259237289429,0.27729290275011487
322,0.014197045937180519,1.0,0.8575050234794617,0.8534518480300903,0.19036990387623282
323,0.015034017153084278,1.0,0.8575050234794617,0.8527358174324036,0.1833098091927017
324,0.020572522655129433,1.0,0.8509127497673035,0.8508263826370239,0.3115729480572692
325,0.020147033035755157,1.0,0.8509127497673035,0.8489766716957092,0.25288155757457587
326,0.027870722115039825,1.0,0.8549695611000061,0.8524374961853027,0.3340434583897572
327,0.01340531837195158,1.0,0.8524340391159058,0.8509457111358643,0.13722637273328273
328,0.011987765319645405,1.0,0.8509127497673035,0.8495733141899109,0.21897812686462007
329,0.024644700810313225,1.0,0.859533429145813,0.8526164889335632,0.343088600763099
330,0.009688450954854488,1.0,0.8610547184944153,0.8521391153335571,0.1914106484339302
331,0.025568921118974686,1.0,0.8575050234794617,0.8512440919876099,0.3175762885150084
332,0.019732829183340073,1.0,0.8544624447822571,0.8497523665428162,0.27229448873227396
333,0.012941650114953518,1.0,0.8524340391159058,0.8505877256393433,0.27095163223317936
334,0.013319510966539383,1.0,0.8544624447822571,0.8482606410980225,0.17765263697799796
335,0.01842609979212284,1.0,0.8519269824028015,0.8468882441520691,0.18689103812377517
336,0.019876720383763313,1.0,0.8575050234794617,0.8499910235404968,0.33917341570865095
337,0.01316344179213047,1.0,0.8559837341308594,0.8523778319358826,0.23133727106775506
338,0.011690857820212841,1.0,0.8534482717514038,0.8505280613899231,0.20960689843565003
339,0.020545344799757004,1.0,0.8590263724327087,0.8523181080818176,0.3529383474452001
340,0.014498505741357803,1.0,0.8549695611000061,0.8510650992393494,0.2126546738895056
341,0.02063729614019394,1.0,0.8559837341308594,0.8509457111358643,0.22991301644788764
342,0.018384721130132675,1.0,0.8585192561149597,0.8503490686416626,0.24027018267626793
343,0.009218594990670681,1.0,0.859533429145813,0.8502894043922424,0.14598857923181208
344,0.01564544253051281,1.0,0.859533429145813,0.8528551459312439,0.2720743624979621
345,0.014530593529343605,1.0,0.8569979667663574,0.848439633846283,0.15185773339068945
346,0.023921096697449684,1.0,0.8585192561149597,0.8502894043922424,0.32067409741234887
347,0.014979830011725426,1.0,0.8610547184944153,0.8552419543266296,0.2527843763229069
348,0.014714338816702366,1.0,0.8651115298271179,0.8561966419219971,0.1627832843702513
349,0.008157801814377308,1.0,0.8635902404785156,0.855719268321991,0.10711262121627858
350,0.020808640867471695,1.0,0.8620689511299133,0.8555402755737305,0.2651521062290849
351,0.030028073117136955,1.0,0.8681541085243225,0.857867419719696,0.452799789552963
352,0.013373657129704952,1.0,0.859533429145813,0.8572707176208496,0.24309842801549944
353,0.022717583924531937,1.0,0.8691683411598206,0.8596574664115906,0.3769349697948211
354,0.00806746631860733,1.0,0.8676470518112183,0.8588817715644836,0.1259809583571168
355,0.019899222999811172,1.0,0.8681541085243225,0.858225405216217,0.3215228428833401
356,0.0160015020519495,1.0,0.8656186461448669,0.8563159704208374,0.2615338264372093
357,0.0186553206294775,1.0,0.8640973567962646,0.8550629019737244,0.310480331579336
358,0.010556004010140896,1.0,0.860040545463562,0.8530938625335693,0.14063829796559127
359,0.02428063377737999,1.0,0.8610547184944153,0.8548839092254639,0.32795124644765256
360,0.01587178185582161,1.0,0.8620689511299133,0.8569126725196838,0.22732051215443902
361,0.011996819637715816,1.0,0.866125762462616,0.8578076958656311,0.18648208169076907
362,0.016676893457770348,1.0,0.866125762462616,0.858225405216217,0.18825349842618275
363,0.026961607858538628,1.0,0.8640973567962646,0.8573303818702698,0.22371559528702684
364,0.019781574606895447,1.0,0.8610547184944153,0.856614351272583,0.2398900480887518
365,0.029771169647574425,1.0,0.8615618348121643,0.8595381379127502,0.38458763990601813
366,0.011030321940779686,1.0,0.8569979667663574,0.8575690388679504,0.16921320729099873
367,0.019753670319914818,1.0,0.8569979667663574,0.8587027788162231,0.28845521310388195
368,0.012760261073708534,1.0,0.8554766774177551,0.858643114566803,0.17075382524899002
369,0.011321400292217731,1.0,0.8534482717514038,0.8579867482185364,0.1333099104571993
370,0.01956677809357643,1.0,0.8514198660850525,0.8555999398231506,0.24548375820098753
371,0.022033069282770157,1.0,0.8534482717514038,0.855719268321991,0.32112638103883434
372,0.0103713758289814,1.0,0.8544624447822571,0.8545259237289429,0.2076708325565868
373,0.017783276736736298,1.0,0.8539553284645081,0.854585587978363,0.29782184006473134
374,0.017255175858736038,1.0,0.8544624447822571,0.8554806113243103,0.24355599851903573
375,0.018233491107821465,1.0,0.8478701710700989,0.8527954816818237,0.2674240676498493
376,0.022543855011463165,1.0,0.8549695611000061,0.8565546870231628,0.33988681860636166
377,0.017741845920681953,1.0,0.860040545463562,0.8559579849243164,0.22100103343417474
378,0.016280779615044594,1.0,0.8590263724327087,0.8560176491737366,0.22693601764313595
379,0.009583779610693455,1.0,0.860547661781311,0.8566740155220032,0.13279728113655798
380,0.017119556665420532,1.0,0.860040545463562,0.8583447337150574,0.3240962874191051
381,0.018553907051682472,1.0,0.859533429145813,0.8592398166656494,0.19873854043177192
382,0.028676826506853104,1.0,0.8590263724327087,0.857867419719696,0.279395276081707
383,0.010552188381552696,1.0,0.8554766774177551,0.8601945042610168,0.17903217366539076
384,0.0233144573867321,1.0,0.8569979667663574,0.8590607643127441,0.24702789183973878
385,0.019857320934534073,1.0,0.8590263724327087,0.8594188094139099,0.19861621563705875
386,0.019410299137234688,1.0,0.8575050234794617,0.8575093746185303,0.19219372255082812
387,0.022189153358340263,1.0,0.8544624447822571,0.8551226258277893,0.27419356206886164
388,0.01942014880478382,1.0,0.8483772873878479,0.8527358174324036,0.3300130182327343
389,0.018989959731698036,1.0,0.8493914604187012,0.8531535267829895,0.24352395329125998
390,0.014672525227069855,1.0,0.8514198660850525,0.8553016185760498,0.23802391130281764
391,0.02854449674487114,1.0,0.8529411554336548,0.8542872071266174,0.2931764431902506
392,0.01535114087164402,1.0,0.8443204760551453,0.848439633846283,0.18119793623362798
393,0.023067284375429153,1.0,0.8534482717514038,0.8514230847358704,0.37967581721522214
394,0.016521159559488297,1.0,0.8640973567962646,0.8585237860679626,0.29968937696385756
395,0.01603674329817295,1.0,0.8519269824028015,0.8514827489852905,0.23594688484930937
396,0.022603560239076614,1.0,0.8493914604187012,0.8494539856910706,0.40792592353852747
397,0.034875188022851944,1.0,0.8585192561149597,0.8560773134231567,0.4720333169423754
398,0.017263321205973625,1.0,0.8483772873878479,0.8542872071266174,0.2043353191774816
399,0.027242423966526985,1.0,0.8519269824028015,0.8523181080818176,0.3718223872445343
400,0.021906334906816483,1.0,0.8554766774177551,0.8524971604347229,0.3297776115641428
401,0.02461070939898491,1.0,0.8534482717514038,0.8525568246841431,0.26631709072047804
402,0.010316095314919949,1.0,0.8529411554336548,0.8530938625335693,0.20964630260829636
403,0.014948397874832153,1.0,0.8559837341308594,0.8547645807266235,0.2928306596438581
404,0.014850440435111523,1.0,0.8544624447822571,0.8558386564254761,0.18788081460136877
405,0.01932057924568653,1.0,0.8564908504486084,0.8579270839691162,0.2273506488516413
406,0.009452871978282928,1.0,0.8544624447822571,0.8579270839691162,0.1589172756220421
407,0.013716031797230244,1.0,0.859533429145813,0.8564950227737427,0.17942385844438583
408,0.017535461112856865,1.0,0.8651115298271179,0.8560773134231567,0.2572772971551921
409,0.008485176600515842,1.0,0.8590263724327087,0.8542872071266174,0.11896782891239091
410,0.01654774509370327,1.0,0.859533429145813,0.8545259237289429,0.26282832944956325
411,0.02565149962902069,1.0,0.8615618348121643,0.8554806113243103,0.4340700625946877
412,0.015533506870269775,1.0,0.8585192561149597,0.8551822900772095,0.32574807784928056
413,0.013726058416068554,1.0,0.8549695611000061,0.8556596040725708,0.2145102834379049
414,0.01107853464782238,1.0,0.8569979667663574,0.8547049164772034,0.19667753925688924
415,0.009328284300863743,1.0,0.8575050234794617,0.8538098931312561,0.13650354287021307
416,0.013347945176064968,1.0,0.8564908504486084,0.8534518480300903,0.17983001877300406
417,0.01424151100218296,1.0,0.8549695611000061,0.8529744744300842,0.17853611133962574
418,0.013645963743329048,1.0,0.8549695611000061,0.8523778319358826,0.209327238329807
419,0.021159056574106216,1.0,0.8529411554336548,0.8501103520393372,0.298757836146313
420,0.022261757403612137,1.0,0.8559837341308594,0.85333251953125,0.3505514715342747
421,0.018061751499772072,1.0,0.8544624447822571,0.8513634204864502,0.27082313469047226
422,0.00902206264436245,1.0,0.8504056334495544,0.8490363359451294,0.14045025483680398
423,0.014056661166250706,1.0,0.8534482717514038,0.8511247634887695,0.22082838761403503
424,0.01869462989270687,1.0,0.8529411554336548,0.8538695573806763,0.2529829496885248
425,0.017133133485913277,1.0,0.8509127497673035,0.8545259237289429,0.33089322246605546
426,0.02127322368323803,1.0,0.8514198660850525,0.8516618013381958,0.26263279750155727
427,0.014812898822128773,1.0,0.8519269824028015,0.8533921837806702,0.29200180712503965
428,0.010736669413745403,1.0,0.8549695611000061,0.8548839092254639,0.20018686793833868
429,0.01617187261581421,1.0,0.8534482717514038,0.8538098931312561,0.14723513859231133
430,0.012090749107301235,1.0,0.8539553284645081,0.8523181080818176,0.1526051121589705
431,0.02767661213874817,1.0,0.8564908504486084,0.8535711765289307,0.36533280122397344
432,0.023072712123394012,1.0,0.8483772873878479,0.8482606410980225,0.2899220054845525
433,0.026957567781209946,1.0,0.8519269824028015,0.8464705348014832,0.4268294691178173
434,0.021105876192450523,1.0,0.860547661781311,0.8542872071266174,0.4434590192238646
435,0.012585870921611786,1.0,0.8575050234794617,0.8535711765289307,0.17090481801553978
436,0.016046719625592232,1.0,0.8559837341308594,0.8511247634887695,0.17423985343482595
437,0.017316928133368492,1.0,0.860547661781311,0.8514827489852905,0.27633634947184743
438,0.01726696453988552,1.0,0.860040545463562,0.8535711765289307,0.25943885714065984
439,0.017610205337405205,1.0,0.8585192561149597,0.8524374961853027,0.23361091338629092
440,0.017656952142715454,1.0,0.8519269824028015,0.8501700162887573,0.2162823880501739
441,0.02075926586985588,1.0,0.8519269824028015,0.8516618013381958,0.3372929534131869
442,0.01795097440481186,1.0,0.8585192561149597,0.8538098931312561,0.2699946444566066
443,0.024450937286019325,1.0,0.8569979667663574,0.8509457111358643,0.2739867376083406
444,0.017418764531612396,1.0,0.8569979667663574,0.8507667183876038,0.2550367106089008
445,0.01451329980045557,1.0,0.8564908504486084,0.8508263826370239,0.19562662891930752
446,0.013021119870245457,1.0,0.8493914604187012,0.8499910235404968,0.19325952758006637
447,0.014754080213606358,1.0,0.8559837341308594,0.8529148101806641,0.27653628940336333
448,0.008688590489327908,1.0,0.8559837341308594,0.8539888858795166,0.09996433087987545
449,0.018046507611870766,1.0,0.8534482717514038,0.8523778319358826,0.23659940744426244
450,0.015687856823205948,1.0,0.8534482717514038,0.8537502288818359,0.27686857625798805
451,0.01881743036210537,1.0,0.8519269824028015,0.8528551459312439,0.19350554651014715
452,0.019523821771144867,1.0,0.8488843441009521,0.8502894043922424,0.2356384546494632
453,0.01714753545820713,1.0,0.8478701710700989,0.8503490686416626,0.2583609151431632
454,0.013154810294508934,1.0,0.8504056334495544,0.8521987795829773,0.2126371766596583
455,0.009806832298636436,1.0,0.8509127497673035,0.8502894043922424,0.11912262010542457
456,0.006198836024850607,1.0,0.8483772873878479,0.8487379550933838,0.09498031770595472
457,0.012747472152113914,1.0,0.8514198660850525,0.8493943214416504,0.23367626795334884
458,0.014756827615201473,1.0,0.8498985767364502,0.8510054349899292,0.24350850015719622
459,0.013219265267252922,1.0,0.8544624447822571,0.852079451084137,0.21245199101467024
460,0.01819252409040928,1.0,0.8493914604187012,0.8493346571922302,0.1848214384929904
461,0.015188359655439854,1.0,0.8524340391159058,0.8510650992393494,0.2795512815231774
462,0.008412756957113743,1.0,0.8544624447822571,0.8521987795829773,0.12386496913026257
463,0.015185356140136719,1.0,0.8519269824028015,0.8516020774841309,0.24033454983529898
464,0.011224756017327309,1.0,0.8498985767364502,0.8520197868347168,0.1890076254624535
465,0.01440910343080759,1.0,0.8483772873878479,0.8504087328910828,0.24579635520411594
466,0.01675482466816902,1.0,0.8554766774177551,0.8519004583358765,0.2659153155190713
467,0.015421615913510323,1.0,0.8519269824028015,0.8515424132347107,0.2711758549791196
468,0.02182420715689659,1.0,0.8559837341308594,0.8529744744300842,0.30407640338600506
469,0.015312198549509048,1.0,0.8534482717514038,0.8548839092254639,0.26309358843815545
470,0.008406923152506351,1.0,0.8569979667663574,0.85536128282547,0.13294249927861218
471,0.022820254787802696,1.0,0.8569979667663574,0.8559579849243164,0.3819465689974629
472,0.012491748668253422,1.0,0.8585192561149597,0.8556596040725708,0.19516632917321486
473,0.009804932400584221,1.0,0.8575050234794617,0.8555402755737305,0.16921951489191253
474,0.014372177422046661,0.998985767364502,0.8585192561149597,0.8563756346702576,0.22313305391418972
475,0.0247998908162117,1.0,0.8575050234794617,0.8570916652679443,0.2317845728677741
476,0.016809284687042236,1.0,0.8549695611000061,0.856972336769104,0.25622320344143845
477,0.019112128764390945,1.0,0.8534482717514038,0.8562563061714172,0.1807738393687136
478,0.016364602372050285,1.0,0.8524340391159058,0.8542275428771973,0.19267488692326018
479,0.01578626036643982,1.0,0.8453346490859985,0.8508860468864441,0.17820900516636495
480,0.023569222539663315,1.0,0.8478701710700989,0.8547049164772034,0.4135764633566629
481,0.012170015834271908,1.0,0.8478701710700989,0.8499910235404968,0.16698982714122373
482,0.021688425913453102,1.0,0.8539553284645081,0.8538098931312561,0.3733256251202024
483,0.011345313861966133,1.0,0.8559837341308594,0.8544662594795227,0.17936449842358373
484,0.013839736580848694,0.998985767364502,0.8534482717514038,0.8527358174324036,0.15497713433228044
485,0.01937822438776493,1.0,0.8534482717514038,0.8541082143783569,0.2709745014025541
486,0.02034992352128029,1.0,0.860040545463562,0.8561966419219971,0.3260538538841502
487,0.015197860077023506,1.0,0.8559837341308594,0.8508263826370239,0.19592934787498234
488,0.011584337800741196,1.0,0.8504056334495544,0.8504087328910828,0.2506728492487603
489,0.01542668230831623,1.0,0.860547661781311,0.854585587978363,0.36183560748541066
490,0.014972934499382973,1.0,0.8569979667663574,0.8542275428771973,0.24995163227824807
491,0.01441130694001913,1.0,0.8443204760551453,0.8470672369003296,0.21590760449225732
492,0.037554580718278885,1.0,0.8630831241607666,0.8572110533714294,0.8279984878070525
493,0.010647493414580822,1.0,0.8519269824028015,0.8528551459312439,0.15800988465542637
494,0.0171801894903183,1.0,0.842799186706543,0.8422936797142029,0.2282722668280553
495,0.02151545137166977,1.0,0.8483772873878479,0.8465301990509033,0.40985784983058277
496,0.021750958636403084,1.0,0.8549695611000061,0.8560176491737366,0.43613206882331723
497,0.016846638172864914,1.0,0.8585192561149597,0.8530938625335693,0.19413762241378793
498,0.019149258732795715,1.0,0.8534482717514038,0.8522584438323975,0.4127703834880582
499,0.01648026891052723,1.0,0.8590263724327087,0.8560773134231567,0.29086709948994727
500,0.013993109576404095,1.0,0.8635902404785156,0.8566740155220032,0.23699753995267223
501,0.01786433346569538,1.0,0.8630831241607666,0.8537502288818359,0.21999259262724807
502,0.030669160187244415,1.0,0.8640973567962646,0.8555402755737305,0.35774329623238627
503,0.01198645867407322,1.0,0.8646044135093689,0.8583447337150574,0.2184398100266295
504,0.010903660207986832,1.0,0.8625760674476624,0.8564950227737427,0.11488648048798308
505,0.01653929613530636,1.0,0.8630831241607666,0.8565546870231628,0.20272504792686163
506,0.02032843977212906,1.0,0.8625760674476624,0.8571513891220093,0.34036732189591856
507,0.0164419524371624,1.0,0.8610547184944153,0.8530341982841492,0.2415451407047714
508,0.01425221562385559,1.0,0.8625760674476624,0.8543468713760376,0.3121913848340941
509,0.009934498928487301,1.0,0.8646044135093689,0.8581657409667969,0.1447773402579414
510,0.01959834061563015,1.0,0.860547661781311,0.8581657409667969,0.25114060017897266
511,0.015012867748737335,1.0,0.8635902404785156,0.8598364591598511,0.16417973349051487
512,0.008699053898453712,1.0,0.8656186461448669,0.8593591451644897,0.19493525929958527
513,0.016215352341532707,1.0,0.8625760674476624,0.857867419719696,0.29981532777777636
514,0.02143477275967598,1.0,0.8630831241607666,0.8579270839691162,0.25034382135580896
515,0.013765595853328705,1.0,0.8640973567962646,0.8582850694656372,0.2108129794137189
516,0.013020618818700314,1.0,0.8646044135093689,0.8585834503173828,0.22789088430737992
517,0.016514906659722328,1.0,0.8585192561149597,0.8579867482185364,0.23261403317616433
518,0.010833881795406342,1.0,0.8559837341308594,0.8575093746185303,0.181905328345125
519,0.02481795847415924,1.0,0.8519269824028015,0.8554806113243103,0.29336082354690973
520,0.009707560762763023,1.0,0.8519269824028015,0.8572110533714294,0.16076344221373615
521,0.01827431656420231,1.0,0.8559837341308594,0.8575093746185303,0.24197643397060642
522,0.017898395657539368,1.0,0.860547661781311,0.8573303818702698,0.2747806887499587
523,0.025464128702878952,1.0,0.860547661781311,0.857867419719696,0.3215730271433367
524,0.016080986708402634,1.0,0.860547661781311,0.8577480316162109,0.18476557268658955
525,0.006916014011949301,1.0,0.8646044135093689,0.8597171306610107,0.12353639586725737
526,0.014007738791406155,1.0,0.860547661781311,0.859896183013916,0.18754462415721246
527,0.011892339214682579,1.0,0.8580121397972107,0.856614351272583,0.22413330951240024
528,0.011997302062809467,1.0,0.8575050234794617,0.8558983206748962,0.22002941649861393
529,0.016637494787573814,1.0,0.859533429145813,0.8579867482185364,0.2550965659992971
530,0.02488502860069275,1.0,0.8610547184944153,0.8590607643127441,0.2804000385592632
531,0.01675921119749546,1.0,0.8554766774177551,0.8550629019737244,0.21987896070424184
532,0.01506898459047079,1.0,0.8559837341308594,0.8542872071266174,0.2917845426922428
533,0.02202005870640278,1.0,0.860040545463562,0.8601348400115967,0.29822073451470094
534,0.014227945357561111,1.0,0.8630831241607666,0.857867419719696,0.17581950366868837
535,0.009734521619975567,1.0,0.8575050234794617,0.8561369776725769,0.13820982423803063
536,0.014708084054291248,1.0,0.8580121397972107,0.855719268321991,0.2987420088064058
537,0.015666140243411064,1.0,0.860040545463562,0.856972336769104,0.22779920739810425
538,0.016200058162212372,1.0,0.860547661781311,0.8588817715644836,0.21853443832447178
539,0.01696518063545227,1.0,0.8544624447822571,0.8575093746185303,0.20419766214135904
540,0.01082591526210308,1.0,0.8509127497673035,0.8533921837806702,0.15087821125608625
541,0.010043757036328316,1.0,0.8519269824028015,0.8527358174324036,0.15301730549101403
542,0.020995695143938065,1.0,0.8569979667663574,0.856972336769104,0.2735507461792796
543,0.015566626563668251,1.0,0.8575050234794617,0.8583447337150574,0.18709697245717588
544,0.018524901941418648,1.0,0.8509127497673035,0.8548242449760437,0.24713810575567638
545,0.025242304429411888,1.0,0.8509127497673035,0.8526164889335632,0.2720817678090484
546,0.02722761407494545,1.0,0.8564908504486084,0.8544662594795227,0.3811976424257742
547,0.015437954105436802,1.0,0.8580121397972107,0.8542872071266174,0.21452854627445758
548,0.010590257123112679,1.0,0.8534482717514038,0.8539888858795166,0.1594580732998161
549,0.015960071235895157,1.0,0.8559837341308594,0.855719268321991,0.2780600781421134
550,0.01553642563521862,1.0,0.8564908504486084,0.8544662594795227,0.1830705460931968
551,0.010515809059143066,1.0,0.8514198660850525,0.8524971604347229,0.1553637465810014
552,0.016896186396479607,1.0,0.8559837341308594,0.854585587978363,0.3526659208547409
553,0.013567131944000721,1.0,0.8559837341308594,0.8541082143783569,0.21838787965114598
554,0.015421532094478607,1.0,0.8575050234794617,0.8541678786277771,0.3105884241670576
555,0.01080105360597372,1.0,0.8564908504486084,0.8550629019737244,0.1685242389622797
556,0.015020604245364666,1.0,0.8585192561149597,0.8564950227737427,0.18436407140126782
557,0.0146678127348423,1.0,0.8580121397972107,0.8558983206748962,0.19667089254900422
558,0.009579642675817013,1.0,0.8590263724327087,0.8570916652679443,0.1663855559112236
559,0.010612054727971554,1.0,0.860547661781311,0.8571513891220093,0.1526384811488054
560,0.007960902526974678,1.0,0.8610547184944153,0.8584043979644775,0.13548947274741516
561,0.011276846751570702,1.0,0.8620689511299133,0.8591204285621643,0.20177183129922197
562,0.007867840118706226,1.0,0.8625760674476624,0.8587624430656433,0.14195910009134177
563,0.0125347338616848,1.0,0.8640973567962646,0.858643114566803,0.23996293790391512
564,0.00958119798451662,1.0,0.8610547184944153,0.8590607643127441,0.1674395384288636
565,0.015248884446918964,1.0,0.8615618348121643,0.856972336769104,0.23819227838667986
566,0.014039453119039536,1.0,0.8564908504486084,0.854943573474884,0.23591637743994517
567,0.011517666280269623,1.0,0.8534482717514038,0.8551822900772095,0.20444293638159533
568,0.02303859405219555,1.0,0.8615618348121643,0.8574497103691101,0.34262451936068555
569,0.01839691959321499,1.0,0.8564908504486084,0.8555999398231506,0.22032200263874635
570,0.012918456457555294,1.0,0.8559837341308594,0.8551226258277893,0.1829711721233173
571,0.011544128879904747,1.0,0.860040545463562,0.8564352989196777,0.21712480597852366
572,0.0142972432076931,1.0,0.859533429145813,0.8581657409667969,0.24397189511969516
573,0.013962838798761368,1.0,0.8580121397972107,0.8581657409667969,0.22510184623833757
574,0.008575624786317348,1.0,0.860547661781311,0.8579270839691162,0.11305033170061937
575,0.016212599352002144,1.0,0.8559837341308594,0.858225405216217,0.1970278171882546
576,0.02236851118505001,1.0,0.8559837341308594,0.8576287031173706,0.20569855651330982
577,0.01727648451924324,1.0,0.8559837341308594,0.8576883673667908,0.2468385779774593
578,0.016076786443591118,1.0,0.8554766774177551,0.856972336769104,0.18671494500086436
579,0.02074512094259262,1.0,0.8554766774177551,0.8560176491737366,0.2331709540847486
580,0.018791694194078445,1.0,0.8585192561149597,0.8574497103691101,0.3745436866418712
581,0.0123516283929348,1.0,0.8519269824028015,0.8572707176208496,0.21103654553874518
582,0.013249460607767105,1.0,0.8488843441009521,0.8562563061714172,0.17031538714931063
583,0.01679709553718567,1.0,0.8514198660850525,0.8559579849243164,0.23159318010567662
584,0.01693248189985752,1.0,0.8514198660850525,0.8582850694656372,0.23906063923642865
585,0.01093423180282116,1.0,0.8534482717514038,0.8570916652679443,0.16467053110245172
586,0.023304101079702377,1.0,0.8549695611000061,0.8568530082702637,0.19488901604562636
587,0.014563702046871185,1.0,0.8549695611000061,0.8581060767173767,0.20453078628866928
588,0.015934424474835396,1.0,0.8504056334495544,0.8560773134231567,0.21556146035351414
589,0.013302797451615334,1.0,0.8504056334495544,0.8563756346702576,0.2534636501699237
590,0.009409897960722446,1.0,0.8514198660850525,0.85536128282547,0.15370542597809114
591,0.013492180034518242,1.0,0.8509127497673035,0.8557789921760559,0.17033917693322695
592,0.012035340070724487,1.0,0.8488843441009521,0.8559579849243164,0.19267992207451073
593,0.014070735312998295,1.0,0.8483772873878479,0.8560176491737366,0.22885433760403615
594,0.009160795249044895,1.0,0.8493914604187012,0.8545259237289429,0.11064865892537386
595,0.022655552253127098,1.0,0.8483772873878479,0.8551226258277893,0.35169403926522935
596,0.01566527783870697,1.0,0.8468559384346008,0.8526761531829834,0.2094522251624492
597,0.017419343814253807,1.0,0.8453346490859985,0.8505280613899231,0.20123196821264214
598,0.01926460862159729,1.0,0.8504056334495544,0.855719268321991,0.45263317653562124
599,0.013372067362070084,1.0,0.8488843441009521,0.8542872071266174,0.15902091698711793
600,0.011808163486421108,1.0,0.8493914604187012,0.8524374961853027,0.19643047617423204
601,0.015174797736108303,1.0,0.8483772873878479,0.8548242449760437,0.2254625941511623
602,0.015776509419083595,1.0,0.8549695611000061,0.8554806113243103,0.27197768568649444
603,0.0117837218567729,1.0,0.8504056334495544,0.8518407940864563,0.1814165568069566
604,0.020535700023174286,1.0,0.8493914604187012,0.8498120307922363,0.2932744978643359
605,0.014580519869923592,1.0,0.8580121397972107,0.8539292216300964,0.3710797880796648
606,0.011992594227194786,1.0,0.8559837341308594,0.853690505027771,0.20181443617807387
607,0.014088488183915615,1.0,0.8514198660850525,0.8535711765289307,0.24628569283990814
608,0.01566934399306774,1.0,0.8488843441009521,0.8535115122795105,0.1987065247855788
609,0.014436697587370872,1.0,0.8498985767364502,0.8532131910324097,0.24032058085253485
610,0.016662640497088432,1.0,0.8529411554336548,0.8557789921760559,0.275354259716731
611,0.02489210106432438,1.0,0.8514198660850525,0.8551822900772095,0.32396463600736697
612,0.012114573270082474,1.0,0.8529411554336548,0.8560176491737366,0.18496267570631128
613,0.011381062678992748,1.0,0.8524340391159058,0.8567933440208435,0.13919701898165487
614,0.015200541354715824,1.0,0.8529411554336548,0.8568530082702637,0.2091731427387908
615,0.017803560942411423,1.0,0.8509127497673035,0.8570916652679443,0.21032616912169588
616,0.006102611310780048,1.0,0.8514198660850525,0.8568530082702637,0.0906018828780463
617,0.015314864926040173,1.0,0.8519269824028015,0.8560773134231567,0.14704169554830998
618,0.016157664358615875,1.0,0.8529411554336548,0.8575093746185303,0.1885306540322796
619,0.013684599660336971,1.0,0.8524340391159058,0.8581657409667969,0.19424524643126112
620,0.009369046427309513,1.0,0.8549695611000061,0.8582850694656372,0.17734685716808188
621,0.023200633004307747,1.0,0.8554766774177551,0.8562563061714172,0.32737282992109323
622,0.011901023797690868,1.0,0.8539553284645081,0.8557789921760559,0.2043560616975189
623,0.015242001973092556,1.0,0.8569979667663574,0.8553016185760498,0.2370110884658842
624,0.010439016856253147,1.0,0.8549695611000061,0.8536308407783508,0.1448995216580318
625,0.018085530027747154,1.0,0.8575050234794617,0.8541082143783569,0.2725819740950332
626,0.017947141081094742,1.0,0.8529411554336548,0.8526761531829834,0.2917152514539872
627,0.016988104209303856,1.0,0.8569979667663574,0.8538098931312561,0.31512431402937224
628,0.019843848422169685,1.0,0.8549695611000061,0.8532131910324097,0.1927509679277789
629,0.01952422223985195,1.0,0.8544624447822571,0.852079451084137,0.24000219068818926
630,0.011583899147808552,1.0,0.8529411554336548,0.8527358174324036,0.2290533533797875
631,0.018921438604593277,1.0,0.8544624447822571,0.8524971604347229,0.2077115723720571
632,0.014232107438147068,1.0,0.8534482717514038,0.8544662594795227,0.26030206119467614
633,0.015223694033920765,1.0,0.8504056334495544,0.850050687789917,0.22192618193043034
634,0.024154016748070717,1.0,0.842292070388794,0.8464705348014832,0.30036768377063255
635,0.02016368880867958,1.0,0.8417849540710449,0.847663938999176,0.29984163008362796
636,0.01943209022283554,1.0,0.8549695611000061,0.8541678786277771,0.37890489194682847
637,0.014993511140346527,1.0,0.8585192561149597,0.8542872071266174,0.18956182309605565
638,0.016185984015464783,1.0,0.860040545463562,0.8551226258277893,0.2643909367314673
639,0.015028553083539009,1.0,0.860547661781311,0.8571513891220093,0.2459766756892133
640,0.01459536049515009,1.0,0.8534482717514038,0.8530938625335693,0.18911036729665684
641,0.014225744642317295,1.0,0.8498985767364502,0.8522584438323975,0.2487785256692521
642,0.016725311055779457,1.0,0.860040545463562,0.8560176491737366,0.36703519886771946
643,0.011785984970629215,1.0,0.8630831241607666,0.8591204285621643,0.12661357089929717
644,0.011364348232746124,1.0,0.8630831241607666,0.8587624430656433,0.22527343357102342
645,0.019931284710764885,1.0,0.8585192561149597,0.856614351272583,0.3062809908144792
646,0.01732596382498741,1.0,0.8575050234794617,0.855719268321991,0.27840691372215265
647,0.011630117893218994,1.0,0.8534482717514038,0.8542872071266174,0.19410710076932516
648,0.011132010258734226,1.0,0.8534482717514038,0.8557789921760559,0.22428445471663153
649,0.015209704637527466,1.0,0.8590263724327087,0.8555999398231506,0.22690415061109323
650,0.013100204057991505,1.0,0.8564908504486084,0.8563756346702576,0.21297064426281673
651,0.010439915582537651,1.0,0.8569979667663574,0.8561966419219971,0.17458012229514278
652,0.009217332117259502,1.0,0.8569979667663574,0.8554806113243103,0.13812263314892104
653,0.016947412863373756,1.0,0.859533429145813,0.8559579849243164,0.26298690057321256
654,0.008752034977078438,1.0,0.8539553284645081,0.8561966419219971,0.1720744635456136
655,0.010920630767941475,1.0,0.8559837341308594,0.8556596040725708,0.19694668382007688
656,0.01621531881392002,1.0,0.8564908504486084,0.8570320010185242,0.2560697786228588
657,0.01684490218758583,1.0,0.8534482717514038,0.8566740155220032,0.23600676662573314
658,0.008511347696185112,1.0,0.8519269824028015,0.8562563061714172,0.19838016200956404
659,0.016096457839012146,1.0,0.8544624447822571,0.8581060767173767,0.24981248347554488
660,0.020471248775720596,1.0,0.8498985767364502,0.854943573474884,0.3133776178318454
661,0.02071790024638176,1.0,0.8417849540710449,0.8477236032485962,0.24558113922931754
662,0.035774461925029755,1.0,0.8453346490859985,0.8563159704208374,0.5748759047581969
663,0.009207416325807571,1.0,0.8509127497673035,0.8575690388679504,0.19872009794395634
664,0.017417002469301224,1.0,0.8549695611000061,0.8541082143783569,0.21333579593872742
665,0.01370791345834732,1.0,0.8529411554336548,0.8522584438323975,0.2604803870736646
666,0.01715766079723835,1.0,0.8554766774177551,0.8554806113243103,0.2209120147830108
667,0.021306628361344337,1.0,0.8564908504486084,0.8564950227737427,0.2954844941407636
668,0.01008820440620184,1.0,0.8554766774177551,0.8545259237289429,0.1249331776964515
669,0.014989121817052364,1.0,0.8554766774177551,0.854585587978363,0.29343999383137515
670,0.013270090334117413,1.0,0.8610547184944153,0.8565546870231628,0.18377545171560725
671,0.011369518004357815,1.0,0.8625760674476624,0.859001100063324,0.19038622339394906
672,0.015898538753390312,1.0,0.859533429145813,0.8572707176208496,0.24311130771403158
673,0.009692319668829441,1.0,0.8620689511299133,0.8555402755737305,0.1340594834453548
674,0.016290273517370224,1.0,0.8610547184944153,0.8569126725196838,0.28777604327399176
675,0.016357360407710075,1.0,0.8620689511299133,0.8560773134231567,0.2789532409529478
676,0.013486928306519985,1.0,0.8504056334495544,0.8513634204864502,0.22726414088713306
677,0.01303424034267664,1.0,0.8549695611000061,0.8545259237289429,0.28442671250192597
678,0.022520026192069054,1.0,0.8554766774177551,0.8573303818702698,0.3702027500640588
679,0.007880299352109432,1.0,0.8529411554336548,0.8550629019737244,0.12520641672711189
680,0.02101956307888031,1.0,0.8549695611000061,0.8563756346702576,0.3243744550824886
681,0.015547552146017551,1.0,0.8585192561149597,0.8587027788162231,0.23494748068915766
682,0.013266307301819324,1.0,0.8610547184944153,0.8573900461196899,0.16060476471660745
683,0.014840454794466496,1.0,0.8590263724327087,0.8588817715644836,0.3393772970806098
684,0.008545092307031155,1.0,0.8585192561149597,0.8575093746185303,0.15316953582345305
685,0.012730865739285946,1.0,0.8580121397972107,0.856614351272583,0.19395816836080385
686,0.013790501281619072,1.0,0.859533429145813,0.8579270839691162,0.35792677087763225
687,0.01429175864905119,1.0,0.8529411554336548,0.8565546870231628,0.1811361994399151
688,0.01777842827141285,1.0,0.8504056334495544,0.8538098931312561,0.28282892203141174
689,0.018944108858704567,1.0,0.8504056334495544,0.8544662594795227,0.2776003624201603
690,0.017760781571269035,1.0,0.8504056334495544,0.8532131910324097,0.2637794538299776
691,0.014799362048506737,1.0,0.8498985767364502,0.8511247634887695,0.212932912465827
692,0.0141648193821311,1.0,0.8575050234794617,0.8548839092254639,0.3042234421255295
693,0.015813322737812996,1.0,0.8498985767364502,0.8576287031173706,0.21983187522649977
694,0.015565160661935806,1.0,0.8509127497673035,0.8575690388679504,0.25253846521223494
695,0.01768448017537594,1.0,0.8564908504486084,0.8574497103691101,0.2510698781585388
696,0.017740730196237564,1.0,0.8575050234794617,0.8572707176208496,0.22914839378259003
697,0.02709825523197651,1.0,0.8575050234794617,0.8548839092254639,0.2435048727213124
698,0.023699205368757248,1.0,0.8580121397972107,0.8581060767173767,0.3864292421319948
699,0.01250405516475439,1.0,0.8559837341308594,0.8600155115127563,0.2192400962698804
700,0.016664749011397362,1.0,0.8539553284645081,0.8594784736633301,0.24205417919013203
701,0.011398443952202797,1.0,0.8544624447822571,0.8595978021621704,0.2213123065079837
702,0.011201742105185986,1.0,0.8519269824028015,0.8588817715644836,0.16129627394839757
703,0.013272079639136791,1.0,0.8534482717514038,0.8569126725196838,0.19687028795680794
704,0.025868963450193405,1.0,0.8524340391159058,0.8561966419219971,0.25823165891569966
705,0.01286181341856718,1.0,0.8544624447822571,0.8562563061714172,0.20799073746451913
706,0.018512478098273277,1.0,0.8544624447822571,0.8561966419219971,0.2978319260551905
707,0.01718541420996189,1.0,0.8509127497673035,0.8564352989196777,0.24779670142881846
708,0.010373659431934357,1.0,0.8529411554336548,0.8535711765289307,0.1316500888332608
709,0.025633519515395164,1.0,0.8529411554336548,0.8551226258277893,0.3201102519585035
710,0.0112650441005826,1.0,0.8559837341308594,0.8537502288818359,0.1918429246393508
711,0.013077495619654655,1.0,0.8549695611000061,0.8503490686416626,0.1518080656687429
712,0.012113159522414207,1.0,0.8544624447822571,0.8504087328910828,0.22152657769245887
713,0.020253710448741913,1.0,0.8559837341308594,0.8556596040725708,0.28890596627950005
714,0.009682277217507362,1.0,0.8534482717514038,0.8561966419219971,0.1688267184670929
715,0.0072685424238443375,1.0,0.8554766774177551,0.8548839092254639,0.09575906502379146
716,0.009325195103883743,1.0,0.8580121397972107,0.854943573474884,0.1426735951480596
717,0.011447727680206299,1.0,0.8569979667663574,0.8554209470748901,0.2714210580867307
718,0.008885723538696766,1.0,0.8519269824028015,0.8545259237289429,0.1267819285151092
719,0.013802197761833668,1.0,0.8534482717514038,0.8529744744300842,0.22310306573558086
720,0.018781928345561028,1.0,0.8554766774177551,0.8532728552818298,0.3371123723466156
721,0.018038375303149223,1.0,0.8559837341308594,0.8529744744300842,0.25279780345183583
722,0.012779329903423786,1.0,0.860547661781311,0.8551226258277893,0.25221827062725766
723,0.018576407805085182,1.0,0.8575050234794617,0.8547645807266235,0.34008372207716303
724,0.01097681000828743,1.0,0.8569979667663574,0.8511247634887695,0.16617903516127142
725,0.018117710947990417,1.0,0.8575050234794617,0.8519004583358765,0.3107573647337845
726,0.01576041802763939,1.0,0.8564908504486084,0.8543468713760376,0.2044087243441056
727,0.015010633505880833,0.998985767364502,0.8575050234794617,0.8525568246841431,0.25114754658287625
728,0.009099266491830349,1.0,0.8575050234794617,0.8504683971405029,0.13253753146945083
729,0.011195805855095387,1.0,0.8615618348121643,0.8499910235404968,0.22788124105497723
730,0.02414761669933796,1.0,0.8524340391159058,0.8517811298370361,0.36847050902698203
731,0.025428032502532005,1.0,0.8575050234794617,0.8540485501289368,0.3878131710657692
732,0.016071602702140808,1.0,0.8625760674476624,0.8563159704208374,0.22724293282031857
733,0.018762703984975815,1.0,0.8610547184944153,0.8550032377243042,0.3133813272783858
734,0.019001469016075134,1.0,0.8580121397972107,0.8541678786277771,0.2627642409025736
735,0.01359530258923769,1.0,0.8575050234794617,0.8551226258277893,0.18944566998095996
736,0.015195375308394432,1.0,0.8539553284645081,0.854943573474884,0.3050189296802263
737,0.011317779310047626,1.0,0.8463488817214966,0.8510054349899292,0.19619733853547028
738,0.0211090799421072,1.0,0.8504056334495544,0.851721465587616,0.2973236697470381
739,0.014773283153772354,1.0,0.8585192561149597,0.8566740155220032,0.23089525775834863
740,0.014151310548186302,1.0,0.8554766774177551,0.8558386564254761,0.1903858123046372
741,0.018288470804691315,1.0,0.8529411554336548,0.8578076958656311,0.31620271131602795
742,0.018097344785928726,1.0,0.8539553284645081,0.8575690388679504,0.19201946477843548
743,0.01298429723829031,1.0,0.8539553284645081,0.8588221073150635,0.17171999139377794
744,0.013674084097146988,1.0,0.8554766774177551,0.8601348400115967,0.1593110238600746
745,0.011886244639754295,1.0,0.8580121397972107,0.861029863357544,0.1599365771597127
746,0.012970955111086369,1.0,0.859533429145813,0.8606122136116028,0.21981236972003537
747,0.012427295558154583,1.0,0.8585192561149597,0.8595978021621704,0.24140803556079005
748,0.0119268037378788,1.0,0.859533429145813,0.8595978021621704,0.18722730431445278
749,0.011800263077020645,1.0,0.8585192561149597,0.8584043979644775,0.12274107110652317
750,0.014058506116271019,1.0,0.859533429145813,0.8600751757621765,0.2171303359968778
751,0.024114735424518585,1.0,0.8615618348121643,0.8603734970092773,0.25446865558454385
752,0.01571914553642273,1.0,0.860547661781311,0.8600155115127563,0.1877483432201299
753,0.017337782308459282,1.0,0.8585192561149597,0.8594188094139099,0.25172332715422613
754,0.013196785002946854,1.0,0.860547661781311,0.8581657409667969,0.1904888361054719
755,0.01173655316233635,1.0,0.8615618348121643,0.8579270839691162,0.1679128595871869
756,0.023515664041042328,1.0,0.8640973567962646,0.8594784736633301,0.2660314110334447
757,0.011393051594495773,1.0,0.8625760674476624,0.8599558472633362,0.17243037451591947
758,0.019114462658762932,1.0,0.8625760674476624,0.8603138327598572,0.2090282380902336
759,0.01550653763115406,1.0,0.8580121397972107,0.859896183013916,0.21345979670187085
760,0.026425551623106003,1.0,0.860547661781311,0.8591204285621643,0.38880727794115166
761,0.01794227585196495,1.0,0.8590263724327087,0.8564950227737427,0.18592070705014313
762,0.01078688632696867,1.0,0.859533429145813,0.8548839092254639,0.11498217476313821
763,0.011163677088916302,1.0,0.8585192561149597,0.8552419543266296,0.13403609366803615
764,0.013970890082418919,1.0,0.8564908504486084,0.8553016185760498,0.22137522714177563
765,0.016194840893149376,1.0,0.8559837341308594,0.8537502288818359,0.16350152927171205
766,0.01895752362906933,1.0,0.8585192561149597,0.8568530082702637,0.33206611682075926
767,0.01004274096339941,1.0,0.8569979667663574,0.8559579849243164,0.1868165055141115
768,0.012231534346938133,1.0,0.8575050234794617,0.8552419543266296,0.23653110036907385
769,0.017139218747615814,1.0,0.8585192561149597,0.8563756346702576,0.20349374050786137
770,0.017450325191020966,1.0,0.8635902404785156,0.85536128282547,0.23379521447405613
771,0.014089122414588928,1.0,0.8666328191757202,0.8548242449760437,0.2132168369472637
772,0.015100840479135513,1.0,0.8630831241607666,0.85333251953125,0.19329990838207023
773,0.011023578234016895,1.0,0.8615618348121643,0.8538695573806763,0.21285436766928853
774,0.014736233279109001,1.0,0.8615618348121643,0.8562563061714172,0.2276579066363082
775,0.01699867472052574,1.0,0.8630831241607666,0.8561369776725769,0.27205180581080757
776,0.01558678038418293,1.0,0.860547661781311,0.853690505027771,0.2374075169370007
777,0.022703487426042557,1.0,0.8620689511299133,0.8552419543266296,0.32860473672894785
778,0.011099722236394882,1.0,0.8590263724327087,0.8534518480300903,0.15403833698430516
779,0.014765369705855846,1.0,0.8564908504486084,0.8523778319358826,0.2732927450658143
780,0.01876358687877655,1.0,0.8559837341308594,0.8523181080818176,0.22209130437103247
781,0.011161107569932938,1.0,0.8615618348121643,0.8547049164772034,0.1796940971959189
782,0.015259168110787868,1.0,0.8620689511299133,0.85536128282547,0.21650163750851173
783,0.01086005661636591,1.0,0.8575050234794617,0.8559579849243164,0.20774061971672877
784,0.009513872675597668,1.0,0.8590263724327087,0.8563159704208374,0.18598484808606838
785,0.013662549667060375,1.0,0.8544624447822571,0.8547049164772034,0.22607197811758667
786,0.019644681364297867,1.0,0.860547661781311,0.8539292216300964,0.2961385121346726
787,0.012003463692963123,1.0,0.8630831241607666,0.8569126725196838,0.22603277719596954
788,0.010929197072982788,1.0,0.8575050234794617,0.8558386564254761,0.17404513768444674
789,0.01612778753042221,1.0,0.8549695611000061,0.85536128282547,0.21579162855138712
790,0.012180210091173649,1.0,0.8564908504486084,0.854943573474884,0.2590824705617526
791,0.016784004867076874,1.0,0.8549695611000061,0.8535115122795105,0.2105642093802068
792,0.014879178255796432,1.0,0.8463488817214966,0.8501103520393372,0.16135293794494324
793,0.023056166246533394,1.0,0.8615618348121643,0.85333251953125,0.36820561174702154
794,0.014751853421330452,1.0,0.8534482717514038,0.8523181080818176,0.14759539892587747
795,0.016249999403953552,1.0,0.8544624447822571,0.8542872071266174,0.3000997159795767
796,0.01624821498990059,1.0,0.860040545463562,0.8547049164772034,0.17841504064412786
797,0.015089337714016438,1.0,0.8585192561149597,0.8573303818702698,0.18736462635163426
798,0.016308624297380447,1.0,0.8554766774177551,0.8563159704208374,0.2386352229392674
799,0.020001022145152092,1.0,0.8564908504486084,0.8579270839691162,0.27514865877240907
800,0.017306186258792877,1.0,0.860040545463562,0.8576883673667908,0.1990923928531873
801,0.013177176006138325,1.0,0.8610547184944153,0.8569126725196838,0.18235645004627757
802,0.021238714456558228,1.0,0.8569979667663574,0.8528551459312439,0.22077374697829896
803,0.022804496809840202,1.0,0.8580121397972107,0.8525568246841431,0.25840092653750446
804,0.018997756764292717,1.0,0.8559837341308594,0.8578076958656311,0.46591962405712084
805,0.02275553159415722,1.0,0.8509127497673035,0.8524374961853027,0.2525410566839603
806,0.012449115514755249,1.0,0.8453346490859985,0.8484992980957031,0.1842059604161994
807,0.02436802349984646,1.0,0.8554766774177551,0.8564352989196777,0.450882696331026
808,0.012769020162522793,1.0,0.8575050234794617,0.8554209470748901,0.20154544996404486
809,0.01915871351957321,1.0,0.8509127497673035,0.851721465587616,0.28734969046386566
810,0.02023646980524063,1.0,0.8559837341308594,0.8532131910324097,0.37427536958211594
811,0.01648593321442604,1.0,0.8620689511299133,0.854585587978363,0.19342546528443963
812,0.012170311994850636,1.0,0.8549695611000061,0.8519601225852966,0.15632054742250445
813,0.013056672178208828,1.0,0.8529411554336548,0.849692702293396,0.2348523566402086
814,0.02363056316971779,1.0,0.8544624447822571,0.8521987795829773,0.31807624373765914
815,0.014506780542433262,1.0,0.8554766774177551,0.8510650992393494,0.17847754039076966
816,0.020939810201525688,1.0,0.8549695611000061,0.8510650992393494,0.29888489943445723
817,0.018199127167463303,1.0,0.8569979667663574,0.8508263826370239,0.2503970714836399
818,0.013951282016932964,1.0,0.8564908504486084,0.8507070541381836,0.21861420875693222
819,0.018666179850697517,1.0,0.8544624447822571,0.849692702293396,0.27687160006493655
820,0.014117459766566753,1.0,0.8569979667663574,0.8498716950416565,0.17938193543504224
821,0.016757307574152946,1.0,0.8564908504486084,0.8526164889335632,0.284178452800415
822,0.020478414371609688,1.0,0.8504056334495544,0.8524374961853027,0.260594885012832
823,0.012229998596012592,1.0,0.8493914604187012,0.846768856048584,0.24074855284850433
824,0.02014738880097866,1.0,0.8564908504486084,0.8514230847358704,0.39025350690303096
825,0.016750091686844826,1.0,0.8580121397972107,0.8536308407783508,0.27375276971483564
826,0.012485415674746037,1.0,0.8549695611000061,0.8540485501289368,0.22969471889165854
827,0.01634081080555916,1.0,0.8544624447822571,0.8513634204864502,0.2656657173820695
828,0.01786062680184841,1.0,0.8585192561149597,0.8526761531829834,0.32688845271733125
829,0.01671329140663147,1.0,0.8590263724327087,0.8525568246841431,0.2868938017124453
830,0.009072646498680115,1.0,0.8559837341308594,0.8502894043922424,0.16808680959297054
831,0.014912515878677368,1.0,0.8504056334495544,0.8492153286933899,0.24246934041330737
832,0.013796553015708923,1.0,0.8554766774177551,0.8498120307922363,0.2580877469824487
833,0.018263177946209908,1.0,0.8610547184944153,0.8524971604347229,0.23663195564495523
834,0.016069741919636726,1.0,0.8590263724327087,0.8522584438323975,0.17199280637671252
835,0.01598404534161091,1.0,0.8625760674476624,0.8532131910324097,0.2503886968044016
836,0.011524690315127373,1.0,0.8625760674476624,0.8522584438323975,0.1769314820232873
837,0.013438458554446697,1.0,0.8590263724327087,0.8503490686416626,0.189851429834442
838,0.019429806619882584,1.0,0.8580121397972107,0.8510054349899292,0.23353685370519053
839,0.014117508195340633,1.0,0.8585192561149597,0.8524374961853027,0.2182965719792594
840,0.007144729606807232,1.0,0.859533429145813,0.8518407940864563,0.11011719241745246
841,0.014404907822608948,1.0,0.8564908504486084,0.8529148101806641,0.21389042540641212
842,0.012439954094588757,1.0,0.8610547184944153,0.8533921837806702,0.19023586887871577
843,0.024049924686551094,1.0,0.8615618348121643,0.8552419543266296,0.28827801190850383
844,0.012053240090608597,1.0,0.859533429145813,0.8556596040725708,0.15287425850774433
845,0.015211010351777077,1.0,0.8620689511299133,0.8561369776725769,0.2686309693424037
846,0.01321027148514986,1.0,0.8620689511299133,0.8550032377243042,0.20488690472728052
847,0.005317788105458021,1.0,0.8610547184944153,0.8539292216300964,0.07231103007018981
848,0.024454817175865173,1.0,0.8620689511299133,0.8531535267829895,0.23060628160660762
849,0.02151944674551487,1.0,0.8630831241607666,0.8530341982841492,0.31594219438725474
850,0.015689227730035782,1.0,0.8590263724327087,0.8533921837806702,0.2784214811144709
851,0.015159405767917633,1.0,0.8529411554336548,0.8508860468864441,0.17793330294787457
852,0.02099301479756832,1.0,0.8524340391159058,0.8508860468864441,0.23546378465392037
853,0.025940043851733208,1.0,0.8544624447822571,0.8514827489852905,0.3260123406086349
854,0.010852203704416752,1.0,0.8534482717514038,0.8492153286933899,0.13004677975320572
855,0.01654246635735035,1.0,0.8590263724327087,0.8513634204864502,0.2318748716236869
856,0.018569568172097206,1.0,0.8549695611000061,0.8543468713760376,0.31296640430222994
857,0.012516429647803307,1.0,0.8356997966766357,0.8462318778038025,0.15031005572352596
858,0.024410545825958252,1.0,0.8524340391159058,0.8547049164772034,0.45936259728851747
859,0.011374595575034618,1.0,0.8554766774177551,0.8550629019737244,0.1758812305444066
860,0.012705296277999878,1.0,0.8575050234794617,0.8533921837806702,0.19441876039506809
861,0.014306762255728245,1.0,0.859533429145813,0.854943573474884,0.30406737273577056
862,0.012467225082218647,1.0,0.859533429145813,0.8557789921760559,0.19023528679503005
863,0.00925588607788086,1.0,0.8569979667663574,0.8567933440208435,0.15241184233004973
864,0.017600426450371742,1.0,0.8569979667663574,0.8567336797714233,0.18148178556618377
865,0.016533637419342995,1.0,0.8580121397972107,0.8555402755737305,0.2489176283612617
866,0.006330850068479776,1.0,0.8569979667663574,0.8558386564254761,0.10747913148197359
867,0.016014210879802704,1.0,0.8580121397972107,0.8567933440208435,0.2037296096016973
868,0.00920948013663292,1.0,0.859533429145813,0.8580464124679565,0.1389232973618876
869,0.014893943443894386,1.0,0.860040545463562,0.8576883673667908,0.2210496322304412
870,0.011327460408210754,1.0,0.860547661781311,0.8585237860679626,0.23974091038119077
871,0.011570695787668228,1.0,0.8585192561149597,0.8577480316162109,0.16014128062331462
872,0.021328361704945564,1.0,0.8620689511299133,0.8585834503173828,0.23644304755516538
873,0.007401378359645605,1.0,0.860547661781311,0.8577480316162109,0.100521559209931
874,0.011140084825456142,1.0,0.859533429145813,0.8570916652679443,0.18244276758123643
875,0.012514249421656132,1.0,0.859533429145813,0.8570320010185242,0.1822146639302123
876,0.011958815157413483,1.0,0.860547661781311,0.8566740155220032,0.1643115292620108
877,0.010138573125004768,1.0,0.8620689511299133,0.8547049164772034,0.15564844274627204
878,0.011858541518449783,1.0,0.8635902404785156,0.8554806113243103,0.1842688722968635
879,0.008339754305779934,1.0,0.866125762462616,0.8551822900772095,0.11887892326634132
880,0.01819860003888607,1.0,0.8646044135093689,0.8550629019737244,0.21978060002514582
881,0.013510208576917648,1.0,0.8640973567962646,0.8572707176208496,0.1986734304226573
882,0.01255478523671627,1.0,0.8615618348121643,0.8577480316162109,0.2145083127596125
883,0.011481000110507011,1.0,0.8610547184944153,0.8568530082702637,0.1463071943230926
884,0.015505872666835785,1.0,0.8625760674476624,0.8579270839691162,0.21379255847006828
885,0.012094027362763882,1.0,0.8620689511299133,0.8579867482185364,0.18969867714518762
886,0.02071445621550083,1.0,0.8610547184944153,0.8579270839691162,0.3023825973056527
887,0.011975124478340149,1.0,0.859533429145813,0.8585237860679626,0.17600252660984914
888,0.009344315156340599,1.0,0.860040545463562,0.8582850694656372,0.19610146951990853
889,0.013494446873664856,1.0,0.859533429145813,0.8588817715644836,0.2648556621918632
890,0.012693549506366253,1.0,0.8630831241607666,0.857867419719696,0.1340143984098634
891,0.010301007889211178,1.0,0.8630831241607666,0.8576287031173706,0.15791432060689042
892,0.009875183925032616,1.0,0.8625760674476624,0.8569126725196838,0.14269883687207532
893,0.011520590633153915,1.0,0.8615618348121643,0.8575690388679504,0.1314968898383329
894,0.009895164519548416,1.0,0.860547661781311,0.8571513891220093,0.14888124825291496
895,0.022916637361049652,1.0,0.8559837341308594,0.855719268321991,0.24890682263356725
896,0.008219209499657154,1.0,0.8564908504486084,0.856972336769104,0.16371689272708392
897,0.01071073766797781,1.0,0.8620689511299133,0.8584640622138977,0.17349844411435633
898,0.008373897522687912,1.0,0.8640973567962646,0.8594188094139099,0.1458457952821277
899,0.011690164916217327,1.0,0.8580121397972107,0.859001100063324,0.17031240128629346
900,0.010274806059896946,1.0,0.8585192561149597,0.8579867482185364,0.12486071041704594
901,0.016097070649266243,1.0,0.8620689511299133,0.8570320010185242,0.24681854216356977
902,0.007376649882644415,1.0,0.8569979667663574,0.8555999398231506,0.10673211131954571
903,0.0183530505746603,1.0,0.8585192561149597,0.8524971604347229,0.23244565739436018
904,0.011805267073214054,1.0,0.8534482717514038,0.847663938999176,0.22177115082123824
905,0.011357957497239113,1.0,0.8544624447822571,0.8498716950416565,0.20699586376443985
906,0.01614948734641075,1.0,0.8630831241607666,0.8548839092254639,0.29867488053794283
907,0.013759082183241844,1.0,0.8585192561149597,0.8550032377243042,0.21203977078141087
908,0.018817367032170296,1.0,0.8575050234794617,0.8547049164772034,0.33545711703160536
909,0.015283861197531223,1.0,0.8575050234794617,0.8553016185760498,0.2975532342783074
910,0.006544911302626133,1.0,0.8615618348121643,0.8547049164772034,0.08445656959574632
911,0.007529899012297392,1.0,0.8610547184944153,0.854943573474884,0.12185822652078558
912,0.010206649079918861,1.0,0.8620689511299133,0.8550032377243042,0.17163734026152125
913,0.011471831239759922,1.0,0.8569979667663574,0.8535115122795105,0.1740572931386473
914,0.009287147782742977,1.0,0.860547661781311,0.854943573474884,0.2349500854149579
915,0.01293384749442339,1.0,0.8625760674476624,0.8554209470748901,0.21011785948013864
916,0.012252883054316044,1.0,0.8625760674476624,0.8555999398231506,0.2061520181001649
917,0.013560289517045021,1.0,0.8630831241607666,0.8567336797714233,0.20027728073846354
918,0.015216993167996407,1.0,0.860040545463562,0.8548839092254639,0.18944553720446417
919,0.015289800241589546,1.0,0.8575050234794617,0.8539888858795166,0.2096846369633323
920,0.01854007877409458,1.0,0.8615618348121643,0.8560176491737366,0.32819652446386915
921,0.009927106089890003,1.0,0.8580121397972107,0.8554806113243103,0.1256684782746073
922,0.012557038106024265,1.0,0.8549695611000061,0.8535711765289307,0.20050100589520994
923,0.021434301510453224,1.0,0.8559837341308594,0.8543468713760376,0.35711818271527523
924,0.015472745522856712,1.0,0.8559837341308594,0.8560176491737366,0.2275808703031854
925,0.015140061266720295,1.0,0.8534482717514038,0.8554806113243103,0.2121048101971143
926,0.014550913125276566,1.0,0.8539553284645081,0.8524374961853027,0.18038403470761374
927,0.012279801070690155,1.0,0.8534482717514038,0.8538695573806763,0.20814370096965976
928,0.014497152529656887,1.0,0.859533429145813,0.8550032377243042,0.22791241652880223
929,0.01508393231779337,1.0,0.8509127497673035,0.8539292216300964,0.23841656510837592
930,0.018073614686727524,1.0,0.8534482717514038,0.8536308407783508,0.3167152900316704
931,0.014946721494197845,1.0,0.8554766774177551,0.8537502288818359,0.2466836658416988
932,0.017211146652698517,1.0,0.8610547184944153,0.8527358174324036,0.23815605828239192
933,0.011784916743636131,1.0,0.860547661781311,0.8521987795829773,0.14547392000884873
934,0.018059389665722847,1.0,0.8590263724327087,0.8555402755737305,0.2772563161882553
935,0.007973962463438511,1.0,0.8575050234794617,0.8560773134231567,0.11411529419962405
936,0.020721450448036194,1.0,0.8509127497673035,0.8550629019737244,0.2124153302116841
937,0.01917087659239769,1.0,0.8564908504486084,0.8563159704208374,0.28036441596733175
938,0.01070463564246893,1.0,0.8564908504486084,0.8554806113243103,0.15614689648449176
939,0.016406089067459106,1.0,0.8564908504486084,0.8562563061714172,0.2286491554615971
940,0.013505665585398674,1.0,0.8580121397972107,0.855719268321991,0.2095240293397942
941,0.013543769717216492,1.0,0.8620689511299133,0.8538098931312561,0.1612415389385469
942,0.012289047241210938,1.0,0.8615618348121643,0.8525568246841431,0.1937738258772728
943,0.011483066715300083,1.0,0.8590263724327087,0.8511844277381897,0.1683801320207275
944,0.01859959401190281,1.0,0.8610547184944153,0.8523778319358826,0.2442415718430374
945,0.013465485535562038,1.0,0.866125762462616,0.8544662594795227,0.20389061212250786
946,0.009105077013373375,1.0,0.866125762462616,0.8548242449760437,0.11679519073007043
947,0.010218679904937744,1.0,0.8630831241607666,0.854585587978363,0.18173667374319424
948,0.016614368185400963,1.0,0.8615618348121643,0.8556596040725708,0.1895694201658117
949,0.008515015244483948,1.0,0.8615618348121643,0.8545259237289429,0.1651890577994718
950,0.018167179077863693,1.0,0.8610547184944153,0.8558386564254761,0.3331356398910855
951,0.019674472510814667,1.0,0.8554766774177551,0.8539292216300964,0.26358498155893123
952,0.021519139409065247,1.0,0.8549695611000061,0.8530938625335693,0.2738683313985923
953,0.01001142617315054,1.0,0.8564908504486084,0.8522584438323975,0.16096991257102564
954,0.011151233687996864,1.0,0.8559837341308594,0.8524971604347229,0.12810619594071693
955,0.012205855920910835,1.0,0.8615618348121643,0.8528551459312439,0.18267978132699308
956,0.013008746318519115,1.0,0.8549695611000061,0.8538695573806763,0.2047881628046948
957,0.011602701619267464,1.0,0.8554766774177551,0.8535711765289307,0.20955755510339938
958,0.011377331800758839,1.0,0.8529411554336548,0.8538098931312561,0.15942569474123172
959,0.014778262935578823,1.0,0.8529411554336548,0.8530341982841492,0.19764892122453387
960,0.012251871638000011,1.0,0.8519269824028015,0.8512440919876099,0.13884475366080926
961,0.014625754207372665,1.0,0.8549695611000061,0.8525568246841431,0.27903001348870105
962,0.01413290947675705,1.0,0.8559837341308594,0.8526164889335632,0.2710139754864681
963,0.005695044994354248,1.0,0.8509127497673035,0.8487379550933838,0.07214187276866157
964,0.016515027731657028,1.0,0.8514198660850525,0.8492153286933899,0.29798450221775613
965,0.02186264842748642,1.0,0.8524340391159058,0.8530341982841492,0.3415619514443088
966,0.0166268739849329,1.0,0.8478701710700989,0.8495733141899109,0.2361577247788685
967,0.022051513195037842,1.0,0.8534482717514038,0.8516618013381958,0.3815553739530556
968,0.011254673823714256,1.0,0.8564908504486084,0.8535711765289307,0.22538012973352503
969,0.007457878440618515,1.0,0.8483772873878479,0.8492749929428101,0.10389320592259783
970,0.024357665330171585,1.0,0.8554766774177551,0.8509457111358643,0.41602313284384324
971,0.019406449049711227,1.0,0.8488843441009521,0.8499910235404968,0.3100817564260383
972,0.015510107390582561,1.0,0.8554766774177551,0.8528551459312439,0.30172621204092775
973,0.017439905554056168,1.0,0.8575050234794617,0.8548242449760437,0.2606113485267123
974,0.01832560822367668,1.0,0.8554766774177551,0.8510054349899292,0.20886717188476966
975,0.018585441634058952,1.0,0.8498985767364502,0.8474848866462708,0.21741977761938314
976,0.014124279841780663,1.0,0.8554766774177551,0.8514230847358704,0.26160628231182953
977,0.015544808469712734,1.0,0.8630831241607666,0.8537502288818359,0.19453440190144436
978,0.014733923599123955,1.0,0.8620689511299133,0.8535115122795105,0.17070332475594818
979,0.015739332884550095,1.0,0.860547661781311,0.8535115122795105,0.19599441958410657
980,0.007762810681015253,1.0,0.860547661781311,0.8537502288818359,0.12089649711300061
981,0.01210583932697773,1.0,0.8615618348121643,0.8547049164772034,0.1866119710373112
982,0.01560878660529852,1.0,0.8559837341308594,0.8543468713760376,0.23901684815331828
983,0.011126622557640076,1.0,0.859533429145813,0.8538098931312561,0.23216632359504885
984,0.02138594537973404,1.0,0.8564908504486084,0.8551226258277893,0.3174775478279611
985,0.012299099937081337,1.0,0.8610547184944153,0.8543468713760376,0.2072074273883184
986,0.011208963580429554,1.0,0.860040545463562,0.8551822900772095,0.1626540609778358
987,0.01040997076779604,1.0,0.8580121397972107,0.8555402755737305,0.177712071908485
988,0.018153080716729164,1.0,0.860547661781311,0.8544662594795227,0.2351620297265587
989,0.01791602559387684,1.0,0.8625760674476624,0.8538098931312561,0.2610227456565299
990,0.01760038174688816,1.0,0.8564908504486084,0.8538098931312561,0.23950957835197173
991,0.01470922864973545,1.0,0.8559837341308594,0.8517811298370361,0.2801644538867184
992,0.020706843584775925,1.0,0.8554766774177551,0.8505877256393433,0.26312024383974625
993,0.014827371574938297,1.0,0.8539553284645081,0.8519601225852966,0.23279777650711703
994,0.01490001566708088,1.0,0.8539553284645081,0.8551226258277893,0.17638067340972347
995,0.011870121583342552,1.0,0.8509127497673035,0.8511844277381897,0.15285070897013775
996,0.017125580459833145,1.0,0.8539553284645081,0.8533921837806702,0.3278470804084572
997,0.015020512044429779,1.0,0.8539553284645081,0.8541678786277771,0.2163515744567416
998,0.0276921596378088,1.0,0.8524340391159058,0.8522584438323975,0.3610455265632884
999,0.013348140753805637,1.0,0.8478701710700989,0.849692702293396,0.16790041096550415
1000,0.01863725855946541,1.0,0.8498985767364502,0.8504683971405029,0.27836048684330067
1001,0.015076369978487492,1.0,0.8534482717514038,0.8471269011497498,0.20304991397346442
1002,0.014424251392483711,1.0,0.8509127497673035,0.8492153286933899,0.2535220723175429
1003,0.013964051380753517,1.0,0.860547661781311,0.8542872071266174,0.31474183237417874
1004,0.01537955179810524,1.0,0.8575050234794617,0.8537502288818359,0.17112140681975194
1005,0.009359044022858143,1.0,0.860040545463562,0.8537502288818359,0.21364817400020933
1006,0.021751349791884422,1.0,0.860040545463562,0.8538695573806763,0.4261262424277078
1007,0.011969245970249176,1.0,0.8519269824028015,0.8527954816818237,0.21385615034951477
1008,0.01733209565281868,1.0,0.8483772873878479,0.8510054349899292,0.2309249664980496
1009,0.018675027415156364,1.0,0.8564908504486084,0.8552419543266296,0.3500487541650148
1010,0.01731116883456707,1.0,0.8569979667663574,0.8560176491737366,0.25059691821029956
1011,0.01603790372610092,1.0,0.8534482717514038,0.8543468713760376,0.2557637602098974
1012,0.018213465809822083,1.0,0.8569979667663574,0.8550629019737244,0.25280485197087355
1013,0.008533826097846031,1.0,0.8610547184944153,0.8551822900772095,0.19012173445687647
1014,0.018682213500142097,1.0,0.8569979667663574,0.8527358174324036,0.28614058564808903
1015,0.01684209145605564,1.0,0.8514198660850525,0.8484992980957031,0.2868617747547144
1016,0.01532655954360962,1.0,0.8498985767364502,0.8476042747497559,0.20756749824392423
1017,0.01513988059014082,1.0,0.8559837341308594,0.852079451084137,0.2804248303243563
1018,0.016302872449159622,1.0,0.8585192561149597,0.8553016185760498,0.22854916722123853
1019,0.021553926169872284,1.0,0.859533429145813,0.8542275428771973,0.3100796594688915
1020,0.012499679811298847,1.0,0.8585192561149597,0.854943573474884,0.2545549524252984
1021,0.016107454895973206,1.0,0.8590263724327087,0.85333251953125,0.3001096651202881
1022,0.007955181412398815,1.0,0.8564908504486084,0.8490363359451294,0.09228060904173468
1023,0.02187919244170189,1.0,0.8585192561149597,0.8511247634887695,0.32576100502991123
1024,0.015818113461136818,1.0,0.8559837341308594,0.8554209470748901,0.27612748422333117
1025,0.015841197222471237,1.0,0.8539553284645081,0.8517811298370361,0.20414157183141377
1026,0.014326648786664009,1.0,0.8534482717514038,0.8511844277381897,0.25953015643257243
1027,0.02500120736658573,1.0,0.8539553284645081,0.8553016185760498,0.41373040522078
1028,0.019308077171444893,0.998985767364502,0.8519269824028015,0.8527358174324036,0.18473293460878493
1029,0.021166888996958733,0.998985767364502,0.8488843441009521,0.8455158472061157,0.28546429639252385
1030,0.0260863546282053,1.0,0.8534482717514038,0.8512440919876099,0.5920463033322036
1031,0.014858381822705269,1.0,0.8478701710700989,0.8492749929428101,0.2651930312009424
1032,0.016240574419498444,1.0,0.8443204760551453,0.844740092754364,0.3239105212605221
1033,0.018763255327939987,1.0,0.8433062434196472,0.8469479084014893,0.30070265956578973
1034,0.011914635077118874,1.0,0.8468559384346008,0.8477236032485962,0.20655280416509553
1035,0.017427751794457436,1.0,0.8448275923728943,0.8486782908439636,0.2990306310721608
1036,0.01841498725116253,1.0,0.8453346490859985,0.8509457111358643,0.2985011910365352
1037,0.010847111232578754,1.0,0.8488843441009521,0.8552419543266296,0.17921838962146872
1038,0.012901177629828453,1.0,0.8514198660850525,0.8572110533714294,0.19076338346041813
1039,0.014474840834736824,1.0,0.8509127497673035,0.8567336797714233,0.2490489223623012
1040,0.014062580652534962,1.0,0.8519269824028015,0.8576287031173706,0.2256271547490358
1041,0.012961003929376602,1.0,0.8509127497673035,0.858225405216217,0.20516764549228803
1042,0.02268832176923752,1.0,0.8519269824028015,0.858643114566803,0.19759190184385497
1043,0.010136285796761513,1.0,0.8519269824028015,0.8570320010185242,0.11982511852091932
1044,0.015763230621814728,1.0,0.8514198660850525,0.8561369776725769,0.21070060231991464
1045,0.011930715292692184,1.0,0.8529411554336548,0.8574497103691101,0.2303537528292493
1046,0.017438435927033424,1.0,0.8534482717514038,0.8552419543266296,0.2307927727223309
1047,0.010873095132410526,1.0,0.8539553284645081,0.851721465587616,0.1411467589892744
1048,0.014801877550780773,1.0,0.8544624447822571,0.85333251953125,0.2689018993201976
1049,0.01595413126051426,1.0,0.8564908504486084,0.8565546870231628,0.23822661893543237
1050,0.013865062966942787,1.0,0.8580121397972107,0.8583447337150574,0.15896782965164288
1051,0.011796309612691402,1.0,0.8575050234794617,0.8561966419219971,0.19060339329158593
1052,0.03059367462992668,1.0,0.8615618348121643,0.8575690388679504,0.45639924315699604
1053,0.016428163275122643,1.0,0.8554766774177551,0.8538695573806763,0.3083279147922766
1054,0.015081611461937428,1.0,0.8504056334495544,0.8508263826370239,0.27060679154720635
1055,0.011922796256840229,1.0,0.8524340391159058,0.8505877256393433,0.20340387087091735
1056,0.011128272861242294,1.0,0.8559837341308594,0.8531535267829895,0.1834535380148216
1057,0.012685003690421581,1.0,0.8529411554336548,0.8556596040725708,0.20848092117454717
1058,0.015334499068558216,1.0,0.8504056334495544,0.8554806113243103,0.22555175298413968
1059,0.014252444729208946,1.0,0.8504056334495544,0.85333251953125,0.19917848133087057
1060,0.022856904193758965,1.0,0.8534482717514038,0.8526164889335632,0.2870804021265482
1061,0.020911747589707375,1.0,0.8564908504486084,0.8522584438323975,0.22886864793652142
1062,0.0232962928712368,1.0,0.8539553284645081,0.8563159704208374,0.34078507756616316
1063,0.008363193832337856,1.0,0.8514198660850525,0.85333251953125,0.11450383286603445
1064,0.012212160974740982,1.0,0.8534482717514038,0.8512440919876099,0.16934058326814552
1065,0.02362111583352089,1.0,0.8504056334495544,0.8555999398231506,0.4140144419766279
1066,0.012665010057389736,1.0,0.8534482717514038,0.8520197868347168,0.19225615783554303
1067,0.02306068129837513,1.0,0.8544624447822571,0.8528551459312439,0.39975253670510985
1068,0.01829473488032818,1.0,0.8569979667663574,0.8560773134231567,0.17968019658064946
1069,0.013769528828561306,1.0,0.8564908504486084,0.8537502288818359,0.1972447726078107
1070,0.03274805471301079,1.0,0.8539553284645081,0.8513634204864502,0.4587667071457818
1071,0.011606666259467602,1.0,0.8519269824028015,0.8461124897003174,0.14576182682537858
1072,0.0163723137229681,1.0,0.8468559384346008,0.8453367948532104,0.20287575337451783
1073,0.02444177307188511,1.0,0.8564908504486084,0.8482606410980225,0.4515734043769732
1074,0.01154708955436945,1.0,0.8483772873878479,0.8440240621566772,0.2073936763193801
1075,0.028150668367743492,1.0,0.8534482717514038,0.8462915420532227,0.39783747922035234
1076,0.025286901742219925,1.0,0.8554766774177551,0.8493346571922302,0.38101771147534863
1077,0.013132705353200436,1.0,0.8478701710700989,0.8425323367118835,0.16097803485542625
1078,0.01936362497508526,1.0,0.8438133597373962,0.839847207069397,0.3432978141998131
1079,0.02332022413611412,1.0,0.8509127497673035,0.845993161201477,0.3735612961113162
1080,0.020106805488467216,1.0,0.8539553284645081,0.8512440919876099,0.289502739614709
1081,0.012970076873898506,1.0,0.8524340391159058,0.8505280613899231,0.19660091238927038
1082,0.02356710471212864,1.0,0.8534482717514038,0.8474848866462708,0.3311740978374408
1083,0.025163980200886726,1.0,0.8564908504486084,0.8492153286933899,0.29796802350112683
1084,0.02259727567434311,1.0,0.8569979667663574,0.8504087328910828,0.4101788134272316
1085,0.02291310578584671,1.0,0.8493914604187012,0.8450981378555298,0.27657431817795064
1086,0.01404679287225008,1.0,0.8509127497673035,0.8458141684532166,0.3113223306043072
1087,0.02209453657269478,1.0,0.8569979667663574,0.8491556644439697,0.254001253635816
1088,0.009056564420461655,1.0,0.8569979667663574,0.8514230847358704,0.13344044449453293
1089,0.008906814269721508,1.0,0.859533429145813,0.8513634204864502,0.10671232500482103
1090,0.013062412850558758,1.0,0.8590263724327087,0.8521987795829773,0.1562356851578629
1091,0.015763267874717712,1.0,0.8585192561149597,0.8524374961853027,0.16238042811616168
1092,0.01908673346042633,1.0,0.8615618348121643,0.8541678786277771,0.2852376148762745
1093,0.018724635243415833,1.0,0.8590263724327087,0.8535711765289307,0.2671597852400506
1094,0.018702369183301926,1.0,0.8569979667663574,0.85130375623703,0.24974572929499927
1095,0.01952434331178665,1.0,0.8564908504486084,0.8519004583358765,0.2763246008540544
1096,0.014978737570345402,1.0,0.8569979667663574,0.8508860468864441,0.16425822641480584
1097,0.013088627718389034,1.0,0.860040545463562,0.8532131910324097,0.20954865415103321
1098,0.019059667363762856,1.0,0.8615618348121643,0.8527954816818237,0.22577135276582927
1099,0.012995793484151363,1.0,0.8610547184944153,0.8514827489852905,0.1278608525171296
1100,0.0122759398072958,1.0,0.8625760674476624,0.8526164889335632,0.16052379768790878
1101,0.011512930504977703,1.0,0.8625760674476624,0.8527358174324036,0.15575923173101308
1102,0.010741828940808773,1.0,0.8620689511299133,0.85333251953125,0.18483519103890556
1103,0.01599348522722721,1.0,0.8569979667663574,0.8551822900772095,0.28947236988207525
1104,0.012575025670230389,1.0,0.8534482717514038,0.8541082143783569,0.17393990763350461
1105,0.017334865406155586,1.0,0.8539553284645081,0.8525568246841431,0.27598512566111133
1106,0.011205155402421951,1.0,0.8590263724327087,0.8503490686416626,0.3113847677277026
1107,0.017036747187376022,1.0,0.8549695611000061,0.8498716950416565,0.34292127093644603
1108,0.009212618693709373,1.0,0.860040545463562,0.8530341982841492,0.22482671165985071
1109,0.009169803000986576,1.0,0.8590263724327087,0.8554806113243103,0.17022154037328427
1110,0.01022497471421957,1.0,0.8544624447822571,0.8539292216300964,0.17824613915495524
1111,0.014374851249158382,1.0,0.8534482717514038,0.8521391153335571,0.16399213169587817
1112,0.010830153711140156,1.0,0.8569979667663574,0.8525568246841431,0.18338145179027146
1113,0.01869296468794346,1.0,0.8615618348121643,0.8572707176208496,0.3015331100243528
1114,0.010949891060590744,1.0,0.8569979667663574,0.8553016185760498,0.19053903734004218
1115,0.024711307138204575,1.0,0.8585192561149597,0.8551822900772095,0.28297565331098684
1116,0.015671616420149803,1.0,0.8585192561149597,0.8564950227737427,0.2283777074277557
1117,0.015483488328754902,1.0,0.860547661781311,0.8581657409667969,0.3059024686334853
1118,0.012765461578965187,1.0,0.8585192561149597,0.8568530082702637,0.135834139056623
1119,0.012479507364332676,1.0,0.8514198660850525,0.8511844277381897,0.18795225098883056
1120,0.012229840271174908,1.0,0.8539553284645081,0.8475446105003357,0.20673512536295333
1121,0.01481308601796627,1.0,0.8590263724327087,0.8521391153335571,0.301080783263078
1122,0.01767825148999691,1.0,0.8585192561149597,0.8564950227737427,0.1983846193280404
1123,0.010339719243347645,1.0,0.8524340391159058,0.8541082143783569,0.12744264308230466
1124,0.016920749098062515,1.0,0.8590263724327087,0.8569126725196838,0.4036179369700014
1125,0.01572922244668007,1.0,0.860040545463562,0.8548242449760437,0.1849481779938257
1126,0.012993903830647469,1.0,0.8610547184944153,0.8552419543266296,0.26333221701429177
1127,0.01994604989886284,1.0,0.8590263724327087,0.8584043979644775,0.3344542234625117
1128,0.016847368329763412,1.0,0.8524340391159058,0.853690505027771,0.20838560004667794
1129,0.01307954452931881,1.0,0.8488843441009521,0.8498120307922363,0.20478631127362154
1130,0.018648605793714523,1.0,0.8539553284645081,0.853690505027771,0.3903343482816049
1131,0.02480434998869896,1.0,0.8549695611000061,0.8560773134231567,0.4137698909097848
1132,0.015010293573141098,1.0,0.8493914604187012,0.8507667183876038,0.26435974418059677
1133,0.022688522934913635,1.0,0.8569979667663574,0.8556596040725708,0.6413028300920037
1134,0.017200853675603867,1.0,0.8544624447822571,0.8528551459312439,0.2460865428473298
1135,0.02506071887910366,1.0,0.8519269824028015,0.8497523665428162,0.43606753097458806
1136,0.0223814956843853,1.0,0.8539553284645081,0.8516618013381958,0.4341822341003094
1137,0.014553743414580822,1.0,0.8529411554336548,0.8498120307922363,0.22209438810784515
1138,0.014307253994047642,1.0,0.8544624447822571,0.8517811298370361,0.20421704780927788
1139,0.02538461424410343,1.0,0.8569979667663574,0.8537502288818359,0.3389114022331675
1140,0.016568314284086227,1.0,0.860040545463562,0.8528551459312439,0.2821398791942052
1141,0.01231724489480257,1.0,0.8590263724327087,0.8534518480300903,0.17442110443939454
1142,0.01299572829157114,1.0,0.8580121397972107,0.8536308407783508,0.1891625563366127
1143,0.020148809999227524,1.0,0.8559837341308594,0.8525568246841431,0.24974037701106183
1144,0.013350055553019047,1.0,0.8585192561149597,0.8507070541381836,0.1526561904398412
1145,0.018134528771042824,1.0,0.8539553284645081,0.8483799695968628,0.23761414150276178
1146,0.013646244071424007,1.0,0.8544624447822571,0.848021924495697,0.23909081951676464
1147,0.017764821648597717,1.0,0.8554766774177551,0.853690505027771,0.29110278674661233
1148,0.008461760357022285,1.0,0.860040545463562,0.8557789921760559,0.1136832957676326
1149,0.013833444565534592,1.0,0.860547661781311,0.8547049164772034,0.17843741809670938
1150,0.014308336190879345,1.0,0.8559837341308594,0.8542872071266174,0.20467940569111098
1151,0.03200838342308998,1.0,0.859533429145813,0.8567933440208435,0.4311290089632721
1152,0.01215970329940319,1.0,0.8651115298271179,0.8575093746185303,0.16571954389805865
1153,0.013529986143112183,1.0,0.8615618348121643,0.8567336797714233,0.23976580632608793
1154,0.013985475525259972,1.0,0.8610547184944153,0.8564352989196777,0.2061638815345078
1155,0.010046543553471565,1.0,0.8590263724327087,0.8573900461196899,0.1676638837633723
1156,0.010981818661093712,1.0,0.859533429145813,0.8558983206748962,0.17944348152013154
1157,0.007070242892950773,1.0,0.859533429145813,0.854943573474884,0.08824620150975188
1158,0.010471866466104984,1.0,0.8564908504486084,0.8528551459312439,0.16528363056092704
1159,0.0164603590965271,1.0,0.8585192561149597,0.8538695573806763,0.29485753560455413
1160,0.011617074720561504,1.0,0.8575050234794617,0.8541678786277771,0.2105297403510889
1161,0.010388413444161415,1.0,0.8580121397972107,0.85333251953125,0.19378898179407317
1162,0.012644658796489239,1.0,0.8559837341308594,0.8545259237289429,0.23996872212372347
1163,0.020221244543790817,1.0,0.8529411554336548,0.8562563061714172,0.35077784856550986
1164,0.015870416536927223,1.0,0.8529411554336548,0.8521391153335571,0.19184850407784218
1165,0.015548544935882092,1.0,0.8498985767364502,0.8540485501289368,0.22346068782234474
1166,0.013995517045259476,1.0,0.8514198660850525,0.8554806113243103,0.2516101512960301
1167,0.007417349610477686,1.0,0.8483772873878479,0.8526761531829834,0.08073482073769134
1168,0.01447287481278181,1.0,0.8453346490859985,0.8517811298370361,0.20963536712338496
1169,0.02498496323823929,1.0,0.8458417654037476,0.8521987795829773,0.23174987389892726
1170,0.01841692626476288,1.0,0.8493914604187012,0.8532131910324097,0.22802320085850497
1171,0.019812339916825294,1.0,0.8498985767364502,0.854585587978363,0.19640557899989125
1172,0.013565045781433582,1.0,0.8468559384346008,0.8547049164772034,0.17944757088536856
1173,0.009928500279784203,1.0,0.8509127497673035,0.8543468713760376,0.12434329950709838
1174,0.009839794598519802,1.0,0.8504056334495544,0.8565546870231628,0.20406307013343336
1175,0.0193734560161829,1.0,0.8483772873878479,0.8537502288818359,0.27668669847124827
1176,0.017535271123051643,1.0,0.8458417654037476,0.8489766716957092,0.21042220847401505
1177,0.01687302067875862,1.0,0.8468559384346008,0.8504683971405029,0.264907576447027
1178,0.015349393710494041,1.0,0.8524340391159058,0.8540485501289368,0.30678779451198146
1179,0.01007243525236845,1.0,0.8514198660850525,0.8537502288818359,0.12902129664156803
1180,0.019492099061608315,1.0,0.8498985767364502,0.8498120307922363,0.28550440535298843
1181,0.012630000710487366,1.0,0.8504056334495544,0.8504683971405029,0.28701645461937425
1182,0.020903585478663445,1.0,0.8529411554336548,0.8525568246841431,0.25928325643387834
1183,0.008933457545936108,1.0,0.8585192561149597,0.8530938625335693,0.12325435063424688
1184,0.010308714583516121,1.0,0.8610547184944153,0.8526164889335632,0.18909191356596125
1185,0.01280224695801735,1.0,0.8625760674476624,0.8525568246841431,0.2595627960912978
1186,0.015282274223864079,1.0,0.8569979667663574,0.8514827489852905,0.21647909985731653
1187,0.011928234249353409,1.0,0.8590263724327087,0.8517811298370361,0.15183593421685906
1188,0.010585404001176357,1.0,0.8646044135093689,0.8535711765289307,0.1677927206963082
1189,0.010341971181333065,1.0,0.8569979667663574,0.8544662594795227,0.180602071496441
1190,0.020311133936047554,1.0,0.8575050234794617,0.8548242449760437,0.2061526494826363
1191,0.014788004569709301,1.0,0.8580121397972107,0.8547645807266235,0.18322256446914892
1192,0.017318470403552055,1.0,0.8585192561149597,0.85536128282547,0.23045245018863159
1193,0.008813281543552876,1.0,0.8585192561149597,0.8540485501289368,0.15843107049259442
1194,0.012782357633113861,1.0,0.8564908504486084,0.85333251953125,0.19739336433595306
1195,0.0166434608399868,1.0,0.8549695611000061,0.8529744744300842,0.2426212146812519
1196,0.011918392963707447,1.0,0.8514198660850525,0.8524374961853027,0.22675592118916102
1197,0.011111975647509098,1.0,0.8498985767364502,0.851721465587616,0.21485036213930722
1198,0.012962235137820244,1.0,0.8498985767364502,0.8510054349899292,0.2482677843788067
1199,0.0157583300024271,1.0,0.8509127497673035,0.8526164889335632,0.23619919453991628
1200,0.011733435094356537,1.0,0.8554766774177551,0.8534518480300903,0.1535087930463936
1201,0.015108079649508,1.0,0.8575050234794617,0.8543468713760376,0.21274768522039086
1202,0.015725161880254745,1.0,0.8575050234794617,0.8529148101806641,0.2806881022345051
1203,0.009786775335669518,1.0,0.8559837341308594,0.8529744744300842,0.2123247207604461
1204,0.0071426136419177055,1.0,0.8559837341308594,0.85333251953125,0.09691601899201012
1205,0.01730520837008953,1.0,0.8544624447822571,0.85536128282547,0.3095810087106929
1206,0.023927640169858932,1.0,0.8564908504486084,0.8548839092254639,0.3420426284684815
1207,0.022512566298246384,1.0,0.8544624447822571,0.8535711765289307,0.2775097118955669
1208,0.011986651457846165,1.0,0.8519269824028015,0.8544662594795227,0.15482121400598867
1209,0.008765419013798237,1.0,0.8514198660850525,0.8546452522277832,0.099497466057158
1210,0.018567001447081566,1.0,0.8519269824028015,0.85536128282547,0.273150736332038
1211,0.012758981436491013,1.0,0.8514198660850525,0.8544662594795227,0.20119703197161995
1212,0.01877186819911003,1.0,0.8524340391159058,0.8537502288818359,0.22548466654684318
1213,0.016623133793473244,1.0,0.8488843441009521,0.8544065952301025,0.20563692970629488
1214,0.016812225803732872,1.0,0.8504056334495544,0.8546452522277832,0.20931252349870405
1215,0.01742134802043438,1.0,0.8554766774177551,0.8548839092254639,0.2887461397530872
1216,0.020981047302484512,1.0,0.8569979667663574,0.8554806113243103,0.2444640213276693
1217,0.010592435486614704,1.0,0.8580121397972107,0.8558983206748962,0.18076573303588692
1218,0.011262543499469757,1.0,0.8580121397972107,0.855719268321991,0.18348110326997463
1219,0.020506015047430992,1.0,0.8559837341308594,0.8570320010185242,0.25626628937573703
1220,0.020519040524959564,1.0,0.8509127497673035,0.85333251953125,0.28440185084852687
1221,0.016715623438358307,1.0,0.842799186706543,0.8491556644439697,0.24706646395065843
1222,0.015513842925429344,1.0,0.8488843441009521,0.8526761531829834,0.3625760740651165
1223,0.013625804334878922,1.0,0.8529411554336548,0.8530938625335693,0.2440796379008285
1224,0.01822628267109394,1.0,0.8458417654037476,0.845635175704956,0.2716546877365969
1225,0.02014048770070076,1.0,0.8498985767364502,0.848797619342804,0.45120964341179925
1226,0.020996136590838432,1.0,0.8488843441009521,0.8509457111358643,0.2789789726913558
1227,0.023487763479351997,1.0,0.8493914604187012,0.8487379550933838,0.3091554673775289
1228,0.013633321970701218,1.0,0.8463488817214966,0.8472462296485901,0.20642947768868963
1229,0.0142702367156744,1.0,0.8488843441009521,0.8481412529945374,0.2896635257972596
1230,0.01563350483775139,1.0,0.8575050234794617,0.8521391153335571,0.21228896410694795
1231,0.019137434661388397,1.0,0.8544624447822571,0.8502296805381775,0.22090242404972002
1232,0.019133200868964195,1.0,0.8549695611000061,0.8511844277381897,0.3040472436445203
1233,0.015355796553194523,1.0,0.8534482717514038,0.8514230847358704,0.27696148895012757
1234,0.01218914333730936,1.0,0.8473630547523499,0.8507070541381836,0.19429403137860793
1235,0.020313894376158714,1.0,0.8610547184944153,0.855719268321991,0.40472982875329844
1236,0.010380172170698643,1.0,0.8620689511299133,0.8570916652679443,0.16587158009383804
1237,0.01651451736688614,1.0,0.8610547184944153,0.856614351272583,0.2953933637434518
1238,0.021367253735661507,1.0,0.8630831241607666,0.8550032377243042,0.2685837478486282
1239,0.021232828497886658,1.0,0.8615618348121643,0.8524374961853027,0.3269971569302046
1240,0.01436520554125309,1.0,0.8640973567962646,0.85536128282547,0.31218531550752077
1241,0.012794001027941704,1.0,0.8620689511299133,0.8575690388679504,0.20781011380954478
1242,0.025890756398439407,1.0,0.8564908504486084,0.8562563061714172,0.2541912189248563
1243,0.01528559997677803,1.0,0.8559837341308594,0.8550032377243042,0.24589908479748282
1244,0.01622701622545719,1.0,0.8529411554336548,0.8534518480300903,0.23954858230902154
1245,0.01596968062222004,1.0,0.8529411554336548,0.8526164889335632,0.25555634543604916
1246,0.01608436368405819,1.0,0.8554766774177551,0.8533921837806702,0.29416156660495824
1247,0.013566562905907631,1.0,0.8514198660850525,0.8529148101806641,0.19483617253582292
1248,0.01643158122897148,1.0,0.8463488817214966,0.8472462296485901,0.1962704896475641
1249,0.018161827698349953,1.0,0.8514198660850525,0.8506473898887634,0.2777254906310309
1250,0.021880092099308968,1.0,0.8559837341308594,0.852079451084137,0.2940327748085643
1251,0.010539194568991661,1.0,0.8575050234794617,0.8548839092254639,0.20406906624665197
1252,0.012551967985928059,1.0,0.8554766774177551,0.8523778319358826,0.18412654303932824
1253,0.01372644305229187,1.0,0.8590263724327087,0.8521987795829773,0.18358976117143533
1254,0.017851756885647774,1.0,0.8610547184944153,0.8540485501289368,0.24718545268934852
1255,0.01597733050584793,1.0,0.8539553284645081,0.8517811298370361,0.1688839990332352
1256,0.01657017506659031,1.0,0.8554766774177551,0.8514827489852905,0.32221106002161376
1257,0.00838439166545868,1.0,0.8575050234794617,0.8525568246841431,0.16434969217239953
1258,0.01345366146415472,1.0,0.8564908504486084,0.8536308407783508,0.2252345642724781
1259,0.012000239454209805,1.0,0.8559837341308594,0.8528551459312439,0.19683127494170616
1260,0.010836930014193058,1.0,0.8554766774177551,0.8516618013381958,0.20174853752531813
1261,0.006505482364445925,1.0,0.8519269824028015,0.8520197868347168,0.1212526201856987
1262,0.016400622203946114,1.0,0.8549695611000061,0.8522584438323975,0.2502095275185298
1263,0.009157134220004082,1.0,0.8504056334495544,0.8491556644439697,0.14743063419801136
1264,0.012979455292224884,1.0,0.8483772873878479,0.847663938999176,0.17462598716206362
1265,0.020009534433484077,1.0,0.8514198660850525,0.8501103520393372,0.3226866648173966
1266,0.022846298292279243,1.0,0.8509127497673035,0.8514230847358704,0.3495738505958589
1267,0.009997780434787273,1.0,0.8524340391159058,0.8521987795829773,0.1733429071747437
1268,0.013084402307868004,1.0,0.8549695611000061,0.8527954816818237,0.14512237143352036
1269,0.009806927293539047,1.0,0.8549695611000061,0.8543468713760376,0.15299000293084933
1270,0.013064537197351456,1.0,0.8549695611000061,0.8541678786277771,0.1605496241832803
1271,0.01755727268755436,1.0,0.8569979667663574,0.8546452522277832,0.253759794102359
1272,0.011436158791184425,1.0,0.8569979667663574,0.8527954816818237,0.15385611731016605
1273,0.013884032145142555,1.0,0.8534482717514038,0.8539292216300964,0.23653090807364863
1274,0.011686339043080807,1.0,0.8575050234794617,0.8548242449760437,0.18908253424400692
1275,0.013612741604447365,1.0,0.8529411554336548,0.8542872071266174,0.16654939897201157
1276,0.018085693940520287,1.0,0.8539553284645081,0.8539888858795166,0.21713106818528705
1277,0.014798425137996674,1.0,0.8529411554336548,0.8522584438323975,0.31301520237581787
1278,0.014604553580284119,1.0,0.8534482717514038,0.8533921837806702,0.24766835644409502
1279,0.018999986350536346,1.0,0.8549695611000061,0.8534518480300903,0.28763368765708985
1280,0.011495247483253479,1.0,0.8575050234794617,0.8550032377243042,0.2625145318636776
1281,0.009719031862914562,1.0,0.8580121397972107,0.8545259237289429,0.24892849333907408
1282,0.013266491703689098,1.0,0.8529411554336548,0.853690505027771,0.219700195615709
1283,0.010612180456519127,1.0,0.8564908504486084,0.8520197868347168,0.14909817012971963
1284,0.01835763454437256,1.0,0.8564908504486084,0.8504683971405029,0.2362936010809196
1285,0.013354036025702953,1.0,0.8580121397972107,0.850050687789917,0.12629964320491124
1286,0.01274857297539711,1.0,0.859533429145813,0.8510650992393494,0.20972657122024768
1287,0.014287413097918034,1.0,0.8580121397972107,0.8515424132347107,0.16724157423444366
1288,0.01155947893857956,1.0,0.8590263724327087,0.8512440919876099,0.12086684018502032
1289,0.018015077337622643,1.0,0.8610547184944153,0.8531535267829895,0.21820168632913817
1290,0.014199424535036087,1.0,0.8635902404785156,0.8535115122795105,0.1739558216542376
1291,0.010221129283308983,1.0,0.8610547184944153,0.8526164889335632,0.139084456394651
1292,0.012010439299046993,1.0,0.859533429145813,0.8523181080818176,0.22818817258528604
1293,0.02226349338889122,1.0,0.8575050234794617,0.8529148101806641,0.2996783701686533
1294,0.005979855079203844,1.0,0.860040545463562,0.8529744744300842,0.09356425354382913
1295,0.008265041746199131,1.0,0.8590263724327087,0.8544662594795227,0.13080604601248294
1296,0.008887596428394318,1.0,0.8569979667663574,0.8544662594795227,0.14433751691696495
1297,0.016268106177449226,1.0,0.8590263724327087,0.8548242449760437,0.24840791949924831
1298,0.013164089061319828,1.0,0.8564908504486084,0.8542275428771973,0.235637327903142
1299,0.0195497777312994,1.0,0.8559837341308594,0.8541678786277771,0.2653341348667149
1300,0.012648656032979488,1.0,0.8615618348121643,0.855719268321991,0.200196330401185
1301,0.013471088372170925,1.0,0.860547661781311,0.8555999398231506,0.1883074033833791
1302,0.0076689464040100574,1.0,0.8610547184944153,0.8546452522277832,0.15248681342222836
1303,0.015861423686146736,1.0,0.8610547184944153,0.8564950227737427,0.2231038756787667
1304,0.014747560024261475,1.0,0.8615618348121643,0.8541082143783569,0.2546326139880202
1305,0.010054870508611202,1.0,0.8564908504486084,0.8541082143783569,0.193797586939898
1306,0.01688007079064846,1.0,0.8585192561149597,0.8566740155220032,0.2572777510585018
1307,0.01651686616241932,1.0,0.8585192561149597,0.8569126725196838,0.23061534433684194
1308,0.009497934021055698,1.0,0.8569979667663574,0.8568530082702637,0.14338355959686644
1309,0.014668765477836132,1.0,0.8564908504486084,0.8555402755737305,0.2253331864415798
1310,0.024065133184194565,1.0,0.860547661781311,0.8534518480300903,0.2742488992996236
1311,0.019820474088191986,1.0,0.8615618348121643,0.8555402755737305,0.3037920474169297
1312,0.010938342660665512,1.0,0.8534482717514038,0.8535711765289307,0.17152286173570988
1313,0.012483675964176655,1.0,0.8453346490859985,0.8489766716957092,0.13435511253155072
1314,0.013363032601773739,1.0,0.8509127497673035,0.8507667183876038,0.2761909356966087
1315,0.009058911353349686,1.0,0.8539553284645081,0.8529148101806641,0.14379730808467847
1316,0.014464590698480606,1.0,0.8549695611000061,0.8543468713760376,0.16212511119772238
1317,0.012480486184358597,1.0,0.8554766774177551,0.8561966419219971,0.23190406230544783
1318,0.011240838095545769,1.0,0.8610547184944153,0.8539292216300964,0.17909529569503715
1319,0.009053736925125122,1.0,0.8625760674476624,0.8539292216300964,0.16614713246115767
1320,0.016856856644153595,1.0,0.8656186461448669,0.8539888858795166,0.3182549237397274
1321,0.014067837037146091,1.0,0.860040545463562,0.8552419543266296,0.27088176822209986
1322,0.007777462713420391,1.0,0.8575050234794617,0.8548839092254639,0.11212955514456152
1323,0.011754005216062069,1.0,0.8549695611000061,0.8521391153335571,0.19993523889567663
1324,0.006762860342860222,1.0,0.8529411554336548,0.8527954816818237,0.12716267481699367
1325,0.016036860644817352,1.0,0.8539553284645081,0.8532131910324097,0.1831727145500755
1326,0.011479168199002743,1.0,0.8539553284645081,0.8531535267829895,0.24223913137426062
1327,0.013138365931808949,1.0,0.8564908504486084,0.8517811298370361,0.1996966185832377
1328,0.01871846802532673,1.0,0.8580121397972107,0.8534518480300903,0.3221323125844134
1329,0.014466200023889542,1.0,0.8585192561149597,0.8539292216300964,0.21058339842370308
1330,0.012307511642575264,1.0,0.8483772873878479,0.8526761531829834,0.1576152992077606
1331,0.014329143799841404,1.0,0.8498985767364502,0.8535711765289307,0.2286115313841422
1332,0.012432441115379333,1.0,0.8569979667663574,0.8552419543266296,0.1984695704844861
1333,0.01514261681586504,1.0,0.860040545463562,0.85536128282547,0.2272288342958996
1334,0.02181844599545002,1.0,0.8544624447822571,0.8538695573806763,0.27312246725741013
1335,0.008697493933141232,1.0,0.8524340391159058,0.8524971604347229,0.150611178077812
1336,0.015576791949570179,1.0,0.8564908504486084,0.8529744744300842,0.2583854360995578
1337,0.016040455549955368,1.0,0.8569979667663574,0.8534518480300903,0.2687532379017034
1338,0.015357389114797115,1.0,0.860547661781311,0.854943573474884,0.2215979681984425
1339,0.011491705663502216,1.0,0.8620689511299133,0.8567336797714233,0.1159591693844134
1340,0.017300913110375404,1.0,0.8625760674476624,0.858225405216217,0.221275093522196
1341,0.01148388721048832,1.0,0.8585192561149597,0.859001100063324,0.15213587071950577
1342,0.0169389545917511,1.0,0.8610547184944153,0.8592398166656494,0.21657276831204317
1343,0.01953253522515297,1.0,0.8635902404785156,0.8592994809150696,0.28131126308346577
1344,0.011288953945040703,1.0,0.8635902404785156,0.8578076958656311,0.1140542693013537
1345,0.014432765543460846,1.0,0.8630831241607666,0.8574497103691101,0.1483704272244485
1346,0.013466333970427513,1.0,0.8625760674476624,0.8567933440208435,0.17016497479601753
1347,0.010778018273413181,1.0,0.8615618348121643,0.8564352989196777,0.15521971012628488
1348,0.008535880595445633,1.0,0.8534482717514038,0.8565546870231628,0.15140465236811962
1349,0.013162804767489433,1.0,0.8488843441009521,0.8555402755737305,0.25406244242462384
1350,0.011843902058899403,1.0,0.8544624447822571,0.8560176491737366,0.18120000421648758
1351,0.014500292018055916,1.0,0.8580121397972107,0.8574497103691101,0.2494406743409358
1352,0.009184503927826881,1.0,0.8625760674476624,0.8554209470748901,0.11707413526040714
1353,0.02777876704931259,1.0,0.860547661781311,0.8571513891220093,0.4290695727898447
1354,0.014928309246897697,1.0,0.859533429145813,0.8572707176208496,0.18794014078426313
1355,0.015863927081227303,1.0,0.8529411554336548,0.8580464124679565,0.3122307951518708
1356,0.019760314375162125,1.0,0.8483772873878479,0.8556596040725708,0.2650298923408434
1357,0.011899521574378014,1.0,0.8463488817214966,0.85333251953125,0.15871264051140777
1358,0.020940011367201805,1.0,0.8519269824028015,0.8552419543266296,0.2896742121427005
1359,0.010759180411696434,1.0,0.8585192561149597,0.85536128282547,0.18896734489527897
1360,0.014714792370796204,1.0,0.8483772873878479,0.8486782908439636,0.19074013126012515
1361,0.039402447640895844,1.0,0.860547661781311,0.8561966419219971,0.7274255965006915
1362,0.01133248396217823,1.0,0.8554766774177551,0.8523778319358826,0.1516997389015626
1363,0.01939334161579609,1.0,0.8524340391159058,0.8505280613899231,0.30509396759338236
1364,0.01919345185160637,1.0,0.859533429145813,0.8564950227737427,0.29509640518972236
1365,0.013974686153233051,1.0,0.8635902404785156,0.855719268321991,0.17506383148098417
1366,0.00987645611166954,1.0,0.8539553284645081,0.8538695573806763,0.17030946790562057
1367,0.027572348713874817,1.0,0.8539553284645081,0.8550032377243042,0.31354012114918584
1368,0.015053593553602695,1.0,0.8519269824028015,0.8548242449760437,0.24689932220691002
1369,0.011175643652677536,1.0,0.8438133597373962,0.8510054349899292,0.19141445011486558
1370,0.024451788514852524,1.0,0.8463488817214966,0.851721465587616,0.2935578213382542
1371,0.024583930149674416,1.0,0.8443204760551453,0.8503490686416626,0.3402533252365752
1372,0.013710658997297287,1.0,0.842799186706543,0.8508263826370239,0.325584815437947
1373,0.010702439583837986,1.0,0.8473630547523499,0.8528551459312439,0.19704155846629487
1374,0.017151985317468643,1.0,0.8554766774177551,0.8524374961853027,0.18675795387441724
1375,0.014544788748025894,1.0,0.8544624447822571,0.8512440919876099,0.18370356594626813
1376,0.014422658830881119,1.0,0.8554766774177551,0.8522584438323975,0.2042709747183792
1377,0.020914804190397263,1.0,0.8610547184944153,0.8532728552818298,0.37034161430214646
1378,0.010673035867512226,1.0,0.860547661781311,0.8515424132347107,0.19462403255238483
1379,0.02140122279524803,1.0,0.8585192561149597,0.8528551459312439,0.3315050143596468
1380,0.017661239951848984,1.0,0.8590263724327087,0.8542275428771973,0.30818050209743675
1381,0.014544658362865448,1.0,0.8569979667663574,0.8533921837806702,0.2276066742041123
1382,0.015261341817677021,1.0,0.860040545463562,0.8535115122795105,0.23757937281424063
1383,0.01736769825220108,1.0,0.8585192561149597,0.8538695573806763,0.22314966265967748
1384,0.02346957102417946,1.0,0.860547661781311,0.8546452522277832,0.4776362869914774
1385,0.014526257291436195,1.0,0.8483772873878479,0.8547049164772034,0.1797658969060265
1386,0.016319287940859795,1.0,0.8438133597373962,0.8528551459312439,0.21683139929032494
1387,0.014920704998075962,1.0,0.8524340391159058,0.8553016185760498,0.24768919866018418
1388,0.01710103265941143,1.0,0.8569979667663574,0.8570320010185242,0.2895749274053023
1389,0.014992293901741505,1.0,0.8564908504486084,0.8572707176208496,0.3051936115211916
1390,0.017017895355820656,1.0,0.8549695611000061,0.8552419543266296,0.23846678653484854
1391,0.0082197654992342,1.0,0.8534482717514038,0.8554806113243103,0.1479665598437472
1392,0.016590090468525887,1.0,0.8569979667663574,0.8552419543266296,0.21684748725439273
1393,0.012541481293737888,1.0,0.8585192561149597,0.8550629019737244,0.25312090994342995
1394,0.016289960592985153,1.0,0.8534482717514038,0.8545259237289429,0.26372828000307386
1395,0.01462099514901638,1.0,0.8559837341308594,0.8527954816818237,0.22508746302191404
1396,0.02096857689321041,1.0,0.8509127497673035,0.8509457111358643,0.35276670805882643
1397,0.02265813574194908,1.0,0.8539553284645081,0.8521987795829773,0.29629861472017077
1398,0.023393671959638596,1.0,0.8544624447822571,0.8527954816818237,0.25722553082648053
1399,0.019709782674908638,1.0,0.8498985767364502,0.8532131910324097,0.25145341579364844
1400,0.018106240779161453,1.0,0.8483772873878479,0.8511247634887695,0.2588169958213284
1401,0.010032011196017265,1.0,0.8478701710700989,0.8508263826370239,0.12493388233063932
1402,0.018671488389372826,1.0,0.8478701710700989,0.8496330380439758,0.2874728464139814
1403,0.011932248249650002,1.0,0.8504056334495544,0.8498120307922363,0.17939968322654637
1404,0.00892284233123064,1.0,0.8473630547523499,0.8483799695968628,0.0996073869888092
1405,0.018314264714717865,1.0,0.842799186706543,0.8504087328910828,0.2338973220857368
1406,0.016624324023723602,1.0,0.8509127497673035,0.8507070541381836,0.29906368364944236
1407,0.03425759822130203,1.0,0.8534482717514038,0.8548242449760437,0.5241639076568823
1408,0.015448502264916897,1.0,0.8539553284645081,0.8517811298370361,0.1797215858258361
1409,0.018598219379782677,1.0,0.8493914604187012,0.8471865653991699,0.19194353266917658
1410,0.022990474477410316,1.0,0.8569979667663574,0.85333251953125,0.5017320336867909
1411,0.0084760133177042,1.0,0.8488843441009521,0.8541678786277771,0.13361660470174375
1412,0.01244264654815197,1.0,0.8443204760551453,0.8496330380439758,0.1652217473957384
1413,0.030057039111852646,1.0,0.8438133597373962,0.8511247634887695,0.30716884262701877
1414,0.021205784752964973,1.0,0.8509127497673035,0.8550629019737244,0.3567195603798027
1415,0.03170882165431976,1.0,0.8559837341308594,0.8529744744300842,0.4076059654197221
1416,0.02013816125690937,1.0,0.8493914604187012,0.849692702293396,0.2565157557396269
1417,0.01918589137494564,1.0,0.8559837341308594,0.8537502288818359,0.3505392592445953
1418,0.015606754459440708,1.0,0.8564908504486084,0.8581657409667969,0.21654601307421745
1419,0.013038079254329205,1.0,0.8554766774177551,0.8551822900772095,0.14554420923396955
1420,0.032105714082717896,1.0,0.8554766774177551,0.8551226258277893,0.4074079449488605
1421,0.02840065024793148,1.0,0.8524340391159058,0.8533921837806702,0.2523216636708915
1422,0.025739802047610283,1.0,0.8539553284645081,0.8524374961853027,0.2955452099526452
1423,0.01481796707957983,1.0,0.8524340391159058,0.8547645807266235,0.2264777256403659
1424,0.013706302270293236,1.0,0.8534482717514038,0.8554806113243103,0.21500433786747822
1425,0.014956739731132984,1.0,0.8554766774177551,0.8561369776725769,0.18055185648799107
1426,0.016191735863685608,1.0,0.8564908504486084,0.8556596040725708,0.2101652856838116
1427,0.023094482719898224,1.0,0.8569979667663574,0.8558386564254761,0.2687127158146572
1428,0.006640374194830656,1.0,0.8610547184944153,0.8561369776725769,0.1088805472780442
1429,0.012967320159077644,1.0,0.8580121397972107,0.8565546870231628,0.2645908482397582
1430,0.017332838848233223,1.0,0.859533429145813,0.8587027788162231,0.23017601293615012
1431,0.011914759874343872,1.0,0.8539553284645081,0.8563756346702576,0.14754635821748718
1432,0.02235219068825245,1.0,0.8524340391159058,0.854585587978363,0.3726987150399051
1433,0.01824762299656868,1.0,0.8585192561149597,0.8566740155220032,0.30772873538539314
1434,0.017181064933538437,1.0,0.859533429145813,0.8550629019737244,0.3285822493925
1435,0.01087290421128273,1.0,0.8514198660850525,0.8511844277381897,0.13280013581598968
1436,0.01577000878751278,1.0,0.8585192561149597,0.8526164889335632,0.27400622218937076
1437,0.02476957067847252,1.0,0.8580121397972107,0.855719268321991,0.34574535148582264
1438,0.012123575434088707,1.0,0.8590263724327087,0.8538695573806763,0.20261462501719696
1439,0.016475681215524673,1.0,0.8534482717514038,0.8521391153335571,0.2278393529452495
1440,0.012184781022369862,1.0,0.8529411554336548,0.8514230847358704,0.1773867996942925
1441,0.02308633178472519,1.0,0.8575050234794617,0.8558983206748962,0.26434813941455476
1442,0.017846953123807907,1.0,0.8625760674476624,0.8567933440208435,0.19926189198787495
1443,0.022194350138306618,1.0,0.8610547184944153,0.8540485501289368,0.22587745407982238
1444,0.017653552815318108,1.0,0.860547661781311,0.8556596040725708,0.27809333413392306
1445,0.01485387422144413,1.0,0.8635902404785156,0.8570916652679443,0.1847617231783463
1446,0.022174159064888954,1.0,0.8585192561149597,0.8561966419219971,0.22295097988272186
1447,0.011971086263656616,1.0,0.8575050234794617,0.8558386564254761,0.17122612682336047
1448,0.012360743246972561,1.0,0.859533429145813,0.8544065952301025,0.18401624566580477
1449,0.015223806723952293,1.0,0.860547661781311,0.8548839092254639,0.28642426960652845
1450,0.014459317550063133,1.0,0.860040545463562,0.8555999398231506,0.18630963419170157
1451,0.006415411829948425,1.0,0.8610547184944153,0.854585587978363,0.09231142211120001
1452,0.012492736801505089,1.0,0.8610547184944153,0.8556596040725708,0.23609842615012433
1453,0.008809073828160763,1.0,0.8585192561149597,0.8560176491737366,0.11717016358371016
1454,0.008763685822486877,1.0,0.8549695611000061,0.8555999398231506,0.13727935999486987
1455,0.013478182256221771,1.0,0.860040545463562,0.8517811298370361,0.2777154909096843
1456,0.010030282661318779,1.0,0.860547661781311,0.8508860468864441,0.13603458161092402
1457,0.021546753123402596,1.0,0.8620689511299133,0.8526164889335632,0.34160766169114926
1458,0.009466996416449547,1.0,0.8615618348121643,0.8529744744300842,0.15525606617322157
1459,0.007287916261702776,1.0,0.860040545463562,0.8519601225852966,0.12718760027498227
1460,0.014542466029524803,1.0,0.860547661781311,0.8517811298370361,0.19107549862857626
1461,0.00919988751411438,1.0,0.860040545463562,0.8516020774841309,0.12778337036647464
1462,0.015387991443276405,1.0,0.8620689511299133,0.8523181080818176,0.21068328979340611
1463,0.022596927359700203,1.0,0.860547661781311,0.8518407940864563,0.25618611055309953
1464,0.009982455521821976,1.0,0.860547661781311,0.8511247634887695,0.14792691798562996
1465,0.012790752574801445,1.0,0.859533429145813,0.852079451084137,0.21026353436969575
1466,0.018610317260026932,1.0,0.8625760674476624,0.8506473898887634,0.18888701563008028
1467,0.011997528374195099,1.0,0.859533429145813,0.8517811298370361,0.2073298770056939
1468,0.009299425408244133,1.0,0.8610547184944153,0.8532131910324097,0.1517122660524029
1469,0.016439860686659813,1.0,0.8580121397972107,0.8510054349899292,0.19574367684365115
1470,0.013476957567036152,1.0,0.8559837341308594,0.849692702293396,0.1506492994941447
1471,0.010180340148508549,1.0,0.8569979667663574,0.8481412529945374,0.13716175621504503
1472,0.009820780716836452,1.0,0.8580121397972107,0.8492749929428101,0.18605683243187404
1473,0.014584824442863464,1.0,0.8635902404785156,0.848439633846283,0.19172689289590414
1474,0.013817260973155499,1.0,0.860040545463562,0.8473058938980103,0.17795394473108248
1475,0.01739656925201416,1.0,0.8620689511299133,0.8499313592910767,0.26603820638866854
1476,0.009696558117866516,1.0,0.8620689511299133,0.8508860468864441,0.16255426653530888
1477,0.01663428731262684,1.0,0.8640973567962646,0.8507667183876038,0.23575328909711024
1478,0.019796453416347504,1.0,0.8620689511299133,0.8519004583358765,0.23622226564738946
1479,0.018886258825659752,1.0,0.860040545463562,0.8514827489852905,0.22721809132313897
1480,0.010747474618256092,1.0,0.8564908504486084,0.851721465587616,0.16399743224159652
1481,0.015350629575550556,1.0,0.8559837341308594,0.8533921837806702,0.2206887128647945
1482,0.009580588899552822,1.0,0.8564908504486084,0.8531535267829895,0.18508766209177682
1483,0.013654202222824097,1.0,0.8610547184944153,0.8541082143783569,0.2379138494132036
1484,0.00968325324356556,1.0,0.8569979667663574,0.8517811298370361,0.12594538165371938
1485,0.013661231845617294,1.0,0.8575050234794617,0.8518407940864563,0.21595647723792305
1486,0.01668887957930565,1.0,0.8575050234794617,0.8513634204864502,0.2886489697983185
1487,0.011172251775860786,1.0,0.8539553284645081,0.8498716950416565,0.1525700267520766
1488,0.01812717132270336,1.0,0.8544624447822571,0.8493346571922302,0.3255762869631834
1489,0.017458276823163033,1.0,0.8483772873878479,0.8491556644439697,0.23452045303825156
1490,0.01215303409844637,1.0,0.8438133597373962,0.8465301990509033,0.173645802701388
1491,0.013023984618484974,1.0,0.8483772873878479,0.8502296805381775,0.24798721896200493
1492,0.017393482849001884,1.0,0.8569979667663574,0.8534518480300903,0.2937270532341228
1493,0.01557951606810093,1.0,0.8534482717514038,0.8518407940864563,0.22327130544047075
1494,0.012561257928609848,1.0,0.8564908504486084,0.8524374961853027,0.22164211480835536
1495,0.011727401986718178,1.0,0.8559837341308594,0.8518407940864563,0.17827661194260225
1496,0.01138877123594284,1.0,0.8549695611000061,0.8528551459312439,0.18640006555749855
1497,0.01032319013029337,1.0,0.8483772873878479,0.8497523665428162,0.14364514765568073
1498,0.020045746117830276,1.0,0.8488843441009521,0.8532728552818298,0.43698827623047465
1499,0.013363347388803959,1.0,0.8498985767364502,0.8515424132347107,0.2524288709602016
1500,0.013966543599963188,1.0,0.8417849540710449,0.8482606410980225,0.2558137746148879
1501,0.023615188896656036,1.0,0.8534482717514038,0.8529148101806641,0.41224664864675803
1502,0.020412404090166092,1.0,0.8519269824028015,0.8521987795829773,0.37516774427032656
1503,0.010751212015748024,1.0,0.8473630547523499,0.8439047336578369,0.18476414551250916
1504,0.024762000888586044,1.0,0.8514198660850525,0.8530938625335693,0.6474620855851301
1505,0.01118511613458395,1.0,0.8539553284645081,0.8535711765289307,0.17556809707079196
1506,0.01401678379625082,1.0,0.8514198660850525,0.8519601225852966,0.22279996716972852
1507,0.01723402924835682,1.0,0.8519269824028015,0.8529744744300842,0.28885637147403115
1508,0.018826380372047424,1.0,0.8514198660850525,0.8548839092254639,0.2983687455483345
1509,0.011194474995136261,1.0,0.8488843441009521,0.8524971604347229,0.18148371820936057
1510,0.014216230250895023,1.0,0.8504056334495544,0.8505280613899231,0.22621322666091245
1511,0.014462443999946117,1.0,0.8539553284645081,0.8536308407783508,0.2456984419564564
1512,0.02140495553612709,1.0,0.8534482717514038,0.8533921837806702,0.26432385842606876
1513,0.01783766970038414,1.0,0.8524340391159058,0.85333251953125,0.2738808525179786
1514,0.02129531092941761,1.0,0.8554766774177551,0.8531535267829895,0.28329632109910635
1515,0.016994547098875046,1.0,0.8539553284645081,0.8547645807266235,0.3084234219223477
1516,0.015718583017587662,1.0,0.8539553284645081,0.8550629019737244,0.19896093899835324
1517,0.014059592969715595,1.0,0.8580121397972107,0.8560773134231567,0.24337547417087463
1518,0.008620860986411572,1.0,0.860547661781311,0.856614351272583,0.09829880325118016
1519,0.016555335372686386,1.0,0.8615618348121643,0.8554806113243103,0.20941788606209794
1520,0.012010814622044563,1.0,0.8585192561149597,0.8541678786277771,0.16621709473995747
1521,0.01204434409737587,1.0,0.8559837341308594,0.8526164889335632,0.15839034566237278
1522,0.010932772420346737,1.0,0.8534482717514038,0.8512440919876099,0.10846529652220387
1523,0.010944402776658535,1.0,0.8529411554336548,0.8521391153335571,0.1741530575672046
1524,0.011456521227955818,1.0,0.8580121397972107,0.8526761531829834,0.19182969509131687
1525,0.009506511501967907,1.0,0.8554766774177551,0.8519004583358765,0.17372040224166158
1526,0.01902487501502037,1.0,0.8534482717514038,0.8507667183876038,0.23006528689455627
1527,0.029084792360663414,1.0,0.8564908504486084,0.8534518480300903,0.4232048202319118
1528,0.012537313625216484,1.0,0.8569979667663574,0.8529744744300842,0.17685556401522276
1529,0.01286896038800478,1.0,0.8549695611000061,0.8521987795829773,0.22707590617383744
1530,0.016647575423121452,1.0,0.860040545463562,0.8556596040725708,0.22321676285061842
1531,0.015229547396302223,1.0,0.8524340391159058,0.8522584438323975,0.23568069803780253
1532,0.023144753649830818,1.0,0.8554766774177551,0.8530341982841492,0.36752018247852053
1533,0.011300402693450451,1.0,0.8554766774177551,0.8531535267829895,0.17796831228890267
1534,0.008347567170858383,1.0,0.8554766774177551,0.8528551459312439,0.16615293749940466
1535,0.008742217905819416,1.0,0.8580121397972107,0.8540485501289368,0.19634518055888822
1536,0.018913786858320236,1.0,0.8590263724327087,0.8532728552818298,0.2202185340630985
1537,0.012993625365197659,1.0,0.8590263724327087,0.8554806113243103,0.17142329067415546
1538,0.012882324866950512,1.0,0.8590263724327087,0.8564950227737427,0.13833673404920294
1539,0.013607748784124851,1.0,0.8554766774177551,0.8548839092254639,0.18629670747744023
1540,0.015349791385233402,1.0,0.860040545463562,0.8561369776725769,0.1866344805494984
1541,0.00889721792191267,1.0,0.8625760674476624,0.8553016185760498,0.12673006551057178
1542,0.023573514074087143,1.0,0.8615618348121643,0.8547049164772034,0.23393811406560638
1543,0.01658231019973755,1.0,0.8569979667663574,0.854585587978363,0.2788547641761803
1544,0.029442792758345604,1.0,0.8549695611000061,0.8539292216300964,0.22878136425199977
1545,0.012203299440443516,1.0,0.8529411554336548,0.8526761531829834,0.17160648267203263
1546,0.00824391096830368,1.0,0.8554766774177551,0.8523181080818176,0.10336467215902137
1547,0.0136461416259408,1.0,0.8534482717514038,0.8511844277381897,0.23757728243555426
1548,0.01775549352169037,1.0,0.8534482717514038,0.8530938625335693,0.2771415621187055
1549,0.012866053730249405,1.0,0.8539553284645081,0.8529148101806641,0.18195562000661203
1550,0.0151210967451334,1.0,0.8468559384346008,0.8528551459312439,0.18907674985060113
1551,0.019379369914531708,1.0,0.8564908504486084,0.8520197868347168,0.20811052006836084
1552,0.011667274869978428,1.0,0.8564908504486084,0.8505280613899231,0.14353000571682975
1553,0.01328401267528534,1.0,0.8549695611000061,0.8511844277381897,0.22070561225187701
1554,0.017068805173039436,1.0,0.8539553284645081,0.8532728552818298,0.22330654933391272
1555,0.011318276636302471,1.0,0.8534482717514038,0.8524374961853027,0.15117761869565002
1556,0.009786305949091911,1.0,0.8539553284645081,0.8522584438323975,0.14636817964755547
1557,0.010829293169081211,1.0,0.8559837341308594,0.8530938625335693,0.13752913569748693
1558,0.011242588050663471,1.0,0.8554766774177551,0.8535115122795105,0.1536396487964946
1559,0.014090729877352715,1.0,0.8580121397972107,0.8536308407783508,0.27900218544248223
1560,0.010756862349808216,1.0,0.8590263724327087,0.8529148101806641,0.17293317929010946
1561,0.016694501042366028,1.0,0.8575050234794617,0.8520197868347168,0.27663394318146345
1562,0.012665444985032082,1.0,0.8549695611000061,0.8485589623451233,0.19719718446850912
1563,0.015353856608271599,1.0,0.8534482717514038,0.8480815887451172,0.2711409449077325
1564,0.015372921712696552,1.0,0.8544624447822571,0.8494539856910706,0.23183284768974183
1565,0.02654491737484932,1.0,0.8549695611000061,0.8528551459312439,0.40424866365661166
1566,0.011899823322892189,1.0,0.8575050234794617,0.8510054349899292,0.25040773893315604
1567,0.016959652304649353,1.0,0.8534482717514038,0.8510650992393494,0.39263963237892974
1568,0.021166495978832245,1.0,0.8569979667663574,0.8538695573806763,0.3521984181656464
1569,0.020802054554224014,1.0,0.8519269824028015,0.8522584438323975,0.25173370005349194
1570,0.02066267840564251,1.0,0.8544624447822571,0.8514230847358704,0.2849049698161676
1571,0.01789868250489235,1.0,0.8519269824028015,0.8522584438323975,0.2036771297769587
1572,0.01644527167081833,1.0,0.8529411554336548,0.8536308407783508,0.24910158757632567
1573,0.016141660511493683,1.0,0.8590263724327087,0.855719268321991,0.22113768085827118
1574,0.018939673900604248,1.0,0.8575050234794617,0.854585587978363,0.2346810603776191
1575,0.016955090686678886,1.0,0.8529411554336548,0.8555999398231506,0.3511649609700837
1576,0.012721279636025429,1.0,0.8504056334495544,0.8533921837806702,0.19557699322196184
1577,0.01975787989795208,1.0,0.8514198660850525,0.8550629019737244,0.23441329178522416
1578,0.011737586930394173,1.0,0.8544624447822571,0.8551226258277893,0.2187005068921214
1579,0.014813379384577274,1.0,0.8493914604187012,0.8539292216300964,0.19094717095109656
1580,0.016090165823698044,1.0,0.8539553284645081,0.8554209470748901,0.35395593261604097
1581,0.011373086832463741,1.0,0.8534482717514038,0.8576883673667908,0.22225679751577476
1582,0.007033199071884155,1.0,0.8554766774177551,0.8555402755737305,0.11657855426386304
1583,0.024929430335760117,1.0,0.8458417654037476,0.8537502288818359,0.36351580435844055
1584,0.009357045404613018,1.0,0.8417849540710449,0.8507667183876038,0.25892106529579667
1585,0.014256278984248638,1.0,0.8493914604187012,0.8539292216300964,0.3900370941825939
1586,0.01112760417163372,1.0,0.8504056334495544,0.8547645807266235,0.14250783232751088
1587,0.00893505197018385,1.0,0.8509127497673035,0.8490960001945496,0.16751275488627543
1588,0.013939018361270428,0.998985767364502,0.8478701710700989,0.8456948399543762,0.18066053858265047
1589,0.022587476298213005,1.0,0.8473630547523499,0.8516020774841309,0.3983810298283934
1590,0.014038331806659698,1.0,0.8488843441009521,0.8507667183876038,0.2837017724278453
1591,0.007529661059379578,1.0,0.8417849540710449,0.8450981378555298,0.1842592464803814
1592,0.01576416939496994,1.0,0.8468559384346008,0.852079451084137,0.3897092280297494
1593,0.025168420746922493,1.0,0.8554766774177551,0.854585587978363,0.4483279560107553
1594,0.010798906907439232,1.0,0.8549695611000061,0.8510650992393494,0.2299755723505111
1595,0.0188745204359293,1.0,0.8554766774177551,0.8526164889335632,0.3781705573492631
1596,0.011188256554305553,1.0,0.8559837341308594,0.8541678786277771,0.15704402983412827
1597,0.012616792693734169,1.0,0.8539553284645081,0.8539888858795166,0.21613626907823646
1598,0.011322746984660625,1.0,0.8534482717514038,0.8547645807266235,0.14753301555463832
1599,0.018834829330444336,1.0,0.8498985767364502,0.8548839092254639,0.25496524658083236
1600,0.008804524317383766,1.0,0.8498985767364502,0.8540485501289368,0.1694349463953609
1601,0.011152692139148712,1.0,0.8473630547523499,0.8547645807266235,0.18434672122686208
1602,0.01614435389637947,1.0,0.8544624447822571,0.8554806113243103,0.3098792725602093
1603,0.010471750050783157,1.0,0.8514198660850525,0.8561369776725769,0.14262952570811188
1604,0.017437532544136047,1.0,0.8509127497673035,0.8558983206748962,0.23484368386805113
1605,0.008725608699023724,1.0,0.8559837341308594,0.8555402755737305,0.16503330385570897
1606,0.01295636035501957,1.0,0.8559837341308594,0.8555999398231506,0.2758050688888764
1607,0.012905343435704708,1.0,0.8514198660850525,0.8551226258277893,0.20815504092599763
1608,0.008211231790482998,1.0,0.8498985767364502,0.8519601225852966,0.13989214983054685
1609,0.015390089713037014,1.0,0.8468559384346008,0.8502894043922424,0.2803591231874656
1610,0.016116848215460777,1.0,0.8544624447822571,0.8539888858795166,0.3958278283371793
1611,0.021925389766693115,1.0,0.8544624447822571,0.8535711765289307,0.2938450477946125
1612,0.01467323862016201,1.0,0.8549695611000061,0.8510054349899292,0.20722609462434033
1613,0.022847594693303108,1.0,0.8615618348121643,0.8523181080818176,0.2897103231165661
1614,0.011122556403279305,1.0,0.8498985767364502,0.8525568246841431,0.20002691815840964
1615,0.01607576757669449,1.0,0.8473630547523499,0.8509457111358643,0.3113337621010136
1616,0.01448555663228035,1.0,0.8433062434196472,0.8460528254508972,0.22702255568685073
1617,0.019579598680138588,1.0,0.8498985767364502,0.8493943214416504,0.4644585303606959
1618,0.021358970552682877,1.0,0.8529411554336548,0.8536308407783508,0.2592685585107339
1619,0.015226864255964756,1.0,0.8580121397972107,0.8574497103691101,0.28933200056051644
1620,0.015941260382533073,1.0,0.8539553284645081,0.8545259237289429,0.22813333773034333
1621,0.021181298419833183,1.0,0.8519269824028015,0.8484992980957031,0.2982490182487344
1622,0.03126131743192673,1.0,0.860040545463562,0.857867419719696,0.5681529489803018
1623,0.01131646428257227,1.0,0.859533429145813,0.8555999398231506,0.17375517973026233
1624,0.015401325188577175,1.0,0.8519269824028015,0.8538098931312561,0.17246305553243493
1625,0.023741349577903748,1.0,0.8564908504486084,0.8550032377243042,0.3682605951299997
1626,0.02662002108991146,1.0,0.8630831241607666,0.8550032377243042,0.31356531479552585
1627,0.011757097207009792,1.0,0.8620689511299133,0.8544662594795227,0.18417284031739964
1628,0.022509394213557243,1.0,0.866125762462616,0.8555402755737305,0.3530606146717526
1629,0.023482780903577805,1.0,0.8651115298271179,0.8570916652679443,0.3340995040813381
1630,0.021132828667759895,1.0,0.860040545463562,0.8571513891220093,0.18781078224675327
1631,0.014191620983183384,1.0,0.8656186461448669,0.8580464124679565,0.18311039304072246
1632,0.014428293332457542,1.0,0.859533429145813,0.8568530082702637,0.19921070188188553
1633,0.016711760312318802,1.0,0.8559837341308594,0.8550032377243042,0.22974617217458648
1634,0.014980282634496689,1.0,0.860040545463562,0.8552419543266296,0.22176737120547227
1635,0.010051961988210678,1.0,0.8575050234794617,0.8560176491737366,0.1800888673920871
1636,0.015205377712845802,1.0,0.8549695611000061,0.8550629019737244,0.31048673919650965
1637,0.016195261850953102,1.0,0.8514198660850525,0.850050687789917,0.24237132251711965
1638,0.01510254479944706,1.0,0.8478701710700989,0.8484992980957031,0.2300321299498404
1639,0.029689371585845947,1.0,0.8569979667663574,0.8544065952301025,0.45447956496602376
1640,0.024781011044979095,1.0,0.8585192561149597,0.8505280613899231,0.2968035910707176
1641,0.01673872582614422,1.0,0.8534482717514038,0.8479622602462769,0.3823699212006657
1642,0.02260126732289791,1.0,0.8539553284645081,0.85130375623703,0.345363836624936
1643,0.017117450013756752,1.0,0.8590263724327087,0.854943573474884,0.33269252631178065
1644,0.011161102913320065,1.0,0.8539553284645081,0.852079451084137,0.19605809218022216
1645,0.0261349156498909,1.0,0.8620689511299133,0.8507070541381836,0.46567197615619305
1646,0.014074001461267471,1.0,0.8615618348121643,0.8545259237289429,0.29693028017707684
1647,0.020446771755814552,1.0,0.8564908504486084,0.8547645807266235,0.23692055517519353
1648,0.023381510749459267,1.0,0.8549695611000061,0.8527954816818237,0.28748753460447946
1649,0.02256954088807106,1.0,0.8514198660850525,0.8515424132347107,0.3446628290988941
1650,0.02205570973455906,1.0,0.8529411554336548,0.8545259237289429,0.2637270049541107
1651,0.011482344940304756,1.0,0.8585192561149597,0.8529744744300842,0.13229235126071737
1652,0.015007846988737583,1.0,0.859533429145813,0.8515424132347107,0.1905070006939468
1653,0.02048647217452526,1.0,0.8554766774177551,0.8519004583358765,0.21740725159839464
1654,0.012880479916930199,1.0,0.8575050234794617,0.8536308407783508,0.18329704682789344
1655,0.013433383777737617,1.0,0.8549695611000061,0.8536308407783508,0.15153553891873328
1656,0.02015676721930504,1.0,0.8529411554336548,0.8526761531829834,0.2277545079977206
1657,0.014465303160250187,1.0,0.8514198660850525,0.8496330380439758,0.22246873290982114
1658,0.01648491621017456,1.0,0.8544624447822571,0.8493943214416504,0.25374169632563437
1659,0.013880946673452854,1.0,0.8534482717514038,0.8487379550933838,0.15889340026930016
1660,0.018428806215524673,1.0,0.8544624447822571,0.8497523665428162,0.211907094364053
1661,0.016915272921323776,1.0,0.8539553284645081,0.8512440919876099,0.3403837926810585
1662,0.016043057665228844,1.0,0.8544624447822571,0.8516618013381958,0.27018827211653673
1663,0.018835296854376793,1.0,0.8509127497673035,0.8495136499404907,0.23088675459209393
1664,0.018877048045396805,1.0,0.8554766774177551,0.8508860468864441,0.2319575190830698
1665,0.015196846798062325,1.0,0.8575050234794617,0.8505280613899231,0.2080722461865743
1666,0.0178973525762558,1.0,0.8615618348121643,0.8489170074462891,0.22817439298497472
1667,0.013834230601787567,1.0,0.8590263724327087,0.8498716950416565,0.2752860395181768
1668,0.01945571042597294,1.0,0.8635902404785156,0.8528551459312439,0.27485946121560284
1669,0.02240586467087269,1.0,0.8585192561149597,0.8520197868347168,0.24172423697143178
1670,0.016263356432318687,1.0,0.8580121397972107,0.8510650992393494,0.29441142446652646
1671,0.022073395550251007,1.0,0.8625760674476624,0.8540485501289368,0.3231658057701683
1672,0.015160471200942993,1.0,0.860547661781311,0.8557789921760559,0.1900024139877285
1673,0.01310025155544281,1.0,0.8640973567962646,0.8554806113243103,0.20708497248334373
1674,0.018725765869021416,1.0,0.8635902404785156,0.8552419543266296,0.2304548233628075
1675,0.011713084764778614,1.0,0.8656186461448669,0.8562563061714172,0.19276201133189463
1676,0.012448916211724281,1.0,0.8615618348121643,0.8552419543266296,0.2001175832660584
1677,0.014535900205373764,1.0,0.8544624447822571,0.8533921837806702,0.24020488298912304
1678,0.009653715416789055,1.0,0.8524340391159058,0.8513634204864502,0.13301206617624903
1679,0.014695887453854084,1.0,0.8529411554336548,0.8512440919876099,0.2091084991443361
1680,0.014760726131498814,1.0,0.8519269824028015,0.8519004583358765,0.24840629721252983
1681,0.009347285144031048,1.0,0.8585192561149597,0.8519601225852966,0.11387386008473296
1682,0.015190714970231056,1.0,0.859533429145813,0.8498120307922363,0.18889020417090724
1683,0.016785062849521637,1.0,0.860040545463562,0.8504683971405029,0.25742007294641034
1684,0.017761550843715668,1.0,0.8580121397972107,0.8498120307922363,0.24526086959639637
1685,0.011156613007187843,1.0,0.8575050234794617,0.8510650992393494,0.16812336612280307
1686,0.021872438490390778,1.0,0.8534482717514038,0.8507667183876038,0.22199322142571368
1687,0.01703905686736107,1.0,0.8524340391159058,0.8519601225852966,0.18599755706764728
1688,0.008861997164785862,1.0,0.8529411554336548,0.8526164889335632,0.14892006513120498
1689,0.019397156313061714,1.0,0.8559837341308594,0.8529744744300842,0.20568561356523
1690,0.016503138467669487,1.0,0.8585192561149597,0.8529744744300842,0.24824650711633497
1691,0.013283750973641872,1.0,0.8580121397972107,0.8550032377243042,0.2136079820915383
1692,0.010220382362604141,1.0,0.8559837341308594,0.8570320010185242,0.17559012609911512
1693,0.013812641613185406,1.0,0.8559837341308594,0.8564950227737427,0.16984749653588121
1694,0.018479155376553535,1.0,0.8569979667663574,0.8573303818702698,0.2734326746022037
1695,0.013707254081964493,1.0,0.8610547184944153,0.8578076958656311,0.21478377865127357
1696,0.008640683256089687,1.0,0.8580121397972107,0.8553016185760498,0.14739595982478576
1697,0.014078730717301369,1.0,0.8554766774177551,0.8542872071266174,0.29557806690059407
1698,0.017138486728072166,1.0,0.8625760674476624,0.8541678786277771,0.24004638073366108
1699,0.015836330130696297,1.0,0.8630831241607666,0.8523181080818176,0.19871074326964738
1700,0.010721012949943542,1.0,0.8564908504486084,0.8501700162887573,0.17196855148281015
1701,0.01743498630821705,1.0,0.8635902404785156,0.8527358174324036,0.29013569616767215
1702,0.013084872625768185,1.0,0.8610547184944153,0.8560773134231567,0.2364100621640106
1703,0.013873978517949581,1.0,0.860040545463562,0.8555999398231506,0.1431409682099209
1704,0.009574254043400288,1.0,0.8575050234794617,0.8531535267829895,0.1611749713528175
1705,0.022668957710266113,1.0,0.8590263724327087,0.854943573474884,0.32017913326049
1706,0.01796143688261509,1.0,0.8646044135093689,0.856972336769104,0.2691120943344476
1707,0.012085918337106705,1.0,0.8625760674476624,0.854585587978363,0.20935159248462493
1708,0.013538668863475323,1.0,0.8610547184944153,0.8533921837806702,0.2743469883388839
1709,0.01863468438386917,1.0,0.8640973567962646,0.8578076958656311,0.3681742691697483
1710,0.00983454193919897,1.0,0.8615618348121643,0.85536128282547,0.12606199867514695
1711,0.011425143107771873,1.0,0.8635902404785156,0.854943573474884,0.15929045925149263
1712,0.020393650978803635,1.0,0.8630831241607666,0.8539292216300964,0.29042980612028363
1713,0.010112911462783813,1.0,0.8635902404785156,0.8535115122795105,0.15523686208181173
1714,0.014065384864807129,1.0,0.8615618348121643,0.8559579849243164,0.2553978284598855
1715,0.014604088850319386,1.0,0.860547661781311,0.8573303818702698,0.23812624402992758
1716,0.02949010394513607,1.0,0.8544624447822571,0.8538098931312561,0.26915928912870374
1717,0.011785195209085941,1.0,0.8498985767364502,0.8511247634887695,0.20266715689713424
1718,0.02114391140639782,1.0,0.8539553284645081,0.8538695573806763,0.34693375859487235
1719,0.01264701783657074,1.0,0.8580121397972107,0.8551822900772095,0.2164110681652208
1720,0.014817792922258377,1.0,0.8529411554336548,0.8530341982841492,0.26293361022761147
1721,0.02594108134508133,1.0,0.860547661781311,0.8554806113243103,0.2762970994618788
1722,0.019381560385227203,1.0,0.860547661781311,0.8587027788162231,0.270705657520595
1723,0.012792946770787239,1.0,0.8564908504486084,0.8560176491737366,0.17420124205545776
1724,0.01745087467133999,1.0,0.8554766774177551,0.8558386564254761,0.21323972704635857
1725,0.018278470262885094,1.0,0.8524340391159058,0.859001100063324,0.32093416157693927
1726,0.0128396637737751,1.0,0.8493914604187012,0.8559579849243164,0.1899622423771927
1727,0.01207525935024023,1.0,0.8473630547523499,0.8522584438323975,0.17655444150337896
1728,0.016496747732162476,1.0,0.8483772873878479,0.8553016185760498,0.3047584437629941
1729,0.02151492051780224,1.0,0.8569979667663574,0.8567933440208435,0.26913243956495414
1730,0.008920024149119854,1.0,0.8559837341308594,0.8554806113243103,0.12818316696870607
1731,0.011282557621598244,1.0,0.8529411554336548,0.8542872071266174,0.19622974970533139
1732,0.012461956590414047,1.0,0.8544624447822571,0.8573900461196899,0.28982464768369964
1733,0.012582042254507542,1.0,0.8580121397972107,0.8560773134231567,0.21404102821027896
1734,0.01541118510067463,1.0,0.8580121397972107,0.8585237860679626,0.22942075028874778
1735,0.007043137215077877,1.0,0.8544624447822571,0.8578076958656311,0.10122329852214279
1736,0.010255364701151848,1.0,0.8554766774177551,0.8547645807266235,0.1759882278096932
1737,0.011030391789972782,1.0,0.8534482717514038,0.855719268321991,0.2033335268261394
1738,0.007014763541519642,1.0,0.8534482717514038,0.8559579849243164,0.14650287372911922
1739,0.007615501061081886,1.0,0.8534482717514038,0.8550032377243042,0.14441401135069962
1740,0.021067721769213676,1.0,0.8524340391159058,0.8550629019737244,0.29441713015692134
1741,0.007746795658022165,1.0,0.8539553284645081,0.8554806113243103,0.17378746194423575
1742,0.012234496884047985,1.0,0.8539553284645081,0.8564352989196777,0.19686527168521928
1743,0.010743171907961369,1.0,0.8534482717514038,0.8575093746185303,0.13908082832896765
1744,0.019934872165322304,1.0,0.8498985767364502,0.8545259237289429,0.3512149951878906
1745,0.009929575957357883,1.0,0.8509127497673035,0.8535115122795105,0.14628221301064698
1746,0.014706463553011417,1.0,0.8504056334495544,0.8532131910324097,0.21367664811441087
1747,0.008596284314990044,1.0,0.8524340391159058,0.8536308407783508,0.1622203065671968
1748,0.012076596729457378,1.0,0.8564908504486084,0.8545259237289429,0.22360741885328914
1749,0.011913619004189968,1.0,0.8534482717514038,0.8529148101806641,0.2093513285060095
1750,0.012038122862577438,1.0,0.8514198660850525,0.8534518480300903,0.20817674037009765
1751,0.010398313403129578,1.0,0.8509127497673035,0.855719268321991,0.19313108995364553
1752,0.006911257281899452,1.0,0.8554766774177551,0.8554806113243103,0.10490962563680208
1753,0.006796690635383129,1.0,0.8575050234794617,0.8551822900772095,0.13491383440272178
1754,0.010139012709259987,1.0,0.8590263724327087,0.8562563061714172,0.14407283366699147
1755,0.009525979869067669,1.0,0.8615618348121643,0.8551822900772095,0.20065889717053578
1756,0.011154374107718468,1.0,0.8575050234794617,0.8550032377243042,0.1998107096360689
1757,0.018917933106422424,1.0,0.859533429145813,0.8535711765289307,0.2508113886054246
1758,0.00922409724444151,1.0,0.8554766774177551,0.8533921837806702,0.19536025208613303
1759,0.019984474405646324,1.0,0.8575050234794617,0.8535711765289307,0.37152630638214856
1760,0.013321775011718273,1.0,0.8524340391159058,0.8518407940864563,0.1743772068353716
1761,0.015567903406918049,1.0,0.8580121397972107,0.8542275428771973,0.40284624297728155
1762,0.019287824630737305,1.0,0.8514198660850525,0.8527954816818237,0.2927819907201182
1763,0.0187175665050745,1.0,0.8575050234794617,0.8534518480300903,0.27299885941377516
1764,0.013814643025398254,1.0,0.8615618348121643,0.8520197868347168,0.16858198097959987
1765,0.012635618448257446,1.0,0.8539553284645081,0.8488572835922241,0.16104951365094686
1766,0.023365063592791557,1.0,0.8569979667663574,0.8527954816818237,0.32635453095332906
1767,0.015464985743165016,1.0,0.860040545463562,0.8546452522277832,0.24305425470306133
1768,0.014951400458812714,1.0,0.8559837341308594,0.8532131910324097,0.17582659170806741
1769,0.01338723860681057,1.0,0.8580121397972107,0.8515424132347107,0.2036007685981078
1770,0.015326200053095818,1.0,0.8580121397972107,0.8541082143783569,0.2522245516875805
1771,0.016749411821365356,1.0,0.8554766774177551,0.8532728552818298,0.2204936582943266
1772,0.006740751676261425,1.0,0.8539553284645081,0.8506473898887634,0.12540417497032438
1773,0.011891726404428482,1.0,0.8519269824028015,0.8478429317474365,0.17625704196659872
1774,0.016030266880989075,1.0,0.8493914604187012,0.8473058938980103,0.34781379042763066
1775,0.023444723337888718,1.0,0.8514198660850525,0.8501103520393372,0.378206925859302
1776,0.021150048822164536,1.0,0.8478701710700989,0.8501700162887573,0.5689542596822621
1777,0.020467480644583702,1.0,0.8509127497673035,0.8480815887451172,0.39139427914234726
1778,0.013133964501321316,1.0,0.8544624447822571,0.8516618013381958,0.25413103726626324
1779,0.012580151669681072,1.0,0.8554766774177551,0.8524374961853027,0.2601642564839603
1780,0.024197706952691078,1.0,0.8509127497673035,0.8480815887451172,0.4002462210592926
1781,0.01650393195450306,1.0,0.8498985767364502,0.8490363359451294,0.34625812620642565
1782,0.015146950259804726,1.0,0.8554766774177551,0.8517811298370361,0.27107465574237427
1783,0.01625526137650013,1.0,0.8610547184944153,0.8540485501289368,0.2724907404088857
1784,0.01653328165411949,1.0,0.860040545463562,0.8537502288818359,0.27409296616237216
1785,0.016139604151248932,1.0,0.8610547184944153,0.8556596040725708,0.31506012758233354
1786,0.019467810168862343,1.0,0.8620689511299133,0.8561369776725769,0.29855031621812883
1787,0.014735417440533638,1.0,0.8630831241607666,0.8544662594795227,0.17343811733372605
1788,0.018397437408566475,1.0,0.8620689511299133,0.8541082143783569,0.263009829376319
1789,0.018449420109391212,1.0,0.860040545463562,0.8543468713760376,0.2262902529587069
1790,0.029702821746468544,1.0,0.860547661781311,0.8552419543266296,0.2723836251150539
1791,0.022044111043214798,1.0,0.8564908504486084,0.8538098931312561,0.21124045640502329
1792,0.02292875573039055,1.0,0.8575050234794617,0.8524374961853027,0.30550444825672135
1793,0.017047803848981857,1.0,0.8590263724327087,0.8547049164772034,0.2554714840373675
1794,0.014174506068229675,1.0,0.8564908504486084,0.8559579849243164,0.1628372123143524
1795,0.02006872184574604,1.0,0.8580121397972107,0.8555999398231506,0.27046622470792153
1796,0.015076043084263802,1.0,0.8569979667663574,0.8558386564254761,0.18459913704570394
1797,0.016115685924887657,1.0,0.8615618348121643,0.8560773134231567,0.2199837377073543
1798,0.011502377688884735,1.0,0.8620689511299133,0.8547049164772034,0.14643627039210091
1799,0.013940833508968353,1.0,0.8620689511299133,0.8527358174324036,0.20862458224005132
1800,0.012435023672878742,1.0,0.8610547184944153,0.8536308407783508,0.18903306935441422
1801,0.018600601702928543,1.0,0.8640973567962646,0.8558386564254761,0.30673537826056746
1802,0.01385539211332798,1.0,0.8635902404785156,0.8562563061714172,0.2183635863368453
1803,0.012043556198477745,1.0,0.8620689511299133,0.855719268321991,0.167604107626897
1804,0.01440759003162384,1.0,0.8580121397972107,0.8541082143783569,0.23314512033407783
1805,0.012557592242956161,1.0,0.859533429145813,0.8544065952301025,0.23728325200101513
1806,0.01395541150122881,1.0,0.8564908504486084,0.8536308407783508,0.25756431694602905
1807,0.012679756619036198,1.0,0.8554766774177551,0.85333251953125,0.19746137575463063
1808,0.010083525441586971,1.0,0.8569979667663574,0.85333251953125,0.15891552195496214
1809,0.0067878179252147675,1.0,0.8575050234794617,0.8540485501289368,0.11681328605513377
1810,0.012291229330003262,1.0,0.8564908504486084,0.854943573474884,0.18288513215177116
1811,0.01196527574211359,1.0,0.8549695611000061,0.8539292216300964,0.19103167331268667
1812,0.015120340511202812,1.0,0.8544624447822571,0.8523181080818176,0.25866604907267987
1813,0.012912344187498093,1.0,0.8524340391159058,0.8532728552818298,0.22932640454600267
1814,0.015810048207640648,1.0,0.8529411554336548,0.8541082143783569,0.2370584033770082
1815,0.014000226743519306,1.0,0.8539553284645081,0.8539888858795166,0.23911590053667497
1816,0.01568751409649849,1.0,0.8554766774177551,0.8531535267829895,0.21160427873215132
1817,0.008628777228295803,1.0,0.8539553284645081,0.8529744744300842,0.15054150576458977
1818,0.018477171659469604,1.0,0.8564908504486084,0.8536308407783508,0.28406679434073284
1819,0.026177868247032166,1.0,0.8575050234794617,0.8551226258277893,0.3217560746072576
1820,0.018277261406183243,1.0,0.8534482717514038,0.8550032377243042,0.22727997471857492
1821,0.011655546724796295,1.0,0.8509127497673035,0.8530938625335693,0.16103828444330479
1822,0.01276907604187727,1.0,0.8524340391159058,0.855719268321991,0.231060776119108
1823,0.014957456849515438,1.0,0.8539553284645081,0.8573303818702698,0.20212408788703676
1824,0.01229234877973795,1.0,0.8554766774177551,0.8562563061714172,0.18437254492648472
1825,0.01955045573413372,1.0,0.8590263724327087,0.8537502288818359,0.23644125147428427
1826,0.018663352355360985,1.0,0.8585192561149597,0.8538695573806763,0.29290412119196846
1827,0.01831541396677494,1.0,0.8549695611000061,0.856614351272583,0.33850504794580116
1828,0.02430889941751957,1.0,0.8514198660850525,0.8563159704208374,0.26565017378310063
1829,0.017673492431640625,1.0,0.8524340391159058,0.8552419543266296,0.23312301735452914
1830,0.01614043302834034,1.0,0.8534482717514038,0.8557789921760559,0.2052252372047564
1831,0.014918376691639423,1.0,0.8519269824028015,0.854585587978363,0.22063454216315453
1832,0.022828390821814537,1.0,0.8493914604187012,0.8542872071266174,0.34770697834869446
1833,0.00974596943706274,1.0,0.8493914604187012,0.8542275428771973,0.19764554616854063
1834,0.00789499469101429,1.0,0.8498985767364502,0.8539888858795166,0.09988092875943277
1835,0.010739225894212723,1.0,0.8488843441009521,0.8519601225852966,0.16302326514645504
1836,0.01635412499308586,1.0,0.8468559384346008,0.8510054349899292,0.18482708179180643
1837,0.014659042470157146,1.0,0.8478701710700989,0.8547049164772034,0.30454779229381296
1838,0.011876765638589859,1.0,0.8458417654037476,0.8541678786277771,0.20642916305851805
1839,0.021620504558086395,1.0,0.8458417654037476,0.8514230847358704,0.273141289023938
1840,0.023255690932273865,1.0,0.8493914604187012,0.8538695573806763,0.4239055147974213
1841,0.01949956826865673,1.0,0.842292070388794,0.8527358174324036,0.27453665433111296
1842,0.009874160401523113,1.0,0.837221086025238,0.848439633846283,0.14376231122084746
1843,0.022757435217499733,1.0,0.8438133597373962,0.851721465587616,0.41538270902485297
1844,0.015966903418302536,1.0,0.8448275923728943,0.85130375623703,0.35842810701137556
1845,0.016654929146170616,1.0,0.8438133597373962,0.8475446105003357,0.2875417735787575
1846,0.018716467544436455,1.0,0.8524340391159058,0.853690505027771,0.37480920653059613
1847,0.03708638623356819,1.0,0.8509127497673035,0.8479622602462769,0.3282529577533755
1848,0.027481943368911743,1.0,0.8483772873878479,0.8456948399543762,0.31415232209865485
1849,0.02852644957602024,1.0,0.8544624447822571,0.8538695573806763,0.5749685051759298
1850,0.014548449777066708,1.0,0.8468559384346008,0.8525568246841431,0.22258255254159795
1851,0.0185963474214077,1.0,0.8458417654037476,0.8497523665428162,0.20507262828267458
1852,0.03368288278579712,1.0,0.8509127497673035,0.8502894043922424,0.31847000832599653
1853,0.020270206034183502,1.0,0.8509127497673035,0.8518407940864563,0.2554693516839433
1854,0.014642558991909027,1.0,0.8493914604187012,0.851721465587616,0.2436093499499334
1855,0.02162010408937931,1.0,0.8519269824028015,0.852079451084137,0.33963177074980966
1856,0.012145339511334896,1.0,0.8509127497673035,0.8535711765289307,0.18647928078604098
1857,0.016044536605477333,1.0,0.8504056334495544,0.8544662594795227,0.2075391910685981
1858,0.007792108226567507,1.0,0.8519269824028015,0.852079451084137,0.09966076344598623
1859,0.005955114960670471,1.0,0.8509127497673035,0.849692702293396,0.1036660893374355
1860,0.010329917073249817,1.0,0.8483772873878479,0.8505280613899231,0.1689596346785753
1861,0.015369433909654617,1.0,0.8498985767364502,0.8515424132347107,0.2871286153023135
1862,0.01267200242727995,1.0,0.8539553284645081,0.8556596040725708,0.23332031272092912
1863,0.01021171361207962,1.0,0.8524340391159058,0.8562563061714172,0.20154100994312538
1864,0.022594040259718895,1.0,0.8504056334495544,0.8532131910324097,0.34164293855811434
1865,0.028914913535118103,1.0,0.8493914604187012,0.8533921837806702,0.39880484128042504
1866,0.020601911470294,1.0,0.8519269824028015,0.8556596040725708,0.3121597227714613
1867,0.01279505342245102,1.0,0.8519269824028015,0.8564352989196777,0.22476653610050423
1868,0.01265291590243578,1.0,0.8488843441009521,0.8530938625335693,0.14992547561261324
1869,0.01738879457116127,1.0,0.8509127497673035,0.853690505027771,0.3169003224220249
1870,0.01436811126768589,1.0,0.8498985767364502,0.8555999398231506,0.25799529646776453
1871,0.0288379043340683,1.0,0.8498985767364502,0.8516020774841309,0.14771147610940583
1872,0.011339826509356499,1.0,0.8483772873878479,0.8473058938980103,0.12463650532047754
1873,0.02018199861049652,1.0,0.8493914604187012,0.8483799695968628,0.243287547857942
1874,0.028105029836297035,1.0,0.8534482717514038,0.8541678786277771,0.3824633986753421
1875,0.016667773947119713,1.0,0.8529411554336548,0.8492153286933899,0.1912622474440866
1876,0.02030625194311142,1.0,0.8524340391159058,0.8499910235404968,0.28941897645041204
1877,0.018206531181931496,1.0,0.8493914604187012,0.8544065952301025,0.2938489006376909
1878,0.013052168302237988,1.0,0.8453346490859985,0.8529148101806641,0.2232901860808987
1879,0.010218688286840916,1.0,0.8417849540710449,0.8495136499404907,0.13263144357937767
1880,0.025314796715974808,1.0,0.8438133597373962,0.8519601225852966,0.31974778969510864
1881,0.01782403700053692,1.0,0.8519269824028015,0.8534518480300903,0.19617768169442432
1882,0.015407159924507141,1.0,0.8504056334495544,0.8550032377243042,0.20882388002312813
1883,0.01530321966856718,1.0,0.8478701710700989,0.8543468713760376,0.21963996493694404
1884,0.014510023407638073,1.0,0.8493914604187012,0.8532131910324097,0.18481344337680067
1885,0.02129717543721199,1.0,0.8488843441009521,0.8539888858795166,0.37503195152568103
1886,0.015538760460913181,1.0,0.8488843441009521,0.8526164889335632,0.2181222766983696
1887,0.008815492503345013,1.0,0.8478701710700989,0.8507070541381836,0.10288482610905356
1888,0.017341373488307,1.0,0.8473630547523499,0.8502894043922424,0.22485538538127967
1889,0.014061159454286098,1.0,0.8458417654037476,0.850050687789917,0.1527909170446717
1890,0.0070287007838487625,1.0,0.8493914604187012,0.8527358174324036,0.11233019628126768
1891,0.016637051478028297,1.0,0.8539553284645081,0.8535711765289307,0.23371739799186017
1892,0.015165770426392555,1.0,0.8473630547523499,0.85130375623703,0.27063242928260683
1893,0.025651533156633377,1.0,0.8544624447822571,0.8523778319358826,0.3485123521981404
1894,0.013764191418886185,1.0,0.8549695611000061,0.8521391153335571,0.20452477175997483
1895,0.011329314671456814,1.0,0.8549695611000061,0.8521391153335571,0.16403548359876988
1896,0.013025901280343533,1.0,0.8519269824028015,0.851721465587616,0.1972079252128783
1897,0.01966298744082451,1.0,0.8504056334495544,0.8501700162887573,0.21222269551533998
1898,0.01034712977707386,1.0,0.8504056334495544,0.8510650992393494,0.2407979382626097
1899,0.01666458137333393,1.0,0.8478701710700989,0.8505280613899231,0.17003251630473074
1900,0.016274023801088333,1.0,0.8519269824028015,0.8514827489852905,0.20056052097139243
1901,0.018036171793937683,1.0,0.8504056334495544,0.8514827489852905,0.1930331239680769
1902,0.013614976778626442,1.0,0.8514198660850525,0.8523181080818176,0.22207722730527396
1903,0.013654004782438278,1.0,0.8575050234794617,0.8535711765289307,0.18331966890030235
1904,0.01277073472738266,1.0,0.8564908504486084,0.8562563061714172,0.2434609307907155
1905,0.022423576563596725,1.0,0.8564908504486084,0.8560176491737366,0.2807880593595433
1906,0.011172548867762089,1.0,0.859533429145813,0.854943573474884,0.1947431071738824
1907,0.018062477931380272,1.0,0.860547661781311,0.8541082143783569,0.2740744639251211
1908,0.00749508710578084,1.0,0.860040545463562,0.8515424132347107,0.09216092301227308
1909,0.016923734918236732,1.0,0.8625760674476624,0.8524374961853027,0.18604554488525682
1910,0.01302305143326521,1.0,0.8620689511299133,0.8526761531829834,0.18200671085165318
1911,0.010245789773762226,1.0,0.8580121397972107,0.8541678786277771,0.1679931194353191
1912,0.02039845660328865,1.0,0.8569979667663574,0.8536308407783508,0.27359639623653914
1913,0.014082743786275387,1.0,0.8564908504486084,0.8533921837806702,0.23733649395513257
1914,0.014365939423441887,1.0,0.8590263724327087,0.8545259237289429,0.21065419860068954
1915,0.017492283135652542,1.0,0.8610547184944153,0.8523778319358826,0.24994109075553897
1916,0.010883756913244724,1.0,0.8569979667663574,0.8516020774841309,0.15026598840963679
1917,0.01604970172047615,1.0,0.8569979667663574,0.8481412529945374,0.26840209250019104
1918,0.0171815138310194,1.0,0.8615618348121643,0.8514230847358704,0.33842058837492944
1919,0.017871791496872902,1.0,0.860040545463562,0.8540485501289368,0.33648262543464635
1920,0.015733880922198296,1.0,0.8610547184944153,0.8526761531829834,0.15638078152308463
1921,0.010783340781927109,1.0,0.860547661781311,0.8531535267829895,0.18507795407846792
1922,0.01311764121055603,1.0,0.860040545463562,0.8533921837806702,0.1809839839274141
1923,0.01186011265963316,1.0,0.860547661781311,0.85333251953125,0.17793620746704347
1924,0.02458138018846512,1.0,0.8580121397972107,0.8522584438323975,0.31652522905640024
1925,0.013628056272864342,1.0,0.8590263724327087,0.8526164889335632,0.31320244802108865
1926,0.012377077713608742,1.0,0.8544624447822571,0.8519004583358765,0.14595106330203386
1927,0.014453615993261337,1.0,0.8554766774177551,0.852079451084137,0.19790843338340705
1928,0.015522055327892303,1.0,0.8539553284645081,0.8514230847358704,0.20917487851986752
1929,0.014881818555295467,1.0,0.8564908504486084,0.8554806113243103,0.2766758862772785
1930,0.010693253949284554,1.0,0.8590263724327087,0.8557789921760559,0.14455036895603876
1931,0.0075313132256269455,1.0,0.8625760674476624,0.857867419719696,0.09694499448791823
1932,0.01647484488785267,1.0,0.8646044135093689,0.8580464124679565,0.33975722432582767
1933,0.010787530802190304,1.0,0.8569979667663574,0.8555999398231506,0.14597700402725794
1934,0.008985004387795925,1.0,0.8585192561149597,0.8545259237289429,0.12275240340238501
1935,0.007409853860735893,1.0,0.8569979667663574,0.853690505027771,0.12806726903866664
1936,0.011377335526049137,1.0,0.859533429145813,0.8551226258277893,0.14241417905336756
1937,0.014179009944200516,1.0,0.8549695611000061,0.8547645807266235,0.2206856562972924
1938,0.023791266605257988,1.0,0.8554766774177551,0.8545259237289429,0.33176642368400466
1939,0.01491641253232956,1.0,0.860547661781311,0.8570320010185242,0.28106832462489556
1940,0.013094627298414707,1.0,0.8575050234794617,0.8547645807266235,0.1791266788678591
1941,0.015111555345356464,1.0,0.8575050234794617,0.8540485501289368,0.19452988959889356
1942,0.03066434897482395,1.0,0.8630831241607666,0.856614351272583,0.46611046496823144
1943,0.019252030178904533,1.0,0.8438133597373962,0.8479622602462769,0.2908029746662741
1944,0.0261556264013052,1.0,0.8417849540710449,0.8470672369003296,0.44711342823544437
1945,0.029163936153054237,1.0,0.8564908504486084,0.8557789921760559,0.5872088900158733
1946,0.014802629128098488,1.0,0.8519269824028015,0.8522584438323975,0.17945487346419842
1947,0.01817557029426098,1.0,0.8488843441009521,0.8492749929428101,0.27466604728888483
1948,0.028275828808546066,1.0,0.8514198660850525,0.8551226258277893,0.3992925688816106
1949,0.01231238804757595,1.0,0.8564908504486084,0.8561966419219971,0.15649410755650697
1950,0.013717700727283955,1.0,0.8559837341308594,0.8540485501289368,0.1736696305405482
1951,0.02191046066582203,1.0,0.859533429145813,0.8542275428771973,0.36699058421323616
1952,0.011860924772918224,1.0,0.860040545463562,0.8538098931312561,0.14705891604243473
1953,0.008382637053728104,1.0,0.8539553284645081,0.8525568246841431,0.12034216189343831
1954,0.01257039699703455,1.0,0.8539553284645081,0.853690505027771,0.1652579670889376
1955,0.012088260613381863,1.0,0.8585192561149597,0.85536128282547,0.2332347773100396
1956,0.018172020092606544,1.0,0.8580121397972107,0.8563159704208374,0.21450545099278626
1957,0.012376549653708935,1.0,0.8564908504486084,0.8552419543266296,0.15402909372244517
1958,0.011288125067949295,1.0,0.8630831241607666,0.8576883673667908,0.2564267415324925
1959,0.01186909805983305,1.0,0.8610547184944153,0.859001100063324,0.207938712496976
1960,0.021463459357619286,1.0,0.860547661781311,0.8572110533714294,0.3453413291794684
1961,0.0121170524507761,1.0,0.859533429145813,0.8577480316162109,0.18347140378778207
1962,0.01891927607357502,1.0,0.8569979667663574,0.859001100063324,0.21623269570980785
1963,0.012801028788089752,1.0,0.860547661781311,0.8600751757621765,0.19563403332127574
1964,0.019010500982403755,1.0,0.8610547184944153,0.8600155115127563,0.21578079396074196
1965,0.007202720735222101,1.0,0.8620689511299133,0.8589414358139038,0.13569955904409853
1966,0.015545728616416454,1.0,0.8646044135093689,0.8588221073150635,0.1909878815726837
1967,0.018088195472955704,1.0,0.8559837341308594,0.8561966419219971,0.27434464566891364
1968,0.014021061360836029,1.0,0.860040545463562,0.8563756346702576,0.3260042914678082
1969,0.01571950875222683,1.0,0.8615618348121643,0.8566740155220032,0.2584759985745891
1970,0.012474918738007545,1.0,0.8575050234794617,0.8550629019737244,0.2064270448172331
1971,0.011728949844837189,1.0,0.8585192561149597,0.856614351272583,0.16860536761986686
1972,0.009164758957922459,1.0,0.8625760674476624,0.8588221073150635,0.13640631557000615
1973,0.022208629176020622,1.0,0.8625760674476624,0.8576287031173706,0.20844814930330507
1974,0.013453408144414425,1.0,0.8610547184944153,0.8541678786277771,0.20382465792384893
1975,0.017974182963371277,1.0,0.8590263724327087,0.8503490686416626,0.1938697390831216
1976,0.0142389927059412,1.0,0.860547661781311,0.8540485501289368,0.26229070928468873
1977,0.012577137909829617,1.0,0.860547661781311,0.8565546870231628,0.17910987375034243
1978,0.014932227320969105,1.0,0.860547661781311,0.8557789921760559,0.21968160616970359
1979,0.011015755124390125,1.0,0.860547661781311,0.8547645807266235,0.10437214684098858
1980,0.010977881029248238,1.0,0.8635902404785156,0.8555999398231506,0.2460061685732616
1981,0.02298707328736782,1.0,0.8580121397972107,0.8557789921760559,0.27586740067187215
1982,0.010969318449497223,1.0,0.8559837341308594,0.8525568246841431,0.14399932624660203
1983,0.009510328061878681,1.0,0.8549695611000061,0.8525568246841431,0.17721965126800013
1984,0.02099740505218506,1.0,0.8564908504486084,0.8546452522277832,0.20443203796623663
1985,0.020290380343794823,1.0,0.866125762462616,0.8565546870231628,0.3711933161035126
1986,0.007936730980873108,1.0,0.8610547184944153,0.8551822900772095,0.12481314327331999
1987,0.01971854455769062,1.0,0.8590263724327087,0.8571513891220093,0.4330837592803847
1988,0.016780110076069832,1.0,0.8630831241607666,0.855719268321991,0.310040776811375
1989,0.012135019525885582,1.0,0.8519269824028015,0.852079451084137,0.15934517304944537
1990,0.013401350006461143,1.0,0.8524340391159058,0.8512440919876099,0.24688070460198192
1991,0.024825531989336014,1.0,0.8620689511299133,0.8553016185760498,0.38143137142955136
1992,0.010554659180343151,1.0,0.8630831241607666,0.8553016185760498,0.22952947262571582
1993,0.016540711745619774,1.0,0.8610547184944153,0.8564950227737427,0.23423083215845897
1994,0.021221093833446503,1.0,0.8620689511299133,0.8567336797714233,0.2989803581220113
1995,0.009764266200363636,1.0,0.8569979667663574,0.8561966419219971,0.14852020134927477
1996,0.016144759953022003,1.0,0.8504056334495544,0.8544662594795227,0.2276903305325743
1997,0.024816395714879036,1.0,0.8519269824028015,0.8560773134231567,0.31957778067415044
1998,0.007315655238926411,1.0,0.8554766774177551,0.8550032377243042,0.13594151224958378
1999,0.00901751033961773,1.0,0.8544624447822571,0.8523778319358826,0.10786234273845544
2000,0.021880492568016052,1.0,0.8544624447822571,0.8536308407783508,0.3171800387122749
2001,0.015421793796122074,1.0,0.8519269824028015,0.8548242449760437,0.3024409926849969
2002,0.015775592997670174,1.0,0.8458417654037476,0.8515424132347107,0.1648619576115697
2003,0.0162349846214056,1.0,0.8412778973579407,0.8498716950416565,0.2731518841644509
2004,0.015591970644891262,1.0,0.8498985767364502,0.8532131910324097,0.2261591350560453
2005,0.01840311288833618,1.0,0.8554766774177551,0.8547645807266235,0.17676114899193163
2006,0.013254585675895214,1.0,0.8544624447822571,0.8563756346702576,0.18068647879882113
2007,0.011540371924638748,1.0,0.8549695611000061,0.8533921837806702,0.14777862165269748
2008,0.02203906513750553,1.0,0.8569979667663574,0.8560176491737366,0.30096807451692803
2009,0.015441673807799816,1.0,0.859533429145813,0.8560176491737366,0.18495177172038915
2010,0.015402190387248993,1.0,0.8580121397972107,0.8548242449760437,0.18933394317173866
2011,0.01262963842600584,1.0,0.860547661781311,0.8540485501289368,0.20749297180245865
2012,0.010768793523311615,1.0,0.860040545463562,0.8544662594795227,0.2170387565489115
2013,0.011023951694369316,1.0,0.8635902404785156,0.8550032377243042,0.170081615032906
2014,0.013296510092914104,1.0,0.8646044135093689,0.8558386564254761,0.2536899819859138
2015,0.016273150220513344,1.0,0.860547661781311,0.8543468713760376,0.2831773447245997
2016,0.013367255218327045,1.0,0.8585192561149597,0.8519601225852966,0.19439523529941197
2017,0.015566972084343433,1.0,0.8635902404785156,0.8555999398231506,0.28317789813740746
2018,0.013496805913746357,1.0,0.8646044135093689,0.8551822900772095,0.1878411962010345
2019,0.018842557445168495,1.0,0.8625760674476624,0.856972336769104,0.24218626118571646
2020,0.015091849491000175,1.0,0.8615618348121643,0.8565546870231628,0.17271172868451956
2021,0.013588184490799904,1.0,0.8585192561149597,0.8542275428771973,0.2474723356728772
2022,0.013703851029276848,1.0,0.859533429145813,0.8535711765289307,0.25023921998422655
2023,0.014327009208500385,1.0,0.8590263724327087,0.8535115122795105,0.24259506801809114
2024,0.015120498836040497,1.0,0.8590263724327087,0.851721465587616,0.17499105813574303
2025,0.017489895224571228,1.0,0.8585192561149597,0.8530938625335693,0.2860700796236974
2026,0.027563508599996567,1.0,0.8615618348121643,0.8547049164772034,0.30757538120766553
2027,0.011361058801412582,1.0,0.8620689511299133,0.8573303818702698,0.22142509449670916
2028,0.01121173519641161,1.0,0.8580121397972107,0.8531535267829895,0.15948086871634917
2029,0.012721331790089607,1.0,0.8529411554336548,0.8505280613899231,0.1813461339894904
2030,0.02220733091235161,1.0,0.8585192561149597,0.8527358174324036,0.29964505322434243
2031,0.016969626769423485,1.0,0.8569979667663574,0.8544662594795227,0.2117745688270282
2032,0.012417021207511425,1.0,0.8559837341308594,0.8476042747497559,0.2019572088279241
2033,0.01800583489239216,1.0,0.8549695611000061,0.8480815887451172,0.3772830910823821
2034,0.016845250502228737,1.0,0.8630831241607666,0.8535711765289307,0.3995709084877039
2035,0.018052881583571434,1.0,0.8529411554336548,0.8491556644439697,0.2547603006822046
2036,0.011675836518406868,1.0,0.8473630547523499,0.8449191451072693,0.15153981620961168
2037,0.011542698368430138,1.0,0.8458417654037476,0.8444417715072632,0.1739924948536971
2038,0.023012271150946617,1.0,0.8569979667663574,0.8498716950416565,0.35470104579454304
2039,0.012315173633396626,0.998985767364502,0.8559837341308594,0.8493943214416504,0.2209499816989389
2040,0.015119854360818863,0.998985767364502,0.8539553284645081,0.8474848866462708,0.27242237723566465
2041,0.01886114664375782,0.998985767364502,0.8590263724327087,0.8509457111358643,0.3533963857938424
2042,0.022514132782816887,1.0,0.8615618348121643,0.8507070541381836,0.3060576288923539
2043,0.015045269392430782,1.0,0.8483772873878479,0.8477832674980164,0.2371516682638942
2044,0.020475581288337708,1.0,0.8504056334495544,0.846768856048584,0.2787930389634163
2045,0.016866834834218025,1.0,0.860040545463562,0.8516020774841309,0.364951850563675
2046,0.009680110029876232,1.0,0.8580121397972107,0.8506473898887634,0.11965549540749179
2047,0.011673224158585072,1.0,0.8534482717514038,0.8490960001945496,0.17988532862795673
2048,0.014310161583125591,1.0,0.8549695611000061,0.8530938625335693,0.3084299480880448
2049,0.01763864979147911,1.0,0.8569979667663574,0.8539292216300964,0.26751193446401883
2050,0.020824218168854713,1.0,0.860547661781311,0.8519004583358765,0.3827020410475166
2051,0.025710927322506905,1.0,0.8575050234794617,0.8518407940864563,0.41254760638599697
2052,0.0190107598900795,1.0,0.8544624447822571,0.8491556644439697,0.3986622238889564
2053,0.00970704946666956,1.0,0.8544624447822571,0.8473058938980103,0.30375560354263736
2054,0.014780044555664062,1.0,0.8580121397972107,0.8482606410980225,0.23168548880908518
2055,0.02077413722872734,1.0,0.8615618348121643,0.849692702293396,0.3308369929376562
2056,0.01725172810256481,1.0,0.8580121397972107,0.8501103520393372,0.2810177669047252
2057,0.02812410332262516,1.0,0.8539553284645081,0.8523181080818176,0.38697486158617345
2058,0.014029066078364849,1.0,0.8559837341308594,0.8529148101806641,0.1959989948975596
2059,0.01255190372467041,1.0,0.8524340391159058,0.8528551459312439,0.13728600252544704
2060,0.019106250256299973,1.0,0.860547661781311,0.8521391153335571,0.22985782246297817
2061,0.01835538260638714,1.0,0.8590263724327087,0.8530938625335693,0.18309127905621175
2062,0.019134772941470146,1.0,0.8585192561149597,0.8521987795829773,0.248267364624969
2063,0.01900903880596161,1.0,0.8585192561149597,0.8529744744300842,0.2696754904536797
2064,0.017507240176200867,1.0,0.860547661781311,0.8552419543266296,0.23286391958577146
2065,0.013609006069600582,1.0,0.8635902404785156,0.8538098931312561,0.18209831217823258
2066,0.019367128610610962,1.0,0.8569979667663574,0.8529744744300842,0.22969403444747366
2067,0.014752332121133804,1.0,0.8615618348121643,0.8535711765289307,0.2717545405654538
2068,0.014499335549771786,1.0,0.8646044135093689,0.8541082143783569,0.2329159678080345
2069,0.0106536028906703,1.0,0.8646044135093689,0.8534518480300903,0.17992387742515678
2070,0.01925058476626873,1.0,0.8651115298271179,0.8526761531829834,0.2432131169023631
2071,0.006898638792335987,1.0,0.8656186461448669,0.8524374961853027,0.09735529997489858
2072,0.023944444954395294,1.0,0.8656186461448669,0.8547049164772034,0.3240509689395833
2073,0.026718631386756897,1.0,0.8635902404785156,0.8568530082702637,0.25697988275760486
2074,0.012047954834997654,1.0,0.8625760674476624,0.853690505027771,0.20037223289057293
2075,0.021283714100718498,1.0,0.8625760674476624,0.8540485501289368,0.28484538754426136
2076,0.017580611631274223,1.0,0.8635902404785156,0.8548839092254639,0.2746938006989043
2077,0.016089972108602524,1.0,0.8681541085243225,0.854943573474884,0.14379087441657235
2078,0.013216175138950348,1.0,0.8666328191757202,0.8534518480300903,0.16483782551879386
2079,0.023723412305116653,1.0,0.8651115298271179,0.8533921837806702,0.29483593234751293
2080,0.020194772630929947,1.0,0.8676470518112183,0.8548242449760437,0.24419491786687197
2081,0.017628910019993782,1.0,0.8686612248420715,0.8550032377243042,0.21713411248645142
2082,0.012930174358189106,1.0,0.8656186461448669,0.8540485501289368,0.20028728987387975
2083,0.017740054056048393,1.0,0.8651115298271179,0.8532728552818298,0.19605030726254397
2084,0.021122971549630165,1.0,0.8640973567962646,0.8540485501289368,0.2906577450862595
2085,0.0205843485891819,1.0,0.8681541085243225,0.8531535267829895,0.3244450313244529
2086,0.01114602293819189,1.0,0.8630831241607666,0.8518407940864563,0.18218608342856138
2087,0.012962078675627708,1.0,0.8625760674476624,0.8502296805381775,0.20938411526167336
2088,0.011973796412348747,1.0,0.8666328191757202,0.8516618013381958,0.24182357866660423
2089,0.006826690398156643,1.0,0.8666328191757202,0.851721465587616,0.0975023608072361
2090,0.01809602603316307,1.0,0.8651115298271179,0.8515424132347107,0.2640829013670296
2091,0.008949782699346542,1.0,0.8630831241607666,0.8507667183876038,0.1417488276071409
2092,0.01625724881887436,1.0,0.8610547184944153,0.8509457111358643,0.2552382864511344
2093,0.007917896844446659,1.0,0.860040545463562,0.85130375623703,0.16099785386606985
2094,0.01449661422520876,1.0,0.8615618348121643,0.8507667183876038,0.2092829388992625
2095,0.0067002070136368275,1.0,0.860547661781311,0.8492749929428101,0.15732483519369028
2096,0.0139716612175107,1.0,0.859533429145813,0.8514230847358704,0.27377408354077326
2097,0.009297187440097332,1.0,0.8575050234794617,0.8510054349899292,0.11986654569916057
2098,0.016537630930542946,1.0,0.8569979667663574,0.8505280613899231,0.26733596575941165
2099,0.030880291014909744,1.0,0.859533429145813,0.8493346571922302,0.2893378082960032
2100,0.014052947983145714,1.0,0.8554766774177551,0.8490363359451294,0.17598038781928066
2101,0.024618277326226234,1.0,0.8610547184944153,0.8515424132347107,0.36455146415025785
2102,0.01202404871582985,1.0,0.860040545463562,0.8510650992393494,0.16439252950871697
2103,0.025454293936491013,1.0,0.8625760674476624,0.8515424132347107,0.21999856174030677
2104,0.016469674184918404,1.0,0.8630831241607666,0.8518407940864563,0.20533267298956587
2105,0.01046826597303152,1.0,0.8590263724327087,0.8523778319358826,0.13133394378620689
2106,0.01564721018075943,1.0,0.8580121397972107,0.8514827489852905,0.19776889222610203
2107,0.020863264799118042,1.0,0.8554766774177551,0.850050687789917,0.24413117924686353
2108,0.013114371336996555,1.0,0.8544624447822571,0.8501700162887573,0.17500089487906864
2109,0.014086675830185413,1.0,0.8585192561149597,0.8506473898887634,0.18885450843084978
2110,0.013495524413883686,1.0,0.860547661781311,0.8517811298370361,0.2526893146379114
2111,0.013769220560789108,1.0,0.859533429145813,0.8492749929428101,0.17442196032520782
2112,0.014694169163703918,1.0,0.8559837341308594,0.8486782908439636,0.2463149752503049
2113,0.017274970188736916,1.0,0.8585192561149597,0.85130375623703,0.32316735562835336
2114,0.018501795828342438,1.0,0.8615618348121643,0.85130375623703,0.2953057120436787
2115,0.016098618507385254,1.0,0.8539553284645081,0.8477236032485962,0.2565463189926188
2116,0.014387502335011959,1.0,0.8554766774177551,0.8484992980957031,0.2765001850621475
2117,0.01586049608886242,1.0,0.8554766774177551,0.8513634204864502,0.37474459941277055
2118,0.009693861939013004,1.0,0.8478701710700989,0.8444417715072632,0.18795493485300246
2119,0.010933874174952507,1.0,0.8433062434196472,0.8431887030601501,0.23942298378190208
2120,0.014837345108389854,1.0,0.8412778973579407,0.8457545042037964,0.28126098393977944
2121,0.01359171885997057,1.0,0.8478701710700989,0.8511247634887695,0.24712737291894782
2122,0.021781574934720993,1.0,0.8514198660850525,0.8489766716957092,0.21899866170193985
2123,0.016885699704289436,1.0,0.8519269824028015,0.8495733141899109,0.3295766027481869
2124,0.019756920635700226,1.0,0.8539553284645081,0.8508860468864441,0.5313785972309105
2125,0.015994053333997726,1.0,0.8498985767364502,0.8493346571922302,0.248048794345735
2126,0.019977005198597908,1.0,0.8519269824028015,0.8517811298370361,0.31448398107795505
2127,0.010437996126711369,1.0,0.8504056334495544,0.8527954816818237,0.18227922573219693
2128,0.015880117192864418,1.0,0.8539553284645081,0.8532728552818298,0.2871817284688622
2129,0.015923190861940384,1.0,0.8534482717514038,0.8536308407783508,0.24308402296869974
2130,0.01766658015549183,1.0,0.8534482717514038,0.8530938625335693,0.22318020406910016
2131,0.017705310136079788,1.0,0.8580121397972107,0.8571513891220093,0.39196737714344687
2132,0.01181759499013424,1.0,0.8529411554336548,0.856614351272583,0.24622912867709076
2133,0.00993672851473093,1.0,0.8519269824028015,0.8542872071266174,0.14905557388923776
2134,0.020945826545357704,1.0,0.8498985767364502,0.8560773134231567,0.3169572879691983
2135,0.011722613126039505,1.0,0.8524340391159058,0.8539292216300964,0.22182977502769408
2136,0.018396958708763123,1.0,0.8483772873878479,0.8518407940864563,0.277663166949422
2137,0.025882290676236153,1.0,0.8498985767364502,0.8516020774841309,0.36110089319392347
2138,0.00961370300501585,1.0,0.8463488817214966,0.8480815887451172,0.1450225931523042
2139,0.012530805543065071,1.0,0.8438133597373962,0.8476042747497559,0.20548905159420922
2140,0.02519387938082218,1.0,0.8488843441009521,0.8499910235404968,0.3602997142872685
2141,0.01436221320182085,1.0,0.8458417654037476,0.8471865653991699,0.21124798552114812
2142,0.02169380523264408,1.0,0.8483772873878479,0.8477832674980164,0.34509273803603946
2143,0.020215235650539398,1.0,0.8478701710700989,0.8496330380439758,0.3202030098522209
2144,0.009755569510161877,1.0,0.8483772873878479,0.8521391153335571,0.18098001965884128
2145,0.007715459447354078,1.0,0.8453346490859985,0.8527358174324036,0.11708120474079671
2146,0.020488135516643524,1.0,0.8438133597373962,0.8531535267829895,0.2418871154454717
2147,0.017802877351641655,1.0,0.8463488817214966,0.8529148101806641,0.37979385252290176
2148,0.015557683072984219,1.0,0.8504056334495544,0.851721465587616,0.22773697554321573
2149,0.018409810960292816,1.0,0.8468559384346008,0.8503490686416626,0.23691259342667859
2150,0.01594112068414688,1.0,0.8473630547523499,0.8526164889335632,0.31127731139412346
2151,0.012508667074143887,1.0,0.8463488817214966,0.8536308407783508,0.2548312159784663
2152,0.020458169281482697,1.0,0.8498985767364502,0.8542275428771973,0.28312534187586225
2153,0.01576959528028965,1.0,0.8529411554336548,0.8536308407783508,0.2598638997773696
2154,0.0177242960780859,1.0,0.8534482717514038,0.8535711765289307,0.27487393675186866
2155,0.014007837511599064,1.0,0.8549695611000061,0.8551822900772095,0.2433806306328582
2156,0.03211641684174538,1.0,0.8564908504486084,0.8537502288818359,0.3601324350754075
2157,0.02111259289085865,1.0,0.8554766774177551,0.8522584438323975,0.2227983439380087
2158,0.026833808049559593,1.0,0.8534482717514038,0.8524374961853027,0.33341694888414514
2159,0.01377227995544672,1.0,0.8519269824028015,0.8508860468864441,0.18842422074256476
2160,0.020558997988700867,0.998985767364502,0.8509127497673035,0.8511844277381897,0.20969067097940697
2161,0.020000910386443138,1.0,0.8498985767364502,0.8508860468864441,0.29280810335111374
2162,0.017026595771312714,1.0,0.8534482717514038,0.8513634204864502,0.3690982628846205
2163,0.023906085640192032,1.0,0.8549695611000061,0.8503490686416626,0.3099424207991109
2164,0.020213156938552856,1.0,0.8554766774177551,0.8524374961853027,0.2928079668281504
2165,0.009530945681035519,1.0,0.8564908504486084,0.8530341982841492,0.13706094369494934
2166,0.01655268482863903,1.0,0.8529411554336548,0.8532131910324097,0.22739967786079984
2167,0.025633828714489937,1.0,0.8554766774177551,0.8538098931312561,0.2736631495339819
2168,0.01748431846499443,1.0,0.8559837341308594,0.8537502288818359,0.2630462296718944
2169,0.018166227266192436,1.0,0.8559837341308594,0.8544065952301025,0.24596295895924958
2170,0.014457735233008862,1.0,0.8585192561149597,0.8546452522277832,0.2267362751122467
2171,0.0276419036090374,1.0,0.8569979667663574,0.8532131910324097,0.3595411301842526
2172,0.027638565748929977,1.0,0.8590263724327087,0.8547049164772034,0.40769653794958105
2173,0.015850111842155457,1.0,0.8509127497673035,0.8542872071266174,0.1890808707033231
2174,0.015158903785049915,1.0,0.8488843441009521,0.8510054349899292,0.23497098329974683
2175,0.015220396220684052,1.0,0.8488843441009521,0.8529148101806641,0.2523578184489263
2176,0.015468155965209007,1.0,0.8544624447822571,0.8531535267829895,0.19493329120564018
2177,0.020251527428627014,1.0,0.8529411554336548,0.8505280613899231,0.260941401194941
2178,0.021279096603393555,1.0,0.8524340391159058,0.8515424132347107,0.2625443634791062
2179,0.01736220344901085,1.0,0.8519269824028015,0.8508263826370239,0.2301506206474395
2180,0.01902967505156994,1.0,0.8524340391159058,0.8529744744300842,0.25812484952127435
2181,0.018281515687704086,1.0,0.8463488817214966,0.8499313592910767,0.25570070012153956
2182,0.014858253300189972,1.0,0.8433062434196472,0.8486782908439636,0.28128523586021026
2183,0.024255163967609406,1.0,0.8453346490859985,0.8506473898887634,0.3577154259069365
2184,0.013249647803604603,1.0,0.8483772873878479,0.8519004583358765,0.17492876512153738
2185,0.017521899193525314,1.0,0.8529411554336548,0.8539292216300964,0.26854468593884345
2186,0.021081650629639626,1.0,0.8544624447822571,0.8514230847358704,0.25321367913931087
2187,0.012445968575775623,1.0,0.8534482717514038,0.8508263826370239,0.22208843477002765
2188,0.01392836682498455,1.0,0.8544624447822571,0.852079451084137,0.1585113792985518
2189,0.014525409787893295,1.0,0.8539553284645081,0.8538695573806763,0.21459923242953843
2190,0.014450723305344582,1.0,0.8539553284645081,0.8554806113243103,0.19210593187968622
2191,0.009760797023773193,1.0,0.8539553284645081,0.8532131910324097,0.12372321037296753
2192,0.013773736543953419,1.0,0.8559837341308594,0.8542872071266174,0.28316378967701816
2193,0.011597298085689545,1.0,0.8590263724327087,0.8565546870231628,0.17341903397436143
2194,0.017305416986346245,1.0,0.860040545463562,0.8567933440208435,0.1990392609950227
2195,0.011801548302173615,1.0,0.8585192561149597,0.8554806113243103,0.20319132059014502
2196,0.015672598034143448,1.0,0.860040545463562,0.855719268321991,0.22963284518929977
2197,0.006213922519236803,1.0,0.859533429145813,0.8542275428771973,0.10429241354615806
2198,0.008247855119407177,1.0,0.8575050234794617,0.8527954816818237,0.12341008204690067
2199,0.011626364663243294,1.0,0.8585192561149597,0.8531535267829895,0.21109583818268743
2200,0.01226832065731287,1.0,0.8590263724327087,0.8542275428771973,0.1428602280252688
2201,0.024478290230035782,1.0,0.8610547184944153,0.8554209470748901,0.27334830355211587
2202,0.009700990281999111,1.0,0.8620689511299133,0.8556596040725708,0.15896098092752242
2203,0.012473555281758308,1.0,0.860547661781311,0.8555402755737305,0.22751812224126527
2204,0.015819193795323372,1.0,0.8610547184944153,0.8560176491737366,0.2931070444786319
2205,0.008150835521519184,1.0,0.8615618348121643,0.8567933440208435,0.14112338012807424
2206,0.010341301560401917,1.0,0.8590263724327087,0.8553016185760498,0.19713814924254494
2207,0.01798274740576744,1.0,0.8610547184944153,0.856614351272583,0.2712694770819455
2208,0.009713600389659405,1.0,0.8666328191757202,0.8588817715644836,0.13993072089078565
2209,0.012003248557448387,1.0,0.8681541085243225,0.8589414358139038,0.2002455642843647
2210,0.02288367599248886,1.0,0.8630831241607666,0.8577480316162109,0.26559076768691253
2211,0.011543773114681244,1.0,0.8635902404785156,0.8567933440208435,0.15857009968613162
2212,0.021767888218164444,1.0,0.8676470518112183,0.8591204285621643,0.322573809702165
2213,0.010652219876646996,1.0,0.8676470518112183,0.859001100063324,0.14556119441236107
2214,0.017726464197039604,1.0,0.8666328191757202,0.858643114566803,0.18477707730966794
2215,0.011419148184359074,1.0,0.8625760674476624,0.8574497103691101,0.17850837408913567
2216,0.009416772052645683,1.0,0.859533429145813,0.8562563061714172,0.13473221889804063
2217,0.01631883904337883,1.0,0.8615618348121643,0.8573900461196899,0.24595825289596812
2218,0.027543917298316956,1.0,0.8671399354934692,0.856972336769104,0.251161123722882
2219,0.007318594492971897,1.0,0.8676470518112183,0.85536128282547,0.1403051732336905
2220,0.01402605976909399,1.0,0.8671399354934692,0.8575690388679504,0.258762354220427
2221,0.012859905138611794,1.0,0.8651115298271179,0.8584640622138977,0.18389854460687663
2222,0.010959232226014137,1.0,0.8646044135093689,0.8570916652679443,0.12305738509160784
2223,0.012637185864150524,1.0,0.8651115298271179,0.8574497103691101,0.19534110905619761
2224,0.015365996398031712,1.0,0.8615618348121643,0.8581060767173767,0.20943113015678957
2225,0.008207239210605621,1.0,0.8610547184944153,0.8564352989196777,0.12327926569683027
2226,0.018027586862444878,1.0,0.8610547184944153,0.8567933440208435,0.25705923195626423
2227,0.01597091183066368,1.0,0.8635902404785156,0.8576287031173706,0.3144302240430524
2228,0.010950449854135513,1.0,0.8646044135093689,0.8575093746185303,0.18628989388687395
2229,0.009205148555338383,1.0,0.8615618348121643,0.8563159704208374,0.1711441494462973
2230,0.013265197165310383,1.0,0.859533429145813,0.8557789921760559,0.18310904336087558
2231,0.019173020496964455,1.0,0.8575050234794617,0.8558386564254761,0.1949672321867422
2232,0.015692802146077156,1.0,0.859533429145813,0.8561966419219971,0.16619187221419116
2233,0.013105900958180428,1.0,0.8666328191757202,0.8579270839691162,0.15835529889036712
2234,0.008521695621311665,1.0,0.8646044135093689,0.8563756346702576,0.11345968442304773
2235,0.014515172690153122,1.0,0.8640973567962646,0.8560773134231567,0.17760640163905647
2236,0.012830282561480999,1.0,0.8656186461448669,0.8559579849243164,0.1968821105551146
2237,0.01516036782413721,1.0,0.8666328191757202,0.8555999398231506,0.18142822093169117
2238,0.01174673717468977,1.0,0.8615618348121643,0.8542872071266174,0.18052937710343867
2239,0.007678310386836529,1.0,0.8575050234794617,0.8523778319358826,0.21346669388467826
2240,0.011099357157945633,1.0,0.8509127497673035,0.8497523665428162,0.21262067585815253
2241,0.021175319328904152,1.0,0.8534482717514038,0.8520197868347168,0.3097271168693169
2242,0.012574931606650352,1.0,0.8554766774177551,0.8540485501289368,0.2237445889157505
2243,0.011916072107851505,1.0,0.8569979667663574,0.8532728552818298,0.182859893232296
2244,0.012865862809121609,1.0,0.8575050234794617,0.8554806113243103,0.30049836393703455
2245,0.01360921561717987,1.0,0.860547661781311,0.8566740155220032,0.19585514935816556
2246,0.008496332913637161,1.0,0.859533429145813,0.8533921837806702,0.12589360420012236
2247,0.02067767083644867,1.0,0.8610547184944153,0.8553016185760498,0.3791561088233289
2248,0.006742757745087147,1.0,0.8575050234794617,0.8529744744300842,0.1279777109761467
2249,0.020222356542944908,1.0,0.860040545463562,0.854943573474884,0.3317066399580708
2250,0.013989893719553947,1.0,0.8585192561149597,0.8571513891220093,0.18282594739583982
2251,0.008695917204022408,1.0,0.8569979667663574,0.8538098931312561,0.14342636456043864
2252,0.01292715035378933,1.0,0.8554766774177551,0.8527954816818237,0.19926488391257874
2253,0.0109258983284235,1.0,0.8569979667663574,0.85536128282547,0.2761143031804949
2254,0.008931014686822891,1.0,0.8569979667663574,0.8555402755737305,0.1370420565013605
2255,0.010158018209040165,1.0,0.8509127497673035,0.8553016185760498,0.2417133153247116
2256,0.015295295044779778,1.0,0.8519269824028015,0.8544662594795227,0.24117559417317613
2257,0.009524272754788399,1.0,0.8539553284645081,0.8529148101806641,0.1591297478824841
2258,0.010048171505331993,1.0,0.8524340391159058,0.8513634204864502,0.1669365373404091
2259,0.013679614290595055,1.0,0.8539553284645081,0.8521391153335571,0.22061950278738995
2260,0.01639452762901783,1.0,0.8580121397972107,0.8524971604347229,0.2657800185704752
2261,0.009463942609727383,1.0,0.8569979667663574,0.8514230847358704,0.1583194648890628
2262,0.016701381653547287,1.0,0.8625760674476624,0.8542872071266174,0.33075184266571683
2263,0.011185925453901291,1.0,0.8630831241607666,0.8566740155220032,0.22018105109327482
2264,0.010523178614675999,1.0,0.8580121397972107,0.8547645807266235,0.1324825504168722
2265,0.03066229447722435,1.0,0.8625760674476624,0.8574497103691101,0.4487787050509413
2266,0.013592211529612541,1.0,0.8620689511299133,0.8553016185760498,0.17984819797512638
2267,0.02014387957751751,1.0,0.8610547184944153,0.8559579849243164,0.377176911218062
2268,0.014929866418242455,1.0,0.8610547184944153,0.8567933440208435,0.16342755180573307
2269,0.015022454783320427,1.0,0.8615618348121643,0.8550032377243042,0.16530172099271265
2270,0.016329698264598846,1.0,0.8590263724327087,0.8551822900772095,0.26898056753892385
2271,0.01596921682357788,1.0,0.8585192561149597,0.8567933440208435,0.3168546459427431
2272,0.013086509890854359,1.0,0.8534482717514038,0.8502296805381775,0.18079449890719335
2273,0.0242353193461895,1.0,0.860547661781311,0.8563159704208374,0.45429023417402253
2274,0.011829571798443794,1.0,0.859533429145813,0.85536128282547,0.20921744371711984
2275,0.012100289575755596,1.0,0.8514198660850525,0.8504683971405029,0.24123426813065854
2276,0.01848011650145054,1.0,0.8549695611000061,0.8569126725196838,0.3675331857989486
2277,0.013122666627168655,1.0,0.8615618348121643,0.8570320010185242,0.21442545071101982
2278,0.012408953160047531,1.0,0.8544624447822571,0.8548839092254639,0.22570783057303062
2279,0.010587245225906372,1.0,0.8524340391159058,0.8523778319358826,0.18144355301889134
2280,0.01700044982135296,1.0,0.8580121397972107,0.8572707176208496,0.4427014378654443
2281,0.01749599725008011,1.0,0.8554766774177551,0.8580464124679565,0.27744208454626423
2282,0.014950450509786606,1.0,0.8534482717514038,0.8569126725196838,0.19375240515716527
2283,0.01891620084643364,1.0,0.8539553284645081,0.8554209470748901,0.2642615310126323
2284,0.011595352552831173,1.0,0.8544624447822571,0.8551822900772095,0.24088034463723978
2285,0.011319818906486034,1.0,0.8580121397972107,0.8521391153335571,0.16037899436245862
2286,0.017781535163521767,1.0,0.859533429145813,0.8543468713760376,0.35126163277440264
2287,0.016653064638376236,1.0,0.8575050234794617,0.8564950227737427,0.32842885869429717
2288,0.019230496138334274,1.0,0.8529411554336548,0.8557789921760559,0.23644144861913677
2289,0.023087646812200546,1.0,0.8569979667663574,0.8565546870231628,0.389232558960383
2290,0.02326541393995285,1.0,0.8585192561149597,0.8563159704208374,0.23423697175521788
2291,0.008566593751311302,1.0,0.860040545463562,0.8539888858795166,0.11776836165127345
2292,0.01099305134266615,1.0,0.8575050234794617,0.8543468713760376,0.17184939253772055
2293,0.014359178952872753,1.0,0.860040545463562,0.8554806113243103,0.2783169273015832
2294,0.019762367010116577,1.0,0.8610547184944153,0.8589414358139038,0.30755875937646143
2295,0.008974211290478706,1.0,0.8575050234794617,0.8559579849243164,0.14149929418218316
2296,0.011549917049705982,1.0,0.8564908504486084,0.8545259237289429,0.3021523675723861
2297,0.014316444285213947,1.0,0.8580121397972107,0.855719268321991,0.191490015203068
2298,0.02861713245511055,1.0,0.8585192561149597,0.8560176491737366,0.3661194092791957
2299,0.00940726138651371,1.0,0.8539553284645081,0.8496330380439758,0.12682121205320973
2300,0.014617769047617912,1.0,0.8519269824028015,0.8486186265945435,0.2748360332673268
2301,0.023201603442430496,1.0,0.859533429145813,0.8543468713760376,0.3676469140444419
2302,0.010705897584557533,1.0,0.8554766774177551,0.8532728552818298,0.19433745716445935
2303,0.01147213950753212,1.0,0.8498985767364502,0.8493943214416504,0.19972940576607434
2304,0.01482353638857603,1.0,0.8534482717514038,0.8508263826370239,0.2808039880374052
2305,0.023568596690893173,1.0,0.8554766774177551,0.8550032377243042,0.45108687903536804
2306,0.015292455442249775,1.0,0.8544624447822571,0.8554209470748901,0.234808651863341
2307,0.012913822196424007,1.0,0.8509127497673035,0.8519601225852966,0.19258722099355038
2308,0.019223861396312714,1.0,0.8559837341308594,0.8540485501289368,0.3482551660366713
2309,0.019131813198328018,1.0,0.8585192561149597,0.854585587978363,0.3286316203008969
2310,0.020269177854061127,1.0,0.8564908504486084,0.8515424132347107,0.2906594774564941
2311,0.024515047669410706,1.0,0.8534482717514038,0.852079451084137,0.39723415057875033
2312,0.010471555404365063,1.0,0.8529411554336548,0.8516618013381958,0.179520931317368
2313,0.010083569213747978,1.0,0.8514198660850525,0.852079451084137,0.21440602235863915
2314,0.013628541491925716,1.0,0.8514198660850525,0.8513634204864502,0.21049288799279278
2315,0.01289273053407669,1.0,0.8493914604187012,0.8521987795829773,0.21033974092548766
2316,0.019825046882033348,1.0,0.8488843441009521,0.8507667183876038,0.20501060438728236
2317,0.01328994520008564,1.0,0.842292070388794,0.8494539856910706,0.16227881994220356
2318,0.015569970943033695,1.0,0.8448275923728943,0.8501700162887573,0.22035903715993319
2319,0.009343567304313183,1.0,0.8473630547523499,0.8516618013381958,0.15206516862309452
2320,0.010491106659173965,1.0,0.8498985767364502,0.8513634204864502,0.16969335543634934
2321,0.013810493983328342,1.0,0.8498985767364502,0.8521987795829773,0.2009854119803985
2322,0.010430805385112762,1.0,0.8549695611000061,0.8521987795829773,0.215409343399162
2323,0.009543519467115402,1.0,0.8564908504486084,0.8513634204864502,0.19589855734191156
2324,0.013805698603391647,1.0,0.8514198660850525,0.8471269011497498,0.1769751889541794
2325,0.0288890078663826,1.0,0.8569979667663574,0.8524971604347229,0.4619346827265593
2326,0.011975963599979877,1.0,0.8580121397972107,0.8547645807266235,0.22952538580534232
2327,0.008740177378058434,1.0,0.8569979667663574,0.8548242449760437,0.21034955777394154
2328,0.016980115324258804,1.0,0.8569979667663574,0.8541678786277771,0.24147537602836008
2329,0.012472447007894516,1.0,0.8564908504486084,0.8541082143783569,0.21511314433576842
2330,0.014633072540163994,1.0,0.8544624447822571,0.8515424132347107,0.14997383128506236
2331,0.02104872651398182,1.0,0.8534482717514038,0.8516020774841309,0.2782489986800322
2332,0.01662464812397957,1.0,0.8534482717514038,0.85130375623703,0.21758830754965422
2333,0.022133726626634598,1.0,0.8564908504486084,0.8541678786277771,0.3553532371565845
2334,0.00973196979612112,1.0,0.8564908504486084,0.8547049164772034,0.16696488690154493
2335,0.02056935615837574,1.0,0.8575050234794617,0.854585587978363,0.3262379642564328
2336,0.015289939008653164,1.0,0.8569979667663574,0.8550032377243042,0.2415535270522195
2337,0.013958074152469635,1.0,0.859533429145813,0.8556596040725708,0.18486217929515708
2338,0.01019315142184496,1.0,0.8569979667663574,0.8539888858795166,0.11269836674003467
2339,0.023996295407414436,1.0,0.8580121397972107,0.8529148101806641,0.24796601491027598
2340,0.010830618441104889,1.0,0.8539553284645081,0.8522584438323975,0.18078523860038398
2341,0.01873898319900036,1.0,0.8549695611000061,0.8517811298370361,0.20333494444514008
2342,0.01692691445350647,1.0,0.8580121397972107,0.854585587978363,0.2877910801881035
2343,0.019696155562996864,1.0,0.859533429145813,0.854943573474884,0.2688516264917157
2344,0.011813467368483543,1.0,0.8544624447822571,0.8501103520393372,0.15746655796702355
2345,0.01759115606546402,1.0,0.8524340391159058,0.850050687789917,0.21545620983432287
2346,0.02513965032994747,1.0,0.8554766774177551,0.8538695573806763,0.3435474996870563
2347,0.019370941445231438,1.0,0.8504056334495544,0.8450384736061096,0.25565030116760906
2348,0.025349300354719162,1.0,0.8524340391159058,0.8452174663543701,0.4217773046605849
2349,0.021584710106253624,1.0,0.8630831241607666,0.8524971604347229,0.42077737576189783
2350,0.015354775823652744,1.0,0.8580121397972107,0.8539888858795166,0.19983977673731249
2351,0.015146452002227306,1.0,0.8544624447822571,0.8496330380439758,0.22645051305367128
2352,0.011641793884336948,1.0,0.8504056334495544,0.8457545042037964,0.2139454782813982
2353,0.026385894045233727,1.0,0.8554766774177551,0.8509457111358643,0.36730121984257114
2354,0.01400812715291977,1.0,0.8646044135093689,0.8547049164772034,0.21504375984438268
2355,0.016293764114379883,1.0,0.8646044135093689,0.8515424132347107,0.21408875596197913
2356,0.01888997294008732,1.0,0.8630831241607666,0.8510054349899292,0.32704376819866243
2357,0.012277164496481419,1.0,0.8625760674476624,0.8536308407783508,0.24031364339888722
2358,0.02292708121240139,1.0,0.8580121397972107,0.8535711765289307,0.38372425719634823
2359,0.018337737768888474,1.0,0.8564908504486084,0.8493943214416504,0.2637083054947031
2360,0.02358386665582657,1.0,0.8549695611000061,0.8508860468864441,0.3622751807742685
2361,0.023097876459360123,1.0,0.8564908504486084,0.8499910235404968,0.21377530188129545
2362,0.018786538392305374,1.0,0.8620689511299133,0.8489170074462891,0.26083904130477775
2363,0.010504511184990406,1.0,0.8564908504486084,0.8445014357566833,0.1783955294237254
2364,0.021333152428269386,1.0,0.8615618348121643,0.850050687789917,0.465402553242781
2365,0.012490537017583847,1.0,0.859533429145813,0.8510650992393494,0.24153029029009163
2366,0.01645965315401554,1.0,0.8585192561149597,0.8504683971405029,0.2627904780722991
2367,0.029858697205781937,1.0,0.8585192561149597,0.8505280613899231,0.3101039182295949
2368,0.014106287620961666,1.0,0.8549695611000061,0.8483203053474426,0.182528381888997
2369,0.021512547507882118,1.0,0.8549695611000061,0.8467091917991638,0.3121476091785379
2370,0.0230123121291399,1.0,0.8549695611000061,0.8489766716957092,0.3549838078959482
2371,0.016556331887841225,1.0,0.8534482717514038,0.8470672369003296,0.20598595207224368
2372,0.019427940249443054,1.0,0.8509127497673035,0.8470075726509094,0.33419950521204334
2373,0.015019210986793041,1.0,0.8524340391159058,0.8472462296485901,0.2082457912977807
2374,0.01632382906973362,1.0,0.8524340391159058,0.8440240621566772,0.244897031087867
2375,0.03601747378706932,1.0,0.8580121397972107,0.8519601225852966,0.740740735096484
2376,0.012757498770952225,1.0,0.8493914604187012,0.8495733141899109,0.14972058243680042
2377,0.016108490526676178,1.0,0.8493914604187012,0.8507667183876038,0.2775616056193989
2378,0.02090059034526348,1.0,0.8504056334495544,0.8524374961853027,0.2995596924919623
2379,0.018880611285567284,1.0,0.8549695611000061,0.8535115122795105,0.2538374205210654
2380,0.018381109461188316,1.0,0.8549695611000061,0.8511247634887695,0.2722873919420513
2381,0.027799993753433228,1.0,0.8534482717514038,0.8527358174324036,0.369728792992438
2382,0.013143512420356274,1.0,0.8514198660850525,0.8521391153335571,0.19299965590196677
2383,0.014358039014041424,1.0,0.8478701710700989,0.8499313592910767,0.26208938843278123
2384,0.0158328115940094,1.0,0.8448275923728943,0.8468285202980042,0.20355344479145707
2385,0.012407949194312096,1.0,0.8438133597373962,0.8492153286933899,0.289097004838985
2386,0.012582356110215187,1.0,0.8448275923728943,0.8512440919876099,0.18921782000450102
2387,0.023952679708600044,1.0,0.8488843441009521,0.8535711765289307,0.34181983956820866
2388,0.007474967278540134,1.0,0.8498985767364502,0.8499313592910767,0.15074254882651178
2389,0.01565246842801571,1.0,0.8519269824028015,0.8490960001945496,0.2641647926188554
2390,0.018398161977529526,1.0,0.8549695611000061,0.85333251953125,0.3995263544079079
2391,0.01790890470147133,1.0,0.8544624447822571,0.8534518480300903,0.28354392009914214
2392,0.015918076038360596,1.0,0.8509127497673035,0.8489170074462891,0.2705361813439994
2393,0.01840554177761078,1.0,0.8504056334495544,0.8479622602462769,0.29683027485183977
2394,0.02183062955737114,1.0,0.8514198660850525,0.8516020774841309,0.28462859782407907
2395,0.01764274202287197,1.0,0.8473630547523499,0.8503490686416626,0.2528947785455297
2396,0.008671198040246964,1.0,0.8397565484046936,0.844740092754364,0.1313794896996401
2397,0.025332976132631302,1.0,0.8514198660850525,0.852079451084137,0.5101924737483117
2398,0.01324346661567688,1.0,0.8463488817214966,0.8474252223968506,0.18631028467752836
2399,0.020382970571517944,1.0,0.8498985767364502,0.8482009172439575,0.30919296147019976
2400,0.01755734719336033,1.0,0.8509127497673035,0.8512440919876099,0.24957639815922691
