epoch,loss,train_acc,val_acc,test_acc,gradient_norm
1,1.0972328186035156,0.39249491691589355,0.39249491691589355,0.3925054967403412,0.22240940401115558
2,5.269070625305176,0.3995943069458008,0.3995943069458008,0.39936748147010803,16.416741653286152
3,1.0860897302627563,0.3995943069458008,0.3995943069458008,0.39936748147010803,0.2671958643236343
4,1.0824085474014282,0.3995943069458008,0.3995943069458008,0.39936748147010803,0.14110562907897758
5,1.0825518369674683,0.3995943069458008,0.3995943069458008,0.39936748147010803,0.14274721266510196
6,1.0749263763427734,0.3995943069458008,0.3995943069458008,0.39936748147010803,0.12020757907923536
7,1.095510721206665,0.3995943069458008,0.3995943069458008,0.39936748147010803,0.4604023941908864
8,1.0695809125900269,0.3995943069458008,0.3995943069458008,0.39936748147010803,0.0961849488275703
9,1.0697636604309082,0.3995943069458008,0.3995943069458008,0.39936748147010803,0.08846456531976808
10,1.0669304132461548,0.39249491691589355,0.39249491691589355,0.3925054967403412,0.07454332408817413
11,1.067439317703247,0.39249491691589355,0.39249491691589355,0.3925054967403412,0.057538574958989154
12,1.0651402473449707,0.39249491691589355,0.39249491691589355,0.3925054967403412,0.06176915593757923
13,1.0632182359695435,0.39756590127944946,0.409736305475235,0.39369890093803406,0.11134572827228059
14,1.0604605674743652,0.3995943069458008,0.3995943069458008,0.39936748147010803,0.03908827565253227
15,1.0663225650787354,0.39249491691589355,0.39249491691589355,0.3925054967403412,0.05228230042272225
16,1.0632011890411377,0.39249491691589355,0.39249491691589355,0.3925054967403412,0.04454795842288245
17,1.0621901750564575,0.39249491691589355,0.39249491691589355,0.3925054967403412,0.05422128346770507
18,1.0624959468841553,0.3995943069458008,0.3995943069458008,0.39936748147010803,0.031470244036382204
19,1.0636783838272095,0.3995943069458008,0.3995943069458008,0.39936748147010803,0.03390645502929787
20,1.065147876739502,0.3995943069458008,0.3995943069458008,0.39936748147010803,0.03103926045020305
21,1.0672677755355835,0.3995943069458008,0.3995943069458008,0.39936748147010803,0.03659666319021075
22,1.060181975364685,0.3995943069458008,0.3995943069458008,0.39936748147010803,0.03257531037871018
23,1.0629783868789673,0.3995943069458008,0.3995943069458008,0.39936748147010803,0.04607913350514753
24,1.0622739791870117,0.3995943069458008,0.3995943069458008,0.39936748147010803,0.05044451068550212
25,1.0635179281234741,0.3995943069458008,0.3995943069458008,0.39936748147010803,0.028997305539824787
26,1.063820481300354,0.3995943069458008,0.3995943069458008,0.39936748147010803,0.021519208239471056
27,1.0610325336456299,0.3995943069458008,0.3995943069458008,0.39936748147010803,0.020979346528508788
28,1.0604788064956665,0.3995943069458008,0.3995943069458008,0.39936748147010803,0.018413906513982062
29,1.0596951246261597,0.3995943069458008,0.3995943069458008,0.39936748147010803,0.01909323179799119
30,1.0569978952407837,0.3995943069458008,0.3995943069458008,0.39936748147010803,0.019917629764902443
31,1.0598855018615723,0.3995943069458008,0.3995943069458008,0.39936748147010803,0.021725148066280536
32,1.0592633485794067,0.3995943069458008,0.3995943069458008,0.39936748147010803,0.016878003434186505
33,1.059125542640686,0.3995943069458008,0.3995943069458008,0.39936748147010803,0.013557425270730478
34,1.0618590116500854,0.3995943069458008,0.3995943069458008,0.39936748147010803,0.022118853620507823
35,1.0597622394561768,0.3995943069458008,0.3995943069458008,0.39936748147010803,0.016684018742785876
36,1.0585676431655884,0.3995943069458008,0.3995943069458008,0.39936748147010803,0.0195636370159648
37,1.0633678436279297,0.3995943069458008,0.3995943069458008,0.39936748147010803,0.02383340534227437
38,1.0619523525238037,0.3995943069458008,0.3995943069458008,0.39936748147010803,0.018890895729033904
39,1.061957597732544,0.3995943069458008,0.3995943069458008,0.39936748147010803,0.02189105034418863
40,1.061253547668457,0.3995943069458008,0.3995943069458008,0.39936748147010803,0.02194099572109947
41,1.0615214109420776,0.3995943069458008,0.3995943069458008,0.39936748147010803,0.016834990748096
42,1.062491774559021,0.3995943069458008,0.3995943069458008,0.39936748147010803,0.02714074999582188
43,1.0603723526000977,0.3995943069458008,0.3995943069458008,0.39936748147010803,0.014256971327512136
44,1.0594319105148315,0.39249491691589355,0.39249491691589355,0.3925054967403412,0.01714107478113393
45,1.0609694719314575,0.3995943069458008,0.3995943069458008,0.39936748147010803,0.027144068914630892
46,1.0620993375778198,0.3995943069458008,0.3995943069458008,0.39936748147010803,0.025153805844732254
47,1.0617425441741943,0.3995943069458008,0.3995943069458008,0.39936748147010803,0.02299134708821862
48,1.0636652708053589,0.3995943069458008,0.3995943069458008,0.39936748147010803,0.027101343959424942
49,1.059611439704895,0.3995943069458008,0.3995943069458008,0.39936748147010803,0.029829754393294966
50,1.062150478363037,0.3995943069458008,0.3995943069458008,0.39936748147010803,0.017111486520508704
51,1.0618048906326294,0.3995943069458008,0.3995943069458008,0.39936748147010803,0.01917805197989769
52,1.0631434917449951,0.3995943069458008,0.3995943069458008,0.39936748147010803,0.02150179679996171
53,1.0603744983673096,0.3995943069458008,0.3995943069458008,0.39936748147010803,0.012396228011539346
54,1.0621742010116577,0.3995943069458008,0.3995943069458008,0.39936748147010803,0.016543445133323908
55,1.0599654912948608,0.3995943069458008,0.3995943069458008,0.39936748147010803,0.014360793040312392
56,1.061069130897522,0.3995943069458008,0.3995943069458008,0.39936748147010803,0.012209789765344748
57,1.0617802143096924,0.3995943069458008,0.3995943069458008,0.39936748147010803,0.014945611179228973
58,1.0596981048583984,0.3995943069458008,0.3995943069458008,0.39936748147010803,0.02040961996892777
59,1.0606986284255981,0.3995943069458008,0.3995943069458008,0.39936748147010803,0.012224232175979186
60,1.0598560571670532,0.3995943069458008,0.3995943069458008,0.39936748147010803,0.019467253969863055
61,1.0620510578155518,0.3995943069458008,0.3995943069458008,0.39936748147010803,0.015881778339190612
62,1.0633018016815186,0.3995943069458008,0.3995943069458008,0.39936748147010803,0.017841596322674725
63,1.061293363571167,0.3995943069458008,0.3995943069458008,0.39936748147010803,0.01614522014407386
64,1.060036063194275,0.3995943069458008,0.3995943069458008,0.39936748147010803,0.013755026641052251
65,1.0606353282928467,0.3995943069458008,0.3995943069458008,0.39936748147010803,0.014998454294669755
66,1.0605720281600952,0.3995943069458008,0.3995943069458008,0.39936748147010803,0.011557831482367852
67,1.0620372295379639,0.3995943069458008,0.3995943069458008,0.39936748147010803,0.017655264370177
68,1.0603477954864502,0.3995943069458008,0.3995943069458008,0.39936748147010803,0.01184154227210331
69,1.058815836906433,0.3995943069458008,0.3995943069458008,0.39936748147010803,0.015755797976383944
70,1.0629030466079712,0.3995943069458008,0.3995943069458008,0.39936748147010803,0.025421348222286668
71,1.0608818531036377,0.3995943069458008,0.3995943069458008,0.39936748147010803,0.014572989679314427
72,1.0609800815582275,0.3995943069458008,0.3995943069458008,0.39936748147010803,0.02001916765059575
73,1.060960054397583,0.3995943069458008,0.3995943069458008,0.39936748147010803,0.019888813968226338
74,1.0616226196289062,0.3995943069458008,0.3995943069458008,0.39936748147010803,0.016387457183877945
75,1.0616909265518188,0.3995943069458008,0.3995943069458008,0.39936748147010803,0.016366432975556355
76,1.0598714351654053,0.39249491691589355,0.39249491691589355,0.3925054967403412,0.01049100958124449
77,1.0614607334136963,0.3995943069458008,0.3995943069458008,0.39936748147010803,0.01866259649902986
78,1.0631386041641235,0.3995943069458008,0.3995943069458008,0.39936748147010803,0.025565672708382177
79,1.0607081651687622,0.3995943069458008,0.3995943069458008,0.39936748147010803,0.013261965959680763
80,1.0608383417129517,0.3995943069458008,0.3995943069458008,0.39936748147010803,0.020668820337186245
81,1.0616130828857422,0.3995943069458008,0.3995943069458008,0.39936748147010803,0.019817475451393937
82,1.0614607334136963,0.3995943069458008,0.3995943069458008,0.39936748147010803,0.026492231059311054
83,1.060313105583191,0.3995943069458008,0.3995943069458008,0.39936748147010803,0.02125875176802312
84,1.061173915863037,0.3995943069458008,0.3995943069458008,0.39936748147010803,0.013238206151393699
85,1.0606095790863037,0.3995943069458008,0.3995943069458008,0.39936748147010803,0.013128102132174725
86,1.0605167150497437,0.39249491691589355,0.39249491691589355,0.3925054967403412,0.011220368679642963
87,1.0609300136566162,0.3995943069458008,0.3995943069458008,0.39936748147010803,0.01828669632907784
88,1.059325933456421,0.3995943069458008,0.3995943069458008,0.39936748147010803,0.011914861412980881
89,1.060350775718689,0.3995943069458008,0.3995943069458008,0.39936748147010803,0.011591206345674081
90,1.0604562759399414,0.3995943069458008,0.3995943069458008,0.39936748147010803,0.012913371516587268
91,1.0602997541427612,0.3995943069458008,0.3995943069458008,0.39936748147010803,0.013106562809071076
92,1.059816598892212,0.3995943069458008,0.3995943069458008,0.39936748147010803,0.01123592277703927
93,1.0601764917373657,0.3995943069458008,0.3995943069458008,0.39936748147010803,0.012746930827941831
94,1.0599181652069092,0.3995943069458008,0.3995943069458008,0.39936748147010803,0.007834928333945421
95,1.060311198234558,0.3995943069458008,0.3995943069458008,0.39936748147010803,0.013246318686604001
96,1.060465931892395,0.3995943069458008,0.3995943069458008,0.39936748147010803,0.0157080257776194
97,1.0603318214416504,0.3995943069458008,0.3995943069458008,0.39936748147010803,0.013505668038215176
98,1.0605156421661377,0.3995943069458008,0.3995943069458008,0.39936748147010803,0.013283982134432364
99,1.059605598449707,0.3995943069458008,0.3995943069458008,0.39936748147010803,0.010283190405088375
100,1.0602043867111206,0.3995943069458008,0.3995943069458008,0.39936748147010803,0.008232626673125215
101,1.059843897819519,0.3995943069458008,0.3995943069458008,0.39936748147010803,0.015992483969049728
102,1.0585497617721558,0.3995943069458008,0.3995943069458008,0.39936748147010803,0.014866346586057915
103,1.0608601570129395,0.3995943069458008,0.3995943069458008,0.39936748147010803,0.017305941134913502
104,1.0604660511016846,0.3995943069458008,0.3995943069458008,0.39936748147010803,0.020619797613096826
105,1.0610729455947876,0.3995943069458008,0.3995943069458008,0.39936748147010803,0.015422718604639177
106,1.061456561088562,0.3995943069458008,0.3995943069458008,0.39936748147010803,0.014593444161627629
107,1.0611571073532104,0.3995943069458008,0.3995943069458008,0.39936748147010803,0.01930864274270383
108,1.0600638389587402,0.3995943069458008,0.3995943069458008,0.39936748147010803,0.0216236299563315
109,1.0604383945465088,0.39249491691589355,0.39249491691589355,0.3925054967403412,0.01118373375294817
110,1.061537504196167,0.3995943069458008,0.3995943069458008,0.39936748147010803,0.024161486362247606
111,1.0598783493041992,0.3995943069458008,0.3995943069458008,0.39936748147010803,0.010453521965741008
112,1.0606749057769775,0.3995943069458008,0.3995943069458008,0.39936748147010803,0.014017126610947585
113,1.06070077419281,0.3995943069458008,0.3995943069458008,0.39936748147010803,0.015249310667533562
114,1.0600333213806152,0.3995943069458008,0.3995943069458008,0.39936748147010803,0.01474319790505448
115,1.0605629682540894,0.3995943069458008,0.3995943069458008,0.39936748147010803,0.01149069538366853
116,1.062223196029663,0.3995943069458008,0.3995943069458008,0.39936748147010803,0.01778238147534873
117,1.0604395866394043,0.3995943069458008,0.3995943069458008,0.39936748147010803,0.010043397132157303
118,1.0602903366088867,0.3995943069458008,0.3995943069458008,0.39936748147010803,0.0118433511151346
119,1.0600557327270508,0.3995943069458008,0.3995943069458008,0.39936748147010803,0.012646695633186595
120,1.0612760782241821,0.3995943069458008,0.3995943069458008,0.39936748147010803,0.01271860654242364
121,1.0608121156692505,0.3995943069458008,0.3995943069458008,0.39936748147010803,0.008443736456449443
122,1.0599675178527832,0.3995943069458008,0.3995943069458008,0.39936748147010803,0.011078711186842593
123,1.0602502822875977,0.3995943069458008,0.3995943069458008,0.39936748147010803,0.008201725092523031
124,1.0603309869766235,0.39249491691589355,0.39249491691589355,0.3925054967403412,0.011836124646307884
125,1.059865951538086,0.3995943069458008,0.3995943069458008,0.39936748147010803,0.0184594452391476
126,1.0606372356414795,0.3995943069458008,0.3995943069458008,0.39936748147010803,0.011575233717490606
127,1.0603965520858765,0.3995943069458008,0.3995943069458008,0.39936748147010803,0.013103352770546414
128,1.060598373413086,0.3995943069458008,0.3995943069458008,0.39936748147010803,0.01154528223967334
129,1.0602775812149048,0.3995943069458008,0.3995943069458008,0.39936748147010803,0.006794523561810573
130,1.0602102279663086,0.3995943069458008,0.3995943069458008,0.39936748147010803,0.007653624887714453
131,1.0607231855392456,0.3995943069458008,0.3995943069458008,0.39936748147010803,0.009062013813375121
132,1.060171365737915,0.3995943069458008,0.3995943069458008,0.39936748147010803,0.009547941885007941
133,1.0602607727050781,0.3995943069458008,0.3995943069458008,0.39936748147010803,0.008694335531759773
134,1.0605636835098267,0.3995943069458008,0.3995943069458008,0.39936748147010803,0.009327578807448004
135,1.0605698823928833,0.3995943069458008,0.3995943069458008,0.39936748147010803,0.009129788725726404
136,1.0601215362548828,0.3995943069458008,0.3995943069458008,0.39936748147010803,0.005534833752251392
137,1.060269832611084,0.3995943069458008,0.3995943069458008,0.39936748147010803,0.007947026840878101
138,1.0606976747512817,0.3995943069458008,0.3995943069458008,0.39936748147010803,0.007774007889870828
139,1.059654712677002,0.3995943069458008,0.3995943069458008,0.39936748147010803,0.00698479600574494
140,1.0602967739105225,0.3995943069458008,0.3995943069458008,0.39936748147010803,0.007100984744526886
141,1.0602983236312866,0.3995943069458008,0.3995943069458008,0.39936748147010803,0.005701543384573283
142,1.0605981349945068,0.3995943069458008,0.3995943069458008,0.39936748147010803,0.007959948032171217
143,1.0603795051574707,0.3995943069458008,0.3995943069458008,0.39936748147010803,0.004905515750192914
144,1.0604416131973267,0.3995943069458008,0.3995943069458008,0.39936748147010803,0.008065381570488847
145,1.0601524114608765,0.3995943069458008,0.3995943069458008,0.39936748147010803,0.0078376991709851
146,1.0603744983673096,0.3995943069458008,0.3995943069458008,0.39936748147010803,0.004418993311307929
147,1.0599294900894165,0.3995943069458008,0.3995943069458008,0.39936748147010803,0.006371015868457151
148,1.060104250907898,0.3995943069458008,0.3995943069458008,0.39936748147010803,0.004563546748857991
149,1.0597243309020996,0.3995943069458008,0.3995943069458008,0.39936748147010803,0.007148909050036751
150,1.0602062940597534,0.3995943069458008,0.3995943069458008,0.39936748147010803,0.003970965479166096
151,1.0601720809936523,0.3995943069458008,0.3995943069458008,0.39936748147010803,0.004018761337635879
152,1.0603350400924683,0.3995943069458008,0.3995943069458008,0.39936748147010803,0.006440114209319796
153,1.0598787069320679,0.3995943069458008,0.3995943069458008,0.39936748147010803,0.0047098172339229165
154,1.0607333183288574,0.3995943069458008,0.3995943069458008,0.39936748147010803,0.008935239384557437
155,1.0602071285247803,0.3995943069458008,0.3995943069458008,0.39936748147010803,0.005067049234260285
156,1.060266137123108,0.3995943069458008,0.3995943069458008,0.39936748147010803,0.007975648013478885
157,1.0602266788482666,0.3995943069458008,0.3995943069458008,0.39936748147010803,0.005146179948018475
158,1.0597666501998901,0.3995943069458008,0.3995943069458008,0.39936748147010803,0.005250800236455672
159,1.0607513189315796,0.3995943069458008,0.3995943069458008,0.39936748147010803,0.007845845572750627
160,1.0600124597549438,0.3995943069458008,0.3995943069458008,0.39936748147010803,0.005528735163878252
161,1.0611315965652466,0.3995943069458008,0.3995943069458008,0.39936748147010803,0.011195244032994874
162,1.0604149103164673,0.3995943069458008,0.3995943069458008,0.39936748147010803,0.005153721322704376
163,1.0602269172668457,0.3995943069458008,0.3995943069458008,0.39936748147010803,0.004959769022924363
164,1.0602054595947266,0.3995943069458008,0.3995943069458008,0.39936748147010803,0.005144218620747215
165,1.0602893829345703,0.3995943069458008,0.3995943069458008,0.39936748147010803,0.007027850318954613
166,1.060434341430664,0.3995943069458008,0.3995943069458008,0.39936748147010803,0.0072224977245409
167,1.0601816177368164,0.3995943069458008,0.3995943069458008,0.39936748147010803,0.005877626844516733
168,1.0602470636367798,0.3995943069458008,0.3995943069458008,0.39936748147010803,0.005870929775474007
169,1.060228943824768,0.3995943069458008,0.3995943069458008,0.39936748147010803,0.006037854604290526
170,1.0602262020111084,0.3995943069458008,0.3995943069458008,0.39936748147010803,0.004293858682336974
171,1.0601413249969482,0.3995943069458008,0.3995943069458008,0.39936748147010803,0.004624588827896075
172,1.0602166652679443,0.3995943069458008,0.3995943069458008,0.39936748147010803,0.0031731253660673116
173,1.0603232383728027,0.3995943069458008,0.3995943069458008,0.39936748147010803,0.00593067091555569
174,1.0601484775543213,0.3995943069458008,0.3995943069458008,0.39936748147010803,0.002348591101624818
175,1.0601989030838013,0.3995943069458008,0.3995943069458008,0.39936748147010803,0.0017054396080842364
176,1.0602794885635376,0.3995943069458008,0.3995943069458008,0.39936748147010803,0.004469609070401624
177,1.060145616531372,0.3995943069458008,0.3995943069458008,0.39936748147010803,0.0030951227552895614
178,1.0601783990859985,0.3995943069458008,0.3995943069458008,0.39936748147010803,0.002467987638277554
179,1.0602043867111206,0.3995943069458008,0.3995943069458008,0.39936748147010803,0.002583807501450373
180,1.0602089166641235,0.3995943069458008,0.3995943069458008,0.39936748147010803,0.003056699147419918
181,1.0601475238800049,0.3995943069458008,0.3995943069458008,0.39936748147010803,0.0036115950195231223
182,1.060178279876709,0.3995943069458008,0.3995943069458008,0.39936748147010803,0.0027046838986739606
183,1.0602408647537231,0.3995943069458008,0.3995943069458008,0.39936748147010803,0.003902288227542029
184,1.0601574182510376,0.3995943069458008,0.3995943069458008,0.39936748147010803,0.0028902589058619347
185,1.0601392984390259,0.3995943069458008,0.3995943069458008,0.39936748147010803,0.003177126249204723
186,1.06020987033844,0.3995943069458008,0.3995943069458008,0.39936748147010803,0.0024979138023725057
187,1.0602067708969116,0.3995943069458008,0.3995943069458008,0.39936748147010803,0.0021602816262756993
188,1.0602362155914307,0.3995943069458008,0.3995943069458008,0.39936748147010803,0.0034177771690741088
189,1.0602021217346191,0.3995943069458008,0.3995943069458008,0.39936748147010803,0.0022288756107662427
190,1.0601800680160522,0.3995943069458008,0.3995943069458008,0.39936748147010803,0.0007065617622480102
191,1.060152292251587,0.3995943069458008,0.3995943069458008,0.39936748147010803,0.003260481155361198
192,1.0601768493652344,0.3995943069458008,0.3995943069458008,0.39936748147010803,0.0007046214541488251
193,1.0601779222488403,0.3995943069458008,0.3995943069458008,0.39936748147010803,0.0013240483939194038
194,1.0601885318756104,0.3995943069458008,0.3995943069458008,0.39936748147010803,0.002969264495321562
195,1.060178279876709,0.3995943069458008,0.3995943069458008,0.39936748147010803,0.0009341418547470585
196,1.060179352760315,0.3995943069458008,0.3995943069458008,0.39936748147010803,0.0008873912477427774
197,1.060179352760315,0.3995943069458008,0.3995943069458008,0.39936748147010803,0.0009477519981336603
198,1.060179352760315,0.3995943069458008,0.3995943069458008,0.39936748147010803,0.000981674479411659
199,1.0601794719696045,0.3995943069458008,0.3995943069458008,0.39936748147010803,0.0009789435502274768
200,1.0601792335510254,0.3995943069458008,0.3995943069458008,0.39936748147010803,0.0009444205023954841
201,1.0601792335510254,0.3995943069458008,0.3995943069458008,0.39936748147010803,0.000884192168463319
202,1.0601788759231567,0.3995943069458008,0.3995943069458008,0.39936748147010803,0.0008113482970439672
203,1.0601789951324463,0.3995943069458008,0.3995943069458008,0.39936748147010803,0.0007172932521533815
204,1.0601786375045776,0.3995943069458008,0.3995943069458008,0.39936748147010803,0.000620859744682562
205,1.0601762533187866,0.3995943069458008,0.3995943069458008,0.39936748147010803,0.0006657338369629034
206,1.0601751804351807,0.3995943069458008,0.3995943069458008,0.39936748147010803,0.0004795314677667423
207,1.0601154565811157,0.3995943069458008,0.3995943069458008,0.39936748147010803,0.0032438061066263207
208,1.0605276823043823,0.3995943069458008,0.3995943069458008,0.39936748147010803,0.00803574010691435
209,1.0602742433547974,0.3995943069458008,0.3995943069458008,0.39936748147010803,0.0028068828258349322
210,1.0602326393127441,0.3995943069458008,0.3995943069458008,0.39936748147010803,0.005971423658351804
211,1.0601783990859985,0.3995943069458008,0.3995943069458008,0.39936748147010803,0.00038112189948200326
212,1.0601781606674194,0.3995943069458008,0.3995943069458008,0.39936748147010803,0.00034159422015720597
213,1.0601781606674194,0.3995943069458008,0.3995943069458008,0.39936748147010803,0.00032959478396016453
214,1.0601781606674194,0.3995943069458008,0.3995943069458008,0.39936748147010803,0.0003137333095543855
215,1.0601781606674194,0.3995943069458008,0.3995943069458008,0.39936748147010803,0.0002994644275201791
216,1.060178279876709,0.3995943069458008,0.3995943069458008,0.39936748147010803,0.00029600748172907025
217,1.0601781606674194,0.3995943069458008,0.3995943069458008,0.39936748147010803,0.0002869654395366373
218,1.0601779222488403,0.3995943069458008,0.3995943069458008,0.39936748147010803,0.0003578165850174363
219,1.0601776838302612,0.3995943069458008,0.3995943069458008,0.39936748147010803,0.00027317982979260824
220,1.0601786375045776,0.3995943069458008,0.3995943069458008,0.39936748147010803,0.0003567602286071975
221,1.060179352760315,0.3995943069458008,0.3995943069458008,0.39936748147010803,0.00033777067886207873
222,1.0601783990859985,0.3995943069458008,0.3995943069458008,0.39936748147010803,0.0003033669469341186
223,1.0601779222488403,0.3995943069458008,0.3995943069458008,0.39936748147010803,0.00032406661339848356
224,1.0601798295974731,0.3995943069458008,0.3995943069458008,0.39936748147010803,0.000538816859401137
225,1.0601779222488403,0.3995943069458008,0.3995943069458008,0.39936748147010803,0.0003852556863351421
226,1.0601781606674194,0.3995943069458008,0.3995943069458008,0.39936748147010803,0.00028991166567490903
227,1.0601780414581299,0.3995943069458008,0.3995943069458008,0.39936748147010803,0.00025186945385810957
228,1.0601781606674194,0.3995943069458008,0.3995943069458008,0.39936748147010803,0.00026003101316559045
229,1.0601781606674194,0.3995943069458008,0.3995943069458008,0.39936748147010803,0.0002673050290512127
230,1.060178279876709,0.3995943069458008,0.3995943069458008,0.39936748147010803,0.00027336778646218325
231,1.0601781606674194,0.3995943069458008,0.3995943069458008,0.39936748147010803,0.00027814603121211026
232,1.0601781606674194,0.3995943069458008,0.3995943069458008,0.39936748147010803,0.0002815318118810854
233,1.0601781606674194,0.3995943069458008,0.3995943069458008,0.39936748147010803,0.00029475493191661326
234,1.060176968574524,0.3995943069458008,0.3995943069458008,0.39936748147010803,0.0005844824201310683
235,1.0601756572723389,0.3995943069458008,0.3995943069458008,0.39936748147010803,0.00041870211801936616
236,1.060176968574524,0.3995943069458008,0.3995943069458008,0.39936748147010803,0.0003818131843056658
237,1.0601695775985718,0.3995943069458008,0.3995943069458008,0.39936748147010803,0.0008032252814913052
238,1.060172438621521,0.3995943069458008,0.3995943069458008,0.39936748147010803,0.0009932295689739578
239,1.0601816177368164,0.3995943069458008,0.3995943069458008,0.39936748147010803,0.0010774679212640392
240,1.0601727962493896,0.3995943069458008,0.3995943069458008,0.39936748147010803,0.0011915707477552007
241,1.0601593255996704,0.3995943069458008,0.3995943069458008,0.39936748147010803,0.001295410036489424
242,1.0601387023925781,0.3995943069458008,0.3995943069458008,0.39936748147010803,0.0013420935009846335
243,1.0602900981903076,0.3995943069458008,0.3995943069458008,0.39936748147010803,0.0032481412013864413
244,1.0600618124008179,0.3995943069458008,0.3995943069458008,0.39936748147010803,0.0028294509762693256
245,1.0601072311401367,0.3995943069458008,0.3995943069458008,0.39936748147010803,0.003064107056274019
246,1.0599288940429688,0.3995943069458008,0.3995943069458008,0.39936748147010803,0.0035615138612596895
247,1.0597740411758423,0.3995943069458008,0.3995943069458008,0.39936748147010803,0.004986141332575607
248,1.0600266456604004,0.3995943069458008,0.3995943069458008,0.39936748147010803,0.003080117437799391
249,1.0620763301849365,0.39249491691589355,0.39249491691589355,0.3925054967403412,0.017233206456613838
250,1.0606677532196045,0.3995943069458008,0.3995943069458008,0.39936748147010803,0.008390910814358773
251,1.0597306489944458,0.3995943069458008,0.3995943069458008,0.39936748147010803,0.007347412883965157
252,1.0599333047866821,0.3995943069458008,0.3995943069458008,0.39936748147010803,0.007422647222198354
253,1.0598210096359253,0.3995943069458008,0.3995943069458008,0.39936748147010803,0.005267957300909903
254,1.0607095956802368,0.3995943069458008,0.3995943069458008,0.39936748147010803,0.008761109574271978
255,1.0603684186935425,0.3995943069458008,0.3995943069458008,0.39936748147010803,0.004909590296458265
256,1.0597589015960693,0.3995943069458008,0.3995943069458008,0.39936748147010803,0.006030697507941077
257,1.0587983131408691,0.3995943069458008,0.3995943069458008,0.39936748147010803,0.019285690315008732
258,1.062435507774353,0.3995943069458008,0.3995943069458008,0.39936748147010803,0.03108709653090244
259,1.058882713317871,0.3995943069458008,0.3995943069458008,0.39936748147010803,0.0162836654575432
260,1.0597155094146729,0.3995943069458008,0.3995943069458008,0.39936748147010803,0.007182778754598321
261,1.0612677335739136,0.39249491691589355,0.39249491691589355,0.3925054967403412,0.014489597696423771
262,1.0585429668426514,0.39249491691589355,0.39249491691589355,0.3925054967403412,0.009530975824549419
263,1.0620174407958984,0.39249491691589355,0.39249491691589355,0.3925054967403412,0.021476569001972052
264,1.0606698989868164,0.3995943069458008,0.3995943069458008,0.39936748147010803,0.008481537918015359
265,1.0604796409606934,0.3995943069458008,0.3995943069458008,0.39936748147010803,0.005677887352108349
266,1.0601184368133545,0.3995943069458008,0.3995943069458008,0.39936748147010803,0.005714086338709224
267,1.0601868629455566,0.3995943069458008,0.3995943069458008,0.39936748147010803,0.0020103069220798997
268,1.0601811408996582,0.3995943069458008,0.3995943069458008,0.39936748147010803,0.002111551879536428
269,1.0601881742477417,0.3995943069458008,0.3995943069458008,0.39936748147010803,0.002258818008757491
270,1.060191035270691,0.3995943069458008,0.3995943069458008,0.39936748147010803,0.002185796502698593
271,1.0601896047592163,0.3995943069458008,0.3995943069458008,0.39936748147010803,0.0024746514742276246
272,1.0602024793624878,0.3995943069458008,0.3995943069458008,0.39936748147010803,0.002057779273654267
273,1.0601820945739746,0.3995943069458008,0.3995943069458008,0.39936748147010803,0.0012058715431351604
274,1.0601783990859985,0.3995943069458008,0.3995943069458008,0.39936748147010803,0.00047171007895635883
275,1.0601779222488403,0.3995943069458008,0.3995943069458008,0.39936748147010803,0.000178245891970716
276,1.0601781606674194,0.3995943069458008,0.3995943069458008,0.39936748147010803,0.0003144234360972285
277,1.0601786375045776,0.3995943069458008,0.3995943069458008,0.39936748147010803,0.0006035924994923835
278,1.060179352760315,0.3995943069458008,0.3995943069458008,0.39936748147010803,0.0008555660837487992
279,1.0601801872253418,0.3995943069458008,0.3995943069458008,0.39936748147010803,0.0010623063526561875
280,1.060180902481079,0.3995943069458008,0.3995943069458008,0.39936748147010803,0.0012130120653379482
281,1.0601812601089478,0.3995943069458008,0.3995943069458008,0.39936748147010803,0.001303244582196077
282,1.0601816177368164,0.3995943069458008,0.3995943069458008,0.39936748147010803,0.001341995578959801
283,1.0601816177368164,0.3995943069458008,0.3995943069458008,0.39936748147010803,0.0013349157414111236
284,1.0601812601089478,0.3995943069458008,0.3995943069458008,0.39936748147010803,0.0012790059566477148
285,1.0601806640625,0.3995943069458008,0.3995943069458008,0.39936748147010803,0.001190298064427484
286,1.060180425643921,0.3995943069458008,0.3995943069458008,0.39936748147010803,0.0010771038446393004
287,1.0601799488067627,0.3995943069458008,0.3995943069458008,0.39936748147010803,0.0009486691740222549
288,1.0601794719696045,0.3995943069458008,0.3995943069458008,0.39936748147010803,0.0008149713066335683
289,1.0601789951324463,0.3995943069458008,0.3995943069458008,0.39936748147010803,0.0006855424118316466
290,1.0601783990859985,0.3995943069458008,0.3995943069458008,0.39936748147010803,0.000569000462243393
291,1.0601783990859985,0.3995943069458008,0.3995943069458008,0.39936748147010803,0.00047235402005687757
292,1.0601781606674194,0.3995943069458008,0.3995943069458008,0.39936748147010803,0.0003994597635946582
293,1.0601780414581299,0.3995943069458008,0.3995943069458008,0.39936748147010803,0.0003492511565299484
294,1.0601780414581299,0.3995943069458008,0.3995943069458008,0.39936748147010803,0.00031541183111304
295,1.0601779222488403,0.3995943069458008,0.3995943069458008,0.39936748147010803,0.0002889645943596493
296,1.0601780414581299,0.3995943069458008,0.3995943069458008,0.39936748147010803,0.0002622115139112706
297,1.0601780414581299,0.3995943069458008,0.3995943069458008,0.39936748147010803,0.000230887733683619
298,1.0601781606674194,0.3995943069458008,0.3995943069458008,0.39936748147010803,0.0001946859844613602
299,1.0601779222488403,0.3995943069458008,0.3995943069458008,0.39936748147010803,0.00015764090758997845
300,1.0601779222488403,0.3995943069458008,0.3995943069458008,0.39936748147010803,0.0004918273260556393
301,1.0601779222488403,0.3995943069458008,0.3995943069458008,0.39936748147010803,0.00012514291429875461
302,1.0601780414581299,0.3995943069458008,0.3995943069458008,0.39936748147010803,0.00014821412249117508
303,1.0601780414581299,0.3995943069458008,0.3995943069458008,0.39936748147010803,0.0001933269773265748
304,1.0601781606674194,0.3995943069458008,0.3995943069458008,0.39936748147010803,0.0002687058740380867
305,1.0601781606674194,0.3995943069458008,0.3995943069458008,0.39936748147010803,0.00028087587347625035
306,1.0601781606674194,0.3995943069458008,0.3995943069458008,0.39936748147010803,0.0003205018928761406
307,1.0601781606674194,0.3995943069458008,0.3995943069458008,0.39936748147010803,0.00035875933831954545
308,1.0601781606674194,0.3995943069458008,0.3995943069458008,0.39936748147010803,0.0004016642293307895
309,1.060178279876709,0.3995943069458008,0.3995943069458008,0.39936748147010803,0.00041091572873718136
310,1.0601792335510254,0.3995943069458008,0.3995943069458008,0.39936748147010803,0.000502476918840796
311,1.0601781606674194,0.3995943069458008,0.3995943069458008,0.39936748147010803,0.00046047151571794475
312,1.0601767301559448,0.3995943069458008,0.3995943069458008,0.39936748147010803,0.00062909759111951
313,1.0601608753204346,0.3995943069458008,0.3995943069458008,0.39936748147010803,0.0014338082119853704
314,1.0601774454116821,0.3995943069458008,0.3995943069458008,0.39936748147010803,0.0013831694987183226
315,1.0602619647979736,0.3995943069458008,0.3995943069458008,0.39936748147010803,0.0037485924302800774
316,1.0601764917373657,0.3995943069458008,0.3995943069458008,0.39936748147010803,0.0019309700833328063
317,1.060369610786438,0.3995943069458008,0.3995943069458008,0.39936748147010803,0.0042931018922519335
318,1.0601896047592163,0.3995943069458008,0.3995943069458008,0.39936748147010803,0.0012433679745026025
319,1.0601774454116821,0.3995943069458008,0.3995943069458008,0.39936748147010803,0.0004690298282863471
320,1.060176968574524,0.3995943069458008,0.3995943069458008,0.39936748147010803,0.00043315862435268034
321,1.0602128505706787,0.3995943069458008,0.3995943069458008,0.39936748147010803,0.002274151546431767
322,1.0601783990859985,0.3995943069458008,0.3995943069458008,0.39936748147010803,0.000518025760864026
323,1.0601783990859985,0.3995943069458008,0.3995943069458008,0.39936748147010803,0.0005216920158187249
324,1.0601783990859985,0.3995943069458008,0.3995943069458008,0.39936748147010803,0.0005016841454134301
325,1.060178279876709,0.3995943069458008,0.3995943069458008,0.39936748147010803,0.00048399207010009
326,1.0601781606674194,0.3995943069458008,0.3995943069458008,0.39936748147010803,0.0003791780127979455
327,1.0601781606674194,0.3995943069458008,0.3995943069458008,0.39936748147010803,0.0002930263558643572
328,1.0601788759231567,0.3995943069458008,0.3995943069458008,0.39936748147010803,0.0007312931960732773
329,1.0601792335510254,0.3995943069458008,0.3995943069458008,0.39936748147010803,0.0003118373523549224
330,1.0601779222488403,0.3995943069458008,0.3995943069458008,0.39936748147010803,0.0001279362308883799
331,1.0601781606674194,0.3995943069458008,0.3995943069458008,0.39936748147010803,0.00022343399470325261
332,1.0601779222488403,0.3995943069458008,0.3995943069458008,0.39936748147010803,0.0002380596670558305
333,1.0601776838302612,0.3995943069458008,0.3995943069458008,0.39936748147010803,0.00033746116597931184
334,1.060178518295288,0.3995943069458008,0.3995943069458008,0.39936748147010803,0.0003769466704730326
335,1.0601781606674194,0.3995943069458008,0.3995943069458008,0.39936748147010803,0.0005502220021616826
336,1.0601751804351807,0.3995943069458008,0.3995943069458008,0.39936748147010803,0.0006373772023133414
337,1.0601792335510254,0.3995943069458008,0.3995943069458008,0.39936748147010803,0.0005239860222572341
338,1.0601933002471924,0.3995943069458008,0.3995943069458008,0.39936748147010803,0.0012190804909903328
339,1.0601783990859985,0.3995943069458008,0.3995943069458008,0.39936748147010803,0.0007299922056696376
340,1.0601880550384521,0.3995943069458008,0.3995943069458008,0.39936748147010803,0.0010306754808765627
341,1.060178518295288,0.3995943069458008,0.3995943069458008,0.39936748147010803,0.0005050156502660583
342,1.0601783990859985,0.3995943069458008,0.3995943069458008,0.39936748147010803,0.00048195817256958476
343,1.0601783990859985,0.3995943069458008,0.3995943069458008,0.39936748147010803,0.00044957090478977944
344,1.060178279876709,0.3995943069458008,0.3995943069458008,0.39936748147010803,0.0004130305835666444
345,1.060178279876709,0.3995943069458008,0.3995943069458008,0.39936748147010803,0.00037664737205849754
346,1.0601781606674194,0.3995943069458008,0.3995943069458008,0.39936748147010803,0.00033249710477255203
347,1.0601781606674194,0.3995943069458008,0.3995943069458008,0.39936748147010803,0.00029578496993052137
348,1.0601781606674194,0.3995943069458008,0.3995943069458008,0.39936748147010803,0.00026565477901412566
349,1.0601781606674194,0.3995943069458008,0.3995943069458008,0.39936748147010803,0.00024382833547612846
350,1.0601780414581299,0.3995943069458008,0.3995943069458008,0.39936748147010803,0.00023052404212711925
351,1.0601779222488403,0.3995943069458008,0.3995943069458008,0.39936748147010803,0.00022652835482232615
352,1.0601780414581299,0.3995943069458008,0.3995943069458008,0.39936748147010803,0.00020675314098301634
353,1.0601779222488403,0.3995943069458008,0.3995943069458008,0.39936748147010803,0.00024740941644807733
354,1.0601783990859985,0.3995943069458008,0.3995943069458008,0.39936748147010803,0.00024171440504682274
355,1.0601788759231567,0.3995943069458008,0.3995943069458008,0.39936748147010803,0.00030950796152767035
356,1.0601783990859985,0.3995943069458008,0.3995943069458008,0.39936748147010803,0.00027890326895153985
357,1.0601780414581299,0.3995943069458008,0.3995943069458008,0.39936748147010803,0.00020975229128775095
358,1.0601780414581299,0.3995943069458008,0.3995943069458008,0.39936748147010803,0.0002122346620443842
359,1.0601780414581299,0.3995943069458008,0.3995943069458008,0.39936748147010803,0.00021823464393397123
360,1.0601781606674194,0.3995943069458008,0.3995943069458008,0.39936748147010803,0.00022566589481549799
361,1.0601780414581299,0.3995943069458008,0.3995943069458008,0.39936748147010803,0.0002372203266560907
362,1.0601780414581299,0.3995943069458008,0.3995943069458008,0.39936748147010803,0.00024940998063481014
363,1.0601781606674194,0.3995943069458008,0.3995943069458008,0.39936748147010803,0.00026161482498648675
364,1.0601780414581299,0.3995943069458008,0.3995943069458008,0.39936748147010803,0.00027545580610100905
365,1.0601781606674194,0.3995943069458008,0.3995943069458008,0.39936748147010803,0.0002859874292907116
366,1.0601781606674194,0.3995943069458008,0.3995943069458008,0.39936748147010803,0.00029502828172593557
367,1.0601781606674194,0.3995943069458008,0.3995943069458008,0.39936748147010803,0.00030721938927001804
368,1.0601776838302612,0.3995943069458008,0.3995943069458008,0.39936748147010803,0.00036547775621438333
369,1.0601778030395508,0.3995943069458008,0.3995943069458008,0.39936748147010803,0.00045453400562133937
370,1.060174584388733,0.3995943069458008,0.3995943069458008,0.39936748147010803,0.0005511579149002502
371,1.0601767301559448,0.3995943069458008,0.3995943069458008,0.39936748147010803,0.0006867078348247734
372,1.0601609945297241,0.3995943069458008,0.3995943069458008,0.39936748147010803,0.0013043663652099397
373,1.0601568222045898,0.3995943069458008,0.3995943069458008,0.39936748147010803,0.0019018438947485115
374,1.0603017807006836,0.3995943069458008,0.3995943069458008,0.39936748147010803,0.0048371952067665725
375,1.0601773262023926,0.3995943069458008,0.3995943069458008,0.39936748147010803,0.0023368140082461793
376,1.0601798295974731,0.3995943069458008,0.3995943069458008,0.39936748147010803,0.0018215112811029496
377,1.0602365732192993,0.3995943069458008,0.3995943069458008,0.39936748147010803,0.003865943345251831
378,1.060180425643921,0.3995943069458008,0.3995943069458008,0.39936748147010803,0.0012768085860894115
379,1.0601710081100464,0.3995943069458008,0.3995943069458008,0.39936748147010803,0.0012892940948562852
380,1.0601739883422852,0.3995943069458008,0.3995943069458008,0.39936748147010803,0.0010035542396837685
381,1.0600852966308594,0.3995943069458008,0.3995943069458008,0.39936748147010803,0.0028121351138843307
382,1.0604325532913208,0.3995943069458008,0.3995943069458008,0.39936748147010803,0.005950346667823822
383,1.0600271224975586,0.3995943069458008,0.3995943069458008,0.39936748147010803,0.0034248840038644183
384,1.0601904392242432,0.3995943069458008,0.3995943069458008,0.39936748147010803,0.003348791830988885
385,1.0600268840789795,0.3995943069458008,0.3995943069458008,0.39936748147010803,0.0035903438441591603
386,1.0600765943527222,0.39249491691589355,0.39249491691589355,0.3925054967403412,0.007183445758250653
387,1.0603599548339844,0.3995943069458008,0.3995943069458008,0.39936748147010803,0.009890831423691125
388,1.060367465019226,0.3995943069458008,0.3995943069458008,0.39936748147010803,0.005580352044816277
389,1.0603795051574707,0.3995943069458008,0.3995943069458008,0.39936748147010803,0.004360254194094104
390,1.0601311922073364,0.3995943069458008,0.3995943069458008,0.39936748147010803,0.006221876384595088
391,1.0601650476455688,0.3995943069458008,0.3995943069458008,0.39936748147010803,0.00765689259268798
392,1.0600613355636597,0.3995943069458008,0.3995943069458008,0.39936748147010803,0.010841923206837176
393,1.0602335929870605,0.3995943069458008,0.3995943069458008,0.39936748147010803,0.009940327324434678
394,1.0614749193191528,0.3995943069458008,0.3995943069458008,0.39936748147010803,0.022304450545544335
395,1.0601896047592163,0.3995943069458008,0.3995943069458008,0.39936748147010803,0.008017481596078313
396,1.0602158308029175,0.3995943069458008,0.3995943069458008,0.39936748147010803,0.005660020825633148
397,1.0601783990859985,0.3995943069458008,0.3995943069458008,0.39936748147010803,0.0012458749521040275
398,1.0601965188980103,0.3995943069458008,0.3995943069458008,0.39936748147010803,0.002517975270820292
399,1.0601987838745117,0.3995943069458008,0.3995943069458008,0.39936748147010803,0.0036312678459000107
400,1.0602060556411743,0.39249491691589355,0.39249491691589355,0.3925054967403412,0.004600361144868898
401,1.0602134466171265,0.39249491691589355,0.39249491691589355,0.3925054967403412,0.005276053846166572
402,1.0602174997329712,0.39249491691589355,0.39249491691589355,0.3925054967403412,0.0055646834704274
403,1.0602167844772339,0.3995943069458008,0.3995943069458008,0.39936748147010803,0.0054841946818097575
404,1.0602115392684937,0.3995943069458008,0.3995943069458008,0.39936748147010803,0.005072752120104801
405,1.0602030754089355,0.3995943069458008,0.3995943069458008,0.39936748147010803,0.004388057747331639
406,1.0601942539215088,0.3995943069458008,0.3995943069458008,0.39936748147010803,0.0035011215918270572
407,1.060186505317688,0.3995943069458008,0.3995943069458008,0.39936748147010803,0.002492993350374259
408,1.0601811408996582,0.3995943069458008,0.3995943069458008,0.39936748147010803,0.0014609132724034996
409,1.0601787567138672,0.3995943069458008,0.3995943069458008,0.39936748147010803,0.000668694639328369
410,1.0601792335510254,0.3995943069458008,0.3995943069458008,0.39936748147010803,0.0008800355095098606
411,1.0601813793182373,0.3995943069458008,0.3995943069458008,0.39936748147010803,0.0016119406401506327
412,1.060184359550476,0.3995943069458008,0.3995943069458008,0.39936748147010803,0.0022337673705640983
413,1.0601868629455566,0.3995943069458008,0.3995943069458008,0.39936748147010803,0.002666892374678805
414,1.0601884126663208,0.3995943069458008,0.3995943069458008,0.39936748147010803,0.002892028375533363
415,1.0601887702941895,0.3995943069458008,0.3995943069458008,0.39936748147010803,0.0029116644062469332
416,1.0601874589920044,0.3995943069458008,0.3995943069458008,0.39936748147010803,0.0027433797519545735
417,1.0601853132247925,0.3995943069458008,0.3995943069458008,0.39936748147010803,0.0024163057645443077
418,1.060182809829712,0.3995943069458008,0.3995943069458008,0.39936748147010803,0.001968093650417411
419,1.0601805448532104,0.3995943069458008,0.3995943069458008,0.39936748147010803,0.0014429227406760807
420,1.0601788759231567,0.3995943069458008,0.3995943069458008,0.39936748147010803,0.0008941319925672275
421,1.0601781606674194,0.3995943069458008,0.3995943069458008,0.39936748147010803,0.00042342915445926863
422,1.060178279876709,0.3995943069458008,0.3995943069458008,0.39936748147010803,0.0004438099630671349
423,1.0601788759231567,0.3995943069458008,0.3995943069458008,0.39936748147010803,0.0008237670611637218
424,1.0601799488067627,0.3995943069458008,0.3995943069458008,0.39936748147010803,0.0011735270164291837
425,1.0601807832717896,0.3995943069458008,0.3995943069458008,0.39936748147010803,0.001448857613553416
426,1.0601813793182373,0.3995943069458008,0.3995943069458008,0.39936748147010803,0.0015711621681032744
427,1.0601814985275269,0.3995943069458008,0.3995943069458008,0.39936748147010803,0.0016036621706082734
428,1.0601811408996582,0.3995943069458008,0.3995943069458008,0.39936748147010803,0.0015323493176854779
429,1.0601805448532104,0.3995943069458008,0.3995943069458008,0.39936748147010803,0.0013719242293919213
430,1.0601797103881836,0.3995943069458008,0.3995943069458008,0.39936748147010803,0.0011429087222262595
431,1.0601788759231567,0.3995943069458008,0.3995943069458008,0.39936748147010803,0.0008664832638937799
432,1.0601783990859985,0.3995943069458008,0.3995943069458008,0.39936748147010803,0.0005662828462543129
433,1.0601781606674194,0.3995943069458008,0.3995943069458008,0.39936748147010803,0.0002733381345397303
434,1.0601779222488403,0.3995943069458008,0.3995943069458008,0.39936748147010803,0.000138476685261242
435,1.0601773262023926,0.3995943069458008,0.3995943069458008,0.39936748147010803,0.0003956993273572264
436,1.0601829290390015,0.3995943069458008,0.3995943069458008,0.39936748147010803,0.0008666873068733788
437,1.060181975364685,0.3995943069458008,0.3995943069458008,0.39936748147010803,0.0009638609349061421
438,1.0601786375045776,0.3995943069458008,0.3995943069458008,0.39936748147010803,0.0007247005223138409
439,1.0601786375045776,0.3995943069458008,0.3995943069458008,0.39936748147010803,0.0007488144328653821
440,1.060178518295288,0.3995943069458008,0.3995943069458008,0.39936748147010803,0.0007249829102711627
441,1.0601788759231567,0.3995943069458008,0.3995943069458008,0.39936748147010803,0.0006756021268652824
442,1.0601786375045776,0.3995943069458008,0.3995943069458008,0.39936748147010803,0.0005844600932267202
443,1.0601780414581299,0.3995943069458008,0.3995943069458008,0.39936748147010803,0.0004993112395121745
444,1.0601792335510254,0.3995943069458008,0.3995943069458008,0.39936748147010803,0.00048562452388694526
445,1.0601778030395508,0.3995943069458008,0.3995943069458008,0.39936748147010803,0.00044093806489380017
446,1.0601792335510254,0.3995943069458008,0.3995943069458008,0.39936748147010803,0.0005250918009929477
447,1.0601781606674194,0.3995943069458008,0.3995943069458008,0.39936748147010803,0.0004754624245567308
448,1.0601781606674194,0.3995943069458008,0.3995943069458008,0.39936748147010803,0.0005247680501112384
449,1.060180902481079,0.3995943069458008,0.3995943069458008,0.39936748147010803,0.000739467243132572
450,1.0601779222488403,0.3995943069458008,0.3995943069458008,0.39936748147010803,0.0006136131466908571
451,1.0601786375045776,0.3995943069458008,0.3995943069458008,0.39936748147010803,0.0006477950453870063
452,1.0601756572723389,0.3995943069458008,0.3995943069458008,0.39936748147010803,0.0010948798698038767
453,1.0601747035980225,0.3995943069458008,0.3995943069458008,0.39936748147010803,0.0007752859731671544
454,1.0601367950439453,0.3995943069458008,0.3995943069458008,0.39936748147010803,0.0017580938180864522
455,1.060105323791504,0.3995943069458008,0.3995943069458008,0.39936748147010803,0.0020955874518198015
456,1.06020987033844,0.3995943069458008,0.3995943069458008,0.39936748147010803,0.004393671551245796
457,1.059946894645691,0.3995943069458008,0.3995943069458008,0.39936748147010803,0.006932840391728353
458,1.060686469078064,0.3995943069458008,0.3995943069458008,0.39936748147010803,0.013290219281159367
459,1.0607192516326904,0.3995943069458008,0.3995943069458008,0.39936748147010803,0.00892695576453826
460,1.0602110624313354,0.3995943069458008,0.3995943069458008,0.39936748147010803,0.003871794609393002
461,1.0602294206619263,0.3995943069458008,0.3995943069458008,0.39936748147010803,0.005242226024888196
462,1.0602415800094604,0.3995943069458008,0.3995943069458008,0.39936748147010803,0.005850503871601385
463,1.060240387916565,0.3995943069458008,0.3995943069458008,0.39936748147010803,0.0061150099993100525
464,1.0602760314941406,0.3995943069458008,0.3995943069458008,0.39936748147010803,0.006035811211624605
465,1.0602470636367798,0.3995943069458008,0.3995943069458008,0.39936748147010803,0.005508126492786305
466,1.0602258443832397,0.3995943069458008,0.3995943069458008,0.39936748147010803,0.0048503195804437136
467,1.0602089166641235,0.3995943069458008,0.3995943069458008,0.39936748147010803,0.0039371177778491475
468,1.060196042060852,0.3995943069458008,0.3995943069458008,0.39936748147010803,0.0029905151497073347
469,1.0601866245269775,0.3995943069458008,0.3995943069458008,0.39936748147010803,0.0020992511984996172
470,1.0601816177368164,0.3995943069458008,0.3995943069458008,0.39936748147010803,0.001472016048568339
471,1.0601816177368164,0.3995943069458008,0.3995943069458008,0.39936748147010803,0.0014086543499143916
472,1.0601813793182373,0.3995943069458008,0.3995943069458008,0.39936748147010803,0.0017350863434064934
473,1.0601872205734253,0.3995943069458008,0.3995943069458008,0.39936748147010803,0.0021380152774731166
474,1.0601873397827148,0.3995943069458008,0.3995943069458008,0.39936748147010803,0.0024278566104149785
475,1.0601896047592163,0.3995943069458008,0.3995943069458008,0.39936748147010803,0.002607475434471279
476,1.060192584991455,0.3995943069458008,0.3995943069458008,0.39936748147010803,0.002533744526419806
477,1.0601953268051147,0.3995943069458008,0.3995943069458008,0.39936748147010803,0.00253675711768249
478,1.0601845979690552,0.3995943069458008,0.3995943069458008,0.39936748147010803,0.002245257815186165
479,1.0601774454116821,0.3995943069458008,0.3995943069458008,0.39936748147010803,0.001882850873164407
480,1.0602190494537354,0.3995943069458008,0.3995943069458008,0.39936748147010803,0.0026230715229213553
481,1.0601531267166138,0.3995943069458008,0.3995943069458008,0.39936748147010803,0.0026950871320981407
482,1.060438632965088,0.3995943069458008,0.3995943069458008,0.39936748147010803,0.0062553808517744995
483,1.0601222515106201,0.3995943069458008,0.3995943069458008,0.39936748147010803,0.0019206114054166027
484,1.0601677894592285,0.3995943069458008,0.3995943069458008,0.39936748147010803,0.0022318205520924415
485,1.0601636171340942,0.3995943069458008,0.3995943069458008,0.39936748147010803,0.0019191426052941564
486,1.06017005443573,0.3995943069458008,0.3995943069458008,0.39936748147010803,0.0024909924867242295
487,1.059967279434204,0.3995943069458008,0.3995943069458008,0.39936748147010803,0.0067819008165897685
488,1.0601812601089478,0.3995943069458008,0.3995943069458008,0.39936748147010803,0.005494980928374707
489,1.0596506595611572,0.3995943069458008,0.3995943069458008,0.39936748147010803,0.009219866019587464
490,1.0612740516662598,0.3995943069458008,0.3995943069458008,0.39936748147010803,0.019600593586929137
491,1.0605242252349854,0.3995943069458008,0.3995943069458008,0.39936748147010803,0.011539745430283577
492,1.0607490539550781,0.3995943069458008,0.3995943069458008,0.39936748147010803,0.008433429393481786
493,1.0602622032165527,0.3995943069458008,0.3995943069458008,0.39936748147010803,0.009320384404553001
494,1.0603992938995361,0.3995943069458008,0.3995943069458008,0.39936748147010803,0.010649832139620894
495,1.060413122177124,0.3995943069458008,0.3995943069458008,0.39936748147010803,0.010949299610194746
496,1.0603994131088257,0.3995943069458008,0.3995943069458008,0.39936748147010803,0.010588502461696502
497,1.0603638887405396,0.3995943069458008,0.3995943069458008,0.39936748147010803,0.009677143190930717
498,1.0603169202804565,0.3995943069458008,0.3995943069458008,0.39936748147010803,0.008763557998403941
499,1.0602905750274658,0.3995943069458008,0.3995943069458008,0.39936748147010803,0.008358987054314922
500,1.0601849555969238,0.3995943069458008,0.3995943069458008,0.39936748147010803,0.007049851039552899
501,1.0599757432937622,0.3995943069458008,0.3995943069458008,0.39936748147010803,0.009878830365580281
502,1.0595279932022095,0.3995943069458008,0.3995943069458008,0.39936748147010803,0.014559540248791908
503,1.0613917112350464,0.3995943069458008,0.3995943069458008,0.39936748147010803,0.02816896950414239
504,1.060118556022644,0.3995943069458008,0.3995943069458008,0.39936748147010803,0.01897149747254982
505,1.0598703622817993,0.3995943069458008,0.3995943069458008,0.39936748147010803,0.009956539521650721
506,1.0602487325668335,0.39249491691589355,0.39249491691589355,0.3925054967403412,0.004516901784954611
507,1.060544490814209,0.39249491691589355,0.39249491691589355,0.3925054967403412,0.009491391811324199
508,1.0605595111846924,0.39249491691589355,0.39249491691589355,0.3925054967403412,0.016835698669774152
509,1.0606234073638916,0.39249491691589355,0.39249491691589355,0.3925054967403412,0.01825830796273166
510,1.0606263875961304,0.39249491691589355,0.39249491691589355,0.3925054967403412,0.01834943145589183
511,1.0605733394622803,0.39249491691589355,0.39249491691589355,0.3925054967403412,0.01722873975263412
512,1.0604825019836426,0.39249491691589355,0.39249491691589355,0.3925054967403412,0.015365710653073072
513,1.0603584051132202,0.39249491691589355,0.39249491691589355,0.3925054967403412,0.011305948381728945
514,1.0602353811264038,0.3995943069458008,0.3995943069458008,0.39936748147010803,0.006982336416451486
515,1.0602030754089355,0.3995943069458008,0.3995943069458008,0.39936748147010803,0.002628899162490026
516,1.0603221654891968,0.3995943069458008,0.3995943069458008,0.39936748147010803,0.004601273758454619
517,1.060089349746704,0.3995943069458008,0.3995943069458008,0.39936748147010803,0.005870254692636341
518,1.060317873954773,0.3995943069458008,0.3995943069458008,0.39936748147010803,0.010009784586561833
519,1.0602256059646606,0.3995943069458008,0.3995943069458008,0.39936748147010803,0.010198553697324904
520,1.0606201887130737,0.3995943069458008,0.3995943069458008,0.39936748147010803,0.01192486450405993
521,1.060405969619751,0.3995943069458008,0.3995943069458008,0.39936748147010803,0.00883937395779868
522,1.0601400136947632,0.3995943069458008,0.3995943069458008,0.39936748147010803,0.0058405330675927345
523,1.0602052211761475,0.3995943069458008,0.3995943069458008,0.39936748147010803,0.0038084795157800103
524,1.060194492340088,0.3995943069458008,0.3995943069458008,0.39936748147010803,0.0029740822471953123
525,1.0601915121078491,0.3995943069458008,0.3995943069458008,0.39936748147010803,0.0026078027571251644
526,1.0601915121078491,0.3995943069458008,0.3995943069458008,0.39936748147010803,0.0024883777020613435
527,1.0601882934570312,0.3995943069458008,0.3995943069458008,0.39936748147010803,0.0024837643104097884
528,1.0601873397827148,0.3995943069458008,0.3995943069458008,0.39936748147010803,0.002562732843311371
529,1.0601980686187744,0.3995943069458008,0.3995943069458008,0.39936748147010803,0.002876660180913625
530,1.0601863861083984,0.3995943069458008,0.3995943069458008,0.39936748147010803,0.002509061577651923
531,1.0601850748062134,0.3995943069458008,0.3995943069458008,0.39936748147010803,0.0023641468111175843
532,1.0601853132247925,0.3995943069458008,0.3995943069458008,0.39936748147010803,0.002882122924812229
533,1.0601826906204224,0.3995943069458008,0.3995943069458008,0.39936748147010803,0.0018775548576851417
534,1.0601816177368164,0.3995943069458008,0.3995943069458008,0.39936748147010803,0.001618130285740613
535,1.0601813793182373,0.3995943069458008,0.3995943069458008,0.39936748147010803,0.001406425126228574
536,1.060180902481079,0.3995943069458008,0.3995943069458008,0.39936748147010803,0.0012865746720070969
537,1.0601813793182373,0.3995943069458008,0.3995943069458008,0.39936748147010803,0.0012483125025534794
538,1.0601801872253418,0.3995943069458008,0.3995943069458008,0.39936748147010803,0.0012788822433885518
539,1.0601799488067627,0.3995943069458008,0.3995943069458008,0.39936748147010803,0.0012954263577242989
540,1.0601723194122314,0.3995943069458008,0.3995943069458008,0.39936748147010803,0.001493950755076
541,1.0601818561553955,0.3995943069458008,0.3995943069458008,0.39936748147010803,0.0010768816479437542
542,1.0601650476455688,0.3995943069458008,0.3995943069458008,0.39936748147010803,0.0013586143252483226
543,1.0602854490280151,0.3995943069458008,0.3995943069458008,0.39936748147010803,0.0032119509354589155
544,1.060224175453186,0.3995943069458008,0.3995943069458008,0.39936748147010803,0.002584760243631176
545,1.0601787567138672,0.3995943069458008,0.3995943069458008,0.39936748147010803,0.001142245996441863
546,1.0601775646209717,0.3995943069458008,0.3995943069458008,0.39936748147010803,0.0012162090966547207
547,1.0601794719696045,0.3995943069458008,0.3995943069458008,0.39936748147010803,0.0012903710869609
548,1.0601885318756104,0.3995943069458008,0.3995943069458008,0.39936748147010803,0.0014786321067627695
549,1.0601905584335327,0.3995943069458008,0.3995943069458008,0.39936748147010803,0.0016514346638281758
550,1.0601756572723389,0.3995943069458008,0.3995943069458008,0.39936748147010803,0.001442717428845467
551,1.0601799488067627,0.3995943069458008,0.3995943069458008,0.39936748147010803,0.0014337846344241458
552,1.0601738691329956,0.3995943069458008,0.3995943069458008,0.39936748147010803,0.001413603102531968
553,1.060187816619873,0.3995943069458008,0.3995943069458008,0.39936748147010803,0.0021033367989351424
554,1.0601935386657715,0.3995943069458008,0.3995943069458008,0.39936748147010803,0.0016847155628929614
555,1.060183048248291,0.3995943069458008,0.3995943069458008,0.39936748147010803,0.001417513169342059
556,1.0601727962493896,0.3995943069458008,0.3995943069458008,0.39936748147010803,0.0014232992968506604
557,1.060184359550476,0.3995943069458008,0.3995943069458008,0.39936748147010803,0.0010469923703581917
558,1.0601692199707031,0.3995943069458008,0.3995943069458008,0.39936748147010803,0.0008129858872683058
559,1.0601838827133179,0.3995943069458008,0.3995943069458008,0.39936748147010803,0.0009131846751051476
560,1.060194730758667,0.3995943069458008,0.3995943069458008,0.39936748147010803,0.0018523544441780137
561,1.0601731538772583,0.3995943069458008,0.3995943069458008,0.39936748147010803,0.0006619851286606495
562,1.06017005443573,0.3995943069458008,0.3995943069458008,0.39936748147010803,0.0014818718612641592
563,1.0601882934570312,0.3995943069458008,0.3995943069458008,0.39936748147010803,0.0017028271003390486
564,1.0601495504379272,0.3995943069458008,0.3995943069458008,0.39936748147010803,0.001831349878006498
565,1.0602096319198608,0.3995943069458008,0.3995943069458008,0.39936748147010803,0.00434029838089001
566,1.0602707862854004,0.3995943069458008,0.3995943069458008,0.39936748147010803,0.005989335483553924
567,1.0601482391357422,0.3995943069458008,0.3995943069458008,0.39936748147010803,0.004566295667646039
568,1.0601555109024048,0.3995943069458008,0.3995943069458008,0.39936748147010803,0.004736084864367
569,1.0601999759674072,0.3995943069458008,0.3995943069458008,0.39936748147010803,0.0055321973365355
570,1.0600873231887817,0.3995943069458008,0.3995943069458008,0.39936748147010803,0.00549359555351163
571,1.0597796440124512,0.3995943069458008,0.3995943069458008,0.39936748147010803,0.0054471817656425725
572,1.0610626935958862,0.3995943069458008,0.3995943069458008,0.39936748147010803,0.009878146055667135
573,1.0602269172668457,0.3995943069458008,0.3995943069458008,0.39936748147010803,0.005004670485305829
574,1.0603007078170776,0.3995943069458008,0.3995943069458008,0.39936748147010803,0.008492725648793593
575,1.0603867769241333,0.3995943069458008,0.3995943069458008,0.39936748147010803,0.004607873958676266
576,1.0601316690444946,0.3995943069458008,0.3995943069458008,0.39936748147010803,0.005876879573545096
577,1.0601792335510254,0.3995943069458008,0.3995943069458008,0.39936748147010803,0.00612206503366684
578,1.0601143836975098,0.3995943069458008,0.3995943069458008,0.39936748147010803,0.005172097211942571
579,1.0603631734848022,0.3995943069458008,0.3995943069458008,0.39936748147010803,0.005526567267070628
580,1.0601657629013062,0.3995943069458008,0.3995943069458008,0.39936748147010803,0.0029389243605828274
581,1.0601812601089478,0.3995943069458008,0.3995943069458008,0.39936748147010803,0.0013376526378081105
582,1.0601783990859985,0.3995943069458008,0.3995943069458008,0.39936748147010803,0.0005695531438896048
583,1.0601794719696045,0.3995943069458008,0.3995943069458008,0.39936748147010803,0.0009969623724949703
584,1.060181736946106,0.3995943069458008,0.3995943069458008,0.39936748147010803,0.001716095531293624
585,1.0601849555969238,0.3995943069458008,0.3995943069458008,0.39936748147010803,0.002261664630110288
586,1.0601880550384521,0.3995943069458008,0.3995943069458008,0.39936748147010803,0.0025830456028456445
587,1.0601873397827148,0.3995943069458008,0.3995943069458008,0.39936748147010803,0.00263300619564641
588,1.0601868629455566,0.3995943069458008,0.3995943069458008,0.39936748147010803,0.002464437861950389
589,1.0601838827133179,0.3995943069458008,0.3995943069458008,0.39936748147010803,0.0021081797188620246
590,1.0601818561553955,0.3995943069458008,0.3995943069458008,0.39936748147010803,0.0015979365909259875
591,1.0601820945739746,0.3995943069458008,0.3995943069458008,0.39936748147010803,0.0010783098841397768
592,1.0601786375045776,0.3995943069458008,0.3995943069458008,0.39936748147010803,0.00048125356728644705
593,1.060178279876709,0.3995943069458008,0.3995943069458008,0.39936748147010803,0.0003685517788070977
594,1.0601788759231567,0.3995943069458008,0.3995943069458008,0.39936748147010803,0.0008086092057236408
595,1.060180425643921,0.3995943069458008,0.3995943069458008,0.39936748147010803,0.001231948673191163
596,1.0601811408996582,0.3995943069458008,0.3995943069458008,0.39936748147010803,0.0015290707567516926
597,1.0601820945739746,0.3995943069458008,0.3995943069458008,0.39936748147010803,0.0016760774790324144
598,1.0601824522018433,0.3995943069458008,0.3995943069458008,0.39936748147010803,0.0016994849538919032
599,1.0601818561553955,0.3995943069458008,0.3995943069458008,0.39936748147010803,0.0016048632123771686
600,1.0601812601089478,0.3995943069458008,0.3995943069458008,0.39936748147010803,0.001414059994022806
601,1.0601807832717896,0.3995943069458008,0.3995943069458008,0.39936748147010803,0.0011645190727361543
602,1.060179352760315,0.3995943069458008,0.3995943069458008,0.39936748147010803,0.0008789933633220786
603,1.0601779222488403,0.3995943069458008,0.3995943069458008,0.39936748147010803,0.0007575568349378574
604,1.0601799488067627,0.3995943069458008,0.3995943069458008,0.39936748147010803,0.00064404693514753
605,1.0601781606674194,0.3995943069458008,0.3995943069458008,0.39936748147010803,0.0006656749510440153
606,1.060181736946106,0.3995943069458008,0.3995943069458008,0.39936748147010803,0.0009211764117002124
607,1.0601786375045776,0.3995943069458008,0.3995943069458008,0.39936748147010803,0.0008502653614516261
608,1.0601788759231567,0.3995943069458008,0.3995943069458008,0.39936748147010803,0.0008854068879073862
609,1.0601788759231567,0.3995943069458008,0.3995943069458008,0.39936748147010803,0.0008376807132615216
610,1.0601786375045776,0.3995943069458008,0.3995943069458008,0.39936748147010803,0.0007313420661855888
611,1.0601783990859985,0.3995943069458008,0.3995943069458008,0.39936748147010803,0.000571628157641863
612,1.0601781606674194,0.3995943069458008,0.3995943069458008,0.39936748147010803,0.0003874862187418593
613,1.0601779222488403,0.3995943069458008,0.3995943069458008,0.39936748147010803,0.0001801990132406122
614,1.0601792335510254,0.3995943069458008,0.3995943069458008,0.39936748147010803,0.00031624152855484625
615,1.0601776838302612,0.3995943069458008,0.3995943069458008,0.39936748147010803,0.00030837780313069225
616,1.0601773262023926,0.3995943069458008,0.3995943069458008,0.39936748147010803,0.0005519835059719506
617,1.0601816177368164,0.3995943069458008,0.3995943069458008,0.39936748147010803,0.0007070345620714173
618,1.0601749420166016,0.3995943069458008,0.3995943069458008,0.39936748147010803,0.0008177544662902395
619,1.0601803064346313,0.3995943069458008,0.3995943069458008,0.39936748147010803,0.0011375403365868043
620,1.0602107048034668,0.3995943069458008,0.3995943069458008,0.39936748147010803,0.0018143496942856316
621,1.0601718425750732,0.3995943069458008,0.3995943069458008,0.39936748147010803,0.0010558680993547043
622,1.0601717233657837,0.3995943069458008,0.3995943069458008,0.39936748147010803,0.0010516514589014659
623,1.060158371925354,0.3995943069458008,0.3995943069458008,0.39936748147010803,0.001429307583212051
624,1.060110092163086,0.3995943069458008,0.3995943069458008,0.39936748147010803,0.0020239166496322045
625,1.0602799654006958,0.3995943069458008,0.3995943069458008,0.39936748147010803,0.005857202629186466
626,1.0601640939712524,0.3995943069458008,0.3995943069458008,0.39936748147010803,0.005960646690740005
627,1.060666799545288,0.3995943069458008,0.3995943069458008,0.39936748147010803,0.006533761874625655
628,1.0602976083755493,0.3995943069458008,0.3995943069458008,0.39936748147010803,0.004441817942136219
629,1.0596972703933716,0.3995943069458008,0.3995943069458008,0.39936748147010803,0.008940928454535209
630,1.0608795881271362,0.3995943069458008,0.3995943069458008,0.39936748147010803,0.013078107608646021
631,1.0597432851791382,0.39249491691589355,0.39249491691589355,0.3925054967403412,0.006388552867570637
632,1.0605559349060059,0.39249491691589355,0.39249491691589355,0.3925054967403412,0.01462357645828126
633,1.0605864524841309,0.3995943069458008,0.3995943069458008,0.39936748147010803,0.01342491783468612
634,1.060148000717163,0.3995943069458008,0.3995943069458008,0.39936748147010803,0.00456251330835539
635,1.0602346658706665,0.3995943069458008,0.3995943069458008,0.39936748147010803,0.005324774745310443
636,1.0602408647537231,0.3995943069458008,0.3995943069458008,0.39936748147010803,0.0056096787845008895
637,1.060239315032959,0.3995943069458008,0.3995943069458008,0.39936748147010803,0.005601497113932402
638,1.0602331161499023,0.3995943069458008,0.3995943069458008,0.39936748147010803,0.005328200555348469
639,1.0602195262908936,0.3995943069458008,0.3995943069458008,0.39936748147010803,0.004843090930783872
640,1.0601929426193237,0.3995943069458008,0.3995943069458008,0.39936748147010803,0.0043949174574511515
641,1.0601524114608765,0.3995943069458008,0.3995943069458008,0.39936748147010803,0.003933621269403825
642,1.0602912902832031,0.3995943069458008,0.3995943069458008,0.39936748147010803,0.005643658041497641
643,1.0603362321853638,0.3995943069458008,0.3995943069458008,0.39936748147010803,0.005371966309157142
644,1.060287594795227,0.3995943069458008,0.3995943069458008,0.39936748147010803,0.003913929362990091
645,1.0601739883422852,0.3995943069458008,0.3995943069458008,0.39936748147010803,0.0007038917270708753
646,1.0601797103881836,0.3995943069458008,0.3995943069458008,0.39936748147010803,0.0010410561347129448
647,1.0601824522018433,0.3995943069458008,0.3995943069458008,0.39936748147010803,0.0024724245255171155
648,1.0601850748062134,0.3995943069458008,0.3995943069458008,0.39936748147010803,0.0022737460005981397
649,1.0601871013641357,0.3995943069458008,0.3995943069458008,0.39936748147010803,0.00257574219396644
650,1.060187578201294,0.3995943069458008,0.3995943069458008,0.39936748147010803,0.0026549667035399528
651,1.0601866245269775,0.3995943069458008,0.3995943069458008,0.39936748147010803,0.0025259048372127083
652,1.0601845979690552,0.3995943069458008,0.3995943069458008,0.39936748147010803,0.0022175491014473562
653,1.0601820945739746,0.3995943069458008,0.3995943069458008,0.39936748147010803,0.0017701720054955669
654,1.0601799488067627,0.3995943069458008,0.3995943069458008,0.39936748147010803,0.0012311402157138905
655,1.0601786375045776,0.3995943069458008,0.3995943069458008,0.39936748147010803,0.0006514955749434071
656,1.0601779222488403,0.3995943069458008,0.3995943069458008,0.39936748147010803,0.00011821536649698
657,1.0601781606674194,0.3995943069458008,0.3995943069458008,0.39936748147010803,0.0005968200455917848
658,1.060178279876709,0.3995943069458008,0.3995943069458008,0.39936748147010803,0.0009942998519171355
659,1.0601820945739746,0.3995943069458008,0.3995943069458008,0.39936748147010803,0.0013505210924514256
660,1.0601800680160522,0.3995943069458008,0.3995943069458008,0.39936748147010803,0.0014898310345623587
661,1.0601787567138672,0.3995943069458008,0.3995943069458008,0.39936748147010803,0.0016072578273791946
662,1.0601783990859985,0.3995943069458008,0.3995943069458008,0.39936748147010803,0.0016539692276037903
663,1.060158371925354,0.3995943069458008,0.3995943069458008,0.39936748147010803,0.002000009082356562
664,1.060198187828064,0.3995943069458008,0.3995943069458008,0.39936748147010803,0.0021938878208096614
665,1.060172200202942,0.3995943069458008,0.3995943069458008,0.39936748147010803,0.0015580221284995817
666,1.0602091550827026,0.3995943069458008,0.3995943069458008,0.39936748147010803,0.0015718500481130054
667,1.060161828994751,0.3995943069458008,0.3995943069458008,0.39936748147010803,0.0010939505237364474
668,1.0601576566696167,0.3995943069458008,0.3995943069458008,0.39936748147010803,0.0009693479670233895
669,1.0601673126220703,0.3995943069458008,0.3995943069458008,0.39936748147010803,0.0012403092385426418
670,1.0600898265838623,0.3995943069458008,0.3995943069458008,0.39936748147010803,0.003765020810697704
671,1.0601303577423096,0.3995943069458008,0.3995943069458008,0.39936748147010803,0.0027645939047976505
672,1.0600582361221313,0.3995943069458008,0.3995943069458008,0.39936748147010803,0.00387630769224238
673,1.0602471828460693,0.3995943069458008,0.3995943069458008,0.39936748147010803,0.0038750274645732658
674,1.0604727268218994,0.3995943069458008,0.3995943069458008,0.39936748147010803,0.006455377020839832
675,1.0601986646652222,0.3995943069458008,0.3995943069458008,0.39936748147010803,0.0021972050076946876
676,1.060233235359192,0.3995943069458008,0.3995943069458008,0.39936748147010803,0.0027135043014835402
677,1.0604069232940674,0.3995943069458008,0.3995943069458008,0.39936748147010803,0.005014794954193469
678,1.0601855516433716,0.3995943069458008,0.3995943069458008,0.39936748147010803,0.0009857310376032418
679,1.0601227283477783,0.3995943069458008,0.3995943069458008,0.39936748147010803,0.0025082337936667013
680,1.0601449012756348,0.3995943069458008,0.3995943069458008,0.39936748147010803,0.00268234239725843
681,1.0601719617843628,0.3995943069458008,0.3995943069458008,0.39936748147010803,0.003219614787074607
682,1.0601781606674194,0.3995943069458008,0.3995943069458008,0.39936748147010803,0.0019443562959450729
683,1.0601400136947632,0.3995943069458008,0.3995943069458008,0.39936748147010803,0.0023793946079705497
684,1.060251235961914,0.3995943069458008,0.3995943069458008,0.39936748147010803,0.0030456936060442377
685,1.060217261314392,0.3995943069458008,0.3995943069458008,0.39936748147010803,0.0021952988346148517
686,1.0601680278778076,0.3995943069458008,0.3995943069458008,0.39936748147010803,0.0011287473827874368
687,1.0601683855056763,0.3995943069458008,0.3995943069458008,0.39936748147010803,0.0012661029086881593
688,1.0601625442504883,0.3995943069458008,0.3995943069458008,0.39936748147010803,0.0012399415998524132
689,1.0601640939712524,0.3995943069458008,0.3995943069458008,0.39936748147010803,0.0015641586864223952
690,1.0601693391799927,0.3995943069458008,0.3995943069458008,0.39936748147010803,0.0015915652203446018
691,1.0601356029510498,0.39249491691589355,0.39249491691589355,0.3925054967403412,0.0030826080092231146
692,1.0604621171951294,0.3995943069458008,0.3995943069458008,0.39936748147010803,0.007964061570079232
693,1.060351014137268,0.3995943069458008,0.3995943069458008,0.39936748147010803,0.0055045125063540225
694,1.0601916313171387,0.3995943069458008,0.3995943069458008,0.39936748147010803,0.000922709988830634
695,1.0601806640625,0.3995943069458008,0.3995943069458008,0.39936748147010803,0.0017823709664764355
696,1.060181736946106,0.3995943069458008,0.3995943069458008,0.39936748147010803,0.0022931464756477003
697,1.060198187828064,0.3995943069458008,0.3995943069458008,0.39936748147010803,0.002733636688061721
698,1.060177206993103,0.3995943069458008,0.3995943069458008,0.39936748147010803,0.002620436301912939
699,1.0602179765701294,0.3995943069458008,0.3995943069458008,0.39936748147010803,0.0029273915174796283
700,1.0601810216903687,0.3995943069458008,0.3995943069458008,0.39936748147010803,0.001586328503016099
701,1.0601788759231567,0.3995943069458008,0.3995943069458008,0.39936748147010803,0.0011425975308962642
702,1.0601778030395508,0.3995943069458008,0.3995943069458008,0.39936748147010803,0.0006511043393829412
703,1.0601774454116821,0.3995943069458008,0.3995943069458008,0.39936748147010803,0.0006690842020347605
704,1.0601794719696045,0.3995943069458008,0.3995943069458008,0.39936748147010803,0.0009952922665188426
705,1.0601747035980225,0.3995943069458008,0.3995943069458008,0.39936748147010803,0.001416346278647115
706,1.060173749923706,0.3995943069458008,0.3995943069458008,0.39936748147010803,0.001678929589747583
707,1.0602017641067505,0.3995943069458008,0.3995943069458008,0.39936748147010803,0.0020424677815648142
708,1.0601699352264404,0.3995943069458008,0.3995943069458008,0.39936748147010803,0.0018637908943652832
709,1.0601710081100464,0.3995943069458008,0.3995943069458008,0.39936748147010803,0.002680132760788564
710,1.060117244720459,0.3995943069458008,0.3995943069458008,0.39936748147010803,0.0025635668075808496
711,1.0601528882980347,0.3995943069458008,0.3995943069458008,0.39936748147010803,0.0020562940871176514
712,1.0601013898849487,0.3995943069458008,0.3995943069458008,0.39936748147010803,0.00380020846990589
713,1.0606695413589478,0.3995943069458008,0.3995943069458008,0.39936748147010803,0.007886547796022573
714,1.0600024461746216,0.3995943069458008,0.3995943069458008,0.39936748147010803,0.0034504078581599463
715,1.0601705312728882,0.3995943069458008,0.3995943069458008,0.39936748147010803,0.003068459618722571
716,1.060413122177124,0.3995943069458008,0.3995943069458008,0.39936748147010803,0.005527692460806567
717,1.0601457357406616,0.3995943069458008,0.3995943069458008,0.39936748147010803,0.004132173667407512
718,1.0603609085083008,0.3995943069458008,0.3995943069458008,0.39936748147010803,0.005318659063962798
719,1.0598560571670532,0.3995943069458008,0.3995943069458008,0.39936748147010803,0.006714618488727051
720,1.060043454170227,0.3995943069458008,0.3995943069458008,0.39936748147010803,0.005492371224715913
721,1.061072587966919,0.3995943069458008,0.3995943069458008,0.39936748147010803,0.015290766458598856
722,1.060791254043579,0.3995943069458008,0.3995943069458008,0.39936748147010803,0.014888161371234311
723,1.0601439476013184,0.3995943069458008,0.3995943069458008,0.39936748147010803,0.005578659019464292
724,1.060243010520935,0.3995943069458008,0.3995943069458008,0.39936748147010803,0.005704656362667902
725,1.0602582693099976,0.3995943069458008,0.3995943069458008,0.39936748147010803,0.006368233328172507
726,1.0602624416351318,0.3995943069458008,0.3995943069458008,0.39936748147010803,0.006578853547736113
727,1.060254454612732,0.3995943069458008,0.3995943069458008,0.39936748147010803,0.006309963324634223
728,1.0602374076843262,0.3995943069458008,0.3995943069458008,0.39936748147010803,0.00560152335149672
729,1.0602164268493652,0.3995943069458008,0.3995943069458008,0.39936748147010803,0.004539429391515593
730,1.060197114944458,0.3995943069458008,0.3995943069458008,0.39936748147010803,0.003238659750839236
731,1.0601831674575806,0.3995943069458008,0.3995943069458008,0.39936748147010803,0.0018755752949672383
732,1.060181975364685,0.3995943069458008,0.3995943069458008,0.39936748147010803,0.0006572339477075654
733,1.0601578950881958,0.3995943069458008,0.3995943069458008,0.39936748147010803,0.001765692246572544
734,1.0602588653564453,0.3995943069458008,0.3995943069458008,0.39936748147010803,0.0024106999409557583
735,1.0604639053344727,0.3995943069458008,0.3995943069458008,0.39936748147010803,0.00780072246007622
736,1.0602046251296997,0.3995943069458008,0.3995943069458008,0.39936748147010803,0.003739124102103902
737,1.0602099895477295,0.3995943069458008,0.3995943069458008,0.39936748147010803,0.004126936103339575
738,1.0602096319198608,0.3995943069458008,0.3995943069458008,0.39936748147010803,0.004114335807147888
739,1.0602039098739624,0.3995943069458008,0.3995943069458008,0.39936748147010803,0.003736653088532492
740,1.0601955652236938,0.3995943069458008,0.3995943069458008,0.39936748147010803,0.003060357969574579
741,1.0601871013641357,0.3995943069458008,0.3995943069458008,0.39936748147010803,0.0021741647611989733
742,1.0601806640625,0.3995943069458008,0.3995943069458008,0.39936748147010803,0.00118285828387885
743,1.0601780414581299,0.3995943069458008,0.3995943069458008,0.39936748147010803,0.001876489647536583
744,1.0601853132247925,0.3995943069458008,0.3995943069458008,0.39936748147010803,0.001445640017284412
745,1.0601749420166016,0.3995943069458008,0.3995943069458008,0.39936748147010803,0.002657184876568391
746,1.0602400302886963,0.3995943069458008,0.3995943069458008,0.39936748147010803,0.003651261443833041
747,1.0601062774658203,0.3995943069458008,0.3995943069458008,0.39936748147010803,0.0038278562456621457
748,1.0602911710739136,0.3995943069458008,0.3995943069458008,0.39936748147010803,0.004014309975735355
749,1.0602800846099854,0.3995943069458008,0.3995943069458008,0.39936748147010803,0.0042070778465480825
750,1.060158371925354,0.3995943069458008,0.3995943069458008,0.39936748147010803,0.005000532481117788
751,1.060139775276184,0.3995943069458008,0.3995943069458008,0.39936748147010803,0.005712042239647618
752,1.0601073503494263,0.3995943069458008,0.3995943069458008,0.39936748147010803,0.0025709209456615083
753,1.0605093240737915,0.3995943069458008,0.3995943069458008,0.39936748147010803,0.006321246203011451
754,1.060195803642273,0.3995943069458008,0.3995943069458008,0.39936748147010803,0.005186221054064702
755,1.0600372552871704,0.3995943069458008,0.3995943069458008,0.39936748147010803,0.0033662762999315007
756,1.0601338148117065,0.3995943069458008,0.3995943069458008,0.39936748147010803,0.003129273163322968
757,1.0602455139160156,0.3995943069458008,0.3995943069458008,0.39936748147010803,0.0032187608638227323
758,1.0604157447814941,0.3995943069458008,0.3995943069458008,0.39936748147010803,0.004895199671737184
759,1.0602970123291016,0.3995943069458008,0.3995943069458008,0.39936748147010803,0.0034784850592675886
760,1.0603431463241577,0.39249491691589355,0.39249491691589355,0.3925054967403412,0.00549175731564569
761,1.0602227449417114,0.3995943069458008,0.3995943069458008,0.39936748147010803,0.005305404934540371
762,1.060198187828064,0.3995943069458008,0.3995943069458008,0.39936748147010803,0.0052843399813494885
763,1.0602270364761353,0.3995943069458008,0.3995943069458008,0.39936748147010803,0.004376107460613279
764,1.0602043867111206,0.3995943069458008,0.3995943069458008,0.39936748147010803,0.003907445602465969
765,1.06015145778656,0.3995943069458008,0.3995943069458008,0.39936748147010803,0.002049217245405981
766,1.060060739517212,0.3995943069458008,0.3995943069458008,0.39936748147010803,0.0036388795668502514
767,1.0600378513336182,0.3995943069458008,0.3995943069458008,0.39936748147010803,0.007150915852010104
768,1.060491681098938,0.3995943069458008,0.3995943069458008,0.39936748147010803,0.01555119722823354
769,1.061616063117981,0.3995943069458008,0.3995943069458008,0.39936748147010803,0.01972703662143103
770,1.0601787567138672,0.3995943069458008,0.3995943069458008,0.39936748147010803,0.004314700554315094
771,1.060209035873413,0.39249491691589355,0.39249491691589355,0.3925054967403412,0.005934007720005321
772,1.0602385997772217,0.39249491691589355,0.39249491691589355,0.3925054967403412,0.007044945363685724
773,1.0602517127990723,0.39249491691589355,0.39249491691589355,0.3925054967403412,0.0074740445346829516
774,1.0603126287460327,0.39249491691589355,0.39249491691589355,0.3925054967403412,0.007160693094789755
775,1.0602282285690308,0.3995943069458008,0.3995943069458008,0.39936748147010803,0.006035783783556054
776,1.0602084398269653,0.3995943069458008,0.3995943069458008,0.39936748147010803,0.004556936601301627
777,1.0601882934570312,0.3995943069458008,0.3995943069458008,0.39936748147010803,0.002779469383074168
778,1.060179591178894,0.3995943069458008,0.3995943069458008,0.39936748147010803,0.0010853078992755642
779,1.060179591178894,0.3995943069458008,0.3995943069458008,0.39936748147010803,0.0009255363335275856
780,1.0601860284805298,0.3995943069458008,0.3995943069458008,0.39936748147010803,0.0022516461263946195
781,1.0601941347122192,0.3995943069458008,0.3995943069458008,0.39936748147010803,0.0032944582379378106
782,1.0602002143859863,0.3995943069458008,0.3995943069458008,0.39936748147010803,0.003910518540499205
783,1.0602017641067505,0.3995943069458008,0.3995943069458008,0.39936748147010803,0.004071527004701333
784,1.060198426246643,0.3995943069458008,0.3995943069458008,0.39936748147010803,0.0038045389850536373
785,1.0601921081542969,0.3995943069458008,0.3995943069458008,0.39936748147010803,0.0031782911031721516
786,1.0601850748062134,0.3995943069458008,0.3995943069458008,0.39936748147010803,0.0022938095790340464
787,1.0601801872253418,0.3995943069458008,0.3995943069458008,0.39936748147010803,0.0012842362271873044
788,1.060178279876709,0.3995943069458008,0.3995943069458008,0.39936748147010803,0.00041410948296004193
789,1.0601797103881836,0.3995943069458008,0.3995943069458008,0.39936748147010803,0.0009503548828186564
790,1.0601826906204224,0.3995943069458008,0.3995943069458008,0.39936748147010803,0.001716730364537247
791,1.0601862668991089,0.3995943069458008,0.3995943069458008,0.39936748147010803,0.0022971605146485012
792,1.0601880550384521,0.3995943069458008,0.3995943069458008,0.39936748147010803,0.0026192656606074576
793,1.0601882934570312,0.3995943069458008,0.3995943069458008,0.39936748147010803,0.002651335734718007
794,1.0601863861083984,0.3995943069458008,0.3995943069458008,0.39936748147010803,0.002423442441090979
795,1.0601905584335327,0.3995943069458008,0.3995943069458008,0.39936748147010803,0.002037863175370516
796,1.0601797103881836,0.3995943069458008,0.3995943069458008,0.39936748147010803,0.0016949122560982793
797,1.0601794719696045,0.3995943069458008,0.3995943069458008,0.39936748147010803,0.0010323561327447355
798,1.060162901878357,0.3995943069458008,0.3995943069458008,0.39936748147010803,0.0015828434251760656
799,1.0601811408996582,0.3995943069458008,0.3995943069458008,0.39936748147010803,0.0010221966669365337
800,1.0601524114608765,0.3995943069458008,0.3995943069458008,0.39936748147010803,0.0019611965423045065
801,1.0602428913116455,0.3995943069458008,0.3995943069458008,0.39936748147010803,0.0023417724438595847
802,1.0601214170455933,0.3995943069458008,0.3995943069458008,0.39936748147010803,0.0018898510876379363
803,1.0600100755691528,0.3995943069458008,0.3995943069458008,0.39936748147010803,0.0035572023629105286
804,1.0601247549057007,0.3995943069458008,0.3995943069458008,0.39936748147010803,0.0034525622803418476
805,1.060139775276184,0.3995943069458008,0.3995943069458008,0.39936748147010803,0.005211564466802186
806,1.0607448816299438,0.3995943069458008,0.3995943069458008,0.39936748147010803,0.007573718606429465
807,1.0604339838027954,0.3995943069458008,0.3995943069458008,0.39936748147010803,0.005907550978938046
808,1.059800386428833,0.3995943069458008,0.3995943069458008,0.39936748147010803,0.006300233339691029
809,1.0600159168243408,0.3995943069458008,0.3995943069458008,0.39936748147010803,0.004711763686267723
810,1.060276985168457,0.3995943069458008,0.3995943069458008,0.39936748147010803,0.006159925033872913
811,1.0602678060531616,0.3995943069458008,0.3995943069458008,0.39936748147010803,0.006233722481685204
812,1.060098648071289,0.3995943069458008,0.3995943069458008,0.39936748147010803,0.003641397226435255
813,1.0602028369903564,0.3995943069458008,0.3995943069458008,0.39936748147010803,0.004088093264028629
814,1.060208797454834,0.3995943069458008,0.3995943069458008,0.39936748147010803,0.005470133634190627
815,1.0601060390472412,0.3995943069458008,0.3995943069458008,0.39936748147010803,0.0088431157571149
816,1.0605818033218384,0.3995943069458008,0.3995943069458008,0.39936748147010803,0.007523254496014767
817,1.0600674152374268,0.3995943069458008,0.3995943069458008,0.39936748147010803,0.003413878246992699
818,1.0609257221221924,0.39249491691589355,0.39249491691589355,0.3925054967403412,0.013475104952131112
819,1.0603018999099731,0.39249491691589355,0.39249491691589355,0.3925054967403412,0.013060266818275209
820,1.0603646039962769,0.39249491691589355,0.39249491691589355,0.3925054967403412,0.010879789551443642
821,1.0602965354919434,0.39249491691589355,0.39249491691589355,0.3925054967403412,0.009121568843087027
822,1.0602498054504395,0.3995943069458008,0.3995943069458008,0.39936748147010803,0.006675049545081901
823,1.0601948499679565,0.3995943069458008,0.3995943069458008,0.39936748147010803,0.0038079727212978116
824,1.060182809829712,0.3995943069458008,0.3995943069458008,0.39936748147010803,0.001044065050696416
825,1.0601861476898193,0.3995943069458008,0.3995943069458008,0.39936748147010803,0.0019860813888080823
826,1.0602048635482788,0.3995943069458008,0.3995943069458008,0.39936748147010803,0.004190883492985927
827,1.0602269172668457,0.3995943069458008,0.3995943069458008,0.39936748147010803,0.00576055790839136
828,1.0602415800094604,0.3995943069458008,0.3995943069458008,0.39936748147010803,0.006572811670756569
829,1.0602424144744873,0.3995943069458008,0.3995943069458008,0.39936748147010803,0.006616279548468741
830,1.0602303743362427,0.3995943069458008,0.3995943069458008,0.39936748147010803,0.005958826779808678
831,1.0602116584777832,0.3995943069458008,0.3995943069458008,0.39936748147010803,0.004745729625023322
832,1.0601928234100342,0.3995943069458008,0.3995943069458008,0.39936748147010803,0.0031601136953004335
833,1.0601806640625,0.3995943069458008,0.3995943069458008,0.39936748147010803,0.001418031809176462
834,1.0601811408996582,0.3995943069458008,0.3995943069458008,0.39936748147010803,0.0006020433856493091
835,1.0601831674575806,0.3995943069458008,0.3995943069458008,0.39936748147010803,0.0019389320243088676
836,1.0601924657821655,0.3995943069458008,0.3995943069458008,0.39936748147010803,0.0031566822784092332
837,1.0602009296417236,0.3995943069458008,0.3995943069458008,0.39936748147010803,0.003945794269719086
838,1.060205340385437,0.3995943069458008,0.3995943069458008,0.39936748147010803,0.00426893089396409
839,1.060204029083252,0.3995943069458008,0.3995943069458008,0.39936748147010803,0.004141343799869656
840,1.060198426246643,0.3995943069458008,0.3995943069458008,0.39936748147010803,0.0036250281376687555
841,1.0601907968521118,0.3995943069458008,0.3995943069458008,0.39936748147010803,0.002820250505575335
842,1.060184121131897,0.3995943069458008,0.3995943069458008,0.39936748147010803,0.001863791878492238
843,1.0601799488067627,0.3995943069458008,0.3995943069458008,0.39936748147010803,0.0009828027321849946
844,1.0601792335510254,0.3995943069458008,0.3995943069458008,0.39936748147010803,0.0008468846386202889
845,1.0601806640625,0.3995943069458008,0.3995943069458008,0.39936748147010803,0.0014538676203407937
846,1.0601831674575806,0.3995943069458008,0.3995943069458008,0.39936748147010803,0.0020144600805815406
847,1.0601849555969238,0.3995943069458008,0.3995943069458008,0.39936748147010803,0.0023414889594397604
848,1.060187578201294,0.3995943069458008,0.3995943069458008,0.39936748147010803,0.0023836432957725106
849,1.0601850748062134,0.3995943069458008,0.3995943069458008,0.39936748147010803,0.002184800925368281
850,1.0601836442947388,0.3995943069458008,0.3995943069458008,0.39936748147010803,0.0017823550714872987
851,1.060180425643921,0.3995943069458008,0.3995943069458008,0.39936748147010803,0.0011996046321284335
852,1.060178518295288,0.3995943069458008,0.3995943069458008,0.39936748147010803,0.0005739008726557308
853,1.0601781606674194,0.3995943069458008,0.3995943069458008,0.39936748147010803,0.00026405583168916065
854,1.0601786375045776,0.3995943069458008,0.3995943069458008,0.39936748147010803,0.0007489485680073348
855,1.0601799488067627,0.3995943069458008,0.3995943069458008,0.39936748147010803,0.0012001845197598879
856,1.0601810216903687,0.3995943069458008,0.3995943069458008,0.39936748147010803,0.0015043687154980005
857,1.0601816177368164,0.3995943069458008,0.3995943069458008,0.39936748147010803,0.0016400086703063665
858,1.060181736946106,0.3995943069458008,0.3995943069458008,0.39936748147010803,0.0016101345203738922
859,1.0601811408996582,0.3995943069458008,0.3995943069458008,0.39936748147010803,0.0014382422268182883
860,1.0601801872253418,0.3995943069458008,0.3995943069458008,0.39936748147010803,0.0011655426579749938
861,1.060179352760315,0.3995943069458008,0.3995943069458008,0.39936748147010803,0.0008529361178234773
862,1.0601788759231567,0.3995943069458008,0.3995943069458008,0.39936748147010803,0.0005990965257816522
863,1.060178518295288,0.3995943069458008,0.3995943069458008,0.39936748147010803,0.0005459972653060667
864,1.060178518295288,0.3995943069458008,0.3995943069458008,0.39936748147010803,0.0006800471573876508
865,1.0601788759231567,0.3995943069458008,0.3995943069458008,0.39936748147010803,0.0008356948932005144
866,1.0601788759231567,0.3995943069458008,0.3995943069458008,0.39936748147010803,0.00092579199038153
867,1.0601788759231567,0.3995943069458008,0.3995943069458008,0.39936748147010803,0.0009359637060501717
868,1.0601798295974731,0.3995943069458008,0.3995943069458008,0.39936748147010803,0.000864360228177992
869,1.0601788759231567,0.3995943069458008,0.3995943069458008,0.39936748147010803,0.0007001507767865344
870,1.0601774454116821,0.3995943069458008,0.3995943069458008,0.39936748147010803,0.0005041670223416306
871,1.0601742267608643,0.3995943069458008,0.3995943069458008,0.39936748147010803,0.0006144167665221843
872,1.0601900815963745,0.3995943069458008,0.3995943069458008,0.39936748147010803,0.0009788154473777994
873,1.0601893663406372,0.3995943069458008,0.3995943069458008,0.39936748147010803,0.0007158816534384025
874,1.0601813793182373,0.3995943069458008,0.3995943069458008,0.39936748147010803,0.0010573850871967137
875,1.0601806640625,0.3995943069458008,0.3995943069458008,0.39936748147010803,0.0009341064836903614
876,1.0601788759231567,0.3995943069458008,0.3995943069458008,0.39936748147010803,0.0008520753117354057
877,1.0601788759231567,0.3995943069458008,0.3995943069458008,0.39936748147010803,0.0008161163901307969
878,1.0601794719696045,0.3995943069458008,0.3995943069458008,0.39936748147010803,0.0007576183210349618
879,1.0601788759231567,0.3995943069458008,0.3995943069458008,0.39936748147010803,0.0006156050658252896
880,1.0601786375045776,0.3995943069458008,0.3995943069458008,0.39936748147010803,0.0005024974038122304
881,1.0601781606674194,0.3995943069458008,0.3995943069458008,0.39936748147010803,0.000574366469035515
882,1.0601786375045776,0.3995943069458008,0.3995943069458008,0.39936748147010803,0.00043218605566952545
883,1.0601783990859985,0.3995943069458008,0.3995943069458008,0.39936748147010803,0.0003934626275272846
884,1.0601788759231567,0.3995943069458008,0.3995943069458008,0.39936748147010803,0.0007644445857363921
885,1.0601781606674194,0.3995943069458008,0.3995943069458008,0.39936748147010803,0.0004502757560918293
886,1.0601781606674194,0.3995943069458008,0.3995943069458008,0.39936748147010803,0.0004525167692646197
887,1.0601800680160522,0.3995943069458008,0.3995943069458008,0.39936748147010803,0.0006685165011455997
888,1.0601781606674194,0.3995943069458008,0.3995943069458008,0.39936748147010803,0.00032566985299963924
889,1.0601781606674194,0.3995943069458008,0.3995943069458008,0.39936748147010803,0.00025285812966170554
890,1.0601781606674194,0.3995943069458008,0.3995943069458008,0.39936748147010803,0.0002138064375267422
891,1.0601781606674194,0.3995943069458008,0.3995943069458008,0.39936748147010803,0.00023646068639045375
892,1.0601781606674194,0.3995943069458008,0.3995943069458008,0.39936748147010803,0.00029609273306535627
893,1.0601781606674194,0.3995943069458008,0.3995943069458008,0.39936748147010803,0.0003549407329991545
894,1.060178279876709,0.3995943069458008,0.3995943069458008,0.39936748147010803,0.0003960105708797041
895,1.060178279876709,0.3995943069458008,0.3995943069458008,0.39936748147010803,0.00040889470292218506
896,1.060178279876709,0.3995943069458008,0.3995943069458008,0.39936748147010803,0.00041316529678758204
897,1.0601781606674194,0.3995943069458008,0.3995943069458008,0.39936748147010803,0.00037387681604740205
898,1.0601781606674194,0.3995943069458008,0.3995943069458008,0.39936748147010803,0.0003498775478368314
899,1.0601780414581299,0.3995943069458008,0.3995943069458008,0.39936748147010803,0.00031027632813979134
900,1.0601776838302612,0.3995943069458008,0.3995943069458008,0.39936748147010803,0.0003226456732233486
901,1.060177206993103,0.3995943069458008,0.3995943069458008,0.39936748147010803,0.0003223602644397966
902,1.0601829290390015,0.3995943069458008,0.3995943069458008,0.39936748147010803,0.0005614408988238665
903,1.0601810216903687,0.3995943069458008,0.3995943069458008,0.39936748147010803,0.0004963324518935641
904,1.0601786375045776,0.3995943069458008,0.3995943069458008,0.39936748147010803,0.00033700087280541616
905,1.0601779222488403,0.3995943069458008,0.3995943069458008,0.39936748147010803,0.0002736402284473421
906,1.0601780414581299,0.3995943069458008,0.3995943069458008,0.39936748147010803,0.0002666874403634725
907,1.0601781606674194,0.3995943069458008,0.3995943069458008,0.39936748147010803,0.0002604261054536276
908,1.0601787567138672,0.3995943069458008,0.3995943069458008,0.39936748147010803,0.00031140632350864166
909,1.0601779222488403,0.3995943069458008,0.3995943069458008,0.39936748147010803,0.00041899275510647846
910,1.0601754188537598,0.3995943069458008,0.3995943069458008,0.39936748147010803,0.00046541603692507554
911,1.0601776838302612,0.3995943069458008,0.3995943069458008,0.39936748147010803,0.00047333255796892077
912,1.060160517692566,0.3995943069458008,0.3995943069458008,0.39936748147010803,0.0009993853241507056
913,1.0601234436035156,0.3995943069458008,0.3995943069458008,0.39936748147010803,0.0017898237383782596
914,1.0603532791137695,0.3995943069458008,0.3995943069458008,0.39936748147010803,0.0049526260773713375
915,1.0605218410491943,0.3995943069458008,0.3995943069458008,0.39936748147010803,0.007642482962602342
916,1.0601507425308228,0.3995943069458008,0.3995943069458008,0.39936748147010803,0.0030362223218894854
917,1.0601801872253418,0.3995943069458008,0.3995943069458008,0.39936748147010803,0.0016831516804998597
918,1.0601710081100464,0.3995943069458008,0.3995943069458008,0.39936748147010803,0.001977447402613214
919,1.0603220462799072,0.3995943069458008,0.3995943069458008,0.39936748147010803,0.004670699650629588
920,1.0601882934570312,0.3995943069458008,0.3995943069458008,0.39936748147010803,0.0022329642331601497
921,1.0601837635040283,0.3995943069458008,0.3995943069458008,0.39936748147010803,0.0019981765389287726
922,1.0601824522018433,0.3995943069458008,0.3995943069458008,0.39936748147010803,0.001786429415015379
923,1.060180902481079,0.3995943069458008,0.3995943069458008,0.39936748147010803,0.0014363465648500767
924,1.0601794719696045,0.3995943069458008,0.3995943069458008,0.39936748147010803,0.0009877618430922993
925,1.0601786375045776,0.3995943069458008,0.3995943069458008,0.39936748147010803,0.0005335225121923973
926,1.0601783990859985,0.3995943069458008,0.3995943069458008,0.39936748147010803,0.0005192283774956477
927,1.0601781606674194,0.3995943069458008,0.3995943069458008,0.39936748147010803,0.0032612838620419207
928,1.0601434707641602,0.3995943069458008,0.3995943069458008,0.39936748147010803,0.0022902934887522085
929,1.0601611137390137,0.3995943069458008,0.3995943069458008,0.39936748147010803,0.0049514131027814995
930,1.0604491233825684,0.3995943069458008,0.3995943069458008,0.39936748147010803,0.009133390939973738
931,1.0602748394012451,0.39249491691589355,0.39249491691589355,0.3925054967403412,0.0037891297431583435
932,1.0602107048034668,0.39249491691589355,0.39249491691589355,0.3925054967403412,0.005170101556121594
933,1.0602222681045532,0.39249491691589355,0.39249491691589355,0.3925054967403412,0.005900419214805211
934,1.0602222681045532,0.39249491691589355,0.39249491691589355,0.3925054967403412,0.005941212109266486
935,1.0602141618728638,0.3995943069458008,0.3995943069458008,0.39936748147010803,0.005346722904140984
936,1.060202956199646,0.3995943069458008,0.3995943069458008,0.39936748147010803,0.004280477573710552
937,1.060187578201294,0.3995943069458008,0.3995943069458008,0.39936748147010803,0.002844323558527916
938,1.0601783990859985,0.3995943069458008,0.3995943069458008,0.39936748147010803,0.0012973229253473984
939,1.0601778030395508,0.3995943069458008,0.3995943069458008,0.39936748147010803,0.000599758939248408
940,1.0601810216903687,0.3995943069458008,0.3995943069458008,0.39936748147010803,0.0017578422590768656
941,1.0601848363876343,0.3995943069458008,0.3995943069458008,0.39936748147010803,0.002776490495665007
942,1.0601880550384521,0.3995943069458008,0.3995943069458008,0.39936748147010803,0.003459730109459552
943,1.06019926071167,0.3995943069458008,0.3995943069458008,0.39936748147010803,0.003692143864456469
944,1.0601816177368164,0.3995943069458008,0.3995943069458008,0.39936748147010803,0.003927227185489152
945,1.0602025985717773,0.3995943069458008,0.3995943069458008,0.39936748147010803,0.00360586392924407
946,1.0602070093154907,0.3995943069458008,0.3995943069458008,0.39936748147010803,0.004179556193570095
947,1.060179591178894,0.3995943069458008,0.3995943069458008,0.39936748147010803,0.004879315001148628
948,1.060073733329773,0.3995943069458008,0.3995943069458008,0.39936748147010803,0.006589924153619996
949,1.0607537031173706,0.3995943069458008,0.3995943069458008,0.39936748147010803,0.01345413428194378
950,1.060109257698059,0.3995943069458008,0.3995943069458008,0.39936748147010803,0.003717788257064628
951,1.060228705406189,0.39249491691589355,0.39249491691589355,0.3925054967403412,0.0044158749577645675
952,1.0602349042892456,0.39249491691589355,0.39249491691589355,0.3925054967403412,0.006573634304337246
953,1.060219168663025,0.3995943069458008,0.3995943069458008,0.39936748147010803,0.007156689774267702
954,1.0600563287734985,0.3995943069458008,0.3995943069458008,0.39936748147010803,0.00683918617285057
955,1.0605684518814087,0.3995943069458008,0.3995943069458008,0.39936748147010803,0.0064708667346173076
956,1.06103515625,0.3995943069458008,0.3995943069458008,0.39936748147010803,0.01275357083083896
957,1.05977463722229,0.3995943069458008,0.3995943069458008,0.39936748147010803,0.005357248856298452
958,1.0600407123565674,0.3995943069458008,0.3995943069458008,0.39936748147010803,0.005739020798910494
959,1.0611854791641235,0.3995943069458008,0.3995943069458008,0.39936748147010803,0.012980756623571323
960,1.0602749586105347,0.39249491691589355,0.39249491691589355,0.3925054967403412,0.005449323796318318
961,1.060240387916565,0.39249491691589355,0.39249491691589355,0.3925054967403412,0.0072529560037047835
962,1.0602326393127441,0.3995943069458008,0.3995943069458008,0.39936748147010803,0.006429755739840043
963,1.0602091550827026,0.3995943069458008,0.3995943069458008,0.39936748147010803,0.005125828414807465
964,1.0601893663406372,0.3995943069458008,0.3995943069458008,0.39936748147010803,0.0033262870415786657
965,1.0601965188980103,0.3995943069458008,0.3995943069458008,0.39936748147010803,0.0024251701411914252
966,1.0601680278778076,0.3995943069458008,0.3995943069458008,0.39936748147010803,0.002668321410251203
967,1.0602023601531982,0.3995943069458008,0.3995943069458008,0.39936748147010803,0.004181966081406037
968,1.0602138042449951,0.3995943069458008,0.3995943069458008,0.39936748147010803,0.005030183158681321
969,1.060219645500183,0.3995943069458008,0.3995943069458008,0.39936748147010803,0.00533705564496981
970,1.0602492094039917,0.3995943069458008,0.3995943069458008,0.39936748147010803,0.005506674785825784
971,1.0602425336837769,0.3995943069458008,0.3995943069458008,0.39936748147010803,0.0042455377433022485
972,1.0601757764816284,0.3995943069458008,0.3995943069458008,0.39936748147010803,0.002313174749248311
973,1.0601794719696045,0.3995943069458008,0.3995943069458008,0.39936748147010803,0.0011189191072642855
974,1.0601787567138672,0.3995943069458008,0.3995943069458008,0.39936748147010803,0.0006550787399466624
975,1.0601813793182373,0.3995943069458008,0.3995943069458008,0.39936748147010803,0.0016003541620153
976,1.0601848363876343,0.3995943069458008,0.3995943069458008,0.39936748147010803,0.002328955081041521
977,1.0601873397827148,0.3995943069458008,0.3995943069458008,0.39936748147010803,0.002738762360129181
978,1.0601880550384521,0.3995943069458008,0.3995943069458008,0.39936748147010803,0.0028118375229366156
979,1.0601863861083984,0.3995943069458008,0.3995943069458008,0.39936748147010803,0.0025741286684035614
980,1.0601836442947388,0.3995943069458008,0.3995943069458008,0.39936748147010803,0.0020817528953390708
981,1.0601807832717896,0.3995943069458008,0.3995943069458008,0.39936748147010803,0.0014271637676576715
982,1.0601783990859985,0.3995943069458008,0.3995943069458008,0.39936748147010803,0.0006886217478593004
983,1.0601781606674194,0.3995943069458008,0.3995943069458008,0.39936748147010803,0.00021185746910524377
984,1.0601789951324463,0.3995943069458008,0.3995943069458008,0.39936748147010803,0.0007866122713145855
985,1.060180425643921,0.3995943069458008,0.3995943069458008,0.39936748147010803,0.0012751887472659215
986,1.0601810216903687,0.3995943069458008,0.3995943069458008,0.39936748147010803,0.0015656019904765326
987,1.060180902481079,0.3995943069458008,0.3995943069458008,0.39936748147010803,0.0016933014892486016
988,1.0601834058761597,0.3995943069458008,0.3995943069458008,0.39936748147010803,0.00167666792112782
989,1.0601779222488403,0.3995943069458008,0.3995943069458008,0.39936748147010803,0.001525405886209222
990,1.0601756572723389,0.3995943069458008,0.3995943069458008,0.39936748147010803,0.0011270169307308136
991,1.060115098953247,0.3995943069458008,0.3995943069458008,0.39936748147010803,0.0026929790271580686
992,1.060373067855835,0.3995943069458008,0.3995943069458008,0.39936748147010803,0.0057308549846821375
993,1.0602613687515259,0.3995943069458008,0.3995943069458008,0.39936748147010803,0.004349885803329079
994,1.060192584991455,0.3995943069458008,0.3995943069458008,0.39936748147010803,0.0017692235869308972
995,1.0601680278778076,0.3995943069458008,0.3995943069458008,0.39936748147010803,0.001178892517336698
996,1.0601273775100708,0.3995943069458008,0.3995943069458008,0.39936748147010803,0.0023916164822862453
997,1.0603632926940918,0.3995943069458008,0.3995943069458008,0.39936748147010803,0.005139390942191626
998,1.0601394176483154,0.3995943069458008,0.3995943069458008,0.39936748147010803,0.0019604074332368582
999,1.0601885318756104,0.3995943069458008,0.3995943069458008,0.39936748147010803,0.0017977034771058348
1000,1.0602333545684814,0.3995943069458008,0.3995943069458008,0.39936748147010803,0.002629135023238439
1001,1.0601853132247925,0.3995943069458008,0.3995943069458008,0.39936748147010803,0.0039047058248164825
1002,1.0601866245269775,0.3995943069458008,0.3995943069458008,0.39936748147010803,0.00358058425519912
1003,1.0601948499679565,0.3995943069458008,0.3995943069458008,0.39936748147010803,0.0028040739420627683
1004,1.0601439476013184,0.3995943069458008,0.3995943069458008,0.39936748147010803,0.003013799999035339
1005,1.0599461793899536,0.3995943069458008,0.3995943069458008,0.39936748147010803,0.005185093080712693
1006,1.0603415966033936,0.3995943069458008,0.3995943069458008,0.39936748147010803,0.008939896953016618
1007,1.0603169202804565,0.3995943069458008,0.3995943069458008,0.39936748147010803,0.016406922807988913
1008,1.0596225261688232,0.3995943069458008,0.3995943069458008,0.39936748147010803,0.011811699356455435
1009,1.0604459047317505,0.3995943069458008,0.3995943069458008,0.39936748147010803,0.011038065889124236
1010,1.0615569353103638,0.39249491691589355,0.39249491691589355,0.3925054967403412,0.018644893266166473
1011,1.0607819557189941,0.39249491691589355,0.39249491691589355,0.3925054967403412,0.014013076830483268
1012,1.0605928897857666,0.39249491691589355,0.39249491691589355,0.3925054967403412,0.01811451140138341
1013,1.0606186389923096,0.39249491691589355,0.39249491691589355,0.3925054967403412,0.01868573292341835
1014,1.0605496168136597,0.39249491691589355,0.39249491691589355,0.3925054967403412,0.017143602435709657
1015,1.0604145526885986,0.39249491691589355,0.39249491691589355,0.3925054967403412,0.013790267981224468
1016,1.0602339506149292,0.3995943069458008,0.3995943069458008,0.39936748147010803,0.008149754446775917
1017,1.060392141342163,0.3995943069458008,0.3995943069458008,0.39936748147010803,0.00843045069110634
1018,1.060357928276062,0.3995943069458008,0.3995943069458008,0.39936748147010803,0.006909156650638973
1019,1.0603152513504028,0.3995943069458008,0.3995943069458008,0.39936748147010803,0.007186030652727925
1020,1.0605790615081787,0.3995943069458008,0.3995943069458008,0.39936748147010803,0.006642065231608458
1021,1.0601112842559814,0.3995943069458008,0.3995943069458008,0.39936748147010803,0.005835287617431045
1022,1.059904932975769,0.3995943069458008,0.3995943069458008,0.39936748147010803,0.005909096921986434
1023,1.0592570304870605,0.39249491691589355,0.39249491691589355,0.3925054967403412,0.008915053455996209
1024,1.0629667043685913,0.3995943069458008,0.3995943069458008,0.39936748147010803,0.05091147909859307
1025,1.0619992017745972,0.3995943069458008,0.3995943069458008,0.39936748147010803,0.02026226469529803
1026,1.061631441116333,0.3995943069458008,0.3995943069458008,0.39936748147010803,0.02396668607288279
1027,1.0609180927276611,0.3995943069458008,0.3995943069458008,0.39936748147010803,0.021300385979758238
1028,1.060271978378296,0.3995943069458008,0.3995943069458008,0.39936748147010803,0.01697664715212974
1029,1.059921383857727,0.3995943069458008,0.3995943069458008,0.39936748147010803,0.01371707764067133
1030,1.0589032173156738,0.39249491691589355,0.39249491691589355,0.3925054967403412,0.014200906509516885
1031,1.0640816688537598,0.3995943069458008,0.3995943069458008,0.39936748147010803,0.04850903936210976
1032,1.0601376295089722,0.3995943069458008,0.3995943069458008,0.39936748147010803,0.014773115735747067
1033,1.0610007047653198,0.3995943069458008,0.3995943069458008,0.39936748147010803,0.016799229173840215
1034,1.060214877128601,0.3995943069458008,0.3995943069458008,0.39936748147010803,0.009111180327542599
1035,1.0599480867385864,0.3995943069458008,0.3995943069458008,0.39936748147010803,0.00981585381781669
1036,1.0593233108520508,0.3995943069458008,0.3995943069458008,0.39936748147010803,0.008562460174102378
1037,1.061939001083374,0.3995943069458008,0.3995943069458008,0.39936748147010803,0.01985387173069237
1038,1.0601484775543213,0.3995943069458008,0.3995943069458008,0.39936748147010803,0.006245438636281558
1039,1.0604784488677979,0.3995943069458008,0.3995943069458008,0.39936748147010803,0.0068259864842333835
1040,1.0600775480270386,0.3995943069458008,0.3995943069458008,0.39936748147010803,0.006038747667262389
1041,1.0602179765701294,0.3995943069458008,0.3995943069458008,0.39936748147010803,0.0051643703802945785
1042,1.0601940155029297,0.3995943069458008,0.3995943069458008,0.39936748147010803,0.0028460554924421328
1043,1.060192346572876,0.3995943069458008,0.3995943069458008,0.39936748147010803,0.0030065632822007782
1044,1.060196876525879,0.3995943069458008,0.3995943069458008,0.39936748147010803,0.0038030736448811915
1045,1.0602045059204102,0.3995943069458008,0.3995943069458008,0.39936748147010803,0.0045584609686477005
1046,1.0602076053619385,0.3995943069458008,0.3995943069458008,0.39936748147010803,0.004797615398847881
1047,1.0602076053619385,0.3995943069458008,0.3995943069458008,0.39936748147010803,0.004684767748792265
1048,1.0602041482925415,0.3995943069458008,0.3995943069458008,0.39936748147010803,0.004218030282887014
1049,1.060198426246643,0.3995943069458008,0.3995943069458008,0.39936748147010803,0.003527600186518884
1050,1.060192584991455,0.3995943069458008,0.3995943069458008,0.39936748147010803,0.0027915873349851155
1051,1.0601880550384521,0.3995943069458008,0.3995943069458008,0.39936748147010803,0.00222635716842771
1052,1.0601855516433716,0.3995943069458008,0.3995943069458008,0.39936748147010803,0.0020144767398934615
1053,1.0601850748062134,0.3995943069458008,0.3995943069458008,0.39936748147010803,0.0021234950879109402
1054,1.0601848363876343,0.3995943069458008,0.3995943069458008,0.39936748147010803,0.002315811284590845
1055,1.0601856708526611,0.3995943069458008,0.3995943069458008,0.39936748147010803,0.00245960895993627
1056,1.0601866245269775,0.3995943069458008,0.3995943069458008,0.39936748147010803,0.0025125762834974498
1057,1.0601873397827148,0.3995943069458008,0.3995943069458008,0.39936748147010803,0.0024578900535683055
1058,1.060187816619873,0.3995943069458008,0.3995943069458008,0.39936748147010803,0.002371133363631689
1059,1.060187816619873,0.3995943069458008,0.3995943069458008,0.39936748147010803,0.002272898255111869
1060,1.060187578201294,0.3995943069458008,0.3995943069458008,0.39936748147010803,0.002232969070058799
1061,1.0601863861083984,0.3995943069458008,0.3995943069458008,0.39936748147010803,0.0020562615992893237
1062,1.0601848363876343,0.3995943069458008,0.3995943069458008,0.39936748147010803,0.0019032135557107107
1063,1.0601818561553955,0.3995943069458008,0.3995943069458008,0.39936748147010803,0.001725144570196616
1064,1.060179591178894,0.3995943069458008,0.3995943069458008,0.39936748147010803,0.00148551346339686
1065,1.0601811408996582,0.3995943069458008,0.3995943069458008,0.39936748147010803,0.0011856330733942555
1066,1.060186743736267,0.3995943069458008,0.3995943069458008,0.39936748147010803,0.0012070640653166766
1067,1.0601789951324463,0.3995943069458008,0.3995943069458008,0.39936748147010803,0.0009495461019348222
1068,1.0601744651794434,0.3995943069458008,0.3995943069458008,0.39936748147010803,0.0011618735918554487
1069,1.0601811408996582,0.3995943069458008,0.3995943069458008,0.39936748147010803,0.0010169893084599501
1070,1.060170292854309,0.3995943069458008,0.3995943069458008,0.39936748147010803,0.0013437103558373664
1071,1.0601856708526611,0.3995943069458008,0.3995943069458008,0.39936748147010803,0.001172511291507951
1072,1.0601695775985718,0.3995943069458008,0.3995943069458008,0.39936748147010803,0.0016467199183422586
1073,1.0601755380630493,0.3995943069458008,0.3995943069458008,0.39936748147010803,0.0016952254720582571
1074,1.060206413269043,0.3995943069458008,0.3995943069458008,0.39936748147010803,0.001989023549319992
1075,1.0601850748062134,0.3995943069458008,0.3995943069458008,0.39936748147010803,0.0013335109534919527
1076,1.0601887702941895,0.3995943069458008,0.3995943069458008,0.39936748147010803,0.002600183815914091
1077,1.0601692199707031,0.3995943069458008,0.3995943069458008,0.39936748147010803,0.0015237599322150428
1078,1.06016206741333,0.3995943069458008,0.3995943069458008,0.39936748147010803,0.002174577199723745
1079,1.0601478815078735,0.3995943069458008,0.3995943069458008,0.39936748147010803,0.0020361705140867765
1080,1.060197114944458,0.3995943069458008,0.3995943069458008,0.39936748147010803,0.0018065749001279746
1081,1.0602381229400635,0.3995943069458008,0.3995943069458008,0.39936748147010803,0.0030862949218159927
1082,1.0602043867111206,0.3995943069458008,0.3995943069458008,0.39936748147010803,0.0013581359287201259
1083,1.0602093935012817,0.3995943069458008,0.3995943069458008,0.39936748147010803,0.0018154112240005345
1084,1.0601561069488525,0.3995943069458008,0.3995943069458008,0.39936748147010803,0.0016348282125275813
1085,1.0601824522018433,0.3995943069458008,0.3995943069458008,0.39936748147010803,0.002576883767853396
1086,1.0602284669876099,0.3995943069458008,0.3995943069458008,0.39936748147010803,0.0024958267238496448
1087,1.0601919889450073,0.3995943069458008,0.3995943069458008,0.39936748147010803,0.0026650969742931492
1088,1.060178279876709,0.3995943069458008,0.3995943069458008,0.39936748147010803,0.0009011802998162921
1089,1.060179352760315,0.3995943069458008,0.3995943069458008,0.39936748147010803,0.0005402585096897589
1090,1.060186743736267,0.3995943069458008,0.3995943069458008,0.39936748147010803,0.0006829331248975837
1091,1.060177206993103,0.3995943069458008,0.3995943069458008,0.39936748147010803,0.0010140718666069152
1092,1.0601781606674194,0.3995943069458008,0.3995943069458008,0.39936748147010803,0.0003930623745963848
1093,1.0601783990859985,0.3995943069458008,0.3995943069458008,0.39936748147010803,0.0005481593309142231
1094,1.0601781606674194,0.3995943069458008,0.3995943069458008,0.39936748147010803,0.0006631234123726078
1095,1.0601811408996582,0.3995943069458008,0.3995943069458008,0.39936748147010803,0.001328063474911116
1096,1.0601474046707153,0.3995943069458008,0.3995943069458008,0.39936748147010803,0.004789038906036418
1097,1.0603359937667847,0.3995943069458008,0.3995943069458008,0.39936748147010803,0.0054294716076709075
1098,1.0600460767745972,0.3995943069458008,0.3995943069458008,0.39936748147010803,0.004820775125868405
1099,1.0604158639907837,0.3995943069458008,0.3995943069458008,0.39936748147010803,0.007891096346683321
1100,1.0602684020996094,0.39249491691589355,0.39249491691589355,0.3925054967403412,0.00598196785051785
1101,1.0603618621826172,0.39249491691589355,0.39249491691589355,0.3925054967403412,0.007963981709072226
1102,1.0608683824539185,0.39249491691589355,0.39249491691589355,0.3925054967403412,0.014062551577284345
1103,1.0602822303771973,0.3995943069458008,0.3995943069458008,0.39936748147010803,0.0073682265307858565
1104,1.0600194931030273,0.3995943069458008,0.3995943069458008,0.39936748147010803,0.005403913053727401
1105,1.0600526332855225,0.3995943069458008,0.3995943069458008,0.39936748147010803,0.011071360632918822
1106,1.0607750415802002,0.3995943069458008,0.3995943069458008,0.39936748147010803,0.01645234628265211
1107,1.0600446462631226,0.3995943069458008,0.3995943069458008,0.39936748147010803,0.011930675664746454
1108,1.0604978799819946,0.3995943069458008,0.3995943069458008,0.39936748147010803,0.009669191846707172
1109,1.0603783130645752,0.3995943069458008,0.3995943069458008,0.39936748147010803,0.005349808752293552
1110,1.0601544380187988,0.39249491691589355,0.39249491691589355,0.3925054967403412,0.005147835901644471
1111,1.060289978981018,0.39249491691589355,0.39249491691589355,0.3925054967403412,0.010650450379504711
1112,1.0602219104766846,0.39249491691589355,0.39249491691589355,0.3925054967403412,0.009712051903216824
1113,1.0602751970291138,0.39249491691589355,0.39249491691589355,0.3925054967403412,0.007548580093943256
1114,1.0605252981185913,0.3995943069458008,0.3995943069458008,0.39936748147010803,0.0067524322965181955
1115,1.0602941513061523,0.3995943069458008,0.3995943069458008,0.39936748147010803,0.004608109779104695
1116,1.0603116750717163,0.3995943069458008,0.3995943069458008,0.39936748147010803,0.0033587867876941546
1117,1.060098648071289,0.3995943069458008,0.3995943069458008,0.39936748147010803,0.003960354031147635
1118,1.0601074695587158,0.3995943069458008,0.3995943069458008,0.39936748147010803,0.002501435273723795
1119,1.0601563453674316,0.3995943069458008,0.3995943069458008,0.39936748147010803,0.0025615371969460567
1120,1.060235857963562,0.3995943069458008,0.3995943069458008,0.39936748147010803,0.002580386287858288
1121,1.0602258443832397,0.3995943069458008,0.3995943069458008,0.39936748147010803,0.003169418040399636
1122,1.0602564811706543,0.3995943069458008,0.3995943069458008,0.39936748147010803,0.00462443315045502
1123,1.0601863861083984,0.3995943069458008,0.3995943069458008,0.39936748147010803,0.004189454915242647
1124,1.0603262186050415,0.3995943069458008,0.3995943069458008,0.39936748147010803,0.0057640773460707895
1125,1.0601617097854614,0.3995943069458008,0.3995943069458008,0.39936748147010803,0.0021443871964940474
1126,1.0601818561553955,0.3995943069458008,0.3995943069458008,0.39936748147010803,0.0014398028278907126
1127,1.0601811408996582,0.3995943069458008,0.3995943069458008,0.39936748147010803,0.001275401830692311
1128,1.0601818561553955,0.3995943069458008,0.3995943069458008,0.39936748147010803,0.001473600309737928
1129,1.0601826906204224,0.3995943069458008,0.3995943069458008,0.39936748147010803,0.001747432107065701
1130,1.060182809829712,0.3995943069458008,0.3995943069458008,0.39936748147010803,0.0019039872854908332
1131,1.060180425643921,0.3995943069458008,0.3995943069458008,0.39936748147010803,0.0019006311293579302
1132,1.0601729154586792,0.3995943069458008,0.3995943069458008,0.39936748147010803,0.0017974515506599155
1133,1.0602020025253296,0.3995943069458008,0.3995943069458008,0.39936748147010803,0.002154384748154357
1134,1.0600929260253906,0.3995943069458008,0.3995943069458008,0.39936748147010803,0.002622552778931976
1135,1.059822678565979,0.3995943069458008,0.3995943069458008,0.39936748147010803,0.0068155372995538765
1136,1.0610120296478271,0.3995943069458008,0.3995943069458008,0.39936748147010803,0.017440238616557698
1137,1.0601848363876343,0.39249491691589355,0.39249491691589355,0.3925054967403412,0.0062918825159899135
1138,1.059787631034851,0.39249491691589355,0.39249491691589355,0.3925054967403412,0.008859907665513788
1139,1.0602378845214844,0.39249491691589355,0.39249491691589355,0.3925054967403412,0.008871564255744587
1140,1.0600115060806274,0.3995943069458008,0.3995943069458008,0.39936748147010803,0.007154793605914282
1141,1.0602425336837769,0.3995943069458008,0.3995943069458008,0.39936748147010803,0.00590007358467459
1142,1.0601868629455566,0.3995943069458008,0.3995943069458008,0.39936748147010803,0.005233614420123779
1143,1.060240626335144,0.3995943069458008,0.3995943069458008,0.39936748147010803,0.0070230451359622505
1144,1.0602502822875977,0.3995943069458008,0.3995943069458008,0.39936748147010803,0.006145330362396846
1145,1.0602446794509888,0.3995943069458008,0.3995943069458008,0.39936748147010803,0.0060730674585868765
1146,1.0602290630340576,0.3995943069458008,0.3995943069458008,0.39936748147010803,0.005317463493397393
1147,1.0602049827575684,0.3995943069458008,0.3995943069458008,0.39936748147010803,0.004183447408044196
1148,1.0602043867111206,0.3995943069458008,0.3995943069458008,0.39936748147010803,0.0025317873631648252
1149,1.0601866245269775,0.3995943069458008,0.3995943069458008,0.39936748147010803,0.0015684865690271403
1150,1.0601806640625,0.3995943069458008,0.3995943069458008,0.39936748147010803,0.0018682073963930412
1151,1.0602160692214966,0.3995943069458008,0.3995943069458008,0.39936748147010803,0.0035304454961713728
1152,1.060203194618225,0.3995943069458008,0.3995943069458008,0.39936748147010803,0.003875213702419129
1153,1.0602086782455444,0.3995943069458008,0.3995943069458008,0.39936748147010803,0.004199043547822878
1154,1.0602192878723145,0.3995943069458008,0.3995943069458008,0.39936748147010803,0.0040617193632402305
1155,1.060168981552124,0.3995943069458008,0.3995943069458008,0.39936748147010803,0.0033694277156806965
1156,1.060243844985962,0.3995943069458008,0.3995943069458008,0.39936748147010803,0.002932795671921696
1157,1.060295581817627,0.3995943069458008,0.3995943069458008,0.39936748147010803,0.0031931463332661655
1158,1.0603395700454712,0.3995943069458008,0.3995943069458008,0.39936748147010803,0.0034122809556991424
1159,1.0601506233215332,0.3995943069458008,0.3995943069458008,0.39936748147010803,0.001335558377298286
1160,1.0601184368133545,0.3995943069458008,0.3995943069458008,0.39936748147010803,0.002218066469949384
1161,1.0602105855941772,0.3995943069458008,0.3995943069458008,0.39936748147010803,0.0038303134885879367
1162,1.0602247714996338,0.3995943069458008,0.3995943069458008,0.39936748147010803,0.004008940272526401
1163,1.060018539428711,0.3995943069458008,0.3995943069458008,0.39936748147010803,0.004218811731862005
1164,1.0602962970733643,0.3995943069458008,0.3995943069458008,0.39936748147010803,0.004177014163790358
1165,1.0601638555526733,0.3995943069458008,0.3995943069458008,0.39936748147010803,0.0035589147851996035
1166,1.0595840215682983,0.3995943069458008,0.3995943069458008,0.39936748147010803,0.009512617290306414
1167,1.0609441995620728,0.3995943069458008,0.3995943069458008,0.39936748147010803,0.011752796305931628
1168,1.0608915090560913,0.3995943069458008,0.3995943069458008,0.39936748147010803,0.009551834666283484
1169,1.0600534677505493,0.3995943069458008,0.3995943069458008,0.39936748147010803,0.0028435848474002304
1170,1.060421347618103,0.3995943069458008,0.3995943069458008,0.39936748147010803,0.006140215380831334
1171,1.0601783990859985,0.3995943069458008,0.3995943069458008,0.39936748147010803,0.004621172962721475
1172,1.0601990222930908,0.3995943069458008,0.3995943069458008,0.39936748147010803,0.0033259594270742482
1173,1.0601956844329834,0.3995943069458008,0.3995943069458008,0.39936748147010803,0.002975989312550792
1174,1.0601381063461304,0.3995943069458008,0.3995943069458008,0.39936748147010803,0.002643609992175043
1175,1.0600297451019287,0.39249491691589355,0.39249491691589355,0.3925054967403412,0.004257642910556037
1176,1.0600295066833496,0.39249491691589355,0.39249491691589355,0.3925054967403412,0.008053567088832618
1177,1.0605404376983643,0.3995943069458008,0.3995943069458008,0.39936748147010803,0.019061076893720795
1178,1.0603688955307007,0.3995943069458008,0.3995943069458008,0.39936748147010803,0.005698251310688833
1179,1.0602011680603027,0.3995943069458008,0.3995943069458008,0.39936748147010803,0.004242143072080112
1180,1.0602082014083862,0.3995943069458008,0.3995943069458008,0.39936748147010803,0.00770998176846832
1181,1.0602082014083862,0.3995943069458008,0.3995943069458008,0.39936748147010803,0.004777961371549132
1182,1.0602022409439087,0.3995943069458008,0.3995943069458008,0.39936748147010803,0.004210371324420629
1183,1.0601930618286133,0.3995943069458008,0.3995943069458008,0.39936748147010803,0.003232445724958183
1184,1.0601847171783447,0.3995943069458008,0.3995943069458008,0.39936748147010803,0.0020843376886324903
1185,1.060180902481079,0.3995943069458008,0.3995943069458008,0.39936748147010803,0.0011850580955331373
1186,1.0601816177368164,0.3995943069458008,0.3995943069458008,0.39936748147010803,0.0013761877794953405
1187,1.060184359550476,0.3995943069458008,0.3995943069458008,0.39936748147010803,0.002073576300866689
1188,1.060186743736267,0.3995943069458008,0.3995943069458008,0.39936748147010803,0.0027629407767325444
1189,1.0601749420166016,0.3995943069458008,0.3995943069458008,0.39936748147010803,0.0025927264993600837
1190,1.0601673126220703,0.3995943069458008,0.3995943069458008,0.39936748147010803,0.0034465693986121698
1191,1.0602670907974243,0.3995943069458008,0.3995943069458008,0.39936748147010803,0.0051590104853709825
1192,1.0600461959838867,0.3995943069458008,0.3995943069458008,0.39936748147010803,0.0030062773136121782
1193,1.0595343112945557,0.3995943069458008,0.3995943069458008,0.39936748147010803,0.0072058672124292854
1194,1.0597631931304932,0.3995943069458008,0.3995943069458008,0.39936748147010803,0.01600081060050001
1195,1.0639365911483765,0.39249491691589355,0.39249491691589355,0.3925054967403412,0.033702217567533284
1196,1.0611252784729004,0.39249491691589355,0.39249491691589355,0.3925054967403412,0.016932262137068426
1197,1.0602717399597168,0.39249491691589355,0.39249491691589355,0.3925054967403412,0.009399578194917305
1198,1.0602294206619263,0.39249491691589355,0.39249491691589355,0.3925054967403412,0.005957697451705677
1199,1.0602203607559204,0.3995943069458008,0.3995943069458008,0.39936748147010803,0.0055889786686434744
1200,1.0602096319198608,0.3995943069458008,0.3995943069458008,0.39936748147010803,0.004559783003694852
1201,1.0601882934570312,0.3995943069458008,0.3995943069458008,0.39936748147010803,0.003093725749513737
1202,1.060149908065796,0.3995943069458008,0.3995943069458008,0.39936748147010803,0.0024090151780207522
1203,1.0602262020111084,0.3995943069458008,0.3995943069458008,0.39936748147010803,0.004885976593287042
1204,1.0602233409881592,0.3995943069458008,0.3995943069458008,0.39936748147010803,0.007239110335115913
1205,1.0602210760116577,0.3995943069458008,0.3995943069458008,0.39936748147010803,0.00553122692901053
1206,1.060190200805664,0.3995943069458008,0.3995943069458008,0.39936748147010803,0.003371786839134445
1207,1.060201644897461,0.3995943069458008,0.3995943069458008,0.39936748147010803,0.0034679056021504
1208,1.060207486152649,0.3995943069458008,0.3995943069458008,0.39936748147010803,0.00396982208040139
1209,1.0602059364318848,0.3995943069458008,0.3995943069458008,0.39936748147010803,0.0039746589782415674
1210,1.0601990222930908,0.3995943069458008,0.3995943069458008,0.39936748147010803,0.0056798308737878505
1211,1.0601452589035034,0.3995943069458008,0.3995943069458008,0.39936748147010803,0.003328049670198987
1212,1.0599268674850464,0.3995943069458008,0.3995943069458008,0.39936748147010803,0.0064006284189326995
1213,1.0604090690612793,0.3995943069458008,0.3995943069458008,0.39936748147010803,0.011490476282731388
1214,1.060219168663025,0.3995943069458008,0.3995943069458008,0.39936748147010803,0.008507295212840939
1215,1.0604790449142456,0.3995943069458008,0.3995943069458008,0.39936748147010803,0.010430462187586044
1216,1.0602554082870483,0.39249491691589355,0.39249491691589355,0.3925054967403412,0.004648890187382663
1217,1.0606328248977661,0.3995943069458008,0.3995943069458008,0.39936748147010803,0.01165044161737836
1218,1.0601928234100342,0.39249491691589355,0.39249491691589355,0.3925054967403412,0.005523687322941606
1219,1.0602734088897705,0.3995943069458008,0.3995943069458008,0.39936748147010803,0.006768490968904189
1220,1.0601849555969238,0.3995943069458008,0.3995943069458008,0.39936748147010803,0.0056774479185028185
1221,1.0604718923568726,0.3995943069458008,0.3995943069458008,0.39936748147010803,0.005973537302538811
1222,1.0599263906478882,0.3995943069458008,0.3995943069458008,0.39936748147010803,0.004383895499962109
1223,1.0601398944854736,0.3995943069458008,0.3995943069458008,0.39936748147010803,0.001611408909766986
1224,1.0600169897079468,0.3995943069458008,0.3995943069458008,0.39936748147010803,0.003983751617577248
1225,1.060633897781372,0.3995943069458008,0.3995943069458008,0.39936748147010803,0.013480347331685382
1226,1.0604783296585083,0.3995943069458008,0.3995943069458008,0.39936748147010803,0.0057325083526981215
1227,1.0599709749221802,0.39249491691589355,0.39249491691589355,0.3925054967403412,0.007094137747751664
1228,1.0599969625473022,0.3995943069458008,0.3995943069458008,0.39936748147010803,0.00806199385272874
1229,1.0605031251907349,0.3995943069458008,0.3995943069458008,0.39936748147010803,0.006357486311810642
1230,1.0603101253509521,0.3995943069458008,0.3995943069458008,0.39936748147010803,0.004279974388378943
1231,1.060450792312622,0.3995943069458008,0.3995943069458008,0.39936748147010803,0.005862518883871501
1232,1.0602971315383911,0.3995943069458008,0.3995943069458008,0.39936748147010803,0.005307058824337469
1233,1.0601848363876343,0.3995943069458008,0.3995943069458008,0.39936748147010803,0.003589865943967802
1234,1.0601249933242798,0.3995943069458008,0.3995943069458008,0.39936748147010803,0.002788592357289638
1235,1.060238003730774,0.3995943069458008,0.3995943069458008,0.39936748147010803,0.002944065390413109
1236,1.0596961975097656,0.39249491691589355,0.39249491691589355,0.3925054967403412,0.007545539227102758
1237,1.0608739852905273,0.39249491691589355,0.39249491691589355,0.3925054967403412,0.017626560667519966
1238,1.0592889785766602,0.3995943069458008,0.3995943069458008,0.39936748147010803,0.008392686505021313
1239,1.0602353811264038,0.3995943069458008,0.3995943069458008,0.39936748147010803,0.010935082471014572
1240,1.062159538269043,0.3995943069458008,0.3995943069458008,0.39936748147010803,0.018018034560663865
1241,1.0600616931915283,0.3995943069458008,0.3995943069458008,0.39936748147010803,0.02178108888220857
1242,1.060386300086975,0.3995943069458008,0.3995943069458008,0.39936748147010803,0.024939993495155785
1243,1.0610997676849365,0.3995943069458008,0.3995943069458008,0.39936748147010803,0.01577937844701296
1244,1.0606873035430908,0.3995943069458008,0.3995943069458008,0.39936748147010803,0.011203562563234164
1245,1.0603606700897217,0.3995943069458008,0.3995943069458008,0.39936748147010803,0.00752150764450526
1246,1.0601943731307983,0.3995943069458008,0.3995943069458008,0.39936748147010803,0.0035055438572063617
1247,1.0601880550384521,0.39249491691589355,0.39249491691589355,0.3925054967403412,0.0025065982206623092
1248,1.0602363348007202,0.39249491691589355,0.39249491691589355,0.3925054967403412,0.006579474595397714
1249,1.0602996349334717,0.39249491691589355,0.39249491691589355,0.3925054967403412,0.009607489905161557
1250,1.0603376626968384,0.39249491691589355,0.39249491691589355,0.3925054967403412,0.011065799452854859
1251,1.0603272914886475,0.39249491691589355,0.39249491691589355,0.3925054967403412,0.01096983479527754
1252,1.060312032699585,0.39249491691589355,0.39249491691589355,0.3925054967403412,0.00875441273035749
1253,1.060187578201294,0.3995943069458008,0.3995943069458008,0.39936748147010803,0.006414150446534245
1254,1.060083031654358,0.3995943069458008,0.3995943069458008,0.39936748147010803,0.0018871507998050594
1255,1.060904622077942,0.3995943069458008,0.3995943069458008,0.39936748147010803,0.018857860215991694
1256,1.0600006580352783,0.3995943069458008,0.3995943069458008,0.39936748147010803,0.006304059409761136
1257,1.060239315032959,0.3995943069458008,0.3995943069458008,0.39936748147010803,0.003162713730822822
1258,1.060187578201294,0.3995943069458008,0.3995943069458008,0.39936748147010803,0.0017864169216573517
1259,1.0601940155029297,0.3995943069458008,0.3995943069458008,0.39936748147010803,0.001636929239293536
1260,1.0601805448532104,0.3995943069458008,0.3995943069458008,0.39936748147010803,0.0013686103621777307
1261,1.0601807832717896,0.3995943069458008,0.3995943069458008,0.39936748147010803,0.001319009506591057
1262,1.0601811408996582,0.3995943069458008,0.3995943069458008,0.39936748147010803,0.0013200316086817707
1263,1.0601816177368164,0.3995943069458008,0.3995943069458008,0.39936748147010803,0.0013690474054745862
1264,1.0601823329925537,0.3995943069458008,0.3995943069458008,0.39936748147010803,0.0014420417885035945
1265,1.0601820945739746,0.3995943069458008,0.3995943069458008,0.39936748147010803,0.0014983884584262677
1266,1.0601818561553955,0.3995943069458008,0.3995943069458008,0.39936748147010803,0.001500188614522827
1267,1.0601811408996582,0.3995943069458008,0.3995943069458008,0.39936748147010803,0.004025477801743322
1268,1.0601801872253418,0.3995943069458008,0.3995943069458008,0.39936748147010803,0.001254972085570165
1269,1.0601792335510254,0.3995943069458008,0.3995943069458008,0.39936748147010803,0.001045105772526891
1270,1.0601797103881836,0.3995943069458008,0.3995943069458008,0.39936748147010803,0.0008457581341447084
1271,1.0601814985275269,0.3995943069458008,0.3995943069458008,0.39936748147010803,0.001924814884708516
1272,1.0601781606674194,0.3995943069458008,0.3995943069458008,0.39936748147010803,0.0002514825141474071
1273,1.060178279876709,0.3995943069458008,0.3995943069458008,0.39936748147010803,0.0008313368296960971
1274,1.060184121131897,0.3995943069458008,0.3995943069458008,0.39936748147010803,0.0010307665483704626
1275,1.0601829290390015,0.3995943069458008,0.3995943069458008,0.39936748147010803,0.0010018188593331192
1276,1.0601792335510254,0.3995943069458008,0.3995943069458008,0.39936748147010803,0.0009030428076897961
1277,1.0601788759231567,0.3995943069458008,0.3995943069458008,0.39936748147010803,0.0008636277290868901
1278,1.0601787567138672,0.3995943069458008,0.3995943069458008,0.39936748147010803,0.0007402914727367671
1279,1.060178518295288,0.3995943069458008,0.3995943069458008,0.39936748147010803,0.0005738363817952502
1280,1.0601783990859985,0.3995943069458008,0.3995943069458008,0.39936748147010803,0.00044289765151308
1281,1.0601783990859985,0.3995943069458008,0.3995943069458008,0.39936748147010803,0.0004475582469602166
1282,1.060178518295288,0.3995943069458008,0.3995943069458008,0.39936748147010803,0.0005669274616091424
1283,1.0601788759231567,0.3995943069458008,0.3995943069458008,0.39936748147010803,0.0006967652439867866
1284,1.0601789951324463,0.3995943069458008,0.3995943069458008,0.39936748147010803,0.000777953835827216
1285,1.0601788759231567,0.3995943069458008,0.3995943069458008,0.39936748147010803,0.0011452825595889972
1286,1.0601787567138672,0.3995943069458008,0.3995943069458008,0.39936748147010803,0.0007350602044322183
1287,1.0601783990859985,0.3995943069458008,0.3995943069458008,0.39936748147010803,0.0006165688081963246
1288,1.060178279876709,0.3995943069458008,0.3995943069458008,0.39936748147010803,0.0004680361314695058
1289,1.0601781606674194,0.3995943069458008,0.3995943069458008,0.39936748147010803,0.00031956636576098
1290,1.0601754188537598,0.3995943069458008,0.3995943069458008,0.39936748147010803,0.0005610355358857842
1291,1.0601783990859985,0.3995943069458008,0.3995943069458008,0.39936748147010803,0.0006114240734930254
1292,1.0601751804351807,0.3995943069458008,0.3995943069458008,0.39936748147010803,0.0006508962820098528
1293,1.0601788759231567,0.3995943069458008,0.3995943069458008,0.39936748147010803,0.000674225808593541
1294,1.060154676437378,0.3995943069458008,0.3995943069458008,0.39936748147010803,0.001752425330974585
1295,1.06022047996521,0.3995943069458008,0.3995943069458008,0.39936748147010803,0.0020619803179078217
1296,1.0601797103881836,0.3995943069458008,0.3995943069458008,0.39936748147010803,0.0021991203487851446
1297,1.0601239204406738,0.3995943069458008,0.3995943069458008,0.39936748147010803,0.002041906242488391
1298,1.0602540969848633,0.3995943069458008,0.3995943069458008,0.39936748147010803,0.0022529578002390706
1299,1.0598952770233154,0.3995943069458008,0.3995943069458008,0.39936748147010803,0.0064193328888977
1300,1.0595273971557617,0.3995943069458008,0.3995943069458008,0.39936748147010803,0.008874409231809462
1301,1.0611475706100464,0.3995943069458008,0.3995943069458008,0.39936748147010803,0.013966518909360308
1302,1.059688925743103,0.3995943069458008,0.3995943069458008,0.39936748147010803,0.00983481988309247
1303,1.0608733892440796,0.3995943069458008,0.3995943069458008,0.39936748147010803,0.016230572940524667
1304,1.0603110790252686,0.3995943069458008,0.3995943069458008,0.39936748147010803,0.013296230518333209
1305,1.0603017807006836,0.3995943069458008,0.3995943069458008,0.39936748147010803,0.009674831899617148
1306,1.0604246854782104,0.39249491691589355,0.39249491691589355,0.3925054967403412,0.014936256282240231
1307,1.060263752937317,0.39249491691589355,0.39249491691589355,0.3925054967403412,0.008265403025128263
1308,1.0602457523345947,0.39249491691589355,0.39249491691589355,0.3925054967403412,0.006525928785256682
1309,1.0603184700012207,0.3995943069458008,0.3995943069458008,0.39936748147010803,0.006514744963408539
1310,1.0599404573440552,0.3995943069458008,0.3995943069458008,0.39936748147010803,0.00520893861214543
1311,1.060383677482605,0.3995943069458008,0.3995943069458008,0.39936748147010803,0.014708966321579435
1312,1.0608264207839966,0.39249491691589355,0.39249491691589355,0.3925054967403412,0.013012915865077794
1313,1.0608638525009155,0.3995943069458008,0.3995943069458008,0.39936748147010803,0.025562653920905086
1314,1.060383915901184,0.3995943069458008,0.3995943069458008,0.39936748147010803,0.00816527982640785
1315,1.0606523752212524,0.3995943069458008,0.3995943069458008,0.39936748147010803,0.008261948557948609
1316,1.0600018501281738,0.3995943069458008,0.3995943069458008,0.39936748147010803,0.00683508157203655
1317,1.0606542825698853,0.3995943069458008,0.3995943069458008,0.39936748147010803,0.006733542249831081
1318,1.0602494478225708,0.39249491691589355,0.39249491691589355,0.3925054967403412,0.005441577942366928
1319,1.0602326393127441,0.3995943069458008,0.3995943069458008,0.39936748147010803,0.006989184774410915
1320,1.0602812767028809,0.3995943069458008,0.3995943069458008,0.39936748147010803,0.005427281034278449
1321,1.0601820945739746,0.3995943069458008,0.3995943069458008,0.39936748147010803,0.003992276373948516
1322,1.060265064239502,0.3995943069458008,0.3995943069458008,0.39936748147010803,0.004038310143990307
1323,1.060165524482727,0.3995943069458008,0.3995943069458008,0.39936748147010803,0.0029325718913214976
1324,1.0601797103881836,0.3995943069458008,0.3995943069458008,0.39936748147010803,0.001860314699420154
1325,1.0602190494537354,0.3995943069458008,0.3995943069458008,0.39936748147010803,0.006547887321198417
1326,1.0601937770843506,0.3995943069458008,0.3995943069458008,0.39936748147010803,0.003686433985109137
1327,1.060194492340088,0.3995943069458008,0.3995943069458008,0.39936748147010803,0.004145212470361113
1328,1.0601942539215088,0.3995943069458008,0.3995943069458008,0.39936748147010803,0.0043337027178158155
1329,1.0602067708969116,0.3995943069458008,0.3995943069458008,0.39936748147010803,0.004159908146927491
1330,1.0602691173553467,0.3995943069458008,0.3995943069458008,0.39936748147010803,0.004056357409812416
1331,1.0601856708526611,0.3995943069458008,0.3995943069458008,0.39936748147010803,0.0009871110545822256
1332,1.060166835784912,0.3995943069458008,0.3995943069458008,0.39936748147010803,0.0028723678858086766
1333,1.0601004362106323,0.39249491691589355,0.39249491691589355,0.3925054967403412,0.004531773181310183
1334,1.060339331626892,0.3995943069458008,0.3995943069458008,0.39936748147010803,0.01062425090440034
1335,1.0606168508529663,0.3995943069458008,0.3995943069458008,0.39936748147010803,0.008055717633209471
1336,1.060583233833313,0.3995943069458008,0.3995943069458008,0.39936748147010803,0.011245267318640546
1337,1.0601903200149536,0.3995943069458008,0.3995943069458008,0.39936748147010803,0.003134307909812997
1338,1.0601826906204224,0.3995943069458008,0.3995943069458008,0.39936748147010803,0.0030088832594891944
1339,1.0601929426193237,0.3995943069458008,0.3995943069458008,0.39936748147010803,0.0025936652306015225
1340,1.0602385997772217,0.3995943069458008,0.3995943069458008,0.39936748147010803,0.0026664449951664
1341,1.0601927042007446,0.3995943069458008,0.3995943069458008,0.39936748147010803,0.0017811276993115576
1342,1.0601987838745117,0.3995943069458008,0.3995943069458008,0.39936748147010803,0.0019760888578815956
1343,1.060173749923706,0.3995943069458008,0.3995943069458008,0.39936748147010803,0.0014858191940408556
1344,1.0601836442947388,0.3995943069458008,0.3995943069458008,0.39936748147010803,0.0014750569548157117
1345,1.0601788759231567,0.3995943069458008,0.3995943069458008,0.39936748147010803,0.00199737200155167
1346,1.0601893663406372,0.3995943069458008,0.3995943069458008,0.39936748147010803,0.0022297374645565207
1347,1.0602428913116455,0.3995943069458008,0.3995943069458008,0.39936748147010803,0.004326588174638897
1348,1.0601269006729126,0.3995943069458008,0.3995943069458008,0.39936748147010803,0.006153662258207587
1349,1.0603015422821045,0.3995943069458008,0.3995943069458008,0.39936748147010803,0.007983435998421407
1350,1.0603092908859253,0.3995943069458008,0.3995943069458008,0.39936748147010803,0.004912945092408529
1351,1.0602039098739624,0.3995943069458008,0.3995943069458008,0.39936748147010803,0.004029736342922065
1352,1.0602093935012817,0.3995943069458008,0.3995943069458008,0.39936748147010803,0.00618202834881856
1353,1.060206651687622,0.3995943069458008,0.3995943069458008,0.39936748147010803,0.005476881178912023
1354,1.06031334400177,0.3995943069458008,0.3995943069458008,0.39936748147010803,0.006426854160955651
1355,1.0601270198822021,0.3995943069458008,0.3995943069458008,0.39936748147010803,0.005131150841268255
1356,1.0601091384887695,0.3995943069458008,0.3995943069458008,0.39936748147010803,0.005078487220380388
1357,1.059751272201538,0.3995943069458008,0.3995943069458008,0.39936748147010803,0.005398449902717939
1358,1.0616174936294556,0.3995943069458008,0.3995943069458008,0.39936748147010803,0.026651374353578408
1359,1.0599439144134521,0.3995943069458008,0.3995943069458008,0.39936748147010803,0.005285524773224
1360,1.0600425004959106,0.3995943069458008,0.3995943069458008,0.39936748147010803,0.005267482142585278
1361,1.061234951019287,0.3995943069458008,0.3995943069458008,0.39936748147010803,0.014471098990068498
1362,1.061240792274475,0.39249491691589355,0.39249491691589355,0.3925054967403412,0.012788165104373944
1363,1.060313105583191,0.3995943069458008,0.3995943069458008,0.39936748147010803,0.011289552981744723
1364,1.0609091520309448,0.39249491691589355,0.39249491691589355,0.3925054967403412,0.010797878627989728
1365,1.0608021020889282,0.39249491691589355,0.39249491691589355,0.3925054967403412,0.011402339646512846
1366,1.0600289106369019,0.3995943069458008,0.3995943069458008,0.39936748147010803,0.011252296001800402
1367,1.0605225563049316,0.3995943069458008,0.3995943069458008,0.39936748147010803,0.00924346744242851
1368,1.0599305629730225,0.3995943069458008,0.3995943069458008,0.39936748147010803,0.006615974857922465
1369,1.060046911239624,0.3995943069458008,0.3995943069458008,0.39936748147010803,0.007556781818476756
1370,1.0612610578536987,0.3995943069458008,0.3995943069458008,0.39936748147010803,0.018870460125855974
1371,1.0603753328323364,0.3995943069458008,0.3995943069458008,0.39936748147010803,0.00482150794129836
1372,1.0601955652236938,0.3995943069458008,0.3995943069458008,0.39936748147010803,0.003297802225373682
1373,1.0601521730422974,0.3995943069458008,0.3995943069458008,0.39936748147010803,0.0028217364569671803
1374,1.0602809190750122,0.3995943069458008,0.3995943069458008,0.39936748147010803,0.005338537776334428
1375,1.0602043867111206,0.3995943069458008,0.3995943069458008,0.39936748147010803,0.004381337838770186
1376,1.0600919723510742,0.3995943069458008,0.3995943069458008,0.39936748147010803,0.0060425820825406144
1377,1.0607174634933472,0.39249491691589355,0.39249491691589355,0.3925054967403412,0.019758917497683205
1378,1.060450553894043,0.39249491691589355,0.39249491691589355,0.3925054967403412,0.011020152868186181
1379,1.060004711151123,0.3995943069458008,0.3995943069458008,0.39936748147010803,0.010550194871798263
1380,1.0607200860977173,0.3995943069458008,0.3995943069458008,0.39936748147010803,0.013400761764248677
1381,1.0604939460754395,0.3995943069458008,0.3995943069458008,0.39936748147010803,0.007261117111493676
1382,1.0599392652511597,0.3995943069458008,0.3995943069458008,0.39936748147010803,0.008110646585926641
1383,1.060558557510376,0.3995943069458008,0.3995943069458008,0.39936748147010803,0.009053825061435702
1384,1.0603787899017334,0.3995943069458008,0.3995943069458008,0.39936748147010803,0.00868208970981666
1385,1.060535192489624,0.3995943069458008,0.3995943069458008,0.39936748147010803,0.00905854293995561
1386,1.0608806610107422,0.3995943069458008,0.3995943069458008,0.39936748147010803,0.01816678448242886
1387,1.0601868629455566,0.3995943069458008,0.3995943069458008,0.39936748147010803,0.0019689199364807436
1388,1.060208797454834,0.3995943069458008,0.3995943069458008,0.39936748147010803,0.00420350308928163
1389,1.0602076053619385,0.39249491691589355,0.39249491691589355,0.3925054967403412,0.004868414766984482
1390,1.0602123737335205,0.3995943069458008,0.3995943069458008,0.39936748147010803,0.005213656631937358
1391,1.060206651687622,0.3995943069458008,0.3995943069458008,0.39936748147010803,0.0048031721223124706
1392,1.0601977109909058,0.3995943069458008,0.3995943069458008,0.39936748147010803,0.0037953524105208435
1393,1.0601863861083984,0.3995943069458008,0.3995943069458008,0.39936748147010803,0.0023043751021650594
1394,1.0601779222488403,0.3995943069458008,0.3995943069458008,0.39936748147010803,0.0008293517938265168
1395,1.0601837635040283,0.3995943069458008,0.3995943069458008,0.39936748147010803,0.0013498468817330753
1396,1.0601829290390015,0.3995943069458008,0.3995943069458008,0.39936748147010803,0.0024179055320394274
1397,1.0601882934570312,0.3995943069458008,0.3995943069458008,0.39936748147010803,0.003261034317293975
1398,1.0601904392242432,0.3995943069458008,0.3995943069458008,0.39936748147010803,0.004415035443417593
1399,1.0601475238800049,0.3995943069458008,0.3995943069458008,0.39936748147010803,0.00480555923657095
1400,1.060205101966858,0.3995943069458008,0.3995943069458008,0.39936748147010803,0.00664541769955663
1401,1.060238003730774,0.3995943069458008,0.3995943069458008,0.39936748147010803,0.006260129921512368
1402,1.0603201389312744,0.3995943069458008,0.3995943069458008,0.39936748147010803,0.004584563143528285
1403,1.0602173805236816,0.3995943069458008,0.3995943069458008,0.39936748147010803,0.004776667970659604
1404,1.0601756572723389,0.3995943069458008,0.3995943069458008,0.39936748147010803,0.0042881432420101605
1405,1.060202717781067,0.3995943069458008,0.3995943069458008,0.39936748147010803,0.004425617304811648
1406,1.060586929321289,0.3995943069458008,0.3995943069458008,0.39936748147010803,0.013660448444353554
1407,1.060224175453186,0.3995943069458008,0.3995943069458008,0.39936748147010803,0.005872540684009663
1408,1.0604138374328613,0.39249491691589355,0.39249491691589355,0.3925054967403412,0.00504939768901857
1409,1.060257911682129,0.39249491691589355,0.39249491691589355,0.3925054967403412,0.0082740731779652
1410,1.0601502656936646,0.3995943069458008,0.3995943069458008,0.39936748147010803,0.007310060453891611
1411,1.0601600408554077,0.3995943069458008,0.3995943069458008,0.39936748147010803,0.0064981873740790385
1412,1.0604864358901978,0.3995943069458008,0.3995943069458008,0.39936748147010803,0.006417204761766438
1413,1.0604643821716309,0.3995943069458008,0.3995943069458008,0.39936748147010803,0.008811379218136073
1414,1.0603829622268677,0.3995943069458008,0.3995943069458008,0.39936748147010803,0.011738885891174923
1415,1.060394048690796,0.3995943069458008,0.3995943069458008,0.39936748147010803,0.007415434608426876
1416,1.06016206741333,0.3995943069458008,0.3995943069458008,0.39936748147010803,0.005018749740320372
1417,1.060090184211731,0.3995943069458008,0.3995943069458008,0.39936748147010803,0.004151784219618976
1418,1.0602388381958008,0.3995943069458008,0.3995943069458008,0.39936748147010803,0.006849150989247341
1419,1.0614018440246582,0.3995943069458008,0.3995943069458008,0.39936748147010803,0.014997565549273784
1420,1.0603834390640259,0.3995943069458008,0.3995943069458008,0.39936748147010803,0.007087040326818311
1421,1.0601921081542969,0.3995943069458008,0.3995943069458008,0.39936748147010803,0.005471051343081363
1422,1.0603920221328735,0.3995943069458008,0.3995943069458008,0.39936748147010803,0.005965444437996532
1423,1.0601682662963867,0.3995943069458008,0.3995943069458008,0.39936748147010803,0.004279834887956017
1424,1.0600905418395996,0.3995943069458008,0.3995943069458008,0.39936748147010803,0.004556116507157504
1425,1.0601643323898315,0.3995943069458008,0.3995943069458008,0.39936748147010803,0.0038578917923246243
1426,1.0602245330810547,0.3995943069458008,0.3995943069458008,0.39936748147010803,0.010809589082980225
1427,1.060698390007019,0.3995943069458008,0.3995943069458008,0.39936748147010803,0.013245679275129136
1428,1.060261607170105,0.3995943069458008,0.3995943069458008,0.39936748147010803,0.006102609523270615
1429,1.0601383447647095,0.39249491691589355,0.39249491691589355,0.3925054967403412,0.004118543793119665
1430,1.0601669549942017,0.39249491691589355,0.39249491691589355,0.3925054967403412,0.0076171651081141795
1431,1.0602225065231323,0.39249491691589355,0.39249491691589355,0.3925054967403412,0.00753338640721936
1432,1.060010313987732,0.3995943069458008,0.3995943069458008,0.39936748147010803,0.006877255961875012
1433,1.0613324642181396,0.39249491691589355,0.39249491691589355,0.3925054967403412,0.029506690057862446
1434,1.0601742267608643,0.3995943069458008,0.3995943069458008,0.39936748147010803,0.010556753577721897
1435,1.0604029893875122,0.3995943069458008,0.3995943069458008,0.39936748147010803,0.011317258875369171
1436,1.0602918863296509,0.3995943069458008,0.3995943069458008,0.39936748147010803,0.006847357427616595
1437,1.0599197149276733,0.3995943069458008,0.3995943069458008,0.39936748147010803,0.005611671610747765
1438,1.061301827430725,0.3995943069458008,0.3995943069458008,0.39936748147010803,0.011395182351197177
1439,1.0596981048583984,0.3995943069458008,0.3995943069458008,0.39936748147010803,0.0071696548176622505
1440,1.0605144500732422,0.3995943069458008,0.3995943069458008,0.39936748147010803,0.010958681230845993
1441,1.060261845588684,0.3995943069458008,0.3995943069458008,0.39936748147010803,0.007232323386552237
1442,1.060213327407837,0.3995943069458008,0.3995943069458008,0.39936748147010803,0.006485139707038611
1443,1.060288667678833,0.3995943069458008,0.3995943069458008,0.39936748147010803,0.006711337363882167
1444,1.0602792501449585,0.3995943069458008,0.3995943069458008,0.39936748147010803,0.0032771407661908725
1445,1.0603569746017456,0.3995943069458008,0.3995943069458008,0.39936748147010803,0.00322788661106432
1446,1.0602165460586548,0.3995943069458008,0.3995943069458008,0.39936748147010803,0.00262254195976525
1447,1.0601806640625,0.3995943069458008,0.3995943069458008,0.39936748147010803,0.0012924418700090276
1448,1.0601848363876343,0.3995943069458008,0.3995943069458008,0.39936748147010803,0.002403053324219101
1449,1.060188889503479,0.3995943069458008,0.3995943069458008,0.39936748147010803,0.0030532149328849493
1450,1.0601993799209595,0.3995943069458008,0.3995943069458008,0.39936748147010803,0.0031815192568516227
1451,1.0601916313171387,0.3995943069458008,0.3995943069458008,0.39936748147010803,0.003172498335272683
1452,1.0601848363876343,0.3995943069458008,0.3995943069458008,0.39936748147010803,0.002334618572511651
1453,1.060188889503479,0.3995943069458008,0.3995943069458008,0.39936748147010803,0.001963262836895622
1454,1.0601786375045776,0.3995943069458008,0.3995943069458008,0.39936748147010803,0.0005087906171893768
1455,1.060178279876709,0.3995943069458008,0.3995943069458008,0.39936748147010803,0.0006834684487612721
1456,1.060186743736267,0.3995943069458008,0.3995943069458008,0.39936748147010803,0.0018672551267155855
1457,1.060180902481079,0.3995943069458008,0.3995943069458008,0.39936748147010803,0.0019329299423563187
1458,1.0601811408996582,0.3995943069458008,0.3995943069458008,0.39936748147010803,0.0023169402237974623
1459,1.060137391090393,0.3995943069458008,0.3995943069458008,0.39936748147010803,0.003304435404621495
1460,1.0599640607833862,0.3995943069458008,0.3995943069458008,0.39936748147010803,0.00867041670917844
1461,1.0620979070663452,0.3995943069458008,0.3995943069458008,0.39936748147010803,0.03546655264509336
1462,1.060288429260254,0.39249491691589355,0.39249491691589355,0.3925054967403412,0.006217353303862885
1463,1.060312032699585,0.39249491691589355,0.39249491691589355,0.3925054967403412,0.009834543140498206
1464,1.0603715181350708,0.39249491691589355,0.39249491691589355,0.3925054967403412,0.011872160102934562
1465,1.0603519678115845,0.39249491691589355,0.39249491691589355,0.3925054967403412,0.011621984060143073
1466,1.0603047609329224,0.39249491691589355,0.39249491691589355,0.3925054967403412,0.009887912931095028
1467,1.0602389574050903,0.3995943069458008,0.3995943069458008,0.39936748147010803,0.0069088794023610045
1468,1.0601909160614014,0.3995943069458008,0.3995943069458008,0.39936748147010803,0.0032335001632278005
1469,1.0601797103881836,0.3995943069458008,0.3995943069458008,0.39936748147010803,0.0009505674718070223
1470,1.0602014064788818,0.3995943069458008,0.3995943069458008,0.39936748147010803,0.004038152759072618
1471,1.0602322816848755,0.3995943069458008,0.3995943069458008,0.39936748147010803,0.00637954481291794
1472,1.0602532625198364,0.3995943069458008,0.3995943069458008,0.39936748147010803,0.007541148940047069
1473,1.0602490901947021,0.3995943069458008,0.3995943069458008,0.39936748147010803,0.007409671385850833
1474,1.060226559638977,0.3995943069458008,0.3995943069458008,0.39936748147010803,0.006168013988141203
1475,1.0601999759674072,0.3995943069458008,0.3995943069458008,0.39936748147010803,0.00417081441962816
1476,1.060183048248291,0.3995943069458008,0.3995943069458008,0.39936748147010803,0.0019277771057354552
1477,1.0601818561553955,0.3995943069458008,0.3995943069458008,0.39936748147010803,0.0014582822783305914
1478,1.0601928234100342,0.3995943069458008,0.3995943069458008,0.39936748147010803,0.0031743594948748055
1479,1.0602054595947266,0.3995943069458008,0.3995943069458008,0.39936748147010803,0.004520409348778228
1480,1.060210943222046,0.3995943069458008,0.3995943069458008,0.39936748147010803,0.0050995001469372235
1481,1.0602139234542847,0.3995943069458008,0.3995943069458008,0.39936748147010803,0.004861522813846998
1482,1.0601985454559326,0.3995943069458008,0.3995943069458008,0.39936748147010803,0.003966806949608279
1483,1.0601763725280762,0.3995943069458008,0.3995943069458008,0.39936748147010803,0.0026709051839068527
1484,1.06015944480896,0.3995943069458008,0.3995943069458008,0.39936748147010803,0.0019122592916848637
1485,1.0603305101394653,0.3995943069458008,0.3995943069458008,0.39936748147010803,0.005164186740738114
1486,1.0601645708084106,0.3995943069458008,0.3995943069458008,0.39936748147010803,0.0031961358137077493
1487,1.0601933002471924,0.3995943069458008,0.3995943069458008,0.39936748147010803,0.003036417517922832
1488,1.0601075887680054,0.3995943069458008,0.3995943069458008,0.39936748147010803,0.00394626300674387
1489,1.060292363166809,0.3995943069458008,0.3995943069458008,0.39936748147010803,0.003322456168995424
1490,1.0602388381958008,0.3995943069458008,0.3995943069458008,0.39936748147010803,0.004338671148925658
1491,1.0600311756134033,0.3995943069458008,0.3995943069458008,0.39936748147010803,0.0027369790063873395
1492,1.0600229501724243,0.3995943069458008,0.3995943069458008,0.39936748147010803,0.003175865026169168
1493,1.0605119466781616,0.3995943069458008,0.3995943069458008,0.39936748147010803,0.006975860245956132
1494,1.0599939823150635,0.3995943069458008,0.3995943069458008,0.39936748147010803,0.004427116815225289
1495,1.0604734420776367,0.3995943069458008,0.3995943069458008,0.39936748147010803,0.006444700644111939
1496,1.0601526498794556,0.3995943069458008,0.3995943069458008,0.39936748147010803,0.0034351005293013154
1497,1.0603265762329102,0.3995943069458008,0.3995943069458008,0.39936748147010803,0.005812939072310563
1498,1.060214877128601,0.3995943069458008,0.3995943069458008,0.39936748147010803,0.004069553649026708
1499,1.0601969957351685,0.3995943069458008,0.3995943069458008,0.39936748147010803,0.0032000463667466563
1500,1.0601969957351685,0.3995943069458008,0.3995943069458008,0.39936748147010803,0.0032348994093033506
1501,1.0602951049804688,0.3995943069458008,0.3995943069458008,0.39936748147010803,0.004816652303872685
1502,1.060176968574524,0.3995943069458008,0.3995943069458008,0.39936748147010803,0.002023462625074027
1503,1.0601850748062134,0.3995943069458008,0.3995943069458008,0.39936748147010803,0.0020854972264237365
1504,1.060191035270691,0.3995943069458008,0.3995943069458008,0.39936748147010803,0.0028481291918028813
1505,1.0601977109909058,0.3995943069458008,0.3995943069458008,0.39936748147010803,0.003137598770446228
1506,1.0601969957351685,0.3995943069458008,0.3995943069458008,0.39936748147010803,0.0029649171470457654
1507,1.0601727962493896,0.3995943069458008,0.3995943069458008,0.39936748147010803,0.0025398665157690763
1508,1.0601714849472046,0.3995943069458008,0.3995943069458008,0.39936748147010803,0.0019017308636525845
1509,1.060148000717163,0.3995943069458008,0.3995943069458008,0.39936748147010803,0.0016519764904384024
1510,1.0602402687072754,0.3995943069458008,0.3995943069458008,0.39936748147010803,0.004133011824538064
1511,1.0601048469543457,0.3995943069458008,0.3995943069458008,0.39936748147010803,0.00412963071629879
1512,1.0606348514556885,0.3995943069458008,0.3995943069458008,0.39936748147010803,0.009321969477129695
1513,1.0601526498794556,0.3995943069458008,0.3995943069458008,0.39936748147010803,0.0020237478064282456
1514,1.0601375102996826,0.3995943069458008,0.3995943069458008,0.39936748147010803,0.0031101531361045686
1515,1.060243010520935,0.3995943069458008,0.3995943069458008,0.39936748147010803,0.003483707483164958
1516,1.060261845588684,0.3995943069458008,0.3995943069458008,0.39936748147010803,0.00388234770135092
1517,1.0601915121078491,0.3995943069458008,0.3995943069458008,0.39936748147010803,0.003951904622946482
1518,1.0602220296859741,0.3995943069458008,0.3995943069458008,0.39936748147010803,0.0044117092075401446
1519,1.0602242946624756,0.3995943069458008,0.3995943069458008,0.39936748147010803,0.0047004999596475675
1520,1.060250997543335,0.3995943069458008,0.3995943069458008,0.39936748147010803,0.0041039543821090015
1521,1.0601481199264526,0.3995943069458008,0.3995943069458008,0.39936748147010803,0.0022319935799246468
1522,1.0601320266723633,0.3995943069458008,0.3995943069458008,0.39936748147010803,0.0018435675374447202
1523,1.0600241422653198,0.3995943069458008,0.3995943069458008,0.39936748147010803,0.0048823378498436985
1524,1.059997797012329,0.3995943069458008,0.3995943069458008,0.39936748147010803,0.006352204588820495
1525,1.060218334197998,0.3995943069458008,0.3995943069458008,0.39936748147010803,0.006295204740927663
1526,1.0601736307144165,0.3995943069458008,0.3995943069458008,0.39936748147010803,0.009003792972628212
1527,1.0601195096969604,0.3995943069458008,0.3995943069458008,0.39936748147010803,0.0067776046019890615
1528,1.0599696636199951,0.3995943069458008,0.3995943069458008,0.39936748147010803,0.0055770662956429184
1529,1.0591825246810913,0.39249491691589355,0.39249491691589355,0.3925054967403412,0.013390411881923771
1530,1.0615099668502808,0.3995943069458008,0.3995943069458008,0.39936748147010803,0.02909483275037409
1531,1.060998558998108,0.3995943069458008,0.3995943069458008,0.39936748147010803,0.01433079739924688
1532,1.060794472694397,0.3995943069458008,0.3995943069458008,0.39936748147010803,0.01224128959218922
1533,1.060129165649414,0.3995943069458008,0.3995943069458008,0.39936748147010803,0.011976811408077997
1534,1.0601319074630737,0.3995943069458008,0.3995943069458008,0.39936748147010803,0.0115945793786555
1535,1.0604500770568848,0.3995943069458008,0.3995943069458008,0.39936748147010803,0.011099270313003711
1536,1.0599746704101562,0.3995943069458008,0.3995943069458008,0.39936748147010803,0.009458501478649461
1537,1.0603853464126587,0.39249491691589355,0.39249491691589355,0.3925054967403412,0.008263949740325642
1538,1.059875249862671,0.3995943069458008,0.3995943069458008,0.39936748147010803,0.014124219489729377
1539,1.0602768659591675,0.3995943069458008,0.3995943069458008,0.39936748147010803,0.012697346504116452
1540,1.0605086088180542,0.3995943069458008,0.3995943069458008,0.39936748147010803,0.01630430911956035
1541,1.0601803064346313,0.3995943069458008,0.3995943069458008,0.39936748147010803,0.010722975521979495
1542,1.060164451599121,0.3995943069458008,0.3995943069458008,0.39936748147010803,0.012204574154786445
1543,1.0605188608169556,0.3995943069458008,0.3995943069458008,0.39936748147010803,0.012015831920170288
1544,1.060749888420105,0.3995943069458008,0.3995943069458008,0.39936748147010803,0.015403478620231125
1545,1.059840440750122,0.3995943069458008,0.3995943069458008,0.39936748147010803,0.014214842841927419
1546,1.060934066772461,0.3995943069458008,0.3995943069458008,0.39936748147010803,0.019994856643900803
1547,1.0607833862304688,0.39249491691589355,0.39249491691589355,0.3925054967403412,0.013785835228742044
1548,1.061867117881775,0.39249491691589355,0.39249491691589355,0.3925054967403412,0.02428150161599384
1549,1.0603340864181519,0.39249491691589355,0.39249491691589355,0.3925054967403412,0.01316650103030848
1550,1.0592467784881592,0.3995943069458008,0.3995943069458008,0.39936748147010803,0.016887860499200585
1551,1.0613096952438354,0.39249491691589355,0.39249491691589355,0.3925054967403412,0.04101284156730756
1552,1.0609980821609497,0.39249491691589355,0.39249491691589355,0.3925054967403412,0.013992431023239355
1553,1.0610805749893188,0.39249491691589355,0.39249491691589355,0.3925054967403412,0.021577503672928162
1554,1.0601670742034912,0.3995943069458008,0.3995943069458008,0.39936748147010803,0.016086375428354175
1555,1.0597656965255737,0.3995943069458008,0.3995943069458008,0.39936748147010803,0.017117111241141774
1556,1.061883568763733,0.39249491691589355,0.39249491691589355,0.3925054967403412,0.03172317050781413
1557,1.0592584609985352,0.39249491691589355,0.39249491691589355,0.3925054967403412,0.0172180398840724
1558,1.0586367845535278,0.3995943069458008,0.3995943069458008,0.39936748147010803,0.027435721590949837
1559,1.0592072010040283,0.39249491691589355,0.39249491691589355,0.3925054967403412,0.030713862964685982
1560,1.0632197856903076,0.3995943069458008,0.3995943069458008,0.39936748147010803,0.03742070916924661
1561,1.060599446296692,0.3995943069458008,0.3995943069458008,0.39936748147010803,0.013994291383865815
1562,1.0598092079162598,0.3995943069458008,0.3995943069458008,0.39936748147010803,0.010481374007073435
1563,1.0599544048309326,0.3995943069458008,0.3995943069458008,0.39936748147010803,0.025902421173433728
1564,1.0601868629455566,0.3995943069458008,0.3995943069458008,0.39936748147010803,0.016170541541966142
1565,1.060187816619873,0.39249491691589355,0.39249491691589355,0.3925054967403412,0.013949195834841482
1566,1.0607659816741943,0.3995943069458008,0.3995943069458008,0.39936748147010803,0.01737138662570443
1567,1.0618255138397217,0.3995943069458008,0.3995943069458008,0.39936748147010803,0.02175035897764247
1568,1.0608861446380615,0.3995943069458008,0.3995943069458008,0.39936748147010803,0.016782897097327013
1569,1.0605310201644897,0.3995943069458008,0.3995943069458008,0.39936748147010803,0.014401404284974583
1570,1.0602270364761353,0.3995943069458008,0.3995943069458008,0.39936748147010803,0.01974873134701997
1571,1.0637974739074707,0.3995943069458008,0.3995943069458008,0.39936748147010803,0.042166472708663576
1572,1.0595182180404663,0.3995943069458008,0.3995943069458008,0.39936748147010803,0.01157295624475561
1573,1.060968041419983,0.39249491691589355,0.39249491691589355,0.3925054967403412,0.01370934007597676
1574,1.0602221488952637,0.39249491691589355,0.39249491691589355,0.3925054967403412,0.019513480496995608
1575,1.0602105855941772,0.39249491691589355,0.39249491691589355,0.3925054967403412,0.015565981730997824
1576,1.060191035270691,0.3995943069458008,0.3995943069458008,0.39936748147010803,0.010872484969189387
1577,1.060327410697937,0.3995943069458008,0.3995943069458008,0.39936748147010803,0.009405325675813038
1578,1.0600157976150513,0.3995943069458008,0.3995943069458008,0.39936748147010803,0.010150520853459103
1579,1.0602223873138428,0.3995943069458008,0.3995943069458008,0.39936748147010803,0.012708352518392462
1580,1.0612785816192627,0.3995943069458008,0.3995943069458008,0.39936748147010803,0.016533025001664814
1581,1.060469627380371,0.3995943069458008,0.3995943069458008,0.39936748147010803,0.01343092567432159
1582,1.060402512550354,0.3995943069458008,0.3995943069458008,0.39936748147010803,0.008441067070667406
1583,1.0604510307312012,0.39249491691589355,0.39249491691589355,0.3925054967403412,0.008065915785392308
1584,1.0613253116607666,0.39249491691589355,0.39249491691589355,0.3925054967403412,0.02316723794755369
1585,1.0603772401809692,0.3995943069458008,0.3995943069458008,0.39936748147010803,0.010361130293812883
1586,1.060447096824646,0.3995943069458008,0.3995943069458008,0.39936748147010803,0.010306530186830837
1587,1.06013822555542,0.3995943069458008,0.3995943069458008,0.39936748147010803,0.006736219774571208
1588,1.059611439704895,0.3995943069458008,0.3995943069458008,0.39936748147010803,0.0074455974474494325
1589,1.060560703277588,0.3995943069458008,0.3995943069458008,0.39936748147010803,0.02561947212548517
1590,1.0604357719421387,0.3995943069458008,0.3995943069458008,0.39936748147010803,0.014511899860786576
1591,1.0606365203857422,0.3995943069458008,0.3995943069458008,0.39936748147010803,0.012998908935107793
1592,1.0606070756912231,0.3995943069458008,0.3995943069458008,0.39936748147010803,0.008671129229271312
1593,1.0599855184555054,0.39249491691589355,0.39249491691589355,0.3925054967403412,0.010143438894136783
1594,1.058820128440857,0.39249491691589355,0.39249491691589355,0.3925054967403412,0.013506221594887307
1595,1.068202257156372,0.3995943069458008,0.3995943069458008,0.39936748147010803,0.06819758958698822
1596,1.0600048303604126,0.3995943069458008,0.3995943069458008,0.39936748147010803,0.01195508453569827
1597,1.0611953735351562,0.3995943069458008,0.3995943069458008,0.39936748147010803,0.016315954868205775
1598,1.060131549835205,0.3995943069458008,0.3995943069458008,0.39936748147010803,0.011053184826649637
1599,1.0603539943695068,0.3995943069458008,0.3995943069458008,0.39936748147010803,0.00922937705079807
1600,1.0598537921905518,0.3995943069458008,0.3995943069458008,0.39936748147010803,0.007853225615976836
1601,1.0597585439682007,0.3995943069458008,0.3995943069458008,0.39936748147010803,0.010960052903634884
1602,1.0602562427520752,0.3995943069458008,0.3995943069458008,0.39936748147010803,0.014192427246214603
1603,1.0605518817901611,0.39249491691589355,0.39249491691589355,0.3925054967403412,0.014255263905302502
1604,1.0599251985549927,0.3995943069458008,0.3995943069458008,0.39936748147010803,0.011020337655633452
1605,1.059715986251831,0.3995943069458008,0.3995943069458008,0.39936748147010803,0.009654222679054835
1606,1.0611059665679932,0.3995943069458008,0.3995943069458008,0.39936748147010803,0.014382946707598359
1607,1.0601452589035034,0.39249491691589355,0.39249491691589355,0.3925054967403412,0.014265457752299269
1608,1.0630407333374023,0.3995943069458008,0.3995943069458008,0.39936748147010803,0.0715478378483513
1609,1.0612276792526245,0.3995943069458008,0.3995943069458008,0.39936748147010803,0.02397578336729517
1610,1.0605683326721191,0.3995943069458008,0.3995943069458008,0.39936748147010803,0.011736615231564275
1611,1.0608419179916382,0.3995943069458008,0.3995943069458008,0.39936748147010803,0.016170881240404195
1612,1.0603761672973633,0.3995943069458008,0.3995943069458008,0.39936748147010803,0.014235428192232816
1613,1.060045599937439,0.3995943069458008,0.3995943069458008,0.39936748147010803,0.014140850214852488
1614,1.0601348876953125,0.39249491691589355,0.39249491691589355,0.3925054967403412,0.015356095995159587
1615,1.0602085590362549,0.39249491691589355,0.39249491691589355,0.3925054967403412,0.01937868259606257
1616,1.0599079132080078,0.3995943069458008,0.3995943069458008,0.39936748147010803,0.029050047547639776
1617,1.0614248514175415,0.3995943069458008,0.3995943069458008,0.39936748147010803,0.027301376365069147
1618,1.060439109802246,0.3995943069458008,0.3995943069458008,0.39936748147010803,0.01003799150011871
1619,1.0622234344482422,0.3995943069458008,0.3995943069458008,0.39936748147010803,0.02685460765948872
1620,1.0600723028182983,0.39249491691589355,0.39249491691589355,0.3925054967403412,0.004266991101700746
1621,1.06047523021698,0.3995943069458008,0.3995943069458008,0.39936748147010803,0.012087572821268695
1622,1.0600271224975586,0.39249491691589355,0.39249491691589355,0.3925054967403412,0.007948588308585686
1623,1.060510277748108,0.3995943069458008,0.3995943069458008,0.39936748147010803,0.021645965914894986
1624,1.0597792863845825,0.3995943069458008,0.3995943069458008,0.39936748147010803,0.012142046402847408
1625,1.060125708580017,0.3995943069458008,0.3995943069458008,0.39936748147010803,0.014746364001028831
1626,1.0603584051132202,0.3995943069458008,0.3995943069458008,0.39936748147010803,0.012827091294614722
1627,1.0603936910629272,0.3995943069458008,0.3995943069458008,0.39936748147010803,0.027748890628613278
1628,1.060080647468567,0.39249491691589355,0.39249491691589355,0.3925054967403412,0.024840837096253794
1629,1.0673584938049316,0.3995943069458008,0.3995943069458008,0.39936748147010803,0.07261918396466417
1630,1.0606855154037476,0.3995943069458008,0.3995943069458008,0.39936748147010803,0.017534676805450445
1631,1.0633604526519775,0.3995943069458008,0.3995943069458008,0.39936748147010803,0.044624583677620955
1632,1.061061978340149,0.3995943069458008,0.3995943069458008,0.39936748147010803,0.018238076117554597
1633,1.060602068901062,0.3995943069458008,0.3995943069458008,0.39936748147010803,0.01893589989181962
1634,1.060834527015686,0.3995943069458008,0.3995943069458008,0.39936748147010803,0.0115557242831654
1635,1.0600917339324951,0.39249491691589355,0.39249491691589355,0.3925054967403412,0.011017750372411613
1636,1.0603448152542114,0.39249491691589355,0.39249491691589355,0.3925054967403412,0.018704114195180283
1637,1.0618690252304077,0.3995943069458008,0.3995943069458008,0.39936748147010803,0.02819923429158299
1638,1.061075210571289,0.3995943069458008,0.3995943069458008,0.39936748147010803,0.014258676371708058
1639,1.0605547428131104,0.3995943069458008,0.3995943069458008,0.39936748147010803,0.010240357149004212
1640,1.0600167512893677,0.3995943069458008,0.3995943069458008,0.39936748147010803,0.014075043399657311
1641,1.0628082752227783,0.39249491691589355,0.39249491691589355,0.3925054967403412,0.05803657098627185
1642,1.0603595972061157,0.39249491691589355,0.39249491691589355,0.3925054967403412,0.01392431625682153
1643,1.060282588005066,0.3995943069458008,0.3995943069458008,0.39936748147010803,0.019885326688629065
1644,1.0613703727722168,0.3995943069458008,0.3995943069458008,0.39936748147010803,0.025568702623293995
1645,1.061478853225708,0.3995943069458008,0.3995943069458008,0.39936748147010803,0.029408769928715682
1646,1.0601009130477905,0.3995943069458008,0.3995943069458008,0.39936748147010803,0.012402082843121272
1647,1.0597535371780396,0.3995943069458008,0.3995943069458008,0.39936748147010803,0.008604029379017279
1648,1.071573257446289,0.39249491691589355,0.39249491691589355,0.3925054967403412,0.260253580842066
1649,1.061241626739502,0.39249491691589355,0.39249491691589355,0.3925054967403412,0.026202120178265488
1650,1.0605254173278809,0.39249491691589355,0.39249491691589355,0.3925054967403412,0.026269120405470952
1651,1.0605032444000244,0.39249491691589355,0.39249491691589355,0.3925054967403412,0.01925770855676386
1652,1.060898780822754,0.3995943069458008,0.3995943069458008,0.39936748147010803,0.01761129839974256
1653,1.0608298778533936,0.3995943069458008,0.3995943069458008,0.39936748147010803,0.02283729254114179
1654,1.060398817062378,0.3995943069458008,0.3995943069458008,0.39936748147010803,0.011304791978503193
1655,1.0600614547729492,0.3995943069458008,0.3995943069458008,0.39936748147010803,0.008282951401796202
1656,1.0607503652572632,0.3995943069458008,0.3995943069458008,0.39936748147010803,0.010345970822926672
1657,1.0597121715545654,0.3995943069458008,0.3995943069458008,0.39936748147010803,0.008827709259756813
1658,1.0599032640457153,0.3995943069458008,0.3995943069458008,0.39936748147010803,0.013778220885858389
1659,1.0603864192962646,0.39249491691589355,0.39249491691589355,0.3925054967403412,0.011173265412796726
1660,1.0603902339935303,0.3995943069458008,0.3995943069458008,0.39936748147010803,0.014992191004540644
1661,1.0624135732650757,0.39249491691589355,0.39249491691589355,0.3925054967403412,0.02060229217616173
1662,1.060043454170227,0.39249491691589355,0.39249491691589355,0.3925054967403412,0.020915508349272024
1663,1.0636605024337769,0.3995943069458008,0.3995943069458008,0.39936748147010803,0.06881608783781112
1664,1.0628238916397095,0.3995943069458008,0.3995943069458008,0.39936748147010803,0.0314802385196033
1665,1.060171127319336,0.3995943069458008,0.3995943069458008,0.39936748147010803,0.01685593668152432
1666,1.0604572296142578,0.3995943069458008,0.3995943069458008,0.39936748147010803,0.009570065722544163
1667,1.0601705312728882,0.3995943069458008,0.3995943069458008,0.39936748147010803,0.012257882281528486
1668,1.0604077577590942,0.3995943069458008,0.3995943069458008,0.39936748147010803,0.016881951593275983
1669,1.0601965188980103,0.3995943069458008,0.3995943069458008,0.39936748147010803,0.014559459496504978
1670,1.0603522062301636,0.3995943069458008,0.3995943069458008,0.39936748147010803,0.01357371380659535
1671,1.0601881742477417,0.3995943069458008,0.3995943069458008,0.39936748147010803,0.006812200493720395
1672,1.0605049133300781,0.39249491691589355,0.39249491691589355,0.3925054967403412,0.006748312623578375
1673,1.060221791267395,0.39249491691589355,0.39249491691589355,0.3925054967403412,0.006968266035196002
1674,1.0604641437530518,0.39249491691589355,0.39249491691589355,0.3925054967403412,0.013371330206214583
1675,1.060402274131775,0.39249491691589355,0.39249491691589355,0.3925054967403412,0.012531443963053479
1676,1.0602366924285889,0.3995943069458008,0.3995943069458008,0.39936748147010803,0.010022175218225616
1677,1.0602431297302246,0.3995943069458008,0.3995943069458008,0.39936748147010803,0.013564370995041103
1678,1.05996572971344,0.39249491691589355,0.39249491691589355,0.3925054967403412,0.013622442172439206
1679,1.0603152513504028,0.3995943069458008,0.3995943069458008,0.39936748147010803,0.00818889877930091
1680,1.06313955783844,0.39249491691589355,0.39249491691589355,0.3925054967403412,0.05421130627851205
1681,1.0602933168411255,0.3995943069458008,0.3995943069458008,0.39936748147010803,0.010453307534726406
1682,1.0595629215240479,0.3995943069458008,0.3995943069458008,0.39936748147010803,0.013173806485563148
1683,1.0622645616531372,0.39249491691589355,0.39249491691589355,0.3925054967403412,0.08027221679358831
1684,1.0625942945480347,0.39249491691589355,0.39249491691589355,0.3925054967403412,0.03972775376864864
1685,1.0611646175384521,0.39249491691589355,0.39249491691589355,0.3925054967403412,0.023197625258828573
1686,1.060410737991333,0.3995943069458008,0.3995943069458008,0.39936748147010803,0.013888010395697118
1687,1.0715547800064087,0.39249491691589355,0.39249491691589355,0.3925054967403412,0.2085384209904531
1688,1.0684036016464233,0.39249491691589355,0.39249491691589355,0.3925054967403412,0.11940194490625798
1689,1.0603668689727783,0.3995943069458008,0.3995943069458008,0.39936748147010803,0.013343747124215094
1690,1.0601130723953247,0.3995943069458008,0.3995943069458008,0.39936748147010803,0.008282065212270146
1691,1.0605454444885254,0.3995943069458008,0.3995943069458008,0.39936748147010803,0.014263703130257412
1692,1.0603067874908447,0.3995943069458008,0.3995943069458008,0.39936748147010803,0.013208158384023836
1693,1.0613206624984741,0.3995943069458008,0.3995943069458008,0.39936748147010803,0.020053042450461144
1694,1.0602599382400513,0.39249491691589355,0.39249491691589355,0.3925054967403412,0.013720855424073539
1695,1.0602796077728271,0.3995943069458008,0.3995943069458008,0.39936748147010803,0.02141351666626849
1696,1.0598005056381226,0.3995943069458008,0.3995943069458008,0.39936748147010803,0.010839663110719513
1697,1.061090111732483,0.3995943069458008,0.3995943069458008,0.39936748147010803,0.020628769422541743
1698,1.0603010654449463,0.3995943069458008,0.3995943069458008,0.39936748147010803,0.01977183183725407
1699,1.060117483139038,0.3995943069458008,0.3995943069458008,0.39936748147010803,0.0287361588377585
1700,1.0613359212875366,0.3995943069458008,0.3995943069458008,0.39936748147010803,0.02971601440822778
1701,1.0786986351013184,0.3995943069458008,0.3995943069458008,0.39936748147010803,0.14888271043879184
1702,1.0600926876068115,0.39249491691589355,0.39249491691589355,0.3925054967403412,0.00796826653863997
1703,1.0723751783370972,0.3995943069458008,0.3995943069458008,0.39936748147010803,0.16395420933098284
1704,1.0601917505264282,0.3995943069458008,0.3995943069458008,0.39936748147010803,0.008187412434689541
1705,1.0656906366348267,0.3995943069458008,0.3995943069458008,0.39936748147010803,0.06268395794041735
1706,1.060369610786438,0.3995943069458008,0.3995943069458008,0.39936748147010803,0.010603113233826506
1707,1.0603283643722534,0.3995943069458008,0.3995943069458008,0.39936748147010803,0.009414796588934562
1708,1.0602655410766602,0.3995943069458008,0.3995943069458008,0.39936748147010803,0.007227450743766429
1709,1.0602099895477295,0.3995943069458008,0.3995943069458008,0.39936748147010803,0.004409568613884934
1710,1.060180902481079,0.3995943069458008,0.3995943069458008,0.39936748147010803,0.001369448276409217
1711,1.0601820945739746,0.3995943069458008,0.3995943069458008,0.39936748147010803,0.0015489398864698984
1712,1.0602043867111206,0.3995943069458008,0.3995943069458008,0.39936748147010803,0.003935145649659349
1713,1.0602308511734009,0.3995943069458008,0.3995943069458008,0.39936748147010803,0.00559215887153247
1714,1.060248613357544,0.3995943069458008,0.3995943069458008,0.39936748147010803,0.00806281292947335
1715,1.0602443218231201,0.3995943069458008,0.3995943069458008,0.39936748147010803,0.006281263825809375
1716,1.060226559638977,0.3995943069458008,0.3995943069458008,0.39936748147010803,0.005398285748287395
1717,1.0602062940597534,0.3995943069458008,0.3995943069458008,0.39936748147010803,0.004001802845195609
1718,1.0601842403411865,0.3995943069458008,0.3995943069458008,0.39936748147010803,0.002096748167907679
1719,1.0601774454116821,0.3995943069458008,0.3995943069458008,0.39936748147010803,0.00024535475587626933
1720,1.0601834058761597,0.3995943069458008,0.3995943069458008,0.39936748147010803,0.002210079337395896
1721,1.0602229833602905,0.3995943069458008,0.3995943069458008,0.39936748147010803,0.004191296906345264
1722,1.0602105855941772,0.3995943069458008,0.3995943069458008,0.39936748147010803,0.00419894653231436
1723,1.0601893663406372,0.3995943069458008,0.3995943069458008,0.39936748147010803,0.004747073995316506
1724,1.0602871179580688,0.3995943069458008,0.3995943069458008,0.39936748147010803,0.006561860960724469
1725,1.0601996183395386,0.3995943069458008,0.3995943069458008,0.39936748147010803,0.0031977452874860624
1726,1.0602037906646729,0.3995943069458008,0.3995943069458008,0.39936748147010803,0.002216298539009903
1727,1.0601965188980103,0.3995943069458008,0.3995943069458008,0.39936748147010803,0.0014167980971864771
1728,1.0601818561553955,0.3995943069458008,0.3995943069458008,0.39936748147010803,0.0031724420624305886
1729,1.0601987838745117,0.3995943069458008,0.3995943069458008,0.39936748147010803,0.0018516144439365623
1730,1.0601420402526855,0.3995943069458008,0.3995943069458008,0.39936748147010803,0.0034269813565791286
1731,1.0602495670318604,0.3995943069458008,0.3995943069458008,0.39936748147010803,0.00507299406816596
1732,1.0601273775100708,0.3995943069458008,0.3995943069458008,0.39936748147010803,0.004655789946880502
1733,1.060158371925354,0.3995943069458008,0.3995943069458008,0.39936748147010803,0.0035911532606873885
1734,1.0605288743972778,0.3995943069458008,0.3995943069458008,0.39936748147010803,0.008829013268730741
1735,1.0602643489837646,0.3995943069458008,0.3995943069458008,0.39936748147010803,0.0029051260453441326
1736,1.0602303743362427,0.3995943069458008,0.3995943069458008,0.39936748147010803,0.0030600388804212435
1737,1.0602363348007202,0.3995943069458008,0.3995943069458008,0.39936748147010803,0.003947234344810412
1738,1.0601675510406494,0.3995943069458008,0.3995943069458008,0.39936748147010803,0.002238390379433232
1739,1.0601640939712524,0.3995943069458008,0.3995943069458008,0.39936748147010803,0.0037253453454502363
1740,1.06016206741333,0.3995943069458008,0.3995943069458008,0.39936748147010803,0.006164661216998576
1741,1.0599232912063599,0.3995943069458008,0.3995943069458008,0.39936748147010803,0.015301611950870951
1742,1.0599945783615112,0.3995943069458008,0.3995943069458008,0.39936748147010803,0.011594382972572925
1743,1.0644809007644653,0.3995943069458008,0.3995943069458008,0.39936748147010803,0.039227841603910005
1744,1.060386061668396,0.3995943069458008,0.3995943069458008,0.39936748147010803,0.00660690843045218
1745,1.060158610343933,0.39249491691589355,0.39249491691589355,0.3925054967403412,0.005654730274093348
1746,1.0602327585220337,0.3995943069458008,0.3995943069458008,0.39936748147010803,0.005973527900737205
1747,1.0604602098464966,0.3995943069458008,0.3995943069458008,0.39936748147010803,0.00577690866855924
1748,1.0601071119308472,0.3995943069458008,0.3995943069458008,0.39936748147010803,0.004493585566016118
1749,1.0600430965423584,0.3995943069458008,0.3995943069458008,0.39936748147010803,0.003854413221942486
1750,1.0603082180023193,0.3995943069458008,0.3995943069458008,0.39936748147010803,0.007575076549696487
1751,1.059939980506897,0.3995943069458008,0.3995943069458008,0.39936748147010803,0.00801447907135837
1752,1.0607694387435913,0.3995943069458008,0.3995943069458008,0.39936748147010803,0.011673501987382245
1753,1.0604851245880127,0.3995943069458008,0.3995943069458008,0.39936748147010803,0.012412144727084854
1754,1.0606294870376587,0.3995943069458008,0.3995943069458008,0.39936748147010803,0.010795997373074297
1755,1.06001615524292,0.3995943069458008,0.3995943069458008,0.39936748147010803,0.008902154232575137
1756,1.0602205991744995,0.3995943069458008,0.3995943069458008,0.39936748147010803,0.009686211018112581
1757,1.0610480308532715,0.3995943069458008,0.3995943069458008,0.39936748147010803,0.01326339903615476
1758,1.061805248260498,0.3995943069458008,0.3995943069458008,0.39936748147010803,0.017029280910662387
1759,1.0602588653564453,0.39249491691589355,0.39249491691589355,0.3925054967403412,0.023031196482574
1760,1.0599592924118042,0.39249491691589355,0.39249491691589355,0.3925054967403412,0.00910288940256581
1761,1.060325026512146,0.39249491691589355,0.39249491691589355,0.3925054967403412,0.007357353584456764
1762,1.0601086616516113,0.3995943069458008,0.3995943069458008,0.39936748147010803,0.008127900594668681
1763,1.0598622560501099,0.3995943069458008,0.3995943069458008,0.39936748147010803,0.006990590282983219
1764,1.059435248374939,0.3995943069458008,0.3995943069458008,0.39936748147010803,0.008703248202430122
1765,1.060046911239624,0.3995943069458008,0.3995943069458008,0.39936748147010803,0.00958007473942443
1766,1.0601539611816406,0.3995943069458008,0.3995943069458008,0.39936748147010803,0.01106786504325714
1767,1.0605796575546265,0.3995943069458008,0.3995943069458008,0.39936748147010803,0.024003710549285247
1768,1.0634300708770752,0.3995943069458008,0.3995943069458008,0.39936748147010803,0.03990647517217409
1769,1.0608552694320679,0.39249491691589355,0.39249491691589355,0.3925054967403412,0.01448006985054541
1770,1.0608831644058228,0.39249491691589355,0.39249491691589355,0.3925054967403412,0.021479016350529647
1771,1.0607036352157593,0.3995943069458008,0.3995943069458008,0.39936748147010803,0.022000652304553676
1772,1.060876488685608,0.39249491691589355,0.39249491691589355,0.3925054967403412,0.021938596386598588
1773,1.0604993104934692,0.39249491691589355,0.39249491691589355,0.3925054967403412,0.013633016499361578
1774,1.060120701789856,0.39249491691589355,0.39249491691589355,0.3925054967403412,0.01301237528737242
1775,1.0602210760116577,0.3995943069458008,0.3995943069458008,0.39936748147010803,0.01132672227685856
1776,1.0602213144302368,0.3995943069458008,0.3995943069458008,0.39936748147010803,0.02538026089075759
1777,1.0628045797348022,0.3995943069458008,0.3995943069458008,0.39936748147010803,0.029450078404611855
1778,1.0598946809768677,0.3995943069458008,0.3995943069458008,0.39936748147010803,0.008923613246185317
1779,1.060795545578003,0.3995943069458008,0.3995943069458008,0.39936748147010803,0.02488036104628086
1780,1.0651479959487915,0.3995943069458008,0.3995943069458008,0.39936748147010803,0.053223091206527066
1781,1.0602271556854248,0.3995943069458008,0.3995943069458008,0.39936748147010803,0.010307142793168323
1782,1.0598905086517334,0.3995943069458008,0.3995943069458008,0.39936748147010803,0.01446844823817198
1783,1.0615806579589844,0.39249491691589355,0.39249491691589355,0.3925054967403412,0.017916182231328258
1784,1.0594491958618164,0.39249491691589355,0.39249491691589355,0.3925054967403412,0.015615509718407306
1785,1.0607023239135742,0.39249491691589355,0.39249491691589355,0.3925054967403412,0.028049446968974608
1786,1.0600696802139282,0.39249491691589355,0.39249491691589355,0.3925054967403412,0.011988691310036883
1787,1.060794711112976,0.39249491691589355,0.39249491691589355,0.3925054967403412,0.025409844543719348
1788,1.060376763343811,0.3995943069458008,0.3995943069458008,0.39936748147010803,0.014444053105693213
1789,1.060928463935852,0.3995943069458008,0.3995943069458008,0.39936748147010803,0.008750294473232072
1790,1.0605381727218628,0.3995943069458008,0.3995943069458008,0.39936748147010803,0.006970368177556313
1791,1.060280680656433,0.3995943069458008,0.3995943069458008,0.39936748147010803,0.01724542940143912
1792,1.0604665279388428,0.3995943069458008,0.3995943069458008,0.39936748147010803,0.019082231948090278
1793,1.0627048015594482,0.3995943069458008,0.3995943069458008,0.39936748147010803,0.028159080733140714
1794,1.060051441192627,0.3995943069458008,0.3995943069458008,0.39936748147010803,0.02456374110039995
1795,1.0604053735733032,0.3995943069458008,0.3995943069458008,0.39936748147010803,0.012055444714292294
1796,1.061002254486084,0.3995943069458008,0.3995943069458008,0.39936748147010803,0.014755972085012965
1797,1.0601216554641724,0.3995943069458008,0.3995943069458008,0.39936748147010803,0.0041023868302954136
1798,1.0601714849472046,0.39249491691589355,0.39249491691589355,0.3925054967403412,0.003590182943945561
1799,1.0601825714111328,0.39249491691589355,0.39249491691589355,0.3925054967403412,0.005957781617580956
1800,1.0602760314941406,0.39249491691589355,0.39249491691589355,0.3925054967403412,0.009539891525919579
1801,1.0603212118148804,0.3995943069458008,0.3995943069458008,0.39936748147010803,0.007556207629253488
1802,1.0603288412094116,0.3995943069458008,0.3995943069458008,0.39936748147010803,0.007705388098532797
1803,1.0603841543197632,0.3995943069458008,0.3995943069458008,0.39936748147010803,0.00740584315193361
1804,1.060120701789856,0.3995943069458008,0.3995943069458008,0.39936748147010803,0.006939786529880474
1805,1.0602918863296509,0.3995943069458008,0.3995943069458008,0.39936748147010803,0.005284385710790739
1806,1.0600378513336182,0.3995943069458008,0.3995943069458008,0.39936748147010803,0.007792878721009101
1807,1.0601701736450195,0.3995943069458008,0.3995943069458008,0.39936748147010803,0.004534607941932674
1808,1.0602262020111084,0.3995943069458008,0.3995943069458008,0.39936748147010803,0.006081539460792258
1809,1.0602903366088867,0.3995943069458008,0.3995943069458008,0.39936748147010803,0.006413580287032357
1810,1.0599133968353271,0.3995943069458008,0.3995943069458008,0.39936748147010803,0.008337377222999489
1811,1.0604416131973267,0.3995943069458008,0.3995943069458008,0.39936748147010803,0.007859383796320252
1812,1.0605303049087524,0.3995943069458008,0.3995943069458008,0.39936748147010803,0.011792112929389698
1813,1.0604121685028076,0.3995943069458008,0.3995943069458008,0.39936748147010803,0.006724986186371845
1814,1.0601534843444824,0.3995943069458008,0.3995943069458008,0.39936748147010803,0.00501376376299463
1815,1.060166835784912,0.3995943069458008,0.3995943069458008,0.39936748147010803,0.00536577606103666
1816,1.0602672100067139,0.3995943069458008,0.3995943069458008,0.39936748147010803,0.005294151535877768
1817,1.0601426362991333,0.3995943069458008,0.3995943069458008,0.39936748147010803,0.005282342472731453
1818,1.0599987506866455,0.3995943069458008,0.3995943069458008,0.39936748147010803,0.006454359014566531
1819,1.059875249862671,0.3995943069458008,0.3995943069458008,0.39936748147010803,0.006216246104278114
1820,1.0609030723571777,0.3995943069458008,0.3995943069458008,0.39936748147010803,0.012608016257097664
1821,1.0604043006896973,0.3995943069458008,0.3995943069458008,0.39936748147010803,0.006277492307988413
1822,1.059961199760437,0.3995943069458008,0.3995943069458008,0.39936748147010803,0.007288254107838642
1823,1.060226321220398,0.3995943069458008,0.3995943069458008,0.39936748147010803,0.002967275383883319
1824,1.0601654052734375,0.3995943069458008,0.3995943069458008,0.39936748147010803,0.0037262885530828546
1825,1.0604040622711182,0.3995943069458008,0.3995943069458008,0.39936748147010803,0.0036124250152059084
1826,1.0601277351379395,0.3995943069458008,0.3995943069458008,0.39936748147010803,0.004413530898773729
1827,1.0602450370788574,0.3995943069458008,0.3995943069458008,0.39936748147010803,0.003268144322463363
1828,1.0600061416625977,0.3995943069458008,0.3995943069458008,0.39936748147010803,0.004409895022455931
1829,1.0602707862854004,0.3995943069458008,0.3995943069458008,0.39936748147010803,0.003923589437434883
1830,1.059999704360962,0.3995943069458008,0.3995943069458008,0.39936748147010803,0.005465685954361651
1831,1.060292363166809,0.3995943069458008,0.3995943069458008,0.39936748147010803,0.004882941452258662
1832,1.0603140592575073,0.3995943069458008,0.3995943069458008,0.39936748147010803,0.006181791542047811
1833,1.0601153373718262,0.3995943069458008,0.3995943069458008,0.39936748147010803,0.00460787203211647
1834,1.0601351261138916,0.3995943069458008,0.3995943069458008,0.39936748147010803,0.0030408031968070753
1835,1.0601145029067993,0.3995943069458008,0.3995943069458008,0.39936748147010803,0.0019081870685224702
1836,1.0603911876678467,0.3995943069458008,0.3995943069458008,0.39936748147010803,0.005017380011100642
1837,1.0601509809494019,0.3995943069458008,0.3995943069458008,0.39936748147010803,0.0040316540192266
1838,1.0602494478225708,0.3995943069458008,0.3995943069458008,0.39936748147010803,0.004278123020489012
1839,1.060214877128601,0.3995943069458008,0.3995943069458008,0.39936748147010803,0.004069415901943348
1840,1.060214638710022,0.3995943069458008,0.3995943069458008,0.39936748147010803,0.0034372341033046807
1841,1.0600922107696533,0.3995943069458008,0.3995943069458008,0.39936748147010803,0.002695841817983869
1842,1.0601744651794434,0.3995943069458008,0.3995943069458008,0.39936748147010803,0.00845015390929664
1843,1.0604230165481567,0.3995943069458008,0.3995943069458008,0.39936748147010803,0.006980396442127782
1844,1.0598632097244263,0.39249491691589355,0.39249491691589355,0.3925054967403412,0.004739296254997828
1845,1.060879111289978,0.3995943069458008,0.3995943069458008,0.39936748147010803,0.015693214323580115
1846,1.0591962337493896,0.3995943069458008,0.3995943069458008,0.39936748147010803,0.011735692869287901
1847,1.0616425275802612,0.3995943069458008,0.3995943069458008,0.39936748147010803,0.013686479144514424
1848,1.0596604347229004,0.3995943069458008,0.3995943069458008,0.39936748147010803,0.009923799272004883
1849,1.0598464012145996,0.3995943069458008,0.3995943069458008,0.39936748147010803,0.011437329738213348
1850,1.0594933032989502,0.3995943069458008,0.3995943069458008,0.39936748147010803,0.007893767938811877
1851,1.0600783824920654,0.3995943069458008,0.3995943069458008,0.39936748147010803,0.010539082227194043
1852,1.0597074031829834,0.3995943069458008,0.3995943069458008,0.39936748147010803,0.006305184503035029
1853,1.0611902475357056,0.3995943069458008,0.3995943069458008,0.39936748147010803,0.027193528918408805
1854,1.0603699684143066,0.3995943069458008,0.3995943069458008,0.39936748147010803,0.007632478596224306
1855,1.0601232051849365,0.3995943069458008,0.3995943069458008,0.39936748147010803,0.007338446547746223
1856,1.0602912902832031,0.3995943069458008,0.3995943069458008,0.39936748147010803,0.011302544633001474
1857,1.05973482131958,0.3995943069458008,0.3995943069458008,0.39936748147010803,0.009059737517146376
1858,1.0599266290664673,0.3995943069458008,0.3995943069458008,0.39936748147010803,0.017747547868543802
1859,1.0619240999221802,0.3995943069458008,0.3995943069458008,0.39936748147010803,0.041366016038637946
1860,1.0598781108856201,0.3995943069458008,0.3995943069458008,0.39936748147010803,0.013762000462826026
1861,1.0612072944641113,0.39249491691589355,0.39249491691589355,0.3925054967403412,0.019928350998652228
1862,1.0605486631393433,0.39249491691589355,0.39249491691589355,0.3925054967403412,0.017897561968117478
1863,1.0608406066894531,0.39249491691589355,0.39249491691589355,0.3925054967403412,0.018713201335395873
1864,1.0605982542037964,0.39249491691589355,0.39249491691589355,0.3925054967403412,0.017949150204853225
1865,1.0603984594345093,0.3995943069458008,0.3995943069458008,0.39936748147010803,0.011775965059784664
1866,1.0600277185440063,0.3995943069458008,0.3995943069458008,0.39936748147010803,0.008961688940394584
1867,1.0607224702835083,0.3995943069458008,0.3995943069458008,0.39936748147010803,0.009466706402088456
1868,1.060186743736267,0.3995943069458008,0.3995943069458008,0.39936748147010803,0.014368766263102586
1869,1.0596343278884888,0.3995943069458008,0.3995943069458008,0.39936748147010803,0.009716656289917273
1870,1.0604475736618042,0.3995943069458008,0.3995943069458008,0.39936748147010803,0.010166137404242142
1871,1.0604248046875,0.3995943069458008,0.3995943069458008,0.39936748147010803,0.008669795915066805
1872,1.059888482093811,0.3995943069458008,0.3995943069458008,0.39936748147010803,0.008513361814561912
1873,1.0609056949615479,0.3995943069458008,0.3995943069458008,0.39936748147010803,0.013460466426434997
1874,1.0600179433822632,0.3995943069458008,0.3995943069458008,0.39936748147010803,0.010377577735926211
1875,1.060115933418274,0.39249491691589355,0.39249491691589355,0.3925054967403412,0.009043431790298538
1876,1.059470534324646,0.39249491691589355,0.39249491691589355,0.3925054967403412,0.00972299422186421
1877,1.0595381259918213,0.3995943069458008,0.3995943069458008,0.39936748147010803,0.012625180375885253
1878,1.0622622966766357,0.3995943069458008,0.3995943069458008,0.39936748147010803,0.01889326138487068
1879,1.063567876815796,0.3995943069458008,0.3995943069458008,0.39936748147010803,0.025200488893552916
1880,1.0615822076797485,0.3995943069458008,0.3995943069458008,0.39936748147010803,0.014002562876803818
1881,1.0600229501724243,0.3995943069458008,0.3995943069458008,0.39936748147010803,0.012403264978331678
1882,1.0600422620773315,0.3995943069458008,0.3995943069458008,0.39936748147010803,0.012060636993356699
1883,1.0607243776321411,0.3995943069458008,0.3995943069458008,0.39936748147010803,0.010553246641853102
1884,1.0600556135177612,0.3995943069458008,0.3995943069458008,0.39936748147010803,0.01019855382007125
1885,1.0610361099243164,0.3995943069458008,0.3995943069458008,0.39936748147010803,0.013939965213471246
1886,1.0600802898406982,0.3995943069458008,0.3995943069458008,0.39936748147010803,0.007287076719909363
1887,1.0608896017074585,0.3995943069458008,0.3995943069458008,0.39936748147010803,0.012051366089845967
1888,1.0601907968521118,0.3995943069458008,0.3995943069458008,0.39936748147010803,0.0035754019619242583
1889,1.0601967573165894,0.3995943069458008,0.3995943069458008,0.39936748147010803,0.0034630846682276954
1890,1.0601924657821655,0.3995943069458008,0.3995943069458008,0.39936748147010803,0.002853834753731936
1891,1.0601866245269775,0.3995943069458008,0.3995943069458008,0.39936748147010803,0.0019574892963426485
1892,1.0601806640625,0.3995943069458008,0.3995943069458008,0.39936748147010803,0.0008913319531525513
1893,1.060178279876709,0.3995943069458008,0.3995943069458008,0.39936748147010803,0.001926738088415127
1894,1.0602296590805054,0.3995943069458008,0.3995943069458008,0.39936748147010803,0.003738863383863346
1895,1.0601873397827148,0.3995943069458008,0.3995943069458008,0.39936748147010803,0.001982412535037135
1896,1.0601838827133179,0.3995943069458008,0.3995943069458008,0.39936748147010803,0.0019123413352249094
1897,1.0601829290390015,0.3995943069458008,0.3995943069458008,0.39936748147010803,0.001692070514537856
1898,1.0601806640625,0.3995943069458008,0.3995943069458008,0.39936748147010803,0.0013301769357892124
1899,1.060177206993103,0.3995943069458008,0.3995943069458008,0.39936748147010803,0.001096405525333806
1900,1.0601695775985718,0.3995943069458008,0.3995943069458008,0.39936748147010803,0.001312885254643011
1901,1.0601869821548462,0.3995943069458008,0.3995943069458008,0.39936748147010803,0.0008976983614231919
1902,1.0601931810379028,0.3995943069458008,0.3995943069458008,0.39936748147010803,0.0014939650101702384
1903,1.0602010488510132,0.3995943069458008,0.3995943069458008,0.39936748147010803,0.0019872236464398793
1904,1.0601451396942139,0.3995943069458008,0.3995943069458008,0.39936748147010803,0.0026091201165580123
1905,1.0601816177368164,0.3995943069458008,0.3995943069458008,0.39936748147010803,0.00191761560655759
1906,1.060194969177246,0.3995943069458008,0.3995943069458008,0.39936748147010803,0.001539704550771933
1907,1.060165286064148,0.3995943069458008,0.3995943069458008,0.39936748147010803,0.0013815482033568876
1908,1.0601825714111328,0.3995943069458008,0.3995943069458008,0.39936748147010803,0.0009588833070240751
1909,1.0602059364318848,0.3995943069458008,0.3995943069458008,0.39936748147010803,0.0016856357438894021
1910,1.0601927042007446,0.3995943069458008,0.3995943069458008,0.39936748147010803,0.0009795022909306283
1911,1.060239553451538,0.3995943069458008,0.3995943069458008,0.39936748147010803,0.002645964408289628
1912,1.0602065324783325,0.3995943069458008,0.3995943069458008,0.39936748147010803,0.0016587156900326884
1913,1.060189127922058,0.3995943069458008,0.3995943069458008,0.39936748147010803,0.0008982837446736866
1914,1.060162901878357,0.3995943069458008,0.3995943069458008,0.39936748147010803,0.0011868355685963317
1915,1.0601760149002075,0.3995943069458008,0.3995943069458008,0.39936748147010803,0.0007275340717395832
1916,1.060173511505127,0.3995943069458008,0.3995943069458008,0.39936748147010803,0.0010557302376884437
1917,1.060176968574524,0.3995943069458008,0.3995943069458008,0.39936748147010803,0.0006287634792674256
1918,1.0601814985275269,0.3995943069458008,0.3995943069458008,0.39936748147010803,0.0008548155391142862
1919,1.060184121131897,0.3995943069458008,0.3995943069458008,0.39936748147010803,0.001020164920205419
1920,1.0601848363876343,0.3995943069458008,0.3995943069458008,0.39936748147010803,0.0009502322540410923
1921,1.0601788759231567,0.3995943069458008,0.3995943069458008,0.39936748147010803,0.0008095086694282371
1922,1.0601776838302612,0.3995943069458008,0.3995943069458008,0.39936748147010803,0.0007409762019193816
1923,1.0601812601089478,0.3995943069458008,0.3995943069458008,0.39936748147010803,0.0009078472612408204
1924,1.0601783990859985,0.3995943069458008,0.3995943069458008,0.39936748147010803,0.000823510435599661
1925,1.060180902481079,0.3995943069458008,0.3995943069458008,0.39936748147010803,0.0009060161750004157
1926,1.0601788759231567,0.3995943069458008,0.3995943069458008,0.39936748147010803,0.0005255231376586745
1927,1.0601834058761597,0.3995943069458008,0.3995943069458008,0.39936748147010803,0.000889975504721689
1928,1.060176968574524,0.3995943069458008,0.3995943069458008,0.39936748147010803,0.0003171332387879681
1929,1.0601780414581299,0.3995943069458008,0.3995943069458008,0.39936748147010803,0.00027262483626404907
1930,1.0601776838302612,0.3995943069458008,0.3995943069458008,0.39936748147010803,0.00037528997573367957
1931,1.0601773262023926,0.3995943069458008,0.3995943069458008,0.39936748147010803,0.0004155010832164488
1932,1.0601760149002075,0.3995943069458008,0.3995943069458008,0.39936748147010803,0.0007177678306180041
1933,1.060181975364685,0.3995943069458008,0.3995943069458008,0.39936748147010803,0.0006134046735053868
1934,1.060176968574524,0.3995943069458008,0.3995943069458008,0.39936748147010803,0.0008697842835089623
1935,1.060180425643921,0.3995943069458008,0.3995943069458008,0.39936748147010803,0.0007267161019792484
1936,1.0601720809936523,0.3995943069458008,0.3995943069458008,0.39936748147010803,0.0007815378010433256
1937,1.0601706504821777,0.3995943069458008,0.3995943069458008,0.39936748147010803,0.0010692935618229296
1938,1.0602383613586426,0.3995943069458008,0.3995943069458008,0.39936748147010803,0.0025714471101662513
1939,1.0601767301559448,0.3995943069458008,0.3995943069458008,0.39936748147010803,0.0011806014418644939
1940,1.0601356029510498,0.3995943069458008,0.3995943069458008,0.39936748147010803,0.0024252429863018286
1941,1.0601136684417725,0.3995943069458008,0.3995943069458008,0.39936748147010803,0.003076422163247768
1942,1.0601216554641724,0.3995943069458008,0.3995943069458008,0.39936748147010803,0.004178000563092214
1943,1.0600992441177368,0.3995943069458008,0.3995943069458008,0.39936748147010803,0.004299247879281084
1944,1.0604537725448608,0.3995943069458008,0.3995943069458008,0.39936748147010803,0.00759778748062547
1945,1.0600743293762207,0.3995943069458008,0.3995943069458008,0.39936748147010803,0.007060538014467934
1946,1.0601249933242798,0.3995943069458008,0.3995943069458008,0.39936748147010803,0.003985891077864988
1947,1.059981107711792,0.3995943069458008,0.3995943069458008,0.39936748147010803,0.0054437968246279
1948,1.0601874589920044,0.3995943069458008,0.3995943069458008,0.39936748147010803,0.004750300225109326
1949,1.0603598356246948,0.3995943069458008,0.3995943069458008,0.39936748147010803,0.009778081890878743
1950,1.0602177381515503,0.3995943069458008,0.3995943069458008,0.39936748147010803,0.006894979980005951
1951,1.06031334400177,0.3995943069458008,0.3995943069458008,0.39936748147010803,0.009950120385161802
1952,1.060323715209961,0.3995943069458008,0.3995943069458008,0.39936748147010803,0.011667692922487738
1953,1.0605418682098389,0.3995943069458008,0.3995943069458008,0.39936748147010803,0.011385741495162395
1954,1.0600957870483398,0.3995943069458008,0.3995943069458008,0.39936748147010803,0.00749026065094934
1955,1.060414433479309,0.3995943069458008,0.3995943069458008,0.39936748147010803,0.010912981950603433
1956,1.0606224536895752,0.3995943069458008,0.3995943069458008,0.39936748147010803,0.009937613601163032
1957,1.0603138208389282,0.3995943069458008,0.3995943069458008,0.39936748147010803,0.006679830912028285
1958,1.0602061748504639,0.3995943069458008,0.3995943069458008,0.39936748147010803,0.006040051877610869
1959,1.0600701570510864,0.3995943069458008,0.3995943069458008,0.39936748147010803,0.007782857664198439
1960,1.0601924657821655,0.3995943069458008,0.3995943069458008,0.39936748147010803,0.007874927651923316
1961,1.0602498054504395,0.3995943069458008,0.3995943069458008,0.39936748147010803,0.008294072989023182
1962,1.061079502105713,0.3995943069458008,0.3995943069458008,0.39936748147010803,0.012598891396385575
1963,1.060294270515442,0.3995943069458008,0.3995943069458008,0.39936748147010803,0.010610764535855664
1964,1.060062050819397,0.3995943069458008,0.3995943069458008,0.39936748147010803,0.008497922368399028
1965,1.0605109930038452,0.3995943069458008,0.3995943069458008,0.39936748147010803,0.011198769491867879
1966,1.0606565475463867,0.3995943069458008,0.3995943069458008,0.39936748147010803,0.018215269068796607
1967,1.0608246326446533,0.3995943069458008,0.3995943069458008,0.39936748147010803,0.012918045357006606
1968,1.0602271556854248,0.3995943069458008,0.3995943069458008,0.39936748147010803,0.007638869684958021
1969,1.0601977109909058,0.3995943069458008,0.3995943069458008,0.39936748147010803,0.006845696299771273
1970,1.0602375268936157,0.3995943069458008,0.3995943069458008,0.39936748147010803,0.0067434291073577065
1971,1.0602365732192993,0.3995943069458008,0.3995943069458008,0.39936748147010803,0.004680386210188714
1972,1.0601036548614502,0.3995943069458008,0.3995943069458008,0.39936748147010803,0.00514348760359742
1973,1.0599008798599243,0.3995943069458008,0.3995943069458008,0.39936748147010803,0.004830508567560816
1974,1.0602301359176636,0.3995943069458008,0.3995943069458008,0.39936748147010803,0.007021694602003786
1975,1.0603045225143433,0.3995943069458008,0.3995943069458008,0.39936748147010803,0.007672967106617005
1976,1.0600063800811768,0.3995943069458008,0.3995943069458008,0.39936748147010803,0.006961371841563233
1977,1.0601730346679688,0.3995943069458008,0.3995943069458008,0.39936748147010803,0.0068113157082589785
1978,1.0598678588867188,0.3995943069458008,0.3995943069458008,0.39936748147010803,0.007656169976994245
1979,1.0602812767028809,0.3995943069458008,0.3995943069458008,0.39936748147010803,0.01170309544452812
1980,1.0607357025146484,0.3995943069458008,0.3995943069458008,0.39936748147010803,0.011613893817365025
1981,1.0599409341812134,0.3995943069458008,0.3995943069458008,0.39936748147010803,0.010557462376633403
1982,1.0604567527770996,0.3995943069458008,0.3995943069458008,0.39936748147010803,0.009147682277568004
1983,1.0605963468551636,0.3995943069458008,0.3995943069458008,0.39936748147010803,0.010625805039388302
1984,1.0601073503494263,0.3995943069458008,0.3995943069458008,0.39936748147010803,0.009690639943115626
1985,1.0604923963546753,0.3995943069458008,0.3995943069458008,0.39936748147010803,0.012340388433430709
1986,1.060343623161316,0.3995943069458008,0.3995943069458008,0.39936748147010803,0.006265230861919044
1987,1.060019850730896,0.3995943069458008,0.3995943069458008,0.39936748147010803,0.00524185675797747
1988,1.0600358247756958,0.3995943069458008,0.3995943069458008,0.39936748147010803,0.003532986731110648
1989,1.060280203819275,0.3995943069458008,0.3995943069458008,0.39936748147010803,0.006667496707353311
1990,1.0599440336227417,0.3995943069458008,0.3995943069458008,0.39936748147010803,0.0071452084414673975
1991,1.0602928400039673,0.3995943069458008,0.3995943069458008,0.39936748147010803,0.006693504568732008
1992,1.0598379373550415,0.3995943069458008,0.3995943069458008,0.39936748147010803,0.008391773779004175
1993,1.0600509643554688,0.3995943069458008,0.3995943069458008,0.39936748147010803,0.005305573040657148
1994,1.0600080490112305,0.3995943069458008,0.3995943069458008,0.39936748147010803,0.0068127809609402
1995,1.0606120824813843,0.3995943069458008,0.3995943069458008,0.39936748147010803,0.011539265242809715
1996,1.0598728656768799,0.3995943069458008,0.3995943069458008,0.39936748147010803,0.009423122607909945
1997,1.0610740184783936,0.39249491691589355,0.39249491691589355,0.3925054967403412,0.013697199588706953
1998,1.0602608919143677,0.39249491691589355,0.39249491691589355,0.3925054967403412,0.010080541323421831
1999,1.0603554248809814,0.39249491691589355,0.39249491691589355,0.3925054967403412,0.009242256238634755
2000,1.0606756210327148,0.3995943069458008,0.3995943069458008,0.39936748147010803,0.00875792806682606
2001,1.0600172281265259,0.3995943069458008,0.3995943069458008,0.39936748147010803,0.006671033726337787
2002,1.0605074167251587,0.3995943069458008,0.3995943069458008,0.39936748147010803,0.006657506243790133
2003,1.0603229999542236,0.3995943069458008,0.3995943069458008,0.39936748147010803,0.0048241627648916985
2004,1.0601476430892944,0.3995943069458008,0.3995943069458008,0.39936748147010803,0.003904843200026353
2005,1.0603947639465332,0.3995943069458008,0.3995943069458008,0.39936748147010803,0.00607258628925826
2006,1.0601526498794556,0.3995943069458008,0.3995943069458008,0.39936748147010803,0.003965266248130551
2007,1.0602452754974365,0.3995943069458008,0.3995943069458008,0.39936748147010803,0.0035302585042565047
2008,1.060228943824768,0.3995943069458008,0.3995943069458008,0.39936748147010803,0.003584710340227365
2009,1.0602017641067505,0.3995943069458008,0.3995943069458008,0.39936748147010803,0.005652367413531366
2010,1.0601880550384521,0.3995943069458008,0.3995943069458008,0.39936748147010803,0.003669842084617306
2011,1.060148000717163,0.3995943069458008,0.3995943069458008,0.39936748147010803,0.002580447046130555
2012,1.0601348876953125,0.3995943069458008,0.3995943069458008,0.39936748147010803,0.002039482602875944
2013,1.060294508934021,0.3995943069458008,0.3995943069458008,0.39936748147010803,0.003824748024311674
2014,1.060065507888794,0.3995943069458008,0.3995943069458008,0.39936748147010803,0.002957667926623156
2015,1.0602121353149414,0.3995943069458008,0.3995943069458008,0.39936748147010803,0.0020303513473779334
2016,1.0602130889892578,0.3995943069458008,0.3995943069458008,0.39936748147010803,0.002548115171031745
2017,1.0603280067443848,0.3995943069458008,0.3995943069458008,0.39936748147010803,0.003395008733810743
2018,1.0600428581237793,0.3995943069458008,0.3995943069458008,0.39936748147010803,0.003285342480116572
2019,1.0603386163711548,0.3995943069458008,0.3995943069458008,0.39936748147010803,0.0044384689660673824
2020,1.0600650310516357,0.3995943069458008,0.3995943069458008,0.39936748147010803,0.0028986293987438697
2021,1.060234546661377,0.3995943069458008,0.3995943069458008,0.39936748147010803,0.0029623223443732342
2022,1.0600544214248657,0.3995943069458008,0.3995943069458008,0.39936748147010803,0.002668756066044896
2023,1.0599972009658813,0.3995943069458008,0.3995943069458008,0.39936748147010803,0.0036392218164273604
2024,1.0600652694702148,0.3995943069458008,0.3995943069458008,0.39936748147010803,0.003315578671573822
2025,1.060113787651062,0.3995943069458008,0.3995943069458008,0.39936748147010803,0.0038315555048221337
2026,1.060310959815979,0.3995943069458008,0.3995943069458008,0.39936748147010803,0.003393810631116516
2027,1.060402512550354,0.3995943069458008,0.3995943069458008,0.39936748147010803,0.004144654848652452
2028,1.0603944063186646,0.3995943069458008,0.3995943069458008,0.39936748147010803,0.004060625094015328
2029,1.0599815845489502,0.3995943069458008,0.3995943069458008,0.39936748147010803,0.005643069181032357
2030,1.0601425170898438,0.3995943069458008,0.3995943069458008,0.39936748147010803,0.004322972404172671
2031,1.059906244277954,0.3995943069458008,0.3995943069458008,0.39936748147010803,0.0047775788707693535
2032,1.060233473777771,0.3995943069458008,0.3995943069458008,0.39936748147010803,0.0029263980940071824
2033,1.0604223012924194,0.3995943069458008,0.3995943069458008,0.39936748147010803,0.0042204185696653315
2034,1.0603958368301392,0.3995943069458008,0.3995943069458008,0.39936748147010803,0.005924813369210394
2035,1.060683250427246,0.3995943069458008,0.3995943069458008,0.39936748147010803,0.007711159218363751
2036,1.060317873954773,0.3995943069458008,0.3995943069458008,0.39936748147010803,0.004144880434398945
2037,1.0601900815963745,0.3995943069458008,0.3995943069458008,0.39936748147010803,0.004184343761461169
2038,1.060271143913269,0.3995943069458008,0.3995943069458008,0.39936748147010803,0.004096123169682668
2039,1.0602127313613892,0.3995943069458008,0.3995943069458008,0.39936748147010803,0.003822490771303975
2040,1.060107707977295,0.3995943069458008,0.3995943069458008,0.39936748147010803,0.0041747408229871295
2041,1.0600415468215942,0.3995943069458008,0.3995943069458008,0.39936748147010803,0.0031245928923424107
2042,1.0598243474960327,0.3995943069458008,0.3995943069458008,0.39936748147010803,0.003232850100895118
2043,1.0609289407730103,0.39249491691589355,0.39249491691589355,0.3925054967403412,0.009893103873760668
2044,1.0613360404968262,0.3995943069458008,0.3995943069458008,0.39936748147010803,0.01600341000009627
2045,1.060215950012207,0.3995943069458008,0.3995943069458008,0.39936748147010803,0.004341987333784611
2046,1.0602458715438843,0.3995943069458008,0.3995943069458008,0.39936748147010803,0.006139145856350694
2047,1.0602351427078247,0.3995943069458008,0.3995943069458008,0.39936748147010803,0.005741848023688363
2048,1.0602118968963623,0.3995943069458008,0.3995943069458008,0.39936748147010803,0.004505446015870719
2049,1.0601946115493774,0.3995943069458008,0.3995943069458008,0.39936748147010803,0.002709640228282901
2050,1.0601811408996582,0.3995943069458008,0.3995943069458008,0.39936748147010803,0.0009963840219245033
2051,1.0601805448532104,0.3995943069458008,0.3995943069458008,0.39936748147010803,0.0018790552977700995
2052,1.0601893663406372,0.3995943069458008,0.3995943069458008,0.39936748147010803,0.0036102665344611494
2053,1.060235619544983,0.3995943069458008,0.3995943069458008,0.39936748147010803,0.005236892189810595
2054,1.0602167844772339,0.3995943069458008,0.3995943069458008,0.39936748147010803,0.004368207487973257
2055,1.060021996498108,0.3995943069458008,0.3995943069458008,0.39936748147010803,0.005674237371799606
2056,1.060278058052063,0.3995943069458008,0.3995943069458008,0.39936748147010803,0.0059885766824599035
2057,1.0606024265289307,0.3995943069458008,0.3995943069458008,0.39936748147010803,0.008350915626798825
2058,1.0605510473251343,0.3995943069458008,0.3995943069458008,0.39936748147010803,0.00829032512212434
2059,1.0600546598434448,0.3995943069458008,0.3995943069458008,0.39936748147010803,0.003265558446188519
2060,1.0602693557739258,0.3995943069458008,0.3995943069458008,0.39936748147010803,0.005168480934308432
2061,1.060262680053711,0.3995943069458008,0.3995943069458008,0.39936748147010803,0.004704737850313197
2062,1.0601109266281128,0.3995943069458008,0.3995943069458008,0.39936748147010803,0.005969059865513044
2063,1.0602562427520752,0.3995943069458008,0.3995943069458008,0.39936748147010803,0.0043091353371885145
2064,1.0602229833602905,0.3995943069458008,0.3995943069458008,0.39936748147010803,0.0035047130777050113
2065,1.0601686239242554,0.3995943069458008,0.3995943069458008,0.39936748147010803,0.0033033077195079555
2066,1.060046672821045,0.3995943069458008,0.3995943069458008,0.39936748147010803,0.004056410568434067
2067,1.0602006912231445,0.3995943069458008,0.3995943069458008,0.39936748147010803,0.005228068009637058
2068,1.060288667678833,0.3995943069458008,0.3995943069458008,0.39936748147010803,0.005800057716477474
2069,1.060319185256958,0.3995943069458008,0.3995943069458008,0.39936748147010803,0.004905440609011759
2070,1.0600640773773193,0.3995943069458008,0.3995943069458008,0.39936748147010803,0.005739527948140697
2071,1.0602017641067505,0.3995943069458008,0.3995943069458008,0.39936748147010803,0.0045461578488769985
2072,1.0604333877563477,0.3995943069458008,0.3995943069458008,0.39936748147010803,0.006863266366499143
2073,1.059905767440796,0.3995943069458008,0.3995943069458008,0.39936748147010803,0.005957813391997782
2074,1.060121774673462,0.3995943069458008,0.3995943069458008,0.39936748147010803,0.005531841000241166
2075,1.0602349042892456,0.3995943069458008,0.3995943069458008,0.39936748147010803,0.003931233001360281
2076,1.0602463483810425,0.3995943069458008,0.3995943069458008,0.39936748147010803,0.007857766303661851
2077,1.0601859092712402,0.3995943069458008,0.3995943069458008,0.39936748147010803,0.004854935658736666
2078,1.0600895881652832,0.3995943069458008,0.3995943069458008,0.39936748147010803,0.0053308815013590515
2079,1.0600461959838867,0.3995943069458008,0.3995943069458008,0.39936748147010803,0.005173895282084808
2080,1.059735894203186,0.3995943069458008,0.3995943069458008,0.39936748147010803,0.009941082001351999
2081,1.0594964027404785,0.3995943069458008,0.3995943069458008,0.39936748147010803,0.008997657844467582
2082,1.0611364841461182,0.3995943069458008,0.3995943069458008,0.39936748147010803,0.010545172200860192
2083,1.0609692335128784,0.3995943069458008,0.3995943069458008,0.39936748147010803,0.011333151806798357
2084,1.0605740547180176,0.3995943069458008,0.3995943069458008,0.39936748147010803,0.006576054525540504
2085,1.0601561069488525,0.3995943069458008,0.3995943069458008,0.39936748147010803,0.004574064572786459
2086,1.060644268989563,0.3995943069458008,0.3995943069458008,0.39936748147010803,0.009226492164598846
2087,1.0605634450912476,0.3995943069458008,0.3995943069458008,0.39936748147010803,0.00776128015900186
2088,1.0601928234100342,0.3995943069458008,0.3995943069458008,0.39936748147010803,0.0057226907699963565
2089,1.0601272583007812,0.3995943069458008,0.3995943069458008,0.39936748147010803,0.002229295945810167
2090,1.0601781606674194,0.3995943069458008,0.3995943069458008,0.39936748147010803,0.0011327125035580934
2091,1.0601885318756104,0.3995943069458008,0.3995943069458008,0.39936748147010803,0.0031748698279422953
2092,1.0602067708969116,0.3995943069458008,0.3995943069458008,0.39936748147010803,0.004964905083938774
2093,1.0601855516433716,0.3995943069458008,0.3995943069458008,0.39936748147010803,0.007315833102865189
2094,1.0604671239852905,0.3995943069458008,0.3995943069458008,0.39936748147010803,0.009062517270892355
2095,1.0600707530975342,0.3995943069458008,0.3995943069458008,0.39936748147010803,0.007223876984787168
2096,1.06007719039917,0.3995943069458008,0.3995943069458008,0.39936748147010803,0.007664148156431066
2097,1.0603039264678955,0.3995943069458008,0.3995943069458008,0.39936748147010803,0.008761903206272107
2098,1.060244083404541,0.3995943069458008,0.3995943069458008,0.39936748147010803,0.010258346867000112
2099,1.0600613355636597,0.3995943069458008,0.3995943069458008,0.39936748147010803,0.008451361779871339
2100,1.0599091053009033,0.3995943069458008,0.3995943069458008,0.39936748147010803,0.008306917952835589
2101,1.0599627494812012,0.3995943069458008,0.3995943069458008,0.39936748147010803,0.009368759805198922
2102,1.0605064630508423,0.3995943069458008,0.3995943069458008,0.39936748147010803,0.012067128327198019
2103,1.061031460762024,0.3995943069458008,0.3995943069458008,0.39936748147010803,0.0123360111361213
2104,1.0604764223098755,0.3995943069458008,0.3995943069458008,0.39936748147010803,0.010033423901963427
2105,1.060403823852539,0.3995943069458008,0.3995943069458008,0.39936748147010803,0.006434324022525297
2106,1.060146689414978,0.3995943069458008,0.3995943069458008,0.39936748147010803,0.007023788766444009
2107,1.060393214225769,0.3995943069458008,0.3995943069458008,0.39936748147010803,0.005079244669759145
2108,1.0599342584609985,0.3995943069458008,0.3995943069458008,0.39936748147010803,0.008919379607888609
2109,1.061346411705017,0.39249491691589355,0.39249491691589355,0.3925054967403412,0.015994929799138514
2110,1.0602693557739258,0.39249491691589355,0.39249491691589355,0.3925054967403412,0.007109022594564979
2111,1.0603094100952148,0.39249491691589355,0.39249491691589355,0.3925054967403412,0.008531692041097183
2112,1.0602275133132935,0.3995943069458008,0.3995943069458008,0.39936748147010803,0.007301945140589325
2113,1.0602705478668213,0.3995943069458008,0.3995943069458008,0.39936748147010803,0.006087532276212643
2114,1.0601856708526611,0.3995943069458008,0.3995943069458008,0.39936748147010803,0.004661344750658056
2115,1.0604379177093506,0.3995943069458008,0.3995943069458008,0.39936748147010803,0.009950412097673873
2116,1.0600321292877197,0.3995943069458008,0.3995943069458008,0.39936748147010803,0.010663602020599426
2117,1.0598647594451904,0.3995943069458008,0.3995943069458008,0.39936748147010803,0.016542409998451822
2118,1.060908555984497,0.3995943069458008,0.3995943069458008,0.39936748147010803,0.017532473700636323
2119,1.061224341392517,0.3995943069458008,0.3995943069458008,0.39936748147010803,0.018810909612674835
2120,1.0597532987594604,0.3995943069458008,0.3995943069458008,0.39936748147010803,0.013117655574391271
2121,1.0612543821334839,0.3995943069458008,0.3995943069458008,0.39936748147010803,0.011161484338366771
2122,1.061286211013794,0.39249491691589355,0.39249491691589355,0.3925054967403412,0.014165716206336486
2123,1.060643196105957,0.39249491691589355,0.39249491691589355,0.3925054967403412,0.01345345625901442
2124,1.0605134963989258,0.39249491691589355,0.39249491691589355,0.3925054967403412,0.014574723548445766
2125,1.0604326725006104,0.39249491691589355,0.39249491691589355,0.3925054967403412,0.013274347256830127
2126,1.060383677482605,0.3995943069458008,0.3995943069458008,0.39936748147010803,0.007694292375552145
2127,1.0602957010269165,0.3995943069458008,0.3995943069458008,0.39936748147010803,0.005318567004153359
2128,1.060097098350525,0.3995943069458008,0.3995943069458008,0.39936748147010803,0.005424689160977977
2129,1.0601215362548828,0.3995943069458008,0.3995943069458008,0.39936748147010803,0.009805137880306835
2130,1.060409665107727,0.3995943069458008,0.3995943069458008,0.39936748147010803,0.012016507314886741
2131,1.0604463815689087,0.3995943069458008,0.3995943069458008,0.39936748147010803,0.01045175635563065
2132,1.0604196786880493,0.3995943069458008,0.3995943069458008,0.39936748147010803,0.007378904307350024
2133,1.0599693059921265,0.3995943069458008,0.3995943069458008,0.39936748147010803,0.00843702057521525
2134,1.059921145439148,0.39249491691589355,0.39249491691589355,0.3925054967403412,0.006243826066143694
2135,1.0606919527053833,0.39249491691589355,0.39249491691589355,0.3925054967403412,0.014017486769701715
2136,1.0595346689224243,0.39249491691589355,0.39249491691589355,0.3925054967403412,0.012881938953192172
2137,1.0604804754257202,0.39249491691589355,0.39249491691589355,0.3925054967403412,0.016055433436196007
2138,1.0601909160614014,0.3995943069458008,0.3995943069458008,0.39936748147010803,0.0071228243857023674
2139,1.0604175329208374,0.3995943069458008,0.3995943069458008,0.39936748147010803,0.007696218402887376
2140,1.0603742599487305,0.3995943069458008,0.3995943069458008,0.39936748147010803,0.011482855007126591
2141,1.060391902923584,0.3995943069458008,0.3995943069458008,0.39936748147010803,0.012405915555964053
2142,1.0603809356689453,0.3995943069458008,0.3995943069458008,0.39936748147010803,0.011166914469978442
2143,1.0602792501449585,0.3995943069458008,0.3995943069458008,0.39936748147010803,0.0080117314219781
2144,1.060232400894165,0.3995943069458008,0.3995943069458008,0.39936748147010803,0.004071121760897613
2145,1.0601733922958374,0.3995943069458008,0.3995943069458008,0.39936748147010803,0.002329403351166684
2146,1.060225009918213,0.39249491691589355,0.39249491691589355,0.3925054967403412,0.005527188796706703
2147,1.0602576732635498,0.39249491691589355,0.39249491691589355,0.3925054967403412,0.007842784053923479
2148,1.0602046251296997,0.39249491691589355,0.39249491691589355,0.3925054967403412,0.00904670395354897
2149,1.0601835250854492,0.39249491691589355,0.39249491691589355,0.3925054967403412,0.008522660573097932
2150,1.0602006912231445,0.3995943069458008,0.3995943069458008,0.39936748147010803,0.007139565105825006
2151,1.05995512008667,0.3995943069458008,0.3995943069458008,0.39936748147010803,0.00622008852459567
2152,1.0604965686798096,0.3995943069458008,0.3995943069458008,0.39936748147010803,0.008120343849598382
2153,1.0603851079940796,0.3995943069458008,0.3995943069458008,0.39936748147010803,0.007172361598007622
2154,1.0607095956802368,0.3995943069458008,0.3995943069458008,0.39936748147010803,0.008486250947051792
2155,1.0600227117538452,0.3995943069458008,0.3995943069458008,0.39936748147010803,0.012017531042812281
2156,1.0602619647979736,0.3995943069458008,0.3995943069458008,0.39936748147010803,0.008731782124170737
2157,1.0602140426635742,0.3995943069458008,0.3995943069458008,0.39936748147010803,0.008169589899206336
2158,1.0604287385940552,0.3995943069458008,0.3995943069458008,0.39936748147010803,0.006608871193488431
2159,1.0599746704101562,0.3995943069458008,0.3995943069458008,0.39936748147010803,0.006476989328958343
2160,1.060957670211792,0.3995943069458008,0.3995943069458008,0.39936748147010803,0.013017587350859231
2161,1.060139536857605,0.3995943069458008,0.3995943069458008,0.39936748147010803,0.004274658598738661
2162,1.0602433681488037,0.3995943069458008,0.3995943069458008,0.39936748147010803,0.0037186410446299967
2163,1.0602809190750122,0.3995943069458008,0.3995943069458008,0.39936748147010803,0.00388888333137467
2164,1.0601179599761963,0.3995943069458008,0.3995943069458008,0.39936748147010803,0.0027426706388254517
2165,1.0601736307144165,0.3995943069458008,0.3995943069458008,0.39936748147010803,0.0012164848712308786
2166,1.0601553916931152,0.3995943069458008,0.3995943069458008,0.39936748147010803,0.002905149183218859
2167,1.060160756111145,0.3995943069458008,0.3995943069458008,0.39936748147010803,0.003337442791117053
2168,1.0601806640625,0.3995943069458008,0.3995943069458008,0.39936748147010803,0.0026348412510374107
2169,1.0601418018341064,0.3995943069458008,0.3995943069458008,0.39936748147010803,0.002885922551567109
2170,1.060225486755371,0.3995943069458008,0.3995943069458008,0.39936748147010803,0.0028533501339969495
2171,1.0602445602416992,0.3995943069458008,0.3995943069458008,0.39936748147010803,0.003494096815365541
2172,1.0602251291275024,0.3995943069458008,0.3995943069458008,0.39936748147010803,0.0020243610279409865
2173,1.0601943731307983,0.3995943069458008,0.3995943069458008,0.39936748147010803,0.0013287545047017397
2174,1.0602413415908813,0.3995943069458008,0.3995943069458008,0.39936748147010803,0.0027449026420537995
2175,1.0601963996887207,0.3995943069458008,0.3995943069458008,0.39936748147010803,0.0018826421972221628
2176,1.0601962804794312,0.3995943069458008,0.3995943069458008,0.39936748147010803,0.0018852196871228673
2177,1.060180425643921,0.3995943069458008,0.3995943069458008,0.39936748147010803,0.0013120841544218033
2178,1.0601799488067627,0.3995943069458008,0.3995943069458008,0.39936748147010803,0.001099655083300876
2179,1.0601787567138672,0.3995943069458008,0.3995943069458008,0.39936748147010803,0.001757544142913864
2180,1.0601727962493896,0.3995943069458008,0.3995943069458008,0.39936748147010803,0.0008144215144983454
2181,1.0601673126220703,0.3995943069458008,0.3995943069458008,0.39936748147010803,0.000967481762157628
2182,1.0601657629013062,0.3995943069458008,0.3995943069458008,0.39936748147010803,0.0011157152692485176
2183,1.060191035270691,0.3995943069458008,0.3995943069458008,0.39936748147010803,0.0018473259691634486
2184,1.0601314306259155,0.3995943069458008,0.3995943069458008,0.39936748147010803,0.001589768198802239
2185,1.0601943731307983,0.3995943069458008,0.3995943069458008,0.39936748147010803,0.0018085379779796218
2186,1.0601305961608887,0.3995943069458008,0.3995943069458008,0.39936748147010803,0.0019680929888539547
2187,1.0602121353149414,0.3995943069458008,0.3995943069458008,0.39936748147010803,0.0027947269238835118
2188,1.0600675344467163,0.3995943069458008,0.3995943069458008,0.39936748147010803,0.002941764544748744
2189,1.0603431463241577,0.3995943069458008,0.3995943069458008,0.39936748147010803,0.0038655191328422927
2190,1.0602576732635498,0.3995943069458008,0.3995943069458008,0.39936748147010803,0.0036429904240567698
2191,1.0601987838745117,0.3995943069458008,0.3995943069458008,0.39936748147010803,0.007338794675045766
2192,1.0602368116378784,0.3995943069458008,0.3995943069458008,0.39936748147010803,0.00245752797684007
2193,1.0601210594177246,0.3995943069458008,0.3995943069458008,0.39936748147010803,0.0021239046405491227
2194,1.060110092163086,0.3995943069458008,0.3995943069458008,0.39936748147010803,0.0029941898907237703
2195,1.0603294372558594,0.3995943069458008,0.3995943069458008,0.39936748147010803,0.005422947605710288
2196,1.0601389408111572,0.3995943069458008,0.3995943069458008,0.39936748147010803,0.002487050753249209
2197,1.0601731538772583,0.3995943069458008,0.3995943069458008,0.39936748147010803,0.003929953122275432
2198,1.0600073337554932,0.3995943069458008,0.3995943069458008,0.39936748147010803,0.005866423486068039
2199,1.060386300086975,0.3995943069458008,0.3995943069458008,0.39936748147010803,0.00512306410503392
2200,1.06010103225708,0.3995943069458008,0.3995943069458008,0.39936748147010803,0.0025554453631101985
2201,1.0603549480438232,0.3995943069458008,0.3995943069458008,0.39936748147010803,0.004160594487265972
2202,1.060248613357544,0.3995943069458008,0.3995943069458008,0.39936748147010803,0.002691034057239407
2203,1.06019127368927,0.3995943069458008,0.3995943069458008,0.39936748147010803,0.0017804235064789655
2204,1.0601749420166016,0.3995943069458008,0.3995943069458008,0.39936748147010803,0.0018683363005669318
2205,1.0601818561553955,0.3995943069458008,0.3995943069458008,0.39936748147010803,0.002435108968431177
2206,1.0601928234100342,0.3995943069458008,0.3995943069458008,0.39936748147010803,0.0019880557664159
2207,1.0601978302001953,0.3995943069458008,0.3995943069458008,0.39936748147010803,0.0026430521023849745
2208,1.0601645708084106,0.3995943069458008,0.3995943069458008,0.39936748147010803,0.0026315014570952875
2209,1.060215950012207,0.3995943069458008,0.3995943069458008,0.39936748147010803,0.0029285804758552914
2210,1.0602591037750244,0.3995943069458008,0.3995943069458008,0.39936748147010803,0.005066899845192919
2211,1.0601786375045776,0.3995943069458008,0.3995943069458008,0.39936748147010803,0.0020184281397551723
2212,1.0601463317871094,0.3995943069458008,0.3995943069458008,0.39936748147010803,0.0032058126417789687
2213,1.060173749923706,0.3995943069458008,0.3995943069458008,0.39936748147010803,0.0015024363008783236
2214,1.0602067708969116,0.3995943069458008,0.3995943069458008,0.39936748147010803,0.0019130852499842743
2215,1.0601873397827148,0.3995943069458008,0.3995943069458008,0.39936748147010803,0.002096626067412373
2216,1.0601615905761719,0.3995943069458008,0.3995943069458008,0.39936748147010803,0.002431993701466462
2217,1.060213565826416,0.3995943069458008,0.3995943069458008,0.39936748147010803,0.002808379069535584
2218,1.0601763725280762,0.3995943069458008,0.3995943069458008,0.39936748147010803,0.002005943918001049
2219,1.060226559638977,0.3995943069458008,0.3995943069458008,0.39936748147010803,0.002543906223798397
2220,1.0601824522018433,0.3995943069458008,0.3995943069458008,0.39936748147010803,0.001678925506177857
2221,1.060135841369629,0.3995943069458008,0.3995943069458008,0.39936748147010803,0.0024793167543619606
2222,1.0601972341537476,0.3995943069458008,0.3995943069458008,0.39936748147010803,0.0014082985834205817
2223,1.0602121353149414,0.3995943069458008,0.3995943069458008,0.39936748147010803,0.0026823360058056325
2224,1.0601470470428467,0.3995943069458008,0.3995943069458008,0.39936748147010803,0.0021513945007693865
2225,1.060197114944458,0.3995943069458008,0.3995943069458008,0.39936748147010803,0.0023506554171409777
2226,1.0601381063461304,0.3995943069458008,0.3995943069458008,0.39936748147010803,0.001845144231192471
2227,1.0601377487182617,0.3995943069458008,0.3995943069458008,0.39936748147010803,0.0019433910337256725
2228,1.0602619647979736,0.3995943069458008,0.3995943069458008,0.39936748147010803,0.0025754450085255965
2229,1.0602017641067505,0.3995943069458008,0.3995943069458008,0.39936748147010803,0.0023709522348593338
2230,1.0602662563323975,0.3995943069458008,0.3995943069458008,0.39936748147010803,0.004283133554968206
2231,1.0601606369018555,0.3995943069458008,0.3995943069458008,0.39936748147010803,0.002050903396906398
2232,1.0601866245269775,0.3995943069458008,0.3995943069458008,0.39936748147010803,0.003012740936517693
2233,1.0601671934127808,0.3995943069458008,0.3995943069458008,0.39936748147010803,0.002280981574661518
2234,1.060191035270691,0.3995943069458008,0.3995943069458008,0.39936748147010803,0.002858714552451654
2235,1.0602446794509888,0.3995943069458008,0.3995943069458008,0.39936748147010803,0.0024337308471023187
2236,1.0601519346237183,0.3995943069458008,0.3995943069458008,0.39936748147010803,0.0026178286351968066
2237,1.0602368116378784,0.3995943069458008,0.3995943069458008,0.39936748147010803,0.0023046637807125196
2238,1.0601593255996704,0.3995943069458008,0.3995943069458008,0.39936748147010803,0.0019596448189424798
2239,1.0601778030395508,0.3995943069458008,0.3995943069458008,0.39936748147010803,0.0026939014175136333
2240,1.0601603984832764,0.3995943069458008,0.3995943069458008,0.39936748147010803,0.0027967375234406147
2241,1.060150384902954,0.3995943069458008,0.3995943069458008,0.39936748147010803,0.0024636009254230622
2242,1.0603125095367432,0.3995943069458008,0.3995943069458008,0.39936748147010803,0.003780801183177898
2243,1.06020987033844,0.3995943069458008,0.3995943069458008,0.39936748147010803,0.0018879415582857809
2244,1.0601989030838013,0.3995943069458008,0.3995943069458008,0.39936748147010803,0.003469266983805543
2245,1.0602065324783325,0.3995943069458008,0.3995943069458008,0.39936748147010803,0.0036305354680606573
2246,1.0602811574935913,0.3995943069458008,0.3995943069458008,0.39936748147010803,0.004019041595486305
2247,1.0601218938827515,0.3995943069458008,0.3995943069458008,0.39936748147010803,0.0026715994803756865
2248,1.060172200202942,0.3995943069458008,0.3995943069458008,0.39936748147010803,0.002008887989705671
2249,1.0601266622543335,0.3995943069458008,0.3995943069458008,0.39936748147010803,0.002703945648047184
2250,1.0602195262908936,0.3995943069458008,0.3995943069458008,0.39936748147010803,0.0032532140043253274
2251,1.0601719617843628,0.3995943069458008,0.3995943069458008,0.39936748147010803,0.0031578568937047444
2252,1.06016206741333,0.3995943069458008,0.3995943069458008,0.39936748147010803,0.003194546303734152
2253,1.0601459741592407,0.3995943069458008,0.3995943069458008,0.39936748147010803,0.002749439227018664
2254,1.0600636005401611,0.3995943069458008,0.3995943069458008,0.39936748147010803,0.0028384268921438148
2255,1.0602308511734009,0.3995943069458008,0.3995943069458008,0.39936748147010803,0.003766807202469758
2256,1.0601850748062134,0.3995943069458008,0.3995943069458008,0.39936748147010803,0.00293265561405441
2257,1.0602197647094727,0.3995943069458008,0.3995943069458008,0.39936748147010803,0.0037597699528364313
2258,1.0601731538772583,0.3995943069458008,0.3995943069458008,0.39936748147010803,0.004614544948800752
2259,1.0603269338607788,0.3995943069458008,0.3995943069458008,0.39936748147010803,0.00426593598795395
2260,1.0602011680603027,0.3995943069458008,0.3995943069458008,0.39936748147010803,0.0023256134547782474
2261,1.0602331161499023,0.3995943069458008,0.3995943069458008,0.39936748147010803,0.0034070418792867007
2262,1.0604418516159058,0.3995943069458008,0.3995943069458008,0.39936748147010803,0.004440134957881213
2263,1.0599932670593262,0.3995943069458008,0.3995943069458008,0.39936748147010803,0.004897187187085583
2264,1.060036301612854,0.3995943069458008,0.3995943069458008,0.39936748147010803,0.0034673160952571063
2265,1.0601098537445068,0.3995943069458008,0.3995943069458008,0.39936748147010803,0.002080910519629282
2266,1.0599429607391357,0.3995943069458008,0.3995943069458008,0.39936748147010803,0.004970926394979168
2267,1.0602918863296509,0.3995943069458008,0.3995943069458008,0.39936748147010803,0.005063593445113943
2268,1.0603992938995361,0.3995943069458008,0.3995943069458008,0.39936748147010803,0.009244269998996066
2269,1.0602078437805176,0.3995943069458008,0.3995943069458008,0.39936748147010803,0.005561468794765253
2270,1.0607545375823975,0.3995943069458008,0.3995943069458008,0.39936748147010803,0.007058818776044731
2271,1.0603623390197754,0.3995943069458008,0.3995943069458008,0.39936748147010803,0.003339261365211692
2272,1.060275673866272,0.3995943069458008,0.3995943069458008,0.39936748147010803,0.0038647265533557685
2273,1.0601321458816528,0.3995943069458008,0.3995943069458008,0.39936748147010803,0.006395981846168671
2274,1.0601505041122437,0.3995943069458008,0.3995943069458008,0.39936748147010803,0.008012594521654086
2275,1.0602797269821167,0.3995943069458008,0.3995943069458008,0.39936748147010803,0.004113519316952596
2276,1.0601356029510498,0.3995943069458008,0.3995943069458008,0.39936748147010803,0.0020572620713292496
2277,1.0602158308029175,0.3995943069458008,0.3995943069458008,0.39936748147010803,0.001584854012458942
2278,1.0603134632110596,0.3995943069458008,0.3995943069458008,0.39936748147010803,0.004352766895892353
2279,1.0602538585662842,0.3995943069458008,0.3995943069458008,0.39936748147010803,0.004173216247862628
2280,1.0602242946624756,0.3995943069458008,0.3995943069458008,0.39936748147010803,0.0037538101164716836
2281,1.060185194015503,0.3995943069458008,0.3995943069458008,0.39936748147010803,0.0026022968016993593
2282,1.0601928234100342,0.3995943069458008,0.3995943069458008,0.39936748147010803,0.001993017457785582
2283,1.0601563453674316,0.3995943069458008,0.3995943069458008,0.39936748147010803,0.0017714819706880507
2284,1.060148000717163,0.3995943069458008,0.3995943069458008,0.39936748147010803,0.0015859097668411565
2285,1.060144305229187,0.3995943069458008,0.3995943069458008,0.39936748147010803,0.0024478406385669547
2286,1.060194492340088,0.3995943069458008,0.3995943069458008,0.39936748147010803,0.0023903800400911627
2287,1.060302972793579,0.3995943069458008,0.3995943069458008,0.39936748147010803,0.004689136697321344
2288,1.06009840965271,0.3995943069458008,0.3995943069458008,0.39936748147010803,0.004057532886245546
2289,1.060163140296936,0.3995943069458008,0.3995943069458008,0.39936748147010803,0.0017851286786624858
2290,1.0601714849472046,0.3995943069458008,0.3995943069458008,0.39936748147010803,0.0014393000437629923
2291,1.0600781440734863,0.3995943069458008,0.3995943069458008,0.39936748147010803,0.003404834804032522
2292,1.0602328777313232,0.3995943069458008,0.3995943069458008,0.39936748147010803,0.004290104983246219
2293,1.060121774673462,0.3995943069458008,0.3995943069458008,0.39936748147010803,0.006269000113438921
2294,1.0600675344467163,0.3995943069458008,0.3995943069458008,0.39936748147010803,0.0045906418437506825
2295,1.0600614547729492,0.3995943069458008,0.3995943069458008,0.39936748147010803,0.004164279660302604
2296,1.0600372552871704,0.3995943069458008,0.3995943069458008,0.39936748147010803,0.009280219978372927
2297,1.0604279041290283,0.3995943069458008,0.3995943069458008,0.39936748147010803,0.006791377921218517
2298,1.060167908668518,0.3995943069458008,0.3995943069458008,0.39936748147010803,0.00781394392507116
2299,1.0603259801864624,0.3995943069458008,0.3995943069458008,0.39936748147010803,0.004493274089994194
2300,1.0600996017456055,0.3995943069458008,0.3995943069458008,0.39936748147010803,0.004393605212852025
2301,1.06015145778656,0.3995943069458008,0.3995943069458008,0.39936748147010803,0.0020774501418541176
2302,1.0601879358291626,0.3995943069458008,0.3995943069458008,0.39936748147010803,0.005422078597777575
2303,1.0603084564208984,0.3995943069458008,0.3995943069458008,0.39936748147010803,0.004832749548772072
2304,1.0602452754974365,0.3995943069458008,0.3995943069458008,0.39936748147010803,0.005517221262025054
2305,1.0603115558624268,0.3995943069458008,0.3995943069458008,0.39936748147010803,0.00568263831707406
2306,1.0600541830062866,0.3995943069458008,0.3995943069458008,0.39936748147010803,0.0051149756040674505
2307,1.0600361824035645,0.3995943069458008,0.3995943069458008,0.39936748147010803,0.006765267544370402
2308,1.0600693225860596,0.3995943069458008,0.3995943069458008,0.39936748147010803,0.006591224773976782
2309,1.060369610786438,0.3995943069458008,0.3995943069458008,0.39936748147010803,0.007146407964155832
2310,1.0603654384613037,0.3995943069458008,0.3995943069458008,0.39936748147010803,0.007245292886692769
2311,1.0603803396224976,0.3995943069458008,0.3995943069458008,0.39936748147010803,0.005560088411858775
2312,1.0601915121078491,0.3995943069458008,0.3995943069458008,0.39936748147010803,0.005115842072487023
2313,1.0601593255996704,0.3995943069458008,0.3995943069458008,0.39936748147010803,0.002988346880771828
2314,1.059973120689392,0.3995943069458008,0.3995943069458008,0.39936748147010803,0.0043841983932818365
2315,1.060299038887024,0.3995943069458008,0.3995943069458008,0.39936748147010803,0.0038429054023315294
2316,1.0602123737335205,0.3995943069458008,0.3995943069458008,0.39936748147010803,0.003691891516532045
2317,1.0600765943527222,0.3995943069458008,0.3995943069458008,0.39936748147010803,0.004718856241982174
2318,1.060192346572876,0.3995943069458008,0.3995943069458008,0.39936748147010803,0.005037083899512649
2319,1.060172200202942,0.3995943069458008,0.3995943069458008,0.39936748147010803,0.0036374776063852663
2320,1.0600149631500244,0.3995943069458008,0.3995943069458008,0.39936748147010803,0.0033058436278821063
2321,1.0600967407226562,0.3995943069458008,0.3995943069458008,0.39936748147010803,0.0028927263605753217
2322,1.0605148077011108,0.3995943069458008,0.3995943069458008,0.39936748147010803,0.007013145987825091
2323,1.0601788759231567,0.3995943069458008,0.3995943069458008,0.39936748147010803,0.0025575278387689024
2324,1.0600594282150269,0.3995943069458008,0.3995943069458008,0.39936748147010803,0.0034888568892388243
2325,1.0603305101394653,0.3995943069458008,0.3995943069458008,0.39936748147010803,0.0032401212473857073
2326,1.060165286064148,0.3995943069458008,0.3995943069458008,0.39936748147010803,0.004332236224529931
2327,1.0603291988372803,0.3995943069458008,0.3995943069458008,0.39936748147010803,0.004096153454298803
2328,1.060121774673462,0.3995943069458008,0.3995943069458008,0.39936748147010803,0.0036282415914306353
2329,1.0602359771728516,0.3995943069458008,0.3995943069458008,0.39936748147010803,0.002535084881395032
2330,1.0602084398269653,0.3995943069458008,0.3995943069458008,0.39936748147010803,0.0029918575483903888
2331,1.0601921081542969,0.3995943069458008,0.3995943069458008,0.39936748147010803,0.0013869016909062702
2332,1.0601953268051147,0.3995943069458008,0.3995943069458008,0.39936748147010803,0.0011034789791874344
2333,1.0602115392684937,0.3995943069458008,0.3995943069458008,0.39936748147010803,0.0016502334850141442
2334,1.0601853132247925,0.3995943069458008,0.3995943069458008,0.39936748147010803,0.001413718991392849
2335,1.0601813793182373,0.3995943069458008,0.3995943069458008,0.39936748147010803,0.0017649919964422642
2336,1.0601824522018433,0.3995943069458008,0.3995943069458008,0.39936748147010803,0.0017063108832966398
2337,1.0601811408996582,0.3995943069458008,0.3995943069458008,0.39936748147010803,0.0015781549394549973
2338,1.0601794719696045,0.3995943069458008,0.3995943069458008,0.39936748147010803,0.001042327133060008
2339,1.0601781606674194,0.3995943069458008,0.3995943069458008,0.39936748147010803,0.0004684990628598473
2340,1.060178279876709,0.3995943069458008,0.3995943069458008,0.39936748147010803,0.00037634453303186856
2341,1.0601789951324463,0.3995943069458008,0.3995943069458008,0.39936748147010803,0.0008477454173039987
2342,1.0601800680160522,0.3995943069458008,0.3995943069458008,0.39936748147010803,0.0011827325644087653
2343,1.0601803064346313,0.3995943069458008,0.3995943069458008,0.39936748147010803,0.001283149069187505
2344,1.0601798295974731,0.3995943069458008,0.3995943069458008,0.39936748147010803,0.0011460980621686905
2345,1.0601789951324463,0.3995943069458008,0.3995943069458008,0.39936748147010803,0.0008260858152839543
2346,1.0601783990859985,0.3995943069458008,0.3995943069458008,0.39936748147010803,0.00042089070615053685
2347,1.0601779222488403,0.3995943069458008,0.3995943069458008,0.39936748147010803,0.00023346604468257916
2348,1.0601783990859985,0.3995943069458008,0.3995943069458008,0.39936748147010803,0.0005109530247378305
2349,1.0601786375045776,0.3995943069458008,0.3995943069458008,0.39936748147010803,0.0007309071380645612
2350,1.0601787567138672,0.3995943069458008,0.3995943069458008,0.39936748147010803,0.0008268519740614316
2351,1.060178518295288,0.3995943069458008,0.3995943069458008,0.39936748147010803,0.0007085709497783342
2352,1.0601783990859985,0.3995943069458008,0.3995943069458008,0.39936748147010803,0.0005444523272011626
2353,1.0601781606674194,0.3995943069458008,0.3995943069458008,0.39936748147010803,0.0003567883221029326
2354,1.0601778030395508,0.3995943069458008,0.3995943069458008,0.39936748147010803,0.001726070849530063
2355,1.0601799488067627,0.3995943069458008,0.3995943069458008,0.39936748147010803,0.0006466674420507913
2356,1.060178518295288,0.3995943069458008,0.3995943069458008,0.39936748147010803,0.000683959873714256
2357,1.0601788759231567,0.3995943069458008,0.3995943069458008,0.39936748147010803,0.000714043973118554
2358,1.0601781606674194,0.3995943069458008,0.3995943069458008,0.39936748147010803,0.0006571951021625438
2359,1.0601747035980225,0.3995943069458008,0.3995943069458008,0.39936748147010803,0.0008000847804300042
2360,1.0601749420166016,0.3995943069458008,0.3995943069458008,0.39936748147010803,0.0005384478311502341
2361,1.0601762533187866,0.3995943069458008,0.3995943069458008,0.39936748147010803,0.0002723821083395777
2362,1.0601788759231567,0.3995943069458008,0.3995943069458008,0.39936748147010803,0.0006160750727444423
2363,1.0601751804351807,0.3995943069458008,0.3995943069458008,0.39936748147010803,0.0011752500802847108
2364,1.0601508617401123,0.3995943069458008,0.3995943069458008,0.39936748147010803,0.0021457075406630193
2365,1.0601656436920166,0.3995943069458008,0.3995943069458008,0.39936748147010803,0.0016219950553473354
2366,1.0601487159729004,0.3995943069458008,0.3995943069458008,0.39936748147010803,0.0016939012054547307
2367,1.060105562210083,0.3995943069458008,0.3995943069458008,0.39936748147010803,0.002272612164428572
2368,1.0603158473968506,0.3995943069458008,0.3995943069458008,0.39936748147010803,0.003942473020461553
2369,1.0601125955581665,0.3995943069458008,0.3995943069458008,0.39936748147010803,0.0022217011854543003
2370,1.060158371925354,0.3995943069458008,0.3995943069458008,0.39936748147010803,0.004641569597606101
2371,1.0603214502334595,0.3995943069458008,0.3995943069458008,0.39936748147010803,0.005464601717206325
2372,1.060113787651062,0.3995943069458008,0.3995943069458008,0.39936748147010803,0.004146471593122907
2373,1.0602105855941772,0.3995943069458008,0.3995943069458008,0.39936748147010803,0.0035462307579891355
2374,1.0600855350494385,0.3995943069458008,0.3995943069458008,0.39936748147010803,0.004908928020063834
2375,1.0601330995559692,0.3995943069458008,0.3995943069458008,0.39936748147010803,0.00364297206837992
2376,1.060194730758667,0.3995943069458008,0.3995943069458008,0.39936748147010803,0.0038694707939708347
2377,1.0603052377700806,0.3995943069458008,0.3995943069458008,0.39936748147010803,0.006341151517225792
2378,1.0601218938827515,0.3995943069458008,0.3995943069458008,0.39936748147010803,0.004591906738296424
2379,1.0602747201919556,0.3995943069458008,0.3995943069458008,0.39936748147010803,0.005836336903561687
2380,1.0604522228240967,0.3995943069458008,0.3995943069458008,0.39936748147010803,0.006006440554809594
2381,1.05989408493042,0.3995943069458008,0.3995943069458008,0.39936748147010803,0.007086040494364035
2382,1.0602526664733887,0.3995943069458008,0.3995943069458008,0.39936748147010803,0.0055898954485933345
2383,1.0601425170898438,0.3995943069458008,0.3995943069458008,0.39936748147010803,0.004223532878919661
2384,1.0599493980407715,0.3995943069458008,0.3995943069458008,0.39936748147010803,0.005940677695694934
2385,1.0600261688232422,0.3995943069458008,0.3995943069458008,0.39936748147010803,0.00574964969647621
2386,1.0599647760391235,0.3995943069458008,0.3995943069458008,0.39936748147010803,0.0040911510009809925
2387,1.059637427330017,0.3995943069458008,0.3995943069458008,0.39936748147010803,0.006676232305921203
2388,1.061729907989502,0.3995943069458008,0.3995943069458008,0.39936748147010803,0.01665835853681634
2389,1.0604993104934692,0.3995943069458008,0.3995943069458008,0.39936748147010803,0.007306563227862235
2390,1.0604227781295776,0.3995943069458008,0.3995943069458008,0.39936748147010803,0.008457229654623631
2391,1.0605061054229736,0.3995943069458008,0.3995943069458008,0.39936748147010803,0.01119262896881875
2392,1.0605590343475342,0.3995943069458008,0.3995943069458008,0.39936748147010803,0.011741079624815114
2393,1.0604804754257202,0.3995943069458008,0.3995943069458008,0.39936748147010803,0.008067967480658755
2394,1.0602188110351562,0.3995943069458008,0.3995943069458008,0.39936748147010803,0.00287316347909523
2395,1.0602189302444458,0.3995943069458008,0.3995943069458008,0.39936748147010803,0.0026410826330809144
2396,1.0603241920471191,0.3995943069458008,0.3995943069458008,0.39936748147010803,0.005559269474214145
2397,1.060300588607788,0.3995943069458008,0.3995943069458008,0.39936748147010803,0.007195315342173306
2398,1.0602917671203613,0.3995943069458008,0.3995943069458008,0.39936748147010803,0.007550821012052803
2399,1.0602610111236572,0.3995943069458008,0.3995943069458008,0.39936748147010803,0.006401870887508511
2400,1.0602126121520996,0.3995943069458008,0.3995943069458008,0.39936748147010803,0.004140256922486655
