epoch,loss,train_acc,val_acc,test_acc,gradient_norm
1,1.1106853485107422,0.39249491691589355,0.39249491691589355,0.3925054967403412,0.2618190158063056
2,1.0698339939117432,0.3995943069458008,0.3995943069458008,0.39936748147010803,0.09183476738173367
3,1.0603057146072388,0.3995943069458008,0.3995943069458008,0.39936748147010803,0.029514949923684416
4,1.062404990196228,0.3995943069458008,0.3995943069458008,0.39936748147010803,0.06098952782708028
5,1.0693488121032715,0.3995943069458008,0.3995943069458008,0.39936748147010803,0.07817407954059283
6,1.0648272037506104,0.3995943069458008,0.3995943069458008,0.39936748147010803,0.05508429048749695
7,1.0604230165481567,0.3945233225822449,0.4001014232635498,0.4000835418701172,0.03060361599974637
8,1.058220624923706,0.4198782742023468,0.3879310190677643,0.4044990539550781,0.028328150198995976
9,1.0528042316436768,0.4229208827018738,0.39604461193084717,0.3956083059310913,0.04380312926050084
10,1.0491207838058472,0.4381338655948639,0.4011155962944031,0.4028880000114441,0.0912523943646211
11,1.050545334815979,0.45233264565467834,0.3919878304004669,0.406706839799881,0.07687943427772198
12,1.0410252809524536,0.44726166129112244,0.4016227126121521,0.3962646722793579,0.1188936424670923
13,1.032800555229187,0.42596349120140076,0.4087221026420593,0.4061698019504547,0.23569829632849187
14,1.027629017829895,0.4249492883682251,0.409736305475235,0.41070467233657837,0.19701738216794748
15,1.0127934217453003,0.47565922141075134,0.4016227126121521,0.39930781722068787,0.19106905588597523
16,1.0167534351348877,0.4381338655948639,0.4031440019607544,0.40658748149871826,0.44817243201029655
17,0.9931483268737793,0.453346848487854,0.39908722043037415,0.4073035418987274,0.22802994707090404
18,0.9796398878097534,0.5040568113327026,0.4016227126121521,0.40127691626548767,0.2880095402373198
19,0.9732500314712524,0.450304239988327,0.39553752541542053,0.40706485509872437,0.46658613448852476
20,0.9567205309867859,0.5,0.3950304090976715,0.4089742600917816,0.4720778420282996
21,0.9344512224197388,0.5283975601196289,0.3914807140827179,0.40640848875045776,0.14988794011342998
22,0.9171136617660522,0.4979715943336487,0.39908722043037415,0.4133301377296448,0.2725331830514858
23,0.9029724597930908,0.5709939002990723,0.4051724076271057,0.412614107131958,0.5125459296000165
24,0.8922761678695679,0.5385395288467407,0.4036511182785034,0.42490601539611816,0.5005266363727896
25,0.8591492772102356,0.5770791172981262,0.41886410117149353,0.43302103877067566,0.4724322736811378
26,0.8361243605613708,0.6399593949317932,0.4416835606098175,0.44179245829582214,0.3801223618289102
27,0.8167508840560913,0.5395537614822388,0.4386409521102905,0.45832088589668274,0.7284941307953327
28,0.8301950097084045,0.6774847507476807,0.500507116317749,0.49579328298568726,1.5016728620286783
29,0.7769463658332825,0.6866125464439392,0.5339756608009338,0.539232611656189,0.6119097112145463
30,0.7608463168144226,0.6957403421401978,0.5856997966766357,0.5881019234657288,0.36546243145339696
31,0.7299378514289856,0.7180527448654175,0.5968559980392456,0.6050480008125305,0.4888016651432527
32,0.6936859488487244,0.726166307926178,0.5775861740112305,0.5812399387359619,0.5417570563852915
33,0.6593526601791382,0.7413793206214905,0.6232251524925232,0.6297511458396912,0.5102053862791806
34,0.6270403861999512,0.7423934936523438,0.5988843441009521,0.6076734662055969,0.7754266988962134
35,0.5846096277236938,0.749492883682251,0.6206896305084229,0.6256936192512512,0.5488743692595556
36,0.5537554621696472,0.7525354623794556,0.6470587849617004,0.657795786857605,0.4065301249875126
37,0.5380769371986389,0.7576064467430115,0.639452338218689,0.6494420766830444,0.5861361941819118
38,0.5039852261543274,0.7626774907112122,0.6201825141906738,0.6242018938064575,0.4117773982139844
39,0.47850555181503296,0.7718052268028259,0.6374239325523376,0.635002076625824,0.44657173262503774
40,0.4629078507423401,0.7738336324691772,0.6450304388999939,0.6481890082359314,0.4129221999829751
41,0.44425487518310547,0.7768762707710266,0.6419878005981445,0.6423414349555969,0.3826102269244939
42,0.4232623279094696,0.7758620381355286,0.6252535581588745,0.6254549622535706,0.3680918924104967
43,0.4143165349960327,0.7768762707710266,0.6343812942504883,0.6354197859764099,0.4510129066751831
44,0.3940666913986206,0.7789046764373779,0.6414807438850403,0.641923725605011,0.2964431720475624
45,0.38385501503944397,0.7799188494682312,0.639452338218689,0.6348230838775635,0.32929515676082655
46,0.36993736028671265,0.7809330224990845,0.6140973567962646,0.6135210990905762,0.3995342943314112
47,0.361665278673172,0.7890466451644897,0.627281904220581,0.6273643970489502,0.5041110429233506
48,0.36833956837654114,0.7870182394981384,0.6308315992355347,0.6336893439292908,0.5207098571905779
49,0.3652038872241974,0.8062880039215088,0.627281904220581,0.6230084896087646,0.6983231253590934
50,0.33739498257637024,0.8397565484046936,0.6516227126121521,0.6449668407440186,0.3985989733924536
51,0.3385734558105469,0.8640973567962646,0.6430020332336426,0.6333910226821899,0.5269598365860686
52,0.32931381464004517,0.8823529481887817,0.6384381055831909,0.6311832070350647,0.5724159108158751
53,0.3362770080566406,0.8752535581588745,0.6658214926719666,0.6567217707633972,0.5649038951435835
54,0.33889156579971313,0.8995943069458008,0.6242393255233765,0.6138790845870972,0.8565759920940258
55,0.31977108120918274,0.90567946434021,0.6014198660850525,0.5915030837059021,0.5946958169639637
56,0.3217456042766571,0.8935090899467468,0.6673427820205688,0.6452652215957642,0.8823932134755207
57,0.3309742212295532,0.9077078700065613,0.6541581749916077,0.6366727948188782,0.8852352663366989
58,0.29794764518737793,0.9137930870056152,0.6308315992355347,0.6146547794342041,0.42621509080203196
59,0.31909680366516113,0.9137930870056152,0.633367121219635,0.6169819235801697,0.7474514941870763
60,0.28876957297325134,0.9137930870056152,0.6384381055831909,0.6252759695053101,0.511151267319603
61,0.2740037143230438,0.9137930870056152,0.639452338218689,0.6358374357223511,0.5457706800768742
62,0.28129640221595764,0.9198782444000244,0.6247464418411255,0.6179962754249573,0.6209686333577558
63,0.2779296636581421,0.9198782444000244,0.6181541681289673,0.615490198135376,0.5748280081219095
64,0.258575975894928,0.9219066500663757,0.6343812942504883,0.6296318173408508,0.5684038307477924
65,0.26155897974967957,0.9219066500663757,0.6303245425224304,0.6192493438720703,0.6650385502532405
66,0.25580093264579773,0.930020272731781,0.6125760674476624,0.6061220765113831,0.5517143089943308
67,0.2532491683959961,0.9249492883682251,0.639452338218689,0.6320782899856567,0.5530110707828865
68,0.26069653034210205,0.9330628514289856,0.6044624447822571,0.5975296497344971,0.9496601726762959
69,0.2608639895915985,0.9269776940345764,0.6399593949317932,0.6310638785362244,0.9904060497988972
70,0.23916809260845184,0.9330628514289856,0.650608479976654,0.6385822296142578,0.6976297700781284
71,0.23352108895778656,0.9361054301261902,0.6191683411598206,0.6113132834434509,0.7732109247932103
72,0.25417736172676086,0.9350912570953369,0.6516227126121521,0.6447281837463379,0.8062861109808477
73,0.2683660089969635,0.9350912570953369,0.6353955268859863,0.6242018938064575,0.9589396751635103
74,0.21918721497058868,0.9371196627616882,0.6369168162345886,0.6230084896087646,0.5908788463268918
75,0.2132796347141266,0.9391480684280396,0.632860004901886,0.6186526417732239,0.5371410779036153
76,0.22898298501968384,0.9391480684280396,0.6318458318710327,0.6176979541778564,0.7512293055107763
77,0.2186770737171173,0.9411764740943909,0.6521298289299011,0.6351214051246643,0.7054281848509598
78,0.22929079830646515,0.9442190527915955,0.6135902404785156,0.6002147793769836,0.9525695635782986
79,0.2225399613380432,0.9401622414588928,0.6455374956130981,0.6335103511810303,1.0436362852525445
80,0.2547714412212372,0.9442190527915955,0.6440162062644958,0.6304075121879578,0.7811958685949218
81,0.21100503206253052,0.9462474584579468,0.6369168162345886,0.6305268406867981,0.533209804110289
82,0.22894364595413208,0.9492900371551514,0.6541581749916077,0.6376872062683105,0.9577061063326074
83,0.22112789750099182,0.9513184428215027,0.6460446119308472,0.6287964582443237,0.6069865622360223
84,0.20052482187747955,0.952332615852356,0.6424949169158936,0.6290947794914246,0.637652589793446
85,0.21825295686721802,0.9553752541542053,0.610547661781311,0.6030789017677307,0.769009071692972
86,0.2184007465839386,0.9513184428215027,0.6435090899467468,0.6299301981925964,0.938906580982518
87,0.1983727663755417,0.9553752541542053,0.6440162062644958,0.6359567642211914,0.8153990824032722
88,0.20564423501491547,0.9634888172149658,0.609533429145813,0.6011695265769958,0.9830237229420681
89,0.20363761484622955,0.9482758641242981,0.6648072600364685,0.6566023826599121,1.436300164387559
90,0.2388996183872223,0.9614604115486145,0.6146044731140137,0.6076734662055969,2.5011158687791353
91,0.24536925554275513,0.9563894271850586,0.633367121219635,0.6227101683616638,1.3099128434328675
92,0.21701599657535553,0.9472616314888,0.6668356657028198,0.6486067175865173,0.7827188759678047
93,0.24063386023044586,0.9482758641242981,0.6617646813392639,0.6449668407440186,1.1754049866395337
94,0.20557376742362976,0.9563894271850586,0.6424949169158936,0.626051664352417,0.7938028500061376
95,0.21501277387142181,0.9594320058822632,0.5998985767364502,0.5937705039978027,0.6533966015289489
96,0.22610628604888916,0.952332615852356,0.6374239325523376,0.6363148093223572,1.6847789425192654
97,0.229649618268013,0.952332615852356,0.6455374956130981,0.6429978013038635,1.099178917657882
98,0.2005450278520584,0.9604462385177612,0.6409736275672913,0.6287367939949036,0.6852151419069352
99,0.19575722515583038,0.9584178328514099,0.6445233225822449,0.635002076625824,0.7479509262052623
100,0.2153753638267517,0.9563894271850586,0.6637930870056152,0.6591085195541382,0.9883282610404998
101,0.20959129929542542,0.9655172228813171,0.6536511182785034,0.6432364583015442,1.3372216553563694
102,0.1774672120809555,0.9695740342140198,0.6475659012794495,0.6383435726165771,0.5202406141421296
103,0.18348577618598938,0.9655172228813171,0.656186580657959,0.6418043971061707,0.6546913494487306
104,0.19591891765594482,0.9604462385177612,0.6622717976570129,0.6491437554359436,0.6558140325314451
105,0.19241605699062347,0.9645029902458191,0.6516227126121521,0.6400142908096313,0.7524930145794195
106,0.1856464445590973,0.9645029902458191,0.6440162062644958,0.6374485492706299,0.5616802935721804
107,0.1856636106967926,0.9675456285476685,0.6470587849617004,0.6335103511810303,0.593887740365965
108,0.19226853549480438,0.9675456285476685,0.6511155962944031,0.6385225653648376,0.6394566756652521
109,0.19451649487018585,0.9645029902458191,0.6612575650215149,0.6461005806922913,0.7541967929715394
110,0.1809254139661789,0.9645029902458191,0.6612575650215149,0.6445491909980774,0.7365625523202779
111,0.16171953082084656,0.9716024398803711,0.6379310488700867,0.6220538020133972,0.7227866356209798
112,0.17111237347126007,0.9675456285476685,0.6511155962944031,0.6311235427856445,0.7456503930899722
113,0.16164207458496094,0.9655172228813171,0.6465517282485962,0.6338683366775513,0.6214367108070413
114,0.14955610036849976,0.9645029902458191,0.6419878005981445,0.6307655572891235,0.46191942167310973
115,0.15318481624126434,0.9695740342140198,0.6343812942504883,0.6208007335662842,0.5088673426528639
116,0.1654471457004547,0.9634888172149658,0.6450304388999939,0.6382242441177368,0.7362567772291699
117,0.15817205607891083,0.9685598015785217,0.633874237537384,0.6330329775810242,0.6417270925823879
118,0.15411733090877533,0.970588207244873,0.627281904220581,0.6157288551330566,0.613523923779444
119,0.1655604988336563,0.9685598015785217,0.6419878005981445,0.6442508101463318,0.9248510733918667
120,0.1458413451910019,0.9675456285476685,0.6531440019607544,0.6492630839347839,0.5884989341880611
121,0.14016270637512207,0.9675456285476685,0.6501014232635498,0.6473536491394043,0.4677991444736787
122,0.160971000790596,0.9675456285476685,0.6414807438850403,0.641506016254425,0.5998468236547877
123,0.1621025949716568,0.9675456285476685,0.6424949169158936,0.6373888254165649,0.5429026480031426
124,0.15727239847183228,0.9685598015785217,0.633874237537384,0.6182349920272827,0.5907088886247989
125,0.16168443858623505,0.9645029902458191,0.6526368856430054,0.6355391144752502,0.7042563633112856
126,0.1686050146818161,0.9685598015785217,0.6445233225822449,0.6267080307006836,0.8024975770461205
127,0.18463870882987976,0.9726166129112244,0.633874237537384,0.6169222593307495,0.8152951580995744
128,0.15903368592262268,0.9604462385177612,0.6713995933532715,0.6517691612243652,0.8934526354914258
129,0.17198556661605835,0.9736307859420776,0.632860004901886,0.6098215579986572,1.310260959882082
130,0.19903752207756042,0.9675456285476685,0.6668356657028198,0.6508144736289978,1.6686049035940915
131,0.1387941986322403,0.9614604115486145,0.6713995933532715,0.6566620469093323,0.563147077524652
132,0.15853238105773926,0.975659191608429,0.650608479976654,0.6290947794914246,1.4385000081884607
133,0.1554795354604721,0.976673424243927,0.6516227126121521,0.6325556039810181,1.2360510655262955
134,0.1262848824262619,0.9716024398803711,0.6617646813392639,0.6421623826026917,0.5288018364223604
135,0.1586153209209442,0.9736307859420776,0.6556795239448547,0.6387015581130981,0.7315116232227019
136,0.16466131806373596,0.9787018299102783,0.6435090899467468,0.6206217408180237,0.8372138445540976
137,0.1430521160364151,0.976673424243927,0.650608479976654,0.6323766112327576,0.9358277518410834
138,0.13535910844802856,0.975659191608429,0.6612575650215149,0.6452652215957642,0.5609098808880092
139,0.13236363232135773,0.9787018299102783,0.6592292189598083,0.6404916644096375,0.6717422089001981
140,0.14376747608184814,0.9807301759719849,0.6526368856430054,0.6280207633972168,0.7144716936654048
141,0.12178614735603333,0.9776875972747803,0.656693696975708,0.6435944437980652,0.7220153532072936
142,0.1356133371591568,0.9817444086074829,0.6622717976570129,0.6481293439865112,0.5907363772375336
143,0.127198725938797,0.9776875972747803,0.6495943069458008,0.6330926418304443,0.709762541094249
144,0.13334734737873077,0.9817444086074829,0.662778913974762,0.6475326418876648,1.0659333815041363
145,0.14364740252494812,0.9787018299102783,0.6531440019607544,0.6388806104660034,0.9656663276260331
146,0.13371212780475616,0.9817444086074829,0.6485801339149475,0.6308252215385437,0.6054666994382724
147,0.14785435795783997,0.9776875972747803,0.6703853607177734,0.6480100154876709,1.0077060223080059
148,0.15390701591968536,0.9837728142738342,0.6414807438850403,0.6267080307006836,1.3167172927683297
149,0.13708530366420746,0.9827585816383362,0.6282961368560791,0.6110149621963501,0.6446092288843727
150,0.14632073044776917,0.9797160029411316,0.6668356657028198,0.6474133133888245,1.2121228542820817
151,0.12616030871868134,0.9817444086074829,0.657200813293457,0.641148030757904,1.035238482791178
152,0.13072077929973602,0.9817444086074829,0.6419878005981445,0.6255146265029907,0.563322490287407
153,0.12144564092159271,0.9817444086074829,0.6516227126121521,0.6366727948188782,0.741226247524245
154,0.13045936822891235,0.9817444086074829,0.6582149863243103,0.6428784132003784,0.6934988039808121
155,0.12468450516462326,0.9817444086074829,0.6531440019607544,0.6394772529602051,0.5987288453517178
156,0.12093104422092438,0.9807301759719849,0.6440162062644958,0.630944550037384,0.5961127083714507
157,0.10721057653427124,0.9817444086074829,0.6252535581588745,0.612208366394043,0.4253978927546245
158,0.14614960551261902,0.9787018299102783,0.673935055732727,0.6517094969749451,1.3892454919767503
159,0.12203057110309601,0.976673424243927,0.6744421720504761,0.6526642441749573,1.0155817417242115
160,0.1378781944513321,0.9827585816383362,0.6460446119308472,0.6258130073547363,0.8402926627760263
161,0.1125517264008522,0.9837728142738342,0.6359026432037354,0.6168625950813293,0.5114354078182816
162,0.13190294802188873,0.976673424243927,0.6729208827018738,0.6574974656105042,1.3631740659396423
163,0.14036986231803894,0.9776875972747803,0.6769776940345764,0.659048855304718,0.9230531508754377
164,0.1311638206243515,0.9847869873046875,0.6445233225822449,0.630944550037384,1.17227544643188
165,0.12945911288261414,0.9847869873046875,0.6409736275672913,0.6246792674064636,0.7438754402144283
166,0.1264522820711136,0.9827585816383362,0.6673427820205688,0.6516498327255249,0.9687982507411439
167,0.12919370830059052,0.9817444086074829,0.6607505083084106,0.6480100154876709,0.98694478415135
168,0.11050860583782196,0.9858012199401855,0.6232251524925232,0.6088668704032898,1.0560816525213679
169,0.12720590829849243,0.9827585816383362,0.6460446119308472,0.6338086724281311,1.6047397790334441
170,0.10821958631277084,0.9746450185775757,0.673935055732727,0.6543946266174316,0.8033038938003207
171,0.13503117859363556,0.9787018299102783,0.6693711876869202,0.6506354808807373,1.2032099491257169
172,0.10927902907133102,0.9827585816383362,0.6409736275672913,0.63136225938797,0.760229579873069
173,0.12238477170467377,0.9858012199401855,0.6232251524925232,0.6054657101631165,0.6360243300481119
174,0.14458255469799042,0.9817444086074829,0.6668356657028198,0.6466972827911377,1.928055521355974
175,0.11050234735012054,0.9787018299102783,0.6734279990196228,0.6505758166313171,0.8620477176604676
176,0.12694770097732544,0.9847869873046875,0.6516227126121521,0.6357777714729309,1.2999434876746792
177,0.1135580763220787,0.9847869873046875,0.6196754574775696,0.6034369468688965,0.5878875388163031
178,0.13024398684501648,0.9858012199401855,0.6379310488700867,0.626409649848938,1.159149492746976
179,0.12106045335531235,0.9746450185775757,0.6703853607177734,0.654513955116272,0.8948117809601223
180,0.1383524239063263,0.9797160029411316,0.6602433919906616,0.6466376185417175,1.5134131917429396
181,0.11237145215272903,0.9847869873046875,0.632860004901886,0.6250372529029846,0.7613411384826511
182,0.12822633981704712,0.9858012199401855,0.6389452219009399,0.6319589614868164,0.8872159937570301
183,0.1231066882610321,0.9726166129112244,0.6769776940345764,0.6581538319587708,0.8110611731435258
184,0.1444453001022339,0.9827585816383362,0.6460446119308472,0.6410883665084839,1.3736196592322538
185,0.1082260012626648,0.9837728142738342,0.6389452219009399,0.6247389316558838,0.5665205061302953
186,0.13210515677928925,0.976673424243927,0.662778913974762,0.6483680009841919,1.1576108139629175
187,0.11550180613994598,0.9787018299102783,0.6648072600364685,0.6483680009841919,0.8255254335389183
188,0.1096404492855072,0.9837728142738342,0.639452338218689,0.6198460459709167,0.8600310696818309
189,0.10821255296468735,0.9847869873046875,0.6298174262046814,0.6193090081214905,1.0143832404442186
190,0.118301622569561,0.9807301759719849,0.6643002033233643,0.6489050388336182,1.2958321964960162
191,0.10173662006855011,0.9746450185775757,0.6678498983383179,0.652485191822052,0.8847124223158435
192,0.13107167184352875,0.9807301759719849,0.6556795239448547,0.6421027183532715,1.1219869831499263
193,0.11043798923492432,0.9847869873046875,0.6298174262046814,0.6200250387191772,0.6374120844114555
194,0.1000056266784668,0.9837728142738342,0.6232251524925232,0.6142967939376831,0.4970743480488813
195,0.13087910413742065,0.975659191608429,0.6698783040046692,0.6593471765518188,1.4637658724105895
196,0.1374695599079132,0.9837728142738342,0.6632859706878662,0.6474133133888245,1.634511478367093
197,0.10201134532690048,0.9847869873046875,0.6353955268859863,0.6216360926628113,0.6010075795688237
198,0.10739906132221222,0.9847869873046875,0.6353955268859863,0.6189510226249695,0.7192843672694399
199,0.09337371587753296,0.9847869873046875,0.6643002033233643,0.6459812521934509,1.1049653902720724
200,0.09894202649593353,0.9827585816383362,0.6719066500663757,0.6484276652336121,0.7742950166122313
201,0.11877106875181198,0.9868153929710388,0.6369168162345886,0.6202040314674377,1.2549753129193155
202,0.1025550588965416,0.9847869873046875,0.6059837341308594,0.5888179540634155,0.6231198703185947
203,0.15870480239391327,0.9847869873046875,0.6643002033233643,0.6407899856567383,2.716460565640851
204,0.11964956670999527,0.9817444086074829,0.6648072600364685,0.6493824124336243,1.0513679104665559
205,0.13188977539539337,0.9837728142738342,0.639452338218689,0.6305268406867981,1.4604911188989735
206,0.11363615095615387,0.9817444086074829,0.6359026432037354,0.625633955001831,0.9638181770292792
207,0.12225416302680969,0.9847869873046875,0.6597362756729126,0.6497403979301453,1.332452708159193
208,0.13525396585464478,0.9858012199401855,0.6521298289299011,0.6455038785934448,1.3543354188888965
209,0.11982787400484085,0.9868153929710388,0.6277890205383301,0.6195476651191711,0.7933615038294172
210,0.12987813353538513,0.9858012199401855,0.6384381055831909,0.6369115114212036,1.3387792099851894
211,0.0953742042183876,0.9858012199401855,0.6424949169158936,0.640312671661377,0.7012775197089233
212,0.11991354823112488,0.9847869873046875,0.6455374956130981,0.6345247030258179,0.7453484361711605
213,0.11011814326047897,0.9858012199401855,0.6531440019607544,0.6338086724281311,0.5846469729825492
214,0.12498054653406143,0.9797160029411316,0.6622717976570129,0.6521868705749512,1.093904275742542
215,0.13715757429599762,0.9878295660018921,0.6556795239448547,0.6352407336235046,1.5789259284761863
216,0.11004174500703812,0.9858012199401855,0.6435090899467468,0.624022901058197,0.7610233261539061
217,0.11365456134080887,0.9776875972747803,0.6653143763542175,0.6540963053703308,1.7283506084496056
218,0.1519675999879837,0.9847869873046875,0.6495943069458008,0.6389999389648438,2.315961420128423
219,0.10894998162984848,0.9817444086074829,0.6277890205383301,0.6127454042434692,0.5760737584234173
220,0.15483547747135162,0.976673424243927,0.6597362756729126,0.6467569470405579,1.9869837589295671
221,0.15016210079193115,0.9726166129112244,0.6678498983383179,0.6520078778266907,0.9847707134573662
222,0.15693125128746033,0.9837728142738342,0.6455374956130981,0.6357777714729309,1.7032072012375061
223,0.11195068061351776,0.9827585816383362,0.6262677311897278,0.6163255572319031,0.7653659215388021
224,0.14234384894371033,0.9827585816383362,0.6516227126121521,0.6429978013038635,1.7042579824297135
225,0.12122409790754318,0.9837728142738342,0.656693696975708,0.6490243673324585,0.902389149583592
226,0.11919336020946503,0.9837728142738342,0.6480730175971985,0.6426994204521179,0.8192037363957861
227,0.11389531195163727,0.9858012199401855,0.6440162062644958,0.6363148093223572,0.6042871728154328
228,0.11545444279909134,0.9847869873046875,0.6521298289299011,0.6435944437980652,0.7102671900823652
229,0.10572130233049393,0.9837728142738342,0.6607505083084106,0.6535592675209045,0.5128902114150826
230,0.11560835689306259,0.9858012199401855,0.6541581749916077,0.6441911458969116,0.7484333083482949
231,0.10989679396152496,0.9858012199401855,0.6450304388999939,0.6379258632659912,0.6774560847625095
232,0.12129335850477219,0.9858012199401855,0.650608479976654,0.6416850686073303,0.6113077617361024
233,0.08878809213638306,0.9858012199401855,0.6526368856430054,0.6426994204521179,0.4220512092918462
234,0.114176444709301,0.9827585816383362,0.6653143763542175,0.6523061990737915,0.8079687891807623
235,0.1302386224269867,0.9858012199401855,0.6495943069458008,0.6394772529602051,1.0179538645949076
236,0.12213695049285889,0.9868153929710388,0.6490871906280518,0.6397756338119507,0.7222288715147159
237,0.10710537433624268,0.9858012199401855,0.6592292189598083,0.6507548093795776,0.6626439890880147
238,0.10863079875707626,0.9847869873046875,0.6521298289299011,0.6453248858451843,0.7126383633847586
239,0.09120304882526398,0.9858012199401855,0.6353955268859863,0.6275433897972107,0.6291278969301942
240,0.11925172060728073,0.9837728142738342,0.639452338218689,0.6429978013038635,1.2795318076750537
241,0.1241724044084549,0.9858012199401855,0.6267748475074768,0.6227101683616638,1.2668229152108847
242,0.10761363059282303,0.9847869873046875,0.6379310488700867,0.6262306571006775,0.9399218806415467
243,0.1016334518790245,0.9776875972747803,0.6541581749916077,0.6474133133888245,0.9711870879378264
244,0.09798221290111542,0.9827585816383362,0.6450304388999939,0.6343457102775574,1.24820224458723
245,0.08924547582864761,0.9847869873046875,0.6110547780990601,0.6058834195137024,0.6648418811958646
246,0.13653981685638428,0.9797160029411316,0.6541581749916077,0.6512918472290039,2.4806494366714014
247,0.13225232064723969,0.9837728142738342,0.6460446119308472,0.6418043971061707,2.18221746578505
248,0.09677012264728546,0.9847869873046875,0.6379310488700867,0.6229488253593445,0.6160698697475689
249,0.11352366954088211,0.9847869873046875,0.6450304388999939,0.6265887022018433,1.0681733079688254
250,0.1424417495727539,0.9817444086074829,0.6516227126121521,0.644310474395752,0.837737045979366
251,0.0999293327331543,0.9817444086074829,0.6551724076271057,0.648845374584198,0.5927714771348511
252,0.1134786531329155,0.9858012199401855,0.6455374956130981,0.6372098326683044,1.007554666129408
253,0.10944206267595291,0.9878295660018921,0.632860004901886,0.6290351152420044,0.590643373225775
254,0.09483905136585236,0.9888437986373901,0.6414807438850403,0.6388806104660034,0.8641798900997418
255,0.1020696833729744,0.9868153929710388,0.6379310488700867,0.6315412521362305,0.8283954423160188
256,0.10793399065732956,0.9858012199401855,0.6470587849617004,0.6334506869316101,0.6381401494008361
257,0.09611906111240387,0.9847869873046875,0.6531440019607544,0.6438331604003906,0.6351085759875023
258,0.1102575957775116,0.9847869873046875,0.6551724076271057,0.6492034196853638,0.5683197876176772
259,0.12386800348758698,0.9868153929710388,0.6460446119308472,0.638641893863678,1.037490764062653
260,0.0908774808049202,0.9868153929710388,0.6399593949317932,0.6323766112327576,0.8268158279563906
261,0.11608580499887466,0.9878295660018921,0.6475659012794495,0.6390596032142639,0.7631034923204173
262,0.09135612100362778,0.9858012199401855,0.6541581749916077,0.645563542842865,0.5598537010308577
263,0.10701192915439606,0.9878295660018921,0.627281904220581,0.6182349920272827,1.6221867199980562
264,0.09789299964904785,0.9888437986373901,0.6399593949317932,0.6251566410064697,1.1919047011728203
265,0.10372310131788254,0.9776875972747803,0.6577078700065613,0.6476519703865051,1.14140480954178
266,0.11773260682821274,0.9868153929710388,0.6495943069458008,0.6360164284706116,1.4600673354292983
267,0.09047212451696396,0.9847869873046875,0.6288032531738281,0.6165045499801636,0.43573638338742565
268,0.10775481164455414,0.9868153929710388,0.6460446119308472,0.6318992376327515,1.3806706444180636
269,0.0861547589302063,0.9868153929710388,0.6577078700065613,0.6443701982498169,0.5373876162208314
270,0.09582894295454025,0.9878295660018921,0.6546652913093567,0.637030839920044,1.084495977128333
271,0.0740351602435112,0.9847869873046875,0.6364096999168396,0.624440610408783,0.5004339170478014
272,0.09594704210758209,0.9878295660018921,0.656693696975708,0.6413866877555847,1.1231650821397337
273,0.08093876391649246,0.9868153929710388,0.6693711876869202,0.6486663818359375,0.6588574157888142
274,0.10002187639474869,0.9858012199401855,0.662778913974762,0.6412673592567444,0.7723327343473256
275,0.11259746551513672,0.9878295660018921,0.6683569550514221,0.648487389087677,0.9667160916022853
276,0.09550400078296661,0.9888437986373901,0.6622717976570129,0.6483680009841919,0.6836823096344118
277,0.0928327739238739,0.9878295660018921,0.6612575650215149,0.6486663818359375,0.6513739873927138
278,0.09106386452913284,0.9868153929710388,0.6480730175971985,0.6338086724281311,0.7221939054932625
279,0.09913672506809235,0.9888437986373901,0.6637930870056152,0.6444895267486572,0.9876924304635936
280,0.08673052489757538,0.9888437986373901,0.6577078700065613,0.6404320001602173,0.6793390294170186
281,0.09371832013130188,0.9878295660018921,0.6064908504486084,0.5861924886703491,1.3877357155452783
282,0.13194680213928223,0.9868153929710388,0.6688640713691711,0.6465182900428772,2.7507352181868434
283,0.10669547319412231,0.9878295660018921,0.6668356657028198,0.6449668407440186,1.518519189328076
284,0.10252273827791214,0.9868153929710388,0.6409736275672913,0.632973313331604,0.8848867522117703
285,0.07358381152153015,0.9858012199401855,0.632860004901886,0.6166835427284241,0.615431946838466
286,0.10387561470270157,0.9888437986373901,0.6577078700065613,0.6429978013038635,1.7440824164053106
287,0.09741916507482529,0.9868153929710388,0.6693711876869202,0.6509934663772583,0.810013278383654
288,0.10861121118068695,0.9858012199401855,0.6511155962944031,0.6374485492706299,1.2498961429098356
289,0.09615433216094971,0.9868153929710388,0.6414807438850403,0.62730473279953,0.7224390129986276
290,0.0847323015332222,0.9858012199401855,0.6541581749916077,0.6406109929084778,1.0749403608200534
291,0.10729065537452698,0.9858012199401855,0.6592292189598083,0.6502774357795715,0.7888048526918976
292,0.10092565417289734,0.9878295660018921,0.656186580657959,0.6435944437980652,1.0465122210969071
293,0.09084197878837585,0.9888437986373901,0.639452338218689,0.6225908398628235,0.6058519207736333
294,0.12236618995666504,0.9888437986373901,0.6465517282485962,0.6335103511810303,1.0628909440512828
295,0.10459516197443008,0.9847869873046875,0.6703853607177734,0.6555283665657043,1.3239101166612082
296,0.11931931972503662,0.9878295660018921,0.6658214926719666,0.6496210694313049,1.7883375490084625
297,0.08909806609153748,0.9878295660018921,0.6242393255233765,0.6162062287330627,0.9083110368240931
298,0.11083796620368958,0.9858012199401855,0.6475659012794495,0.6382242441177368,1.974248986284854
299,0.092186838388443,0.9807301759719849,0.6713995933532715,0.6573184132575989,0.7645514066097395
300,0.11494147032499313,0.9837728142738342,0.6643002033233643,0.6540366411209106,1.5502899788091768
301,0.11155422031879425,0.9847869873046875,0.6222109198570251,0.6162062287330627,1.8074037204225473
302,0.12729988992214203,0.9888437986373901,0.6364096999168396,0.6294528245925903,2.0120147012067764
303,0.10629341006278992,0.9827585816383362,0.6592292189598083,0.6493824124336243,0.9301861645988521
304,0.10174679011106491,0.9847869873046875,0.6551724076271057,0.6493227481842041,1.1543202574522637
305,0.10049916058778763,0.9888437986373901,0.6495943069458008,0.634226381778717,1.225344388700491
306,0.09412436932325363,0.9888437986373901,0.6409736275672913,0.6281997561454773,0.6709759674438681
307,0.10865269601345062,0.9888437986373901,0.6445233225822449,0.629691481590271,0.7197721067007976
308,0.09193602949380875,0.9888437986373901,0.6546652913093567,0.6469956040382385,1.3885420300821487
309,0.10060464590787888,0.9898579716682434,0.6582149863243103,0.6474729776382446,0.79707874103802
310,0.1179640144109726,0.9888437986373901,0.6343812942504883,0.6266483664512634,1.450212509783011
311,0.09280566871166229,0.9898579716682434,0.6348884105682373,0.628080427646637,1.289951992632349
312,0.1005825623869896,0.9878295660018921,0.6602433919906616,0.6468762755393982,1.027381377143855
313,0.1081836074590683,0.9858012199401855,0.6658214926719666,0.6520675420761108,0.8809347608869281
314,0.10752181708812714,0.9878295660018921,0.6521298289299011,0.6443701982498169,1.4360378538947123
315,0.09106134623289108,0.9888437986373901,0.6485801339149475,0.6441911458969116,0.7640062843835371
316,0.11196288466453552,0.9868153929710388,0.6546652913093567,0.6505758166313171,1.0248738831095427
317,0.1067642793059349,0.9868153929710388,0.6551724076271057,0.6487260460853577,0.7927849621738717
318,0.12076713144779205,0.9878295660018921,0.6455374956130981,0.6356584429740906,1.0545982769513935
319,0.09117010235786438,0.9858012199401855,0.6592292189598083,0.6471149921417236,1.418279026390113
320,0.09633327275514603,0.9858012199401855,0.662778913974762,0.6506354808807373,0.5982898354360598
321,0.1141771525144577,0.9858012199401855,0.6597362756729126,0.6511127948760986,0.6204792198804396
322,0.11155238002538681,0.9868153929710388,0.6495943069458008,0.6442508101463318,0.9027734533282555
323,0.10072708874940872,0.9858012199401855,0.6546652913093567,0.6495614051818848,0.8594862403994586
324,0.09084445238113403,0.9847869873046875,0.656693696975708,0.6511724591255188,0.5722973163177015
325,0.09019682556390762,0.9837728142738342,0.6643002033233643,0.6543946266174316,0.6767669391470378
326,0.09702654182910919,0.9868153929710388,0.6556795239448547,0.6401336193084717,0.8252932876996752
327,0.10067535191774368,0.9827585816383362,0.6648072600364685,0.6495614051818848,1.5832524332249458
328,0.09377429634332657,0.9827585816383362,0.6597362756729126,0.6520675420761108,0.8342208293464972
329,0.11293522268533707,0.9868153929710388,0.657200813293457,0.6433557868003845,0.7670286960862397
330,0.09438832849264145,0.9868153929710388,0.6414807438850403,0.6360761523246765,0.7742531156629984
331,0.10351795703172684,0.9868153929710388,0.6455374956130981,0.6450265645980835,0.8804661900850403
332,0.12426827102899551,0.9878295660018921,0.6364096999168396,0.6339876651763916,1.157818100113558
333,0.09068059176206589,0.9878295660018921,0.639452338218689,0.6367921829223633,0.9239920118085001
334,0.09396195411682129,0.9868153929710388,0.6551724076271057,0.6427590847015381,0.6807432992354174
335,0.0893707275390625,0.9868153929710388,0.6607505083084106,0.6445491909980774,0.5148366762068153
336,0.09217096120119095,0.9847869873046875,0.6546652913093567,0.6400739550590515,0.6238945127789668
337,0.10228778421878815,0.9847869873046875,0.6577078700065613,0.6412076950073242,0.5742417284596744
338,0.10587363690137863,0.9817444086074829,0.6719066500663757,0.6543349623680115,1.4530363477667303
339,0.11346359550952911,0.9858012199401855,0.6637930870056152,0.6477116346359253,1.8433601074928154
340,0.08321923762559891,0.9888437986373901,0.6399593949317932,0.6307058930397034,0.7167276041887086
341,0.10663202404975891,0.9847869873046875,0.6698783040046692,0.6542156338691711,1.5700791421528002
342,0.09372670203447342,0.9807301759719849,0.6698783040046692,0.6563040614128113,1.0349907010135921
343,0.11703748255968094,0.9898579716682434,0.639452338218689,0.6283787488937378,1.6750343237527474
344,0.10370863229036331,0.9878295660018921,0.6146044731140137,0.6104779243469238,0.8355551716500139
345,0.10709548741579056,0.9878295660018921,0.6648072600364685,0.6505758166313171,2.2987970470699377
346,0.09885638952255249,0.9685598015785217,0.6713995933532715,0.6595858931541443,0.6804303884246578
347,0.17089039087295532,0.9878295660018921,0.6587221026420593,0.6539769768714905,2.25039628299509
348,0.09824101626873016,0.9858012199401855,0.6206896305084229,0.6172205805778503,0.9569424926826957
349,0.1318022906780243,0.9878295660018921,0.6440162062644958,0.6380451917648315,2.2507249529784255
350,0.11076084524393082,0.9827585816383362,0.6708924770355225,0.6588101983070374,1.3732948477585625
351,0.11557789891958237,0.9817444086074829,0.6759634613990784,0.6596455574035645,1.254649106843095
352,0.12489455193281174,0.9827585816383362,0.6602433919906616,0.6535592675209045,1.4027267167192174
353,0.10007733851671219,0.9888437986373901,0.633367121219635,0.6292738318443298,0.7974697522229688
354,0.10159367322921753,0.9888437986373901,0.6318458318710327,0.6302881836891174,1.5990713590657424
355,0.10000575333833694,0.9858012199401855,0.6485801339149475,0.6412076950073242,0.7238221798621984
356,0.10695146769285202,0.9868153929710388,0.6490871906280518,0.639894962310791,0.849359507454817
357,0.08872532099485397,0.9878295660018921,0.6450304388999939,0.6384032368659973,0.6760585398266127
358,0.08381917327642441,0.9898579716682434,0.6374239325523376,0.6340473890304565,0.7192659357232156
359,0.09246797114610672,0.9898579716682434,0.6424949169158936,0.6387015581130981,0.7960809233644484
360,0.0990530475974083,0.9888437986373901,0.6551724076271057,0.6458619236946106,0.7454494318831751
361,0.09667448699474335,0.9878295660018921,0.6359026432037354,0.6354197859764099,1.06423046478202
362,0.11526431888341904,0.9858012199401855,0.6232251524925232,0.6230084896087646,0.8472450105832563
363,0.09358350187540054,0.9878295660018921,0.6404665112495422,0.6378065347671509,1.20477638561684
364,0.08903854340314865,0.9878295660018921,0.6495943069458008,0.6429978013038635,0.6888492190111685
365,0.08419045805931091,0.9847869873046875,0.633874237537384,0.6225908398628235,0.8653594438186378
366,0.09009375423192978,0.9858012199401855,0.6495943069458008,0.6429978013038635,1.5460863018644087
367,0.09189025312662125,0.9858012199401855,0.6653143763542175,0.6512918472290039,0.8320184307816265
368,0.12449980527162552,0.9878295660018921,0.6485801339149475,0.641506016254425,1.6309942345963233
369,0.11638867855072021,0.9898579716682434,0.6430020332336426,0.6355391144752502,0.7869925499249872
370,0.0878131091594696,0.9858012199401855,0.6592292189598083,0.6499194502830505,1.0517678048640748
371,0.09294696152210236,0.9858012199401855,0.6536511182785034,0.6424607634544373,1.4049657986172435
372,0.08098837733268738,0.9878295660018921,0.6156186461448669,0.6039143204689026,0.7769382142283581
373,0.12159986048936844,0.9817444086074829,0.6653143763542175,0.6531415581703186,2.540308559622049
374,0.10801048576831818,0.9837728142738342,0.6592292189598083,0.6532609462738037,1.435228758075714
375,0.09215070307254791,0.9878295660018921,0.6419878005981445,0.6332716345787048,1.0315676091625703
376,0.10779482126235962,0.9878295660018921,0.6526368856430054,0.6427590847015381,1.2692125090635216
377,0.09524565190076828,0.9847869873046875,0.6577078700065613,0.6494420766830444,0.6063564987457102
378,0.10909940302371979,0.9878295660018921,0.6384381055831909,0.6330329775810242,1.5217206356754782
379,0.10686345398426056,0.9878295660018921,0.6435090899467468,0.6371501684188843,1.249659375100167
380,0.085006482899189,0.9868153929710388,0.6551724076271057,0.6444298624992371,0.6695343236051057
381,0.09778214246034622,0.9858012199401855,0.6445233225822449,0.6328539848327637,1.1707622120211039
382,0.09215520322322845,0.9878295660018921,0.6419878005981445,0.6289157867431641,0.8298003444532746
383,0.11682455241680145,0.9837728142738342,0.6683569550514221,0.6458619236946106,1.4360850990628944
384,0.0849834531545639,0.9858012199401855,0.6551724076271057,0.6366727948188782,1.0710504716277656
385,0.12216173112392426,0.9858012199401855,0.657200813293457,0.6344053745269775,1.0143072068429764
386,0.08624538034200668,0.9868153929710388,0.6597362756729126,0.6445491909980774,0.7515695298454003
387,0.1127885952591896,0.9868153929710388,0.6622717976570129,0.6493824124336243,0.6549833405677179
388,0.09942540526390076,0.9878295660018921,0.6632859706878662,0.6515901684761047,0.7681625625869771
389,0.08667512238025665,0.9898579716682434,0.662778913974762,0.6426994204521179,0.6570056417625284
390,0.10356718301773071,0.9888437986373901,0.6744421720504761,0.6569604277610779,1.1295960174087853
391,0.089379221200943,0.9868153929710388,0.6612575650215149,0.6444298624992371,1.43781454635387
392,0.08567316830158234,0.9898579716682434,0.6658214926719666,0.6516498327255249,0.9648997507694536
393,0.0801362693309784,0.9888437986373901,0.657200813293457,0.6457425951957703,0.8118107752414133
394,0.08877230435609818,0.9888437986373901,0.6414807438850403,0.6294528245925903,0.7231415257721079
395,0.07933887839317322,0.9878295660018921,0.6353955268859863,0.61913001537323,0.7541752970632669
396,0.09771914035081863,0.9858012199401855,0.6424949169158936,0.6360761523246765,1.0051359284774244
397,0.09812421351671219,0.9837728142738342,0.6495943069458008,0.6417447328567505,0.5969098311082074
398,0.10021542012691498,0.9888437986373901,0.6399593949317932,0.6324959397315979,1.1071851111250948
399,0.087327741086483,0.9868153929710388,0.6475659012794495,0.63953697681427,1.4544936713194119
400,0.07912150770425797,0.9878295660018921,0.6622717976570129,0.6534996032714844,0.7417320356684557
401,0.0950515940785408,0.9898579716682434,0.6622717976570129,0.650098443031311,1.331718409829953
402,0.09852763265371323,0.9888437986373901,0.6592292189598083,0.6416254043579102,0.8199553950478731
403,0.08973449468612671,0.9898579716682434,0.6617646813392639,0.6491437554359436,0.7907427601468019
404,0.08145331591367722,0.9898579716682434,0.6693711876869202,0.657437801361084,0.628801066306536
405,0.08321978896856308,0.9898579716682434,0.6607505083084106,0.6480696797370911,1.1057688091069366
406,0.09615311771631241,0.9868153929710388,0.6475659012794495,0.6347037553787231,0.9416388423887225
407,0.10771649330854416,0.9888437986373901,0.6673427820205688,0.6549316644668579,1.6245609034555248
408,0.0798277035355568,0.9888437986373901,0.6688640713691711,0.6551703214645386,0.9097946880209768
409,0.07867112755775452,0.9888437986373901,0.6536511182785034,0.635360062122345,1.1877488308611306
410,0.08867485821247101,0.9888437986373901,0.6470587849617004,0.6289157867431641,0.837670446567428
411,0.10178672522306442,0.9827585816383362,0.6754563450813293,0.6571990847587585,1.5669448522298333
412,0.09436732530593872,0.9868153929710388,0.6703853607177734,0.650456428527832,1.4179783537761292
413,0.11177042871713638,0.9888437986373901,0.6206896305084229,0.6144757866859436,1.200829747951141
414,0.10446611791849136,0.9888437986373901,0.6648072600364685,0.6429380774497986,2.665819681219093
415,0.10455892980098724,0.975659191608429,0.6729208827018738,0.6584521532058716,0.8166724523503495
416,0.13154348731040955,0.9888437986373901,0.6643002033233643,0.6452652215957642,2.0512126720433748
417,0.08043283969163895,0.9908722043037415,0.6247464418411255,0.6181156039237976,0.55240720004383
418,0.11661624908447266,0.9888437986373901,0.6516227126121521,0.63136225938797,1.7568619664965186
419,0.08383601158857346,0.9868153929710388,0.656186580657959,0.6456828713417053,0.7317123635726283
420,0.09682079404592514,0.9837728142738342,0.6541581749916077,0.6499791145324707,0.776965771550976
421,0.09261446446180344,0.9868153929710388,0.657200813293457,0.6425204277038574,1.3130431272889442
422,0.10383608192205429,0.9898579716682434,0.6445233225822449,0.6279014348983765,0.7977686846214634
423,0.10104519873857498,0.9878295660018921,0.6511155962944031,0.6384032368659973,1.402570624235886
424,0.08392400294542313,0.9868153929710388,0.6592292189598083,0.6468762755393982,0.6289290811175757
425,0.07956287264823914,0.9878295660018921,0.6622717976570129,0.6496807336807251,0.6174401533127607
426,0.10213767737150192,0.9878295660018921,0.6597362756729126,0.6400739550590515,1.0625207776582652
427,0.08190032839775085,0.9888437986373901,0.6556795239448547,0.6357181072235107,0.733806198530577
428,0.10496774315834045,0.9858012199401855,0.6607505083084106,0.6465182900428772,1.366477367862614
429,0.08751484751701355,0.9868153929710388,0.6653143763542175,0.6478310227394104,0.9219641524501733
430,0.08095844835042953,0.9878295660018921,0.6653143763542175,0.6427590847015381,0.8582654678227839
431,0.09174714982509613,0.9868153929710388,0.6546652913093567,0.6299898624420166,0.69950549338578
432,0.10249743610620499,0.9868153929710388,0.657200813293457,0.6391192674636841,1.555769198771849
433,0.1165582463145256,0.9837728142738342,0.656693696975708,0.644310474395752,0.8316787463031011
434,0.11678863316774368,0.9868153929710388,0.6602433919906616,0.6364341378211975,1.5495841229950038
435,0.0869336947798729,0.9888437986373901,0.6424949169158936,0.625633955001831,1.2481821313729298
436,0.11229787766933441,0.9868153929710388,0.6617646813392639,0.6436541676521301,1.396200430057217
437,0.10067667812108994,0.9868153929710388,0.6632859706878662,0.6509934663772583,1.0168425504673069
438,0.08988500386476517,0.9878295660018921,0.6455374956130981,0.6366727948188782,0.9296526914332296
439,0.09450051933526993,0.9878295660018921,0.6450304388999939,0.6340473890304565,0.5040964105346336
440,0.10736989229917526,0.9908722043037415,0.6546652913093567,0.6440718173980713,0.9854661468582039
441,0.10750062763690948,0.9878295660018921,0.6490871906280518,0.6416254043579102,1.0426913956021333
442,0.09025601297616959,0.9888437986373901,0.6546652913093567,0.646816611289978,1.0849412454501892
443,0.09388373792171478,0.9898579716682434,0.6602433919906616,0.6499194502830505,0.6865742762493748
444,0.0935535579919815,0.9898579716682434,0.6460446119308472,0.6329136490821838,1.8351655487266836
445,0.08400759100914001,0.9878295660018921,0.6389452219009399,0.6242018938064575,1.025473327579798
446,0.09571893513202667,0.9888437986373901,0.6536511182785034,0.6357777714729309,1.1617875274717548
447,0.08597960323095322,0.9878295660018921,0.6526368856430054,0.6348230838775635,0.9664019266338856
448,0.1175156682729721,0.9868153929710388,0.6206896305084229,0.6079121232032776,1.731996781796871
449,0.1268211454153061,0.9858012199401855,0.6536511182785034,0.6346440315246582,2.9058163196447655
450,0.09451369196176529,0.9868153929710388,0.6632859706878662,0.654513955116272,0.7870606096167301
451,0.11741413921117783,0.9878295660018921,0.6556795239448547,0.6442508101463318,1.6897515823071547
452,0.09466376155614853,0.9878295660018921,0.6531440019607544,0.639894962310791,1.1970682632601193
453,0.08830194920301437,0.9858012199401855,0.6536511182785034,0.6453248858451843,0.9644770588266787
454,0.10538815706968307,0.9858012199401855,0.6480730175971985,0.6389402747154236,1.1000732368151582
455,0.08160098642110825,0.9868153929710388,0.6480730175971985,0.6332119703292847,0.46876579917981526
456,0.10645962506532669,0.9858012199401855,0.6460446119308472,0.6374485492706299,1.0195627308312087
457,0.09667134284973145,0.9888437986373901,0.6353955268859863,0.6270660161972046,0.8311162489077114
458,0.10929448157548904,0.9868153929710388,0.6495943069458008,0.640670657157898,1.9989991005308023
459,0.10079880803823471,0.9868153929710388,0.656693696975708,0.6446088552474976,0.9192396584203648
460,0.11619901657104492,0.9908722043037415,0.6353955268859863,0.626051664352417,1.7795683378851275
461,0.11943532526493073,0.9878295660018921,0.650608479976654,0.6416850686073303,1.745429725261609
462,0.1134408488869667,0.9868153929710388,0.6511155962944031,0.6468762755393982,1.0531181435925623
463,0.11574482917785645,0.9868153929710388,0.6495943069458008,0.6420430541038513,0.9641419192934357
464,0.10066556185483932,0.9878295660018921,0.6242393255233765,0.6209797859191895,1.1624934144306815
465,0.0868191048502922,0.9888437986373901,0.6232251524925232,0.626051664352417,1.3312300690359138
466,0.0935317799448967,0.9847869873046875,0.6475659012794495,0.6391192674636841,0.7996120747449875
467,0.10829480737447739,0.9888437986373901,0.6308315992355347,0.622411847114563,1.633959893346738
468,0.10288330167531967,0.9888437986373901,0.6414807438850403,0.6314219236373901,1.463797968269867
469,0.08875056356191635,0.9888437986373901,0.6470587849617004,0.6444895267486572,0.6649620556127803
470,0.09288040548563004,0.9858012199401855,0.6582149863243103,0.6520675420761108,0.5933054775786195
471,0.10275238007307053,0.9858012199401855,0.6632859706878662,0.6503967642784119,0.7612488829502546
472,0.10156573355197906,0.9898579716682434,0.6485801339149475,0.62933349609375,1.0059446370857381
473,0.1011597141623497,0.9888437986373901,0.6617646813392639,0.6487260460853577,1.501713919735163
474,0.09167468547821045,0.9868153929710388,0.6602433919906616,0.6517691612243652,0.856606987323114
475,0.08664197474718094,0.9878295660018921,0.6556795239448547,0.6467569470405579,0.761674674089326
476,0.11098802089691162,0.9878295660018921,0.6435090899467468,0.6337490081787109,0.9343375942538864
477,0.13272659480571747,0.9847869873046875,0.6648072600364685,0.6558266878128052,2.3764758902150556
478,0.1209956631064415,0.9888437986373901,0.6597362756729126,0.6463989615440369,2.444494381805423
479,0.09593012183904648,0.9868153929710388,0.6419878005981445,0.6218151450157166,0.8933095609802982
480,0.10932785272598267,0.9878295660018921,0.6592292189598083,0.6381048560142517,1.6704923419159787
481,0.10136781632900238,0.9847869873046875,0.6653143763542175,0.6461005806922913,0.9565844393039353
482,0.1127433031797409,0.9888437986373901,0.6424949169158936,0.6252759695053101,1.3144523961603127
483,0.10981336236000061,0.9878295660018921,0.6587221026420593,0.6437734961509705,2.000647637428114
484,0.08285324275493622,0.9858012199401855,0.6648072600364685,0.6509338021278381,0.7224512087120859
485,0.1060120165348053,0.9878295660018921,0.650608479976654,0.6316009163856506,1.629387192690676
486,0.09091492742300034,0.9868153929710388,0.650608479976654,0.6347037553787231,1.1412384135374227
487,0.08846653997898102,0.9868153929710388,0.6577078700065613,0.6474729776382446,0.9767159887593362
488,0.0974992886185646,0.9868153929710388,0.6536511182785034,0.6453248858451843,1.330568313493368
489,0.09315311908721924,0.9858012199401855,0.6374239325523376,0.6206814050674438,1.3430950417702423
490,0.11272086948156357,0.9888437986373901,0.6495943069458008,0.6332119703292847,1.5264362213312324
491,0.10148363560438156,0.9858012199401855,0.6632859706878662,0.6517691612243652,1.4614428605644307
492,0.11923833191394806,0.9868153929710388,0.6592292189598083,0.6469359397888184,1.6016697951791663
493,0.10237202048301697,0.9868153929710388,0.6343812942504883,0.624440610408783,0.7338620988625734
494,0.1155480146408081,0.9878295660018921,0.6577078700065613,0.6435944437980652,1.823722598693711
495,0.08393687009811401,0.9888437986373901,0.6683569550514221,0.6537979245185852,0.6027430139977717
496,0.09945721924304962,0.9888437986373901,0.6663286089897156,0.6469956040382385,1.4520323332970257
497,0.08914436399936676,0.9868153929710388,0.6404665112495422,0.6245002746582031,0.817987895999171
498,0.10127414762973785,0.9908722043037415,0.6516227126121521,0.636255145072937,1.2898517848742361
499,0.09561751037836075,0.9868153929710388,0.6708924770355225,0.6499791145324707,0.8704278783046387
500,0.1170576736330986,0.9898579716682434,0.657200813293457,0.6371501684188843,1.4766071428886942
501,0.09323111176490784,0.9878295660018921,0.639452338218689,0.6274240612983704,0.7226728051011422
502,0.09580910205841064,0.9878295660018921,0.650608479976654,0.6351214051246643,0.9825292346886643
503,0.09834450483322144,0.9878295660018921,0.6648072600364685,0.647234320640564,1.1577832558821353
504,0.09746529161930084,0.9868153929710388,0.6587221026420593,0.6435944437980652,1.074711667843611
505,0.09448052942752838,0.9898579716682434,0.6470587849617004,0.6354197859764099,0.5538751710482616
506,0.09689757227897644,0.9898579716682434,0.6460446119308472,0.6388209462165833,0.9433644225620302
507,0.08801455050706863,0.9868153929710388,0.662778913974762,0.6485470533370972,0.6863725650899144
508,0.1217658519744873,0.9898579716682434,0.6308315992355347,0.6205024123191833,2.331959208162636
509,0.09016316384077072,0.9908722043037415,0.6414807438850403,0.6312428712844849,1.5119242052142092
510,0.08074377477169037,0.9888437986373901,0.6577078700065613,0.6459215879440308,0.5542343454897649
511,0.08107800036668777,0.9888437986373901,0.6637930870056152,0.6513515114784241,0.9405716213689229
512,0.07755601406097412,0.9888437986373901,0.6577078700065613,0.6513515114784241,0.7780048870744884
513,0.08032350242137909,0.9908722043037415,0.6551724076271057,0.6442508101463318,0.469561039138654
514,0.10149388015270233,0.9898579716682434,0.6541581749916077,0.6446685194969177,0.7419109616897748
515,0.08952096104621887,0.9898579716682434,0.6668356657028198,0.6566620469093323,0.926408446452451
516,0.0860566720366478,0.9908722043037415,0.6663286089897156,0.6549913287162781,0.7477569994202987
517,0.07359756529331207,0.9888437986373901,0.6551724076271057,0.6418043971061707,0.8114953494816541
518,0.07575512677431107,0.9888437986373901,0.6602433919906616,0.6462795734405518,1.0036227047334467
519,0.07388651371002197,0.9888437986373901,0.6622717976570129,0.6523061990737915,0.6837195157924948
520,0.0670856237411499,0.9898579716682434,0.6592292189598083,0.6440718173980713,0.9373472243125177
521,0.07598379254341125,0.9908722043037415,0.6541581749916077,0.6345247030258179,1.1461085258722739
522,0.0990888848900795,0.9898579716682434,0.6597362756729126,0.6428187489509583,0.7562213373796087
523,0.07225175201892853,0.9898579716682434,0.6587221026420593,0.6437734961509705,0.7626146764991707
524,0.08574860543012619,0.9898579716682434,0.6556795239448547,0.6424010992050171,0.7158885080983026
525,0.09027398377656937,0.9898579716682434,0.6495943069458008,0.6384629011154175,0.6839678365973241
526,0.08330308645963669,0.9888437986373901,0.6364096999168396,0.6265290379524231,0.7022619692398184
527,0.08055690675973892,0.9888437986373901,0.6348884105682373,0.6233068704605103,0.7050693502769255
528,0.07399686425924301,0.9898579716682434,0.6465517282485962,0.6321379542350769,0.8787581486478967
529,0.11422216892242432,0.9807301759719849,0.6617646813392639,0.6536189317703247,1.3135437630922564
530,0.11028288304805756,0.9888437986373901,0.6359026432037354,0.6284980773925781,1.8926774719249526
531,0.10731155425310135,0.9878295660018921,0.6536511182785034,0.6492630839347839,1.7728665543814515
532,0.09740980714559555,0.9827585816383362,0.6592292189598083,0.6595858931541443,0.8928480923987702
533,0.12224659323692322,0.9878295660018921,0.6546652913093567,0.6495017409324646,2.400927368767735
534,0.08102606981992722,0.9888437986373901,0.6460446119308472,0.6351214051246643,0.595619193102997
535,0.10522361844778061,0.9858012199401855,0.6693711876869202,0.6578554511070251,1.7273171118129815
536,0.10889932513237,0.9888437986373901,0.6683569550514221,0.6534399390220642,1.9563241377760368
537,0.08919098228216171,0.9888437986373901,0.6445233225822449,0.6283190846443176,0.8444536596110201
538,0.10043791681528091,0.9888437986373901,0.6592292189598083,0.6405513286590576,1.7374209442706763
539,0.1015743613243103,0.9847869873046875,0.6643002033233643,0.6563637256622314,1.165058271624636
540,0.10107661783695221,0.9888437986373901,0.6653143763542175,0.6491437554359436,1.8136710570075842
541,0.08375407755374908,0.9898579716682434,0.6551724076271057,0.6344650387763977,0.5326502241958972
542,0.10142297297716141,0.9868153929710388,0.6531440019607544,0.632973313331604,0.9575273927789608
543,0.1063271313905716,0.9868153929710388,0.6617646813392639,0.6428784132003784,1.0410759284431954
544,0.09291170537471771,0.9878295660018921,0.6587221026420593,0.6379855275154114,1.1006903169496283
545,0.07236361503601074,0.9918863773345947,0.6501014232635498,0.6250969767570496,0.6141390442297383
546,0.09409133344888687,0.9908722043037415,0.656186580657959,0.6369115114212036,1.2058199902912878
547,0.07931383699178696,0.9878295660018921,0.6602433919906616,0.6466376185417175,0.5856677436131511
548,0.08636398613452911,0.9888437986373901,0.6597362756729126,0.6453248858451843,0.6315354425929292
549,0.08455692231655121,0.9898579716682434,0.6521298289299011,0.6329136490821838,1.0205917647093603
550,0.08995630592107773,0.9888437986373901,0.6424949169158936,0.6256936192512512,0.4290021820444688
551,0.08021412044763565,0.9908722043037415,0.6531440019607544,0.6384629011154175,0.6562882583922639
552,0.08321665227413177,0.9847869873046875,0.6587221026420593,0.6495614051818848,0.6420596234839332
553,0.09698645770549774,0.9898579716682434,0.6495943069458008,0.6341070532798767,1.3736628461678073
554,0.08205754309892654,0.9898579716682434,0.6480730175971985,0.637030839920044,1.3468733200932297
555,0.07878178358078003,0.9908722043037415,0.6612575650215149,0.6502177715301514,0.8697241814191785
556,0.09861341863870621,0.9898579716682434,0.6648072600364685,0.6478906869888306,1.440058431056101
557,0.0824413150548935,0.9918863773345947,0.6450304388999939,0.6311832070350647,1.088384470348754
558,0.10544751584529877,0.9868153929710388,0.6668356657028198,0.6520675420761108,2.1263094697734863
559,0.09437915682792664,0.9878295660018921,0.6643002033233643,0.6443701982498169,1.4962782795534781
560,0.08868122100830078,0.9868153929710388,0.627281904220581,0.605286717414856,1.0245821709795657
561,0.12019968777894974,0.9847869873046875,0.6663286089897156,0.6533206105232239,3.3311607161062304
562,0.11877182126045227,0.9868153929710388,0.6597362756729126,0.648845374584198,1.9251293994760954
563,0.10183851420879364,0.9858012199401855,0.6389452219009399,0.6132823824882507,1.4457410474155283
564,0.13304531574249268,0.9878295660018921,0.6531440019607544,0.6371501684188843,2.2358628299047134
565,0.0880042165517807,0.9908722043037415,0.6592292189598083,0.6480100154876709,0.9329193218564346
566,0.08169673383235931,0.9908722043037415,0.6556795239448547,0.6402530074119568,1.0866814142117682
567,0.0797787681221962,0.9929006099700928,0.6450304388999939,0.6286771297454834,0.5031135081878242
568,0.08461377769708633,0.9929006099700928,0.6526368856430054,0.6365534663200378,0.9975215071957774
569,0.09793869405984879,0.9888437986373901,0.6754563450813293,0.653738260269165,0.8026895038388249
570,0.09505250304937363,0.9898579716682434,0.656693696975708,0.6410883665084839,1.1757645336125009
571,0.08805473893880844,0.9908722043037415,0.6663286089897156,0.6494420766830444,1.1777747886342684
572,0.09179656952619553,0.9868153929710388,0.6749492883682251,0.6592875123023987,0.5073345130532494
573,0.08194567263126373,0.9888437986373901,0.6703853607177734,0.6573184132575989,0.8141181957759682
574,0.07833322137594223,0.9898579716682434,0.6648072600364685,0.6487260460853577,0.6794436850587274
575,0.09114187955856323,0.9908722043037415,0.6526368856430054,0.6373888254165649,0.7189238165215163
576,0.08286591619253159,0.9888437986373901,0.6643002033233643,0.6441314816474915,1.2962451167536386
577,0.09131669998168945,0.9888437986373901,0.657200813293457,0.6360164284706116,1.0903372410668795
578,0.0824115127325058,0.9898579716682434,0.6516227126121521,0.6326749920845032,1.3380609140656479
579,0.11292386054992676,0.9888437986373901,0.6688640713691711,0.6498597860336304,2.029714893893787
580,0.08760098367929459,0.9888437986373901,0.6708924770355225,0.653738260269165,0.8618776344702357
581,0.07989756017923355,0.9888437986373901,0.6551724076271057,0.637030839920044,1.1927231465088015
582,0.10543741285800934,0.9888437986373901,0.6673427820205688,0.6509934663772583,1.4528014229817225
583,0.08396055549383163,0.9898579716682434,0.6724137663841248,0.6586908102035522,0.6387174116086372
584,0.10767628997564316,0.9908722043037415,0.6683569550514221,0.657437801361084,1.0739279752209117
585,0.09284539520740509,0.9908722043037415,0.6516227126121521,0.6407303214073181,1.056179651011464
586,0.08506959676742554,0.9888437986373901,0.6460446119308472,0.6397159695625305,0.8883236719199638
587,0.09373864531517029,0.9868153929710388,0.6663286089897156,0.6546930074691772,1.2549533838935567
588,0.11659640073776245,0.9918863773345947,0.6556795239448547,0.6441911458969116,1.3663685700166224
589,0.08078637719154358,0.9929006099700928,0.6556795239448547,0.6363744735717773,0.9584283035688724
590,0.08070836216211319,0.9868153929710388,0.6673427820205688,0.6522465348243713,1.188554625650468
591,0.12734122574329376,0.9929006099700928,0.6602433919906616,0.646816611289978,1.8487644753847967
592,0.09488693624734879,0.9898579716682434,0.627281904220581,0.6088072061538696,1.0962596674293048
593,0.09719587117433548,0.9746450185775757,0.6744421720504761,0.6580941677093506,4.648657932027457
594,0.1615944355726242,0.9878295660018921,0.6764705777168274,0.6563040614128113,3.736650497987776
595,0.09897387027740479,0.9868153929710388,0.6455374956130981,0.6290351152420044,1.2609192913590628
596,0.1233290284872055,0.9878295660018921,0.6668356657028198,0.6503371000289917,2.01424361558877
597,0.11091955751180649,0.9837728142738342,0.6764705777168274,0.6638224124908447,1.0357650007778987
598,0.12076904624700546,0.9868153929710388,0.6754563450813293,0.6531415581703186,1.7985783543931633
599,0.09143940359354019,0.9908722043037415,0.6521298289299011,0.6291544437408447,0.7702819922168295
600,0.097085140645504,0.9898579716682434,0.6546652913093567,0.6291544437408447,1.2075559056839027
601,0.10102583467960358,0.9888437986373901,0.6698783040046692,0.647234320640564,1.307638751921822
602,0.09490176290273666,0.9908722043037415,0.6698783040046692,0.6502774357795715,0.9300848725788212
603,0.09920686483383179,0.9908722043037415,0.6688640713691711,0.6471149921417236,0.8725148348373347
604,0.11013295501470566,0.9908722043037415,0.6734279990196228,0.6551703214645386,0.7303309637371571
605,0.06858612596988678,0.9908722043037415,0.6719066500663757,0.6550509929656982,0.5609612646117097
606,0.0944087877869606,0.9929006099700928,0.6663286089897156,0.6466376185417175,1.0356235977136588
607,0.09281057119369507,0.993914783000946,0.6673427820205688,0.6506354808807373,0.8109393135669077
608,0.08784731477499008,0.9888437986373901,0.6815415620803833,0.6588698625564575,0.632195660866185
609,0.08765824884176254,0.9908722043037415,0.6779918670654297,0.6520078778266907,0.9384069858914389
610,0.07661303132772446,0.9908722043037415,0.662778913974762,0.6385822296142578,0.5336331776415951
611,0.08104339241981506,0.9918863773345947,0.6648072600364685,0.6410883665084839,0.7896035611474388
612,0.09205019474029541,0.9908722043037415,0.6658214926719666,0.6407303214073181,0.6982407761677851
613,0.09505857527256012,0.9908722043037415,0.6673427820205688,0.6423414349555969,0.8771664129578365
614,0.08389759063720703,0.9908722043037415,0.6607505083084106,0.6404320001602173,1.1581025187701843
615,0.09027361124753952,0.9898579716682434,0.6632859706878662,0.6438928246498108,0.7041129303175845
616,0.08486267179250717,0.9898579716682434,0.6607505083084106,0.6456232070922852,0.5609718819818831
617,0.09103501588106155,0.9908722043037415,0.6769776940345764,0.6580344438552856,0.9444853413158805
618,0.08241569250822067,0.9918863773345947,0.6612575650215149,0.6462199091911316,1.4995691012765737
619,0.10101938992738724,0.9908722043037415,0.6658214926719666,0.6502774357795715,1.2648593987861814
620,0.07541915774345398,0.9868153929710388,0.673935055732727,0.6569604277610779,0.6860124802572384
621,0.1007019430398941,0.9908722043037415,0.6450304388999939,0.6333313584327698,2.0070782370069336
622,0.10360319167375565,0.9878295660018921,0.6744421720504761,0.6559460163116455,2.722503559495124
623,0.10404017567634583,0.9888437986373901,0.6708924770355225,0.650516152381897,1.7320517759147072
624,0.09635798633098602,0.9908722043037415,0.6480730175971985,0.6346440315246582,1.1329973252780243
625,0.09718511253595352,0.9908722043037415,0.6713995933532715,0.6522465348243713,1.8908274181369948
626,0.10650453716516495,0.9908722043037415,0.6668356657028198,0.6506951451301575,1.2602722915045863
627,0.0884605273604393,0.993914783000946,0.6516227126121521,0.638641893863678,1.1273241605343043
628,0.09427106380462646,0.9918863773345947,0.6663286089897156,0.6440121531486511,1.5803566272923095
629,0.08695957064628601,0.9918863773345947,0.6678498983383179,0.6459812521934509,0.653988773005192
630,0.08484905958175659,0.9918863773345947,0.6673427820205688,0.6454442143440247,0.4914607556372627
631,0.07625428587198257,0.993914783000946,0.6632859706878662,0.6391192674636841,0.5709903258986894
632,0.08309897780418396,0.9929006099700928,0.6622717976570129,0.6367921829223633,0.6452003671245493
633,0.07365699112415314,0.9908722043037415,0.6774847507476807,0.6542752981185913,0.9790939323867861
634,0.08903993666172028,0.993914783000946,0.6779918670654297,0.6551703214645386,1.1523070388640024
635,0.0783936008810997,0.9949289560317993,0.679006040096283,0.6562443971633911,0.8066612140880477
636,0.0834956020116806,0.993914783000946,0.6658214926719666,0.645205557346344,0.8994181506408664
637,0.09912307560443878,0.993914783000946,0.6663286089897156,0.6531415581703186,1.1604379885722114
638,0.07182816416025162,0.9929006099700928,0.6693711876869202,0.6555283665657043,0.5838608749406736
639,0.092727430164814,0.9949289560317993,0.6703853607177734,0.6517691612243652,0.6409856485675619
640,0.06712903082370758,0.9929006099700928,0.6673427820205688,0.6497403979301453,0.541223697701783
641,0.07183558493852615,0.9929006099700928,0.6769776940345764,0.6518885493278503,0.677652738220954
642,0.09323612600564957,0.9929006099700928,0.6713995933532715,0.6483680009841919,0.631249474360859
643,0.09473886340856552,0.993914783000946,0.6531440019607544,0.6242018938064575,0.9986470564545393
644,0.09295286983251572,0.993914783000946,0.6617646813392639,0.6417447328567505,1.6140273074505418
645,0.07235937565565109,0.9929006099700928,0.6688640713691711,0.6497403979301453,0.8257204505585728
646,0.09568090736865997,0.9949289560317993,0.6622717976570129,0.6436541676521301,1.0041981467473133
647,0.07251745462417603,0.9959431886672974,0.6779918670654297,0.6549316644668579,1.2967986412594357
648,0.09308438748121262,0.993914783000946,0.6734279990196228,0.6566023826599121,1.0094274994322958
649,0.08526342362165451,0.993914783000946,0.6693711876869202,0.6476519703865051,1.1780921024478386
650,0.0962284728884697,0.9918863773345947,0.6749492883682251,0.6569007635116577,1.25453302220118
651,0.0927155613899231,0.9918863773345947,0.673935055732727,0.6555283665657043,1.1096093373421643
652,0.07550717890262604,0.9949289560317993,0.6612575650215149,0.6345247030258179,0.9396535298752634
653,0.10241058468818665,0.9858012199401855,0.6825557351112366,0.6659108400344849,2.5545672499142116
654,0.13090960681438446,0.9929006099700928,0.6749492883682251,0.6560654044151306,2.5652511224690864
655,0.0826403796672821,0.9908722043037415,0.6206896305084229,0.6006921529769897,1.111602438626861
656,0.16522717475891113,0.9817444086074829,0.6830628514289856,0.6608389616012573,4.3641957159019595
657,0.12503038346767426,0.9645029902458191,0.679513156414032,0.6648367643356323,2.1830647226959083
658,0.1723877340555191,0.9878295660018921,0.6724137663841248,0.6481293439865112,2.4738737693067043
659,0.09424690157175064,0.9827585816383362,0.6288032531738281,0.615430474281311,0.6370452338626607
660,0.13688209652900696,0.9847869873046875,0.6308315992355347,0.6143564581871033,1.750382170477062
661,0.12460431456565857,0.9858012199401855,0.6678498983383179,0.645205557346344,2.116202002794397
662,0.10265611857175827,0.9787018299102783,0.6759634613990784,0.6487857103347778,0.9600468993634245
663,0.16548745334148407,0.9847869873046875,0.6607505083084106,0.6387612223625183,1.9313729733451477
664,0.10778024047613144,0.9908722043037415,0.6379310488700867,0.6129840612411499,0.7239663421092964
665,0.13727352023124695,0.9858012199401855,0.6784989833831787,0.6539769768714905,3.789675996482344
666,0.10999250411987305,0.9847869873046875,0.6815415620803833,0.6602422595024109,0.814759547034878
667,0.1151784285902977,0.9908722043037415,0.679006040096283,0.659466564655304,1.9780581007508748
668,0.0975918248295784,0.9898579716682434,0.6683569550514221,0.6437138319015503,0.9522967894096549
669,0.11778469383716583,0.9949289560317993,0.6759634613990784,0.653380274772644,1.4055780325622564
670,0.1017313152551651,0.9969573616981506,0.6769776940345764,0.6550509929656982,0.822973118640631
671,0.1027274802327156,0.9949289560317993,0.6779918670654297,0.6569604277610779,0.6853375965093577
672,0.09213990718126297,0.9929006099700928,0.6784989833831787,0.6567217707633972,0.8083098491445138
673,0.09509043395519257,0.993914783000946,0.6729208827018738,0.6515305042266846,0.8773662085240104
674,0.08082938939332962,0.9949289560317993,0.6612575650215149,0.6414463520050049,0.6136188067653914
675,0.08991041779518127,0.9918863773345947,0.6668356657028198,0.6536189317703247,1.4101384560541026
676,0.08368049561977386,0.9918863773345947,0.6683569550514221,0.6512321829795837,1.0540369944705033
677,0.07109794020652771,0.9949289560317993,0.6648072600364685,0.6416254043579102,1.0331991571893815
678,0.08514221757650375,0.993914783000946,0.6678498983383179,0.6477713584899902,1.7612234524207901
679,0.07994387298822403,0.9929006099700928,0.6658214926719666,0.650516152381897,0.6888910810032254
680,0.09348129481077194,0.9949289560317993,0.6592292189598083,0.6401336193084717,1.1623869747979294
681,0.06759483367204666,0.9929006099700928,0.6419878005981445,0.628438413143158,0.43987396509228505
682,0.09724431484937668,0.9918863773345947,0.6703853607177734,0.6607195734977722,2.2390208621489887
683,0.10578401386737823,0.993914783000946,0.6784989833831787,0.6600035429000854,1.8110265523095344
684,0.0949576199054718,0.993914783000946,0.6323529481887817,0.630944550037384,1.4647818800556134
685,0.10941930115222931,0.993914783000946,0.6779918670654297,0.6593471765518188,3.232012029142854
686,0.08448746800422668,0.993914783000946,0.6769776940345764,0.6605405807495117,1.1997995717488366
687,0.07756264507770538,0.9918863773345947,0.6688640713691711,0.6523658633232117,0.9326083814884909
688,0.10434244573116302,0.9929006099700928,0.6708924770355225,0.6513515114784241,0.8436167349299091
689,0.09489821642637253,0.9929006099700928,0.6719066500663757,0.646458625793457,0.5531092863351265
690,0.0827498659491539,0.9918863773345947,0.6729208827018738,0.6516498327255249,0.6980373770665722
691,0.08313314616680145,0.993914783000946,0.6729208827018738,0.6481890082359314,0.6087222906746328
692,0.06983907520771027,0.9929006099700928,0.6703853607177734,0.6429978013038635,0.6895048930267746
693,0.08814071863889694,0.9949289560317993,0.6658214926719666,0.6422817707061768,0.8679218253031794
694,0.06849357485771179,0.9949289560317993,0.6759634613990784,0.6486067175865173,0.5676218437405814
695,0.08049952238798141,0.9949289560317993,0.6820486783981323,0.6516498327255249,0.5867242912217454
696,0.07885079830884933,0.9949289560317993,0.6840770840644836,0.6511127948760986,0.6277316134284614
697,0.08193796873092651,0.9959431886672974,0.6754563450813293,0.6479503512382507,0.5613201466593896
698,0.06229938194155693,0.9959431886672974,0.6810344457626343,0.6486067175865173,0.5983376659506916
699,0.06620481610298157,0.9959431886672974,0.6871196627616882,0.6529625654220581,0.5510767242130837
700,0.06490470468997955,0.9949289560317993,0.6825557351112366,0.6569604277610779,0.5694337707289251
701,0.10037929564714432,0.9949289560317993,0.6637930870056152,0.6364341378211975,1.7815973444952864
702,0.08899956941604614,0.9959431886672974,0.679513156414032,0.6510531306266785,1.6809989881395153
703,0.06671617925167084,0.9949289560317993,0.6774847507476807,0.6551106572151184,0.8877483158376865
704,0.0676034688949585,0.9949289560317993,0.679006040096283,0.6513515114784241,0.7677501970954064
705,0.05618031322956085,0.9959431886672974,0.6729208827018738,0.6480696797370911,0.38108257428124287
706,0.07072898000478745,0.9969573616981506,0.6769776940345764,0.6552896499633789,0.8866823090317849
707,0.0726463571190834,0.9969573616981506,0.6764705777168274,0.6517691612243652,0.6393952802718388
708,0.08103704452514648,0.9969573616981506,0.6693711876869202,0.6477713584899902,1.0369006048031146
709,0.06153866648674011,0.9959431886672974,0.6759634613990784,0.6495614051818848,0.8496450071204386
710,0.06196124106645584,0.9959431886672974,0.6683569550514221,0.6443701982498169,0.8256680747065026
711,0.07258177548646927,0.9959431886672974,0.6724137663841248,0.6482486724853516,0.9631480564228861
712,0.08226338028907776,0.9949289560317993,0.6784989833831787,0.6527239084243774,0.666812752552918
713,0.07317856699228287,0.9959431886672974,0.6708924770355225,0.6477713584899902,0.8095770020781579
714,0.08361285924911499,0.9959431886672974,0.6840770840644836,0.6503371000289917,0.6592238485480172
715,0.08099981397390366,0.9959431886672974,0.6845841407775879,0.6560057401657104,0.573449633236874
716,0.09131978452205658,0.9959431886672974,0.6708924770355225,0.6428784132003784,1.2590301006861253
717,0.09990952163934708,0.9969573616981506,0.6876267790794373,0.6567217707633972,1.4883122090599066
718,0.07628479599952698,0.9949289560317993,0.6886409521102905,0.6547526717185974,0.8991880594922861
719,0.08720780164003372,0.993914783000946,0.6744421720504761,0.6413866877555847,1.1106255076549203
720,0.061546266078948975,0.993914783000946,0.6693711876869202,0.6401933431625366,0.8779572167233477
721,0.06774020195007324,0.9959431886672974,0.6830628514289856,0.6481890082359314,0.7091089632605365
722,0.05914514511823654,0.9959431886672974,0.673935055732727,0.6442508101463318,0.9259622297912578
723,0.07958751171827316,0.9949289560317993,0.6531440019607544,0.6261709928512573,1.1967007139842574
724,0.10005610436201096,0.9959431886672974,0.6703853607177734,0.6422220468521118,1.7958047069364889
725,0.06103035807609558,0.9949289560317993,0.6713995933532715,0.6486067175865173,0.7333943644145153
726,0.06940221786499023,0.9949289560317993,0.6729208827018738,0.6441314816474915,0.8731271890897139
727,0.07384694367647171,0.993914783000946,0.6632859706878662,0.636613130569458,0.6351475512729183
728,0.08573291450738907,0.9929006099700928,0.6703853607177734,0.6424010992050171,0.8360940958055038
729,0.06371750682592392,0.993914783000946,0.6729208827018738,0.6493824124336243,0.5224386503387741
730,0.07204822450876236,0.9949289560317993,0.6683569550514221,0.6478906869888306,0.558094980834834
731,0.08411215245723724,0.9969573616981506,0.6501014232635498,0.6332119703292847,0.5875289074838186
732,0.08261000365018845,0.9949289560317993,0.679513156414032,0.6624500155448914,2.3157189855083766
733,0.07943110913038254,0.9959431886672974,0.6830628514289856,0.6620323061943054,1.3560057183130276
734,0.08000628650188446,0.9979715943336487,0.6546652913093567,0.6428784132003784,1.2315384213082432
735,0.0828947201371193,0.9959431886672974,0.6556795239448547,0.6433557868003845,1.1455648111898213
736,0.06545941531658173,0.9969573616981506,0.6724137663841248,0.653738260269165,0.8203823273463403
737,0.058452408760786057,0.9969573616981506,0.6774847507476807,0.6529625654220581,0.7000097603106149
738,0.08042670786380768,0.9949289560317993,0.6673427820205688,0.6453248858451843,1.1607323706035808
739,0.054427992552518845,0.9949289560317993,0.6632859706878662,0.6424607634544373,0.6530521321440013
740,0.07072804123163223,0.9969573616981506,0.6663286089897156,0.6432961225509644,0.6922956012495004
741,0.07353910803794861,0.9969573616981506,0.6703853607177734,0.6429978013038635,0.5710148309647994
742,0.06520048528909683,0.9969573616981506,0.6698783040046692,0.6459812521934509,0.568958468011605
743,0.0588776059448719,0.9969573616981506,0.6683569550514221,0.6470552682876587,0.5165630790114897
744,0.07497061043977737,0.9969573616981506,0.6734279990196228,0.648845374584198,1.0096912228867394
745,0.05045458674430847,0.9959431886672974,0.680020272731781,0.657795786857605,0.8961964642707325
746,0.061683494597673416,0.9959431886672974,0.6769776940345764,0.6542752981185913,0.643325156440913
747,0.07719206064939499,0.9929006099700928,0.6643002033233643,0.6424607634544373,0.5619243288778754
748,0.08532651513814926,0.9959431886672974,0.6835699677467346,0.6579747796058655,1.326846836183014
749,0.06110410392284393,0.9959431886672974,0.6820486783981323,0.6604212522506714,1.2783909235312996
750,0.07786376029253006,0.9959431886672974,0.6744421720504761,0.648487389087677,1.2236276341690346
751,0.056913428008556366,0.9959431886672974,0.6526368856430054,0.6335103511810303,0.4711004082609051
752,0.07238838821649551,0.9949289560317993,0.6810344457626343,0.6565427184104919,1.8727382400695243
753,0.09366574138402939,0.9949289560317993,0.6815415620803833,0.656184732913971,1.3981773178824317
754,0.0730978474020958,0.9949289560317993,0.6495943069458008,0.6291544437408447,1.2570568279253913
755,0.08143243193626404,0.9959431886672974,0.6536511182785034,0.6324959397315979,1.5532541068887467
756,0.08554723858833313,0.993914783000946,0.6891480684280396,0.6616743206977844,2.6884373311694487
757,0.0957229807972908,0.9929006099700928,0.6886409521102905,0.661435604095459,1.6387364306160417
758,0.10671409964561462,0.9969573616981506,0.6648072600364685,0.6431171298027039,1.6805324841222253
759,0.0635087713599205,0.9949289560317993,0.6501014232635498,0.6278417706489563,0.9026821746379896
760,0.09093868732452393,0.9959431886672974,0.6729208827018738,0.6534996032714844,1.8696037296249202
761,0.07431373000144958,0.9929006099700928,0.6729208827018738,0.657437801361084,0.7659123580267448
762,0.11741602420806885,0.9969573616981506,0.6546652913093567,0.6373888254165649,2.4243221055758077
763,0.10179450362920761,0.9969573616981506,0.6379310488700867,0.6262306571006775,1.259040407227813
764,0.09754589200019836,0.9969573616981506,0.6754563450813293,0.655767023563385,1.5795384181534535
765,0.06283945590257645,0.9959431886672974,0.6810344457626343,0.664717435836792,0.5586104187450951
766,0.10336223989725113,0.9969573616981506,0.6724137663841248,0.6620919704437256,1.339610121840907
767,0.07782063633203506,0.9969573616981506,0.6688640713691711,0.6478310227394104,0.7885045168051591
768,0.06164693087339401,0.9969573616981506,0.6683569550514221,0.6483680009841919,1.053560515933758
769,0.06746557354927063,0.9969573616981506,0.6759634613990784,0.6528432369232178,0.5198481496139387
770,0.07141242921352386,0.9969573616981506,0.68052738904953,0.6595858931541443,0.5207303487595806
771,0.07293077558279037,0.9959431886672974,0.6779918670654297,0.6552896499633789,1.059290260944559
772,0.06883163750171661,0.9959431886672974,0.656693696975708,0.6441911458969116,0.5274801629334607
773,0.0633530542254448,0.9969573616981506,0.6769776940345764,0.6587505340576172,1.209187979217181
774,0.07867228239774704,0.9959431886672974,0.6774847507476807,0.6587505340576172,0.6651695744103195
775,0.062150876969099045,0.9959431886672974,0.6663286089897156,0.6528432369232178,0.7308854272713894
776,0.06402695924043655,0.9959431886672974,0.662778913974762,0.6501581072807312,0.5825592835686716
777,0.064980648458004,0.9959431886672974,0.6602433919906616,0.6453845500946045,0.5997869402711911
778,0.06633404642343521,0.9969573616981506,0.6729208827018738,0.6508144736289978,0.8236923130190832
779,0.055162835866212845,0.9969573616981506,0.6759634613990784,0.6544542908668518,0.5293752414555565
780,0.0640365332365036,0.9969573616981506,0.673935055732727,0.6520675420761108,1.0834403892928788
781,0.07197273522615433,0.9959431886672974,0.657200813293457,0.6356584429740906,0.8632779860706209
782,0.07435347139835358,0.9959431886672974,0.6815415620803833,0.6575571298599243,2.4219483174536918
783,0.0710420161485672,0.9949289560317993,0.6850912570953369,0.6633450388908386,0.667224108733793
784,0.09707174450159073,0.9959431886672974,0.6840770840644836,0.6644787788391113,1.4778776539220704
785,0.08689340949058533,0.9959431886672974,0.6729208827018738,0.6583328247070312,0.9067081122038044
786,0.0696849524974823,0.9969573616981506,0.68052738904953,0.663464367389679,0.8755744710124587
787,0.07229190319776535,0.9959431886672974,0.6658214926719666,0.6588698625564575,0.8374785758111692
788,0.06290718168020248,0.9959431886672974,0.6612575650215149,0.6558266878128052,0.5852263107040414
789,0.06343591213226318,0.9959431886672974,0.6678498983383179,0.6552299857139587,0.6041085331360303
790,0.07037157565355301,0.9959431886672974,0.6536511182785034,0.6467569470405579,0.7438888350505112
791,0.0896945595741272,0.9969573616981506,0.656186580657959,0.6489647030830383,0.8017034718227084
792,0.07048008590936661,0.9969573616981506,0.6632859706878662,0.6490243673324585,0.8169814159684156
793,0.08940765261650085,0.9949289560317993,0.6541581749916077,0.635002076625824,1.020614502096211
794,0.05936754494905472,0.9959431886672974,0.6592292189598083,0.6486663818359375,1.254469188700811
795,0.06315696984529495,0.9959431886672974,0.6637930870056152,0.6502774357795715,0.78502018620461
796,0.06561782211065292,0.9979715943336487,0.6551724076271057,0.6343457102775574,1.0804451193576425
797,0.09566134214401245,0.9969573616981506,0.6688640713691711,0.6532012224197388,1.519203474477009
798,0.057666245847940445,0.9969573616981506,0.6764705777168274,0.6641803979873657,0.5163625026994637
799,0.08444952219724655,0.9969573616981506,0.673935055732727,0.6595262289047241,1.3776512547040878
800,0.05726272985339165,0.9969573616981506,0.6764705777168274,0.6564233899116516,0.6965560617168152
801,0.06489268690347672,0.9969573616981506,0.6754563450813293,0.655767023563385,0.5602590457472295
802,0.06369873136281967,0.9969573616981506,0.6835699677467346,0.6655527949333191,0.784755590432891
803,0.07860089838504791,0.9969573616981506,0.6698783040046692,0.654513955116272,1.3074534267521518
804,0.05501679331064224,0.9979715943336487,0.6744421720504761,0.6540366411209106,0.6566260915505546
805,0.04959594085812569,0.9969573616981506,0.6886409521102905,0.6627483367919922,0.5989486293863995
806,0.07304922491312027,0.9949289560317993,0.6450304388999939,0.6346440315246582,1.8561635006242319
807,0.07151171565055847,0.9979715943336487,0.6759634613990784,0.6543349623680115,1.7890834965401694
808,0.05948823317885399,0.9959431886672974,0.6835699677467346,0.6622113585472107,0.4901047491717694
809,0.08443344384431839,0.9969573616981506,0.6622717976570129,0.6480696797370911,1.7224378654815433
810,0.05087249353528023,0.9969573616981506,0.6465517282485962,0.6272450685501099,0.6723007364038724
811,0.06690992414951324,0.9959431886672974,0.6643002033233643,0.6508144736289978,1.3614606323488145
812,0.07769636809825897,0.9969573616981506,0.6754563450813293,0.6560654044151306,0.8075368900014719
813,0.042135924100875854,0.9969573616981506,0.679006040096283,0.6566023826599121,0.5087660807187373
814,0.06806079298257828,0.9979715943336487,0.6622717976570129,0.6489647030830383,1.1225944014745826
815,0.06271768361330032,0.9969573616981506,0.6754563450813293,0.6581538319587708,1.3539358333288358
816,0.05649660900235176,0.9969573616981506,0.6784989833831787,0.6644191145896912,0.9236749237132367
817,0.0630161389708519,0.9959431886672974,0.68052738904953,0.6642997860908508,1.0197734257389397
818,0.08835571259260178,0.9969573616981506,0.6617646813392639,0.6510531306266785,1.2924340859579588
819,0.0742441937327385,0.9969573616981506,0.68052738904953,0.6650158166885376,2.1651967447104252
820,0.06881466507911682,0.9969573616981506,0.6769776940345764,0.6633450388908386,1.1474220107519242
821,0.08211328834295273,0.9959431886672974,0.6602433919906616,0.6549913287162781,1.3117544027144634
822,0.06445351243019104,0.9969573616981506,0.656186580657959,0.6465779542922974,1.3098534104317254
823,0.05725919455289841,0.9969573616981506,0.6724137663841248,0.6597648859024048,1.0407093334217186
824,0.07375162094831467,0.9969573616981506,0.6779918670654297,0.6641803979873657,1.1362795325646846
825,0.08746043592691422,0.9969573616981506,0.6703853607177734,0.6585118174552917,1.5471120314309084
826,0.08097594231367111,0.9949289560317993,0.6485801339149475,0.6335103511810303,0.9920856105903769
827,0.09329690784215927,0.9969573616981506,0.6734279990196228,0.6601229310035706,2.2785882550535086
828,0.07875905185937881,0.9969573616981506,0.6820486783981323,0.661435604095459,1.1027467719024144
829,0.07906284183263779,0.9959431886672974,0.6658214926719666,0.6481293439865112,1.0402550793594707
830,0.10880795121192932,0.9959431886672974,0.6871196627616882,0.6669849157333374,2.6455543572151883
831,0.11242146790027618,0.9949289560317993,0.6835699677467346,0.6662688255310059,2.02884330070701
832,0.07690136879682541,0.993914783000946,0.662778913974762,0.6444298624992371,0.80586464490425
833,0.10960744321346283,0.9949289560317993,0.6921906471252441,0.6727131605148315,2.9546959786801947
834,0.10847940295934677,0.9959431886672974,0.6911764740943909,0.6708633899688721,2.071018333602636
835,0.09557623416185379,0.9959431886672974,0.6774847507476807,0.6523061990737915,1.3454470363378281
836,0.08222585171461105,0.9959431886672974,0.6688640713691711,0.6456828713417053,1.0558697018467194
837,0.11336106806993484,0.9949289560317993,0.6916835308074951,0.6730711460113525,2.9266435239308537
838,0.1442556381225586,0.9959431886672974,0.6891480684280396,0.6702666878700256,2.537452879996021
839,0.07993289083242416,0.9949289560317993,0.6683569550514221,0.6555283665657043,1.1066853969412807
840,0.08093789219856262,0.9959431886672974,0.6541581749916077,0.638641893863678,0.8417741262981675
841,0.11669887602329254,0.9959431886672974,0.6866125464439392,0.6706843972206116,2.7586573792568654
842,0.08003734797239304,0.993914783000946,0.6881338357925415,0.674562931060791,1.1078669303823703
843,0.10310056060552597,0.9959431886672974,0.673935055732727,0.6683573126792908,1.3602313749612196
844,0.06525084376335144,0.9959431886672974,0.662778913974762,0.6456232070922852,0.8302069737060543
845,0.10418321937322617,0.9959431886672974,0.68052738904953,0.6682975888252258,2.0835497187455765
846,0.0735621377825737,0.9959431886672974,0.6850912570953369,0.6681782603263855,0.8987010433183351
847,0.08522908389568329,0.9959431886672974,0.680020272731781,0.6582134962081909,1.4709372025285077
848,0.07316290587186813,0.9949289560317993,0.6592292189598083,0.6432364583015442,0.6392805254605194
849,0.112258680164814,0.9959431886672974,0.6815415620803833,0.6698490381240845,2.379095391557211
850,0.09516514092683792,0.9959431886672974,0.679513156414032,0.6696699857711792,1.1962862997971961
851,0.09143190085887909,0.9959431886672974,0.6830628514289856,0.6693716645240784,1.2500495616634746
852,0.08535327017307281,0.9969573616981506,0.680020272731781,0.6595262289047241,0.6498101752550964
853,0.07706563174724579,0.9979715943336487,0.6698783040046692,0.652127206325531,0.8297082211576213
854,0.08644812554121017,0.9959431886672974,0.6911764740943909,0.6745032072067261,1.9421087525592395
855,0.08187421411275864,0.9959431886672974,0.6911764740943909,0.6759353280067444,0.9996982367871766
856,0.07076786458492279,0.9959431886672974,0.6901622414588928,0.665612518787384,1.3028524539899418
857,0.06536584347486496,0.9959431886672974,0.6698783040046692,0.6537979245185852,0.584459792351144
858,0.0834706574678421,0.9959431886672974,0.6754563450813293,0.6549316644668579,1.0484710504140393
859,0.07728759199380875,0.9949289560317993,0.6957403421401978,0.6718778014183044,1.2644171101168935
860,0.06370625644922256,0.9959431886672974,0.6987829208374023,0.671639084815979,0.7332177644417626
861,0.08686085045337677,0.9979715943336487,0.6886409521102905,0.6697297096252441,1.2653623611056086
862,0.05637691542506218,0.9979715943336487,0.6769776940345764,0.657437801361084,0.37577449638390914
863,0.0746508464217186,0.9969573616981506,0.6769776940345764,0.6559460163116455,1.0136216963407807
864,0.07796289771795273,0.9959431886672974,0.6962474584579468,0.675696611404419,2.064264406017705
865,0.08151473850011826,0.9959431886672974,0.6977687478065491,0.6793364882469177,0.9766345660396251
866,0.07982508093118668,0.9969573616981506,0.6982758641242981,0.6759353280067444,1.7040753301957268
867,0.06428195536136627,0.9979715943336487,0.6698783040046692,0.6502177715301514,0.5035395908046664
868,0.09690780937671661,0.9969573616981506,0.6952332258224487,0.6707440614700317,2.18508421285491
869,0.06317292898893356,0.9959431886672974,0.6952332258224487,0.6768303513526917,0.8159830418757605
870,0.08451088517904282,0.9959431886672974,0.6901622414588928,0.675338625907898,1.0088917619896056
871,0.08749998360872269,0.9959431886672974,0.6932048797607422,0.6770690083503723,1.3689688667267756
872,0.06090742349624634,0.9969573616981506,0.6947261691093445,0.6744435429573059,0.6861415254208575
873,0.07646692544221878,0.9979715943336487,0.6891480684280396,0.6656721830368042,0.6969937327872188
874,0.06254274398088455,0.9959431886672974,0.6871196627616882,0.6683573126792908,0.7481688429177622
875,0.057769667357206345,0.9959431886672974,0.6866125464439392,0.6720567941665649,0.5639610905865571
876,0.07779278606176376,0.9969573616981506,0.6825557351112366,0.665612518787384,1.0441991849593901
877,0.06261219829320908,0.998985767364502,0.6784989833831787,0.6567814350128174,0.6905466174551387
878,0.07140663266181946,0.9969573616981506,0.6825557351112366,0.6608986258506775,0.9767667538936978
879,0.061115164309740067,0.9969573616981506,0.6901622414588928,0.6710423827171326,0.7211413562848445
880,0.04963996633887291,0.9969573616981506,0.6952332258224487,0.6739065647125244,0.49687695837143947
881,0.055939581245183945,0.9969573616981506,0.6947261691093445,0.673309862613678,0.8281452699460299
882,0.06543053686618805,0.9969573616981506,0.6891480684280396,0.660301923751831,0.8716902816901632
883,0.07966500520706177,0.9959431886672974,0.6916835308074951,0.6659108400344849,1.1802201312014324
884,0.06631288677453995,0.9969573616981506,0.6911764740943909,0.6694909930229187,0.679341996559911
885,0.06582299619913101,0.9969573616981506,0.6906693577766418,0.6685363054275513,1.6996568597573687
886,0.045710690319538116,0.9969573616981506,0.6896551847457886,0.6686556339263916,0.3175053757503068
887,0.062035031616687775,0.9969573616981506,0.6871196627616882,0.6675218939781189,0.614162667423902
888,0.06181713938713074,0.9979715943336487,0.6784989833831787,0.6620323061943054,0.6864808930260626
889,0.07424595952033997,0.9969573616981506,0.6871196627616882,0.6702666878700256,1.436303722352867
890,0.0681685134768486,0.9969573616981506,0.6850912570953369,0.6687152981758118,0.9713298205539979
891,0.06421233713626862,0.9969573616981506,0.6779918670654297,0.6585714817047119,1.547141586412603
892,0.07634903490543365,0.9969573616981506,0.6703853607177734,0.6562443971633911,1.3523556016657126
893,0.06539490818977356,0.9969573616981506,0.679513156414032,0.6669849157333374,0.8420853315620989
894,0.06326364725828171,0.9969573616981506,0.6901622414588928,0.6740258932113647,0.5947066946673827
895,0.08691170066595078,0.9969573616981506,0.6779918670654297,0.6677606105804443,1.530824517557266
896,0.06873439252376556,0.9979715943336487,0.6607505083084106,0.6542156338691711,0.8012131192703899
897,0.0964147225022316,0.9969573616981506,0.6703853607177734,0.6650754809379578,1.1103219441991963
898,0.05445433035492897,0.9969573616981506,0.6896551847457886,0.6770690083503723,1.1812551872042885
899,0.08276616781949997,0.9969573616981506,0.6896551847457886,0.679813802242279,1.125556590302041
900,0.08328640460968018,0.998985767364502,0.6840770840644836,0.6755772829055786,0.6839213425106451
901,0.07368147373199463,0.998985767364502,0.6952332258224487,0.6799927949905396,1.0601069800106948
902,0.06870522350072861,0.9969573616981506,0.6921906471252441,0.6800525188446045,0.7468561347056973
903,0.06750255823135376,0.9969573616981506,0.6784989833831787,0.6698490381240845,0.7905600709316881
904,0.08688636124134064,0.9979715943336487,0.6871196627616882,0.6758756041526794,1.6749473791810954
905,0.06354217231273651,0.9969573616981506,0.6840770840644836,0.6743838787078857,0.9171358422346101
906,0.0841999351978302,0.9969573616981506,0.6784989833831787,0.6616146564483643,1.744961019107291
907,0.07684402167797089,0.9979715943336487,0.6815415620803833,0.6629273891448975,1.713654893969595
908,0.07192563265562057,0.9969573616981506,0.6932048797607422,0.6721164584159851,1.1821965776211847
909,0.10101111233234406,0.9969573616981506,0.6926977634429932,0.6714600920677185,1.5653380936293209
910,0.054143812507390976,0.9969573616981506,0.6845841407775879,0.6701473593711853,0.6382552825405405
911,0.06707345694303513,0.9969573616981506,0.7003042697906494,0.6809475421905518,1.1956547382901903
912,0.08555364608764648,0.9969573616981506,0.703346848487854,0.6824989318847656,0.9505843170841375
913,0.07345610111951828,0.9979715943336487,0.7018255591392517,0.681484580039978,0.9077864205006062
914,0.07245515286922455,0.9979715943336487,0.6977687478065491,0.6804105043411255,0.6532337078680308
915,0.07967133820056915,0.9969573616981506,0.7074036598205566,0.6834536790847778,0.8767432596995592
916,0.06832330673933029,0.9969573616981506,0.7058823108673096,0.6829166412353516,0.9405434342171677
917,0.07260046899318695,0.9979715943336487,0.6947261691093445,0.6742645502090454,1.0599729950212118
918,0.058106452226638794,0.998985767364502,0.6952332258224487,0.6685959696769714,1.1103430804394727
919,0.07073556631803513,0.9979715943336487,0.7048681378364563,0.6721761226654053,1.3164866499035566
920,0.06735840439796448,0.9969573616981506,0.6992900371551514,0.6737871766090393,0.7201240829635668
921,0.05864652991294861,0.9979715943336487,0.6911764740943909,0.669252336025238,0.7994283413878015
922,0.06010564789175987,0.998985767364502,0.6840770840644836,0.6655527949333191,0.6335807422159638
923,0.06005192548036575,0.9979715943336487,0.6850912570953369,0.6681782603263855,0.6818910237905486
924,0.056662578135728836,0.9979715943336487,0.6871196627616882,0.6701473593711853,0.7437453634393011
925,0.07836997509002686,0.9979715943336487,0.6866125464439392,0.6677606105804443,1.1005222952812335
926,0.06800537556409836,0.9979715943336487,0.6901622414588928,0.6717584133148193,0.781886468971968
927,0.0635346993803978,0.9979715943336487,0.6901622414588928,0.672534167766571,0.6455698507176199
928,0.049564771354198456,0.9979715943336487,0.6845841407775879,0.6687152981758118,0.5051037551574126
929,0.07871311157941818,0.9969573616981506,0.7048681378364563,0.6782624125480652,1.660948733586997
930,0.084848552942276,0.9969573616981506,0.7013184428215027,0.6780834197998047,1.026315555421674
931,0.061151448637247086,0.998985767364502,0.6891480684280396,0.6704457402229309,0.6478642360698653
932,0.07593346387147903,1.0,0.68052738904953,0.6622710227966309,0.8610066308000609
933,0.08335122466087341,0.9969573616981506,0.6932048797607422,0.6725938320159912,1.2956633382037335
934,0.07175778597593307,0.9969573616981506,0.6932048797607422,0.6755176186561584,0.9862106892125619
935,0.06251367181539536,0.9969573616981506,0.6932048797607422,0.6764126420021057,0.6044115318154706
936,0.08994146436452866,1.0,0.686105489730835,0.6634047031402588,1.183400544213793
937,0.0738169327378273,0.9969573616981506,0.7008113265037537,0.6815442442893982,2.348781761317661
938,0.0640849769115448,0.9969573616981506,0.6982758641242981,0.6824392676353455,1.5795861754863547
939,0.06728195399045944,0.9959431886672974,0.6947261691093445,0.6737871766090393,1.372327763543231
940,0.07459645718336105,0.998985767364502,0.6779918670654297,0.6597052216529846,0.8515069803815956
941,0.08982294797897339,0.9979715943336487,0.6957403421401978,0.676531970500946,1.4588198210017387
942,0.06434357911348343,0.9969573616981506,0.7043610215187073,0.6831552982330322,0.6149879530192205
943,0.06080004945397377,0.9969573616981506,0.7058823108673096,0.685542106628418,0.7436342139842739
944,0.04868637025356293,0.998985767364502,0.6992900371551514,0.682618260383606,0.5992441151513522
945,0.05402641370892525,0.9979715943336487,0.6992900371551514,0.683513343334198,0.7039301868800548
946,0.059424031525850296,0.9979715943336487,0.6962474584579468,0.6819618940353394,0.767797647963489
947,0.06892170757055283,0.998985767364502,0.7008113265037537,0.6819022297859192,0.7037244703700266
948,0.0784880518913269,0.9979715943336487,0.702332615852356,0.6868547797203064,0.6359358381680799
949,0.08138015121221542,1.0,0.6967545747756958,0.6764723062515259,1.0421950486581089
950,0.08172904700040817,0.9969573616981506,0.6962474584579468,0.6787994503974915,0.8543954387563786
951,0.07314995676279068,0.9969573616981506,0.7129817008972168,0.6885255575180054,1.0587813922591625
952,0.05695965141057968,0.9969573616981506,0.702839732170105,0.683871328830719,1.0429889378137436
953,0.06925901025533676,0.9979715943336487,0.6967545747756958,0.6763529777526855,0.5873695120828681
954,0.062311526387929916,0.9969573616981506,0.7139959335327148,0.6909719705581665,1.240142644553213
955,0.06702401489019394,0.9969573616981506,0.7150101065635681,0.6918670535087585,0.8114293837294452
956,0.07424113154411316,0.9979715943336487,0.7124746441841125,0.6856614351272583,1.3970936553502258
957,0.07659265398979187,0.998985767364502,0.6881338357925415,0.6671639084815979,1.0125990367206228
958,0.0842035561800003,0.9969573616981506,0.7099391222000122,0.6859597563743591,2.928365625545084
959,0.0706055536866188,0.9969573616981506,0.703346848487854,0.6843487024307251,1.4958602982726819
960,0.10280491411685944,0.998985767364502,0.7063894271850586,0.6793961524963379,1.74471247727958
961,0.055855926126241684,0.998985767364502,0.68052738904953,0.6651948094367981,0.8146790378380026
962,0.07446998357772827,0.9979715943336487,0.7008113265037537,0.6825585961341858,1.8373683422287235
963,0.05896022170782089,0.9969573616981506,0.6992900371551514,0.6841099858283997,0.7644297609249417
964,0.08340311795473099,0.9969573616981506,0.6967545747756958,0.6824392676353455,1.4567472448495655
965,0.08428911864757538,0.9979715943336487,0.6825557351112366,0.673309862613678,0.6755421330092435
966,0.09095805883407593,0.9969573616981506,0.6906693577766418,0.6801121830940247,1.4307411087102098
967,0.07697492837905884,0.9969573616981506,0.6937119364738464,0.6838116645812988,1.020806563751677
968,0.06999947875738144,0.9959431886672974,0.6972616314888,0.683513343334198,0.574862703807987
969,0.06346193701028824,0.9969573616981506,0.7008113265037537,0.6849454045295715,0.7410410455233479
970,0.0671386569738388,0.9969573616981506,0.7013184428215027,0.6838116645812988,0.5161014391321773
971,0.07037591934204102,0.9979715943336487,0.6947261691093445,0.6801718473434448,0.5397772169445268
972,0.061570849269628525,0.998985767364502,0.6916835308074951,0.6749805808067322,0.6663106235475749
973,0.04806750640273094,0.998985767364502,0.6932048797607422,0.6755772829055786,0.6837481497257679
974,0.08163170516490936,0.9979715943336487,0.6977687478065491,0.6807685494422913,0.7188897292494415
975,0.06387494504451752,0.9979715943336487,0.6921906471252441,0.6793961524963379,0.6210688183794039
976,0.06150924786925316,0.9969573616981506,0.6911764740943909,0.6772480010986328,2.171627734788865
977,0.0721810832619667,0.998985767364502,0.679006040096283,0.6687749624252319,1.042732182772834
978,0.06695723533630371,0.998985767364502,0.6769776940345764,0.6644191145896912,0.770972672163841
979,0.07480417191982269,1.0,0.6825557351112366,0.6622113585472107,1.3126940508044291
980,0.07285992801189423,1.0,0.6886409521102905,0.6724147796630859,1.1444442419816254
981,0.06827540695667267,1.0,0.6932048797607422,0.6761143207550049,1.2889375159419962
982,0.07969897985458374,0.998985767364502,0.6637930870056152,0.6545736193656921,1.0728980650881148
983,0.0799349695444107,0.998985767364502,0.6947261691093445,0.6813651919364929,2.396909290408487
984,0.08226922154426575,0.9969573616981506,0.6972616314888,0.6829166412353516,1.2586565056745436
985,0.10243923962116241,0.998985767364502,0.6713995933532715,0.6552896499633789,2.491952723610906
986,0.11047451943159103,1.0,0.6967545747756958,0.676531970500946,2.235260065805139
987,0.06259706616401672,0.9969573616981506,0.7089249491691589,0.6859597563743591,1.0799296307601405
988,0.10223115235567093,0.9979715943336487,0.703853964805603,0.6873918175697327,1.6300950934659795
989,0.06421539932489395,0.998985767364502,0.703346848487854,0.6780237555503845,0.9849558432770181
990,0.08958160877227783,0.998985767364502,0.6855983734130859,0.6616146564483643,0.8208049311641471
991,0.10641565918922424,0.9979715943336487,0.6972616314888,0.6857210993766785,3.1142446162205
992,0.12112515419721603,0.9979715943336487,0.6972616314888,0.6874514818191528,1.4552099336618773
993,0.08186100423336029,0.9979715943336487,0.6997971534729004,0.687153160572052,0.813582699391453
994,0.0675707533955574,0.998985767364502,0.6962474584579468,0.6793364882469177,0.6184521005099289
995,0.11324458569288254,0.9979715943336487,0.7160243391990662,0.6983113288879395,1.3321024780167496
996,0.06790710240602493,0.9979715943336487,0.7180527448654175,0.7033832669258118,0.7905768479957801
997,0.0670313760638237,0.9979715943336487,0.7190669178962708,0.7046959400177002,0.8038326247846792
998,0.053965695202350616,0.9979715943336487,0.703346848487854,0.6952682137489319,0.9349822196042148
999,0.08523709326982498,0.998985767364502,0.7160243391990662,0.7032638788223267,1.4064971421155437
1000,0.06828493624925613,0.9979715943336487,0.7210953235626221,0.7043379545211792,0.945405351662206
1001,0.07825657725334167,0.9979715943336487,0.7124746441841125,0.6990870237350464,1.2407145947952978
1002,0.07327163964509964,0.998985767364502,0.7068965435028076,0.6909719705581665,0.7734687171369115
1003,0.09279093891382217,0.9979715943336487,0.7053752541542053,0.6880481839179993,0.9583061667880065
1004,0.07255756855010986,0.998985767364502,0.7195740342140198,0.6984903216362,1.535162972115221
1005,0.0649350956082344,0.9969573616981506,0.7195740342140198,0.6969389319419861,0.6175380914394198
1006,0.07822754234075546,0.9969573616981506,0.7160243391990662,0.6949698328971863,0.929174431919485
1007,0.06285876035690308,0.9979715943336487,0.7114604115486145,0.6932991147041321,0.801875277904935
1008,0.07800763100385666,1.0,0.6952332258224487,0.6807088851928711,1.1410697281910456
1009,0.08836837112903595,0.9979715943336487,0.7155172228813171,0.6950891613960266,2.9117717386933535
1010,0.08670888841152191,0.9959431886672974,0.7150101065635681,0.6995047330856323,1.0120674105226226
1011,0.10241397470235825,0.9959431886672974,0.7180527448654175,0.7004594206809998,1.6514453031130192
1012,0.08838006108999252,0.9969573616981506,0.7114604115486145,0.6983709931373596,1.2218554992904462
1013,0.07098113000392914,0.9969573616981506,0.7124746441841125,0.699385404586792,1.0324254005010338
1014,0.06825409829616547,0.9969573616981506,0.7170385122299194,0.6999224424362183,1.0169826031649642
1015,0.08761730790138245,0.9979715943336487,0.7251521348953247,0.6991466879844666,1.0834244578922485
1016,0.0645977109670639,0.9979715943336487,0.720588207244873,0.7017124891281128,0.8009135490937527
1017,0.09079083800315857,0.9979715943336487,0.7246450185775757,0.7040395736694336,0.7296614908504869
1018,0.08015420287847519,0.9979715943336487,0.7236307859420776,0.7091711759567261,0.8822307265419794
1019,0.06985026597976685,0.9979715943336487,0.725659191608429,0.7118563055992126,0.8321930589583043
1020,0.08281420916318893,0.998985767364502,0.7216024398803711,0.7010561227798462,0.9136297428331827
1021,0.08738984912633896,1.0,0.7190669178962708,0.6999224424362183,1.1821179578203886
1022,0.08026622980833054,1.0,0.720081090927124,0.6987290382385254,0.765353227503289
1023,0.07070478051900864,1.0,0.720081090927124,0.7015334963798523,0.6697795633905692
1024,0.08496998250484467,1.0,0.720081090927124,0.6980130076408386,1.097530779900518
1025,0.07184724509716034,1.0,0.7129817008972168,0.6938958168029785,0.587670826577832
1026,0.06738127022981644,1.0,0.7139959335327148,0.6978339552879333,0.6530913708487843
1027,0.07313673198223114,1.0,0.7134888172149658,0.6978339552879333,0.6845417854393574
1028,0.07998267561197281,0.998985767364502,0.7180527448654175,0.7003400921821594,0.5691187742189799
1029,0.04912020266056061,0.998985767364502,0.720588207244873,0.7005787491798401,0.45234583332053324
1030,0.08294323086738586,0.998985767364502,0.7134888172149658,0.6953875422477722,1.4863592899036397
1031,0.06844249367713928,0.998985767364502,0.6987829208374023,0.6915686726570129,0.6145169871707811
1032,0.08358670026063919,0.998985767364502,0.7185598015785217,0.7014738321304321,1.14936496688561
1033,0.08204099535942078,0.998985767364502,0.7210953235626221,0.7043976187705994,0.6231287435565461
1034,0.08345808833837509,0.9979715943336487,0.7210953235626221,0.7007578015327454,1.0114186671424432
1035,0.07522841542959213,0.9979715943336487,0.6962474584579468,0.6713407635688782,0.8529791652869756
1036,0.12816835939884186,0.9979715943336487,0.7216024398803711,0.7069634199142456,3.0955811783062006
1037,0.0710604265332222,0.9979715943336487,0.7180527448654175,0.7010561227798462,0.7885885450990919
1038,0.08678814023733139,0.9979715943336487,0.7221094965934753,0.7076794505119324,1.232144316153168
1039,0.08861570805311203,0.998985767364502,0.7312372922897339,0.7061877250671387,0.9922007136340332
1040,0.08708160370588303,1.0,0.7185598015785217,0.6930007338523865,0.5508117055065993
1041,0.08872993290424347,1.0,0.7317444086074829,0.7061280608177185,1.4542529685688659
1042,0.07258326560258865,1.0,0.7302231192588806,0.7088728547096252,0.5744412886868738
1043,0.07079990208148956,0.998985767364502,0.725659191608429,0.709946870803833,0.8145033023954875
1044,0.06611175835132599,1.0,0.7368153929710388,0.7136463522911072,0.9208263663790678
1045,0.08794744312763214,1.0,0.7342799305915833,0.7116773128509521,1.0424126877877202
1046,0.05165266990661621,1.0,0.7297160029411316,0.7087534666061401,0.651132980794939
1047,0.06167396530508995,1.0,0.7423934936523438,0.7143624424934387,0.9266120616842899
1048,0.062464673072099686,1.0,0.743914783000946,0.7232531309127808,0.5886667045797738
1049,0.0666288211941719,1.0,0.7429006099700928,0.7265349626541138,0.7252145070690141
1050,0.05087247118353844,0.998985767364502,0.7454360723495483,0.7271316647529602,0.4849068075521006
1051,0.05366458743810654,0.998985767364502,0.7459431886672974,0.7244465351104736,0.45654912259724695
1052,0.05726343020796776,1.0,0.7444218993186951,0.7197923064231873,0.5542366097092813
1053,0.06441589444875717,1.0,0.7429006099700928,0.7210453748703003,0.9374164673048292
1054,0.07191171497106552,1.0,0.7444218993186951,0.7222387790679932,0.852787928550399
1055,0.04579313099384308,1.0,0.7393509149551392,0.7228354811668396,0.6023289311451249
1056,0.049832526594400406,1.0,0.7332656979560852,0.7208663821220398,0.6122716027486316
1057,0.05615442618727684,1.0,0.7358012199401855,0.7180022597312927,0.6370024528731902
1058,0.043248582631349564,0.998985767364502,0.7307301759719849,0.710364580154419,0.431752774765209
1059,0.07809504866600037,0.998985767364502,0.7322515249252319,0.711557924747467,1.083322815950846
1060,0.06027209386229515,0.998985767364502,0.7271804809570312,0.7112596035003662,0.6972226048080097
1061,0.059446804225444794,1.0,0.7287018299102783,0.7103049159049988,0.7559611464847474
1062,0.04755216836929321,0.998985767364502,0.7241379022598267,0.7084551453590393,0.5577979222671692
1063,0.07167280465364456,1.0,0.7276875972747803,0.7077987790107727,0.717291868793884
1064,0.04511035606265068,1.0,0.7271804809570312,0.7094694972038269,0.5229274959780524
1065,0.04502252861857414,1.0,0.7327585816383362,0.7121546268463135,0.39433628803803705
1066,0.07498662918806076,1.0,0.7347869873046875,0.7150187492370605,0.8876271587242416
1067,0.05975722521543503,1.0,0.7373225092887878,0.7203890085220337,0.836919146157193
1068,0.06354948878288269,1.0,0.7352941036224365,0.7134076952934265,1.2953685995292388
1069,0.05487317964434624,1.0,0.7347869873046875,0.7137657403945923,0.8878813144744173
1070,0.06117180362343788,1.0,0.7388437986373901,0.7247449159622192,0.9747008156017193
1071,0.0569586381316185,0.998985767364502,0.7347869873046875,0.7257592678070068,0.7506244750696025
1072,0.06118970364332199,0.9979715943336487,0.7358012199401855,0.7251029014587402,0.45494374206762267
1073,0.050455451011657715,0.998985767364502,0.7322515249252319,0.7190762758255005,0.3982465476280643
1074,0.06983177363872528,0.998985767364502,0.7302231192588806,0.7174055576324463,1.2452967203687821
1075,0.054226797074079514,0.998985767364502,0.726166307926178,0.7153767943382263,0.7059755052015054
1076,0.051183994859457016,0.998985767364502,0.7236307859420776,0.7101855278015137,0.8431965240038912
1077,0.07792186737060547,0.998985767364502,0.7276875972747803,0.7135270237922668,0.584341159169616
1078,0.05557980760931969,0.998985767364502,0.7246450185775757,0.7123933434486389,0.8719843267758874
1079,0.05073823779821396,0.998985767364502,0.726673424243927,0.7123933434486389,0.6838882738655336
1080,0.06913483887910843,0.9979715943336487,0.7231237292289734,0.7061280608177185,0.8176085059445314
1081,0.06829377263784409,0.9979715943336487,0.7226166129112244,0.7088131308555603,0.9436429843534021
1082,0.052056167274713516,0.998985767364502,0.7287018299102783,0.7127513289451599,0.9318057555771686
1083,0.06331849843263626,0.998985767364502,0.7327585816383362,0.7164508700370789,1.0327996821013778
1084,0.07181216776371002,0.998985767364502,0.7383366823196411,0.7171072363853455,0.8933172726531096
1085,0.0694761574268341,0.998985767364502,0.7383366823196411,0.7136463522911072,0.8432995080353946
1086,0.08867841958999634,0.998985767364502,0.7383366823196411,0.7200906872749329,1.1505438053765462
1087,0.05448883771896362,1.0,0.7368153929710388,0.7231934666633606,0.5597780011155847
1088,0.05632992833852768,1.0,0.7418863773345947,0.7212840914726257,0.6982966306853682
1089,0.04866775497794151,1.0,0.7423934936523438,0.7158541679382324,0.6234363636960258
1090,0.09119617938995361,0.998985767364502,0.743914783000946,0.7259979248046875,1.6036296506434782
1091,0.07172486931085587,0.998985767364502,0.743407666683197,0.7297571301460266,0.6844219718982171
1092,0.07236042618751526,1.0,0.7413793206214905,0.7304134964942932,0.9675986970104998
1093,0.06370430439710617,1.0,0.7474644780158997,0.7292200922966003,0.7077390306168146
1094,0.06353337317705154,1.0,0.7454360723495483,0.7269526720046997,0.7670039250366469
1095,0.0745214968919754,1.0,0.749492883682251,0.7301151156425476,1.200380301200679
1096,0.06297843158245087,0.998985767364502,0.7454360723495483,0.7281460762023926,0.7782358126967514
1097,0.0711887925863266,1.0,0.7444218993186951,0.7264156341552734,0.7535003668495992
1098,0.06402794271707535,1.0,0.7393509149551392,0.7224774360656738,0.8562240005213976
1099,0.0743151381611824,1.0,0.7236307859420776,0.7047556638717651,0.9490446737812288
1100,0.08866633474826813,0.9969573616981506,0.7418863773345947,0.7284443974494934,2.857030077941734
1101,0.0892893448472023,0.9969573616981506,0.726166307926178,0.7220001220703125,1.2227821642705146
1102,0.11538144946098328,0.9969573616981506,0.7378296256065369,0.7307714819908142,1.9233847700863231
1103,0.06526002287864685,1.0,0.7378296256065369,0.7290410995483398,0.7544344251752981
1104,0.06181817501783371,1.0,0.7337728142738342,0.7157945036888123,0.8257099999037364
1105,0.08461163938045502,1.0,0.7398579716682434,0.7280266880989075,1.607371834410797
1106,0.0606943778693676,0.998985767364502,0.7322515249252319,0.7238498330116272,0.5330039284589374
1107,0.07298445701599121,1.0,0.7337728142738342,0.7220597863197327,0.9203688091800015
1108,0.05344302952289581,1.0,0.7383366823196411,0.7226564884185791,0.8789080228442038
1109,0.0697629526257515,1.0,0.7297160029411316,0.7151978015899658,0.6066539065149315
1110,0.06727703660726547,1.0,0.7332656979560852,0.7151381373405457,0.8362189714467717
1111,0.08998502790927887,1.0,0.7403650879859924,0.7255802750587463,1.7700667067378264
1112,0.05790557339787483,1.0,0.743407666683197,0.7293394207954407,0.6713739505279805
1113,0.0798049196600914,1.0,0.7469573616981506,0.7367384433746338,0.7790258250468822
1114,0.0683998391032219,1.0,0.7550709843635559,0.7438390851020813,0.6690988792001227
1115,0.07783044129610062,1.0,0.7581135630607605,0.7439584732055664,0.7098554313992104
1116,0.07058002054691315,0.998985767364502,0.7545638680458069,0.7412136793136597,0.7053934917042218
1117,0.06978271901607513,1.0,0.7530425786972046,0.7404976487159729,0.7238672209993813
1118,0.0734722837805748,1.0,0.7570993900299072,0.7415716648101807,0.8094935751245916
1119,0.0759112685918808,1.0,0.7525354623794556,0.7390058636665344,1.0710790304889672
1120,0.06075963005423546,1.0,0.7510141730308533,0.7360820770263672,0.7521920764772195
1121,0.06414994597434998,0.998985767364502,0.7342799305915833,0.7279073596000671,1.3536611354443915
1122,0.05507729947566986,1.0,0.7408722043037415,0.7260576486587524,1.1469556805680288
1123,0.06793387979269028,1.0,0.7378296256065369,0.7183005809783936,1.1016324224556207
1124,0.07647938281297684,0.998985767364502,0.7327585816383362,0.7113192677497864,0.9438471401612845
1125,0.07590302079916,1.0,0.7464503049850464,0.7193149924278259,1.5031693842518834
1126,0.07645978033542633,0.998985767364502,0.7418863773345947,0.7214630842208862,0.8054643225533454
1127,0.06779855489730835,0.998985767364502,0.7388437986373901,0.7187182903289795,0.7620222091559987
1128,0.07563277333974838,1.0,0.7469573616981506,0.7206277251243591,0.8406661870128238
1129,0.07753127813339233,0.998985767364502,0.7251521348953247,0.6998627185821533,1.1921257128936185
1130,0.1189223900437355,0.9979715943336487,0.7383366823196411,0.7252222299575806,4.275645846867288
1131,0.07665207982063293,0.9969573616981506,0.7226166129112244,0.7151381373405457,0.9291149403654907
1132,0.15175920724868774,0.9969573616981506,0.7383366823196411,0.7293394207954407,1.8694792069975568
1133,0.09496054798364639,0.998985767364502,0.7621703743934631,0.7439584732055664,0.97340789768505
1134,0.08619648218154907,1.0,0.7606490850448608,0.7440181374549866,0.8403637509029701
1135,0.11080080270767212,1.0,0.7596348524093628,0.7453905344009399,1.2096794284078112
1136,0.06916267424821854,0.998985767364502,0.7576064467430115,0.7445551753044128,0.7076177765258349
1137,0.07179999351501465,0.998985767364502,0.7535496950149536,0.7444357872009277,0.5633935369218643
1138,0.08537913113832474,0.998985767364502,0.7586206793785095,0.7463452219963074,0.8235598488113699
1139,0.07274515926837921,0.998985767364502,0.7616632580757141,0.7446745038032532,0.8381047395338309
1140,0.07992620766162872,0.998985767364502,0.7510141730308533,0.7366191148757935,0.9362737634299777
1141,0.08592250943183899,0.998985767364502,0.7611561417579651,0.7472402453422546,1.2690416309128374
1142,0.07804574817419052,0.998985767364502,0.7616632580757141,0.7492093443870544,0.9480381150789565
1143,0.0639386922121048,0.998985767364502,0.7596348524093628,0.7464048862457275,0.7293072612240538
1144,0.06866864114999771,1.0,0.7591277956962585,0.7456888556480408,0.5913530571248362
1145,0.07694190740585327,1.0,0.7591277956962585,0.7412136793136597,0.7923922615766419
1146,0.08776337653398514,1.0,0.7626774907112122,0.7489110231399536,0.9571281501738134
1147,0.06810610741376877,1.0,0.7581135630607605,0.7468225955963135,0.676880703216998
1148,0.06204479932785034,1.0,0.7576064467430115,0.7446745038032532,0.5219133166709685
1149,0.06875687092542648,1.0,0.7596348524093628,0.7512977719306946,1.1423943163939838
1150,0.08076957613229752,1.0,0.7647058367729187,0.7500447630882263,1.0239987140399214
1151,0.06511186063289642,1.0,0.7591277956962585,0.7488513588905334,0.9134716902321558
1152,0.07067301869392395,1.0,0.7596348524093628,0.7495673894882202,1.2329124247245276
1153,0.06688868254423141,1.0,0.7718052268028259,0.7566083669662476,1.3354126007174192
1154,0.07969888299703598,1.0,0.7707910537719727,0.7605465650558472,0.5859944061837441
1155,0.08210080862045288,1.0,0.7647058367729187,0.7596515417098999,1.0446162007240738
1156,0.07220444828271866,1.0,0.7636916637420654,0.7598305344581604,0.8842132964084226
1157,0.07720755785703659,1.0,0.7621703743934631,0.7587564587593079,0.6436093994258916
1158,0.07164064049720764,1.0,0.7606490850448608,0.7502237558364868,0.8226705688816078
1159,0.06323473155498505,1.0,0.7555781006813049,0.7524315118789673,0.7083318659763161
1160,0.09294033795595169,1.0,0.7621703743934631,0.7589354515075684,1.4662792446603843
1161,0.06258506327867508,1.0,0.7647058367729187,0.7624559998512268,0.8258194551933973
1162,0.07141123712062836,1.0,0.7647058367729187,0.7642460465431213,0.8294068350285878
1163,0.07400403171777725,1.0,0.7641987800598145,0.765379786491394,0.6420490432868237
1164,0.07765461504459381,1.0,0.7657200694084167,0.7631720304489136,0.9416105909168982
1165,0.08107272535562515,1.0,0.767241358757019,0.7643057107925415,0.8853250678138149
1166,0.060348812490701675,1.0,0.7657200694084167,0.7586371302604675,0.5271700635785775
1167,0.061912328004837036,1.0,0.7621703743934631,0.7550569772720337,0.6423459920953369
1168,0.0627497211098671,1.0,0.7576064467430115,0.7515961527824402,0.9140230977089704
1169,0.04539322480559349,1.0,0.7576064467430115,0.753147542476654,0.8911060726881771
1170,0.07058823853731155,1.0,0.7601419687271118,0.75356525182724,0.6112649983175015
1171,0.05701610445976257,1.0,0.7677484750747681,0.7546392679214478,0.6529525923341548
1172,0.08887838572263718,1.0,0.7712981700897217,0.7561309933662415,0.760493341382285
1173,0.07946569472551346,1.0,0.7692697644233704,0.7562503814697266,0.5615664255879246
1174,0.03930336609482765,1.0,0.7697768807411194,0.7570857405662537,0.35825355504275586
1175,0.05641477555036545,1.0,0.7712981700897217,0.7579210996627808,0.7741237494445804
1176,0.07281745970249176,1.0,0.7692697644233704,0.757205069065094,1.1449529309814683
1177,0.0621553473174572,1.0,0.7718052268028259,0.7551166415214539,0.47196719014621774
1178,0.07566822320222855,1.0,0.773326575756073,0.7523718476295471,1.0053644601024139
1179,0.05116664245724678,1.0,0.767241358757019,0.7452712059020996,0.5375604299944324
1180,0.04294681176543236,1.0,0.7586206793785095,0.7360820770263672,1.052646557507884
1181,0.06402938067913055,1.0,0.7576064467430115,0.7322632670402527,0.5362767110667228
1182,0.07109689712524414,1.0,0.7581135630607605,0.7386478781700134,1.4778118899574815
1183,0.07915866374969482,1.0,0.7555781006813049,0.7375738024711609,0.7703184624311832
1184,0.07751771062612534,1.0,0.7596348524093628,0.7458678483963013,1.135812613598424
1185,0.07121375948190689,1.0,0.7576064467430115,0.7339339852333069,1.229921022079727
1186,0.1431293934583664,1.0,0.767241358757019,0.752312183380127,4.8333556076310265
1187,0.08272400498390198,1.0,0.7662271857261658,0.7566680312156677,1.5572326583406133
1188,0.08998472988605499,1.0,0.7702839374542236,0.7644847631454468,0.8837172765830074
1189,0.11549234390258789,1.0,0.7743407487869263,0.7646040916442871,1.2168937390429782
1190,0.11836881190538406,1.0,0.7814401388168335,0.7741512060165405,1.2650317143003504
1191,0.08747605979442596,1.0,0.7743407487869263,0.7708097100257874,0.7189020640570871
1192,0.07420232892036438,1.0,0.7804259657859802,0.7675875425338745,0.767287564590308
1193,0.10224292427301407,1.0,0.7783975601196289,0.7641863822937012,0.8750027080469469
1194,0.11345483362674713,1.0,0.767241358757019,0.7533861994743347,0.7592103688016286
1195,0.09909193217754364,1.0,0.773326575756073,0.7560713291168213,1.1013920507459605
1196,0.0998041182756424,1.0,0.7753549218177795,0.7563697099685669,0.9672104970806044
1197,0.07088220864534378,1.0,0.7789046764373779,0.7553552985191345,0.7830732208976575
1198,0.08487486839294434,1.0,0.7763691544532776,0.7538635730743408,0.7298483806014472
1199,0.06712137907743454,1.0,0.7743407487869263,0.7534458637237549,0.5442263993233994
1200,0.06822292506694794,1.0,0.7794117331504822,0.755176305770874,0.8246351387788156
1201,0.08621172606945038,1.0,0.7738336324691772,0.7542812824249268,0.8695146902971871
1202,0.07702935487031937,1.0,0.773326575756073,0.7515961527824402,0.7977052561010491
1203,0.0782710388302803,1.0,0.7707910537719727,0.7511187791824341,0.7377664121557043
1204,0.05189729109406471,1.0,0.7707910537719727,0.7523718476295471,0.4849399257468666
1205,0.06635568290948868,1.0,0.7707910537719727,0.7505220770835876,0.4569530977188215
1206,0.08126544952392578,1.0,0.7677484750747681,0.7508204579353333,0.5489590989906129
1207,0.056892700493335724,1.0,0.7697768807411194,0.7532072067260742,0.6998403871997986
1208,0.07879452407360077,1.0,0.7748478651046753,0.7575033903121948,1.0271882867881952
1209,0.06904218345880508,1.0,0.7753549218177795,0.7591741681098938,0.7121525276104825
1210,0.05855342745780945,1.0,0.7763691544532776,0.7618592977523804,0.5871641557307727
1211,0.07407508790493011,1.0,0.7687626481056213,0.7578614354133606,1.1260369798777967
1212,0.08104008436203003,1.0,0.7707910537719727,0.7606062293052673,1.4898892390194607
1213,0.07655114680528641,1.0,0.772312343120575,0.7613222599029541,0.9350623592969768
1214,0.05590550974011421,1.0,0.7631845474243164,0.7557133436203003,0.5856367910744295
1215,0.07364600896835327,1.0,0.7778904438018799,0.7647830843925476,1.4210771767573322
1216,0.061361756175756454,1.0,0.7758620381355286,0.760486900806427,0.4756069513065316
1217,0.08776064217090607,1.0,0.772312343120575,0.757563054561615,0.555143803924649
1218,0.057388536632061005,1.0,0.7778904438018799,0.762515664100647,1.1000242392083046
1219,0.04381707310676575,1.0,0.7773833274841309,0.7612625956535339,0.5172733130355276
1220,0.07212231308221817,1.0,0.7773833274841309,0.7642460465431213,1.4326541154306458
1221,0.07755202800035477,1.0,0.7768762707710266,0.7669311761856079,0.9017994837853497
1222,0.06926127523183823,1.0,0.7783975601196289,0.7686019539833069,1.1532201841030514
1223,0.05446212738752365,0.998985767364502,0.7804259657859802,0.7714064121246338,0.6709924746620831
1224,0.058292169123888016,0.998985767364502,0.7809330224990845,0.7715854048728943,0.6354575213082437
1225,0.06645102053880692,0.998985767364502,0.7814401388168335,0.768661618232727,0.62014415241436
1226,0.07873308658599854,0.998985767364502,0.7778904438018799,0.766513466835022,0.6028681286885916
1227,0.08204629272222519,0.998985767364502,0.773326575756073,0.7644847631454468,0.7149532158677124
1228,0.0652075707912445,1.0,0.7702839374542236,0.7630526423454285,1.1771300720467477
1229,0.07318115234375,1.0,0.7687626481056213,0.7644847631454468,0.5886517987714146
1230,0.0696212574839592,1.0,0.7783975601196289,0.768184244632721,0.9641502067120494
1231,0.06336751580238342,1.0,0.7799188494682312,0.768661618232727,0.42256255043935564
1232,0.0613519549369812,1.0,0.7773833274841309,0.7685422301292419,0.7314438322700693
1233,0.04672480374574661,1.0,0.7794117331504822,0.7725400924682617,0.44983363791812314
1234,0.06864925473928452,1.0,0.7804259657859802,0.7754639387130737,0.5700939504393219
1235,0.07556067407131195,1.0,0.7763691544532776,0.7791634202003479,1.3845069813359714
1236,0.08097449690103531,1.0,0.7809330224990845,0.7804164886474609,0.7926348834682149
1237,0.054030612111091614,1.0,0.7789046764373779,0.7807148098945618,0.6351672699053775
1238,0.06252440065145493,1.0,0.7819472551345825,0.7801777720451355,0.4585454285468877
1239,0.07667041569948196,1.0,0.7849898338317871,0.7738528251647949,0.49224942625134954
1240,0.07416705787181854,1.0,0.7844827175140381,0.7752848863601685,0.9654838266662431
1241,0.0907297134399414,1.0,0.7839756608009338,0.7760605812072754,0.839966677747096
1242,0.055157050490379333,1.0,0.7824543714523315,0.7770153284072876,0.4826423581439965
1243,0.05598871782422066,1.0,0.7839756608009338,0.7758219242095947,0.515948091277501
1244,0.05335884913802147,1.0,0.7824543714523315,0.7724804282188416,0.7651505619604245
1245,0.047160305082798004,1.0,0.7773833274841309,0.7693179845809937,0.6314144671981093
1246,0.07191623747348785,1.0,0.7794117331504822,0.7679455876350403,0.886434514421484
1247,0.07086155563592911,1.0,0.7814401388168335,0.7668118476867676,1.5317435792021588
1248,0.047537922859191895,1.0,0.7773833274841309,0.7659168243408203,0.7222515474138946
1249,0.07114769518375397,1.0,0.7718052268028259,0.7647830843925476,0.5962302771712673
1250,0.05521427467465401,1.0,0.7687626481056213,0.7632913589477539,0.7492543826718782
1251,0.04894573241472244,1.0,0.7697768807411194,0.7585178017616272,0.8170739379320582
1252,0.046651441603899,1.0,0.7697768807411194,0.7555343508720398,0.9885015709440964
1253,0.06391632556915283,1.0,0.7636916637420654,0.753923237323761,0.7402195448421557
1254,0.052597325295209885,1.0,0.7631845474243164,0.7520138025283813,0.6848657180363477
1255,0.08346915990114212,1.0,0.7621703743934631,0.7485529780387878,0.7709829118721784
1256,0.07843099534511566,1.0,0.7652129530906677,0.7489706873893738,1.0895681434944604
1257,0.059086527675390244,1.0,0.767241358757019,0.7495673894882202,0.6328594396820781
1258,0.05702410638332367,1.0,0.7682555317878723,0.7496270537376404,1.0497688527353644
1259,0.0639706403017044,1.0,0.7692697644233704,0.7529685497283936,0.5156164518819056
1260,0.08314239978790283,1.0,0.7814401388168335,0.7558326721191406,1.5217931548415262
1261,0.059953995048999786,1.0,0.7794117331504822,0.7612625956535339,0.7454921896376664
1262,0.07627175003290176,1.0,0.7748478651046753,0.7626349925994873,0.913300114780079
1263,0.07325815409421921,1.0,0.7768762707710266,0.768661618232727,1.4995278784239408
1264,0.08301438391208649,1.0,0.7824543714523315,0.7737931609153748,1.0913465514261718
1265,0.07125453650951385,1.0,0.7865111231803894,0.774688184261322,0.8398638327349092
1266,0.07624685764312744,1.0,0.7844827175140381,0.7702726721763611,0.6823944440925208
1267,0.07367882132530212,0.998985767364502,0.7885395288467407,0.7754042148590088,1.1960015086907474
1268,0.07111718505620956,0.998985767364502,0.7814401388168335,0.7761202454566956,0.8397285100734408
1269,0.08183301240205765,1.0,0.7860040664672852,0.7739721536636353,0.6502871462595599
1270,0.04956262931227684,1.0,0.7880324125289917,0.7697356343269348,0.48175438779344126
1271,0.0690789446234703,1.0,0.7860040664672852,0.7690792679786682,1.1277336049202302
1272,0.07262185215950012,1.0,0.7768762707710266,0.7669908404350281,0.5175863980963553
1273,0.07374732196331024,1.0,0.7783975601196289,0.7656184434890747,0.9628494708499389
1274,0.05487168952822685,1.0,0.7748478651046753,0.7628139853477478,0.5253824061178585
1275,0.05605059117078781,1.0,0.7763691544532776,0.7579210996627808,0.3695342316691742
1276,0.0631907656788826,1.0,0.7677484750747681,0.7568470239639282,0.7707418889297193
1277,0.07262953370809555,1.0,0.7702839374542236,0.7548182606697083,0.6750845634968983
1278,0.05398717522621155,1.0,0.7697768807411194,0.7535055875778198,0.5946300639422091
1279,0.06622295826673508,1.0,0.7662271857261658,0.7520138025283813,0.6585483572376576
1280,0.06941328942775726,1.0,0.7682555317878723,0.7545796036720276,0.9161602819263134
1281,0.08135232329368591,1.0,0.772819459438324,0.7538039088249207,0.6100382928701347
1282,0.06776968389749527,1.0,0.7819472551345825,0.7609045505523682,0.6587399081029993
1283,0.05189921334385872,1.0,0.7778904438018799,0.7688406109809875,0.8115724268433374
1284,0.0626840814948082,1.0,0.7824543714523315,0.7729578018188477,0.8298828487166771
1285,0.06510428339242935,1.0,0.7854969501495361,0.7722417712211609,0.731811971312331
1286,0.0596841461956501,1.0,0.7915821075439453,0.7760009169578552,0.7261724973270121
1287,0.060360703617334366,1.0,0.7834685444831848,0.7773136496543884,1.0552574370847707
1288,0.06638568639755249,1.0,0.7794117331504822,0.7704516649246216,0.6989919982100672
1289,0.07933364063501358,1.0,0.7748478651046753,0.7686019539833069,0.905936478000064
1290,0.061964891850948334,1.0,0.7763691544532776,0.7689599394798279,0.5401748409458031
1291,0.062274303287267685,1.0,0.7743407487869263,0.7653201222419739,0.5675915515342805
1292,0.04414929077029228,1.0,0.7712981700897217,0.7639477252960205,0.3886441418170223
1293,0.05174686759710312,0.998985767364502,0.7662271857261658,0.7620382905006409,0.4296854056091736
1294,0.06331220269203186,0.998985767364502,0.7621703743934631,0.7596515417098999,0.5972471538524134
1295,0.06114139035344124,0.998985767364502,0.7621703743934631,0.7573840618133545,0.47950199152924916
1296,0.06393792480230331,0.998985767364502,0.7631845474243164,0.7551166415214539,0.6652203498413943
1297,0.044406380504369736,0.998985767364502,0.7657200694084167,0.7553552985191345,0.34664825087884804
1298,0.0464489571750164,0.998985767364502,0.7631845474243164,0.7588757872581482,1.229825607900504
1299,0.03680062294006348,1.0,0.7576064467430115,0.7576824426651001,0.3351290028166969
1300,0.05549385026097298,1.0,0.7606490850448608,0.7580404281616211,0.7316631241043058
1301,0.058859314769506454,1.0,0.7697768807411194,0.7613819241523743,0.7269979464826517
1302,0.05127335339784622,1.0,0.7718052268028259,0.7642460465431213,0.5462574189689354
1303,0.04493403807282448,1.0,0.7738336324691772,0.7665731906890869,0.39980190804596927
1304,0.053631555289030075,1.0,0.7758620381355286,0.7677068710327148,0.761920997900018
1305,0.04219583049416542,1.0,0.7712981700897217,0.7687809467315674,0.5111240434546213
1306,0.07168681174516678,1.0,0.7682555317878723,0.7687212824821472,0.4714373222666876
1307,0.08493994176387787,1.0,0.767241358757019,0.7687212824821472,1.0462825008359853
1308,0.0716785341501236,1.0,0.7738336324691772,0.7683035731315613,0.904331843000384
1309,0.058867570012807846,1.0,0.7783975601196289,0.7662151455879211,0.6290456286102598
1310,0.05220456421375275,1.0,0.7804259657859802,0.7666925191879272,0.651364756932044
1311,0.08271196484565735,1.0,0.7834685444831848,0.7684825658798218,0.9036975747216222
1312,0.05441722273826599,1.0,0.7824543714523315,0.7664538025856018,0.6461806529128652
1313,0.047773752361536026,1.0,0.7794117331504822,0.7662151455879211,0.8211614039339954
1314,0.06618152558803558,1.0,0.7849898338317871,0.771466076374054,0.984098595499563
1315,0.0621725395321846,1.0,0.7824543714523315,0.7713467478752136,0.4861950922794489
1316,0.06497366726398468,1.0,0.7834685444831848,0.7668715119361877,0.6658017129728495
1317,0.052390385419130325,1.0,0.7794117331504822,0.7669311761856079,0.6497285426648568
1318,0.0426885262131691,1.0,0.7799188494682312,0.7653201222419739,1.0091723481672157
1319,0.06479722261428833,1.0,0.7814401388168335,0.7663941383361816,0.5765619507306705
1320,0.0462072491645813,1.0,0.7839756608009338,0.765379786491394,0.494223984722348
1321,0.05504005402326584,1.0,0.7748478651046753,0.7660361528396606,1.1809534812559364
1322,0.06492212414741516,1.0,0.7743407487869263,0.7590548396110535,1.1408502254290753
1323,0.08384738862514496,1.0,0.772312343120575,0.757205069065094,0.9298668201866044
1324,0.08939530700445175,1.0,0.7773833274841309,0.7574437260627747,1.5890844536815858
1325,0.09176360070705414,1.0,0.767241358757019,0.7558923363685608,1.8136663350594615
1326,0.07298847287893295,1.0,0.7560851573944092,0.7461065649986267,0.7915490832751659
1327,0.07077224552631378,1.0,0.7555781006813049,0.7444357872009277,1.014327710055868
1328,0.0695427656173706,1.0,0.7763691544532776,0.7570260763168335,1.4071812997043474
1329,0.09122361987829208,1.0,0.7753549218177795,0.7545199394226074,0.8997627173896823
1330,0.07180757820606232,1.0,0.7814401388168335,0.7561309933662415,1.2585206364710657
1331,0.09097658097743988,1.0,0.7824543714523315,0.759233832359314,0.9110016492211477
1332,0.0724267065525055,1.0,0.7834685444831848,0.7663344740867615,0.7919122605100893
1333,0.07594142109155655,1.0,0.7925963401794434,0.7728981375694275,0.8548838255386896
1334,0.07542447000741959,1.0,0.7996957302093506,0.7762992978096008,0.9198937783444963
1335,0.07014171034097672,1.0,0.7951318025588989,0.7711080312728882,0.7495729375650716
1336,0.12182454764842987,0.998985767364502,0.790060818195343,0.7724207639694214,1.617076698296212
1337,0.07927081733942032,1.0,0.7682555317878723,0.7647234201431274,0.7616717828453042
1338,0.11259342730045319,1.0,0.7768762707710266,0.7688406109809875,1.1285615484169509
1339,0.10274319350719452,1.0,0.7865111231803894,0.773077130317688,1.105026705144224
1340,0.06417497992515564,1.0,0.7829614281654358,0.7677068710327148,0.7880603194578402
1341,0.09629404544830322,1.0,0.7910750508308411,0.7728384733200073,0.8979590696923835
1342,0.0598566010594368,1.0,0.7895537614822388,0.7760009169578552,0.6120151357709823
1343,0.08350536972284317,1.0,0.7839756608009338,0.7728981375694275,0.8197898042795885
1344,0.07753191143274307,1.0,0.7829614281654358,0.7728981375694275,0.8044774786384224
1345,0.07615415751934052,1.0,0.7819472551345825,0.7757622599601746,0.8038845710148947
1346,0.0747387632727623,1.0,0.7839756608009338,0.7715854048728943,0.7903578021134081
1347,0.08614934980869293,1.0,0.7860040664672852,0.7725997567176819,1.1560709906259239
1348,0.07448332756757736,1.0,0.7875253558158875,0.7770153284072876,1.3259282384572346
1349,0.06085389479994774,1.0,0.7829614281654358,0.7748672366142273,0.5014242947922855
1350,0.07505258917808533,1.0,0.7794117331504822,0.7745688557624817,0.6938054498889041
1351,0.07455834001302719,1.0,0.7870182394981384,0.7764782905578613,0.9288027831088551
1352,0.09863144904375076,1.0,0.7910750508308411,0.777970016002655,0.8512463496922626
1353,0.06580609083175659,1.0,0.7971602082252502,0.776716947555542,0.6086732241263542
1354,0.07741086184978485,1.0,0.7941176295280457,0.7783280611038208,1.0739644894301432
1355,0.06133562698960304,1.0,0.7819472551345825,0.7720030546188354,0.41424745148622005
1356,0.06526606529951096,1.0,0.7814401388168335,0.7702726721763611,0.8482828377254341
1357,0.04777679964900017,1.0,0.7844827175140381,0.7716450691223145,0.5590756823790132
1358,0.06175542250275612,1.0,0.7931034564971924,0.7765976190567017,0.8418642375330472
1359,0.07113045454025269,1.0,0.7946247458457947,0.7781490087509155,0.7483442546174166
1360,0.06826653331518173,1.0,0.7941176295280457,0.7822661995887756,1.0324922563673453
1361,0.06177189573645592,1.0,0.7951318025588989,0.783698320388794,0.8339896818172745
1362,0.053301744163036346,1.0,0.7986814975738525,0.7814308404922485,0.5870786470521802
1363,0.07016577571630478,1.0,0.7991886138916016,0.7820872068405151,0.6490783265382535
1364,0.05786954611539841,1.0,0.7976673245429993,0.7808341383934021,0.5808598054092532
1365,0.057502489537000656,1.0,0.8007099032402039,0.7806551456451416,0.7220100860667047
1366,0.05802600085735321,1.0,0.7991886138916016,0.7847723364830017,0.6295499769076394
1367,0.07757265120744705,1.0,0.7991886138916016,0.7867414355278015,0.7096492063143262
1368,0.08317935466766357,1.0,0.7996957302093506,0.7876364588737488,0.7773255884243332
1369,0.07490738481283188,1.0,0.7890466451644897,0.7793424129486084,0.749919617444093
1370,0.061530184000730515,1.0,0.7829614281654358,0.7751655578613281,0.6455832424042008
1371,0.054044805467128754,1.0,0.7885395288467407,0.7663344740867615,0.9264537837088834
1372,0.0762045755982399,1.0,0.7758620381355286,0.7657974362373352,1.4584736318749518
1373,0.05459083989262581,1.0,0.772819459438324,0.7635896801948547,0.8942346324056125
1374,0.05603920295834541,0.998985767364502,0.7819472551345825,0.7676472067832947,1.4826139996269292
1375,0.07042434066534042,0.998985767364502,0.7804259657859802,0.7671698331832886,1.21395915275727
1376,0.0590592697262764,1.0,0.7865111231803894,0.7705709934234619,0.9249062723612966
1377,0.07074860483407974,1.0,0.7860040664672852,0.7733157873153687,0.7774436833169303
1378,0.0870632752776146,1.0,0.7890466451644897,0.7771943211555481,0.5571646810655402
1379,0.05921708419919014,1.0,0.796653151512146,0.7788650393486023,0.6654718647916628
1380,0.06544352322816849,1.0,0.7951318025588989,0.7798794507980347,0.6723785882259634
1381,0.04438171908259392,1.0,0.7910750508308411,0.7808938026428223,0.47878993315820384
1382,0.07266329973936081,1.0,0.7895537614822388,0.7775523662567139,0.9041852608474931
1383,0.08217692375183105,1.0,0.7854969501495361,0.7722417712211609,0.8009168281727539
1384,0.07016738504171371,1.0,0.7839756608009338,0.7711676955223083,0.6040886474795298
1385,0.06732936203479767,1.0,0.7880324125289917,0.7717047333717346,0.5951426902156332
1386,0.0729946717619896,1.0,0.7885395288467407,0.7723610997200012,0.6239338275445837
1387,0.0788835734128952,1.0,0.7854969501495361,0.7770749926567078,0.8774708744971895
1388,0.056381627917289734,1.0,0.7809330224990845,0.7772539854049683,0.6397953260126051
1389,0.0642319992184639,1.0,0.7890466451644897,0.7805954813957214,1.1342508744469495
1390,0.06898213177919388,1.0,0.7860040664672852,0.7805954813957214,0.9525124030057421
1391,0.0354035384953022,1.0,0.7865111231803894,0.7804164886474609,0.618913239384172
1392,0.07067826390266418,1.0,0.7910750508308411,0.7785667181015015,1.039685802328986
1393,0.061982352286577225,1.0,0.790060818195343,0.7780296802520752,0.9046801590125595
1394,0.06663617491722107,1.0,0.7885395288467407,0.7805954813957214,0.6842368019588728
1395,0.05962810665369034,1.0,0.7895537614822388,0.7813711762428284,0.5691596499372188
1396,0.08448189496994019,1.0,0.7875253558158875,0.7808938026428223,0.800120129783526
1397,0.05930867791175842,1.0,0.7839756608009338,0.7809535264968872,0.7801936472858086
1398,0.07672765851020813,1.0,0.7824543714523315,0.7759412527084351,0.6638856095214044
1399,0.05098767578601837,1.0,0.7799188494682312,0.772719144821167,0.5062300227450904
1400,0.063802570104599,1.0,0.7804259657859802,0.7749865651130676,0.7889368629229226
1401,0.05938344448804855,1.0,0.7824543714523315,0.7734351754188538,0.5097947998251839
1402,0.06290900707244873,1.0,0.7844827175140381,0.7742108702659607,0.8653534750344952
1403,0.0482817105948925,1.0,0.7880324125289917,0.7759412527084351,0.9491724085033811
1404,0.06585908681154251,0.998985767364502,0.7936105132102966,0.7794617414474487,0.9750608996922853
1405,0.07054747641086578,0.998985767364502,0.7951318025588989,0.7849513292312622,0.399451456800654
1406,0.08736646175384521,1.0,0.7981744408607483,0.784891664981842,0.9180201861051545
1407,0.060179177671670914,1.0,0.7946247458457947,0.7822661995887756,0.6468201115140363
1408,0.07524257153272629,1.0,0.796146035194397,0.7814905047416687,0.8618201710222633
1409,0.05192993953824043,1.0,0.7870182394981384,0.7759412527084351,0.904534301916095
1410,0.08233794569969177,1.0,0.7860040664672852,0.7753445506095886,0.8687046143409545
1411,0.06578616797924042,1.0,0.7880324125289917,0.778745710849762,0.48220400581926615
1412,0.06249076873064041,1.0,0.7925963401794434,0.7807148098945618,0.37709527372119994
1413,0.07777071744203568,1.0,0.7971602082252502,0.7827435731887817,0.48102138950686985
1414,0.07011478394269943,1.0,0.790060818195343,0.7808938026428223,0.7790983940100442
1415,0.06269694119691849,1.0,0.7890466451644897,0.7802374362945557,0.6786949861957093
1416,0.06785566359758377,1.0,0.7951318025588989,0.7912166118621826,0.6548814807383619
1417,0.07478717714548111,1.0,0.7925963401794434,0.7899636030197144,1.1660729293628158
1418,0.09016487747430801,1.0,0.7981744408607483,0.7908586263656616,1.3794680376427133
1419,0.05180361866950989,1.0,0.796653151512146,0.7905005812644958,0.9873496605605449
1420,0.06733383238315582,1.0,0.7925963401794434,0.788173496723175,0.672752225053859
1421,0.048480819910764694,1.0,0.7931034564971924,0.7870994210243225,0.6679304044944938
1422,0.05231262370944023,1.0,0.7885395288467407,0.7860850691795349,0.8726782362099488
1423,0.064739890396595,1.0,0.7870182394981384,0.7833402752876282,0.44840292987121294
1424,0.05726262181997299,1.0,0.7895537614822388,0.7835789322853088,0.5331129355175422
1425,0.05431263893842697,1.0,0.7865111231803894,0.7859657406806946,0.7209636266897912
1426,0.04808478429913521,1.0,0.7844827175140381,0.7839369773864746,0.5939628748814791
1427,0.059129294008016586,1.0,0.7829614281654358,0.7833999395370483,0.6533621370795725
1428,0.10052839666604996,1.0,0.7849898338317871,0.7811325192451477,1.2859047219352293
1429,0.06306411325931549,1.0,0.7865111231803894,0.7833999395370483,0.9074802184567391
1430,0.07039429992437363,1.0,0.7890466451644897,0.7848320007324219,0.9662791787809343
1431,0.07136555016040802,1.0,0.7885395288467407,0.7828629016876221,0.9604181424967766
1432,0.06969660520553589,1.0,0.7804259657859802,0.7755832672119141,1.4788824697194807
1433,0.08331665396690369,1.0,0.7748478651046753,0.7670505046844482,0.5671156159487254
1434,0.07235971838235855,1.0,0.7814401388168335,0.7704516649246216,1.270159199989783
1435,0.04411449655890465,1.0,0.7880324125289917,0.7757622599601746,0.608290604074142
1436,0.05603732168674469,1.0,0.790567934513092,0.7797601222991943,0.6814514995222883
1437,0.06143994629383087,1.0,0.7941176295280457,0.7852497100830078,0.9951649560288258
1438,0.0633804202079773,1.0,0.795638918876648,0.7885315418243408,0.529728348686885
1439,0.05815888196229935,1.0,0.7951318025588989,0.7913956642150879,1.2008743903515982
1440,0.05457545816898346,1.0,0.7971602082252502,0.7919923663139343,0.5322232929274082
1441,0.06206079199910164,1.0,0.796653151512146,0.7940807938575745,0.6068560902462803
1442,0.04072350263595581,1.0,0.7931034564971924,0.7953338027000427,0.45230198735853955
1443,0.05521496385335922,1.0,0.796653151512146,0.7927083969116211,0.7051392792442874
1444,0.08196143060922623,1.0,0.7925963401794434,0.786920428276062,1.2750683108580316
1445,0.06218544766306877,0.998985767364502,0.7976673245429993,0.7815501689910889,0.5488059640832409
1446,0.0650930106639862,0.998985767364502,0.7910750508308411,0.7795214056968689,0.4231282508500814
1447,0.052411649376153946,1.0,0.790060818195343,0.7788650393486023,1.1193542050760839
1448,0.048859041184186935,1.0,0.7895537614822388,0.7761799693107605,1.1222823378770685
1449,0.0666116401553154,1.0,0.790567934513092,0.7774926424026489,0.7381337225256307
1450,0.06528191268444061,1.0,0.7844827175140381,0.7775523662567139,0.7118677799971717
1451,0.049018826335668564,1.0,0.7875253558158875,0.7794617414474487,0.5061364012252527
1452,0.0669705718755722,1.0,0.7895537614822388,0.783280611038208,0.6886099331993538
1453,0.05861702933907509,1.0,0.7951318025588989,0.7819678783416748,0.605918830494392
1454,0.052953679114580154,1.0,0.7931034564971924,0.7803568243980408,0.8450629443916486
1455,0.05461833253502846,1.0,0.795638918876648,0.7815501689910889,1.1379020090942518
1456,0.051469575613737106,1.0,0.7875253558158875,0.7755236029624939,0.6824900587975483
1457,0.05293958634138107,1.0,0.7844827175140381,0.7719433903694153,0.656149228378246
1458,0.06410791724920273,1.0,0.7880324125289917,0.7740915417671204,0.4902518210180771
1459,0.06762294471263885,1.0,0.7895537614822388,0.7785667181015015,0.6624383971417492
1460,0.03278685733675957,1.0,0.7936105132102966,0.7808341383934021,0.3496577815023099
1461,0.05109021067619324,1.0,0.796653151512146,0.7844143509864807,0.4312645411857771
1462,0.051243819296360016,1.0,0.7996957302093506,0.7940807938575745,0.733243046132282
1463,0.04954728111624718,1.0,0.8007099032402039,0.7964675426483154,0.8017092714327184
1464,0.05568528547883034,1.0,0.7996957302093506,0.7941404581069946,0.5648156451747915
1465,0.06482390314340591,1.0,0.8032454252243042,0.7917536497116089,0.8553261145937621
1466,0.055488407611846924,1.0,0.8022311925888062,0.7880541682243347,0.6129512381566323
1467,0.046659838408231735,1.0,0.7976673245429993,0.781669557094574,0.3431821426782167
1468,0.0482819527387619,1.0,0.7931034564971924,0.7826839089393616,0.6679215518590614
1469,0.05978921428322792,1.0,0.7915821075439453,0.7826242446899414,0.6062655083082918
1470,0.05511107295751572,1.0,0.7946247458457947,0.7838176488876343,0.778376389742653
1471,0.053836338222026825,1.0,0.7915821075439453,0.7863833904266357,1.4763813367898224
1472,0.03668401762843132,1.0,0.7941176295280457,0.7904409170150757,0.7607830877830092
1473,0.06130334362387657,0.9979715943336487,0.7915821075439453,0.7891879081726074,0.6275610323673122
1474,0.052191637456417084,0.9979715943336487,0.7936105132102966,0.784891664981842,0.5448625704522145
1475,0.062156397849321365,0.998985767364502,0.7890466451644897,0.785309374332428,0.569033308422673
1476,0.059577520936727524,1.0,0.7976673245429993,0.7834596037864685,0.6314029973479958
1477,0.0839347094297409,1.0,0.7890466451644897,0.7804164886474609,1.011492699435126
1478,0.06529994308948517,1.0,0.7925963401794434,0.7869800925254822,1.358670357030204
1479,0.06191888079047203,1.0,0.7875253558158875,0.7802971601486206,0.9628843732124494
1480,0.08098477125167847,1.0,0.7890466451644897,0.7809535264968872,0.8028503533448755
1481,0.0777190774679184,1.0,0.8012170195579529,0.7916939854621887,0.978687362416044
1482,0.05555301904678345,0.998985767364502,0.8022311925888062,0.7914553284645081,0.7881154280865413
1483,0.07355528324842453,1.0,0.8027383089065552,0.7924696803092957,0.9067956075671443
1484,0.059986915439367294,1.0,0.7936105132102966,0.787338137626648,1.1320379822159226
1485,0.0567726194858551,1.0,0.7915821075439453,0.7795811295509338,0.8708279155769933
1486,0.05790792778134346,1.0,0.790567934513092,0.7790440917015076,0.8338951042838602
1487,0.06369096785783768,1.0,0.8012170195579529,0.7820872068405151,0.9782894164956186
1488,0.05117054283618927,1.0,0.7976673245429993,0.7815501689910889,0.7082423523685156
1489,0.08564610034227371,1.0,0.8002028465270996,0.7914553284645081,0.9692192315159143
1490,0.06808009743690491,1.0,0.8022311925888062,0.7946774959564209,0.805951835368561
1491,0.06021806597709656,1.0,0.8047667145729065,0.7962288856506348,0.5319467061692479
1492,0.0523081049323082,1.0,0.8057808876037598,0.7963482141494751,0.3929282869526808
1493,0.06162872165441513,1.0,0.8073022365570068,0.7952741384506226,0.6420635600991632
1494,0.034634463489055634,1.0,0.8047667145729065,0.7943194508552551,0.5987944776780811
1495,0.04798568785190582,1.0,0.8067951202392578,0.797123908996582,0.7844924261944995
1496,0.06322839111089706,1.0,0.8047667145729065,0.7994509935379028,1.0899223000671097
1497,0.04608685150742531,1.0,0.8047667145729065,0.8009427785873413,0.6695297184906002
1498,0.08090855926275253,1.0,0.8052738308906555,0.800763726234436,0.45467209648044965
1499,0.055167075246572495,1.0,0.8057808876037598,0.7977206110954285,0.5154476413421132
1500,0.062157850712537766,1.0,0.8042595982551575,0.7977802753448486,0.5870349942343986
1501,0.06461852043867111,1.0,0.8027383089065552,0.7984963059425354,1.4394472386476656
1502,0.05259669944643974,1.0,0.8098376989364624,0.7992123365402222,1.0057483187140512
1503,0.05282216519117355,1.0,0.8062880039215088,0.7959901690483093,0.7526787582972964
1504,0.090316042304039,1.0,0.8098376989364624,0.7945581078529358,1.014276777814262
1505,0.046584758907556534,1.0,0.8123732209205627,0.7959901690483093,0.730127765530216
1506,0.052724625915288925,1.0,0.8118661046028137,0.7949758172035217,0.4302606803018171
1507,0.07016932219266891,1.0,0.8088235259056091,0.794259786605835,1.350474189754721
1508,0.07337018847465515,1.0,0.8067951202392578,0.7906796336174011,1.0430678488811158
1509,0.062429603189229965,1.0,0.8052738308906555,0.7890685200691223,0.9844638841946524
1510,0.049355000257492065,1.0,0.8042595982551575,0.7921713590621948,0.4419930957078141
1511,0.0440346784889698,1.0,0.8017241358757019,0.7931857109069824,0.6219524508870591
1512,0.08292990922927856,1.0,0.8037525415420532,0.7906796336174011,1.1555160688564554
1513,0.0443221777677536,1.0,0.7996957302093506,0.7859060764312744,0.5318451095672233
1514,0.07252608239650726,1.0,0.8017241358757019,0.7903215885162354,1.0407800457507426
1515,0.0493406280875206,1.0,0.7875253558158875,0.7810131907463074,0.9475272162651462
1516,0.09902946650981903,1.0,0.8032454252243042,0.792231023311615,1.2975211241856794
1517,0.05914895236492157,1.0,0.8062880039215088,0.7930663824081421,0.8962769918876597
1518,0.05553307756781578,1.0,0.7996957302093506,0.7859657406806946,0.7619431391400494
1519,0.08092993497848511,0.998985767364502,0.7971602082252502,0.7828032374382019,1.0679783807138585
1520,0.07257609814405441,1.0,0.7996957302093506,0.7837579846382141,0.6559354006938796
1521,0.07429709285497665,1.0,0.7976673245429993,0.7810131907463074,0.9785230268133873
1522,0.0846727043390274,1.0,0.8022311925888062,0.7860850691795349,0.8433947195574013
1523,0.0889548659324646,1.0,0.8052738308906555,0.7919327020645142,0.7802339195429582
1524,0.09871136397123337,0.998985767364502,0.8017241358757019,0.7923503518104553,1.2893906633596401
1525,0.06640075147151947,0.998985767364502,0.7936105132102966,0.7842352986335754,0.7460581051796523
1526,0.08249755948781967,0.998985767364502,0.790567934513092,0.7826839089393616,0.9652272297004717
1527,0.08685045689344406,0.998985767364502,0.8012170195579529,0.7857270240783691,0.9952066008765987
1528,0.08156201988458633,0.998985767364502,0.8017241358757019,0.7885315418243408,1.124997647887405
1529,0.05102314427495003,0.998985767364502,0.796146035194397,0.778745710849762,0.44677008712684735
1530,0.0802355408668518,0.998985767364502,0.796653151512146,0.7806551456451416,0.9013239251781281
1531,0.10056385397911072,0.998985767364502,0.8179513216018677,0.797541618347168,1.8876423582800836
1532,0.053111620247364044,1.0,0.8078092932701111,0.7927680611610413,0.45582212883846335
1533,0.07014971226453781,1.0,0.8027383089065552,0.787338137626648,0.792543632273484
1534,0.08083492517471313,1.0,0.8098376989364624,0.7908586263656616,0.9417770285195859
1535,0.0755884200334549,1.0,0.8159229159355164,0.8000476956367493,0.5343735248287549
1536,0.08371128141880035,1.0,0.8159229159355164,0.8035681843757629,0.7819563373035808
1537,0.0567428395152092,1.0,0.8154157996177673,0.7983173131942749,0.5817481657033424
1538,0.0655444785952568,1.0,0.813387393951416,0.7935437560081482,0.5252664650993619
1539,0.06625594198703766,1.0,0.8154157996177673,0.7945581078529358,0.6740868128979971
1540,0.05700552091002464,1.0,0.8144016265869141,0.7941404581069946,0.4399676927999577
1541,0.049670130014419556,1.0,0.8164299726486206,0.7954531908035278,0.503834176787419
1542,0.06141253188252449,1.0,0.8144016265869141,0.7971835732460022,0.5935612003557709
1543,0.05764610320329666,1.0,0.813387393951416,0.7984963059425354,0.39169861138956696
1544,0.04208505153656006,1.0,0.813387393951416,0.7987349629402161,0.33549756156078814
1545,0.06990090012550354,1.0,0.8154157996177673,0.7954531908035278,0.9191578927054449
1546,0.05510890483856201,1.0,0.813894510269165,0.7940807938575745,0.6730838517007242
1547,0.06591963768005371,1.0,0.8144016265869141,0.7937227487564087,0.6325876117791137
1548,0.049931637942790985,1.0,0.8118661046028137,0.7930663824081421,0.5828837858302679
1549,0.06073214113712311,1.0,0.8052738308906555,0.7907392978668213,0.7415121961470128
1550,0.06171001121401787,1.0,0.8083164095878601,0.792231023311615,0.8825744172605335
1551,0.07142835855484009,1.0,0.8073022365570068,0.7947371602058411,0.723048497396218
1552,0.07464467734098434,1.0,0.8118661046028137,0.7971835732460022,0.6520504383308285
1553,0.05081337317824364,1.0,0.8113589882850647,0.7937227487564087,0.4420256801570736
1554,0.06026790663599968,1.0,0.8123732209205627,0.7933050990104675,0.5694743791300103
1555,0.056109778583049774,1.0,0.8088235259056091,0.7962885499000549,0.5012269322652315
1556,0.05949556827545166,1.0,0.813387393951416,0.8004654049873352,1.0720319748701077
1557,0.034319378435611725,1.0,0.8088235259056091,0.8035681843757629,0.28873392908259954
1558,0.0632784441113472,1.0,0.812880277633667,0.8043439388275146,0.5065382709182426
1559,0.058635517954826355,1.0,0.8123732209205627,0.8015394806861877,0.4378040928458631
1560,0.04719734191894531,1.0,0.8103448152542114,0.7970045804977417,0.7152245127042153
1561,0.03463701903820038,1.0,0.8032454252243042,0.7894265651702881,0.6496864250061151
1562,0.042438067495822906,1.0,0.8042595982551575,0.7890685200691223,0.608628956066792
1563,0.074186310172081,1.0,0.8083164095878601,0.7958111763000488,0.776244545605085
1564,0.05206948146224022,1.0,0.8113589882850647,0.7984366416931152,0.47937142509178693
1565,0.05108895152807236,1.0,0.813387393951416,0.7999880313873291,0.42983926309442794
1566,0.05200371891260147,1.0,0.8174442052841187,0.8030312061309814,0.6022765673452268
1567,0.051530107855796814,1.0,0.8169370889663696,0.8038069009780884,0.9813328750245133
1568,0.032831259071826935,1.0,0.8209939002990723,0.8022555112838745,0.27593899030116503
1569,0.05375688523054123,1.0,0.8174442052841187,0.7979592680931091,0.8805921098363728
1570,0.06328366696834564,1.0,0.8169370889663696,0.7944387793540955,0.6219703375936452
1571,0.053920287638902664,1.0,0.813894510269165,0.7915746569633484,0.9392643536218878
1572,0.06601753830909729,1.0,0.8078092932701111,0.7847126722335815,0.6400897128512959
1573,0.06507234275341034,1.0,0.8118661046028137,0.787815511226654,0.9751388222918953
1574,0.07231848686933517,1.0,0.8159229159355164,0.7907392978668213,0.5843922281035608
1575,0.062246061861515045,1.0,0.8118661046028137,0.7948564887046814,0.5448016442883349
1576,0.06158161908388138,1.0,0.8184583783149719,0.8021957874298096,0.8683998488076502
1577,0.0639515072107315,1.0,0.8154157996177673,0.7989140152931213,0.6475147572572132
1578,0.06975539773702621,1.0,0.8169370889663696,0.7995107173919678,0.8895127467307153
1579,0.07062315195798874,1.0,0.813387393951416,0.7961692214012146,0.5661415015100756
1580,0.0468788705766201,1.0,0.8123732209205627,0.7970045804977417,0.34707461233497594
1581,0.04951554164290428,1.0,0.8123732209205627,0.7961692214012146,0.6033345952767692
1582,0.06593786925077438,1.0,0.8113589882850647,0.797123908996582,0.8153791413463132
1583,0.04386727139353752,1.0,0.8123732209205627,0.797541618347168,0.6695313573239422
1584,0.058305107057094574,1.0,0.813387393951416,0.7990333437919617,0.5819235038267817
1585,0.061438050121068954,1.0,0.8149086833000183,0.800405740737915,0.5899126358821555
1586,0.053043097257614136,1.0,0.8108519315719604,0.7993913292884827,0.6706642851162334
1587,0.07852870970964432,1.0,0.8078092932701111,0.7996897101402283,0.8981818777402225
1588,0.06563238054513931,1.0,0.8098376989364624,0.8030908703804016,0.7877199065333147
1589,0.042415693402290344,1.0,0.8078092932701111,0.7973625659942627,0.5181539199649664
1590,0.0624748133122921,1.0,0.8067951202392578,0.7916343212127686,0.5164375145294918
1591,0.051944486796855927,0.998985767364502,0.7986814975738525,0.786920428276062,0.7674810298170988
1592,0.054345112293958664,0.998985767364502,0.7971602082252502,0.7810131907463074,0.7727017764372931
1593,0.09934970736503601,0.998985767364502,0.7991886138916016,0.787815511226654,1.7977391442286308
1594,0.04577931389212608,0.998985767364502,0.8047667145729065,0.7916343212127686,0.6855024815261778
1595,0.05998791754245758,0.998985767364502,0.8047667145729065,0.7940807938575745,0.6406968317139028
1596,0.06368503719568253,1.0,0.8052738308906555,0.7969449162483215,0.8402031456409084
1597,0.05507799610495567,1.0,0.8067951202392578,0.7954531908035278,0.8506005691489569
1598,0.056823261082172394,1.0,0.7986814975738525,0.7941404581069946,0.7756820318723736
1599,0.05476967617869377,1.0,0.8017241358757019,0.7913359999656677,0.6187875989774255
1600,0.059994641691446304,1.0,0.8052738308906555,0.7921713590621948,0.7377062049064533
1601,0.06540633738040924,0.998985767364502,0.8083164095878601,0.7937227487564087,0.7781339537160713
1602,0.04102921858429909,0.998985767364502,0.8088235259056091,0.793484091758728,0.3898125596263654
1603,0.055364079773426056,1.0,0.8108519315719604,0.7961692214012146,1.0094170352373075
1604,0.050746094435453415,1.0,0.8118661046028137,0.798794686794281,0.7059580208602806
1605,0.0970788300037384,1.0,0.8098376989364624,0.7986752986907959,1.4247636459269828
1606,0.06873809546232224,1.0,0.8042595982551575,0.7952144742012024,0.708582432805663
1607,0.06854110956192017,1.0,0.8032454252243042,0.7951548099517822,0.6776390335309516
1608,0.06409662961959839,1.0,0.8012170195579529,0.7984366416931152,0.755144964034796
1609,0.05060667544603348,1.0,0.8007099032402039,0.8016588091850281,0.6406791794171195
1610,0.07224517315626144,1.0,0.8088235259056091,0.8022555112838745,0.48280101187564267
1611,0.08146414905786514,1.0,0.8103448152542114,0.8047019243240356,0.8633467222882146
1612,0.06652791053056717,1.0,0.8047667145729065,0.8000476956367493,1.2048879627264417
1613,0.07339097559452057,1.0,0.795638918876648,0.7955725193023682,0.6396362498947746
1614,0.07596455514431,1.0,0.8083164095878601,0.7992720007896423,1.0762665026380653
1615,0.0624854639172554,1.0,0.813387393951416,0.802792489528656,0.5196758216288592
1616,0.06971434503793716,1.0,0.8078092932701111,0.7996300458908081,0.4228628666548501
1617,0.054531585425138474,1.0,0.8022311925888062,0.7939614057540894,0.4512194997342554
1618,0.06245329603552818,1.0,0.8032454252243042,0.7936630845069885,0.8534917562922899
1619,0.0854230672121048,1.0,0.8057808876037598,0.7936034202575684,0.6350050943716415
1620,0.053978946059942245,1.0,0.8078092932701111,0.7918729782104492,0.6041922374102466
1621,0.06189368665218353,1.0,0.8042595982551575,0.7907392978668213,0.5833088600228749
1622,0.07439236342906952,1.0,0.8067951202392578,0.7934244275093079,0.6476101215887969
1623,0.04816967993974686,1.0,0.8078092932701111,0.7922906875610352,0.3362175611257222
1624,0.06495113670825958,1.0,0.8078092932701111,0.7927083969116211,0.6165191927259048
1625,0.05618714913725853,1.0,0.8052738308906555,0.7901425957679749,0.6151570460043385
1626,0.05578790605068207,1.0,0.8042595982551575,0.7892475724220276,0.6560680772615071
1627,0.040537718683481216,1.0,0.8017241358757019,0.7878751754760742,0.35121729056401196
1628,0.04021644964814186,1.0,0.8032454252243042,0.7875767946243286,0.6033699533629455
1629,0.07028865814208984,1.0,0.8042595982551575,0.7882331609725952,0.5533902038364673
1630,0.04776998236775398,1.0,0.8042595982551575,0.7872784733772278,0.5904270343467555
1631,0.03495003283023834,1.0,0.8042595982551575,0.7897248864173889,0.30239390460551036
1632,0.04904141649603844,1.0,0.8042595982551575,0.792589008808136,0.8836934010648719
1633,0.04426850378513336,1.0,0.8032454252243042,0.7947371602058411,0.477352543652863
1634,0.05391577258706093,1.0,0.8088235259056091,0.7949758172035217,0.6135605782870925
1635,0.054237306118011475,1.0,0.8083164095878601,0.7933050990104675,0.7465833182940513
1636,0.05878079682588577,1.0,0.8057808876037598,0.7900232672691345,0.5118806732865929
1637,0.04875624179840088,1.0,0.8062880039215088,0.7850707173347473,0.6711001487004985
1638,0.05325872078537941,1.0,0.7996957302093506,0.7820872068405151,0.5048447088303581
1639,0.05546692758798599,1.0,0.8027383089065552,0.7860254049301147,1.3163874109781972
1640,0.05156390368938446,1.0,0.8002028465270996,0.790202260017395,0.6730015776964774
1641,0.0517936609685421,1.0,0.7986814975738525,0.7916939854621887,0.4795275556873979
1642,0.052006643265485764,1.0,0.796653151512146,0.7923503518104553,0.5532825737210466
1643,0.05440802499651909,1.0,0.790567934513092,0.7900232672691345,1.0123262773204385
1644,0.04672229662537575,1.0,0.7936105132102966,0.788173496723175,0.509414503769663
1645,0.051542263478040695,1.0,0.7946247458457947,0.7868607640266418,0.5790440957155694
1646,0.06026728078722954,1.0,0.8017241358757019,0.790619969367981,0.550161886179748
1647,0.05061967298388481,1.0,0.8037525415420532,0.7899039387702942,0.9958875614815039
1648,0.05061713606119156,1.0,0.8052738308906555,0.7940211296081543,0.9103690628910954
1649,0.05938518047332764,1.0,0.8012170195579529,0.7928277254104614,0.8563994114499756
1650,0.04895293340086937,1.0,0.8042595982551575,0.7911569476127625,0.9589214723283678
1651,0.05241219699382782,1.0,0.8062880039215088,0.7905603051185608,0.5635974292673079
1652,0.06550302356481552,1.0,0.8047667145729065,0.7885315418243408,0.666680068322626
1653,0.06487838178873062,1.0,0.8007099032402039,0.7882331609725952,0.41604732900966385
1654,0.055922530591487885,0.998985767364502,0.7991886138916016,0.7901425957679749,0.6928815195462205
1655,0.055565863847732544,1.0,0.8022311925888062,0.792589008808136,0.7459535133341357
1656,0.06821248680353165,1.0,0.7981744408607483,0.7891879081726074,0.6469615015241266
1657,0.07613331079483032,1.0,0.8002028465270996,0.7851303815841675,0.8308009318440073
1658,0.08252470940351486,1.0,0.8012170195579529,0.7850707173347473,0.8293443873299287
1659,0.06359449028968811,1.0,0.8012170195579529,0.7852497100830078,0.943523754781469
1660,0.05310985818505287,1.0,0.8037525415420532,0.7864431142807007,0.7720937288507793
1661,0.08758706599473953,1.0,0.8098376989364624,0.7894862294197083,1.2162838788433106
1662,0.0716642513871193,1.0,0.7946247458457947,0.7888895273208618,0.8457248024832414
1663,0.06203069910407066,1.0,0.7880324125289917,0.7850109934806824,0.9101150151666356
1664,0.05428558588027954,1.0,0.7880324125289917,0.7841159701347351,0.8545811014173328
1665,0.06252548098564148,1.0,0.7890466451644897,0.782027542591095,0.6293150909063208
1666,0.055322591215372086,1.0,0.7925963401794434,0.7799391150474548,0.32186164622981095
1667,0.060185275971889496,1.0,0.7931034564971924,0.7811921834945679,0.2931837245140904
1668,0.054925959557294846,1.0,0.7936105132102966,0.7846530079841614,0.3933682229483675
1669,0.03993689641356468,1.0,0.7920892238616943,0.7882928252220154,0.41121885594125945
1670,0.04808700457215309,1.0,0.7971602082252502,0.7905603051185608,0.6812919439864554
1671,0.06262217462062836,1.0,0.7936105132102966,0.7915149927139282,0.7332400100327187
1672,0.057360101491212845,1.0,0.796146035194397,0.7937227487564087,1.6037333283256145
1673,0.060398977249860764,1.0,0.7981744408607483,0.790977954864502,0.6613193777851581
1674,0.048521339893341064,1.0,0.7946247458457947,0.787815511226654,0.507497884963081
1675,0.0705505833029747,1.0,0.7910750508308411,0.7847126722335815,1.3718476361495608
1676,0.04711610823869705,1.0,0.7860040664672852,0.7800584435462952,0.76303108087116
1677,0.07809632271528244,1.0,0.7890466451644897,0.7835789322853088,0.8930130907723893
1678,0.06467953324317932,1.0,0.7936105132102966,0.7805358171463013,0.3972973742621144
1679,0.05228041484951973,1.0,0.790060818195343,0.7835789322853088,0.8257741225323778
1680,0.05411901697516441,1.0,0.7915821075439453,0.783698320388794,0.4521886269456123
1681,0.056747034192085266,1.0,0.7890466451644897,0.7833402752876282,0.7795828563995327
1682,0.05687934532761574,1.0,0.790060818195343,0.7859657406806946,0.47470824740421463
1683,0.08921758830547333,1.0,0.796653151512146,0.7871591448783875,0.8935549904332273
1684,0.05637180432677269,0.998985767364502,0.7991886138916016,0.7899039387702942,0.952246345805072
1685,0.05746409669518471,0.998985767364502,0.8042595982551575,0.7939614057540894,0.7580003794958744
1686,0.05021613463759422,0.998985767364502,0.8052738308906555,0.794259786605835,0.6132871322259339
1687,0.04536720737814903,0.998985767364502,0.8007099032402039,0.7936630845069885,0.7682983512218456
1688,0.0454896055161953,0.998985767364502,0.7991886138916016,0.7904409170150757,0.9143894393917898
1689,0.07428067922592163,1.0,0.7991886138916016,0.7886508703231812,0.5618655572043494
1690,0.04653112217783928,1.0,0.8037525415420532,0.7897845506668091,0.46117880249724663
1691,0.04248502478003502,1.0,0.8022311925888062,0.7932453751564026,0.562420525205879
1692,0.06555015593767166,1.0,0.8012170195579529,0.795512855052948,1.1321782537950296
1693,0.04883619397878647,1.0,0.8047667145729065,0.795512855052948,0.5672321945423503
1694,0.05545505881309509,1.0,0.8027383089065552,0.7984963059425354,0.802013301896081
1695,0.06740549951791763,1.0,0.8067951202392578,0.7992123365402222,0.7189770406080395
1696,0.05135519057512283,1.0,0.8062880039215088,0.8014797568321228,0.4933658347212907
1697,0.061199624091386795,1.0,0.8052738308906555,0.8034488558769226,0.93815958367233
1698,0.0665859654545784,1.0,0.8062880039215088,0.8021361231803894,0.8397955191734822
1699,0.05833946913480759,1.0,0.8047667145729065,0.8014200925827026,0.721829930230185
1700,0.04907707870006561,1.0,0.8073022365570068,0.8013007640838623,0.8188502718549994
1701,0.06499112397432327,1.0,0.8047667145729065,0.8024941682815552,0.678372185775808
1702,0.08360816538333893,1.0,0.8098376989364624,0.8015991449356079,0.6123292931332622
1703,0.0684484988451004,1.0,0.8159229159355164,0.8032101988792419,0.7705464508276559
1704,0.06636246293783188,1.0,0.813387393951416,0.8043439388275146,1.333063895876774
1705,0.06286680698394775,1.0,0.8062880039215088,0.8026134967803955,0.6497898548946874
1706,0.07281211018562317,1.0,0.8103448152542114,0.8049405813217163,0.6563694434461905
1707,0.05440618842840195,1.0,0.8062880039215088,0.802434504032135,0.6409117581326407
1708,0.061075106263160706,1.0,0.8017241358757019,0.7993316650390625,0.6062135868846685
1709,0.04843072220683098,1.0,0.8027383089065552,0.7985559701919556,0.5642899428327046
1710,0.06234598904848099,1.0,0.8017241358757019,0.7961692214012146,0.5059537935074413
1711,0.0662984549999237,1.0,0.8017241358757019,0.7980189323425293,0.7223559721250644
1712,0.04145028442144394,1.0,0.7991886138916016,0.795870840549469,0.3798555884413288
1713,0.042392365634441376,1.0,0.7971602082252502,0.7935437560081482,0.7121337662183181
1714,0.06195736303925514,1.0,0.7976673245429993,0.7941404581069946,0.9236414778646576
1715,0.06620047986507416,1.0,0.8017241358757019,0.797541618347168,0.7725167469542769
1716,0.04604516923427582,1.0,0.8027383089065552,0.7964675426483154,0.6344140458520213
1717,0.07173256576061249,1.0,0.8057808876037598,0.7964675426483154,0.8681509307607642
1718,0.060176312923431396,1.0,0.8088235259056091,0.800763726234436,1.2961109946181795
1719,0.07681970298290253,1.0,0.8042595982551575,0.7985559701919556,1.0688247243898876
1720,0.07374806702136993,1.0,0.8007099032402039,0.7964675426483154,0.5000064108342589
1721,0.076414555311203,1.0,0.8032454252243042,0.7940211296081543,0.7596993534089714
1722,0.04721406102180481,1.0,0.8017241358757019,0.7944984436035156,0.7644683305327967
1723,0.060859933495521545,1.0,0.8022311925888062,0.7941404581069946,0.7628853129679913
1724,0.04976467788219452,1.0,0.8017241358757019,0.7974819540977478,0.4856655598645929
1725,0.06257274746894836,1.0,0.7981744408607483,0.7955725193023682,0.7290480054117371
1726,0.06084607541561127,1.0,0.8007099032402039,0.7979592680931091,0.548984721582414
1727,0.06853462010622025,1.0,0.8057808876037598,0.7969449162483215,1.0653187737362086
1728,0.07250667363405228,1.0,0.8032454252243042,0.7920520305633545,0.8972099834616988
1729,0.09333910793066025,1.0,0.7981744408607483,0.7916939854621887,2.1027056760284615
1730,0.06628469377756119,1.0,0.7976673245429993,0.786562442779541,0.7875996785973415
1731,0.11467229574918747,1.0,0.7991886138916016,0.7925293445587158,1.1506502920938917
1732,0.071375772356987,1.0,0.813894510269165,0.7987349629402161,0.7457650709940439
1733,0.0720880851149559,1.0,0.8078092932701111,0.7952741384506226,0.5918167732901567
1734,0.0765136331319809,1.0,0.8154157996177673,0.804463267326355,1.7543686843174324
1735,0.06351311504840851,1.0,0.8144016265869141,0.8029715418815613,0.4030106994295659
1736,0.07920794188976288,1.0,0.8062880039215088,0.7964078783988953,0.612484861428896
1737,0.08138467371463776,1.0,0.8022311925888062,0.7944984436035156,0.9657981976918834
1738,0.08065959811210632,1.0,0.8118661046028137,0.795512855052948,0.7976924311057808
1739,0.06622672080993652,1.0,0.812880277633667,0.7965272068977356,0.6614860825832297
1740,0.08655761927366257,1.0,0.8144016265869141,0.8031505346298218,1.072447217047032
1741,0.07968365401029587,1.0,0.8078092932701111,0.7996897101402283,0.7387637847469993
1742,0.10236023366451263,1.0,0.8083164095878601,0.7982576489448547,0.769603127622818
1743,0.07981214672327042,1.0,0.8098376989364624,0.7973029017448425,0.87750790524508
1744,0.07063128799200058,1.0,0.8073022365570068,0.7957515120506287,0.6409769798782925
1745,0.06304845958948135,1.0,0.8052738308906555,0.7907989621162415,0.9206266025930873
1746,0.06089688092470169,1.0,0.8057808876037598,0.7930663824081421,0.4519514425028297
1747,0.05946613848209381,1.0,0.8037525415420532,0.7943194508552551,0.6716863984216096
1748,0.06286141276359558,1.0,0.8088235259056091,0.797123908996582,0.547005503437316
1749,0.074338898062706,1.0,0.8083164095878601,0.7990333437919617,0.4710473944146195
1750,0.06146158277988434,1.0,0.8078092932701111,0.8008831143379211,0.4398112603955606
1751,0.06190214306116104,1.0,0.8179513216018677,0.8008233904838562,0.5171200020433722
1752,0.05951154977083206,1.0,0.8159229159355164,0.7992123365402222,0.3567445774400423
1753,0.06439952552318573,1.0,0.8164299726486206,0.7989736795425415,0.6268375274109041
1754,0.05262930691242218,1.0,0.8159229159355164,0.8006443977355957,0.9082420072576999
1755,0.07443257421255112,1.0,0.8184583783149719,0.802792489528656,0.7979970989355586
1756,0.06734500080347061,1.0,0.81947261095047,0.8041052222251892,0.7837621349386668
1757,0.060188163071870804,1.0,0.8225151896476746,0.802792489528656,0.49776319079365944
1758,0.050331346690654755,1.0,0.8174442052841187,0.8000476956367493,0.8908029275283748
1759,0.052262917160987854,1.0,0.8174442052841187,0.7982576489448547,0.6206458901921014
1760,0.034020714461803436,1.0,0.8154157996177673,0.7965272068977356,0.6221192651049444
1761,0.05157062038779259,1.0,0.8149086833000183,0.7974222898483276,0.5308708034102798
1762,0.05558985844254494,1.0,0.8144016265869141,0.7978399395942688,0.519951610842355
1763,0.05833734944462776,1.0,0.8169370889663696,0.7993316650390625,0.849443504046727
1764,0.05621325224637985,1.0,0.813894510269165,0.7989140152931213,0.6893508093451182
1765,0.052583031356334686,1.0,0.8108519315719604,0.8002267479896545,0.5699044236268797
1766,0.05489547550678253,1.0,0.8149086833000183,0.7989736795425415,0.6635266239671362
1767,0.046886932104825974,1.0,0.8169370889663696,0.7984366416931152,0.6038664532219716
1768,0.05792473256587982,1.0,0.8144016265869141,0.797541618347168,0.7051630174184707
1769,0.05603242665529251,1.0,0.813387393951416,0.796765923500061,1.1567357557355118
1770,0.06293241679668427,1.0,0.8159229159355164,0.7996300458908081,0.4048552904606238
1771,0.06478884071111679,1.0,0.8083164095878601,0.8008831143379211,0.6271566491438736
1772,0.046677324920892715,1.0,0.8067951202392578,0.802792489528656,0.7838541803144614
1773,0.05310976877808571,1.0,0.8108519315719604,0.8001073598861694,0.8654911153015588
1774,0.04602444916963577,1.0,0.8103448152542114,0.795870840549469,0.49475546076960986
1775,0.06115294620394707,1.0,0.8123732209205627,0.794617772102356,0.8497165920430014
1776,0.06603004038333893,1.0,0.8144016265869141,0.8072080612182617,1.053237356363996
1777,0.06445743143558502,1.0,0.8108519315719604,0.8104898929595947,0.9135613559428591
1778,0.06111452728509903,1.0,0.8123732209205627,0.8082820773124695,0.7115617916015691
1779,0.06958747655153275,1.0,0.8073022365570068,0.8047615885734558,0.817154296174136
1780,0.04343065991997719,1.0,0.8159229159355164,0.800763726234436,0.6080553131706934
1781,0.05703061819076538,1.0,0.8123732209205627,0.7983173131942749,0.9104612689119767
1782,0.06781492382287979,1.0,0.8103448152542114,0.7983173131942749,0.8978559915218416
1783,0.07424423843622208,1.0,0.8144016265869141,0.7999880313873291,0.7192934814747719
1784,0.053066518157720566,1.0,0.8032454252243042,0.7957515120506287,0.8492036472770019
1785,0.04996176436543465,1.0,0.796146035194397,0.7876364588737488,0.6289744981387323
1786,0.06695511937141418,1.0,0.8037525415420532,0.7870994210243225,1.0610500809403056
1787,0.08217013627290726,1.0,0.8098376989364624,0.7879945039749146,0.9876150780642613
1788,0.05673487111926079,1.0,0.8042595982551575,0.7831016182899475,0.8876760309625743
1789,0.060794513672590256,1.0,0.8073022365570068,0.788591206073761,0.7273703173474773
1790,0.0785667821764946,1.0,0.8164299726486206,0.8017781376838684,1.1961959648643017
1791,0.06994589418172836,1.0,0.818965494632721,0.8063727021217346,0.7721617689611198
1792,0.04999476298689842,1.0,0.8220080733299255,0.807327389717102,0.5150334035777205
1793,0.07355980575084686,1.0,0.8220080733299255,0.8066710233688354,0.5850355410438893
1794,0.05816177651286125,1.0,0.8209939002990723,0.8072080612182617,0.7442612472027066
1795,0.06123044341802597,1.0,0.8174442052841187,0.8041052222251892,1.280494479686366
1796,0.04774343967437744,1.0,0.8144016265869141,0.7992123365402222,0.39738080471711373
1797,0.07683321088552475,1.0,0.812880277633667,0.7994509935379028,0.6786654540916488
1798,0.05139941722154617,1.0,0.8118661046028137,0.7992720007896423,0.5320595779117673
1799,0.0731123760342598,1.0,0.812880277633667,0.797541618347168,0.8893482017114817
1800,0.05798686668276787,1.0,0.8047667145729065,0.7949161529541016,0.6555089166207637
1801,0.05543498694896698,1.0,0.8037525415420532,0.795512855052948,0.93276226996267
1802,0.06178580969572067,1.0,0.8088235259056091,0.7993913292884827,0.5542807065138878
1803,0.08318246155977249,0.998985767364502,0.8204867839813232,0.8017184734344482,0.9859986319551461
1804,0.056925538927316666,1.0,0.8204867839813232,0.8075660467147827,0.9464088271255162
1805,0.05637219548225403,1.0,0.8225151896476746,0.8098335266113281,0.4585589813590158
1806,0.045080672949552536,1.0,0.8225151896476746,0.8087594509124756,0.24038946051051932
1807,0.0490032434463501,1.0,0.81947261095047,0.8059549927711487,0.47914752276513606
1808,0.08418609201908112,1.0,0.8154157996177673,0.804045557975769,1.0540872574040807
1809,0.07720741629600525,1.0,0.8164299726486206,0.8067306876182556,0.41942998669071685
1810,0.05916443467140198,1.0,0.8199796676635742,0.8094754815101624,0.41951844969494606
1811,0.047321420162916183,1.0,0.8169370889663696,0.8079837560653687,0.33978419629217804
1812,0.0640583485364914,1.0,0.8179513216018677,0.8085207939147949,0.8888251994461479
1813,0.055870722979307175,1.0,0.8164299726486206,0.807745099067688,0.5520371117597898
1814,0.07668890804052353,1.0,0.8123732209205627,0.8016588091850281,0.8029908897479473
1815,0.053734488785266876,1.0,0.8088235259056091,0.7972432374954224,0.5362986677962894
1816,0.04414641112089157,1.0,0.8083164095878601,0.7970642447471619,0.5001324641699625
1817,0.052068550139665604,1.0,0.813894510269165,0.8007040619850159,0.639386252363917
1818,0.052032146602869034,1.0,0.8179513216018677,0.8069096803665161,0.49246324824259063
1819,0.053498730063438416,1.0,0.8240364789962769,0.8116235733032227,0.5567241402499195
1820,0.05700494349002838,0.998985767364502,0.8275861740112305,0.8122799396514893,0.3648290195685586
1821,0.0507207028567791,0.998985767364502,0.81947261095047,0.8116235733032227,0.7321570536636285
1822,0.0672491043806076,0.998985767364502,0.8154157996177673,0.8071483969688416,0.5812928757346263
1823,0.054014433175325394,1.0,0.8184583783149719,0.8029715418815613,0.7839068029478258
1824,0.059501633048057556,1.0,0.812880277633667,0.791813313961029,0.314997430060548
1825,0.06815379858016968,1.0,0.8149086833000183,0.7936630845069885,0.5896612544466755
1826,0.05252452194690704,1.0,0.8204867839813232,0.8047615885734558,0.6680104802262528
1827,0.045625295490026474,1.0,0.8184583783149719,0.8098335266113281,0.27501041547509664
1828,0.04914822801947594,1.0,0.8164299726486206,0.8098335266113281,0.6874979012269792
1829,0.04903826117515564,1.0,0.8225151896476746,0.8121009469032288,0.8108287560406755
1830,0.05057008937001228,1.0,0.8235293626785278,0.8125783205032349,0.4357452797623362
1831,0.03824108839035034,1.0,0.8215010166168213,0.8075660467147827,0.57441646976887
1832,0.05268009006977081,1.0,0.8250507116317749,0.8080434203147888,1.0792678809718392
1833,0.040080536156892776,1.0,0.8270791172981262,0.8071483969688416,0.3602562496446727
1834,0.058806031942367554,0.998985767364502,0.8275861740112305,0.8095351457595825,0.8019754234730534
1835,0.04795790836215019,0.998985767364502,0.8240364789962769,0.811742901802063,0.5618268866071504
1836,0.06271765381097794,0.998985767364502,0.8275861740112305,0.8100721836090088,0.5710521572826057
1837,0.06116916611790657,0.998985767364502,0.8286004066467285,0.8078644275665283,0.46041534146383173
1838,0.04582111909985542,0.998985767364502,0.8265720009803772,0.806074321269989,0.42379602359083435
1839,0.05331481993198395,0.998985767364502,0.8225151896476746,0.8023151755332947,0.5651253372672614
1840,0.063571996986866,1.0,0.8174442052841187,0.7999283671379089,0.3590989537130998
1841,0.06459639966487885,1.0,0.813894510269165,0.7984366416931152,0.634741139426824
1842,0.049502935260534286,0.998985767364502,0.812880277633667,0.7993316650390625,0.3351655152748071
1843,0.037562061101198196,1.0,0.8164299726486206,0.7995703816413879,0.2650960264219046
1844,0.06183910742402077,1.0,0.8144016265869141,0.7990333437919617,0.4495051698820752
1845,0.059149179607629776,1.0,0.8179513216018677,0.7990333437919617,0.8748149467051813
1846,0.0489717572927475,1.0,0.8144016265869141,0.7972432374954224,0.5464216097885334
1847,0.06366264820098877,1.0,0.8159229159355164,0.7956918478012085,0.4943351096383174
1848,0.0522487573325634,1.0,0.8144016265869141,0.7943194508552551,0.24662523839764436
1849,0.047606952488422394,1.0,0.8113589882850647,0.7931857109069824,0.5208587939277888
1850,0.050084926187992096,1.0,0.8078092932701111,0.793484091758728,0.5474537666418741
1851,0.049347568303346634,1.0,0.8078092932701111,0.795512855052948,0.47933974655850026
1852,0.04502011835575104,1.0,0.8052738308906555,0.7962288856506348,0.2834996530708368
1853,0.03473665565252304,1.0,0.8027383089065552,0.7977206110954285,0.3810200864778888
1854,0.03745808079838753,1.0,0.8062880039215088,0.7953338027000427,0.7018263554726077
1855,0.046762555837631226,1.0,0.8093305826187134,0.795870840549469,0.3445219864841347
1856,0.02918405644595623,1.0,0.8088235259056091,0.7969449162483215,0.39560813441191994
1857,0.06703276932239532,1.0,0.8103448152542114,0.7989140152931213,1.0014253061402878
1858,0.04887404665350914,1.0,0.812880277633667,0.7994509935379028,0.401313467550598
1859,0.039211057126522064,1.0,0.8108519315719604,0.8000476956367493,0.8347279411607106
1860,0.047287654131650925,1.0,0.8108519315719604,0.8011217713356018,0.9038285809189989
1861,0.04559340700507164,1.0,0.8108519315719604,0.802434504032135,0.6198118359686632
1862,0.04112502187490463,1.0,0.8123732209205627,0.8022555112838745,0.30436077059177635
1863,0.04873901605606079,1.0,0.8088235259056091,0.8010621070861816,0.8341553435847341
1864,0.045100484043359756,0.998985767364502,0.8093305826187134,0.8001073598861694,0.5728075394015
1865,0.03020242601633072,0.998985767364502,0.8067951202392578,0.7950354814529419,0.36806850575822125
1866,0.04783158376812935,0.998985767364502,0.8088235259056091,0.795512855052948,0.6602148093850463
1867,0.03784918412566185,0.998985767364502,0.8113589882850647,0.7965272068977356,0.49405780136034844
1868,0.04716942831873894,0.998985767364502,0.813387393951416,0.8030908703804016,0.8576144201385669
1869,0.04941793531179428,0.998985767364502,0.8199796676635742,0.8098335266113281,0.4614901115790549
1870,0.05097206309437752,0.998985767364502,0.8209939002990723,0.8103108406066895,0.7637779369680179
1871,0.043057993054389954,0.998985767364502,0.8209939002990723,0.8079837560653687,0.5323203363818104
1872,0.05873129889369011,0.998985767364502,0.8204867839813232,0.8026731610298157,0.9571113434423851
1873,0.038846854120492935,0.998985767364502,0.8159229159355164,0.7961692214012146,0.6536064996111441
1874,0.05289429798722267,0.998985767364502,0.8083164095878601,0.7877557873725891,0.6717817105684293
1875,0.05296134576201439,0.998985767364502,0.8103448152542114,0.7864431142807007,0.8174277782053422
1876,0.05028361827135086,0.998985767364502,0.8154157996177673,0.7912166118621826,0.530847297265562
1877,0.0553993284702301,1.0,0.8098376989364624,0.7912763357162476,0.6559679147757108
1878,0.05531127750873566,1.0,0.8078092932701111,0.7915746569633484,0.2656109302365334
1879,0.0709073394536972,1.0,0.812880277633667,0.7950951457023621,1.1335165172533255
1880,0.07017255574464798,1.0,0.818965494632721,0.8001073598861694,0.46713459138110697
1881,0.04877748340368271,1.0,0.8199796676635742,0.7980189323425293,0.3597371167961469
1882,0.05133771151304245,1.0,0.8179513216018677,0.797899603843689,0.7462126840819385
1883,0.05651622638106346,1.0,0.8235293626785278,0.8002267479896545,0.8353096412579967
1884,0.0534818097949028,1.0,0.8245435953140259,0.8015991449356079,0.5192301918905498
1885,0.07096424698829651,1.0,0.818965494632721,0.7996300458908081,0.9180541605426602
1886,0.049060843884944916,1.0,0.8164299726486206,0.8013604283332825,0.3753338277866647
1887,0.03781580552458763,1.0,0.818965494632721,0.8055372834205627,0.9278865653498093
1888,0.057856980711221695,1.0,0.8245435953140259,0.8047019243240356,0.5752539036282117
1889,0.0437021479010582,1.0,0.818965494632721,0.8027328252792358,0.5628200180244275
1890,0.03618514910340309,1.0,0.8199796676635742,0.8042842745780945,0.4650216620359653
1891,0.06647685170173645,1.0,0.8113589882850647,0.7999880313873291,0.9880391278598585
1892,0.039322055876255035,1.0,0.8047667145729065,0.7934244275093079,0.7686001513069034
1893,0.06432340294122696,1.0,0.813387393951416,0.7930067181587219,0.8114515260259464
1894,0.03462185710668564,1.0,0.812880277633667,0.7946774959564209,0.5120882658818396
1895,0.049486786127090454,1.0,0.8118661046028137,0.7950354814529419,0.5955920959852102
1896,0.04369252920150757,1.0,0.8174442052841187,0.7996897101402283,0.7871998628774393
1897,0.06359435617923737,1.0,0.812880277633667,0.7995703816413879,0.7276402501890405
1898,0.06169585511088371,1.0,0.8108519315719604,0.7986156344413757,0.9416805379982693
1899,0.0655292496085167,1.0,0.8159229159355164,0.7951548099517822,0.5104386127598595
1900,0.034836526960134506,1.0,0.8113589882850647,0.7935437560081482,0.6422408341265328
1901,0.05813123658299446,1.0,0.812880277633667,0.7950951457023621,0.7896837796539046
1902,0.05517872795462608,1.0,0.8118661046028137,0.7964675426483154,0.5814537240400373
1903,0.061071671545505524,1.0,0.8164299726486206,0.8010024428367615,0.6752667038974947
1904,0.05014876648783684,1.0,0.81947261095047,0.8039858937263489,0.7292606616714072
1905,0.056542325764894485,1.0,0.8149086833000183,0.8011217713356018,0.7663519408472953
1906,0.05849127471446991,1.0,0.8215010166168213,0.8019571304321289,0.5612114082252962
1907,0.06293166428804398,1.0,0.8215010166168213,0.8032101988792419,0.5746080208495562
1908,0.05884699895977974,1.0,0.8204867839813232,0.7987349629402161,0.6767418944456958
1909,0.06485704332590103,1.0,0.8199796676635742,0.7989736795425415,0.849392213062112
1910,0.04970530793070793,1.0,0.8209939002990723,0.7988543510437012,0.602204740972448
1911,0.050324395298957825,1.0,0.81947261095047,0.7982576489448547,0.365872594896229
1912,0.055603090673685074,1.0,0.818965494632721,0.8032698631286621,0.8061185419661814
1913,0.055843252688646317,1.0,0.8144016265869141,0.8041648864746094,0.643979026203422
1914,0.04895365238189697,1.0,0.8083164095878601,0.8026134967803955,0.5269396447996
1915,0.07979415357112885,1.0,0.8154157996177673,0.8005847334861755,0.7974406983476272
1916,0.04504343122243881,1.0,0.8113589882850647,0.7967061996459961,0.41576135545636034
1917,0.0647759959101677,1.0,0.8113589882850647,0.790619969367981,1.1429204991088167
1918,0.072165846824646,1.0,0.8154157996177673,0.7907392978668213,0.7637051862861837
1919,0.07582073658704758,1.0,0.8103448152542114,0.7924100160598755,0.683416296813625
1920,0.07150733470916748,0.998985767364502,0.8103448152542114,0.7926487326622009,0.804683956766422
1921,0.07516994327306747,1.0,0.8118661046028137,0.7951548099517822,1.086679275364935
1922,0.0705452635884285,1.0,0.8118661046028137,0.7966465353965759,0.8797213700458855
1923,0.04482272267341614,1.0,0.8123732209205627,0.7999880313873291,0.5678351150634388
1924,0.05163007229566574,1.0,0.8123732209205627,0.8018974661827087,0.4462980536323069
1925,0.05878397449851036,1.0,0.8164299726486206,0.8052389621734619,0.6720547136704927
1926,0.05856369063258171,1.0,0.812880277633667,0.8060146570205688,0.6476390090768568
1927,0.0682835727930069,1.0,0.8078092932701111,0.8057760000228882,0.7207910605165249
1928,0.04269704595208168,1.0,0.8118661046028137,0.8024941682815552,0.5858708558453413
1929,0.05730931833386421,1.0,0.8088235259056091,0.7979592680931091,0.6815204878014838
1930,0.039936453104019165,1.0,0.8083164095878601,0.7956321835517883,0.5747275663496616
1931,0.05792587995529175,1.0,0.8093305826187134,0.7981979846954346,0.7091663046624043
1932,0.049594368785619736,1.0,0.8098376989364624,0.8017184734344482,0.47871808826078516
1933,0.054928675293922424,1.0,0.8118661046028137,0.8050003051757812,0.9696369757808091
1934,0.041223738342523575,1.0,0.818965494632721,0.806074321269989,0.7924113037479887
1935,0.04978172108530998,1.0,0.81947261095047,0.8050599694252014,0.802819772780684
1936,0.07358244806528091,1.0,0.8103448152542114,0.800763726234436,1.1128539852824544
1937,0.051461976021528244,1.0,0.8149086833000183,0.8035681843757629,0.5136269929832521
1938,0.05180532485246658,1.0,0.8164299726486206,0.8092964887619019,0.4990751058682667
1939,0.06565087288618088,1.0,0.8215010166168213,0.8083417415618896,0.9685786491501748
1940,0.044703759253025055,1.0,0.8209939002990723,0.806492030620575,0.45993464588910243
1941,0.07191169261932373,1.0,0.8235293626785278,0.8045825958251953,0.5933520825877191
1942,0.08307024091482162,1.0,0.8230223059654236,0.8057760000228882,0.8693914534253775
1943,0.05103239417076111,1.0,0.8220080733299255,0.8051196336746216,0.49063565423889294
1944,0.07875446230173111,1.0,0.8123732209205627,0.7990930080413818,0.7568956303741765
1945,0.07836765795946121,1.0,0.8098376989364624,0.797541618347168,0.7587479301936705
1946,0.056415144354104996,1.0,0.8199796676635742,0.8009427785873413,0.689794758930936
1947,0.0525214783847332,1.0,0.8204867839813232,0.7994509935379028,0.6140117283199313
1948,0.053531844168901443,1.0,0.8179513216018677,0.7974222898483276,0.4195169488643655
1949,0.07240214198827744,1.0,0.8144016265869141,0.7984366416931152,0.532673440234383
1950,0.050693318247795105,1.0,0.8179513216018677,0.8001670837402344,0.8199550870986874
1951,0.052475232630968094,1.0,0.8179513216018677,0.8020764589309692,0.6367051086178516
1952,0.03393033891916275,1.0,0.8149086833000183,0.8034488558769226,0.3489556763942106
1953,0.044768352061510086,1.0,0.8123732209205627,0.8045229315757751,0.4254594039820151
1954,0.05706034228205681,1.0,0.8204867839813232,0.8038069009780884,0.9260636579088635
1955,0.06146486476063728,1.0,0.8174442052841187,0.8015394806861877,0.8134969391891778
1956,0.052275706082582474,1.0,0.818965494632721,0.7998687028884888,0.5626510990737709
1957,0.06687165796756744,1.0,0.8204867839813232,0.7995107173919678,0.6840365011832169
1958,0.05266325920820236,1.0,0.8169370889663696,0.8038665652275085,0.7908418186268966
1959,0.0544050894677639,1.0,0.81947261095047,0.8054776191711426,0.8531569382287755
1960,0.06459363549947739,1.0,0.813387393951416,0.8044036030769348,0.4724831207081101
1961,0.060046907514333725,1.0,0.813387393951416,0.798794686794281,0.9717186339986852
1962,0.060790691524744034,1.0,0.8083164095878601,0.7951548099517822,0.44590196396360304
1963,0.05843130871653557,1.0,0.8032454252243042,0.7909182906150818,0.44446336082700155
1964,0.06852356344461441,0.998985767364502,0.8093305826187134,0.7936630845069885,0.6025144222559566
1965,0.058717839419841766,0.998985767364502,0.8118661046028137,0.7980785965919495,0.5436361239134113
1966,0.062224678695201874,0.998985767364502,0.813387393951416,0.8020764589309692,0.7166755977379768
1967,0.04778236523270607,0.998985767364502,0.8118661046028137,0.8030908703804016,0.5788682043327477
1968,0.04132110998034477,0.998985767364502,0.813387393951416,0.801181435585022,0.46904432258834616
1969,0.07075754553079605,0.998985767364502,0.813387393951416,0.8013604283332825,0.5969505881640321
1970,0.05372573435306549,0.998985767364502,0.8103448152542114,0.7993316650390625,0.4524205545479491
1971,0.04961534962058067,1.0,0.812880277633667,0.7943194508552551,0.4521359520689771
1972,0.05690443515777588,1.0,0.8098376989364624,0.7950354814529419,0.697223621765023
1973,0.0448494590818882,1.0,0.8144016265869141,0.8008831143379211,0.7376853477051637
1974,0.03687068819999695,1.0,0.8164299726486206,0.8015394806861877,0.6483616060678566
1975,0.06426574289798737,1.0,0.8154157996177673,0.8036279082298279,0.3368555450716879
1976,0.05410612002015114,1.0,0.8149086833000183,0.8013007640838623,0.6993919919358188
1977,0.04563456401228905,1.0,0.813387393951416,0.8001670837402344,0.9665420085114603
1978,0.055969372391700745,1.0,0.8073022365570068,0.7964675426483154,0.6566244254081658
1979,0.058140359818935394,1.0,0.8047667145729065,0.7949161529541016,0.7866652777957867
1980,0.0410163439810276,1.0,0.8032454252243042,0.7953338027000427,0.7693139501021726
1981,0.06075598672032356,1.0,0.8052738308906555,0.7942001223564148,0.3837617644692546
1982,0.04745981842279434,1.0,0.8047667145729065,0.7957515120506287,0.6980667769402706
1983,0.03418179601430893,0.998985767364502,0.8088235259056091,0.7974819540977478,0.4089485419823189
1984,0.05184970423579216,0.998985767364502,0.8149086833000183,0.8014797568321228,0.5359350478401753
1985,0.04936009272933006,0.998985767364502,0.8154157996177673,0.8046422600746155,0.5152687783752908
1986,0.052212875336408615,0.998985767364502,0.8159229159355164,0.8066710233688354,0.9569673276465127
1987,0.05678984522819519,1.0,0.8149086833000183,0.8063727021217346,1.3707438613594303
1988,0.04844561964273453,1.0,0.8184583783149719,0.8062533140182495,0.6626710298893022
1989,0.05411633476614952,1.0,0.81947261095047,0.8067306876182556,1.1762727078868829
1990,0.06360877305269241,1.0,0.8199796676635742,0.8088787794113159,0.6143160398461629
1991,0.0655263289809227,1.0,0.8199796676635742,0.8103108406066895,0.7109384941938289
1992,0.07547981292009354,1.0,0.8220080733299255,0.8139507174491882,0.9512219473111773
1993,0.05867092311382294,1.0,0.8184583783149719,0.8137120008468628,0.7313485758070631
1994,0.10601839423179626,1.0,0.8245435953140259,0.8163971304893494,1.0218300040135442
1995,0.053363122045993805,1.0,0.8235293626785278,0.8175905346870422,0.541004065384764
1996,0.06331461668014526,1.0,0.8265720009803772,0.8152037262916565,0.46661834508627065
1997,0.05308756232261658,1.0,0.8291074633598328,0.8138313293457031,0.7304992418707112
1998,0.04935907945036888,1.0,0.81947261095047,0.8087594509124756,0.6795203596964872
1999,0.07499490678310394,1.0,0.8164299726486206,0.8030312061309814,0.6507536591452932
2000,0.09292048960924149,1.0,0.8250507116317749,0.8073870539665222,1.0996397202435542
2001,0.057633016258478165,1.0,0.8103448152542114,0.804821252822876,0.40945847160363213
2002,0.07775361835956573,1.0,0.812880277633667,0.8050599694252014,1.365440470045945
2003,0.04713677242398262,1.0,0.8159229159355164,0.8041052222251892,0.5451934735995423
2004,0.058163005858659744,1.0,0.813387393951416,0.8016588091850281,0.5744418869340017
2005,0.06457405537366867,1.0,0.8123732209205627,0.8018974661827087,0.8188618209540649
2006,0.05483878031373024,1.0,0.8067951202392578,0.7943791151046753,0.47109990252911993
2007,0.06992335617542267,1.0,0.8042595982551575,0.7973625659942627,1.2587882947373767
2008,0.06054241955280304,1.0,0.8042595982551575,0.7943791151046753,0.5997038828371778
2009,0.0980382040143013,1.0,0.8093305826187134,0.8002267479896545,1.1693784265239302
2010,0.06224590539932251,1.0,0.8093305826187134,0.8017781376838684,0.7232790820085162
2011,0.07825415581464767,1.0,0.8078092932701111,0.7998090386390686,0.67287847076107
2012,0.0707259550690651,1.0,0.8007099032402039,0.7948564887046814,0.8781114093461116
2013,0.07108467072248459,1.0,0.7996957302093506,0.7930067181587219,0.7816234212137975
2014,0.07343695312738419,1.0,0.8007099032402039,0.7940807938575745,1.0331022818082871
2015,0.05801202729344368,1.0,0.8093305826187134,0.8002267479896545,0.4125265626454337
2016,0.03819556534290314,1.0,0.8159229159355164,0.8032698631286621,0.4860262322311967
2017,0.06130732223391533,1.0,0.8209939002990723,0.8053582906723022,0.9848943689413175
2018,0.050937674939632416,1.0,0.8235293626785278,0.8094754815101624,0.8887756897080386
2019,0.05954969301819801,1.0,0.81947261095047,0.8103108406066895,0.9336913471240381
2020,0.0693209245800972,1.0,0.8149086833000183,0.8076257109642029,0.9343745309988379
2021,0.07100889831781387,1.0,0.8199796676635742,0.8070290684700012,1.0527908117544666
2022,0.06543003022670746,1.0,0.8159229159355164,0.8030312061309814,2.4119759215697876
2023,0.05977301672101021,1.0,0.8174442052841187,0.8020764589309692,0.5987965128916943
2024,0.0629141703248024,1.0,0.8179513216018677,0.8001073598861694,1.1506431919810618
2025,0.0835854783654213,1.0,0.8174442052841187,0.7998090386390686,0.6280377025034771
2026,0.06836582720279694,1.0,0.818965494632721,0.804045557975769,0.9869532056412995
2027,0.06016663834452629,1.0,0.8159229159355164,0.8059549927711487,0.7961526177887374
2028,0.07205356657505035,1.0,0.8154157996177673,0.8053582906723022,0.9441842820837898
2029,0.05279073491692543,1.0,0.8149086833000183,0.8047019243240356,0.4575080329433342
2030,0.07861839234828949,1.0,0.813387393951416,0.8051196336746216,0.7722029509480473
2031,0.0795833095908165,1.0,0.8179513216018677,0.8070887327194214,0.8918893186016983
2032,0.05043187737464905,1.0,0.8179513216018677,0.8047615885734558,0.46534122611670736
2033,0.07285648584365845,1.0,0.8154157996177673,0.8067903518676758,1.1982241006904755
2034,0.07284165173768997,1.0,0.8184583783149719,0.8116832375526428,1.288139220962294
2035,0.08047956228256226,1.0,0.8174442052841187,0.8111462593078613,1.160219010206013
2036,0.06602643430233002,1.0,0.8144016265869141,0.810131847858429,0.6730092610080086
2037,0.06561089307069778,1.0,0.812880277633667,0.8102511763572693,0.5420525331453075
2038,0.06557346880435944,1.0,0.8184583783149719,0.809773862361908,0.6551410525042001
2039,0.04875201731920242,1.0,0.8154157996177673,0.8030908703804016,0.5481656891852108
2040,0.06622899323701859,1.0,0.8149086833000183,0.8008831143379211,0.5828834692301547
2041,0.06519260257482529,1.0,0.8154157996177673,0.8008233904838562,0.4794281911181828
2042,0.043674059212207794,1.0,0.813387393951416,0.8033891916275024,0.6076343049529613
2043,0.06080405414104462,1.0,0.818965494632721,0.8039262294769287,0.4671632654055402
2044,0.06154526397585869,1.0,0.8144016265869141,0.8047019243240356,0.7241306247231849
2045,0.04926866665482521,1.0,0.8098376989364624,0.8013604283332825,0.582780567405653
2046,0.07119769603013992,1.0,0.8052738308906555,0.7950354814529419,1.3760944971914368
2047,0.07465486228466034,1.0,0.8067951202392578,0.7974222898483276,0.99303992443904
2048,0.061469051986932755,1.0,0.8093305826187134,0.7989736795425415,0.8050463325626556
2049,0.06252851337194443,1.0,0.8113589882850647,0.7986156344413757,1.1688876823634446
2050,0.0686223953962326,1.0,0.8098376989364624,0.7990333437919617,0.5344903544798346
2051,0.058702025562524796,1.0,0.813894510269165,0.8005847334861755,0.695643345805175
2052,0.0616898350417614,1.0,0.813894510269165,0.804463267326355,1.0128716599845107
2053,0.05893337354063988,1.0,0.8103448152542114,0.8055372834205627,0.8948590283832836
2054,0.09091796725988388,1.0,0.8154157996177673,0.8038665652275085,1.0307705361267767
2055,0.045149076730012894,1.0,0.8062880039215088,0.798794686794281,0.5145761135307496
2056,0.06810764968395233,1.0,0.8047667145729065,0.7940211296081543,0.662728940643067
2057,0.06300857663154602,1.0,0.8052738308906555,0.7937227487564087,0.7439645626089512
2058,0.06486696749925613,1.0,0.8057808876037598,0.7943791151046753,0.5562428190444356
2059,0.06617913395166397,1.0,0.8113589882850647,0.7956321835517883,0.5407669912559545
2060,0.05656570941209793,1.0,0.813894510269165,0.7985559701919556,0.7272419072110904
2061,0.05893021449446678,1.0,0.813894510269165,0.8010621070861816,0.7218900471001556
2062,0.08029013872146606,1.0,0.8108519315719604,0.8019571304321289,1.0099709479160497
2063,0.062386371195316315,1.0,0.8088235259056091,0.7963482141494751,0.8132080071313028
2064,0.05829763785004616,1.0,0.8083164095878601,0.7954531908035278,0.714865148772662
2065,0.08708936721086502,1.0,0.8098376989364624,0.7952144742012024,1.0495674940028188
2066,0.08112750202417374,1.0,0.8057808876037598,0.7947968244552612,0.9701898267813586
2067,0.05128908157348633,1.0,0.8022311925888062,0.7910972833633423,0.7586087707402821
2068,0.0757213905453682,1.0,0.8062880039215088,0.7992720007896423,1.5098964545435887
2069,0.05877397954463959,1.0,0.8144016265869141,0.8004654049873352,0.5092423875317609
2070,0.05954960361123085,1.0,0.812880277633667,0.8045229315757751,0.6105575510355218
2071,0.10011178255081177,1.0,0.8199796676635742,0.8107882142066956,0.8969805968627618
2072,0.05722678825259209,1.0,0.8209939002990723,0.8119816184043884,0.503713008732736
2073,0.058225762099027634,1.0,0.8209939002990723,0.8086401224136353,0.6510504173358788
2074,0.038870371878147125,1.0,0.8149086833000183,0.8042842745780945,0.23776777508237745
2075,0.06954064965248108,1.0,0.8149086833000183,0.802792489528656,0.766127996090839
2076,0.0651598572731018,1.0,0.813387393951416,0.8014200925827026,0.6087076106342325
2077,0.06805966049432755,1.0,0.8149086833000183,0.8060146570205688,0.7397646824347179
2078,0.05164355784654617,1.0,0.8230223059654236,0.8107285499572754,0.434485176421799
2079,0.04801802337169647,1.0,0.8270791172981262,0.8141893744468689,0.5319239176835066
2080,0.051423802971839905,1.0,0.8199796676635742,0.8087594509124756,0.6250408626394962
2081,0.05249598249793053,0.998985767364502,0.8179513216018677,0.8070290684700012,0.8615115675115196
2082,0.030925050377845764,0.998985767364502,0.8113589882850647,0.8035085201263428,0.26331111787246464
2083,0.061600446701049805,0.998985767364502,0.8098376989364624,0.7974819540977478,0.8615919860495299
2084,0.046509597450494766,0.998985767364502,0.7996957302093506,0.7921116948127747,0.40774824209015026
2085,0.05279073491692543,1.0,0.7981744408607483,0.7887701988220215,0.34597210708778614
2086,0.06668315082788467,1.0,0.7981744408607483,0.7894265651702881,0.8993994888763979
2087,0.08171430975198746,1.0,0.8052738308906555,0.7933050990104675,0.8333146576331028
2088,0.044386569410562515,1.0,0.8108519315719604,0.7950354814529419,0.9762387428277234
2089,0.05396826192736626,1.0,0.8093305826187134,0.7966465353965759,0.5336215041866313
2090,0.05526311695575714,1.0,0.8062880039215088,0.7967061996459961,0.7021608345763768
2091,0.044384267181158066,1.0,0.8062880039215088,0.7964078783988953,0.6550357432172401
2092,0.05059605836868286,1.0,0.8073022365570068,0.7968852519989014,0.4018431110387809
2093,0.06371273845434189,1.0,0.8073022365570068,0.8000476956367493,0.9663613119425821
2094,0.0452912263572216,1.0,0.8093305826187134,0.8014797568321228,0.6525450929138661
2095,0.04955744370818138,1.0,0.8098376989364624,0.8000476956367493,0.5350159771326477
2096,0.04359184205532074,1.0,0.8083164095878601,0.8031505346298218,0.4382292891312539
2097,0.06939338147640228,1.0,0.8169370889663696,0.8044036030769348,1.088889535846786
2098,0.05700395256280899,1.0,0.812880277633667,0.802792489528656,0.7859772327814571
2099,0.05599656701087952,1.0,0.8154157996177673,0.8058953285217285,0.9200587382961426
2100,0.05730321258306503,1.0,0.8204867839813232,0.8055969476699829,0.503612125135277
2101,0.06070450693368912,1.0,0.8179513216018677,0.8050599694252014,0.7555069975055305
2102,0.05272374674677849,1.0,0.8154157996177673,0.8089384436607361,0.9487059115562737
2103,0.0573064424097538,1.0,0.813387393951416,0.8086997866630554,0.5712714874037393
2104,0.06568587571382523,1.0,0.8169370889663696,0.8095948100090027,0.4901133109026861
2105,0.05736512318253517,1.0,0.81947261095047,0.8107285499572754,0.49295971477828676
2106,0.08604949712753296,1.0,0.8204867839813232,0.8110865354537964,0.664412414802588
2107,0.08345047384500504,1.0,0.8199796676635742,0.810967206954956,0.874452639644849
2108,0.05478283017873764,1.0,0.8230223059654236,0.8080434203147888,0.40568142920456357
2109,0.06896776705980301,1.0,0.8169370889663696,0.8045825958251953,0.9172624443554672
2110,0.07019487023353577,1.0,0.8113589882850647,0.8004654049873352,0.5869631677865328
2111,0.07489272207021713,1.0,0.8062880039215088,0.7973625659942627,0.8064464528570441
2112,0.07704921066761017,1.0,0.8078092932701111,0.7977206110954285,0.6508926583072969
2113,0.06334683299064636,1.0,0.812880277633667,0.7964078783988953,0.9275560623280302
2114,0.04878722131252289,1.0,0.8149086833000183,0.7971835732460022,0.5621805870976366
2115,0.04791826009750366,0.998985767364502,0.8154157996177673,0.7976609468460083,0.32806449628387696
2116,0.045660145580768585,0.998985767364502,0.8154157996177673,0.7986752986907959,0.47581808232495515
2117,0.07020340114831924,0.998985767364502,0.813387393951416,0.8007040619850159,0.5746063835089517
2118,0.07490435987710953,0.998985767364502,0.813894510269165,0.8010621070861816,0.9372220602876987
2119,0.05937023088335991,0.998985767364502,0.812880277633667,0.8023151755332947,0.6523272014636379
2120,0.0710429921746254,1.0,0.8169370889663696,0.801181435585022,1.138732327833146
2121,0.05565807223320007,1.0,0.8103448152542114,0.7978399395942688,0.9298581143434361
2122,0.07784848660230637,1.0,0.8067951202392578,0.7984963059425354,0.8738816401378435
2123,0.04767270386219025,1.0,0.8078092932701111,0.7958111763000488,0.5836050623725634
2124,0.05796221271157265,1.0,0.8088235259056091,0.7956918478012085,0.9359144627954243
2125,0.05040554702281952,1.0,0.8062880039215088,0.794617772102356,0.6256013887762112
2126,0.053157683461904526,0.998985767364502,0.8012170195579529,0.7915746569633484,1.0033326124519957
2127,0.05276466906070709,1.0,0.796146035194397,0.788173496723175,0.47025415562130896
2128,0.055725280195474625,1.0,0.7986814975738525,0.7899039387702942,0.6530899795182237
2129,0.049076009541749954,1.0,0.7981744408607483,0.7929470539093018,0.5449004434207525
2130,0.07739636301994324,1.0,0.8062880039215088,0.7981979846954346,0.7676187983149193
2131,0.07449211180210114,1.0,0.812880277633667,0.8035085201263428,0.9409738183497248
2132,0.06528089195489883,1.0,0.8062880039215088,0.8034488558769226,1.7905953613755292
2133,0.04747093841433525,1.0,0.8108519315719604,0.8031505346298218,0.41117708127191366
2134,0.08794082701206207,1.0,0.8144016265869141,0.8122799396514893,1.3294715533303716
2135,0.06956890970468521,1.0,0.8144016265869141,0.8112655878067017,0.661172838478884
2136,0.07406718283891678,1.0,0.8159229159355164,0.8047019243240356,0.6948309071506094
2137,0.06456855684518814,1.0,0.8164299726486206,0.8041648864746094,1.3422464520452344
2138,0.06432591378688812,1.0,0.8159229159355164,0.8030312061309814,0.5856964670446071
2139,0.048200998455286026,1.0,0.8144016265869141,0.8041052222251892,0.45909905230393644
2140,0.048225611448287964,1.0,0.8149086833000183,0.8060146570205688,0.5875743015863554
2141,0.06662973016500473,1.0,0.8220080733299255,0.810131847858429,0.4738003615460433
2142,0.06879787147045135,1.0,0.818965494632721,0.8112059235572815,1.0876979039695223
2143,0.05791785567998886,1.0,0.8169370889663696,0.8026134967803955,0.6251075448171265
2144,0.10312478989362717,1.0,0.8199796676635742,0.8131152987480164,1.3102564871512334
2145,0.056013476103544235,1.0,0.8199796676635742,0.8100721836090088,0.8082702320685895
2146,0.07757267355918884,1.0,0.8179513216018677,0.804045557975769,0.5759597034963599
2147,0.07500598579645157,1.0,0.8159229159355164,0.8012410998344421,0.5820308591944148
2148,0.06409014761447906,1.0,0.8174442052841187,0.802434504032135,0.6224402591728253
2149,0.07430771738290787,1.0,0.8174442052841187,0.8022555112838745,0.8153050151001455
2150,0.08456495404243469,1.0,0.812880277633667,0.8021957874298096,1.0269177511149714
2151,0.05725570395588875,1.0,0.8123732209205627,0.8013604283332825,0.5927583203001455
2152,0.07497850060462952,1.0,0.812880277633667,0.8009427785873413,0.7914700231453909
2153,0.05981917306780815,1.0,0.8118661046028137,0.800405740737915,1.1710063833153632
2154,0.07945657521486282,1.0,0.8067951202392578,0.797899603843689,0.5719792759305616
2155,0.07397662103176117,1.0,0.8062880039215088,0.7959305047988892,0.6374863953064934
2156,0.08918692916631699,1.0,0.8149086833000183,0.7984366416931152,0.7805838079655869
2157,0.05010569095611572,1.0,0.813387393951416,0.8026731610298157,0.5351036730181422
2158,0.06942329555749893,1.0,0.813387393951416,0.8054776191711426,0.5601408660617254
2159,0.07883764058351517,1.0,0.8159229159355164,0.8087594509124756,0.8571776699575027
2160,0.05176577717065811,1.0,0.8204867839813232,0.8127573132514954,0.9553777610859713
2161,0.041208308190107346,1.0,0.8215010166168213,0.8121606111526489,0.5356938583143982
2162,0.06969555467367172,1.0,0.8184583783149719,0.8098931908607483,0.6918445499826043
2163,0.05291787534952164,1.0,0.8159229159355164,0.8102511763572693,0.4362785711536578
2164,0.061723869293928146,1.0,0.8199796676635742,0.8114445805549622,0.5097889285810294
2165,0.049269989132881165,1.0,0.8179513216018677,0.8089981079101562,1.1343777973851532
2166,0.06441585719585419,1.0,0.8159229159355164,0.8084014654159546,0.5002898732817491
2167,0.04974281042814255,1.0,0.8164299726486206,0.8085804581642151,0.5216542292558733
2168,0.04627688229084015,1.0,0.81947261095047,0.8102511763572693,1.500717452750023
2169,0.06512828916311264,1.0,0.8199796676635742,0.8125783205032349,0.5538710097600585
2170,0.06671520322561264,1.0,0.8215010166168213,0.812637984752655,0.7585205387878643
2171,0.04999088868498802,1.0,0.8169370889663696,0.810131847858429,0.3061692053190637
2172,0.06823278218507767,1.0,0.8159229159355164,0.807745099067688,0.5703793529704404
2173,0.07882469147443771,1.0,0.8149086833000183,0.806850016117096,0.5856468036386321
2174,0.05271339789032936,1.0,0.8179513216018677,0.8072080612182617,0.3761516707160726
2175,0.06518559902906418,1.0,0.81947261095047,0.809356153011322,0.505026845067996
2176,0.04493855684995651,1.0,0.8225151896476746,0.8129363059997559,0.4390498723927717
2177,0.04905172064900398,1.0,0.8245435953140259,0.8141893744468689,0.48149372775431054
2178,0.056392524391412735,1.0,0.8260648846626282,0.8135926723480225,0.693544564467039
2179,0.05239726975560188,1.0,0.8235293626785278,0.8149650692939758,0.7499939953270198
2180,0.07749460637569427,1.0,0.8204867839813232,0.8175308704376221,0.7638088789306917
2181,0.03595732897520065,1.0,0.8235293626785278,0.8180679082870483,0.48690143947396813
2182,0.06821952760219574,1.0,0.8199796676635742,0.8175905346870422,0.6494793777916968
2183,0.059436675161123276,1.0,0.8209939002990723,0.8158600926399231,0.8586647692643831
2184,0.06128757447004318,1.0,0.818965494632721,0.8173518776893616,0.8432715558878906
2185,0.05719110369682312,1.0,0.8215010166168213,0.8176501989364624,0.5423199030979172
2186,0.057725802063941956,1.0,0.8225151896476746,0.8181275725364685,0.6682610627339501
2187,0.05630144849419594,1.0,0.8245435953140259,0.8155021071434021,0.5050883537283712
2188,0.05206456780433655,1.0,0.8225151896476746,0.8143683671951294,1.1125184578981147
2189,0.06057176738977432,1.0,0.8184583783149719,0.8050003051757812,1.0394277184111913
2190,0.07573897391557693,1.0,0.81947261095047,0.804821252822876,1.2078793496161038
2191,0.06737004965543747,1.0,0.8149086833000183,0.8045229315757751,0.41816627554643215
2192,0.03963570296764374,1.0,0.8199796676635742,0.804045557975769,0.3974090441044271
2193,0.05723630636930466,1.0,0.8240364789962769,0.8047019243240356,0.389580684889995
2194,0.040098682045936584,1.0,0.8209939002990723,0.8033295273780823,0.5472996845071882
2195,0.0694567933678627,1.0,0.8204867839813232,0.8070887327194214,1.0867116070253657
2196,0.07501713186502457,1.0,0.8230223059654236,0.809356153011322,0.6241923359493631
2197,0.057898905128240585,1.0,0.8220080733299255,0.8099528551101685,0.42551744520557494
2198,0.049374472349882126,1.0,0.8204867839813232,0.809356153011322,0.5163882347744878
2199,0.04918462410569191,1.0,0.8240364789962769,0.8086997866630554,0.6977914479740175
2200,0.06108850985765457,1.0,0.81947261095047,0.806074321269989,0.8823850888132837
2201,0.05251172557473183,1.0,0.8174442052841187,0.8082224130630493,0.5999483613015487
2202,0.042351845651865005,1.0,0.818965494632721,0.8103705048561096,0.4213995204271621
2203,0.04344378411769867,1.0,0.8199796676635742,0.8128766417503357,0.8030640998544608
2204,0.06003790721297264,1.0,0.8215010166168213,0.8118622899055481,0.5414170600614939
2205,0.06412027031183243,1.0,0.818965494632721,0.8132346868515015,1.2973973785312467
2206,0.047012582421302795,1.0,0.8215010166168213,0.806492030620575,0.4526831044374992
2207,0.07342997193336487,1.0,0.8179513216018677,0.8001073598861694,0.8505265697665478
2208,0.05771506205201149,1.0,0.8154157996177673,0.8062533140182495,0.6397390468408302
2209,0.043078720569610596,1.0,0.8174442052841187,0.8102511763572693,0.570368304494613
2210,0.04518299922347069,1.0,0.818965494632721,0.8085207939147949,0.4735328200038309
2211,0.0712214931845665,1.0,0.8230223059654236,0.8094158172607422,0.5104319342444272
2212,0.0390281155705452,1.0,0.818965494632721,0.8122202754020691,0.3461146484718205
2213,0.05255221948027611,1.0,0.8149086833000183,0.8132346868515015,0.38444899168972235
2214,0.05982093885540962,1.0,0.818965494632721,0.8116235733032227,0.6037516372610151
2215,0.05301179736852646,1.0,0.8235293626785278,0.8121606111526489,0.5755705228562881
2216,0.06287156790494919,1.0,0.8265720009803772,0.814666748046875,0.33897431644787157
2217,0.042639534920454025,1.0,0.8260648846626282,0.8143683671951294,0.3393162150576696
2218,0.0602097325026989,1.0,0.8235293626785278,0.8146070837974548,1.0120448409701406
2219,0.03807392716407776,1.0,0.8204867839813232,0.8125783205032349,0.3150613482728601
2220,0.05239821970462799,1.0,0.8164299726486206,0.8079837560653687,0.8794082532363111
2221,0.0562732107937336,1.0,0.8144016265869141,0.8080434203147888,0.604176104295449
2222,0.05532544478774071,1.0,0.8164299726486206,0.8083417415618896,0.5926269344192358
2223,0.037543050944805145,1.0,0.8144016265869141,0.8069096803665161,0.4289061042500704
2224,0.05130668729543686,1.0,0.8149086833000183,0.8054179549217224,0.6323030454607026
2225,0.06481499969959259,1.0,0.813387393951416,0.8039858937263489,0.8083767563730787
2226,0.04710623249411583,1.0,0.8123732209205627,0.8050599694252014,0.6722674776755508
2227,0.054920461028814316,0.998985767364502,0.8118661046028137,0.807685375213623,0.8710265951823409
2228,0.059201981872320175,0.9979715943336487,0.8123732209205627,0.8091174960136414,0.9687753454754755
2229,0.07507326453924179,0.9979715943336487,0.8093305826187134,0.8069693446159363,0.7098854544326056
2230,0.055589351803064346,0.9979715943336487,0.813387393951416,0.806492030620575,0.6333064576952514
2231,0.07157739996910095,0.998985767364502,0.8123732209205627,0.8070887327194214,0.6545841833823958
2232,0.06533828377723694,0.998985767364502,0.8154157996177673,0.8056566715240479,0.5483436778730428
2233,0.07237479090690613,0.998985767364502,0.8169370889663696,0.8107285499572754,0.8345057429641876
2234,0.058310117572546005,0.998985767364502,0.8204867839813232,0.8163971304893494,0.8644295458344244
2235,0.053101927042007446,0.998985767364502,0.8149086833000183,0.8178888559341431,1.0315965944822434
2236,0.0489705353975296,0.998985767364502,0.8184583783149719,0.8182469010353088,0.42955144194850947
2237,0.06234568729996681,0.9979715943336487,0.8270791172981262,0.8185452222824097,0.7015093288813585
2238,0.05800258368253708,0.9979715943336487,0.8199796676635742,0.8137120008468628,0.5788691972140351
2239,0.05651639401912689,0.998985767364502,0.8204867839813232,0.8088191151618958,0.4511762006853639
2240,0.06874176859855652,0.998985767364502,0.8204867839813232,0.8084014654159546,0.4650454826932668
2241,0.05656915158033371,0.998985767364502,0.8184583783149719,0.809356153011322,0.4973635345647019
2242,0.06950892508029938,0.998985767364502,0.8179513216018677,0.811742901802063,0.4476283854947003
2243,0.07687890529632568,0.998985767364502,0.81947261095047,0.8120412826538086,0.6208602323925418
2244,0.05796905234456062,0.998985767364502,0.8240364789962769,0.8124589323997498,0.38979727421377736
2245,0.05844665691256523,0.998985767364502,0.8204867839813232,0.8092368245124817,0.5628475416413505
2246,0.0484706275165081,0.998985767364502,0.8179513216018677,0.8052986264228821,0.618403212155639
2247,0.05895603820681572,0.998985767364502,0.813894510269165,0.8042245507240295,1.0443184413888398
2248,0.047903403639793396,0.998985767364502,0.8169370889663696,0.806074321269989,0.6421404337235814
2249,0.07779549807310104,0.998985767364502,0.81947261095047,0.808103084564209,0.8672167407526489
2250,0.04757377877831459,0.998985767364502,0.8230223059654236,0.8084611296653748,0.7008093892909861
2251,0.08728978782892227,0.998985767364502,0.8220080733299255,0.8113252520561218,0.6885710796364582
2252,0.0546036921441555,0.998985767364502,0.8220080733299255,0.8145473599433899,1.0091687925664834
2253,0.06311739236116409,0.998985767364502,0.8235293626785278,0.8154424428939819,0.5509381000305018
2254,0.06597785651683807,0.998985767364502,0.8199796676635742,0.8144280314445496,0.428964578379363
2255,0.10358874499797821,1.0,0.8179513216018677,0.8106688857078552,1.2162149761473313
2256,0.05595506355166435,1.0,0.8159229159355164,0.8090577721595764,0.47513549414543
2257,0.04842739552259445,1.0,0.8184583783149719,0.8042842745780945,0.4101794660882778
2258,0.05446331575512886,1.0,0.8204867839813232,0.8007040619850159,0.6522766998306063
2259,0.06507691740989685,1.0,0.8159229159355164,0.7981383204460144,0.6884720331714744
2260,0.06690069288015366,1.0,0.8220080733299255,0.8010024428367615,0.541027998954892
2261,0.0687965527176857,1.0,0.81947261095047,0.8005250692367554,0.562427613514572
2262,0.04970472678542137,1.0,0.8159229159355164,0.7969449162483215,0.5489504302766235
2263,0.07333502173423767,1.0,0.8164299726486206,0.7940211296081543,0.5381545509951252
2264,0.0612676739692688,1.0,0.812880277633667,0.7903812527656555,0.5884834101432613
2265,0.045442305505275726,1.0,0.8113589882850647,0.792589008808136,0.5801770176154086
2266,0.04928796365857124,1.0,0.813894510269165,0.7959305047988892,0.7209558866420303
2267,0.047642990946769714,1.0,0.8113589882850647,0.7949161529541016,0.646177593244001
2268,0.05013256520032883,1.0,0.8169370889663696,0.7935437560081482,0.5571656847341129
2269,0.0478532649576664,1.0,0.8149086833000183,0.7937824130058289,0.6169234450948952
2270,0.06772418320178986,1.0,0.8169370889663696,0.7998687028884888,0.7981022423148546
2271,0.0528787299990654,1.0,0.8164299726486206,0.8021361231803894,0.8291331288792028
2272,0.05942019447684288,1.0,0.818965494632721,0.8054776191711426,0.717726569808281
2273,0.06309977173805237,1.0,0.8280932903289795,0.8066113591194153,0.6308328260360632
2274,0.06629899144172668,1.0,0.8250507116317749,0.806074321269989,0.8765624271367883
2275,0.044924914836883545,1.0,0.8265720009803772,0.8061339855194092,0.8271730788232311
2276,0.05165988206863403,1.0,0.8250507116317749,0.8030312061309814,0.8321283866890298
2277,0.059466440230607986,1.0,0.8240364789962769,0.803687572479248,0.41512197363209613
2278,0.05837705731391907,1.0,0.8291074633598328,0.8076257109642029,0.5788625801111308
2279,0.04565095156431198,1.0,0.8296145796775818,0.8116235733032227,0.40540373162206755
2280,0.05385478958487511,1.0,0.8220080733299255,0.8126976490020752,0.7332670591020826
2281,0.039060402661561966,1.0,0.8235293626785278,0.8114445805549622,0.6654763564133919
2282,0.06420888006687164,1.0,0.818965494632721,0.8059549927711487,0.6778246983468728
2283,0.04973125830292702,1.0,0.8098376989364624,0.7963482141494751,0.6959196705611441
2284,0.044396985322237015,1.0,0.8088235259056091,0.7913956642150879,0.5754376108156511
2285,0.07302150130271912,1.0,0.812880277633667,0.7905005812644958,0.6941265912101365
2286,0.06194295361638069,1.0,0.8067951202392578,0.7893072366714478,0.7969528027942288
2287,0.042575445026159286,0.998985767364502,0.8007099032402039,0.7881138324737549,0.5059692550873969
2288,0.04864555969834328,0.998985767364502,0.8073022365570068,0.7962288856506348,0.7679519542516084
2289,0.05280919745564461,0.998985767364502,0.8184583783149719,0.8046422600746155,0.5631989643284511
2290,0.044341035187244415,0.998985767364502,0.8179513216018677,0.8058953285217285,0.5185721577666225
2291,0.05506257340312004,0.998985767364502,0.8209939002990723,0.8062533140182495,0.8558121465114163
2292,0.05270572006702423,0.998985767364502,0.8169370889663696,0.8100721836090088,0.6859454443597953
2293,0.05744907632470131,0.998985767364502,0.8149086833000183,0.8072080612182617,0.608920196777557
2294,0.0658571794629097,0.998985767364502,0.8159229159355164,0.8053582906723022,0.4930201197307206
2295,0.05138754844665527,0.998985767364502,0.8164299726486206,0.8028521537780762,0.574940064657292
2296,0.051033854484558105,1.0,0.818965494632721,0.8033295273780823,0.673659747398774
2297,0.04575943574309349,0.998985767364502,0.8184583783149719,0.8071483969688416,0.4620075902585435
2298,0.043096140027046204,1.0,0.818965494632721,0.8108478784561157,0.5222047636777367
2299,0.042403694242239,1.0,0.8225151896476746,0.8120412826538086,0.3877435562162546
2300,0.05478541553020477,1.0,0.818965494632721,0.811742901802063,0.6301553493346266
2301,0.05636065825819969,1.0,0.8154157996177673,0.809356153011322,0.42499325202534616
2302,0.05456473305821419,1.0,0.812880277633667,0.8067903518676758,0.30259965289837
2303,0.0523039735853672,1.0,0.8149086833000183,0.8024941682815552,0.6580894487612854
2304,0.048503514379262924,1.0,0.813894510269165,0.8010024428367615,0.4660661149683802
2305,0.05062665045261383,1.0,0.8108519315719604,0.8010621070861816,0.4399628735819231
2306,0.0369541235268116,1.0,0.8149086833000183,0.8017184734344482,0.27208206475323327
2307,0.03189177066087723,1.0,0.8149086833000183,0.8031505346298218,0.24272030098150285
2308,0.046376150101423264,1.0,0.8154157996177673,0.8038665652275085,0.6713263366162631
2309,0.056542716920375824,1.0,0.8174442052841187,0.8047615885734558,0.5593189790623083
2310,0.0367809534072876,1.0,0.8204867839813232,0.8054179549217224,0.6135211387658241
2311,0.035866621881723404,1.0,0.8204867839813232,0.8044036030769348,0.5954228276822936
2312,0.03795723617076874,1.0,0.818965494632721,0.8023151755332947,0.41152744842192257
2313,0.053164292126894,1.0,0.818965494632721,0.8034488558769226,0.5461881485676341
2314,0.05294819921255112,1.0,0.813387393951416,0.8020167946815491,1.0680429816944492
2315,0.0564420148730278,1.0,0.8067951202392578,0.7982576489448547,0.624159287744532
2316,0.05087845027446747,1.0,0.8047667145729065,0.7983173131942749,0.5209675213026809
2317,0.0399673692882061,1.0,0.8073022365570068,0.797541618347168,0.8850440614155413
2318,0.061111126095056534,1.0,0.8078092932701111,0.7970045804977417,0.6614364309300059
2319,0.07123054563999176,1.0,0.8067951202392578,0.7964078783988953,0.7148283764051582
2320,0.043409302830696106,1.0,0.8057808876037598,0.7958111763000488,0.5818628450796323
2321,0.0722966343164444,1.0,0.812880277633667,0.7983769774436951,0.6983016950074867
2322,0.058435264974832535,1.0,0.8108519315719604,0.7983173131942749,0.4779091980561068
2323,0.07574663311243057,1.0,0.8154157996177673,0.7996897101402283,0.5955166493668483
2324,0.08979722857475281,1.0,0.8215010166168213,0.8047019243240356,0.9385067212136331
2325,0.08474748581647873,1.0,0.818965494632721,0.8066113591194153,1.0685044269910848
2326,0.050962675362825394,1.0,0.8199796676635742,0.8054179549217224,0.3866202928699081
2327,0.07593866437673569,1.0,0.818965494632721,0.8038069009780884,0.6593517607011419
2328,0.07068940252065659,1.0,0.8159229159355164,0.8033295273780823,0.5650522741792057
2329,0.06939951330423355,1.0,0.8154157996177673,0.8047615885734558,1.030248732347959
2330,0.05622701719403267,1.0,0.8118661046028137,0.8061936497688293,0.4714912269301536
2331,0.05076158791780472,1.0,0.812880277633667,0.8030908703804016,0.5289450839806462
2332,0.06574895977973938,1.0,0.813387393951416,0.8023748397827148,0.3345939259435162
2333,0.06451831758022308,1.0,0.8118661046028137,0.8024941682815552,0.707830395081137
2334,0.05163245275616646,1.0,0.8078092932701111,0.7970045804977417,0.9169004443342703
2335,0.06537861377000809,1.0,0.8108519315719604,0.8015991449356079,0.7701652572141893
2336,0.05372847244143486,1.0,0.813387393951416,0.8052986264228821,0.46648735563189303
2337,0.05789061635732651,1.0,0.8144016265869141,0.8051196336746216,0.46205771648386507
2338,0.08102314919233322,1.0,0.813387393951416,0.8053582906723022,0.7661177030784712
2339,0.04528940096497536,1.0,0.8093305826187134,0.8036279082298279,0.4656130358389159
2340,0.05894169211387634,1.0,0.8088235259056091,0.8020167946815491,0.539096108514642
2341,0.06755787134170532,1.0,0.8083164095878601,0.7989736795425415,0.7215177454527316
2342,0.05253584310412407,1.0,0.8083164095878601,0.798794686794281,0.7545405028556238
2343,0.052247487008571625,1.0,0.8052738308906555,0.795870840549469,0.5522348753508676
2344,0.048876989632844925,1.0,0.8007099032402039,0.794259786605835,1.0606113469551168
2345,0.055216871201992035,1.0,0.8032454252243042,0.7931857109069824,0.7341592354557939
2346,0.05869138613343239,1.0,0.7991886138916016,0.792589008808136,0.7541172369086006
2347,0.06104312092065811,1.0,0.8017241358757019,0.7930663824081421,0.6302459126049819
2348,0.07331761717796326,0.998985767364502,0.8052738308906555,0.7963482141494751,0.9088473364657856
2349,0.06342444568872452,0.998985767364502,0.8083164095878601,0.8010024428367615,0.6135133189706021
2350,0.07252267003059387,1.0,0.8108519315719604,0.8012410998344421,0.719280852759376
2351,0.06709938496351242,1.0,0.8067951202392578,0.8014200925827026,0.5623931015010286
2352,0.04655027389526367,1.0,0.8108519315719604,0.8021361231803894,0.48884664497802904
2353,0.06711148470640182,1.0,0.818965494632721,0.8041648864746094,0.903451225823165
2354,0.07278921455144882,1.0,0.8169370889663696,0.8006443977355957,0.857756586535208
2355,0.08657963573932648,1.0,0.8154157996177673,0.8005847334861755,0.6434203280109821
2356,0.07009445130825043,1.0,0.813894510269165,0.8042842745780945,0.45605060116928375
2357,0.060931749641895294,1.0,0.8164299726486206,0.8084611296653748,0.538051395303574
2358,0.06766629964113235,1.0,0.8204867839813232,0.809773862361908,0.5476601802380411
2359,0.06475517153739929,1.0,0.8220080733299255,0.8073870539665222,0.716658585941557
2360,0.05333494395017624,1.0,0.81947261095047,0.8059549927711487,0.6071862081353746
2361,0.057249344885349274,1.0,0.8215010166168213,0.8051196336746216,0.4570089032679782
2362,0.051210593432188034,1.0,0.818965494632721,0.8069096803665161,0.5921874147926096
2363,0.05402088537812233,1.0,0.8164299726486206,0.807745099067688,0.4787359740049672
2364,0.05328315123915672,1.0,0.8215010166168213,0.8115042448043823,0.9509759225579273
2365,0.05592856928706169,1.0,0.8184583783149719,0.8115639090538025,0.8215754231164539
2366,0.08279072493314743,1.0,0.8169370889663696,0.8098335266113281,0.8312537214221876
2367,0.040848590433597565,1.0,0.8154157996177673,0.8055969476699829,0.5227857558508182
2368,0.05916384980082512,1.0,0.8103448152542114,0.7998090386390686,0.6136427770521805
2369,0.040534816682338715,1.0,0.8108519315719604,0.8009427785873413,0.4321632400364335
2370,0.058068569749593735,1.0,0.8103448152542114,0.7992720007896423,0.8104581747817509
2371,0.0732983723282814,1.0,0.812880277633667,0.7997493743896484,0.500795770761258
2372,0.06373050808906555,1.0,0.813387393951416,0.8017781376838684,0.8146793233531789
2373,0.05840245261788368,1.0,0.8169370889663696,0.8038069009780884,0.5838731459931892
2374,0.06487493962049484,1.0,0.8230223059654236,0.8058953285217285,0.6381727894615994
2375,0.06853887438774109,1.0,0.8225151896476746,0.8066710233688354,0.8886710525906145
2376,0.0653361976146698,1.0,0.8220080733299255,0.8067903518676758,0.6931607543294583
2377,0.059406377375125885,1.0,0.8215010166168213,0.8085207939147949,0.8626172734673034
2378,0.07440973073244095,1.0,0.8270791172981262,0.8052986264228821,0.8207064022669746
2379,0.0642659068107605,1.0,0.8265720009803772,0.8043439388275146,0.7333728108497556
2380,0.056859035044908524,1.0,0.8250507116317749,0.8061339855194092,0.5405663776906615
2381,0.04983598366379738,1.0,0.8260648846626282,0.8092964887619019,0.549099346303681
2382,0.04655969515442848,1.0,0.8215010166168213,0.8094754815101624,0.34261287958276354
2383,0.06343977898359299,1.0,0.8225151896476746,0.8129363059997559,0.5272374758099274
2384,0.06389802694320679,1.0,0.8184583783149719,0.8101915121078491,0.938796205200596
2385,0.05909642577171326,1.0,0.813894510269165,0.803687572479248,0.6557679205578881
2386,0.07765103131532669,1.0,0.8245435953140259,0.8076257109642029,1.535599041685385
2387,0.06988845765590668,1.0,0.8144016265869141,0.8000476956367493,0.868672904171189
2388,0.07230626046657562,1.0,0.8098376989364624,0.7968255877494812,0.6834540611833251
2389,0.07150741666555405,1.0,0.8073022365570068,0.797541618347168,0.732770028486389
2390,0.0484125055372715,1.0,0.8118661046028137,0.7954531908035278,0.7429349460379907
2391,0.04164206236600876,1.0,0.8078092932701111,0.793484091758728,0.5081134759096464
2392,0.06513576954603195,1.0,0.8057808876037598,0.794617772102356,0.5507352688866167
2393,0.057150255888700485,1.0,0.8108519315719604,0.7966465353965759,0.8367019417836195
2394,0.042973507195711136,1.0,0.8073022365570068,0.7959305047988892,0.5126833697454086
2395,0.054902154952287674,1.0,0.8088235259056091,0.7989140152931213,0.5698569662933475
2396,0.06665787845849991,1.0,0.813387393951416,0.8029118776321411,0.7364641710315839
2397,0.07353012263774872,1.0,0.813894510269165,0.8030908703804016,0.5646774775412352
2398,0.04565694183111191,1.0,0.812880277633667,0.8029118776321411,0.4863356387627222
2399,0.063602015376091,1.0,0.8174442052841187,0.8016588091850281,0.8550111390085033
2400,0.04694272577762604,1.0,0.813894510269165,0.7980189323425293,0.8561705871011602
