epoch,loss,train_acc,val_acc,test_acc,gradient_norm
1,2.904252052307129,0.14386583864688873,0.1293027400970459,0.12635622918605804,0.25284333830908823
2,2.8296451568603516,0.14298322796821594,0.1473962962627411,0.14348751306533813,0.22700921865210416
3,2.7505922317504883,0.1456310749053955,0.1544571965932846,0.15148212015628815,0.22337883343945364
4,2.7020320892333984,0.1888790875673294,0.17608119547367096,0.18128016591072083,0.23038431920392832
5,2.6085562705993652,0.20829656720161438,0.2065313309431076,0.20386232435703278,0.2073940734435111
6,2.5287840366363525,0.23477493226528168,0.22285966575145721,0.22717125713825226,0.17787175187935947
7,2.4563214778900146,0.24271844327449799,0.23521624505519867,0.23360846936702728,0.14623528829992893
8,2.4024152755737305,0.2418358325958252,0.2422771453857422,0.23750194907188416,0.12172531439388642
9,2.364572525024414,0.24360105395317078,0.2413945347070694,0.23952655494213104,0.11379190480636951
10,2.338012218475342,0.24271844327449799,0.24271844327449799,0.23983803391456604,0.11296995422417627
11,2.309767007827759,0.2497793436050415,0.24315975606441498,0.2428489774465561,0.11439066858185457
12,2.2889211177825928,0.25507503747940063,0.24669019877910614,0.24866323173046112,0.12305068198083446
13,2.2579715251922607,0.27096205949783325,0.25286850333213806,0.257748007774353,0.11897414772857413
14,2.2278618812561035,0.28773167729377747,0.27007943391799927,0.27529460191726685,0.12001943905676124
15,2.2060511112213135,0.2992056608200073,0.2749338150024414,0.28946685791015625,0.11788234135921077
16,2.1864912509918213,0.3203883469104767,0.29876434803009033,0.3085189163684845,0.1294397382837257
17,2.1591734886169434,0.33980584144592285,0.3172992169857025,0.3265327215194702,0.11534829520897931
18,2.132357358932495,0.35569286346435547,0.3371579945087433,0.3417951464653015,0.11203596440490084
19,2.107018232345581,0.35834068059921265,0.3459841012954712,0.3518662750720978,0.11643504205571127
20,2.0963034629821777,0.3689320385456085,0.3455428183078766,0.3595494031906128,0.11976707751386197
21,2.065237522125244,0.37599295377731323,0.35789939761161804,0.37071070075035095,0.12023501981731649
22,2.0303609371185303,0.3989408612251282,0.37511032819747925,0.38228729367256165,0.14942563207328796
23,2.007829427719116,0.41129744052886963,0.380847305059433,0.3920988440513611,0.1271820539761613
24,1.9854739904403687,0.4148278832435608,0.394527792930603,0.40450605750083923,0.12461090134602427
25,1.9443482160568237,0.4289496839046478,0.40953221917152405,0.41577115654945374,0.12271723516494451
26,1.9077831506729126,0.43689319491386414,0.4157105088233948,0.4251154959201813,0.12365349030099021
27,1.888028860092163,0.45189762115478516,0.41791704297065735,0.4290609061717987,0.17237680084305188
28,1.8676955699920654,0.4589585065841675,0.41791704297065735,0.4303587079048157,0.13657562627978018
29,1.8289083242416382,0.46072375774383545,0.4214474856853485,0.4349789619445801,0.13781901704708238
30,1.7998394966125488,0.46954986453056335,0.433362752199173,0.4404817521572113,0.1236136648989567
31,1.7892272472381592,0.4836716651916504,0.4408649504184723,0.44614025950431824,0.13509129288198563
32,1.7544275522232056,0.48543688654899597,0.44483673572540283,0.4534080922603607,0.14626519619231962
33,1.7233697175979614,0.48808473348617554,0.4492497742176056,0.457872599363327,0.12712618604549517
34,1.689809799194336,0.5092674493789673,0.45145630836486816,0.46244093775749207,0.15776809335606573
35,1.6626596450805664,0.5180935859680176,0.462930291891098,0.4652961492538452,0.1402220424725633
36,1.6601167917251587,0.5198587775230408,0.46910855174064636,0.47111040353775024,0.15929945143861046
37,1.6304447650909424,0.5251544713973999,0.47087380290031433,0.47785910964012146,0.17057491674719222
38,1.5981703996658325,0.529567539691925,0.48014122247695923,0.4787416160106659,0.13812008915361715
39,1.587387204170227,0.5330979824066162,0.48014122247695923,0.48637282848358154,0.1746893452602264
40,1.5612103939056396,0.5189761519432068,0.47793468832969666,0.4875149130821228,0.14347766229771564
41,1.5472731590270996,0.5330979824066162,0.48631951212882996,0.4858017861843109,0.21647835892862657
42,1.5131512880325317,0.5375110507011414,0.4845542907714844,0.48715153336524963,0.1640330723571086
43,1.4853317737579346,0.5419241189956665,0.4920564889907837,0.49161604046821594,0.13453192960234897
44,1.4827176332473755,0.5428066849708557,0.4916151762008667,0.495509535074234,0.14445478470146741
45,1.4971009492874146,0.5507502555847168,0.48808473348617554,0.4931734502315521,0.19163764452614365
46,1.4662445783615112,0.551632821559906,0.4832303524017334,0.4864766597747803,0.1613884743546913
47,1.4679089784622192,0.554280698299408,0.47705209255218506,0.48388102650642395,0.1660681258486433
48,1.448284387588501,0.5445719361305237,0.4819064438343048,0.4858017861843109,0.18984446704191374
49,1.424713373184204,0.5445719361305237,0.47969990968704224,0.48232361674308777,0.21662030495012471
50,1.4096864461898804,0.5436893105506897,0.47793468832969666,0.4807143211364746,0.16203205247698976
51,1.4070026874542236,0.5419241189956665,0.4819064438343048,0.48434823751449585,0.19779211656796133
52,1.4235680103302002,0.5551632642745972,0.48543688654899597,0.48699578642845154,0.23612865016349927
53,1.3961364030838013,0.5692850947380066,0.4841129779815674,0.4887089133262634,0.17386196207631535
54,1.3751047849655151,0.5675198435783386,0.4823477566242218,0.48803403973579407,0.23211592998372485
55,1.3559768199920654,0.5745807886123657,0.4841129779815674,0.48761874437332153,0.2261414655740964
56,1.3510525226593018,0.5684024691581726,0.4841129779815674,0.4864766597747803,0.15540116495352257
57,1.3649157285690308,0.5639894008636475,0.4823477566242218,0.4833099842071533,0.21447630788551128
58,1.3366032838821411,0.5728155374526978,0.48764342069625854,0.48512691259384155,0.20782270584599702
59,1.3373733758926392,0.5798764228820801,0.48764342069625854,0.48372527956962585,0.2510014548439572
60,1.3306689262390137,0.5860547423362732,0.4907325804233551,0.48606136441230774,0.19317019575071592
61,1.323468804359436,0.5913503766059875,0.4911738932132721,0.4903182089328766,0.20951139763169457
62,1.3068954944610596,0.5869373679161072,0.4977934658527374,0.4949384927749634,0.18646224703993614
63,1.306398630142212,0.5851721167564392,0.4924978017807007,0.4933810830116272,0.17274810417782283
64,1.2637887001037598,0.5887025594711304,0.49558693170547485,0.49234282970428467,0.16667966309632418
65,1.274404525756836,0.605472207069397,0.4920564889907837,0.49774178862571716,0.20393650746602743
66,1.2698547840118408,0.603706955909729,0.48808473348617554,0.4987281262874603,0.21339343517180553
67,1.2487878799438477,0.6160635352134705,0.4898499548435211,0.49779370427131653,0.19272750597890104
68,1.2246320247650146,0.6178287863731384,0.48852604627609253,0.49332916736602783,0.15431133787964652
69,1.2480905055999756,0.6248896718025208,0.48808473348617554,0.4981570839881897,0.24639025851993018
70,1.2178130149841309,0.6222418546676636,0.4924978017807007,0.500545084476471,0.19484288352100942
71,1.1979283094406128,0.6372462511062622,0.4907325804233551,0.5009604096412659,0.19537297884544522
72,1.2047899961471558,0.6522506475448608,0.5092674493789673,0.5199605226516724,0.20078286082066613
73,1.2201670408248901,0.6504854559898376,0.5185348391532898,0.5244250893592834,0.2727383601388066
74,1.1954312324523926,0.6540158987045288,0.5189761519432068,0.5267611742019653,0.20215645762097245
75,1.1977355480194092,0.6619594097137451,0.5269196629524231,0.5286300182342529,0.2196596988298003
76,1.180554747581482,0.6646072268486023,0.5238305330276489,0.5298240184783936,0.26260305800225786
77,1.1939642429351807,0.6707855463027954,0.5344219207763672,0.5385453701019287,0.27341105469478466
78,1.1726235151290894,0.6707855463027954,0.5383936762809753,0.537766695022583,0.21232973507457029
79,1.1609225273132324,0.6734333634376526,0.5388349294662476,0.5381301045417786,0.1869776838907945
80,1.163244366645813,0.6734333634376526,0.5406001806259155,0.5399989485740662,0.23544818998790554
81,1.1208909749984741,0.6813768744468689,0.5383936762809753,0.539012610912323,0.18849936599659103
82,1.1323693990707397,0.6849073171615601,0.5419241189956665,0.544826865196228,0.2038648938762753
83,1.1216739416122437,0.6884377598762512,0.5392762422561646,0.5476821064949036,0.25232930814252186
84,1.1073365211486816,0.687555193901062,0.5441306233406067,0.5488241910934448,0.22344733435979716
85,1.1122028827667236,0.6822595000267029,0.5436893105506897,0.5439443588256836,0.21431628285342036
86,1.1024824380874634,0.687555193901062,0.5406001806259155,0.5480973720550537,0.2633313241453861
87,1.0780048370361328,0.6999117732048035,0.5397175550460815,0.5497586131095886,0.2129797561612847
88,1.1184810400009155,0.6954987049102783,0.5428066849708557,0.5506411194801331,0.23685487583438192
89,1.0890923738479614,0.6884377598762512,0.5503089427947998,0.5492913722991943,0.21781710962726183
90,1.0894880294799805,0.7069726586341858,0.5489850044250488,0.5520427823066711,0.27356065058803997
91,1.0743908882141113,0.6990291476249695,0.5432479977607727,0.5478377938270569,0.29228554501820425
92,1.0840173959732056,0.6981465220451355,0.5458958745002747,0.5472148656845093,0.28058332850453377
93,1.0589087009429932,0.6972638964653015,0.5410414934158325,0.5451902747154236,0.27251117723363616
94,1.06749427318573,0.7078552842140198,0.5414828062057495,0.5460208654403687,0.2457443566496484
95,1.0616614818572998,0.6972638964653015,0.5428066849708557,0.5464361906051636,0.26206850504151147
96,1.0509138107299805,0.7113857269287109,0.5361871123313904,0.5459170341491699,0.24797903657633028
97,1.0348334312438965,0.7210944294929504,0.5375110507011414,0.5423869490623474,0.2226362442269824
98,1.0357805490493774,0.7255074977874756,0.5476610660552979,0.5499143600463867,0.26814344580012245
99,1.0187296867370605,0.7210944294929504,0.5622242093086243,0.558376133441925,0.23885161297114677
100,1.0354440212249756,0.7308031916618347,0.5657546520233154,0.5618543028831482,0.29042696656328437
101,1.0010625123977661,0.7290379405021667,0.5622242093086243,0.5572859644889832,0.21564225776139387
102,1.0120595693588257,0.7272727489471436,0.552956759929657,0.5534963607788086,0.24777597572989493
103,0.9932289123535156,0.739629328250885,0.5648720264434814,0.563930869102478,0.2619719284885917
104,0.9927800893783569,0.7413945198059082,0.5776699185371399,0.5758708119392395,0.27971365508706875
105,1.005165934562683,0.7475728392601013,0.5834068655967712,0.5817369818687439,0.3169154518815992
106,0.9666383862495422,0.7449249625205994,0.5763459801673889,0.5779473781585693,0.21472280834372615
107,0.971463143825531,0.7431597709655762,0.5873786211013794,0.581217885017395,0.250190117517408
108,0.9771238565444946,0.7458075881004333,0.5988526344299316,0.5912370681762695,0.2321419317236432
109,0.9489341974258423,0.7661076784133911,0.6001765131950378,0.593521237373352,0.1914248871001599
110,0.9455076456069946,0.791703462600708,0.6023830771446228,0.5978819727897644,0.2373768854594037
111,0.9534833431243896,0.790820837020874,0.6094439625740051,0.5995950698852539,0.223928009958741
112,0.9380344152450562,0.790820837020874,0.6156222224235535,0.6090951561927795,0.2557944584440345
113,0.9197335243225098,0.7872903943061829,0.6226831674575806,0.6078492403030396,0.2161739212145468
114,0.9104389548301697,0.792586088180542,0.6213592290878296,0.6091989874839783,0.25940669318813625
115,0.9003176689147949,0.791703462600708,0.6156222224235535,0.6054093241691589,0.2352613505222514
116,0.931349515914917,0.7987643480300903,0.6222418546676636,0.6125214099884033,0.2783262334787803
117,0.8961159586906433,0.7961165308952332,0.6173874735832214,0.6111197471618652,0.2234061234984582
118,0.8918761014938354,0.7934686541557312,0.6178287863731384,0.6131443381309509,0.2917136846441299
119,0.885225236415863,0.8031774163246155,0.6116504669189453,0.6111716628074646,0.25576076809626114
120,0.8738389015197754,0.8225948810577393,0.6165048480033875,0.6096661686897278,0.2555299236720257
121,0.8688124418258667,0.8252426981925964,0.6129744052886963,0.6098219156265259,0.25822983330310995
122,0.851165235042572,0.8190644383430481,0.6178287863731384,0.6191662549972534,0.3517549917460414
123,0.8663007616996765,0.8243601322174072,0.6147396564483643,0.6196334958076477,0.3136660114440455
124,0.8323642611503601,0.8340688347816467,0.6213592290878296,0.6217619180679321,0.25355832638217685
125,0.8163511157035828,0.8305383920669556,0.6248896718025208,0.6208274960517883,0.26381526305495134
126,0.8180832862854004,0.8296557664871216,0.6319505572319031,0.6254996657371521,0.29751336188321326
127,0.8151609897613525,0.8278905749320984,0.6293027400970459,0.6257592439651489,0.26867014413404094
128,0.7936140894889832,0.8305383920669556,0.6226831674575806,0.624098002910614,0.3089933966039745
129,0.7680708169937134,0.8323036432266235,0.6297440528869629,0.6251881718635559,0.23897328403273996
130,0.7787664532661438,0.8331862688064575,0.6293027400970459,0.6261225938796997,0.24657602432696518
131,0.7783697843551636,0.8375992774963379,0.6438658237457275,0.6288220882415771,0.28981875657636663
132,0.7658352255821228,0.8287732005119324,0.6368049383163452,0.6276280879974365,0.2887506051310937
133,0.7559120655059814,0.8402471542358398,0.6323918700218201,0.6256034970283508,0.2637982280962592
134,0.7682297825813293,0.8455427885055542,0.635039746761322,0.6255515813827515,0.2760741229376855
135,0.7718779444694519,0.842894971370697,0.6412180066108704,0.6314696669578552,0.29307130533547493
136,0.7636378407478333,0.8481906652450562,0.6456310749053955,0.6353111863136292,0.27173260957105794
137,0.7483798861503601,0.8526037335395813,0.655781090259552,0.639308512210846,0.2652989303158094
138,0.7483910322189331,0.8526037335395813,0.6487202048301697,0.6407620906829834,0.2694407174219383
139,0.7207077741622925,0.8534862995147705,0.6478375792503357,0.6344805955886841,0.24007678102468202
140,0.7344542741775513,0.8490732908248901,0.6482788920402527,0.6289778351783752,0.2531818265453927
141,0.7435815334320068,0.8473080396652222,0.6443071365356445,0.6294450759887695,0.2981463907353679
142,0.7318379282951355,0.8464254140853882,0.6465137004852295,0.638062596321106,0.3128255881883377
143,0.6876209378242493,0.8473080396652222,0.6425419449806213,0.6406582593917847,0.2185481396852109
144,0.7017285823822021,0.8508384823799133,0.6500441431999207,0.638062596321106,0.28488526824639077
145,0.715434730052948,0.8455427885055542,0.6531332731246948,0.6360899209976196,0.23184434892863093
146,0.7068396806716919,0.8517211079597473,0.6500441431999207,0.6413331031799316,0.25404099891512694
147,0.7159168720245361,0.8587819933891296,0.655781090259552,0.6455380916595459,0.2795529158424739
148,0.6950462460517883,0.8596646189689636,0.6478375792503357,0.645693838596344,0.2921648203931525
149,0.7053822875022888,0.8587819933891296,0.6522506475448608,0.6424751877784729,0.2859301190400028
150,0.6869726181030273,0.8499558568000793,0.6438658237457275,0.6321964263916016,0.2759921210841148
151,0.7166929244995117,0.8587819933891296,0.6407766938209534,0.632404088973999,0.33030388388693666
152,0.7253963947296143,0.8570168018341064,0.633274495601654,0.6313658356666565,0.3751893931970237
153,0.714775025844574,0.8631950616836548,0.6416593194007874,0.6412811875343323,0.3241092081396358
154,0.688019871711731,0.8578993678092957,0.6456310749053955,0.6421118378639221,0.31362386277550686
155,0.6865639686584473,0.8517211079597473,0.6354809999465942,0.6370243430137634,0.28063227177964817
156,0.6817622780799866,0.8543689250946045,0.6447484493255615,0.6405544281005859,0.3016388624540188
157,0.7051981687545776,0.8640776872634888,0.6513680815696716,0.6441883444786072,0.37882111432618126
158,0.677761971950531,0.8578993678092957,0.6456310749053955,0.6420599222183228,0.3052435142214801
159,0.6946744918823242,0.8614298105239868,0.6496028304100037,0.6442402601242065,0.3319868503364463
160,0.6884739398956299,0.8578993678092957,0.6429832577705383,0.6412292718887329,0.28164160245661535
161,0.6619541645050049,0.8578993678092957,0.6368049383163452,0.6363494992256165,0.2646793876014644
162,0.6682209372520447,0.8614298105239868,0.6407766938209534,0.6424751877784729,0.35145886018603006
163,0.6766265034675598,0.8684907555580139,0.6465137004852295,0.6492239236831665,0.2980133913661284
164,0.6444474458694458,0.8631950616836548,0.6469550132751465,0.6489643454551697,0.32796528982329304
165,0.7010025978088379,0.865842878818512,0.6500441431999207,0.6513004302978516,0.34474428800974866
166,0.617354691028595,0.8702559471130371,0.6518093347549438,0.6549862623214722,0.2309615679317067
167,0.6216729879379272,0.8649603128433228,0.6487202048301697,0.6489124298095703,0.25133314442520976
168,0.6382248401641846,0.8631950616836548,0.6531332731246948,0.6500545144081116,0.26265026913076245
169,0.648624837398529,0.865842878818512,0.6531332731246948,0.6547266840934753,0.3165012260949332
170,0.6418222188949585,0.8684907555580139,0.6531332731246948,0.6518714427947998,0.2529757711837949
171,0.6287989616394043,0.8711385726928711,0.6496028304100037,0.6511965990066528,0.26818613713103645
172,0.6227761507034302,0.8711385726928711,0.6513680815696716,0.6482375264167786,0.2780178493122524
173,0.634618878364563,0.8711385726928711,0.6482788920402527,0.6454861760139465,0.24687551534386834
174,0.6188847422599792,0.8676081299781799,0.6535745859146118,0.6474588513374329,0.2896586252447484
175,0.610834002494812,0.8649603128433228,0.6522506475448608,0.6526501774787903,0.2743518594349975
176,0.6018779873847961,0.8693733811378479,0.6526919603347778,0.6538441777229309,0.29075569699814774
177,0.5973116755485535,0.8684907555580139,0.6526919603347778,0.6512485146522522,0.2762694126369493
178,0.6186643242835999,0.865842878818512,0.655781090259552,0.6516637802124023,0.2714408212011441
179,0.5990353226661682,0.8676081299781799,0.6593115925788879,0.6551938652992249,0.33183467898010194
180,0.5967758297920227,0.8693733811378479,0.657105028629303,0.6537922620773315,0.24571034318703117
181,0.5944530367851257,0.8702559471130371,0.6637246608734131,0.654103696346283,0.305405371753524
182,0.591114342212677,0.8737863898277283,0.6650485396385193,0.6539998650550842,0.2550279287387534
183,0.5840502977371216,0.8737863898277283,0.6646072268486023,0.6503660082817078,0.2649476669749812
184,0.5959305763244629,0.8729038238525391,0.6610767841339111,0.6507293581962585,0.39503043112405584
185,0.5922121405601501,0.8720211982727051,0.658428966999054,0.6514561772346497,0.28330790291494173
186,0.5950783491134644,0.8781994581222534,0.6601941585540771,0.6558168530464172,0.2610285371226842
187,0.5722584128379822,0.8808473348617554,0.6676964163780212,0.6546228528022766,0.2204430128870172
188,0.5774680972099304,0.8826125264167786,0.6712268590927124,0.6602294445037842,0.2929237409628311
189,0.6189777851104736,0.8764342665672302,0.6676964163780212,0.6561802625656128,0.3014722182903421
190,0.564598023891449,0.8826125264167786,0.6743159890174866,0.6601775288581848,0.2711874144469138
191,0.5777854919433594,0.8870255947113037,0.6796116828918457,0.6647458672523499,0.27653920936095977
192,0.5891647934913635,0.8887908458709717,0.6818181872367859,0.6691066026687622,0.2792427924598745
193,0.5521978139877319,0.8923212885856628,0.6791703701019287,0.6711831092834473,0.26128544663410813
194,0.5732675790786743,0.8932039141654968,0.6804942488670349,0.6759071946144104,0.3053729561407271
195,0.5488185882568359,0.895851731300354,0.685348629951477,0.6768416166305542,0.2566037385663512
196,0.5726878643035889,0.897616982460022,0.6844660043716431,0.6760629415512085,0.3382166237505778
197,0.5365986227989197,0.894086480140686,0.6787290573120117,0.6741940379142761,0.2288970282916782
198,0.5559912919998169,0.897616982460022,0.6809355616569519,0.6704043745994568,0.26988557829724286
199,0.5318446159362793,0.89496910572052,0.6813768744468689,0.6741421222686768,0.25229231089197107
200,0.5565628409385681,0.9090909361839294,0.6910856366157532,0.6871203780174255,0.29774433867696987
201,0.5460715889930725,0.9108561277389526,0.687555193901062,0.6880548000335693,0.324349576177209
202,0.528023898601532,0.9099735021591187,0.6884377598762512,0.6840575337409973,0.29343932104503107
203,0.5525979399681091,0.9205648899078369,0.6959400177001953,0.6959456205368042,0.2974578547693755
204,0.5227102041244507,0.9205648899078369,0.71006178855896,0.6966723799705505,0.2618030406911035
205,0.515597403049469,0.9232127070426941,0.7012356519699097,0.6898717880249023,0.2544743234639091
206,0.5433367490768433,0.9152691960334778,0.685348629951477,0.6819291114807129,0.284610599223847
207,0.5125553011894226,0.9108561277389526,0.685348629951477,0.6849400401115417,0.2944200668916736
208,0.49562713503837585,0.9240953326225281,0.6994704604148865,0.6982817053794861,0.2743495996640934
209,0.4971383512020111,0.9205648899078369,0.7030009031295776,0.7003582119941711,0.25849154161515775
210,0.5231570601463318,0.9161518216133118,0.7012356519699097,0.6954783797264099,0.3122093735191852
211,0.4968157708644867,0.925860583782196,0.7038835287094116,0.7020713090896606,0.3120336747802127
212,0.5221050977706909,0.9196822643280029,0.7030009031295776,0.7002543807029724,0.29042791510418925
213,0.4980259835720062,0.917917013168335,0.7043247818946838,0.6980221271514893,0.28985510484298077
214,0.5016878843307495,0.9329214692115784,0.708737850189209,0.6964647173881531,0.2623131531602148
215,0.5226246118545532,0.9293910264968872,0.710503101348877,0.6948553919792175,0.39126361247930713
216,0.5130733251571655,0.9408649802207947,0.7153574824333191,0.709183394908905,0.33703390232635033
217,0.48028624057769775,0.9408649802207947,0.7285966277122498,0.7117271423339844,0.25973029317642593
218,0.4712299704551697,0.9382171034812927,0.7316858172416687,0.7098063826560974,0.2722934284673131
219,0.46126648783683777,0.9311562180519104,0.7281553745269775,0.7072626352310181,0.2467087939163995
220,0.4602797329425812,0.9426301717758179,0.7290379405021667,0.7183719873428345,0.27034034261749507
221,0.4424006938934326,0.9417476058006287,0.7237423062324524,0.7173337340354919,0.25913416798559075
222,0.45868054032325745,0.9417476058006287,0.7250661849975586,0.716087818145752,0.2675215131980188
223,0.46645987033843994,0.9311562180519104,0.7162400484085083,0.7111560702323914,0.2387724695336988
224,0.4395156800746918,0.9223300814628601,0.709620475769043,0.7025385499000549,0.2960560419935455
225,0.4414030611515045,0.9293910264968872,0.7127096056938171,0.7086123824119568,0.2523906848649819
226,0.41733142733573914,0.9249779582023621,0.7166813611984253,0.7062243819236755,0.24308256690035127
227,0.4289999306201935,0.9240953326225281,0.7171226739883423,0.7106369733810425,0.25352669117357474
228,0.4272603690624237,0.9276257753372192,0.7237423062324524,0.7178009748458862,0.2874691505886265
229,0.4142422676086426,0.9346866607666016,0.7250661849975586,0.7155687212944031,0.25167488317851905
230,0.40602293610572815,0.9346866607666016,0.7215357422828674,0.7128173112869263,0.23813007232833766
231,0.4276304841041565,0.9285084009170532,0.7193292379379272,0.7099620699882507,0.2530160949302642
232,0.3944694697856903,0.9267431497573853,0.7157987952232361,0.7077298164367676,0.24936054391803378
233,0.4005400240421295,0.9320388436317444,0.7188879251480103,0.7101178169250488,0.311867293678353
234,0.4208117127418518,0.9249779582023621,0.7175639867782593,0.7067953944206238,0.3408896058891487
235,0.4148084819316864,0.918799638748169,0.7135922312736511,0.7044593095779419,0.31403951471639346
236,0.39125245809555054,0.9311562180519104,0.7171226739883423,0.7144785523414612,0.25811103532404
237,0.38160449266433716,0.9426301717758179,0.7268314361572266,0.7185796499252319,0.2681499101676433
238,0.3754595220088959,0.9311562180519104,0.7259488105773926,0.7133364677429199,0.28829588458190675
239,0.37973853945732117,0.9293910264968872,0.7233009934425354,0.7085604667663574,0.28183534605959576
240,0.3867360055446625,0.9364519119262695,0.7290379405021667,0.7120905518531799,0.29385715653602734
241,0.4069080948829651,0.9443954229354858,0.7369814515113831,0.7221616506576538,0.368573544737945
242,0.3689386546611786,0.949691116809845,0.737864077091217,0.7285988926887512,0.27551677718369616
243,0.3787548840045929,0.947925865650177,0.7334510087966919,0.7234075665473938,0.28624892696293747
244,0.3725622892379761,0.947043240070343,0.7352162599563599,0.7195659875869751,0.2846671088775847
245,0.37016502022743225,0.9435127973556519,0.7347749471664429,0.7210195660591125,0.2666375765016255
246,0.35211536288261414,0.9382171034812927,0.7294792532920837,0.7186834812164307,0.25061778252279154
247,0.3761669993400574,0.9435127973556519,0.7343336343765259,0.7261589765548706,0.29614513619986255
248,0.36545512080192566,0.9576346278190613,0.740070641040802,0.7342054843902588,0.29815744455580556
249,0.3521898090839386,0.9602824449539185,0.7444836497306824,0.7373202443122864,0.3294166757066512
250,0.3442875146865845,0.9505736827850342,0.7281553745269775,0.7203447222709656,0.30158426813543254
251,0.3646204173564911,0.949691116809845,0.7299205660820007,0.7225769758224487,0.29734600675453
252,0.3529081642627716,0.9611650705337524,0.7413945198059082,0.7345169186592102,0.31029887883093726
253,0.3398694694042206,0.948808491230011,0.7338923215866089,0.7289103269577026,0.2646609554990147
254,0.3513184189796448,0.9567520022392273,0.7436010837554932,0.7341016530990601,0.3826501748710886
255,0.35198187828063965,0.949691116809845,0.7338923215866089,0.7264184951782227,0.29524895815653723
256,0.38732337951660156,0.9558693766593933,0.7444836497306824,0.7341535687446594,0.37789274475321677
257,0.34694600105285645,0.9673433303833008,0.7563989758491516,0.7402793169021606,0.29835672177640915
258,0.32767701148986816,0.9655781388282776,0.7515445947647095,0.7432383298873901,0.3038537869239129
259,0.3545779585838318,0.9646955132484436,0.7546337246894836,0.7483777403831482,0.3443450898152658
260,0.34585314989089966,0.9638128876686096,0.7524272203445435,0.7477547526359558,0.2845729852219078
261,0.3423198461532593,0.9602824449539185,0.7550750374794006,0.7487930059432983,0.2663193928446274
262,0.33264121413230896,0.9629302620887756,0.7599294185638428,0.7491044998168945,0.2804143484490633
263,0.3204992413520813,0.9638128876686096,0.7466902136802673,0.7430306673049927,0.2528422397333303
264,0.31143832206726074,0.9699912071228027,0.7524272203445435,0.7478585839271545,0.2759107541272838
265,0.3323351740837097,0.9664607048034668,0.7436010837554932,0.7402793169021606,0.3050163185734199
266,0.32353368401527405,0.9708737730979919,0.7418358325958252,0.7416290044784546,0.24928867076761974
267,0.31618064641952515,0.9770520925521851,0.7528684735298157,0.7451071739196777,0.3088874648002626
268,0.2955019176006317,0.9682259559631348,0.7493380308151245,0.7407984137535095,0.2605455012846962
269,0.3197275400161743,0.9620476961135864,0.7511032819747925,0.7405388355255127,0.24975791121131966
270,0.34020841121673584,0.977934718132019,0.7586054801940918,0.7517520785331726,0.29681149717914274
271,0.3247976005077362,0.977934718132019,0.7555163502693176,0.7478066682815552,0.2731825317023921
272,0.33077824115753174,0.9805825352668762,0.7555163502693176,0.7503504157066345,0.365870851377724
273,0.32602933049201965,0.9920564889907837,0.7700794339179993,0.758864164352417,0.3149481620174944
274,0.28758904337882996,0.9938217401504517,0.7744925022125244,0.7635882496833801,0.22724310170137177
275,0.31132563948631287,0.9920564889907837,0.7669903039932251,0.7626018524169922,0.27712938775215684
276,0.30826064944267273,0.9911738634109497,0.760811984539032,0.759123682975769,0.26078912151509454
277,0.27703118324279785,0.9841129779815674,0.7643424868583679,0.7543995976448059,0.2491157025391696
278,0.30137965083122253,0.9885260462760925,0.7683142423629761,0.758967936038971,0.30325704620387
279,0.25850000977516174,0.9920564889907837,0.7740511894226074,0.7568914294242859,0.23579681974130928
280,0.2811042070388794,0.9938217401504517,0.7780229449272156,0.758967936038971,0.24699518405896626
281,0.30838602781295776,0.9796999096870422,0.762135922908783,0.7520115971565247,0.28647683553024833
282,0.3224610388278961,0.9902912974357605,0.7736098766326904,0.760784924030304,0.3849532319303697
283,0.27984774112701416,0.9876434206962585,0.7775816321372986,0.7612002491950989,0.2937348187762987
284,0.29418131709098816,0.9814651608467102,0.7665489912033081,0.7515444159507751,0.3430389274625671
285,0.3063414692878723,0.9876434206962585,0.7696381211280823,0.758293092250824,0.3247370684953358
286,0.2858048677444458,0.9867607951164246,0.7656663656234741,0.7537247538566589,0.280817894343251
287,0.290446937084198,0.9947043061256409,0.7784642577171326,0.7657166719436646,0.3251690465988445
288,0.28009459376335144,0.9867607951164246,0.7683142423629761,0.7559570074081421,0.30589770810352884
289,0.3101045787334442,0.9858782291412354,0.7639011740684509,0.753049910068512,0.3738251751143271
290,0.2835523188114166,0.9841129779815674,0.7652250528335571,0.754555344581604,0.3315904330782594
291,0.2953127324581146,0.9796999096870422,0.7656663656234741,0.7522711753845215,0.2965216513628083
292,0.28261539340019226,0.9841129779815674,0.7700794339179993,0.760940670967102,0.28622768965317363
293,0.25914478302001953,0.9947043061256409,0.7753751277923584,0.7640035152435303,0.28129500483921616
294,0.27269893884658813,0.9929391145706177,0.7661076784133911,0.759539008140564,0.3121130506658843
295,0.2574860751628876,0.9938217401504517,0.7718446850776672,0.7610445022583008,0.30169561713102633
296,0.2630818784236908,0.9929391145706177,0.7674316167831421,0.7605772614479065,0.2946712704347036
297,0.25941434502601624,0.9894086718559265,0.7793468832969666,0.7616674304008484,0.3404838646925482
298,0.28723257780075073,0.9938217401504517,0.7775816321372986,0.7661319375038147,0.328857691843669
299,0.2751033306121826,0.9982348084449768,0.7828773260116577,0.7677412629127502,0.29638796003622825
300,0.2595473527908325,0.9973521828651428,0.7811120748519897,0.7641592621803284,0.28838102484521916
301,0.25622811913490295,0.9964695572853088,0.7806708216667175,0.7611483335494995,0.286251337369023
302,0.2486833781003952,0.9929391145706177,0.7749338150024414,0.7597466707229614,0.2675261569939858
303,0.26130110025405884,0.9885260462760925,0.7727272510528564,0.7614597678184509,0.273882099701285
304,0.2605954110622406,0.9902912974357605,0.7749338150024414,0.7676893472671509,0.2876358631482396
305,0.24246659874916077,0.9885260462760925,0.7771403193473816,0.7663396000862122,0.24623594490823675
306,0.2732076644897461,0.9911738634109497,0.7842012643814087,0.7709598541259766,0.2756221151331555
307,0.24915441870689392,0.9955869317054749,0.7855251431465149,0.7742822766304016,0.2981421437054326
308,0.2601993978023529,0.9982348084449768,0.7842012643814087,0.774905264377594,0.31866537513035115
309,0.23653148114681244,0.9982348084449768,0.7797881960868835,0.7709598541259766,0.23975337954840842
310,0.24676613509655,0.9982348084449768,0.7824360132217407,0.771167516708374,0.2665266677501799
311,0.26402461528778076,0.9982348084449768,0.7771403193473816,0.7697139382362366,0.28201430540948813
312,0.26409032940864563,0.9982348084449768,0.7872903943061829,0.7748533487319946,0.3038456127480232
313,0.21210838854312897,0.9973521828651428,0.7842012643814087,0.7757358551025391,0.2084074727510147
314,0.22941316664218903,0.9885260462760925,0.7789055705070496,0.770492672920227,0.22682966492631365
315,0.229021355509758,0.9894086718559265,0.7828773260116577,0.7722057700157166,0.2574648249875533
316,0.2404603660106659,0.9973521828651428,0.791703462600708,0.7810829281806946,0.37777496930188126
317,0.22567009925842285,0.9973521828651428,0.789496898651123,0.7760473489761353,0.2758877087925257
318,0.24585340917110443,0.9982348084449768,0.7833186388015747,0.7737112641334534,0.2687866198582968
319,0.24301351606845856,0.9849956035614014,0.7775816321372986,0.770492672920227,0.30407785416908073
320,0.21762168407440186,0.9929391145706177,0.7824360132217407,0.7738150954246521,0.27601932023797826
321,0.2409040331840515,0.9982348084449768,0.7886143326759338,0.7795255184173584,0.28208938454600613
322,0.25013795495033264,0.9955869317054749,0.7846425771713257,0.7792140245437622,0.33147326827554763
323,0.21296939253807068,0.9938217401504517,0.7806708216667175,0.7732440233230591,0.2748410496847171
324,0.2329484522342682,0.9964695572853088,0.7872903943061829,0.7737631797790527,0.34223972741739744
325,0.22366583347320557,0.9973521828651428,0.789055585861206,0.7698696851730347,0.29489779050822484
326,0.2421444058418274,0.9982348084449768,0.7842012643814087,0.7712713479995728,0.31769692931021165
327,0.24667978286743164,0.9982348084449768,0.7850838303565979,0.7780200242996216,0.36898289897674513
328,0.22283311188220978,0.9973521828651428,0.7740511894226074,0.766599178314209,0.22549442803525985
329,0.26064881682395935,0.9955869317054749,0.7828773260116577,0.7739189267158508,0.38780194537129076
330,0.23686009645462036,0.9964695572853088,0.7868490815162659,0.7750610113143921,0.32100600770076104
331,0.2406916320323944,0.9973521828651428,0.7939099669456482,0.7790063619613647,0.3623787977337697
332,0.23200173676013947,0.9982348084449768,0.7939099669456482,0.7814981937408447,0.3031987857378004
333,0.22242432832717896,0.9982348084449768,0.790820837020874,0.7793697714805603,0.262621405278533
334,0.22713299095630646,0.9973521828651428,0.7868490815162659,0.7783315181732178,0.3531448795271164
335,0.21649156510829926,0.9982348084449768,0.7828773260116577,0.7703888416290283,0.26178348067373636
336,0.2305906116962433,0.9929391145706177,0.7797881960868835,0.7702330946922302,0.3177302124516688
337,0.22080151736736298,1.0,0.78993821144104,0.7738670110702515,0.2738153428703537
338,0.2415957897901535,0.9973521828651428,0.789496898651123,0.7731401920318604,0.343062112736677
339,0.21562103927135468,0.9973521828651428,0.7886143326759338,0.7700254321098328,0.2998297262297925
340,0.24692001938819885,0.999117374420166,0.7793468832969666,0.7696101069450378,0.35654118208854757
341,0.23469878733158112,0.9973521828651428,0.7744925022125244,0.7664953470230103,0.2748560202888676
342,0.2706121802330017,0.9982348084449768,0.7846425771713257,0.7745418548583984,0.3589567967118952
343,0.248784601688385,0.9964695572853088,0.7749338150024414,0.773659348487854,0.30498464869413716
344,0.24867847561836243,0.9876434206962585,0.7696381211280823,0.7645745873451233,0.33417901615804113
345,0.2616014778614044,0.9902912974357605,0.7683142423629761,0.7640554308891296,0.3511335264551747
346,0.25228971242904663,0.999117374420166,0.789055585861206,0.7737112641334534,0.3274601346866005
347,0.24100878834724426,0.9955869317054749,0.7868490815162659,0.7754762768745422,0.30447908605701185
348,0.2315448671579361,0.999117374420166,0.7864077687263489,0.7767741084098816,0.3238109900725946
349,0.23369497060775757,0.9938217401504517,0.7828773260116577,0.7712713479995728,0.32101707453306394
350,0.225922629237175,0.9973521828651428,0.792144775390625,0.7787986993789673,0.32434837487209844
351,0.21515746414661407,0.9982348084449768,0.7974404096603394,0.7840938568115234,0.2762325020755151
352,0.21159972250461578,0.9964695572853088,0.7947925925254822,0.7827960252761841,0.22365270852058225
353,0.21211311221122742,0.999117374420166,0.792144775390625,0.7825883626937866,0.2994105871907828
354,0.2150319665670395,0.9982348084449768,0.792144775390625,0.7770336866378784,0.24566986413399683
355,0.21658606827259064,0.999117374420166,0.78993821144104,0.7748014330863953,0.29195028008507967
356,0.22682014107704163,0.9973521828651428,0.7859664559364319,0.7741265296936035,0.30904877618975596
357,0.21560674905776978,0.9973521828651428,0.7815533876419067,0.7728287577629089,0.2645558730592511
358,0.2425198256969452,0.9973521828651428,0.7859664559364319,0.7765664458274841,0.3121083025024718
359,0.2273251712322235,0.999117374420166,0.792144775390625,0.7784353494644165,0.3060369977756343
360,0.2421804666519165,0.999117374420166,0.790820837020874,0.7775528430938721,0.31836824769509514
361,0.21027794480323792,0.9964695572853088,0.7886143326759338,0.7739189267158508,0.2745607208668753
362,0.21265800297260284,0.9964695572853088,0.7859664559364319,0.7739189267158508,0.2980925622219322
363,0.22455935180187225,0.9982348084449768,0.7877317070960999,0.7795774340629578,0.30905638013180364
364,0.21955841779708862,0.9973521828651428,0.790379524230957,0.7788506150245667,0.2506056856337994
365,0.21105700731277466,1.0,0.789055585861206,0.7785910964012146,0.26922022236004195
366,0.2009085714817047,0.9964695572853088,0.7842012643814087,0.7724653482437134,0.23112744956835227
367,0.213880255818367,0.9973521828651428,0.7846425771713257,0.7755281925201416,0.3063738325615786
368,0.1928483098745346,0.9973521828651428,0.7842012643814087,0.7768779397010803,0.22208663065878922
369,0.2096492499113083,0.9982348084449768,0.7842012643814087,0.7779681086540222,0.28672032318070784
370,0.20623639225959778,0.9964695572853088,0.7864077687263489,0.7777085304260254,0.26304308556732403
371,0.20837795734405518,0.9973521828651428,0.7886143326759338,0.7783834338188171,0.27712467131208923
372,0.23375210165977478,0.9947043061256409,0.7868490815162659,0.7752686738967896,0.3157298956968309
373,0.20903854072093964,0.9955869317054749,0.7864077687263489,0.7720500230789185,0.2812117691969364
374,0.23474928736686707,0.9964695572853088,0.7881730198860168,0.7726730108261108,0.2975271826440071
375,0.24888786673545837,0.9982348084449768,0.7872903943061829,0.7709598541259766,0.3188206586071151
376,0.20432376861572266,1.0,0.7802295088768005,0.7687276005744934,0.2851866755783954
377,0.21206916868686676,0.9964695572853088,0.7709620594978333,0.766599178314209,0.29131463367701244
378,0.2301608771085739,0.999117374420166,0.7780229449272156,0.775580108165741,0.30876331310017113
379,0.20234684646129608,0.9982348084449768,0.7824360132217407,0.7764107584953308,0.26018187729301046
380,0.2180134356021881,0.999117374420166,0.7811120748519897,0.7774490118026733,0.32055992201867917
381,0.20124846696853638,0.9973521828651428,0.7815533876419067,0.7729844450950623,0.34663245878836574
382,0.23904868960380554,0.999117374420166,0.789055585861206,0.7797850966453552,0.36302844579463567
383,0.20908299088478088,0.999117374420166,0.7886143326759338,0.7808752655982971,0.26627201674396017
384,0.1868533194065094,1.0,0.792144775390625,0.779888927936554,0.2800396107310028
385,0.21169844269752502,1.0,0.7952339053153992,0.7828479409217834,0.3114615209459819
386,0.20202049612998962,1.0,0.7886143326759338,0.7785910964012146,0.2769106869468179
387,0.1851683259010315,0.9973521828651428,0.7762577533721924,0.7718942761421204,0.2976116015419139
388,0.21747909486293793,1.0,0.789496898651123,0.7792140245437622,0.37502090636727387
389,0.17858244478702545,0.9982348084449768,0.7846425771713257,0.7753205299377441,0.23530792885998708
390,0.22946307063102722,0.9973521828651428,0.7855251431465149,0.7777085304260254,0.36281845413512614
391,0.2022983282804489,1.0,0.789055585861206,0.7837304472923279,0.28136002218452033
392,0.1969563066959381,0.999117374420166,0.7930273413658142,0.7781757712364197,0.35200347875359617
393,0.21797317266464233,0.999117374420166,0.7939099669456482,0.7823807001113892,0.35692667240948744
394,0.2046998143196106,0.9973521828651428,0.78993821144104,0.7805637717247009,0.33334832547914345
395,0.23052018880844116,0.9982348084449768,0.7872903943061829,0.776826024055481,0.3447055806465971
396,0.22500355541706085,0.9982348084449768,0.7864077687263489,0.7811866998672485,0.40669740352186456
397,0.2409537136554718,0.9867607951164246,0.7678729295730591,0.7671701908111572,0.40084521693895
398,0.2256457507610321,0.9867607951164246,0.7586054801940918,0.762186586856842,0.30044457102217925
399,0.22470656037330627,0.9973521828651428,0.7837599515914917,0.7737631797790527,0.3597503572116204
400,0.22280246019363403,0.9911738634109497,0.7824360132217407,0.7662357687950134,0.300813594037409
401,0.22989532351493835,1.0,0.7934686541557312,0.7771894335746765,0.3780917615175466
402,0.21366971731185913,0.9920564889907837,0.7793468832969666,0.766599178314209,0.2794988166980892
403,0.22738000750541687,0.999117374420166,0.7952339053153992,0.7779161930084229,0.377615848050055
404,0.20803579688072205,0.999117374420166,0.7956752181053162,0.7800965309143066,0.27453793260715176
405,0.2164069563150406,0.9885260462760925,0.7824360132217407,0.7723096013069153,0.30366083619067247
406,0.24540194869041443,0.9982348084449768,0.7978817224502563,0.7821211814880371,0.3937602024208931
407,0.22263097763061523,0.9982348084449768,0.7877317070960999,0.7764626145362854,0.2927544943839434
408,0.25977498292922974,0.9982348084449768,0.7855251431465149,0.7785910964012146,0.339345866991993
409,0.21967938542366028,0.9982348084449768,0.78993821144104,0.7774490118026733,0.2795318163686647
410,0.1990278661251068,0.9982348084449768,0.7983230352401733,0.7781238555908203,0.28475502241283324
411,0.21954753994941711,0.999117374420166,0.7943512797355652,0.7805118560791016,0.3120080416161305
412,0.2128586620092392,1.0,0.790379524230957,0.7821730971336365,0.2650623791408375
413,0.2023196667432785,0.999117374420166,0.7877317070960999,0.7800965309143066,0.2644185054865468
414,0.19082921743392944,0.9982348084449768,0.790379524230957,0.7753205299377441,0.22859756683837223
415,0.222453773021698,0.999117374420166,0.792586088180542,0.7767741084098816,0.31613750191703244
416,0.1991916447877884,0.999117374420166,0.792586088180542,0.7820692658424377,0.26417762749032037
417,0.19384275376796722,0.999117374420166,0.7978817224502563,0.7830036878585815,0.26175924202420275
418,0.19209179282188416,0.999117374420166,0.7992056608200073,0.7815501093864441,0.217911259506923
419,0.21815888583660126,1.0,0.8014121651649475,0.7820173501968384,0.293701894115937
420,0.18664690852165222,1.0,0.7952339053153992,0.781965434551239,0.2576032615608723
421,0.19997577369213104,1.0,0.7992056608200073,0.7810310125350952,0.2934148157032583
422,0.18145911395549774,1.0,0.8018534779548645,0.7790063619613647,0.2708485757192125
423,0.193219855427742,0.999117374420166,0.7943512797355652,0.7746976017951965,0.27520868513072955
424,0.21276482939720154,0.9982348084449768,0.7961165308952332,0.7760473489761353,0.32390935743504945
425,0.19028915464878082,0.999117374420166,0.791262149810791,0.7728287577629089,0.24495375075945838
426,0.19918584823608398,1.0,0.7833186388015747,0.7713751792907715,0.2734452704194133
427,0.2040015459060669,1.0,0.7811120748519897,0.7753724455833435,0.31130370113366057
428,0.19484038650989532,1.0,0.7855251431465149,0.7766183614730835,0.2740304133436258
429,0.18698370456695557,1.0,0.789055585861206,0.769921600818634,0.26267394897487556
430,0.21859696507453918,0.999117374420166,0.7833186388015747,0.7721019387245178,0.34442677489213486
431,0.1988947093486786,1.0,0.7802295088768005,0.7736074328422546,0.3215562983486526
432,0.1826874017715454,1.0,0.7797881960868835,0.7795774340629578,0.2902534311084704
433,0.19342041015625,0.999117374420166,0.789055585861206,0.780148446559906,0.3223606204640286
434,0.20442453026771545,1.0,0.790379524230957,0.7759435176849365,0.25900793469152233
435,0.2229791283607483,0.9973521828651428,0.792586088180542,0.778902530670166,0.35136558579878385
436,0.23178841173648834,0.9973521828651428,0.792144775390625,0.778643012046814,0.29429285788966963
437,0.19729681313037872,0.999117374420166,0.7939099669456482,0.7770336866378784,0.2998572128896836
438,0.18292999267578125,0.9982348084449768,0.7943512797355652,0.7764626145362854,0.2378299419291071
439,0.18662862479686737,0.9982348084449768,0.7930273413658142,0.7790063619613647,0.327901840071282
440,0.19532410800457,0.9982348084449768,0.7828773260116577,0.7767741084098816,0.23538260662001162
441,0.22126884758472443,0.9964695572853088,0.7828773260116577,0.7741265296936035,0.32008571749545556
442,0.21982420980930328,0.9982348084449768,0.7771403193473816,0.7693505883216858,0.35311801088734
443,0.223276749253273,0.9947043061256409,0.7762577533721924,0.7742303609848022,0.35321011023327
444,0.20897363126277924,0.999117374420166,0.791262149810791,0.7787468433380127,0.32291017204341627
445,0.19902539253234863,1.0,0.7934686541557312,0.780148446559906,0.3044863292361241
446,0.2080538123846054,0.999117374420166,0.792144775390625,0.7816020250320435,0.32625017229752906
447,0.20719824731349945,0.9982348084449768,0.791703462600708,0.7808752655982971,0.2721402849774609
448,0.21033576130867004,1.0,0.7956752181053162,0.7804599404335022,0.3012168864025678
449,0.1947333961725235,1.0,0.792586088180542,0.7823807001113892,0.28679136311755754
450,0.2106352597475052,1.0,0.7850838303565979,0.7781238555908203,0.28293030858791207
451,0.19962811470031738,0.999117374420166,0.7828773260116577,0.7790582776069641,0.31903235490462667
452,0.1988728940486908,0.999117374420166,0.7855251431465149,0.7785391807556152,0.29811532178027533
453,0.1865689605474472,0.999117374420166,0.7775816321372986,0.7729844450950623,0.25594708864624965
454,0.19110089540481567,0.9982348084449768,0.7850838303565979,0.7714270949363708,0.28150465222221716
455,0.18536974489688873,0.9982348084449768,0.7859664559364319,0.7757877707481384,0.2883078048485754
456,0.20713576674461365,0.9982348084449768,0.7881730198860168,0.776981770992279,0.29420509739490197
457,0.203289195895195,0.999117374420166,0.7850838303565979,0.7809790968894958,0.2714728859214177
458,0.21213677525520325,0.999117374420166,0.7881730198860168,0.7823807001113892,0.3448102924039635
459,0.20179003477096558,0.999117374420166,0.7850838303565979,0.7802522778511047,0.2990985560539367
460,0.17117713391780853,0.9973521828651428,0.7793468832969666,0.7765664458274841,0.2126165187144707
461,0.1766439527273178,0.9973521828651428,0.7833186388015747,0.7756320238113403,0.2377117564045636
462,0.21397000551223755,0.9982348084449768,0.7837599515914917,0.779888927936554,0.39230182763095106
463,0.1676759123802185,0.999117374420166,0.7872903943061829,0.7774490118026733,0.2025922953323559
464,0.18421293795108795,0.9982348084449768,0.7828773260116577,0.7739189267158508,0.32493783704372753
465,0.24420925974845886,1.0,0.790379524230957,0.7788506150245667,0.3715197582891764
466,0.21311168372631073,0.9982348084449768,0.7864077687263489,0.7798370122909546,0.2761747416871685
467,0.18045341968536377,0.999117374420166,0.7872903943061829,0.7785910964012146,0.24868912824601275
468,0.1827092468738556,0.999117374420166,0.7819947004318237,0.7737631797790527,0.2201586783236519
469,0.19461454451084137,0.999117374420166,0.7824360132217407,0.773659348487854,0.29876210449159085
470,0.19192497432231903,1.0,0.78993821144104,0.7760473489761353,0.27955793874543716
471,0.18816806375980377,1.0,0.7872903943061829,0.7793697714805603,0.3101804990413389
472,0.20495788753032684,1.0,0.7872903943061829,0.7793697714805603,0.2522947881550017
473,0.19295647740364075,1.0,0.7930273413658142,0.7819135189056396,0.29436236408270205
474,0.18450576066970825,1.0,0.7969990968704224,0.7829517722129822,0.26100847698764407
475,0.19566155970096588,1.0,0.7864077687263489,0.7785391807556152,0.24176126208188384
476,0.19953182339668274,1.0,0.78993821144104,0.7813424468040466,0.3471978842143439
477,0.1711159646511078,1.0,0.7850838303565979,0.7802003622055054,0.1969949641549829
478,0.20197826623916626,0.999117374420166,0.7868490815162659,0.7795255184173584,0.24815407513530713
479,0.17935220897197723,0.999117374420166,0.7864077687263489,0.7797331809997559,0.2562154474667513
480,0.19838868081569672,0.9982348084449768,0.791262149810791,0.7827441096305847,0.32079538462547874
481,0.20086869597434998,0.999117374420166,0.7886143326759338,0.7870009541511536,0.29424106273320716
482,0.17570975422859192,0.999117374420166,0.7872903943061829,0.7839381098747253,0.2851001129483069
483,0.1850486695766449,0.999117374420166,0.791262149810791,0.7823287844657898,0.22365892298324913
484,0.1949918568134308,0.999117374420166,0.791262149810791,0.7843015193939209,0.30630677133243706
485,0.18635639548301697,1.0,0.7872903943061829,0.7814981937408447,0.2406113160765797
486,0.1790408194065094,1.0,0.7833186388015747,0.7772932648658752,0.2724360226474627
487,0.1921829730272293,1.0,0.7833186388015747,0.7738150954246521,0.30741380695578124
488,0.20746150612831116,0.999117374420166,0.7819947004318237,0.7772932648658752,0.31057843984233324
489,0.1998247653245926,1.0,0.7811120748519897,0.7776047587394714,0.3024094336004711
490,0.19281405210494995,1.0,0.790379524230957,0.7805118560791016,0.32943862956274905
491,0.18670915067195892,0.999117374420166,0.7939099669456482,0.7797331809997559,0.3102354119848856
492,0.17949464917182922,0.9982348084449768,0.7872903943061829,0.7770336866378784,0.33958260180714556
493,0.19620290398597717,0.999117374420166,0.7868490815162659,0.7792140245437622,0.3072487597921743
494,0.19695256650447845,0.999117374420166,0.7886143326759338,0.7767221927642822,0.29643433890062265
495,0.17763926088809967,1.0,0.7872903943061829,0.7770336866378784,0.2539700560194055
496,0.17352424561977386,1.0,0.7828773260116577,0.7729844450950623,0.268123323837477
497,0.191215381026268,0.999117374420166,0.7833186388015747,0.7751648426055908,0.41144949032260814
498,0.19663552939891815,0.999117374420166,0.7850838303565979,0.7739708423614502,0.29975903434101053
499,0.17786802351474762,1.0,0.7815533876419067,0.7758396863937378,0.24996803081789262
500,0.2077665776014328,1.0,0.7850838303565979,0.7795774340629578,0.3293057863385811
501,0.18692328035831451,1.0,0.792586088180542,0.7860665321350098,0.28704065553240166
502,0.19827452301979065,1.0,0.7934686541557312,0.7856512665748596,0.24962258541130516
503,0.2070031464099884,0.999117374420166,0.7934686541557312,0.7805118560791016,0.3075297486829926
504,0.1896984726190567,0.999117374420166,0.7846425771713257,0.7759435176849365,0.2685863567774546
505,0.19181683659553528,0.999117374420166,0.7833186388015747,0.7744899392127991,0.31141983744390106
506,0.22109419107437134,1.0,0.789496898651123,0.778902530670166,0.37385521423145834
507,0.1993342787027359,1.0,0.8000882863998413,0.7819135189056396,0.3205083369087603
508,0.21211133897304535,1.0,0.7939099669456482,0.7824845314025879,0.31530801342084336
509,0.19881050288677216,0.999117374420166,0.7983230352401733,0.7836785316467285,0.3309091002858337
510,0.1832951456308365,0.999117374420166,0.789055585861206,0.7822250127792358,0.2976634196689667
511,0.19305232167243958,0.9982348084449768,0.791262149810791,0.7799926996231079,0.2766031901300103
512,0.21917560696601868,0.9982348084449768,0.7837599515914917,0.7829517722129822,0.33644545505203
513,0.20619474351406097,0.9982348084449768,0.7864077687263489,0.7812386155128479,0.33413916626822066
514,0.21326860785484314,1.0,0.791703462600708,0.7822250127792358,0.3641537429647255
515,0.19089609384536743,0.999117374420166,0.78993821144104,0.7763069272041321,0.24048863316446822
516,0.2177538275718689,1.0,0.7934686541557312,0.7781238555908203,0.3554197302532686
517,0.20226679742336273,0.999117374420166,0.7939099669456482,0.7777085304260254,0.29458165860564933
518,0.2094627469778061,0.999117374420166,0.7877317070960999,0.7778642773628235,0.29906730837509404
519,0.22074490785598755,0.999117374420166,0.791703462600708,0.7784872651100159,0.3458331962125207
520,0.20265886187553406,0.9982348084449768,0.7824360132217407,0.7766183614730835,0.26408776483547475
521,0.20273740589618683,0.9982348084449768,0.7859664559364319,0.7766702771186829,0.3269022652583994
522,0.18642741441726685,0.999117374420166,0.7855251431465149,0.778071939945221,0.2914187188401654
523,0.20108996331691742,0.9982348084449768,0.7872903943061829,0.7805637717247009,0.28349411457220347
524,0.19657565653324127,1.0,0.7939099669456482,0.7831075191497803,0.31325044142500286
525,0.17755019664764404,1.0,0.791703462600708,0.7817577719688416,0.25246688802477396
526,0.20962677896022797,1.0,0.7992056608200073,0.7823287844657898,0.3498576658805388
527,0.19334691762924194,1.0,0.7961165308952332,0.7819135189056396,0.30333472202774225
528,0.16069342195987701,1.0,0.7930273413658142,0.7800965309143066,0.2969239687991878
529,0.2064831405878067,0.999117374420166,0.7886143326759338,0.781394362449646,0.29704138522789403
530,0.17465247213840485,0.999117374420166,0.791703462600708,0.7864818572998047,0.22928386865774672
531,0.1901712566614151,0.999117374420166,0.792586088180542,0.7888698577880859,0.25987273019628326
532,0.16938650608062744,0.999117374420166,0.7952339053153992,0.7859107851982117,0.22861691751943478
533,0.18772529065608978,1.0,0.7872903943061829,0.7852878570556641,0.3141719949221575
534,0.20126992464065552,1.0,0.78993821144104,0.7829517722129822,0.33615773523921577
535,0.17370639741420746,1.0,0.7934686541557312,0.7818096876144409,0.23704061802849158
536,0.16758394241333008,1.0,0.7987643480300903,0.7814981937408447,0.3131966094686733
537,0.18073242902755737,1.0,0.7939099669456482,0.7813424468040466,0.2659110858911864
538,0.18366335332393646,1.0,0.7943512797355652,0.7818096876144409,0.27794986830473667
539,0.1775643676519394,1.0,0.7846425771713257,0.778227686882019,0.2597848058116074
540,0.18365861475467682,0.999117374420166,0.7819947004318237,0.7758396863937378,0.33684352232619313
541,0.1806473582983017,0.999117374420166,0.7828773260116577,0.7754243612289429,0.2923617413430298
542,0.20687268674373627,0.9982348084449768,0.7881730198860168,0.7770336866378784,0.31228731771839013
543,0.18673056364059448,0.999117374420166,0.7868490815162659,0.7782796025276184,0.29264753310642
544,0.18082019686698914,0.9982348084449768,0.7864077687263489,0.7797331809997559,0.2718368761755683
545,0.1965484768152237,0.9982348084449768,0.7947925925254822,0.7787468433380127,0.28622397495365226
546,0.16496135294437408,0.999117374420166,0.7943512797355652,0.7774490118026733,0.23564140681488918
547,0.20649996399879456,0.999117374420166,0.8018534779548645,0.783470869064331,0.30814595332446615
548,0.19533105194568634,0.9982348084449768,0.8058252334594727,0.7880392670631409,0.2686748513236914
549,0.1910918802022934,0.999117374420166,0.8036187291145325,0.7891294360160828,0.2756270469266091
550,0.19622085988521576,1.0,0.8022947907447815,0.7872605323791504,0.26898894131536716
551,0.18832151591777802,1.0,0.7947925925254822,0.7821730971336365,0.30140175613748105
552,0.1864355355501175,1.0,0.7961165308952332,0.7816539406776428,0.31975528240500106
553,0.1824924200773239,1.0,0.7934686541557312,0.7785910964012146,0.24978781340273332
554,0.20871321856975555,1.0,0.7833186388015747,0.7774490118026733,0.3444672720350308
555,0.1791803240776062,0.9982348084449768,0.7824360132217407,0.771167516708374,0.24907300011182779
556,0.21207626163959503,0.999117374420166,0.7828773260116577,0.7739708423614502,0.3179372031216543
557,0.20994356274604797,0.999117374420166,0.792586088180542,0.7811347842216492,0.34342495208871404
558,0.17645113170146942,1.0,0.7952339053153992,0.7833151817321777,0.23118728747818076
559,0.19800792634487152,1.0,0.7965578436851501,0.7850282788276672,0.27248416499010947
560,0.19714996218681335,1.0,0.7974404096603394,0.7866376042366028,0.31573065334244654
561,0.18174070119857788,1.0,0.7969990968704224,0.7851840257644653,0.2696172306308672
562,0.2048845887184143,1.0,0.789055585861206,0.7823807001113892,0.332128891805388
563,0.19491875171661377,0.999117374420166,0.7934686541557312,0.7808233499526978,0.2926707445261788
564,0.18333029747009277,0.999117374420166,0.7947925925254822,0.7798370122909546,0.2789677769493051
565,0.1899801343679428,1.0,0.7996469736099243,0.7791101932525635,0.28541408330370655
566,0.16112299263477325,1.0,0.7992056608200073,0.7797331809997559,0.2535038636080144
567,0.1761256754398346,1.0,0.8005295991897583,0.7819135189056396,0.2961850413262521
568,0.19199712574481964,0.9982348084449768,0.8005295991897583,0.7823287844657898,0.32892432443073555
569,0.19879014790058136,0.9982348084449768,0.8071491718292236,0.7861703634262085,0.32550843597686857
570,0.1836846023797989,0.999117374420166,0.8040600419044495,0.7838342785835266,0.2680037141310904
571,0.18206574022769928,1.0,0.7956752181053162,0.7806156873703003,0.25262960135548107
572,0.1665366142988205,1.0,0.7939099669456482,0.7808752655982971,0.2727984142053206
573,0.17527908086776733,1.0,0.7961165308952332,0.781394362449646,0.29685974046339586
574,0.1919059008359909,1.0,0.7961165308952332,0.7843015193939209,0.2968215512671738
575,0.17408591508865356,1.0,0.7930273413658142,0.7821730971336365,0.2633008243115404
576,0.19373531639575958,1.0,0.792586088180542,0.7845091819763184,0.29938776630812125
577,0.16667486727237701,1.0,0.7969990968704224,0.7854436039924622,0.2737732078701973
578,0.18450452387332916,1.0,0.7987643480300903,0.7864299416542053,0.2647188345291805
579,0.16148747503757477,1.0,0.7961165308952332,0.7851840257644653,0.2375375243528139
580,0.18104325234889984,1.0,0.7987643480300903,0.786533772945404,0.27344166928651364
581,0.17509408295154572,1.0,0.7987643480300903,0.7871567010879517,0.2600650581649384
582,0.1682809293270111,1.0,0.7978817224502563,0.7871567010879517,0.20019496726524583
583,0.16037078201770782,1.0,0.7969990968704224,0.7849244475364685,0.2204874719869544
584,0.1740884929895401,1.0,0.790820837020874,0.784716784954071,0.2603240918231692
585,0.19181004166603088,0.999117374420166,0.78993821144104,0.7827441096305847,0.2972328346901312
586,0.1608251929283142,0.999117374420166,0.7802295088768005,0.7791101932525635,0.2425773932535057
587,0.21094056963920593,1.0,0.789496898651123,0.7798370122909546,0.32662399256015756
588,0.17242877185344696,0.9982348084449768,0.7833186388015747,0.7716347575187683,0.25137455710280165
589,0.19176936149597168,0.999117374420166,0.7864077687263489,0.7745937705039978,0.3041464709666357
590,0.1995094269514084,1.0,0.7872903943061829,0.7837823629379272,0.3043840208846839
591,0.18245810270309448,1.0,0.7859664559364319,0.7851840257644653,0.2972577317844002
592,0.17068444192409515,1.0,0.7872903943061829,0.7882987856864929,0.2953275040789894
593,0.15671774744987488,1.0,0.789496898651123,0.7875201106071472,0.23059654324977008
594,0.1913512647151947,1.0,0.7943512797355652,0.7874162793159485,0.2897114807338728
595,0.1766681671142578,1.0,0.7930273413658142,0.7875201106071472,0.2719673288588112
596,0.16360406577587128,1.0,0.7850838303565979,0.7849244475364685,0.24860548803506619
597,0.1842271089553833,1.0,0.790820837020874,0.7822250127792358,0.27268474577980417
598,0.17285680770874023,1.0,0.7952339053153992,0.7861184477806091,0.31674800798635
599,0.19315284490585327,1.0,0.7983230352401733,0.7866895198822021,0.31302756942675136
600,0.1825924813747406,0.999117374420166,0.7961165308952332,0.7885583639144897,0.27714439237123417
601,0.16592487692832947,0.999117374420166,0.8005295991897583,0.7886621952056885,0.23620766428466222
602,0.1744552105665207,0.999117374420166,0.7961165308952332,0.7882468700408936,0.280189887371821
603,0.17765162885189056,1.0,0.8014121651649475,0.7875201106071472,0.3215026462592985
604,0.17920298874378204,1.0,0.8027361035346985,0.7855474352836609,0.2869581092226799
605,0.19395168125629425,1.0,0.7956752181053162,0.7846130132675171,0.28610072743304976
606,0.1950870305299759,1.0,0.791703462600708,0.781965434551239,0.29962422902917674
607,0.15494754910469055,0.9982348084449768,0.7864077687263489,0.7784872651100159,0.25942808901549563
608,0.17443768680095673,0.999117374420166,0.7837599515914917,0.779473602771759,0.28136044737358445
609,0.18339847028255463,0.999117374420166,0.7864077687263489,0.7820173501968384,0.2936261974496026
610,0.19603992998600006,1.0,0.789496898651123,0.7825883626937866,0.3077475361148534
611,0.1941533237695694,1.0,0.7952339053153992,0.7809790968894958,0.3238210190058397
612,0.17138512432575226,1.0,0.7943512797355652,0.778902530670166,0.28555579350739724
613,0.1957559883594513,1.0,0.7943512797355652,0.778071939945221,0.3687441919867577
614,0.1896154135465622,1.0,0.7939099669456482,0.7786949276924133,0.3084165515037736
615,0.17253218591213226,0.999117374420166,0.7930273413658142,0.7779681086540222,0.27161763422668966
616,0.19593480229377747,1.0,0.7943512797355652,0.7811866998672485,0.36316181356212907
617,0.19560210406780243,0.999117374420166,0.7952339053153992,0.7859107851982117,0.3566554440348504
618,0.19697146117687225,1.0,0.7961165308952332,0.784457266330719,0.28172344883253475
619,0.1981489062309265,1.0,0.7886143326759338,0.7823287844657898,0.3151690330009491
620,0.19415225088596344,1.0,0.7965578436851501,0.7838342785835266,0.35510465191691404
621,0.20136335492134094,1.0,0.7961165308952332,0.7825883626937866,0.3650453968967809
622,0.17182429134845734,0.999117374420166,0.7961165308952332,0.783886194229126,0.26584673679093146
623,0.20560550689697266,1.0,0.7947925925254822,0.7853916883468628,0.3027230102238299
624,0.1813071072101593,1.0,0.7943512797355652,0.7858588695526123,0.2514916747093489
625,0.1582069993019104,1.0,0.7930273413658142,0.7849244475364685,0.21404433656840566
626,0.20506060123443604,1.0,0.7859664559364319,0.7825364470481873,0.29945046313740054
627,0.1876143217086792,1.0,0.790820837020874,0.7806676030158997,0.2857674691639546
628,0.18901623785495758,1.0,0.791262149810791,0.7825364470481873,0.268105512092289
629,0.1975100189447403,1.0,0.7886143326759338,0.7791101932525635,0.2750941598758186
630,0.1784360706806183,1.0,0.7868490815162659,0.7750610113143921,0.24590536893842066
631,0.18696029484272003,1.0,0.792144775390625,0.7803561091423035,0.37989195712530793
632,0.18691179156303406,1.0,0.7947925925254822,0.7793178558349609,0.2700002270083228
633,0.18092213571071625,0.999117374420166,0.7952339053153992,0.7812386155128479,0.3722976448025016
634,0.19168303906917572,0.999117374420166,0.7934686541557312,0.7855993509292603,0.339690116416007
635,0.180888831615448,0.999117374420166,0.792586088180542,0.7849763631820679,0.2819869179129898
636,0.1949354112148285,0.9964695572853088,0.7943512797355652,0.7817058563232422,0.3194447591812723
637,0.18657898902893066,0.9973521828651428,0.792144775390625,0.7785910964012146,0.25511286206950995
638,0.2069389969110489,0.999117374420166,0.7965578436851501,0.7830036878585815,0.31060333499464865
639,0.17930035293102264,0.999117374420166,0.7974404096603394,0.7889217734336853,0.2718091670822993
640,0.1949041783809662,1.0,0.8049426078796387,0.7873643636703491,0.2919489843175152
641,0.18271304666996002,1.0,0.8049426078796387,0.787779688835144,0.25938096118255577
642,0.18175576627254486,1.0,0.8018534779548645,0.787208616733551,0.259874947262919
643,0.191377192735672,1.0,0.7947925925254822,0.7871567010879517,0.308113648150945
644,0.17945213615894318,1.0,0.7943512797355652,0.7852359414100647,0.2506912751304145
645,0.15187932550907135,1.0,0.8005295991897583,0.7871047854423523,0.21240377355442747
646,0.18055230379104614,1.0,0.8027361035346985,0.7879354357719421,0.287272664957582
647,0.16138753294944763,1.0,0.8049426078796387,0.789700448513031,0.2588474619959983
648,0.16861829161643982,1.0,0.8009708523750305,0.7860665321350098,0.2687898674377862
649,0.18049082159996033,1.0,0.8000882863998413,0.7835227847099304,0.24933097883758187
650,0.1578061282634735,1.0,0.8014121651649475,0.7863261103630066,0.2959696139135016
651,0.16238179802894592,1.0,0.8022947907447815,0.7894927859306335,0.3125177925975342
652,0.1691635102033615,1.0,0.8000882863998413,0.7881430387496948,0.29304502596926457
653,0.1809876412153244,1.0,0.7996469736099243,0.7880911827087402,0.2661643207342263
654,0.17454160749912262,0.999117374420166,0.8000882863998413,0.7875720262527466,0.28849341625357955
655,0.15484599769115448,0.999117374420166,0.8009708523750305,0.7895447015762329,0.2325245210683951
656,0.15907329320907593,1.0,0.7974404096603394,0.7891294360160828,0.2657623504835421
657,0.17186492681503296,1.0,0.7992056608200073,0.7885064482688904,0.27757845802970815
658,0.18887104094028473,0.999117374420166,0.7965578436851501,0.7881949543952942,0.2958716061034475
659,0.1748814582824707,0.999117374420166,0.7965578436851501,0.7852878570556641,0.25034383035471164
660,0.16285157203674316,1.0,0.7969990968704224,0.7861703634262085,0.281065676380532
661,0.17677763104438782,1.0,0.7947925925254822,0.7808752655982971,0.24057271762494553
662,0.19379816949367523,1.0,0.7965578436851501,0.7849763631820679,0.3977616490814148
663,0.17396734654903412,0.999117374420166,0.790379524230957,0.783470869064331,0.21982565994574227
664,0.1995805948972702,1.0,0.7864077687263489,0.7831075191497803,0.3422012618267798
665,0.17198646068572998,1.0,0.7886143326759338,0.7846648693084717,0.343811694065768
666,0.19578689336776733,1.0,0.7969990968704224,0.7840938568115234,0.30765065054216845
667,0.19571125507354736,1.0,0.7974404096603394,0.7882987856864929,0.34093316807239044
668,0.17071476578712463,1.0,0.7886143326759338,0.7839900255203247,0.24533495970389155
669,0.16448400914669037,1.0,0.7868490815162659,0.7787986993789673,0.2400242735046065
670,0.1798316091299057,1.0,0.791703462600708,0.7839900255203247,0.298202104933713
671,0.17556540668010712,1.0,0.7930273413658142,0.7861184477806091,0.3194853386755186
672,0.15997827053070068,1.0,0.789496898651123,0.7833151817321777,0.2757088300196956
673,0.1921960860490799,0.999117374420166,0.790820837020874,0.7803561091423035,0.313477817363272
674,0.19666342437267303,1.0,0.7877317070960999,0.781965434551239,0.347289801921837
675,0.1950376182794571,1.0,0.7939099669456482,0.7848206162452698,0.2959866548136588
676,0.17973560094833374,0.999117374420166,0.7996469736099243,0.7881430387496948,0.24213721240298214
677,0.20072978734970093,0.999117374420166,0.8036187291145325,0.7914655208587646,0.29660740617864234
678,0.169004887342453,1.0,0.8027361035346985,0.7904272675514221,0.24025682551843272
679,0.18273228406906128,1.0,0.7969990968704224,0.7906348705291748,0.3538836370047669
680,0.17250600457191467,1.0,0.7978817224502563,0.7881949543952942,0.3276532587102704
681,0.16898460686206818,1.0,0.7978817224502563,0.7804599404335022,0.26466968560665777
682,0.15893776714801788,1.0,0.7956752181053162,0.7787986993789673,0.2551911975028858
683,0.16765064001083374,1.0,0.7947925925254822,0.7791621088981628,0.2823421790219967
684,0.17309117317199707,1.0,0.8000882863998413,0.7852878570556641,0.27005315532432783
685,0.16518418490886688,1.0,0.7996469736099243,0.7888179421424866,0.2732308390837242
686,0.18267689645290375,1.0,0.8040600419044495,0.7917250394821167,0.25813598136899374
687,0.16300228238105774,1.0,0.7987643480300903,0.7913097739219666,0.2893277802998128
688,0.17164935171604156,1.0,0.7965578436851501,0.7900119423866272,0.27199327451554267
689,0.16700464487075806,1.0,0.7956752181053162,0.7884026169776917,0.27489474002959063
690,0.155154749751091,1.0,0.8014121651649475,0.7898561954498291,0.2617040825650875
691,0.1538081020116806,1.0,0.8036187291145325,0.7879354357719421,0.2922434627437687
692,0.173955500125885,1.0,0.8027361035346985,0.7859107851982117,0.25582849720565337
693,0.15808157622814178,1.0,0.7983230352401733,0.7835227847099304,0.24271924074770068
694,0.15728554129600525,1.0,0.7886143326759338,0.7825883626937866,0.26636226067925456
695,0.16702742874622345,1.0,0.7943512797355652,0.785962700843811,0.29586135452191176
696,0.1701892912387848,1.0,0.7956752181053162,0.7826921939849854,0.2653007398994265
697,0.19781112670898438,1.0,0.7930273413658142,0.7856512665748596,0.4039938143091191
698,0.17580685019493103,1.0,0.790820837020874,0.7874162793159485,0.26442325865881716
699,0.18067486584186554,1.0,0.792586088180542,0.7857550978660583,0.34124529050741803
700,0.16424740850925446,1.0,0.7943512797355652,0.7818616032600403,0.2417666552790972
701,0.1644195169210434,1.0,0.7956752181053162,0.7781238555908203,0.2720125883770011
702,0.17388609051704407,1.0,0.7992056608200073,0.7808233499526978,0.2912502134118563
703,0.2037808746099472,0.999117374420166,0.7939099669456482,0.7808752655982971,0.3616864302796718
704,0.18100586533546448,0.999117374420166,0.8022947907447815,0.786533772945404,0.272506556256434
705,0.1813080757856369,1.0,0.8027361035346985,0.789025604724884,0.2958107893883013
706,0.17958426475524902,0.999117374420166,0.8009708523750305,0.7881949543952942,0.28659414443113723
707,0.19382981956005096,0.999117374420166,0.8040600419044495,0.790946364402771,0.329373589009212
708,0.1925620585680008,1.0,0.8014121651649475,0.7885064482688904,0.2830823595481482
709,0.19903545081615448,1.0,0.7996469736099243,0.7849763631820679,0.31284505266619567
710,0.18848922848701477,1.0,0.7943512797355652,0.7799926996231079,0.32184117411797125
711,0.18646547198295593,1.0,0.790820837020874,0.7825364470481873,0.3436874852989572
712,0.17961852252483368,0.999117374420166,0.791262149810791,0.7830556035041809,0.28275428627676913
713,0.17498400807380676,0.999117374420166,0.7864077687263489,0.7791621088981628,0.2758434293942489
714,0.19717013835906982,1.0,0.7872903943061829,0.7812386155128479,0.35920302354366057
715,0.190535306930542,1.0,0.789055585861206,0.7811866998672485,0.29353558453016537
716,0.16828395426273346,1.0,0.7837599515914917,0.7727249264717102,0.27013628018624924
717,0.23843617737293243,1.0,0.7930273413658142,0.7805118560791016,0.46199944506713037
718,0.19239015877246857,1.0,0.7868490815162659,0.7759954333305359,0.24617459484146625
719,0.18998302519321442,1.0,0.7877317070960999,0.781394362449646,0.2997464032717927
720,0.1917136311531067,0.9982348084449768,0.7956752181053162,0.7843015193939209,0.3240167214519052
721,0.18478696048259735,0.9982348084449768,0.7961165308952332,0.7849244475364685,0.28437844257622574
722,0.20569898188114166,0.999117374420166,0.792586088180542,0.7857550978660583,0.3251394129477014
723,0.17629827558994293,0.999117374420166,0.7961165308952332,0.7860146164894104,0.3317368318547118
724,0.2253691852092743,0.9982348084449768,0.791262149810791,0.7868452668190002,0.2688950966947697
725,0.17264977097511292,0.999117374420166,0.792586088180542,0.7815501093864441,0.24209583934160442
726,0.17091532051563263,1.0,0.7939099669456482,0.7786949276924133,0.23923126883600382
727,0.19063781201839447,1.0,0.7965578436851501,0.7817058563232422,0.33590065078612064
728,0.18260236084461212,1.0,0.7939099669456482,0.7809790968894958,0.3053492071546504
729,0.18870916962623596,1.0,0.792144775390625,0.7804080247879028,0.30384307829217516
730,0.16521327197551727,1.0,0.792586088180542,0.783470869064331,0.24317303085880596
731,0.17041468620300293,1.0,0.792586088180542,0.7836266160011292,0.20993432435805473
732,0.1638670712709427,1.0,0.7996469736099243,0.7843534350395203,0.2529851896022674
733,0.1732463836669922,0.999117374420166,0.7930273413658142,0.7812905311584473,0.2584037741341534
734,0.17831635475158691,0.9982348084449768,0.78993821144104,0.7802003622055054,0.3012115785137694
735,0.17040565609931946,1.0,0.7886143326759338,0.7799408435821533,0.27446738162248807
736,0.1851883828639984,1.0,0.7886143326759338,0.7800965309143066,0.3289290227111572
737,0.15406456589698792,1.0,0.7877317070960999,0.7792659401893616,0.2485411596767639
738,0.17316189408302307,1.0,0.789496898651123,0.7773451805114746,0.28932555878478666
739,0.1873614639043808,1.0,0.7868490815162659,0.7768779397010803,0.35928281319680394
740,0.18516869843006134,1.0,0.7806708216667175,0.7750090956687927,0.27803687639797736
741,0.18416844308376312,0.999117374420166,0.7934686541557312,0.781394362449646,0.3126975962868186
742,0.17533759772777557,0.999117374420166,0.7956752181053162,0.7836266160011292,0.30697371484779523
743,0.14821650087833405,0.9982348084449768,0.7859664559364319,0.7807714343070984,0.2656621554874892
744,0.18856830894947052,0.999117374420166,0.790820837020874,0.7814981937408447,0.3615709011751185
745,0.1812080442905426,0.999117374420166,0.78993821144104,0.7772932648658752,0.29364033839077314
746,0.174615740776062,1.0,0.7846425771713257,0.7765145301818848,0.26897542167705785
747,0.18195414543151855,1.0,0.7930273413658142,0.7817058563232422,0.29991138240392395
748,0.1859242022037506,1.0,0.7939099669456482,0.7841457724571228,0.2753669905328146
749,0.18062876164913177,0.999117374420166,0.7956752181053162,0.7837823629379272,0.26487442250483745
750,0.18514877557754517,1.0,0.7983230352401733,0.7857550978660583,0.2900070414734557
751,0.182786226272583,1.0,0.7965578436851501,0.785132110118866,0.2778582736267294
752,0.16366814076900482,1.0,0.791262149810791,0.7835747003555298,0.34554823323452283
753,0.18802443146705627,0.999117374420166,0.7943512797355652,0.786378026008606,0.31837733929424805
754,0.17390193045139313,0.999117374420166,0.790820837020874,0.787779688835144,0.2885681272246474
755,0.16850945353507996,1.0,0.78993821144104,0.7834190130233765,0.3159878327885594
756,0.19229543209075928,1.0,0.789496898651123,0.7797850966453552,0.34741956772928295
757,0.1784459799528122,1.0,0.791262149810791,0.781394362449646,0.29312958096367786
758,0.17108161747455597,1.0,0.7961165308952332,0.786533772945404,0.30653996194154765
759,0.16945654153823853,1.0,0.7992056608200073,0.7873643636703491,0.29912118040975805
760,0.17699921131134033,0.9982348084449768,0.7947925925254822,0.7852359414100647,0.24173585419606594
761,0.17152179777622223,0.9982348084449768,0.7956752181053162,0.7855993509292603,0.25275898133562885
762,0.1821689009666443,0.999117374420166,0.792586088180542,0.7831594347953796,0.24760106635151527
763,0.18676410615444183,0.999117374420166,0.7868490815162659,0.7815501093864441,0.29781418103110063
764,0.17197982966899872,1.0,0.7859664559364319,0.7820173501968384,0.2859948658792836
765,0.17088566720485687,1.0,0.789496898651123,0.7829517722129822,0.24868332512169697
766,0.16159091889858246,1.0,0.789055585861206,0.7845610976219177,0.2653952634307853
767,0.16597816348075867,1.0,0.7939099669456482,0.7846648693084717,0.2570009676740467
768,0.16942249238491058,1.0,0.789496898651123,0.7828998565673828,0.2602604792844738
769,0.1865612268447876,1.0,0.7806708216667175,0.7794216871261597,0.39991575275083974
770,0.19683727622032166,1.0,0.7789055705070496,0.7785391807556152,0.3416581685175362
771,0.17638301849365234,1.0,0.7833186388015747,0.7800446152687073,0.34248975337878196
772,0.19493809342384338,1.0,0.7868490815162659,0.7810829281806946,0.3273456632801749
773,0.1685047596693039,0.999117374420166,0.7806708216667175,0.7808752655982971,0.2588588139825667
774,0.15969465672969818,0.999117374420166,0.7828773260116577,0.7816539406776428,0.23162155123912676
775,0.17620065808296204,1.0,0.7868490815162659,0.7810310125350952,0.2424376458836571
776,0.18704186379909515,1.0,0.792586088180542,0.7847687005996704,0.32780539247465657
777,0.17714139819145203,1.0,0.792586088180542,0.7831594347953796,0.2940083508827212
778,0.17838262021541595,0.9982348084449768,0.792144775390625,0.7818616032600403,0.29545578963742736
779,0.22617167234420776,0.9982348084449768,0.7930273413658142,0.7812905311584473,0.3479394270512645
780,0.1890244036912918,1.0,0.791262149810791,0.7792659401893616,0.32085239630773627
781,0.1944979727268219,1.0,0.791703462600708,0.783470869064331,0.3127265299810828
782,0.19554142653942108,1.0,0.7987643480300903,0.7910501956939697,0.3220192909256481
783,0.1594020575284958,1.0,0.7996469736099243,0.7903234362602234,0.30104742343942
784,0.17896242439746857,0.999117374420166,0.790820837020874,0.7890775203704834,0.299503280513617
785,0.18654422461986542,0.999117374420166,0.792144775390625,0.7874681949615479,0.28230942337615816
786,0.17955398559570312,1.0,0.7934686541557312,0.786949098110199,0.30568744416985016
787,0.15996477007865906,0.999117374420166,0.8018534779548645,0.7881949543952942,0.2527139897048917
788,0.18949760496616364,1.0,0.8027361035346985,0.7888179421424866,0.2739376402457927
789,0.16956309974193573,1.0,0.7996469736099243,0.7881430387496948,0.29499876262955094
790,0.18403783440589905,1.0,0.7969990968704224,0.7855993509292603,0.33991052999366983
791,0.18493512272834778,1.0,0.8005295991897583,0.7816020250320435,0.37897179303189826
792,0.19064444303512573,0.999117374420166,0.7965578436851501,0.7803041934967041,0.3281509201780931
793,0.18693941831588745,1.0,0.7947925925254822,0.7805118560791016,0.3274774529159583
794,0.19234727323055267,1.0,0.7930273413658142,0.7847687005996704,0.293078021046485
795,0.1721094697713852,0.9982348084449768,0.7864077687263489,0.7844053506851196,0.27085432729460807
796,0.17450115084648132,0.9973521828651428,0.7886143326759338,0.7852359414100647,0.2350424745103416
797,0.20748502016067505,0.999117374420166,0.7877317070960999,0.7804080247879028,0.322417909569702
798,0.1764378845691681,0.9973521828651428,0.7846425771713257,0.7771375179290771,0.2476773975066717
799,0.18992802500724792,0.999117374420166,0.7872903943061829,0.7764107584953308,0.24542918092918484
800,0.1789270043373108,0.999117374420166,0.790820837020874,0.781394362449646,0.30726108147938197
801,0.17902524769306183,0.999117374420166,0.790820837020874,0.785703182220459,0.25430861366357355
802,0.17885999381542206,0.999117374420166,0.7930273413658142,0.7853916883468628,0.2980820757931392
803,0.1896754801273346,1.0,0.792144775390625,0.784457266330719,0.2797663694418896
804,0.19059501588344574,1.0,0.790379524230957,0.7877277731895447,0.36277053208175336
805,0.1871553361415863,0.999117374420166,0.7824360132217407,0.7860665321350098,0.2768797420782886
806,0.17737610638141632,1.0,0.7815533876419067,0.7795255184173584,0.2669294548759245
807,0.18326672911643982,1.0,0.7824360132217407,0.7750090956687927,0.27257022678757664
808,0.1810479462146759,0.999117374420166,0.7859664559364319,0.7765664458274841,0.32870685027644
809,0.1665620058774948,1.0,0.7846425771713257,0.7819135189056396,0.3149128197778938
810,0.1758325845003128,1.0,0.7956752181053162,0.7893370389938354,0.3071317069329878
811,0.1727398931980133,1.0,0.790820837020874,0.7870009541511536,0.2696588115334911
812,0.1841220259666443,1.0,0.7859664559364319,0.7855474352836609,0.3798997226144821
813,0.1940333992242813,0.9964695572853088,0.791262149810791,0.783211350440979,0.3608456809957626
814,0.18050944805145264,0.9973521828651428,0.7978817224502563,0.7892332673072815,0.2810640027397633
815,0.17787779867649078,1.0,0.7996469736099243,0.7924518585205078,0.2946016704633368
816,0.17660200595855713,1.0,0.7969990968704224,0.7902196049690247,0.24261173850720982
817,0.1887875497341156,1.0,0.7930273413658142,0.7879873514175415,0.3149588991498753
818,0.17408031225204468,1.0,0.7872903943061829,0.7823807001113892,0.24613177875734024
819,0.17617803812026978,1.0,0.7846425771713257,0.7805118560791016,0.29071563332499284
820,0.19012294709682465,0.999117374420166,0.7846425771713257,0.7856512665748596,0.3243172129407063
821,0.19355137646198273,0.999117374420166,0.790379524230957,0.7887141108512878,0.2802397256191707
822,0.1811237782239914,1.0,0.7974404096603394,0.7894927859306335,0.3225987282224064
823,0.18589581549167633,1.0,0.8000882863998413,0.7935420274734497,0.3156428680902817
824,0.1731039136648178,1.0,0.8031774163246155,0.7945283651351929,0.2692000754334706
825,0.1683364063501358,1.0,0.8027361035346985,0.792192280292511,0.2366760509454459
826,0.17781057953834534,1.0,0.8022947907447815,0.789700448513031,0.32099431740745016
827,0.1798773854970932,1.0,0.7978817224502563,0.7873124480247498,0.30160577085110934
828,0.19041301310062408,1.0,0.8022947907447815,0.7911540269851685,0.3327222350694185
829,0.16521267592906952,1.0,0.7987643480300903,0.7883507013320923,0.27041170168381895
830,0.1592133492231369,1.0,0.8014121651649475,0.7884026169776917,0.233632895096871
831,0.15414437651634216,1.0,0.7974404096603394,0.7881430387496948,0.22033595751320148
832,0.17264117300510406,1.0,0.8022947907447815,0.7913616895675659,0.28507537713825504
833,0.16466353833675385,1.0,0.8058252334594727,0.7929709553718567,0.2107307428129586
834,0.15914684534072876,0.999117374420166,0.8009708523750305,0.7898561954498291,0.1995906803313464
835,0.18920445442199707,1.0,0.7956752181053162,0.7885064482688904,0.2814744623399479
836,0.18037380278110504,1.0,0.7947925925254822,0.7894927859306335,0.2927126334433446
837,0.16569383442401886,1.0,0.7934686541557312,0.7919846177101135,0.2952857672609042
838,0.14247581362724304,1.0,0.7939099669456482,0.7901157736778259,0.2177355077680952
839,0.152617409825325,1.0,0.7947925925254822,0.7899081110954285,0.24803917882684928
840,0.1574886441230774,1.0,0.7965578436851501,0.7919846177101135,0.2248653291688311
841,0.16591617465019226,1.0,0.7996469736099243,0.7943207025527954,0.24292643939074346
842,0.16609907150268555,1.0,0.8005295991897583,0.7959819436073303,0.2593222865416555
843,0.15976813435554504,1.0,0.8022947907447815,0.7944245338439941,0.26222440308371253
844,0.1612558215856552,1.0,0.7974404096603394,0.7906867861747742,0.2461538589400127
845,0.16289715468883514,1.0,0.7974404096603394,0.7901676893234253,0.2592631057134699
846,0.15951307117938995,1.0,0.792144775390625,0.7900638580322266,0.30002955827999533
847,0.16109029948711395,1.0,0.7974404096603394,0.7914136052131653,0.287147391934197
848,0.15532520413398743,1.0,0.7956752181053162,0.7903753519058228,0.280836682379972
849,0.15327152609825134,0.999117374420166,0.7965578436851501,0.7909982800483704,0.25987072435854536
850,0.14940735697746277,1.0,0.7992056608200073,0.7907387018203735,0.24694146857033
851,0.14032796025276184,1.0,0.7978817224502563,0.7917769551277161,0.16859711676198824
852,0.15679757297039032,1.0,0.8009708523750305,0.794113039970398,0.2582567545945698
853,0.16413499414920807,0.999117374420166,0.7992056608200073,0.7938016057014465,0.28331930526717725
854,0.15864197909832,1.0,0.8031774163246155,0.7947879433631897,0.2607824396288633
855,0.1689772754907608,1.0,0.8058252334594727,0.7912059426307678,0.29948629735565474
856,0.16540177166461945,1.0,0.7983230352401733,0.7887141108512878,0.2799865212732696
857,0.15855585038661957,1.0,0.7974404096603394,0.788454532623291,0.2629914130858164
858,0.14676162600517273,1.0,0.7961165308952332,0.7891813516616821,0.22504764304343122
859,0.16305628418922424,1.0,0.7947925925254822,0.7836785316467285,0.27886983713759306
860,0.15962210297584534,1.0,0.792586088180542,0.7832632660865784,0.27475729471402205
861,0.17810365557670593,1.0,0.8000882863998413,0.7849244475364685,0.3067668775709089
862,0.1540389508008957,1.0,0.7956752181053162,0.7879354357719421,0.23360411389400618
863,0.1509706974029541,1.0,0.7978817224502563,0.7893889546394348,0.2388696709806586
864,0.15879593789577484,1.0,0.8009708523750305,0.7915693521499634,0.26182446492629363
865,0.17073585093021393,1.0,0.7956752181053162,0.787208616733551,0.2868278611724903
866,0.16108548641204834,1.0,0.78993821144104,0.7848725318908691,0.2878330826223903
867,0.1447092443704605,1.0,0.78993821144104,0.7828479409217834,0.24494473466313585
868,0.15695664286613464,1.0,0.7881730198860168,0.7815501093864441,0.2421094489903903
869,0.16493664681911469,1.0,0.7930273413658142,0.7840419411659241,0.2727583365981403
870,0.16042397916316986,1.0,0.8009708523750305,0.7881430387496948,0.3384544436419401
871,0.1604054570198059,0.999117374420166,0.8071491718292236,0.793022871017456,0.25102339656752143
872,0.17113511264324188,0.999117374420166,0.8062665462493896,0.7922961115837097,0.26404286053501685
873,0.16585300862789154,0.999117374420166,0.8018534779548645,0.7910501956939697,0.2738396128884354
874,0.1787613332271576,1.0,0.8053839206695557,0.7867933511734009,0.31785926421675303
875,0.17445918917655945,1.0,0.8027361035346985,0.7859107851982117,0.30108045625588753
876,0.16960987448692322,1.0,0.8000882863998413,0.7836785316467285,0.284655335185973
877,0.15474852919578552,1.0,0.7943512797355652,0.7814981937408447,0.26995196967685403
878,0.19043852388858795,1.0,0.792144775390625,0.7839900255203247,0.31040226051562525
879,0.17253385484218597,1.0,0.791703462600708,0.7839381098747253,0.26756353548171874
880,0.17653819918632507,1.0,0.7943512797355652,0.7855474352836609,0.30977388255632965
881,0.1807549148797989,1.0,0.7947925925254822,0.7859107851982117,0.35194558707221124
882,0.15589459240436554,1.0,0.7952339053153992,0.7840938568115234,0.26698563786716345
883,0.16357456147670746,1.0,0.7992056608200073,0.7889217734336853,0.27580493889087637
884,0.1725780963897705,1.0,0.8031774163246155,0.7923999428749084,0.2556917322074632
885,0.1727134883403778,1.0,0.7987643480300903,0.7926595211029053,0.28763584208954984
886,0.1559976488351822,1.0,0.7969990968704224,0.7914655208587646,0.28825626433561485
887,0.14885136485099792,1.0,0.7956752181053162,0.7864818572998047,0.2433044801230774
888,0.17179346084594727,1.0,0.792144775390625,0.7799926996231079,0.24802677474845938
889,0.15877112746238708,1.0,0.7872903943061829,0.7784872651100159,0.24621432855177958
890,0.1825697273015976,1.0,0.792144775390625,0.7848725318908691,0.34662305487292433
891,0.16606171429157257,1.0,0.8000882863998413,0.7901157736778259,0.26635541989442896
892,0.16698609292507172,1.0,0.7965578436851501,0.7900119423866272,0.24081698024073342
893,0.18351450562477112,1.0,0.8053839206695557,0.7870528697967529,0.31405549505188823
894,0.16450431942939758,1.0,0.8009708523750305,0.785132110118866,0.2683838163614643
895,0.16932687163352966,1.0,0.8018534779548645,0.7849244475364685,0.288105574174505
896,0.15565316379070282,1.0,0.7969990968704224,0.7816539406776428,0.24774627871920382
897,0.17827992141246796,1.0,0.7978817224502563,0.7853916883468628,0.30495769254010696
898,0.16932560503482819,1.0,0.8005295991897583,0.7893370389938354,0.31465433087857786
899,0.15111839771270752,1.0,0.8022947907447815,0.7878316044807434,0.27326205451940716
900,0.19927749037742615,1.0,0.7983230352401733,0.7870528697967529,0.4123096806427733
901,0.18481585383415222,1.0,0.7943512797355652,0.7830036878585815,0.3933184585165585
902,0.1829979419708252,1.0,0.8022947907447815,0.7871047854423523,0.35161214734979174
903,0.16159851849079132,1.0,0.7987643480300903,0.7786949276924133,0.27599238555677935
904,0.1872975081205368,1.0,0.7961165308952332,0.7806676030158997,0.3661661348951159
905,0.17430627346038818,1.0,0.7983230352401733,0.7853397727012634,0.3513339060886865
906,0.17605845630168915,1.0,0.7978817224502563,0.7795774340629578,0.24301959184347963
907,0.18014559149742126,1.0,0.7974404096603394,0.7842496037483215,0.32172884703625043
908,0.19060494005680084,1.0,0.8005295991897583,0.7877277731895447,0.35526200434400035
909,0.17739951610565186,1.0,0.8062665462493896,0.7886621952056885,0.3551679435329509
910,0.19223108887672424,1.0,0.8040600419044495,0.7816539406776428,0.35232020188772323
911,0.1968277096748352,1.0,0.7992056608200073,0.7796812653541565,0.3681516708889819
912,0.19129855930805206,1.0,0.7833186388015747,0.771582841873169,0.3774961768049225
913,0.1987534910440445,0.9982348084449768,0.7877317070960999,0.7688314318656921,0.3856453539192587
914,0.2064417600631714,0.9982348084449768,0.789496898651123,0.775580108165741,0.40374090235350024
915,0.18774674832820892,0.9982348084449768,0.789055585861206,0.7785391807556152,0.26659906676215706
916,0.1971859484910965,0.999117374420166,0.7886143326759338,0.784716784954071,0.326049621332321
917,0.20340846478939056,0.999117374420166,0.7969990968704224,0.7883507013320923,0.3438932293739036
918,0.19714468717575073,0.999117374420166,0.8000882863998413,0.7903753519058228,0.284413255804066
919,0.16738519072532654,0.999117374420166,0.8031774163246155,0.7878835201263428,0.2260819965395966
920,0.1891096532344818,1.0,0.8022947907447815,0.7866376042366028,0.29521789425924927
921,0.17005395889282227,1.0,0.8049426078796387,0.7872605323791504,0.27377089648133884
922,0.20373064279556274,1.0,0.7956752181053162,0.7918807864189148,0.3636407263906347
923,0.16346235573291779,1.0,0.7934686541557312,0.7873643636703491,0.2162186461707485
924,0.1955525130033493,1.0,0.7974404096603394,0.787779688835144,0.3253283748751329
925,0.17059166729450226,1.0,0.7934686541557312,0.7841457724571228,0.27808441651686666
926,0.18711107969284058,1.0,0.7952339053153992,0.776981770992279,0.30281636772647075
927,0.18329358100891113,1.0,0.792144775390625,0.779473602771759,0.2853654207727405
928,0.1974872350692749,1.0,0.7965578436851501,0.7853916883468628,0.3648160693338626
929,0.1752462536096573,1.0,0.7939099669456482,0.7839381098747253,0.21926825004992676
930,0.17595142126083374,1.0,0.7969990968704224,0.7825883626937866,0.2799516223414607
931,0.17521528899669647,1.0,0.7930273413658142,0.7788506150245667,0.2572341464184883
932,0.19570432603359222,1.0,0.7974404096603394,0.7821730971336365,0.358715478293727
933,0.19480670988559723,1.0,0.7969990968704224,0.7836266160011292,0.31646426467503336
934,0.1545076221227646,1.0,0.8000882863998413,0.7853916883468628,0.2851560739034366
935,0.19292369484901428,1.0,0.8031774163246155,0.7861184477806091,0.309251393937341
936,0.20567643642425537,1.0,0.7965578436851501,0.7845610976219177,0.29389672326040434
937,0.16493315994739532,0.9982348084449768,0.7947925925254822,0.7806156873703003,0.26199792568942676
938,0.1871023029088974,0.999117374420166,0.8018534779548645,0.785962700843811,0.40214177824619934
939,0.17213068902492523,1.0,0.8018534779548645,0.7874681949615479,0.3214563872885027
940,0.176444873213768,1.0,0.8018534779548645,0.7858588695526123,0.26167618385972113
941,0.17523501813411713,0.999117374420166,0.8045013546943665,0.7911021113395691,0.3137830934289427
942,0.19120079278945923,0.999117374420166,0.8062665462493896,0.794268786907196,0.26876188773296156
943,0.16997107863426208,0.9982348084449768,0.8049426078796387,0.7907906174659729,0.28760349984923866
944,0.1828666478395462,1.0,0.8036187291145325,0.7908944487571716,0.3604152585269785
945,0.18150189518928528,0.999117374420166,0.7987643480300903,0.7863261103630066,0.2911282895601207
946,0.17350400984287262,1.0,0.7969990968704224,0.7834190130233765,0.32666529336823147
947,0.16397875547409058,1.0,0.8014121651649475,0.785703182220459,0.2533593618934393
948,0.1597229391336441,1.0,0.8045013546943665,0.7904791235923767,0.2905403486414602
949,0.16585344076156616,0.999117374420166,0.8080317974090576,0.7901157736778259,0.25326127362866024
950,0.17854811251163483,0.999117374420166,0.814651370048523,0.7968125343322754,0.39739490991303456
951,0.17825397849082947,0.999117374420166,0.8062665462493896,0.7905829548835754,0.24500585009473275
952,0.1974068135023117,0.9982348084449768,0.8053839206695557,0.792867124080658,0.3396502450805971
953,0.178751602768898,0.999117374420166,0.8005295991897583,0.7920365333557129,0.2931948608319159
954,0.20343753695487976,1.0,0.7952339053153992,0.7886102795600891,0.2940002666327269
955,0.17782902717590332,1.0,0.7943512797355652,0.783886194229126,0.3325451636399794
956,0.19543997943401337,1.0,0.7974404096603394,0.7893370389938354,0.3220093295429508
957,0.16883553564548492,1.0,0.7987643480300903,0.7924518585205078,0.2349547862944663
958,0.20030340552330017,0.9982348084449768,0.7956752181053162,0.7895966172218323,0.357222752478448
959,0.18252429366111755,0.9982348084449768,0.7886143326759338,0.7845091819763184,0.2875228377554797
960,0.17883548140525818,0.9982348084449768,0.7961165308952332,0.7886621952056885,0.3314772899522352
961,0.172906294465065,1.0,0.7974404096603394,0.7884026169776917,0.2908113627403932
962,0.20224988460540771,1.0,0.8000882863998413,0.7889217734336853,0.30499213231332656
963,0.18666858971118927,0.999117374420166,0.7992056608200073,0.786949098110199,0.26592712585825407
964,0.1937008500099182,1.0,0.8005295991897583,0.7886102795600891,0.29504802343066716
965,0.17910143733024597,1.0,0.7939099669456482,0.7880911827087402,0.24869700719844726
966,0.1733408421278,1.0,0.8018534779548645,0.789025604724884,0.2758117910100396
967,0.15464185178279877,1.0,0.8018534779548645,0.790271520614624,0.2590391523698706
968,0.17703312635421753,0.999117374420166,0.8005295991897583,0.7908944487571716,0.2639431425047341
969,0.16308248043060303,0.999117374420166,0.8053839206695557,0.7924518585205078,0.2326678370620182
970,0.1849527657032013,1.0,0.8027361035346985,0.7919327020645142,0.28183171889187136
971,0.1576177179813385,1.0,0.7983230352401733,0.7889217734336853,0.23074317914964346
972,0.16990603506565094,1.0,0.7934686541557312,0.7845610976219177,0.2271989865037321
973,0.1790436953306198,1.0,0.7965578436851501,0.7848725318908691,0.2921408836726643
974,0.16948005557060242,1.0,0.7983230352401733,0.7854436039924622,0.24231671156437928
975,0.1503993570804596,0.999117374420166,0.7987643480300903,0.7870528697967529,0.2662212976270056
976,0.15843619406223297,1.0,0.7996469736099243,0.7914136052131653,0.3142549657276937
977,0.17051132023334503,1.0,0.8005295991897583,0.7908944487571716,0.2506783870972828
978,0.16008974611759186,1.0,0.7978817224502563,0.7894408702850342,0.3438893361618538
979,0.17987404763698578,1.0,0.7983230352401733,0.7877277731895447,0.2955992071268979
980,0.1547640860080719,1.0,0.8031774163246155,0.7915693521499634,0.26500782070750417
981,0.17193643748760223,1.0,0.8014121651649475,0.7949436902999878,0.2561547446566803
982,0.16003747284412384,1.0,0.7987643480300903,0.7922441959381104,0.24627579392768653
983,0.1652999222278595,1.0,0.7992056608200073,0.7901676893234253,0.2428784521626698
984,0.17237944900989532,1.0,0.8067078590393066,0.7897523641586304,0.33489070254952624
985,0.1676362305879593,1.0,0.8040600419044495,0.7865856885910034,0.2273737185536194
986,0.14923612773418427,1.0,0.8022947907447815,0.786533772945404,0.28252134537840096
987,0.1526212990283966,1.0,0.8062665462493896,0.7905829548835754,0.277428144498571
988,0.15232977271080017,1.0,0.8067078590393066,0.7940092086791992,0.23634642196324668
989,0.16113106906414032,1.0,0.8022947907447815,0.792763352394104,0.24996190677576824
990,0.1594279557466507,1.0,0.7992056608200073,0.7927114367485046,0.2790249705270075
991,0.17333650588989258,1.0,0.7978817224502563,0.7913097739219666,0.2526877784256197
992,0.1606370508670807,1.0,0.7952339053153992,0.7880392670631409,0.25221644469529175
993,0.16808712482452393,1.0,0.8005295991897583,0.7882468700408936,0.2924821142539904
994,0.1779315173625946,1.0,0.7974404096603394,0.7882987856864929,0.25120486282159527
995,0.1488390564918518,1.0,0.8014121651649475,0.7864299416542053,0.29161341168759275
996,0.1537751406431198,1.0,0.7956752181053162,0.7839900255203247,0.2701661497365014
997,0.15244857966899872,1.0,0.791703462600708,0.780148446559906,0.2621819717867403
998,0.17883196473121643,1.0,0.7987643480300903,0.7816020250320435,0.2506934261310618
999,0.1560976505279541,1.0,0.7992056608200073,0.786533772945404,0.28953257495149254
1000,0.1691848486661911,1.0,0.7992056608200073,0.7825364470481873,0.2939460089180684
1001,0.14979419112205505,1.0,0.792586088180542,0.7731401920318604,0.29470262676896214
1002,0.19178156554698944,1.0,0.7969990968704224,0.780719518661499,0.40305392233805165
1003,0.1689591258764267,1.0,0.7956752181053162,0.7836266160011292,0.3166572571251199
1004,0.18834325671195984,1.0,0.7947925925254822,0.7886621952056885,0.327723355859846
1005,0.16890954971313477,0.999117374420166,0.8014121651649475,0.7922441959381104,0.2773957633318268
1006,0.18681426346302032,1.0,0.7992056608200073,0.7876758575439453,0.35122876152667143
1007,0.17641597986221313,0.999117374420166,0.7886143326759338,0.7790582776069641,0.26716757757135023
1008,0.15114492177963257,0.999117374420166,0.7811120748519897,0.7759954333305359,0.24688398267152195
1009,0.1934860199689865,1.0,0.7850838303565979,0.7764626145362854,0.30727661602794903
1010,0.18330414593219757,1.0,0.7864077687263489,0.7827960252761841,0.28675399109637995
1011,0.1728445589542389,0.999117374420166,0.789055585861206,0.7837823629379272,0.28905509840786436
1012,0.16970041394233704,1.0,0.7930273413658142,0.787779688835144,0.4023321984504042
1013,0.20603333413600922,1.0,0.7943512797355652,0.785962700843811,0.36257186838112315
1014,0.16313698887825012,1.0,0.7947925925254822,0.7799926996231079,0.27973386489837465
1015,0.17626219987869263,1.0,0.790379524230957,0.7790063619613647,0.28214917650239424
1016,0.17972731590270996,1.0,0.78993821144104,0.7813424468040466,0.3386328097344307
1017,0.20730051398277283,1.0,0.7952339053153992,0.7867933511734009,0.3493075015275119
1018,0.16314582526683807,1.0,0.7930273413658142,0.7892332673072815,0.31754395408328795
1019,0.1700933873653412,1.0,0.7943512797355652,0.7865856885910034,0.27100642952186205
1020,0.16178898513317108,1.0,0.7943512797355652,0.786378026008606,0.2745153651751075
1021,0.17225664854049683,1.0,0.7952339053153992,0.787623941898346,0.2954792146168731
1022,0.1707385778427124,1.0,0.792586088180542,0.7871567010879517,0.31728644245610244
1023,0.15825651586055756,1.0,0.790379524230957,0.7867414355278015,0.3115736128509984
1024,0.17775602638721466,0.999117374420166,0.789055585861206,0.7868452668190002,0.3009824534138513
1025,0.19343909621238708,0.999117374420166,0.792144775390625,0.7878316044807434,0.3145960650813584
1026,0.18700475990772247,0.9982348084449768,0.7930273413658142,0.7911540269851685,0.2721300504638032
1027,0.1639178842306137,1.0,0.791703462600708,0.787623941898346,0.2377161319461336
1028,0.1787365972995758,1.0,0.7992056608200073,0.7897523641586304,0.2792290421346438
1029,0.18112190067768097,1.0,0.8000882863998413,0.7912578582763672,0.29287943707999964
1030,0.16646739840507507,1.0,0.7939099669456482,0.7867933511734009,0.3493141764751197
1031,0.17657476663589478,1.0,0.790379524230957,0.7836785316467285,0.2955674102151037
1032,0.18584725260734558,1.0,0.7859664559364319,0.7803561091423035,0.2926497827587986
1033,0.1812119483947754,1.0,0.7877317070960999,0.7843015193939209,0.28043741048343146
1034,0.1840779036283493,1.0,0.7806708216667175,0.783470869064331,0.40594408014132694
1035,0.18390896916389465,1.0,0.7811120748519897,0.7802003622055054,0.312546470053563
1036,0.19930309057235718,1.0,0.7819947004318237,0.7821730971336365,0.3192655229804309
1037,0.17425066232681274,1.0,0.7833186388015747,0.7795774340629578,0.2902473450820138
1038,0.17788925766944885,1.0,0.7846425771713257,0.7779681086540222,0.3321728119928139
1039,0.1692461371421814,1.0,0.7886143326759338,0.7806156873703003,0.333575157946076
1040,0.19447968900203705,1.0,0.792144775390625,0.783211350440979,0.36964499362266634
1041,0.1880405843257904,1.0,0.7947925925254822,0.7858588695526123,0.35255074935718866
1042,0.1766083836555481,1.0,0.791703462600708,0.7796812653541565,0.2826973167195595
1043,0.20255373418331146,1.0,0.7934686541557312,0.7830036878585815,0.36540686646663156
1044,0.19753259420394897,1.0,0.7983230352401733,0.7866895198822021,0.32779124505941115
1045,0.1917743682861328,0.999117374420166,0.7961165308952332,0.7854436039924622,0.29785986511588214
1046,0.21785201132297516,1.0,0.7947925925254822,0.7840938568115234,0.40298276905876756
1047,0.20277291536331177,0.999117374420166,0.7961165308952332,0.786949098110199,0.31214338698771726
1048,0.19545213878154755,1.0,0.7992056608200073,0.7917250394821167,0.28678351354272635
1049,0.18378783762454987,1.0,0.7996469736099243,0.7930747866630554,0.27902045013908305
1050,0.1922566145658493,1.0,0.8045013546943665,0.7912059426307678,0.31271283670898464
1051,0.1815396398305893,1.0,0.8062665462493896,0.7897523641586304,0.3059541201580534
1052,0.18181316554546356,1.0,0.8022947907447815,0.7888179421424866,0.26001028179232233
1053,0.16950125992298126,1.0,0.7987643480300903,0.7871567010879517,0.30066913889484004
1054,0.19075554609298706,1.0,0.7974404096603394,0.7885583639144897,0.27549961182193694
1055,0.1747412234544754,1.0,0.792586088180542,0.7876758575439453,0.3109693763406561
1056,0.1772785782814026,1.0,0.7930273413658142,0.7862741947174072,0.2643388160088692
1057,0.18520011007785797,1.0,0.790820837020874,0.7810310125350952,0.28218661390042477
1058,0.1863163560628891,1.0,0.78993821144104,0.7810310125350952,0.3266141249346758
1059,0.16486196219921112,0.999117374420166,0.792586088180542,0.7814981937408447,0.291010860789754
1060,0.18813534080982208,1.0,0.7872903943061829,0.7848206162452698,0.2783164828621608
1061,0.16029109060764313,0.999117374420166,0.7842012643814087,0.7860146164894104,0.240353832501912
1062,0.17653334140777588,1.0,0.7859664559364319,0.7822769284248352,0.27840954889534236
1063,0.19206249713897705,1.0,0.78993821144104,0.7819135189056396,0.3085619478215071
1064,0.16178187727928162,1.0,0.7886143326759338,0.7811866998672485,0.2888162107845783
1065,0.1757228970527649,0.9982348084449768,0.7864077687263489,0.7857550978660583,0.3194579824059399
1066,0.16154100000858307,1.0,0.792144775390625,0.785703182220459,0.27643329865122324
1067,0.1588437855243683,1.0,0.7855251431465149,0.7817058563232422,0.273947335741774
1068,0.184689000248909,0.999117374420166,0.7877317070960999,0.7858069539070129,0.3390496673930212
1069,0.16053393483161926,1.0,0.7850838303565979,0.7843015193939209,0.2582013072531432
1070,0.20757807791233063,1.0,0.790820837020874,0.7852359414100647,0.30448789840042295
1071,0.183441162109375,1.0,0.7947925925254822,0.7867414355278015,0.30609656366970306
1072,0.17016202211380005,1.0,0.7934686541557312,0.7887660264968872,0.29270101609550264
1073,0.16713877022266388,1.0,0.7855251431465149,0.7848206162452698,0.26875672627292374
1074,0.17466595768928528,1.0,0.792144775390625,0.7883507013320923,0.3569882504491344
1075,0.17674309015274048,1.0,0.792586088180542,0.7882987856864929,0.329043610661773
1076,0.1668480634689331,1.0,0.792586088180542,0.7882468700408936,0.2742195719761217
1077,0.21849766373634338,1.0,0.7992056608200073,0.7915693521499634,0.38141358107328105
1078,0.15994513034820557,0.999117374420166,0.7934686541557312,0.7920365333557129,0.24864784018999633
1079,0.17542801797389984,1.0,0.7983230352401733,0.7909982800483704,0.2892399575496516
1080,0.17147497832775116,1.0,0.8000882863998413,0.790271520614624,0.28272565836329605
1081,0.17017991840839386,1.0,0.7978817224502563,0.7893889546394348,0.21494667039275703
1082,0.17827032506465912,0.999117374420166,0.790820837020874,0.7895966172218323,0.2902882065383979
1083,0.17766785621643066,0.9982348084449768,0.7965578436851501,0.7926595211029053,0.3265030805038017
1084,0.1696740686893463,0.9982348084449768,0.7987643480300903,0.7924518585205078,0.26150714871761466
1085,0.19002503156661987,1.0,0.8005295991897583,0.7957223653793335,0.40520675916581356
1086,0.16518151760101318,1.0,0.8062665462493896,0.7935939431190491,0.28044341399581674
1087,0.1554023176431656,1.0,0.8027361035346985,0.7882987856864929,0.22406888684030013
1088,0.15999318659305573,1.0,0.8014121651649475,0.785962700843811,0.24595645608659142
1089,0.150197371840477,1.0,0.7983230352401733,0.7862741947174072,0.2584799636618613
1090,0.1770646572113037,1.0,0.8022947907447815,0.7889217734336853,0.2996730896523987
1091,0.1869094967842102,1.0,0.8000882863998413,0.7854955196380615,0.3079133106499324
1092,0.17330211400985718,1.0,0.790379524230957,0.7810829281806946,0.2751211434727368
1093,0.17834116518497467,1.0,0.7930273413658142,0.7811347842216492,0.31435598059313513
1094,0.16772779822349548,1.0,0.7943512797355652,0.783886194229126,0.25428094015060393
1095,0.14656074345111847,1.0,0.7992056608200073,0.7863261103630066,0.2569213672160536
1096,0.17768420279026031,1.0,0.792586088180542,0.7854436039924622,0.27664483842530796
1097,0.15043050050735474,1.0,0.7969990968704224,0.7854955196380615,0.2402862011454431
1098,0.17583151161670685,1.0,0.7965578436851501,0.7878835201263428,0.26252699038233995
1099,0.1725108027458191,1.0,0.7987643480300903,0.7878316044807434,0.27118578795393444
1100,0.16087065637111664,1.0,0.8027361035346985,0.787623941898346,0.22862815429691327
1101,0.15698795020580292,1.0,0.8005295991897583,0.7885064482688904,0.2406236061398989
1102,0.17139628529548645,1.0,0.7987643480300903,0.788454532623291,0.3057698959453228
1103,0.1613287478685379,1.0,0.78993821144104,0.7840419411659241,0.24804665855907904
1104,0.165644109249115,1.0,0.789055585861206,0.7852359414100647,0.29077868732694684
1105,0.16151757538318634,1.0,0.7934686541557312,0.7878835201263428,0.2999241415283542
1106,0.1935288906097412,1.0,0.792144775390625,0.787623941898346,0.2855995504128066
1107,0.17750298976898193,1.0,0.7992056608200073,0.7935939431190491,0.3320864980546123
1108,0.16488204896450043,1.0,0.8031774163246155,0.795930027961731,0.25097204761048747
1109,0.16677674651145935,1.0,0.7978817224502563,0.7907906174659729,0.2776996823782466
1110,0.15834902226924896,0.999117374420166,0.791262149810791,0.7851840257644653,0.29273937251149235
1111,0.15474535524845123,0.999117374420166,0.7886143326759338,0.7816020250320435,0.26715048550441844
1112,0.16115161776542664,0.999117374420166,0.7872903943061829,0.7821730971336365,0.24912921974872865
1113,0.17893728613853455,1.0,0.792144775390625,0.7861703634262085,0.2899421553232354
1114,0.1669711470603943,1.0,0.7961165308952332,0.7897523641586304,0.31304158734668813
1115,0.15183787047863007,1.0,0.7947925925254822,0.7864818572998047,0.25737831259240695
1116,0.14759093523025513,1.0,0.7930273413658142,0.7885583639144897,0.24844644126916599
1117,0.18902622163295746,1.0,0.7974404096603394,0.7939572930335999,0.3296940525316135
1118,0.16942910850048065,1.0,0.7978817224502563,0.7919846177101135,0.22452593360073944
1119,0.1508922427892685,1.0,0.7961165308952332,0.7906867861747742,0.21498958837299223
1120,0.16372713446617126,0.999117374420166,0.8031774163246155,0.7911021113395691,0.26270880648436307
1121,0.16457179188728333,1.0,0.8040600419044495,0.7929709553718567,0.2826979041995488
1122,0.15741939842700958,1.0,0.8040600419044495,0.7926595211029053,0.30699403305499606
1123,0.15935298800468445,1.0,0.7969990968704224,0.7868452668190002,0.24671218890431218
1124,0.1578061580657959,1.0,0.792144775390625,0.7843534350395203,0.3325251086028346
1125,0.16678789258003235,0.999117374420166,0.7868490815162659,0.778902530670166,0.2799393694914818
1126,0.16274729371070862,0.999117374420166,0.78993821144104,0.781394362449646,0.29171360263442964
1127,0.154704749584198,0.999117374420166,0.8027361035346985,0.7842496037483215,0.2815293859780129
1128,0.1651064157485962,1.0,0.8067078590393066,0.7898042798042297,0.2503876346794221
1129,0.14304953813552856,1.0,0.8080317974090576,0.7868971824645996,0.2581524194977391
1130,0.15388181805610657,1.0,0.8027361035346985,0.7844053506851196,0.2744246335566519
1131,0.14813467860221863,0.999117374420166,0.7956752181053162,0.7812905311584473,0.2514189834291353
1132,0.14823348820209503,1.0,0.7996469736099243,0.7832632660865784,0.2854037503900565
1133,0.17578943073749542,1.0,0.8018534779548645,0.786949098110199,0.3243642485335007
1134,0.162882462143898,1.0,0.8000882863998413,0.7891813516616821,0.3081617764980033
1135,0.14387862384319305,1.0,0.7965578436851501,0.7884026169776917,0.1882510674645019
1136,0.163289412856102,1.0,0.8014121651649475,0.7886621952056885,0.2575732943380795
1137,0.14635524153709412,1.0,0.7947925925254822,0.7864818572998047,0.2200651885272272
1138,0.1630522906780243,0.999117374420166,0.7974404096603394,0.7874681949615479,0.3056201615500571
1139,0.19296890497207642,1.0,0.7992056608200073,0.791517436504364,0.31921923778294675
1140,0.16528941690921783,1.0,0.7930273413658142,0.7845091819763184,0.2651265452466761
1141,0.17834797501564026,1.0,0.7956752181053162,0.7839900255203247,0.3602732325344518
1142,0.17647311091423035,1.0,0.789496898651123,0.778071939945221,0.2977623744179531
1143,0.16468490660190582,1.0,0.7833186388015747,0.7768779397010803,0.2977677719033674
1144,0.17271378636360168,1.0,0.7877317070960999,0.7782796025276184,0.30346191160447195
1145,0.17121094465255737,1.0,0.791703462600708,0.780148446559906,0.33321282907418753
1146,0.15506978332996368,1.0,0.791703462600708,0.7809271812438965,0.28610160069699875
1147,0.1822163313627243,1.0,0.7974404096603394,0.7895447015762329,0.37557701388514664
1148,0.17934781312942505,1.0,0.7934686541557312,0.7873124480247498,0.32083436051810427
1149,0.1707584410905838,1.0,0.789496898651123,0.7864299416542053,0.2929041790336516
1150,0.17261819541454315,1.0,0.7974404096603394,0.7904791235923767,0.3480969309910646
1151,0.17536747455596924,0.9982348084449768,0.7987643480300903,0.7923999428749084,0.29807309714529645
1152,0.17418642342090607,1.0,0.7943512797355652,0.7908944487571716,0.31335658718972764
1153,0.1566983163356781,1.0,0.790379524230957,0.785962700843811,0.24168389871178933
1154,0.18308520317077637,1.0,0.791703462600708,0.7858069539070129,0.27973673285575357
1155,0.17198869585990906,1.0,0.7952339053153992,0.7858588695526123,0.27324890586955436
1156,0.16413243114948273,1.0,0.7947925925254822,0.786533772945404,0.2605713268329604
1157,0.17562070488929749,1.0,0.7974404096603394,0.785962700843811,0.3284583374971469
1158,0.174531489610672,1.0,0.7983230352401733,0.7887141108512878,0.334344762563052
1159,0.17084740102291107,1.0,0.8018534779548645,0.7925037741661072,0.3092097761173426
1160,0.1797451227903366,1.0,0.8014121651649475,0.7894408702850342,0.2818030252185804
1161,0.16855736076831818,0.999117374420166,0.8045013546943665,0.7883507013320923,0.3010377768969731
1162,0.15498580038547516,1.0,0.7992056608200073,0.7871047854423523,0.24678173200743225
1163,0.17524968087673187,1.0,0.7956752181053162,0.7802003622055054,0.29077762335089646
1164,0.18155524134635925,1.0,0.8000882863998413,0.7828998565673828,0.3552998176002808
1165,0.1775439828634262,1.0,0.7992056608200073,0.787208616733551,0.30966370880813426
1166,0.16293036937713623,1.0,0.7952339053153992,0.7876758575439453,0.26478666248675053
1167,0.17214564979076385,1.0,0.7939099669456482,0.7864818572998047,0.2472242523624294
1168,0.16297456622123718,1.0,0.7947925925254822,0.781965434551239,0.23940325161659393
1169,0.18159200251102448,1.0,0.791703462600708,0.7809790968894958,0.31766160911329927
1170,0.1622006893157959,1.0,0.7947925925254822,0.7837304472923279,0.28253596810628023
1171,0.1695907562971115,1.0,0.7939099669456482,0.7858069539070129,0.300059166079133
1172,0.15067756175994873,1.0,0.7952339053153992,0.7846648693084717,0.2542160733554937
1173,0.162324458360672,0.999117374420166,0.7952339053153992,0.7830556035041809,0.2772917688422171
1174,0.1634758561849594,1.0,0.790379524230957,0.7823807001113892,0.23633518799868722
1175,0.16539408266544342,1.0,0.791703462600708,0.7814981937408447,0.3219369327964799
1176,0.18984992802143097,1.0,0.7978817224502563,0.7885064482688904,0.35308484137089996
1177,0.15797944366931915,1.0,0.7939099669456482,0.787208616733551,0.22677163644353704
1178,0.1658587008714676,1.0,0.7947925925254822,0.7881949543952942,0.31311426461203096
1179,0.15245164930820465,1.0,0.792586088180542,0.7872605323791504,0.2214237543044736
1180,0.16351251304149628,1.0,0.7978817224502563,0.791517436504364,0.33380692475330254
1181,0.1657760590314865,1.0,0.8009708523750305,0.7888179421424866,0.32008931839386995
1182,0.15545804798603058,1.0,0.7992056608200073,0.784716784954071,0.2787090293000578
1183,0.17084690928459167,1.0,0.7974404096603394,0.7859107851982117,0.3205307404980016
1184,0.15793105959892273,1.0,0.7956752181053162,0.7866895198822021,0.26206466511712995
1185,0.18082688748836517,0.999117374420166,0.8005295991897583,0.7903234362602234,0.2988305518828654
1186,0.18291306495666504,1.0,0.8067078590393066,0.7933862805366516,0.35014110652437247
1187,0.15081125497817993,1.0,0.8045013546943665,0.793438196182251,0.22134142196296774
1188,0.16507408022880554,1.0,0.8009708523750305,0.7912059426307678,0.2782312115409293
1189,0.1679571270942688,1.0,0.7956752181053162,0.7886102795600891,0.2539608111297862
1190,0.17716237902641296,0.999117374420166,0.792586088180542,0.7892332673072815,0.2871416337202465
1191,0.20374511182308197,1.0,0.7956752181053162,0.7889736890792847,0.38373626039467706
1192,0.1735197752714157,0.999117374420166,0.7939099669456482,0.7848725318908691,0.30500145940173723
1193,0.17413979768753052,0.999117374420166,0.7930273413658142,0.783470869064331,0.2928367768505999
1194,0.16622136533260345,1.0,0.7956752181053162,0.7836785316467285,0.2965560069906686
1195,0.1756705641746521,1.0,0.7956752181053162,0.7836785316467285,0.37757520941867345
1196,0.16180692613124847,1.0,0.7943512797355652,0.7854955196380615,0.23623719205764543
1197,0.1787099689245224,1.0,0.792586088180542,0.7850801944732666,0.29546347621623836
1198,0.16650067269802094,1.0,0.7886143326759338,0.7873643636703491,0.276177257353418
1199,0.15579137206077576,1.0,0.7930273413658142,0.7870009541511536,0.25059457834305604
1200,0.14923760294914246,1.0,0.7939099669456482,0.7883507013320923,0.2227428959417034
1201,0.16962604224681854,1.0,0.7956752181053162,0.7882468700408936,0.28719743322535946
1202,0.15293338894844055,1.0,0.7961165308952332,0.788454532623291,0.25303658819137304
1203,0.14825484156608582,1.0,0.7930273413658142,0.786949098110199,0.2541715294979482
1204,0.1718895584344864,1.0,0.7947925925254822,0.787208616733551,0.30269054062566014
1205,0.1575842648744583,1.0,0.7974404096603394,0.7874162793159485,0.27794003882977153
1206,0.17372030019760132,1.0,0.7978817224502563,0.7902196049690247,0.33613839039864035
1207,0.16081412136554718,1.0,0.7943512797355652,0.7907387018203735,0.3132196504716573
1208,0.15638507902622223,1.0,0.790820837020874,0.7893889546394348,0.2803678960090134
1209,0.1683025062084198,0.999117374420166,0.7974404096603394,0.7893889546394348,0.2997651823193259
1210,0.14503684639930725,0.999117374420166,0.8000882863998413,0.7851840257644653,0.2790560796330527
1211,0.15693451464176178,1.0,0.792586088180542,0.779888927936554,0.2725739021233588
1212,0.17309533059597015,1.0,0.791703462600708,0.7813424468040466,0.32036888548329456
1213,0.1660253256559372,1.0,0.7978817224502563,0.7860665321350098,0.2937719983520594
1214,0.14968352019786835,1.0,0.7974404096603394,0.7889736890792847,0.23994766404537932
1215,0.13569018244743347,1.0,0.8009708523750305,0.7884026169776917,0.21869078120583224
1216,0.16265539824962616,1.0,0.8000882863998413,0.7892332673072815,0.2486550458481031
1217,0.1585920751094818,1.0,0.7965578436851501,0.7920884490013123,0.3147417915722811
1218,0.17605993151664734,1.0,0.7969990968704224,0.7896485328674316,0.29980723374331414
1219,0.14469893276691437,1.0,0.791262149810791,0.7861184477806091,0.22513676271218871
1220,0.1673586666584015,1.0,0.791262149810791,0.7901676893234253,0.3031276791785433
1221,0.15255141258239746,1.0,0.7930273413658142,0.7897523641586304,0.26816140192246246
1222,0.18060459196567535,1.0,0.790379524230957,0.7883507013320923,0.29505147254084046
1223,0.1660355031490326,1.0,0.78993821144104,0.7889217734336853,0.2721637373690503
1224,0.1582532525062561,1.0,0.792144775390625,0.7884026169776917,0.25628675518642724
1225,0.15036258101463318,1.0,0.790820837020874,0.787623941898346,0.23305504506326905
1226,0.15272200107574463,1.0,0.790379524230957,0.7890775203704834,0.23950503864802183
1227,0.18545913696289062,1.0,0.7943512797355652,0.7901157736778259,0.3729944647926542
1228,0.14937187731266022,1.0,0.789055585861206,0.7879873514175415,0.2653665861462793
1229,0.15757177770137787,1.0,0.792144775390625,0.7878316044807434,0.34268410171789676
1230,0.15548796951770782,1.0,0.7947925925254822,0.7885583639144897,0.30797043661145973
1231,0.17335575819015503,1.0,0.7996469736099243,0.7899081110954285,0.28315677042509757
1232,0.16912537813186646,1.0,0.7996469736099243,0.7925037741661072,0.30524721222798945
1233,0.19346751272678375,1.0,0.8036187291145325,0.7904791235923767,0.3235572792013325
1234,0.16652368009090424,1.0,0.8022947907447815,0.7886102795600891,0.32415347962045465
1235,0.19515983760356903,0.999117374420166,0.7961165308952332,0.7893889546394348,0.3480184673406739
1236,0.14668531715869904,0.999117374420166,0.7934686541557312,0.7874162793159485,0.24205815489592017
1237,0.16037017107009888,1.0,0.790820837020874,0.783470869064331,0.30070935802526133
1238,0.18027234077453613,1.0,0.791703462600708,0.7826921939849854,0.3306476525287929
1239,0.18235166370868683,1.0,0.7947925925254822,0.7874681949615479,0.29360130472943935
1240,0.1699974238872528,1.0,0.8009708523750305,0.7890775203704834,0.25715916644594206
1241,0.172771617770195,1.0,0.7996469736099243,0.7918288707733154,0.31506315359800185
1242,0.20038224756717682,1.0,0.8009708523750305,0.7945802807807922,0.32460158785384075
1243,0.1992088109254837,1.0,0.7987643480300903,0.7887141108512878,0.33974386953861246
1244,0.1700126975774765,1.0,0.7934686541557312,0.7844053506851196,0.31223397932315744
1245,0.15282562375068665,1.0,0.789055585861206,0.7874681949615479,0.25356075275316187
1246,0.15320086479187012,1.0,0.8000882863998413,0.790271520614624,0.24286278936106212
1247,0.16488316655158997,1.0,0.7956752181053162,0.7901157736778259,0.2569849837702096
1248,0.15804395079612732,1.0,0.7930273413658142,0.7904272675514221,0.29797791628257986
1249,0.16156485676765442,1.0,0.792586088180542,0.7899081110954285,0.27525630974443205
1250,0.1723063737154007,1.0,0.7934686541557312,0.7900638580322266,0.29882701035698295
1251,0.17522889375686646,1.0,0.7983230352401733,0.7906867861747742,0.31954630137264844
1252,0.16601786017417908,1.0,0.7978817224502563,0.7919327020645142,0.3214336082183557
1253,0.15329083800315857,1.0,0.7987643480300903,0.7898042798042297,0.2658375988795976
1254,0.15952646732330322,1.0,0.7974404096603394,0.7908944487571716,0.2296395050755814
1255,0.15657834708690643,1.0,0.8014121651649475,0.7948398590087891,0.3091764555723343
1256,0.17311131954193115,1.0,0.7956752181053162,0.7954108715057373,0.24943362631091281
1257,0.1509651243686676,1.0,0.7969990968704224,0.7940611243247986,0.26436047849164585
1258,0.1577122062444687,1.0,0.8005295991897583,0.7973836064338684,0.2601882763082697
1259,0.13704706728458405,1.0,0.8018534779548645,0.7933343648910522,0.24487405712856658
1260,0.1691582202911377,1.0,0.8053839206695557,0.7926595211029053,0.300306081970132
1261,0.15304099023342133,1.0,0.8071491718292236,0.7915693521499634,0.2227432527605339
1262,0.1735648810863495,1.0,0.8009708523750305,0.7892851829528809,0.2759295453877941
1263,0.19664135575294495,1.0,0.8009708523750305,0.7920365333557129,0.3027371283615621
1264,0.168680801987648,1.0,0.7978817224502563,0.7938016057014465,0.2538539431554582
1265,0.15155252814292908,1.0,0.8005295991897583,0.793438196182251,0.2666603664632127
1266,0.1762106716632843,1.0,0.8009708523750305,0.7925556898117065,0.27886285153836243
1267,0.17499563097953796,1.0,0.7983230352401733,0.7881430387496948,0.2596542099970992
1268,0.1512729525566101,1.0,0.7939099669456482,0.7864818572998047,0.32444794489823514
1269,0.1670141965150833,1.0,0.7930273413658142,0.7898561954498291,0.2750571757367636
1270,0.15685755014419556,1.0,0.7996469736099243,0.795930027961731,0.32468010483326964
1271,0.14070558547973633,1.0,0.8000882863998413,0.7965010404586792,0.24335338042163224
1272,0.14748939871788025,1.0,0.7983230352401733,0.7956704497337341,0.23247401499825804
1273,0.16491009294986725,1.0,0.7961165308952332,0.7933343648910522,0.25181390216619703
1274,0.15585456788539886,1.0,0.7930273413658142,0.7867414355278015,0.26147416395373524
1275,0.17433054745197296,1.0,0.791703462600708,0.7848725318908691,0.2709962668853348
1276,0.1773666888475418,1.0,0.791262149810791,0.7875720262527466,0.2914595167289757
1277,0.15876168012619019,1.0,0.78993821144104,0.7882987856864929,0.2739522555357752
1278,0.1439429372549057,0.999117374420166,0.7881730198860168,0.788454532623291,0.2421488032795604
1279,0.1720355898141861,0.999117374420166,0.78993821144104,0.7889217734336853,0.2702277389906808
1280,0.1693122535943985,1.0,0.789496898651123,0.7908425331115723,0.2801786667455507
1281,0.15700747072696686,1.0,0.789055585861206,0.7903234362602234,0.28116126719232615
1282,0.13711485266685486,1.0,0.790379524230957,0.7896485328674316,0.194103401177573
1283,0.15628932416439056,1.0,0.792586088180542,0.7912578582763672,0.23850396328746526
1284,0.18681344389915466,0.999117374420166,0.7978817224502563,0.7937496900558472,0.2786065328632711
1285,0.15359126031398773,1.0,0.7992056608200073,0.7922441959381104,0.25402857514299926
1286,0.16859760880470276,1.0,0.7996469736099243,0.7899600267410278,0.3197172753015182
1287,0.16411520540714264,1.0,0.7943512797355652,0.7875720262527466,0.3060402869134448
1288,0.14194656908512115,1.0,0.7943512797355652,0.7879873514175415,0.2014509472213906
1289,0.17224961519241333,1.0,0.7965578436851501,0.7881949543952942,0.28071305944326624
1290,0.1771773099899292,0.999117374420166,0.7974404096603394,0.7909982800483704,0.27780560114671277
1291,0.18984247744083405,1.0,0.7965578436851501,0.7914655208587646,0.3171448214408696
1292,0.1676226407289505,1.0,0.7943512797355652,0.7903753519058228,0.27896578279957174
1293,0.16157816350460052,1.0,0.7956752181053162,0.7888698577880859,0.2913174265993442
1294,0.1695602983236313,1.0,0.8067078590393066,0.7887141108512878,0.31632424831002787
1295,0.18771257996559143,1.0,0.7996469736099243,0.7898042798042297,0.3427429540787219
1296,0.16336898505687714,1.0,0.7965578436851501,0.7834190130233765,0.25955984837077983
1297,0.16423366963863373,1.0,0.7969990968704224,0.7839900255203247,0.29395535748083945
1298,0.15494902431964874,0.999117374420166,0.8000882863998413,0.786378026008606,0.2787024279466125
1299,0.15620772540569305,0.9982348084449768,0.7965578436851501,0.7839900255203247,0.22318586519931982
1300,0.16810625791549683,0.999117374420166,0.7987643480300903,0.7861703634262085,0.31763639348310285
1301,0.16439586877822876,1.0,0.7996469736099243,0.7876758575439453,0.31549408431033327
1302,0.15609054267406464,1.0,0.7983230352401733,0.787208616733551,0.25904643557994184
1303,0.17184755206108093,1.0,0.7992056608200073,0.785962700843811,0.29623502020576753
1304,0.1728111356496811,1.0,0.8071491718292236,0.7894927859306335,0.29995175928145545
1305,0.16180634498596191,0.999117374420166,0.8036187291145325,0.7922961115837097,0.3004277674604184
1306,0.1811884045600891,0.999117374420166,0.8049426078796387,0.7926595211029053,0.31562480387724395
1307,0.16545797884464264,1.0,0.8049426078796387,0.7922961115837097,0.26715622622141644
1308,0.15290576219558716,1.0,0.7961165308952332,0.7907906174659729,0.27937569535826423
1309,0.15418478846549988,0.999117374420166,0.7934686541557312,0.7891813516616821,0.2951808326830843
1310,0.14713963866233826,0.999117374420166,0.7855251431465149,0.7855993509292603,0.24373001179624584
1311,0.1624143123626709,0.999117374420166,0.791262149810791,0.7872605323791504,0.2842277737673859
1312,0.17202632129192352,1.0,0.7978817224502563,0.7907387018203735,0.30291463449272915
1313,0.1905628740787506,1.0,0.8000882863998413,0.7929709553718567,0.3079268725965838
1314,0.15788964927196503,1.0,0.8000882863998413,0.7947879433631897,0.2652818714860998
1315,0.17360475659370422,1.0,0.8005295991897583,0.792867124080658,0.28612948748745404
1316,0.15811364352703094,1.0,0.7987643480300903,0.7901157736778259,0.2773836193230125
1317,0.19015254080295563,1.0,0.7978817224502563,0.7911540269851685,0.35541733262883535
1318,0.16466355323791504,1.0,0.7952339053153992,0.7876758575439453,0.31906161308272
1319,0.17411452531814575,0.999117374420166,0.7877317070960999,0.7861703634262085,0.32057473036260276
1320,0.17275995016098022,0.999117374420166,0.7855251431465149,0.7817577719688416,0.2849323815112275
1321,0.19604744017124176,0.999117374420166,0.7850838303565979,0.7866376042366028,0.34102229830282993
1322,0.18194887042045593,1.0,0.792144775390625,0.790946364402771,0.38110402462198656
1323,0.19996902346611023,1.0,0.8000882863998413,0.7945802807807922,0.3638020145111078
1324,0.18389064073562622,1.0,0.792144775390625,0.7907387018203735,0.3130108568806173
1325,0.169752836227417,1.0,0.8009708523750305,0.7925037741661072,0.3440270629167059
1326,0.18907088041305542,1.0,0.7983230352401733,0.7923480272293091,0.31342521451003824
1327,0.16772693395614624,1.0,0.7969990968704224,0.7863261103630066,0.25330687657086737
1328,0.18366755545139313,1.0,0.8031774163246155,0.7893370389938354,0.3279070441854944
1329,0.17988631129264832,1.0,0.8036187291145325,0.7903753519058228,0.2847737779504162
1330,0.17815160751342773,1.0,0.8009708523750305,0.7925556898117065,0.2818267367719016
1331,0.17900103330612183,1.0,0.7974404096603394,0.7953070402145386,0.2548854001648602
1332,0.16680403053760529,1.0,0.8036187291145325,0.796760618686676,0.37449439953808844
1333,0.1830018013715744,1.0,0.8040600419044495,0.7954627871513367,0.3159713506554757
1334,0.17329491674900055,1.0,0.8062665462493896,0.7940092086791992,0.30832988949392737
1335,0.17801614105701447,1.0,0.7987643480300903,0.7897523641586304,0.2721637766810334
1336,0.19225190579891205,1.0,0.7947925925254822,0.7870009541511536,0.3376818393700434
1337,0.16320021450519562,1.0,0.78993821144104,0.7841976881027222,0.28552879246561963
1338,0.20907697081565857,1.0,0.7934686541557312,0.7891813516616821,0.32064873783915154
1339,0.18949319422245026,1.0,0.8018534779548645,0.7942168712615967,0.34252569529957777
1340,0.1602468490600586,1.0,0.7969990968704224,0.7935939431190491,0.27367482946006655
1341,0.16990430653095245,0.999117374420166,0.7987643480300903,0.792867124080658,0.22559730134891187
1342,0.159358948469162,1.0,0.7996469736099243,0.7922441959381104,0.25898977025309217
1343,0.19816932082176208,1.0,0.8009708523750305,0.7898042798042297,0.33442621204470135
1344,0.16194525361061096,1.0,0.8040600419044495,0.7916212677955627,0.2657529700938159
1345,0.15769125521183014,1.0,0.8062665462493896,0.7936977744102478,0.21925194198663214
1346,0.1610400527715683,1.0,0.8089144229888916,0.7949436902999878,0.262477286822136
1347,0.17181439697742462,1.0,0.8000882863998413,0.7902196049690247,0.3407469896508484
1348,0.15463557839393616,1.0,0.7947925925254822,0.7857550978660583,0.22887270060428702
1349,0.17993450164794922,1.0,0.791703462600708,0.7886621952056885,0.2741348968402043
1350,0.15235739946365356,0.999117374420166,0.7987643480300903,0.7898042798042297,0.1953922792009946
1351,0.1735369861125946,0.999117374420166,0.8000882863998413,0.791517436504364,0.2694951810806145
1352,0.15891845524311066,0.999117374420166,0.8040600419044495,0.7913616895675659,0.2917506884710725
1353,0.16670940816402435,0.999117374420166,0.8009708523750305,0.7933862805366516,0.24527341048314766
1354,0.18122217059135437,1.0,0.8022947907447815,0.7949436902999878,0.25571593377968416
1355,0.16511228680610657,1.0,0.7978817224502563,0.7930747866630554,0.2839438780650377
1356,0.1471070647239685,1.0,0.7965578436851501,0.792867124080658,0.2362043756325571
1357,0.16438569128513336,0.999117374420166,0.7974404096603394,0.7937496900558472,0.2600068718173904
1358,0.17649078369140625,0.999117374420166,0.8031774163246155,0.794268786907196,0.2593636113591281
1359,0.16521382331848145,1.0,0.8014121651649475,0.7928152084350586,0.2558029863043231
1360,0.14787423610687256,1.0,0.7992056608200073,0.7920365333557129,0.19794675081930124
1361,0.1424136757850647,1.0,0.7956752181053162,0.7892332673072815,0.18942528925660626
1362,0.16046780347824097,1.0,0.7969990968704224,0.7916731238365173,0.26411951537101364
1363,0.172820046544075,1.0,0.7969990968704224,0.7920884490013123,0.2622899852128891
1364,0.14159822463989258,1.0,0.8018534779548645,0.7911540269851685,0.2356542253632039
1365,0.1609693467617035,1.0,0.7992056608200073,0.7901676893234253,0.24727565184104053
1366,0.1667361557483673,1.0,0.7961165308952332,0.7879354357719421,0.34169316624716967
1367,0.13883961737155914,1.0,0.7965578436851501,0.7874681949615479,0.23609965690229925
1368,0.12877656519412994,1.0,0.7952339053153992,0.7868452668190002,0.2697331311281061
1369,0.16164803504943848,0.999117374420166,0.7934686541557312,0.7879354357719421,0.31157083339932895
1370,0.1484253704547882,0.999117374420166,0.7956752181053162,0.7908944487571716,0.24645610927829043
1371,0.1593124270439148,0.999117374420166,0.7947925925254822,0.7907387018203735,0.2860968379454003
1372,0.1434113085269928,0.999117374420166,0.7969990968704224,0.7907906174659729,0.29864985380888587
1373,0.14689014852046967,1.0,0.7987643480300903,0.7902196049690247,0.257803369095348
1374,0.16853861510753632,0.999117374420166,0.7983230352401733,0.7882468700408936,0.2622221696990505
1375,0.16178402304649353,0.9973521828651428,0.8027361035346985,0.7863261103630066,0.2743993780733331
1376,0.18082109093666077,0.999117374420166,0.8022947907447815,0.7880911827087402,0.3436695156079971
1377,0.1721208542585373,0.999117374420166,0.7943512797355652,0.7879873514175415,0.3480877662496662
1378,0.16691693663597107,0.999117374420166,0.7943512797355652,0.7872605323791504,0.3450075933482895
1379,0.18651129305362701,1.0,0.7859664559364319,0.7835747003555298,0.34401249826000213
1380,0.16665492951869965,0.9982348084449768,0.791262149810791,0.7818616032600403,0.31625480563303454
1381,0.1677866131067276,0.999117374420166,0.7934686541557312,0.7827960252761841,0.3033877044632756
1382,0.1796143501996994,1.0,0.78993821144104,0.783886194229126,0.3397704138369947
1383,0.14747153222560883,1.0,0.790820837020874,0.7840938568115234,0.30779471966535354
1384,0.17936570942401886,1.0,0.7842012643814087,0.7848206162452698,0.3235164326928912
1385,0.1732989251613617,1.0,0.7744925022125244,0.7772413492202759,0.2580874371050741
1386,0.20179498195648193,1.0,0.7850838303565979,0.7805637717247009,0.36392803627178627
1387,0.16435374319553375,1.0,0.789496898651123,0.7824845314025879,0.25163031137952613
1388,0.173670694231987,1.0,0.7956752181053162,0.7868971824645996,0.37577818799949797
1389,0.17988477647304535,1.0,0.8062665462493896,0.7932305335998535,0.33025402004558047
1390,0.13574491441249847,1.0,0.8036187291145325,0.7926595211029053,0.21940335506712016
1391,0.17157477140426636,1.0,0.8000882863998413,0.7921403646469116,0.32050513696219207
1392,0.1922500878572464,1.0,0.7974404096603394,0.7914655208587646,0.31767267372109087
1393,0.19888930022716522,0.999117374420166,0.8022947907447815,0.7915693521499634,0.3225036696614015
1394,0.17086441814899445,1.0,0.7969990968704224,0.7896485328674316,0.3043222169617185
1395,0.18222345411777496,0.999117374420166,0.7974404096603394,0.7876758575439453,0.32090296725416056
1396,0.16111834347248077,0.999117374420166,0.8005295991897583,0.7860665321350098,0.2642199036453867
1397,0.1643708199262619,0.999117374420166,0.7947925925254822,0.7810829281806946,0.2220340772667748
1398,0.15487565100193024,1.0,0.7815533876419067,0.7775009274482727,0.27383949454499323
1399,0.18097858130931854,1.0,0.7930273413658142,0.781394362449646,0.340391212233984
1400,0.16321611404418945,0.999117374420166,0.7943512797355652,0.7853916883468628,0.2791135427389451
1401,0.17553302645683289,1.0,0.7947925925254822,0.7855993509292603,0.30479717969440634
1402,0.16259633004665375,1.0,0.7961165308952332,0.7868452668190002,0.29854305593882163
1403,0.15512992441654205,1.0,0.7969990968704224,0.7873643636703491,0.2706321098044007
1404,0.17183591425418854,1.0,0.8031774163246155,0.7889736890792847,0.25601113139418497
1405,0.15417540073394775,1.0,0.8031774163246155,0.7919846177101135,0.2752231971023589
1406,0.1360464245080948,1.0,0.8053839206695557,0.7900119423866272,0.2275733829777582
1407,0.15655967593193054,1.0,0.8009708523750305,0.7895447015762329,0.2656293209729048
1408,0.15921801328659058,0.999117374420166,0.7983230352401733,0.783470869064331,0.2829936220162715
1409,0.17886565625667572,1.0,0.791262149810791,0.7818096876144409,0.31442860562947295
1410,0.1418924629688263,1.0,0.789055585861206,0.7816539406776428,0.2337386942006032
1411,0.15870630741119385,1.0,0.7886143326759338,0.7862222790718079,0.373769381417395
1412,0.15105248987674713,1.0,0.78993821144104,0.7899081110954285,0.25596716799598207
1413,0.1447855681180954,1.0,0.7965578436851501,0.7911540269851685,0.29438427278048834
1414,0.13430573046207428,1.0,0.7947925925254822,0.7882468700408936,0.22076543546455835
1415,0.16612066328525543,1.0,0.7969990968704224,0.7893889546394348,0.3090280655381586
1416,0.16205660998821259,1.0,0.7974404096603394,0.7922441959381104,0.36642247978437553
1417,0.16000597178936005,1.0,0.8000882863998413,0.7885583639144897,0.23393549931818172
1418,0.1657291203737259,1.0,0.7934686541557312,0.7828479409217834,0.2575165147547343
1419,0.18711481988430023,1.0,0.7850838303565979,0.7827441096305847,0.3045246938776814
1420,0.16897548735141754,1.0,0.7850838303565979,0.7821730971336365,0.25879996381232573
1421,0.17085154354572296,1.0,0.7850838303565979,0.7797850966453552,0.28439245986023887
1422,0.1771267205476761,1.0,0.7961165308952332,0.7875720262527466,0.33111569240895794
1423,0.168701171875,1.0,0.8009708523750305,0.7885583639144897,0.368718599243594
1424,0.16598360240459442,0.999117374420166,0.7987643480300903,0.7853916883468628,0.28046887181800967
1425,0.16646797955036163,1.0,0.8031774163246155,0.7866376042366028,0.31463000353128884
1426,0.1942104548215866,1.0,0.7983230352401733,0.7907906174659729,0.3343944331702545
1427,0.15005429089069366,1.0,0.792144775390625,0.790271520614624,0.25166089140642156
1428,0.17422254383563995,1.0,0.792586088180542,0.7916731238365173,0.2747749023471862
1429,0.18147718906402588,1.0,0.7934686541557312,0.7894927859306335,0.3010333175274942
1430,0.1774432361125946,1.0,0.7881730198860168,0.785962700843811,0.2729176922299382
1431,0.18275468051433563,1.0,0.7969990968704224,0.7879354357719421,0.3000208795924736
1432,0.1802036464214325,1.0,0.8018534779548645,0.7920365333557129,0.36000527385869874
1433,0.16806694865226746,1.0,0.8009708523750305,0.7930747866630554,0.26819865308253604
1434,0.1570320427417755,1.0,0.8027361035346985,0.7907906174659729,0.24154944635101566
1435,0.18869122862815857,1.0,0.8005295991897583,0.7899600267410278,0.3056556345631681
1436,0.17091681063175201,1.0,0.7969990968704224,0.7856512665748596,0.2875164484207389
1437,0.15760937333106995,0.9982348084449768,0.792586088180542,0.7822769284248352,0.35878818343871016
1438,0.16996189951896667,0.999117374420166,0.7939099669456482,0.784457266330719,0.25352202978488125
1439,0.17874306440353394,1.0,0.7947925925254822,0.7860146164894104,0.2681211712173837
1440,0.18665391206741333,1.0,0.7943512797355652,0.7872605323791504,0.31011957029873294
1441,0.17560414969921112,1.0,0.7978817224502563,0.787208616733551,0.28995674997572196
1442,0.17089426517486572,1.0,0.7956752181053162,0.7845610976219177,0.23830505611816816
1443,0.178568497300148,1.0,0.8014121651649475,0.7873124480247498,0.31174077742719075
1444,0.1703658550977707,0.999117374420166,0.8045013546943665,0.7899600267410278,0.2832135952358314
1445,0.17503589391708374,0.9982348084449768,0.8045013546943665,0.7945802807807922,0.2656904621027181
1446,0.17917244136333466,1.0,0.8067078590393066,0.794684112071991,0.29762764970337574
1447,0.19065450131893158,1.0,0.8022947907447815,0.7955666184425354,0.27663041889180673
1448,0.17673999071121216,1.0,0.7965578436851501,0.7951512932777405,0.2731574668979904
1449,0.1673000454902649,1.0,0.792144775390625,0.7922961115837097,0.25955437857321356
1450,0.1842624545097351,1.0,0.7956752181053162,0.7938535213470459,0.2886609705326085
1451,0.17360542714595795,1.0,0.7969990968704224,0.793438196182251,0.2643703519559892
1452,0.16379430890083313,1.0,0.792144775390625,0.7894927859306335,0.23988414971548028
1453,0.1642584204673767,1.0,0.7934686541557312,0.7905829548835754,0.2222801969426957
1454,0.16106560826301575,1.0,0.7974404096603394,0.7886621952056885,0.25870242103767715
1455,0.15322339534759521,1.0,0.7983230352401733,0.7893889546394348,0.2877322062703984
1456,0.1530672311782837,0.999117374420166,0.8014121651649475,0.7926076054573059,0.3333175711822336
1457,0.14022204279899597,1.0,0.8097969889640808,0.7969163656234741,0.21292231860690222
1458,0.14174515008926392,1.0,0.8062665462493896,0.7988371253013611,0.2542036673276707
1459,0.15251590311527252,1.0,0.8062665462493896,0.7989928722381592,0.2252055649420888
1460,0.15596787631511688,1.0,0.8045013546943665,0.7989409565925598,0.22223080659157865
1461,0.14872582256793976,1.0,0.8014121651649475,0.7962933778762817,0.21532659198715642
1462,0.15129737555980682,1.0,0.8000882863998413,0.7932305335998535,0.23499801075265114
1463,0.15618155896663666,1.0,0.7974404096603394,0.7895966172218323,0.2693782234101964
1464,0.1456296741962433,1.0,0.7943512797355652,0.7861184477806091,0.232182294210906
1465,0.14733543992042542,1.0,0.7943512797355652,0.7837823629379272,0.24607778576325756
1466,0.15132538974285126,1.0,0.7987643480300903,0.7867933511734009,0.29723266446323204
1467,0.16379785537719727,1.0,0.8027361035346985,0.7897523641586304,0.29191499850846625
1468,0.1479254812002182,1.0,0.8097969889640808,0.7936977744102478,0.25383720410533206
1469,0.17308871448040009,1.0,0.8071491718292236,0.7979027032852173,0.30717251937341566
1470,0.14259369671344757,1.0,0.8018534779548645,0.795514702796936,0.31792361200474883
1471,0.13671106100082397,1.0,0.8022947907447815,0.7927114367485046,0.2437839757643225
1472,0.14694367349147797,0.999117374420166,0.7996469736099243,0.7907387018203735,0.23852737056473167
1473,0.17380391061306,1.0,0.7961165308952332,0.7889736890792847,0.27863378675633876
1474,0.15485675632953644,1.0,0.8014121651649475,0.7881430387496948,0.26896231007401533
1475,0.15774431824684143,1.0,0.8031774163246155,0.7910501956939697,0.2654613833834069
1476,0.15111280977725983,1.0,0.7987643480300903,0.7929190397262573,0.23668835810635436
1477,0.17028604447841644,1.0,0.7961165308952332,0.7955666184425354,0.28755607619631324
1478,0.16810552775859833,1.0,0.7956752181053162,0.7939572930335999,0.2824599171765538
1479,0.1675928384065628,1.0,0.7930273413658142,0.7920365333557129,0.28299917593080126
1480,0.16118641197681427,1.0,0.7947925925254822,0.7918288707733154,0.3203652576799701
1481,0.16983087360858917,0.999117374420166,0.792586088180542,0.7885064482688904,0.2856978793537322
1482,0.17769639194011688,1.0,0.7996469736099243,0.7891294360160828,0.30228430243793236
1483,0.16449646651744843,1.0,0.8005295991897583,0.7899081110954285,0.29854020949857496
1484,0.15101675689220428,1.0,0.7943512797355652,0.7912578582763672,0.2620593668636376
1485,0.1471862941980362,1.0,0.7947925925254822,0.7901676893234253,0.28004087118746596
1486,0.15374277532100677,1.0,0.8014121651649475,0.7901676893234253,0.2524017232986517
1487,0.17495638132095337,1.0,0.8018534779548645,0.7892332673072815,0.2763012012824377
1488,0.16516736149787903,1.0,0.8000882863998413,0.7903234362602234,0.2628463162157817
1489,0.16609375178813934,1.0,0.7952339053153992,0.7890775203704834,0.33823274770496947
1490,0.17750877141952515,1.0,0.792586088180542,0.7845091819763184,0.29646149979065256
1491,0.16274027526378632,1.0,0.7934686541557312,0.7901676893234253,0.3338182374274345
1492,0.1626681685447693,1.0,0.792144775390625,0.7903753519058228,0.2694486342361003
1493,0.16527006030082703,1.0,0.791703462600708,0.7841457724571228,0.23495830256355885
1494,0.1670914888381958,1.0,0.790820837020874,0.7817577719688416,0.3117135922032857
1495,0.1559327244758606,1.0,0.7833186388015747,0.7746976017951965,0.26714497061391607
1496,0.19169418513774872,1.0,0.7837599515914917,0.7773451805114746,0.4178545972789774
1497,0.18562404811382294,1.0,0.789055585861206,0.7791101932525635,0.4230311877690026
1498,0.1581704467535019,1.0,0.790820837020874,0.783211350440979,0.338913816069512
1499,0.18931977450847626,1.0,0.8022947907447815,0.7876758575439453,0.3471267977746187
1500,0.1458331048488617,1.0,0.7965578436851501,0.7839900255203247,0.20611466616695412
1501,0.18204428255558014,1.0,0.7965578436851501,0.7860665321350098,0.30628576313249933
1502,0.18421204388141632,1.0,0.7952339053153992,0.7893889546394348,0.31989534925665497
1503,0.17983831465244293,1.0,0.7978817224502563,0.7892332673072815,0.27283687650215876
1504,0.19759558141231537,1.0,0.7947925925254822,0.7839381098747253,0.35394105715089264
1505,0.18644225597381592,1.0,0.7965578436851501,0.7827960252761841,0.32537721240081047
1506,0.1732865869998932,1.0,0.7947925925254822,0.7850282788276672,0.33078677208127216
1507,0.15869183838367462,1.0,0.790379524230957,0.7857550978660583,0.309359514278219
1508,0.17603567242622375,1.0,0.7939099669456482,0.7870009541511536,0.34066052906793354
1509,0.1625087857246399,1.0,0.7943512797355652,0.7885064482688904,0.29423708854044656
1510,0.1561499834060669,1.0,0.7943512797355652,0.7873124480247498,0.28222328278177494
1511,0.19379262626171112,0.999117374420166,0.792586088180542,0.785703182220459,0.26475692676984697
1512,0.20198093354701996,0.999117374420166,0.7947925925254822,0.7876758575439453,0.30191127508888393
1513,0.16633933782577515,1.0,0.7978817224502563,0.7891294360160828,0.27304647271205806
1514,0.16619867086410522,1.0,0.8018534779548645,0.7900119423866272,0.23993433389698873
1515,0.1794230192899704,1.0,0.7987643480300903,0.7893889546394348,0.2812806629521213
1516,0.16485558450222015,1.0,0.7969990968704224,0.7860665321350098,0.2505472390487222
1517,0.1730663776397705,1.0,0.7956752181053162,0.7852359414100647,0.28346773048241564
1518,0.16456051170825958,1.0,0.7956752181053162,0.7837823629379272,0.2482239625836626
1519,0.14879930019378662,1.0,0.791262149810791,0.7866376042366028,0.24918646342355819
1520,0.16374985873699188,1.0,0.790379524230957,0.7794216871261597,0.3073894190750418
1521,0.16930201649665833,1.0,0.7837599515914917,0.776826024055481,0.27482286137619194
1522,0.193183034658432,1.0,0.790379524230957,0.7857550978660583,0.4402996612092641
1523,0.14037588238716125,1.0,0.791262149810791,0.7848725318908691,0.26955024603006056
1524,0.17603765428066254,1.0,0.8014121651649475,0.7864299416542053,0.3057162121928873
1525,0.18659204244613647,1.0,0.7992056608200073,0.7897523641586304,0.30024636705864166
1526,0.1780095249414444,1.0,0.7974404096603394,0.7873643636703491,0.32765146861332584
1527,0.16861088573932648,0.999117374420166,0.791703462600708,0.7848206162452698,0.2782092348557451
1528,0.18495222926139832,1.0,0.7939099669456482,0.786949098110199,0.34361614100992627
1529,0.15005473792552948,0.999117374420166,0.7930273413658142,0.7861703634262085,0.2401178084330871
1530,0.17912426590919495,0.999117374420166,0.7983230352401733,0.7899081110954285,0.29715879896768854
1531,0.16637076437473297,1.0,0.8018534779548645,0.7952551245689392,0.31768256731566513
1532,0.16435745358467102,1.0,0.8031774163246155,0.7961376905441284,0.30495729178176223
1533,0.19511009752750397,1.0,0.8040600419044495,0.795930027961731,0.32138689900012507
1534,0.1825673133134842,1.0,0.8005295991897583,0.7930747866630554,0.2915574964078365
1535,0.17225253582000732,1.0,0.7992056608200073,0.7881949543952942,0.2718034288056241
1536,0.18183757364749908,1.0,0.7969990968704224,0.7848206162452698,0.28819715499338344
1537,0.16376729309558868,1.0,0.792586088180542,0.7870528697967529,0.3267677628758925
1538,0.16693663597106934,1.0,0.792144775390625,0.7911021113395691,0.26137646076935445
1539,0.16113680601119995,1.0,0.7930273413658142,0.7908944487571716,0.31604140452162055
1540,0.1699131280183792,0.999117374420166,0.7961165308952332,0.7901676893234253,0.35570383556398283
1541,0.16103734076023102,1.0,0.7956752181053162,0.7874162793159485,0.2611683227914885
1542,0.16494910418987274,0.999117374420166,0.7939099669456482,0.7855993509292603,0.3047496428599488
1543,0.17165714502334595,0.9964695572853088,0.789055585861206,0.7818616032600403,0.2941007562414412
1544,0.19098511338233948,0.999117374420166,0.7974404096603394,0.7909982800483704,0.347301641368483
1545,0.18733477592468262,1.0,0.7987643480300903,0.7931786179542542,0.31112480792073033
1546,0.1734439730644226,1.0,0.8018534779548645,0.7933862805366516,0.2882420929889461
1547,0.1744750589132309,0.999117374420166,0.8018534779548645,0.7920884490013123,0.24944604448042584
1548,0.16943304240703583,1.0,0.8036187291145325,0.790946364402771,0.2985376790142241
1549,0.17395003139972687,1.0,0.7886143326759338,0.7793178558349609,0.2970884318098959
1550,0.1853635162115097,1.0,0.7872903943061829,0.776826024055481,0.2969931207007025
1551,0.1929631233215332,1.0,0.7930273413658142,0.7839900255203247,0.35969581077244867
1552,0.13568519055843353,1.0,0.792144775390625,0.7870009541511536,0.2731952688076557
1553,0.13887442648410797,1.0,0.789496898651123,0.7849244475364685,0.22926015048784057
1554,0.16376495361328125,1.0,0.7934686541557312,0.7878316044807434,0.2546658381858198
1555,0.16377833485603333,1.0,0.7965578436851501,0.7882987856864929,0.28182258483040473
1556,0.17621636390686035,1.0,0.7992056608200073,0.7896485328674316,0.2837640273946832
1557,0.16746926307678223,1.0,0.7987643480300903,0.7879354357719421,0.2214235498173569
1558,0.18046940863132477,1.0,0.7974404096603394,0.7880392670631409,0.33714145529290096
1559,0.15480437874794006,1.0,0.7943512797355652,0.787208616733551,0.28863838012710463
1560,0.16232916712760925,1.0,0.8027361035346985,0.7914655208587646,0.27448663516053834
1561,0.16048060357570648,1.0,0.8049426078796387,0.7931267023086548,0.3080507026111607
1562,0.13951244950294495,1.0,0.7992056608200073,0.7908425331115723,0.22945615058747318
1563,0.17638486623764038,1.0,0.8040600419044495,0.7910501956939697,0.36451822222499414
1564,0.17346104979515076,1.0,0.8058252334594727,0.7934901118278503,0.31506851885340675
1565,0.1561025232076645,1.0,0.8128861784934998,0.7959819436073303,0.2976796027322825
1566,0.15684957802295685,1.0,0.8120035529136658,0.7956185340881348,0.27495367276354166
1567,0.17599740624427795,1.0,0.8031774163246155,0.793438196182251,0.25128242099022186
1568,0.14950332045555115,1.0,0.8031774163246155,0.7893370389938354,0.25322382833769463
1569,0.15398463606834412,0.999117374420166,0.7983230352401733,0.7857550978660583,0.31679633855407274
1570,0.1755950003862381,0.999117374420166,0.7987643480300903,0.7881949543952942,0.2762468649439797
1571,0.13977131247520447,1.0,0.7996469736099243,0.7882987856864929,0.22363719671702031
1572,0.14745688438415527,1.0,0.7992056608200073,0.7875720262527466,0.28542503024391386
1573,0.16729317605495453,1.0,0.8000882863998413,0.7831594347953796,0.3134887532232441
1574,0.176655113697052,1.0,0.7956752181053162,0.7800446152687073,0.299463059031163
1575,0.18069994449615479,1.0,0.7930273413658142,0.7809271812438965,0.3673362103644496
1576,0.18184858560562134,1.0,0.7956752181053162,0.7830036878585815,0.3191120145108149
1577,0.17870347201824188,1.0,0.7996469736099243,0.7888179421424866,0.2813740854336006
1578,0.1707683503627777,1.0,0.7983230352401733,0.7918288707733154,0.2731750352593069
1579,0.1903216540813446,1.0,0.8027361035346985,0.7939054369926453,0.32246604364707243
1580,0.1843947023153305,1.0,0.7961165308952332,0.7874162793159485,0.2991758447091107
1581,0.1564307063817978,0.999117374420166,0.7859664559364319,0.7814981937408447,0.21723923023688527
1582,0.20888067781925201,0.999117374420166,0.7811120748519897,0.7777085304260254,0.3312648244008468
1583,0.20444869995117188,0.999117374420166,0.7824360132217407,0.7765664458274841,0.3699113987444901
1584,0.17534014582633972,0.999117374420166,0.7846425771713257,0.7790063619613647,0.27946443905297325
1585,0.18794496357440948,1.0,0.792144775390625,0.7860665321350098,0.30801405595334763
1586,0.19678828120231628,1.0,0.7952339053153992,0.7922441959381104,0.315792012568616
1587,0.1587158739566803,1.0,0.789496898651123,0.7880392670631409,0.21553080611063755
1588,0.1790827214717865,1.0,0.789055585861206,0.786378026008606,0.2730130273936981
1589,0.1792735457420349,1.0,0.7969990968704224,0.7929190397262573,0.29805378302797403
1590,0.1660107970237732,1.0,0.7947925925254822,0.7925556898117065,0.2497708364574068
1591,0.1792980134487152,1.0,0.7969990968704224,0.7908944487571716,0.3007078333238135
1592,0.1797274500131607,1.0,0.8009708523750305,0.7919327020645142,0.33200525344641346
1593,0.1707216203212738,0.999117374420166,0.8058252334594727,0.7940611243247986,0.2649580540029025
1594,0.16565456986427307,1.0,0.8031774163246155,0.7917769551277161,0.2822400021508654
1595,0.1637832671403885,1.0,0.7987643480300903,0.788454532623291,0.25223977273322185
1596,0.17117713391780853,0.999117374420166,0.7952339053153992,0.7875201106071472,0.2916699539521342
1597,0.16546180844306946,1.0,0.791703462600708,0.7878835201263428,0.2937511013849715
1598,0.1640337109565735,1.0,0.792586088180542,0.7880911827087402,0.2740921760452322
1599,0.17795799672603607,0.999117374420166,0.792586088180542,0.7894927859306335,0.2918447884271238
1600,0.1637679934501648,0.999117374420166,0.7996469736099243,0.7955666184425354,0.30209645604307334
1601,0.15958437323570251,0.999117374420166,0.7978817224502563,0.7965529561042786,0.3212692444427386
1602,0.15871486067771912,1.0,0.7965578436851501,0.7917250394821167,0.2313999493284333
1603,0.17002838850021362,1.0,0.7987643480300903,0.7919846177101135,0.29805045678798125
1604,0.17693094909191132,1.0,0.8018534779548645,0.7917250394821167,0.3190322258207664
1605,0.15632568299770355,1.0,0.8000882863998413,0.7917250394821167,0.23149352890842853
1606,0.16961844265460968,1.0,0.8009708523750305,0.7928152084350586,0.3801247881342036
1607,0.1520233005285263,1.0,0.7983230352401733,0.7899081110954285,0.22040418986545998
1608,0.1902901828289032,1.0,0.7978817224502563,0.7938016057014465,0.265897971139376
1609,0.17762164771556854,1.0,0.7992056608200073,0.7939054369926453,0.2623317047248996
1610,0.16946153342723846,1.0,0.790820837020874,0.7886621952056885,0.2755420934314014
1611,0.16356788575649261,1.0,0.7947925925254822,0.7875720262527466,0.29428361584266893
1612,0.14511063694953918,1.0,0.792586088180542,0.782640278339386,0.27475889185553276
1613,0.15800127387046814,1.0,0.78993821144104,0.7800446152687073,0.27263691277496827
1614,0.16106300055980682,1.0,0.7947925925254822,0.7861184477806091,0.2900951551062133
1615,0.1524665355682373,1.0,0.8009708523750305,0.793022871017456,0.34013714098054154
1616,0.13872183859348297,0.999117374420166,0.7996469736099243,0.7917769551277161,0.24824442826109241
1617,0.19164958596229553,1.0,0.8031774163246155,0.7890775203704834,0.38397581684336335
1618,0.16560856997966766,1.0,0.791703462600708,0.7830556035041809,0.2673301562597004
1619,0.16587798297405243,1.0,0.7864077687263489,0.7797850966453552,0.33722477501644116
1620,0.1698060780763626,1.0,0.7877317070960999,0.7826921939849854,0.2871618016216534
1621,0.14142556488513947,1.0,0.789496898651123,0.7853916883468628,0.2731426998117728
1622,0.15068763494491577,1.0,0.7886143326759338,0.7835227847099304,0.2376319138790865
1623,0.1783970147371292,1.0,0.7947925925254822,0.7854436039924622,0.28728406641611354
1624,0.16150270402431488,1.0,0.7952339053153992,0.7873124480247498,0.3311276545715044
1625,0.1691845804452896,1.0,0.7992056608200073,0.7880392670631409,0.30647479864551413
1626,0.16327336430549622,0.9982348084449768,0.78993821144104,0.7830036878585815,0.2525661677454128
1627,0.1796206384897232,0.9982348084449768,0.7881730198860168,0.7787468433380127,0.2675196057245361
1628,0.17889055609703064,1.0,0.7837599515914917,0.7788506150245667,0.34718355502521814
1629,0.17348438501358032,1.0,0.791703462600708,0.7835227847099304,0.33509703156912346
1630,0.1709684431552887,1.0,0.7939099669456482,0.7845091819763184,0.29582991358387234
1631,0.17555297911167145,0.999117374420166,0.78993821144104,0.7845610976219177,0.27815421044662547
1632,0.14745011925697327,0.9982348084449768,0.7930273413658142,0.7867933511734009,0.23133420044633857
1633,0.18904255330562592,1.0,0.789496898651123,0.7872605323791504,0.3767410734459896
1634,0.14388640224933624,0.999117374420166,0.7828773260116577,0.7823807001113892,0.2665575829872389
1635,0.17808951437473297,0.999117374420166,0.7806708216667175,0.7792659401893616,0.27847471166048443
1636,0.17570273578166962,1.0,0.7811120748519897,0.7803041934967041,0.2621977954197863
1637,0.16612263023853302,1.0,0.7859664559364319,0.7817577719688416,0.23302158710909424
1638,0.1580822765827179,1.0,0.7886143326759338,0.7887141108512878,0.27776580353898317
1639,0.17766119539737701,1.0,0.7943512797355652,0.7920365333557129,0.3044206270737804
1640,0.14786216616630554,1.0,0.7992056608200073,0.796085774898529,0.26883879278875566
1641,0.17472511529922485,1.0,0.7996469736099243,0.7943726181983948,0.23259781998109008
1642,0.17560423910617828,1.0,0.7939099669456482,0.7905829548835754,0.29399889581808464
1643,0.17413879930973053,1.0,0.7974404096603394,0.7898042798042297,0.3082507459005703
1644,0.15130405128002167,1.0,0.7978817224502563,0.7914136052131653,0.2457825368912314
1645,0.17502593994140625,1.0,0.7983230352401733,0.7893889546394348,0.2514649873870315
1646,0.18561327457427979,1.0,0.8009708523750305,0.790946364402771,0.3373790084578207
1647,0.15471315383911133,1.0,0.7943512797355652,0.7850282788276672,0.25467494966085535
1648,0.17193301022052765,1.0,0.792144775390625,0.7847687005996704,0.3220739764243925
1649,0.17129383981227875,1.0,0.78993821144104,0.786378026008606,0.3020839354140529
1650,0.1440039426088333,1.0,0.7855251431465149,0.7828479409217834,0.2503189496854113
1651,0.1760212779045105,1.0,0.7859664559364319,0.7842496037483215,0.3370112962545402
1652,0.17650839686393738,1.0,0.7828773260116577,0.7853397727012634,0.26357259753677864
1653,0.1581214964389801,1.0,0.7837599515914917,0.7834190130233765,0.2438111009305527
1654,0.17398440837860107,1.0,0.7824360132217407,0.782640278339386,0.32379413109531235
1655,0.14992564916610718,1.0,0.7833186388015747,0.7831594347953796,0.24957912962682138
1656,0.1559258997440338,0.999117374420166,0.7850838303565979,0.7816020250320435,0.24224437338274288
1657,0.14172329008579254,0.999117374420166,0.7855251431465149,0.7802003622055054,0.2371494442233127
1658,0.15957742929458618,1.0,0.7850838303565979,0.7811347842216492,0.2498223853795215
1659,0.1771085113286972,1.0,0.7934686541557312,0.7864299416542053,0.30350612157238643
1660,0.16758322715759277,1.0,0.8009708523750305,0.7906867861747742,0.30267772512246344
1661,0.15481871366500854,1.0,0.8000882863998413,0.7908425331115723,0.25612978413009
1662,0.15570396184921265,1.0,0.7992056608200073,0.7880392670631409,0.24282414681485795
1663,0.14386118948459625,1.0,0.7983230352401733,0.7875720262527466,0.2244827922723579
1664,0.1701708436012268,1.0,0.7992056608200073,0.7898561954498291,0.2763169197189644
1665,0.12943515181541443,1.0,0.7992056608200073,0.790271520614624,0.2081945949365108
1666,0.14110903441905975,1.0,0.7996469736099243,0.7892851829528809,0.25533568981228544
1667,0.12651294469833374,1.0,0.7974404096603394,0.7881430387496948,0.21319231057907678
1668,0.1364879459142685,1.0,0.7943512797355652,0.7872605323791504,0.2715394053338673
1669,0.15176330506801605,1.0,0.7992056608200073,0.789700448513031,0.2553857862569206
1670,0.13408969342708588,1.0,0.7969990968704224,0.7880392670631409,0.248627805013858
1671,0.1588892638683319,1.0,0.792144775390625,0.7874162793159485,0.3292642602251059
1672,0.16516807675361633,1.0,0.7868490815162659,0.7858588695526123,0.26647592419900284
1673,0.17948387563228607,1.0,0.7824360132217407,0.7852359414100647,0.30061588642849085
1674,0.1475873738527298,1.0,0.7859664559364319,0.7841976881027222,0.23283441828853005
1675,0.1505073457956314,0.999117374420166,0.7855251431465149,0.7846648693084717,0.28488693162703366
1676,0.1515616774559021,1.0,0.7877317070960999,0.786378026008606,0.35103059489024435
1677,0.14300552010536194,1.0,0.7930273413658142,0.785962700843811,0.2411302435806138
1678,0.15791212022304535,1.0,0.790379524230957,0.7885064482688904,0.341123609764623
1679,0.1662791520357132,1.0,0.792586088180542,0.7894408702850342,0.2918333647087046
1680,0.1346074640750885,1.0,0.7956752181053162,0.7910501956939697,0.20724510942905963
1681,0.17373314499855042,1.0,0.7943512797355652,0.7894927859306335,0.30920369696600625
1682,0.1576695591211319,0.999117374420166,0.7947925925254822,0.7841976881027222,0.21535727195760798
1683,0.12932632863521576,0.999117374420166,0.7855251431465149,0.7818616032600403,0.26559560223074086
1684,0.1477983295917511,1.0,0.7842012643814087,0.7836785316467285,0.26004883840295084
1685,0.15478886663913727,1.0,0.7833186388015747,0.7845610976219177,0.22809323088327205
1686,0.1595003306865692,1.0,0.7846425771713257,0.7852359414100647,0.28560230537030634
1687,0.1756134033203125,1.0,0.7872903943061829,0.7856512665748596,0.2926491096848267
1688,0.16159474849700928,1.0,0.790379524230957,0.7864299416542053,0.246742584492742
1689,0.16939617693424225,1.0,0.7939099669456482,0.7901157736778259,0.340088808398373
1690,0.1513306349515915,1.0,0.7996469736099243,0.791517436504364,0.2498023363897877
1691,0.1597217619419098,0.999117374420166,0.8036187291145325,0.7926076054573059,0.26764732019997567
1692,0.149295374751091,1.0,0.8027361035346985,0.7931786179542542,0.25984955976411656
1693,0.16569779813289642,1.0,0.8009708523750305,0.7904791235923767,0.29388655409619907
1694,0.15303929150104523,0.999117374420166,0.7952339053153992,0.7799926996231079,0.27606576073716177
1695,0.16161809861660004,0.999117374420166,0.791262149810791,0.7793178558349609,0.2616246454819135
1696,0.15164415538311005,0.999117374420166,0.7864077687263489,0.7803041934967041,0.26261283249562994
1697,0.14957624673843384,1.0,0.7881730198860168,0.7807714343070984,0.2494645747789499
1698,0.15674544870853424,1.0,0.7943512797355652,0.7821211814880371,0.29774778146618874
1699,0.15716910362243652,1.0,0.7978817224502563,0.7848206162452698,0.3895100660968101
1700,0.15084652602672577,1.0,0.7996469736099243,0.7846130132675171,0.27916436593898625
1701,0.15074275434017181,1.0,0.8018534779548645,0.786949098110199,0.2663167434474002
1702,0.16991890966892242,1.0,0.8071491718292236,0.7923480272293091,0.33091924360056124
1703,0.1650039702653885,1.0,0.7978817224502563,0.7898561954498291,0.2787766133976336
1704,0.18928812444210052,1.0,0.8000882863998413,0.7895966172218323,0.37281596436115305
1705,0.1364927440881729,1.0,0.7947925925254822,0.7823807001113892,0.22548557433489233
1706,0.16342173516750336,1.0,0.7947925925254822,0.7819135189056396,0.2825074038334292
1707,0.15679015219211578,1.0,0.7934686541557312,0.787779688835144,0.3020725802494036
1708,0.1613977998495102,1.0,0.791703462600708,0.785703182220459,0.28886570977154546
1709,0.1529046595096588,1.0,0.7855251431465149,0.7853397727012634,0.3207812371580429
1710,0.18242570757865906,1.0,0.791262149810791,0.7863261103630066,0.385383674792711
1711,0.14770285785198212,1.0,0.7850838303565979,0.7849763631820679,0.2730426770676039
1712,0.1649361401796341,1.0,0.7855251431465149,0.7854955196380615,0.3084798404743902
1713,0.17483341693878174,1.0,0.7877317070960999,0.7916731238365173,0.3703568576023263
1714,0.16587696969509125,1.0,0.791703462600708,0.7909982800483704,0.3456927400606242
1715,0.16576142609119415,1.0,0.7881730198860168,0.7868971824645996,0.26068547062333447
1716,0.17181700468063354,1.0,0.7806708216667175,0.781965434551239,0.27179354300491954
1717,0.1616271287202835,0.999117374420166,0.7775816321372986,0.7805118560791016,0.29800195441680244
1718,0.171965554356575,0.999117374420166,0.7930273413658142,0.7855993509292603,0.3122809970881273
1719,0.1671644151210785,1.0,0.7947925925254822,0.7901676893234253,0.3442949744219455
1720,0.14211586117744446,1.0,0.7952339053153992,0.7899081110954285,0.2723623494968068
1721,0.17429949343204498,1.0,0.7952339053153992,0.7895966172218323,0.3213992159637671
1722,0.1504363715648651,0.999117374420166,0.7934686541557312,0.7860665321350098,0.2913620831451969
1723,0.1601254940032959,0.999117374420166,0.7837599515914917,0.7794216871261597,0.23801752329295672
1724,0.1918916553258896,1.0,0.7881730198860168,0.7791101932525635,0.3214013380558714
1725,0.17485615611076355,1.0,0.7939099669456482,0.7852359414100647,0.39762452214684674
1726,0.16331787407398224,1.0,0.7872903943061829,0.7875201106071472,0.2743883178394731
1727,0.15319886803627014,1.0,0.7881730198860168,0.7837304472923279,0.2602255929509355
1728,0.1882474720478058,0.9982348084449768,0.790820837020874,0.7835227847099304,0.36974446728050564
1729,0.1697877049446106,0.999117374420166,0.790379524230957,0.7820173501968384,0.27178969029597916
1730,0.19113515317440033,1.0,0.7969990968704224,0.7903753519058228,0.38343356518168276
1731,0.1747635453939438,1.0,0.7956752181053162,0.7870528697967529,0.28455589906966405
1732,0.1751687079668045,1.0,0.7939099669456482,0.7853397727012634,0.28668989717575316
1733,0.20240916311740875,1.0,0.7983230352401733,0.7919846177101135,0.39782138410169715
1734,0.16907145082950592,1.0,0.7965578436851501,0.7920884490013123,0.2813364788715284
1735,0.17427079379558563,1.0,0.7965578436851501,0.7890775203704834,0.27932900953747575
1736,0.20682351291179657,1.0,0.8009708523750305,0.790271520614624,0.37481053734740166
1737,0.16084669530391693,1.0,0.792144775390625,0.7850801944732666,0.29978270882854563
1738,0.17743338644504547,0.999117374420166,0.792586088180542,0.7799926996231079,0.3128735251070418
1739,0.17737697064876556,1.0,0.790820837020874,0.7816020250320435,0.30827616199489655
1740,0.18118169903755188,1.0,0.7877317070960999,0.7811347842216492,0.31045221653932964
1741,0.17275401949882507,1.0,0.7939099669456482,0.7866376042366028,0.35148621988266293
1742,0.1987212896347046,1.0,0.7877317070960999,0.7862741947174072,0.3205323294516649
1743,0.16579900681972504,1.0,0.7868490815162659,0.7836785316467285,0.28567760558279215
1744,0.19162438809871674,1.0,0.7978817224502563,0.7832632660865784,0.38498936207807305
1745,0.17300528287887573,1.0,0.792144775390625,0.7824845314025879,0.2791300818539701
1746,0.17489512264728546,1.0,0.7939099669456482,0.781965434551239,0.3020411078268605
1747,0.1922159492969513,1.0,0.7996469736099243,0.7849244475364685,0.2937298779246037
1748,0.17224283516407013,1.0,0.7996469736099243,0.7862741947174072,0.3021967232419947
1749,0.16110527515411377,1.0,0.7987643480300903,0.7891294360160828,0.3101434953956724
1750,0.16237379610538483,1.0,0.7987643480300903,0.7932824492454529,0.25041865138649505
1751,0.1945314258337021,1.0,0.7987643480300903,0.7901157736778259,0.282606193355666
1752,0.16184446215629578,1.0,0.7877317070960999,0.7848206162452698,0.26261513636615264
1753,0.17521581053733826,1.0,0.789055585861206,0.7847687005996704,0.3397105489213721
1754,0.17912638187408447,1.0,0.791703462600708,0.7854436039924622,0.2717155262816003
1755,0.18752801418304443,1.0,0.7850838303565979,0.7828998565673828,0.31619014270507884
1756,0.17047908902168274,1.0,0.7828773260116577,0.7828479409217834,0.3156200454946933
1757,0.15934251248836517,1.0,0.7872903943061829,0.7888698577880859,0.2819606566828113
1758,0.14908795058727264,1.0,0.7996469736099243,0.7919327020645142,0.20367039684068916
1759,0.1612059473991394,1.0,0.7952339053153992,0.7912578582763672,0.2759146777947029
1760,0.16877330839633942,1.0,0.7930273413658142,0.7892851829528809,0.2673287512264924
1761,0.17396491765975952,0.999117374420166,0.7983230352401733,0.7909982800483704,0.30815295553996586
1762,0.1681165248155594,1.0,0.7969990968704224,0.7906867861747742,0.28335426886894305
1763,0.16754573583602905,1.0,0.7974404096603394,0.786378026008606,0.25403437616961533
1764,0.18531274795532227,1.0,0.7969990968704224,0.7896485328674316,0.3054521992768381
1765,0.16834573447704315,0.999117374420166,0.8014121651649475,0.7924518585205078,0.2558850898417137
1766,0.1620570719242096,1.0,0.8027361035346985,0.7936458587646484,0.28670252833650317
1767,0.1455930471420288,1.0,0.8018534779548645,0.7929709553718567,0.2783496262067763
1768,0.15733931958675385,1.0,0.8022947907447815,0.7919846177101135,0.27900120721679605
1769,0.13202078640460968,1.0,0.7978817224502563,0.7902196049690247,0.23646654128286484
1770,0.15324996411800385,1.0,0.8022947907447815,0.7916731238365173,0.21253167524606678
1771,0.14558342099189758,1.0,0.7987643480300903,0.7883507013320923,0.25262858775648966
1772,0.13872884213924408,1.0,0.7969990968704224,0.7875720262527466,0.3005663175241657
1773,0.15799540281295776,1.0,0.7996469736099243,0.7894927859306335,0.3179082655674937
1774,0.14377735555171967,1.0,0.8005295991897583,0.7933862805366516,0.24975398284855754
1775,0.14756135642528534,1.0,0.8084731101989746,0.7940092086791992,0.27783395500551566
1776,0.14595679938793182,1.0,0.8031774163246155,0.7908425331115723,0.306333083787599
1777,0.16054417192935944,1.0,0.7969990968704224,0.7881949543952942,0.31553059822661217
1778,0.14815621078014374,1.0,0.789055585861206,0.7825364470481873,0.297460004017108
1779,0.14703704416751862,1.0,0.7930273413658142,0.7820173501968384,0.33339156796642555
1780,0.13972003757953644,1.0,0.7930273413658142,0.7831075191497803,0.23992553132921599
1781,0.16773633658885956,1.0,0.7978817224502563,0.7898561954498291,0.2543030749931663
1782,0.14539778232574463,1.0,0.8009708523750305,0.7933862805366516,0.2426784268063322
1783,0.15323451161384583,1.0,0.7952339053153992,0.7921403646469116,0.24070403312835298
1784,0.1766718626022339,1.0,0.7992056608200073,0.7920884490013123,0.31196634668542494
1785,0.1487824022769928,1.0,0.790379524230957,0.7891294360160828,0.25047014858190686
1786,0.12902286648750305,1.0,0.7837599515914917,0.7804080247879028,0.2081056594473706
1787,0.1711730659008026,1.0,0.790820837020874,0.7839381098747253,0.3583960419983791
1788,0.14467525482177734,1.0,0.7939099669456482,0.7808752655982971,0.26142257300140787
1789,0.17090599238872528,1.0,0.7864077687263489,0.7830556035041809,0.3256804215856416
1790,0.1771480292081833,1.0,0.7961165308952332,0.7866895198822021,0.30174914368524464
1791,0.15711519122123718,1.0,0.789496898651123,0.7843534350395203,0.2938005855686936
1792,0.17202769219875336,1.0,0.7934686541557312,0.7862741947174072,0.3465225870963284
1793,0.17687225341796875,1.0,0.792586088180542,0.7858069539070129,0.2800766076638559
1794,0.13436166942119598,1.0,0.7939099669456482,0.7826921939849854,0.21420440735785118
1795,0.1605655699968338,1.0,0.7956752181053162,0.7855474352836609,0.291412448893034
1796,0.15229526162147522,1.0,0.7965578436851501,0.7840419411659241,0.25577698939670374
1797,0.1331244707107544,1.0,0.7952339053153992,0.7811347842216492,0.23071900151816646
1798,0.17720943689346313,1.0,0.7934686541557312,0.785962700843811,0.325231537330794
1799,0.16636061668395996,1.0,0.791262149810791,0.7864818572998047,0.3236044714321471
1800,0.1584554761648178,1.0,0.791703462600708,0.784457266330719,0.2939223466485708
1801,0.15550844371318817,0.999117374420166,0.792586088180542,0.781394362449646,0.3967138897877496
1802,0.17655983567237854,0.999117374420166,0.7881730198860168,0.7831075191497803,0.26623217831364804
1803,0.15790072083473206,1.0,0.792144775390625,0.7844053506851196,0.2422175726568739
1804,0.16968606412410736,1.0,0.7974404096603394,0.7859107851982117,0.33811130497164893
1805,0.16363054513931274,1.0,0.7864077687263489,0.7824326157569885,0.25796042590925555
1806,0.14975231885910034,0.999117374420166,0.7833186388015747,0.780148446559906,0.23247445035218783
1807,0.16793368756771088,1.0,0.790820837020874,0.7811347842216492,0.2760539101650266
1808,0.15968945622444153,1.0,0.7947925925254822,0.7833151817321777,0.2691344905634976
1809,0.15075185894966125,0.999117374420166,0.7930273413658142,0.7850801944732666,0.3014359967763316
1810,0.14085520803928375,1.0,0.7969990968704224,0.787779688835144,0.30104918274229026
1811,0.15993288159370422,1.0,0.8000882863998413,0.786949098110199,0.2655261549711769
1812,0.13327620923519135,1.0,0.7877317070960999,0.7817058563232422,0.2095257413448707
1813,0.18274100124835968,1.0,0.7864077687263489,0.7803561091423035,0.35933220427285684
1814,0.1817961037158966,1.0,0.7881730198860168,0.7849763631820679,0.36625504977066753
1815,0.16038474440574646,1.0,0.78993821144104,0.7884026169776917,0.3124137075102913
1816,0.14509153366088867,1.0,0.7939099669456482,0.789700448513031,0.2563858457201238
1817,0.1421147882938385,0.999117374420166,0.7996469736099243,0.7902196049690247,0.2401796608520885
1818,0.176417276263237,1.0,0.7996469736099243,0.7883507013320923,0.3165167612023231
1819,0.17245350778102875,1.0,0.7983230352401733,0.7874681949615479,0.2603755494933386
1820,0.17413516342639923,1.0,0.7943512797355652,0.7854436039924622,0.2745445910424531
1821,0.1674945205450058,1.0,0.7952339053153992,0.7833151817321777,0.25656086602728
1822,0.15241479873657227,1.0,0.791703462600708,0.7829517722129822,0.27369069277786234
1823,0.14966867864131927,1.0,0.7872903943061829,0.7812905311584473,0.3230613283291556
1824,0.168730229139328,1.0,0.791703462600708,0.7846648693084717,0.3178454874650997
1825,0.1683848649263382,1.0,0.8062665462493896,0.7917769551277161,0.2684005659188668
1826,0.15360857546329498,0.9982348084449768,0.8075904846191406,0.7931267023086548,0.25775348876847426
1827,0.18001224100589752,0.999117374420166,0.8031774163246155,0.7937496900558472,0.30448468255715905
1828,0.1611388474702835,1.0,0.8040600419044495,0.7955666184425354,0.25463912866733457
1829,0.17436771094799042,1.0,0.7983230352401733,0.7886621952056885,0.2922000578919189
1830,0.154778391122818,1.0,0.7934686541557312,0.7818616032600403,0.24823391762695837
1831,0.1813805252313614,1.0,0.7965578436851501,0.7853916883468628,0.3333588047868358
1832,0.17237843573093414,0.999117374420166,0.8005295991897583,0.7886102795600891,0.32805107165662073
1833,0.18074500560760498,1.0,0.8031774163246155,0.7924518585205078,0.31250350107806524
1834,0.17770417034626007,1.0,0.8036187291145325,0.7945283651351929,0.3173514091849629
1835,0.16664354503154755,1.0,0.7952339053153992,0.7889217734336853,0.23469237204733467
1836,0.17807656526565552,1.0,0.790379524230957,0.7863261103630066,0.2693779619649118
1837,0.17298047244548798,1.0,0.791262149810791,0.7841457724571228,0.27312010749742194
1838,0.172698974609375,1.0,0.7952339053153992,0.7840938568115234,0.29081656756489904
1839,0.19350582361221313,1.0,0.7974404096603394,0.7894408702850342,0.30348760947509357
1840,0.14482048153877258,1.0,0.7983230352401733,0.7918807864189148,0.2999348318285798
1841,0.15398213267326355,1.0,0.7978817224502563,0.792192280292511,0.23043396279213688
1842,0.14738759398460388,1.0,0.7978817224502563,0.792867124080658,0.2557993084778435
1843,0.13933859765529633,1.0,0.8040600419044495,0.7933862805366516,0.261214623544452
1844,0.1590690314769745,1.0,0.8000882863998413,0.791517436504364,0.29194747443811897
1845,0.16954346001148224,1.0,0.7952339053153992,0.7891294360160828,0.2758722113275983
1846,0.17526991665363312,1.0,0.7992056608200073,0.7893889546394348,0.2970106852153097
1847,0.16822192072868347,1.0,0.7930273413658142,0.7901676893234253,0.3120959820665053
1848,0.12977558374404907,1.0,0.7872903943061829,0.7878316044807434,0.18129349722102614
1849,0.15386280417442322,1.0,0.7947925925254822,0.788454532623291,0.26146433463465946
1850,0.15633778274059296,1.0,0.8009708523750305,0.7928152084350586,0.2784016739537539
1851,0.16493673622608185,1.0,0.8018534779548645,0.7920884490013123,0.23887867743656402
1852,0.1305244117975235,1.0,0.8005295991897583,0.7916731238365173,0.24461552361507008
1853,0.1472356617450714,1.0,0.8058252334594727,0.7938535213470459,0.237156697413877
1854,0.15938180685043335,1.0,0.8106796145439148,0.7990967035293579,0.29656639656386935
1855,0.1515604555606842,1.0,0.8075904846191406,0.797175943851471,0.24224276022480945
1856,0.13347050547599792,0.999117374420166,0.8005295991897583,0.7943207025527954,0.26350616056267434
1857,0.15127871930599213,1.0,0.7961165308952332,0.7911540269851685,0.3044553824507947
1858,0.1669377237558365,1.0,0.7956752181053162,0.790271520614624,0.338218454499127
1859,0.15587598085403442,1.0,0.7978817224502563,0.7876758575439453,0.27125485796161797
1860,0.1565791517496109,1.0,0.7956752181053162,0.7868971824645996,0.2630799180324078
1861,0.1553247570991516,1.0,0.792586088180542,0.7831594347953796,0.2529221611509539
1862,0.16507646441459656,1.0,0.7943512797355652,0.7818096876144409,0.304873701195379
1863,0.17359328269958496,1.0,0.790820837020874,0.7830556035041809,0.3524636420084723
1864,0.16660436987876892,1.0,0.791262149810791,0.7840938568115234,0.3342141564966761
1865,0.1643805056810379,0.999117374420166,0.7859664559364319,0.7835747003555298,0.2724243657266444
1866,0.1586088389158249,1.0,0.7961165308952332,0.7880392670631409,0.2923942772863848
1867,0.18050657212734222,1.0,0.8036187291145325,0.7899600267410278,0.321154129254376
1868,0.16319890320301056,1.0,0.7992056608200073,0.7873643636703491,0.27946634329883874
1869,0.15657958388328552,1.0,0.7996469736099243,0.7901157736778259,0.2907732726965218
1870,0.16270145773887634,1.0,0.7956752181053162,0.789700448513031,0.3269125224795853
1871,0.13321739435195923,0.999117374420166,0.7855251431465149,0.7795255184173584,0.2647397094087508
1872,0.15714320540428162,0.999117374420166,0.7824360132217407,0.7786949276924133,0.27899710056519794
1873,0.17377015948295593,1.0,0.7939099669456482,0.784457266330719,0.3162402401216286
1874,0.1706027239561081,1.0,0.7987643480300903,0.7855993509292603,0.29517875706301683
1875,0.14990465342998505,1.0,0.7987643480300903,0.7818616032600403,0.27221063355131997
1876,0.15465892851352692,1.0,0.8009708523750305,0.7811347842216492,0.32453524510787823
1877,0.16952461004257202,0.999117374420166,0.7956752181053162,0.7784353494644165,0.2560742288645659
1878,0.17601916193962097,1.0,0.791262149810791,0.7796293497085571,0.3538019979105923
1879,0.18178513646125793,1.0,0.789055585861206,0.7811347842216492,0.3580581441240239
1880,0.1546681970357895,1.0,0.78993821144104,0.7840419411659241,0.3075279406055816
1881,0.1665136218070984,1.0,0.7956752181053162,0.7866376042366028,0.29029532101269856
1882,0.16760246455669403,1.0,0.8058252334594727,0.7880911827087402,0.3092510189534761
1883,0.16543801128864288,1.0,0.8022947907447815,0.7893370389938354,0.2796601238233387
1884,0.17948149144649506,1.0,0.8009708523750305,0.7903753519058228,0.27263440806195094
1885,0.16831064224243164,1.0,0.7934686541557312,0.7871567010879517,0.2641611487591248
1886,0.16095121204853058,1.0,0.7943512797355652,0.783886194229126,0.2631279187540327
1887,0.1636560708284378,1.0,0.7952339053153992,0.7837304472923279,0.265496652367262
1888,0.1680522859096527,1.0,0.7974404096603394,0.7842496037483215,0.26952307241833107
1889,0.20066118240356445,1.0,0.813327431678772,0.7913616895675659,0.4507449998350489
1890,0.13762447237968445,1.0,0.8036187291145325,0.7862222790718079,0.1992422907272884
1891,0.15679490566253662,1.0,0.7974404096603394,0.7826921939849854,0.2611528417885988
1892,0.18930570781230927,1.0,0.8075904846191406,0.7892851829528809,0.35806799691065305
1893,0.17427627742290497,1.0,0.8062665462493896,0.7902196049690247,0.28875413199505096
1894,0.20251020789146423,0.999117374420166,0.8009708523750305,0.7870528697967529,0.37613499176488707
1895,0.17982131242752075,1.0,0.7992056608200073,0.7859107851982117,0.28815631115513235
1896,0.1824178844690323,1.0,0.7934686541557312,0.7845091819763184,0.3136495804482228
1897,0.18195204436779022,1.0,0.7868490815162659,0.7783315181732178,0.4103463598812092
1898,0.18989111483097076,1.0,0.7969990968704224,0.7841976881027222,0.3919696837329443
1899,0.20081597566604614,1.0,0.8014121651649475,0.7916212677955627,0.317953724712642
1900,0.16121982038021088,1.0,0.8027361035346985,0.7909982800483704,0.30031450936257637
1901,0.15383794903755188,0.999117374420166,0.8031774163246155,0.7922441959381104,0.31852636476504786
1902,0.17110809683799744,0.999117374420166,0.7978817224502563,0.7914136052131653,0.25999924524833473
1903,0.182155579328537,1.0,0.7974404096603394,0.786949098110199,0.2751401287514132
1904,0.1659858673810959,1.0,0.7961165308952332,0.7843534350395203,0.2767926698952407
1905,0.18017397820949554,1.0,0.7987643480300903,0.7864299416542053,0.2932491921227607
1906,0.1660110503435135,1.0,0.7956752181053162,0.7877277731895447,0.25944674086796615
1907,0.15897369384765625,1.0,0.8009708523750305,0.789700448513031,0.28292447130943643
1908,0.17159821093082428,1.0,0.7983230352401733,0.7920365333557129,0.2625933710212324
1909,0.19048132002353668,1.0,0.7969990968704224,0.7921403646469116,0.2895565251634924
1910,0.17758598923683167,0.999117374420166,0.8014121651649475,0.7936977744102478,0.30333889548120646
1911,0.18525393307209015,0.999117374420166,0.8018534779548645,0.7957223653793335,0.29920909937140644
1912,0.1715603768825531,1.0,0.8036187291145325,0.7995120286941528,0.3087661398192224
1913,0.15136711299419403,1.0,0.7987643480300903,0.797331690788269,0.2742518666525285
1914,0.1583120971918106,1.0,0.8009708523750305,0.7931267023086548,0.2863720919514852
1915,0.15660767257213593,1.0,0.8022947907447815,0.7943726181983948,0.24861751418151662
1916,0.17448456585407257,1.0,0.7987643480300903,0.798006534576416,0.29035872162316
1917,0.15387655794620514,1.0,0.7969990968704224,0.794268786907196,0.22586013888674517
1918,0.16901971399784088,1.0,0.7969990968704224,0.7890775203704834,0.2565139367455922
1919,0.203419491648674,1.0,0.8000882863998413,0.7944764494895935,0.36540751754648526
1920,0.15211805701255798,0.999117374420166,0.792586088180542,0.7875201106071472,0.2728554763544547
1921,0.2000928372144699,0.999117374420166,0.790379524230957,0.790946364402771,0.36674405090500156
1922,0.16496039927005768,1.0,0.7987643480300903,0.7966567873954773,0.2916575861191293
1923,0.16836044192314148,1.0,0.8009708523750305,0.7956185340881348,0.33215921541366433
1924,0.1698792278766632,1.0,0.7987643480300903,0.7956185340881348,0.29843645202353875
1925,0.16064737737178802,1.0,0.7930273413658142,0.7949436902999878,0.25277832606749845
1926,0.1559707671403885,1.0,0.7947925925254822,0.7942168712615967,0.23406618247873978
1927,0.14961157739162445,1.0,0.7943512797355652,0.7892332673072815,0.21919961408923266
1928,0.15771178901195526,1.0,0.7943512797355652,0.788454532623291,0.26678688635413994
1929,0.1732829213142395,1.0,0.7961165308952332,0.7909982800483704,0.2926577769228434
1930,0.1474691778421402,1.0,0.8009708523750305,0.795514702796936,0.24364181435900772
1931,0.17507809400558472,0.999117374420166,0.8049426078796387,0.7970201969146729,0.28808103610017993
1932,0.16360323131084442,0.9982348084449768,0.8005295991897583,0.7982141971588135,0.25450563354267586
1933,0.16058233380317688,0.9982348084449768,0.7969990968704224,0.7957742810249329,0.2712292708822751
1934,0.16572153568267822,0.9982348084449768,0.8022947907447815,0.7932824492454529,0.25002643842791245
1935,0.172149658203125,0.999117374420166,0.8045013546943665,0.7916212677955627,0.2247543681998846
1936,0.18570280075073242,0.999117374420166,0.7996469736099243,0.7929190397262573,0.34186875657161525
1937,0.14794829487800598,1.0,0.8000882863998413,0.7944245338439941,0.2509326469651681
1938,0.1535494476556778,1.0,0.7983230352401733,0.7917250394821167,0.31594760647184544
1939,0.15556898713111877,0.999117374420166,0.7956752181053162,0.7889736890792847,0.28000770832657884
1940,0.16344550251960754,0.999117374420166,0.7974404096603394,0.7855993509292603,0.2827453222650517
1941,0.15863238275051117,1.0,0.7978817224502563,0.785132110118866,0.31373600873738083
1942,0.14098653197288513,1.0,0.7943512797355652,0.7852359414100647,0.2281401561794694
1943,0.14163048565387726,1.0,0.789055585861206,0.7848725318908691,0.256837631495819
1944,0.1597985476255417,1.0,0.7969990968704224,0.7860665321350098,0.2613959031057529
1945,0.1506670117378235,1.0,0.8014121651649475,0.7880911827087402,0.2624234455733032
1946,0.1521388739347458,1.0,0.8036187291145325,0.7891294360160828,0.2572603752592768
1947,0.15138016641139984,1.0,0.8036187291145325,0.7935939431190491,0.2676498491285243
1948,0.16486521065235138,1.0,0.8049426078796387,0.7958261966705322,0.23634959786005716
1949,0.1550564169883728,0.999117374420166,0.8027361035346985,0.7913097739219666,0.2527237374215786
1950,0.1588311493396759,0.999117374420166,0.8000882863998413,0.788454532623291,0.3177978125852699
1951,0.16392771899700165,1.0,0.7965578436851501,0.7891294360160828,0.31274986300242325
1952,0.16489186882972717,1.0,0.7996469736099243,0.7912578582763672,0.23551907531621244
1953,0.14621999859809875,1.0,0.8000882863998413,0.7899600267410278,0.2405550764356468
1954,0.141249418258667,1.0,0.7996469736099243,0.7922961115837097,0.2221513066128636
1955,0.16952885687351227,1.0,0.8018534779548645,0.7920884490013123,0.35069557166274634
1956,0.15388812124729156,1.0,0.8014121651649475,0.7899081110954285,0.25381547369431084
1957,0.13805465400218964,1.0,0.7965578436851501,0.7895447015762329,0.22490680526287832
1958,0.13343201577663422,1.0,0.7974404096603394,0.7882468700408936,0.24139488193092976
1959,0.15935197472572327,0.999117374420166,0.7992056608200073,0.7834190130233765,0.2391587480173708
1960,0.14802664518356323,0.999117374420166,0.8000882863998413,0.7840419411659241,0.2620954885734302
1961,0.16480009257793427,0.9982348084449768,0.8027361035346985,0.7906348705291748,0.2866011039067457
1962,0.13376981019973755,0.9982348084449768,0.8040600419044495,0.7919327020645142,0.21840919000872577
1963,0.16157947480678558,0.9982348084449768,0.8018534779548645,0.7906348705291748,0.26370070154182346
1964,0.1488656997680664,1.0,0.8022947907447815,0.7901676893234253,0.298763759173655
1965,0.16079789400100708,1.0,0.8022947907447815,0.7881430387496948,0.25883014078525957
1966,0.1744983196258545,1.0,0.7961165308952332,0.783470869064331,0.28681254053853955
1967,0.18255338072776794,1.0,0.8014121651649475,0.7868452668190002,0.32134445358457453
1968,0.16714952886104584,0.999117374420166,0.8000882863998413,0.7837304472923279,0.32414803989250657
1969,0.17969106137752533,1.0,0.7947925925254822,0.778643012046814,0.296833770525742
1970,0.17654338479042053,1.0,0.7859664559364319,0.7764626145362854,0.35309286456775024
1971,0.15981799364089966,1.0,0.7837599515914917,0.7796293497085571,0.27974669370920785
1972,0.16575850546360016,1.0,0.7930273413658142,0.7806676030158997,0.31820909338405445
1973,0.15281154215335846,1.0,0.7969990968704224,0.7840419411659241,0.3103332076174474
1974,0.17517155408859253,1.0,0.7965578436851501,0.7877277731895447,0.34144399810916115
1975,0.161523699760437,1.0,0.7956752181053162,0.7864818572998047,0.2605701460603778
1976,0.17838020622730255,1.0,0.7996469736099243,0.7868452668190002,0.3158623183639184
1977,0.14387506246566772,1.0,0.7996469736099243,0.7852359414100647,0.26232261238364646
1978,0.1501302421092987,1.0,0.8018534779548645,0.7799408435821533,0.22568015220483517
1979,0.15825268626213074,1.0,0.8022947907447815,0.7803561091423035,0.2981127733625764
1980,0.17862385511398315,1.0,0.8009708523750305,0.7858588695526123,0.43258138433891175
1981,0.17957375943660736,1.0,0.8045013546943665,0.7879873514175415,0.4231597760696902
1982,0.16570304334163666,1.0,0.8049426078796387,0.7892332673072815,0.35606884064977373
1983,0.1622973382472992,1.0,0.8022947907447815,0.7907387018203735,0.3275003616278822
1984,0.1563558280467987,1.0,0.7978817224502563,0.7858588695526123,0.27109281509653427
1985,0.17080256342887878,1.0,0.790820837020874,0.7813424468040466,0.29689880452069667
1986,0.15062014758586884,1.0,0.789496898651123,0.7836785316467285,0.3437260225392389
1987,0.17294485867023468,1.0,0.7872903943061829,0.7822250127792358,0.29911716288396617
1988,0.18703976273536682,1.0,0.7877317070960999,0.7849244475364685,0.3640478654557284
1989,0.1936907023191452,1.0,0.792586088180542,0.7873124480247498,0.3751118384043404
1990,0.16990794241428375,1.0,0.7819947004318237,0.7828479409217834,0.28741000671707934
1991,0.17182527482509613,0.999117374420166,0.7824360132217407,0.7805637717247009,0.27324071678019657
1992,0.1736118346452713,0.999117374420166,0.7872903943061829,0.7806156873703003,0.2801215316560778
1993,0.1485893428325653,1.0,0.789496898651123,0.7815501093864441,0.2935782854238421
1994,0.19637615978717804,1.0,0.7952339053153992,0.7849763631820679,0.3354648600279703
1995,0.16943372786045074,1.0,0.7961165308952332,0.7882987856864929,0.28855776079280415
1996,0.18872684240341187,0.999117374420166,0.8005295991897583,0.7879873514175415,0.28830400740900597
1997,0.18320900201797485,0.999117374420166,0.7952339053153992,0.7887660264968872,0.2865592812059469
1998,0.17061233520507812,1.0,0.8000882863998413,0.7892332673072815,0.30614895914761336
1999,0.16690994799137115,1.0,0.8018534779548645,0.7898561954498291,0.22620627303833235
2000,0.14830921590328217,1.0,0.7978817224502563,0.7881430387496948,0.24959718077586923
2001,0.14716021716594696,1.0,0.8000882863998413,0.7896485328674316,0.35768113079941705
2002,0.16351158916950226,1.0,0.8067078590393066,0.7970721125602722,0.28754318776534865
2003,0.1530868262052536,1.0,0.8049426078796387,0.7981622815132141,0.20598966587589584
2004,0.18901872634887695,1.0,0.8022947907447815,0.7962415218353271,0.3102446993242467
2005,0.14876246452331543,1.0,0.8053839206695557,0.7926076054573059,0.22186503479716269
2006,0.17182479798793793,1.0,0.8053839206695557,0.7936458587646484,0.2643623283381772
2007,0.15120932459831238,1.0,0.8058252334594727,0.7947360277175903,0.26664554794540174
2008,0.17212438583374023,1.0,0.8018534779548645,0.7910501956939697,0.36439318589706593
2009,0.15330396592617035,1.0,0.8005295991897583,0.7884026169776917,0.20906737996996336
2010,0.15560536086559296,1.0,0.8027361035346985,0.787623941898346,0.26339023320285654
2011,0.17242494225502014,0.999117374420166,0.8022947907447815,0.7833151817321777,0.31654406175372674
2012,0.16946034133434296,0.999117374420166,0.8009708523750305,0.7814462780952454,0.3937583808597498
2013,0.15415863692760468,0.999117374420166,0.8000882863998413,0.7851840257644653,0.259933387662847
2014,0.16473615169525146,1.0,0.8040600419044495,0.7884026169776917,0.31008735747658966
2015,0.149469792842865,1.0,0.8049426078796387,0.7910501956939697,0.2352363277387701
2016,0.16566109657287598,1.0,0.8022947907447815,0.7898042798042297,0.30293134343769756
2017,0.17620834708213806,1.0,0.8040600419044495,0.7895447015762329,0.33304684385897315
2018,0.1829606592655182,1.0,0.8031774163246155,0.7848725318908691,0.29794261854284165
2019,0.15475454926490784,1.0,0.7969990968704224,0.7797331809997559,0.24835917970353574
2020,0.16028279066085815,1.0,0.7961165308952332,0.781394362449646,0.2730647771707592
2021,0.16123506426811218,1.0,0.7996469736099243,0.7846648693084717,0.29693026964039426
2022,0.15619716048240662,1.0,0.8027361035346985,0.7862741947174072,0.2765038805241189
2023,0.16506889462471008,1.0,0.7987643480300903,0.7862741947174072,0.2532101057580725
2024,0.17543764412403107,1.0,0.8018534779548645,0.789025604724884,0.2931907771627295
2025,0.20283856987953186,1.0,0.8022947907447815,0.7949436902999878,0.36217796283238557
2026,0.1722639501094818,1.0,0.8067078590393066,0.7925556898117065,0.3039193647298516
2027,0.1718263030052185,1.0,0.8071491718292236,0.7920884490013123,0.2955838167239081
2028,0.17912544310092926,1.0,0.8084731101989746,0.7889736890792847,0.32403746565068653
2029,0.1530577689409256,0.999117374420166,0.8027361035346985,0.7911021113395691,0.25288575816874476
2030,0.18615108728408813,1.0,0.8014121651649475,0.7917250394821167,0.2860918842710436
2031,0.16854384541511536,1.0,0.8045013546943665,0.7891294360160828,0.2571149577781114
2032,0.18910367786884308,1.0,0.8045013546943665,0.7896485328674316,0.31994357877939383
2033,0.16248643398284912,1.0,0.8009708523750305,0.7894408702850342,0.2649982910014926
2034,0.16308516263961792,1.0,0.8014121651649475,0.7874162793159485,0.3006881313768173
2035,0.18500059843063354,1.0,0.8009708523750305,0.784457266330719,0.277798305439734
2036,0.17428381741046906,1.0,0.8009708523750305,0.7849244475364685,0.29650877517356733
2037,0.16196735203266144,1.0,0.8071491718292236,0.7881430387496948,0.2626943148819886
2038,0.1506327986717224,1.0,0.8058252334594727,0.7902196049690247,0.2464821441443877
2039,0.17119257152080536,1.0,0.7992056608200073,0.7888698577880859,0.2855722293070311
2040,0.15837141871452332,1.0,0.7987643480300903,0.787208616733551,0.2822424479926886
2041,0.1870470941066742,1.0,0.7978817224502563,0.787208616733551,0.30282576289803004
2042,0.16563303768634796,1.0,0.7983230352401733,0.7875720262527466,0.3243237224366146
2043,0.18825216591358185,0.9982348084449768,0.8022947907447815,0.7908425331115723,0.3373142697993528
2044,0.1657319962978363,1.0,0.8031774163246155,0.7956704497337341,0.31996834681910774
2045,0.15041930973529816,1.0,0.7974404096603394,0.7911021113395691,0.2453199633961399
2046,0.16377530992031097,1.0,0.7943512797355652,0.7883507013320923,0.25266250047996863
2047,0.18431168794631958,1.0,0.7987643480300903,0.7926076054573059,0.311145594249614
2048,0.16413502395153046,1.0,0.7996469736099243,0.7916212677955627,0.24998304689505768
2049,0.14347286522388458,1.0,0.7956752181053162,0.7916731238365173,0.267159671420335
2050,0.15501338243484497,1.0,0.7952339053153992,0.7905829548835754,0.24150795364864452
2051,0.15326468646526337,1.0,0.8009708523750305,0.7913616895675659,0.25918431973890804
2052,0.15981940925121307,1.0,0.8005295991897583,0.7894408702850342,0.28381281464254077
2053,0.16749019920825958,1.0,0.7992056608200073,0.7883507013320923,0.30366297003648657
2054,0.1632695347070694,1.0,0.8000882863998413,0.7914655208587646,0.27320710598288783
2055,0.1542992740869522,1.0,0.7983230352401733,0.7906867861747742,0.2840716765878399
2056,0.16250427067279816,1.0,0.7974404096603394,0.7906348705291748,0.3058410551069924
2057,0.16262522339820862,1.0,0.7969990968704224,0.7907387018203735,0.2697636806742959
2058,0.16571752727031708,1.0,0.7965578436851501,0.7889736890792847,0.27017249374812274
2059,0.16815166175365448,1.0,0.792144775390625,0.7862741947174072,0.3255709518975822
2060,0.1593334823846817,1.0,0.7934686541557312,0.7876758575439453,0.341775042238911
2061,0.1615881323814392,1.0,0.7943512797355652,0.7846648693084717,0.2746642113664308
2062,0.1533108502626419,1.0,0.792586088180542,0.7830036878585815,0.27071513294919636
2063,0.19752877950668335,0.999117374420166,0.7987643480300903,0.7872605323791504,0.3920826433054794
2064,0.14440178871154785,0.999117374420166,0.7992056608200073,0.7857550978660583,0.21558892972658317
2065,0.1632513403892517,0.999117374420166,0.7978817224502563,0.7810310125350952,0.28432022372474514
2066,0.16571690142154694,1.0,0.7965578436851501,0.779888927936554,0.27343604247629016
2067,0.1650061011314392,0.999117374420166,0.7934686541557312,0.7824326157569885,0.3141833006008567
2068,0.17417733371257782,0.999117374420166,0.7939099669456482,0.7840419411659241,0.2881197471095274
2069,0.17357586324214935,1.0,0.791262149810791,0.7852359414100647,0.2812996236162024
2070,0.16832439601421356,1.0,0.7850838303565979,0.7830556035041809,0.29671789001771065
2071,0.1634385734796524,0.999117374420166,0.7877317070960999,0.7816539406776428,0.2688360420990608
2072,0.16139987111091614,0.999117374420166,0.7864077687263489,0.7818096876144409,0.2509093753759548
2073,0.17595639824867249,1.0,0.7846425771713257,0.783211350440979,0.2871118255209852
2074,0.16470931470394135,1.0,0.790820837020874,0.7871047854423523,0.2697560142122183
2075,0.1557711362838745,1.0,0.7974404096603394,0.7893889546394348,0.24484056253629433
2076,0.14886431396007538,1.0,0.7996469736099243,0.7898561954498291,0.26604956240809474
2077,0.15876397490501404,1.0,0.7987643480300903,0.7944764494895935,0.2853544126964542
2078,0.17788846790790558,1.0,0.792586088180542,0.7914136052131653,0.3004964503497309
2079,0.16665656864643097,1.0,0.7886143326759338,0.7882468700408936,0.32175359804872067
2080,0.15444786846637726,1.0,0.7947925925254822,0.7876758575439453,0.2995896354075681
2081,0.1367008537054062,1.0,0.7956752181053162,0.7862741947174072,0.21079488914022715
2082,0.14961537718772888,0.999117374420166,0.7947925925254822,0.7861703634262085,0.2754714343208572
2083,0.18354055285453796,0.999117374420166,0.7974404096603394,0.7879354357719421,0.26993590451643107
2084,0.17100439965724945,0.999117374420166,0.8014121651649475,0.7890775203704834,0.30620218116646253
2085,0.15575717389583588,0.999117374420166,0.8040600419044495,0.789025604724884,0.26100724330394554
2086,0.19723215699195862,0.999117374420166,0.8031774163246155,0.788454532623291,0.367724958818249
2087,0.16747397184371948,1.0,0.7992056608200073,0.7907906174659729,0.3088714485845259
2088,0.13708879053592682,1.0,0.7992056608200073,0.787779688835144,0.2139200479398588
2089,0.1521279513835907,1.0,0.7974404096603394,0.785703182220459,0.2764682327312217
2090,0.16050447523593903,1.0,0.7965578436851501,0.7836785316467285,0.2618253056530379
2091,0.16231653094291687,1.0,0.7947925925254822,0.7825364470481873,0.2593575159343945
2092,0.1562425047159195,1.0,0.7992056608200073,0.7823807001113892,0.2761978736089538
2093,0.16808612644672394,1.0,0.7978817224502563,0.7832632660865784,0.275426400337868
2094,0.15423555672168732,1.0,0.8045013546943665,0.7909982800483704,0.26137020596694754
2095,0.16125820577144623,1.0,0.8075904846191406,0.7953070402145386,0.2437281479314495
2096,0.14927557110786438,1.0,0.8005295991897583,0.7929190397262573,0.25837599103830566
2097,0.17176097631454468,1.0,0.7978817224502563,0.7914136052131653,0.3190638793372408
2098,0.1474381387233734,1.0,0.792586088180542,0.7881430387496948,0.24579478356187154
2099,0.17015279829502106,1.0,0.7930273413658142,0.7896485328674316,0.3198933451031805
2100,0.1891459822654724,1.0,0.7983230352401733,0.7903234362602234,0.35107001804815724
2101,0.15957289934158325,1.0,0.792586088180542,0.7868971824645996,0.31025704813150695
2102,0.1487036943435669,1.0,0.7952339053153992,0.788454532623291,0.2841178783274125
2103,0.16562816500663757,1.0,0.7934686541557312,0.7892851829528809,0.29277351841906557
2104,0.16431385278701782,1.0,0.7956752181053162,0.7920365333557129,0.3318291325496638
2105,0.14781120419502258,1.0,0.8014121651649475,0.7957223653793335,0.2730112122161406
2106,0.13686299324035645,1.0,0.8058252334594727,0.7970201969146729,0.20458666134933937
2107,0.13732901215553284,1.0,0.8084731101989746,0.7969682812690735,0.27474857351598314
2108,0.16167506575584412,1.0,0.8080317974090576,0.7961896061897278,0.2509654425955141
2109,0.1686323881149292,1.0,0.8005295991897583,0.793438196182251,0.2773607764282523
2110,0.15275348722934723,1.0,0.7956752181053162,0.7889736890792847,0.2764254761700788
2111,0.15637832880020142,1.0,0.792144775390625,0.786378026008606,0.24771727515478856
2112,0.15140102803707123,1.0,0.790379524230957,0.7860665321350098,0.31043053120425645
2113,0.16322895884513855,1.0,0.792144775390625,0.7891294360160828,0.2983488395258766
2114,0.1575825810432434,1.0,0.7956752181053162,0.7925037741661072,0.3070372430624745
2115,0.15222182869911194,0.999117374420166,0.7987643480300903,0.7929709553718567,0.30239807756929904
2116,0.16126719117164612,1.0,0.7943512797355652,0.7900638580322266,0.2459975186890874
2117,0.14677248895168304,1.0,0.7961165308952332,0.7893370389938354,0.32819481535612577
2118,0.1548757404088974,1.0,0.8014121651649475,0.7881949543952942,0.3126086738524675
2119,0.1715196967124939,1.0,0.7956752181053162,0.7885583639144897,0.30171903323244176
2120,0.1694333553314209,1.0,0.78993821144104,0.7886621952056885,0.3063333394635844
2121,0.17487631738185883,1.0,0.791703462600708,0.7902196049690247,0.3202729136185862
2122,0.15814316272735596,1.0,0.791703462600708,0.7873124480247498,0.26176453209313
2123,0.18542984127998352,1.0,0.789496898651123,0.7846130132675171,0.31777826612736343
2124,0.15958334505558014,1.0,0.78993821144104,0.787208616733551,0.23979963914482297
2125,0.17723624408245087,1.0,0.7859664559364319,0.7870009541511536,0.32321790510076054
2126,0.16709819436073303,0.999117374420166,0.7886143326759338,0.7856512665748596,0.2544360351060851
2127,0.17340222001075745,0.999117374420166,0.7961165308952332,0.7865856885910034,0.32633849992014224
2128,0.17055022716522217,0.999117374420166,0.8053839206695557,0.7879873514175415,0.323240090616209
2129,0.15882305800914764,1.0,0.8018534779548645,0.7868452668190002,0.2972659559568646
2130,0.1706673800945282,0.999117374420166,0.7934686541557312,0.7823807001113892,0.35021645658116535
2131,0.14960886538028717,0.999117374420166,0.78993821144104,0.782640278339386,0.2831077052682246
2132,0.17338308691978455,1.0,0.7969990968704224,0.7848206162452698,0.3175853848241626
2133,0.18630369007587433,1.0,0.8053839206695557,0.7908944487571716,0.31647897564706284
2134,0.15862759947776794,1.0,0.8036187291145325,0.7933862805366516,0.2527378846412972
2135,0.1419021189212799,1.0,0.8005295991897583,0.7901676893234253,0.32195144065575193
2136,0.17112556099891663,1.0,0.7978817224502563,0.7845610976219177,0.27113258620487957
2137,0.142426535487175,1.0,0.7947925925254822,0.7851840257644653,0.32644821018611986
2138,0.17284253239631653,1.0,0.792586088180542,0.7837823629379272,0.330919433437212
2139,0.16755054891109467,0.999117374420166,0.789055585861206,0.7824845314025879,0.3183780720600812
2140,0.16938863694667816,0.999117374420166,0.7934686541557312,0.786378026008606,0.27089451629175926
2141,0.17885123193264008,0.999117374420166,0.7983230352401733,0.7916731238365173,0.31414382954613673
2142,0.18910492956638336,1.0,0.8027361035346985,0.7900119423866272,0.3398815940590718
2143,0.1610793173313141,1.0,0.8000882863998413,0.7873643636703491,0.34907867008825155
2144,0.1800190657377243,1.0,0.8005295991897583,0.7925037741661072,0.339146628501
2145,0.16169457137584686,1.0,0.8040600419044495,0.7929190397262573,0.32411589023958465
2146,0.16103297472000122,1.0,0.8058252334594727,0.7909982800483704,0.31653934739347356
2147,0.1581452339887619,1.0,0.8049426078796387,0.7927114367485046,0.2782447616325655
2148,0.15757420659065247,1.0,0.8045013546943665,0.7912059426307678,0.23882972159688864
2149,0.14860393106937408,0.999117374420166,0.8009708523750305,0.790271520614624,0.22635544550344047
2150,0.20936241745948792,0.999117374420166,0.8058252334594727,0.7983180284500122,0.37875252274694554
2151,0.18492822349071503,1.0,0.8014121651649475,0.7961896061897278,0.2924090960920202
2152,0.18951334059238434,1.0,0.8005295991897583,0.7966567873954773,0.37727844269835875
2153,0.20311328768730164,1.0,0.8014121651649475,0.7977988719940186,0.3959289327012833
2154,0.16064339876174927,1.0,0.8014121651649475,0.7893370389938354,0.2247701179205927
2155,0.20529749989509583,1.0,0.7987643480300903,0.7894927859306335,0.387381498484806
2156,0.17450591921806335,1.0,0.7934686541557312,0.7887660264968872,0.293644641462265
2157,0.1745450347661972,1.0,0.790820837020874,0.787779688835144,0.34075144113787165
2158,0.18838484585285187,1.0,0.7956752181053162,0.795514702796936,0.3287556741926095
2159,0.17390893399715424,1.0,0.8053839206695557,0.7987332940101624,0.27676782815320305
2160,0.190210223197937,1.0,0.8084731101989746,0.7961376905441284,0.3168976855966014
2161,0.16453300416469574,1.0,0.8018534779548645,0.7940611243247986,0.26518034866907386
2162,0.1861932873725891,1.0,0.8009708523750305,0.7914655208587646,0.32334941089743513
2163,0.1546960324048996,1.0,0.8000882863998413,0.7902196049690247,0.23989695683781614
2164,0.1847580522298813,1.0,0.8031774163246155,0.7914655208587646,0.3010258598480671
2165,0.1752205193042755,1.0,0.7983230352401733,0.7902196049690247,0.24633758574912726
2166,0.18482479453086853,0.999117374420166,0.7934686541557312,0.7875201106071472,0.28688173964377256
2167,0.19034262001514435,1.0,0.7961165308952332,0.789025604724884,0.3705284711241028
2168,0.16545560956001282,1.0,0.7965578436851501,0.7864818572998047,0.23463921800300241
2169,0.1583297699689865,1.0,0.7983230352401733,0.785703182220459,0.2565712340082086
2170,0.17843005061149597,1.0,0.7996469736099243,0.7864299416542053,0.2809243291981583
2171,0.17368100583553314,1.0,0.8036187291145325,0.7901157736778259,0.31278354777022815
2172,0.19267182052135468,0.999117374420166,0.8075904846191406,0.7951512932777405,0.2935981416550531
2173,0.157532200217247,1.0,0.8089144229888916,0.7979027032852173,0.29514839699656276
2174,0.15548725426197052,1.0,0.7983230352401733,0.7922441959381104,0.2726684263694314
2175,0.16330301761627197,1.0,0.791262149810791,0.7862222790718079,0.25179668712990444
2176,0.15531763434410095,1.0,0.7868490815162659,0.7819135189056396,0.23657641578497526
2177,0.16025753319263458,1.0,0.7939099669456482,0.7841457724571228,0.25620334633455216
2178,0.1590876579284668,1.0,0.7992056608200073,0.7929190397262573,0.29549320313203536
2179,0.13701042532920837,1.0,0.8053839206695557,0.7958781123161316,0.2796417754439003
2180,0.1689482480287552,1.0,0.8031774163246155,0.7950475215911865,0.26341146114145625
2181,0.14529526233673096,1.0,0.8058252334594727,0.7941649556159973,0.2358909310745461
2182,0.14312946796417236,1.0,0.8000882863998413,0.7919846177101135,0.3072107851705218
2183,0.14761705696582794,1.0,0.7974404096603394,0.790271520614624,0.24865590536659543
2184,0.14474880695343018,1.0,0.7956752181053162,0.7864299416542053,0.24229565668757244
2185,0.14545972645282745,1.0,0.7961165308952332,0.7871047854423523,0.2163433494803915
2186,0.17286941409111023,1.0,0.8000882863998413,0.7854955196380615,0.29170567440985357
2187,0.14567527174949646,1.0,0.8040600419044495,0.787779688835144,0.2902826074163264
2188,0.13989031314849854,1.0,0.8097969889640808,0.790271520614624,0.20677342402645713
2189,0.15905781090259552,1.0,0.8005295991897583,0.7874162793159485,0.26454296965444635
2190,0.1721595972776413,1.0,0.7996469736099243,0.7880392670631409,0.3249562817352048
2191,0.16412582993507385,1.0,0.7992056608200073,0.7893370389938354,0.25787185589396594
2192,0.16406339406967163,1.0,0.8036187291145325,0.7886621952056885,0.29104162578972376
2193,0.13938000798225403,1.0,0.7983230352401733,0.7848206162452698,0.3266401695285
2194,0.15063616633415222,0.999117374420166,0.7969990968704224,0.7871047854423523,0.2512859707110649
2195,0.17218376696109772,0.999117374420166,0.78993821144104,0.7861703634262085,0.31345347471441487
2196,0.1554579883813858,0.999117374420166,0.7943512797355652,0.787623941898346,0.30181503686437966
2197,0.15085625648498535,1.0,0.7992056608200073,0.7875720262527466,0.23143945696119914
2198,0.1407865583896637,1.0,0.792144775390625,0.7864299416542053,0.2666828571998201
2199,0.1532239317893982,1.0,0.791262149810791,0.786533772945404,0.2580314899046658
2200,0.14101558923721313,1.0,0.790820837020874,0.7830556035041809,0.25943995986343776
2201,0.16637077927589417,1.0,0.7983230352401733,0.7849763631820679,0.34039770451805323
2202,0.15694905817508698,1.0,0.7992056608200073,0.7895447015762329,0.25400681772141864
2203,0.17788240313529968,1.0,0.7987643480300903,0.7923999428749084,0.3485586930176195
2204,0.14882875978946686,0.999117374420166,0.8000882863998413,0.7929709553718567,0.23781849977712413
2205,0.16382911801338196,0.999117374420166,0.7987643480300903,0.7938535213470459,0.2732750012647041
2206,0.15700370073318481,0.999117374420166,0.7996469736099243,0.794113039970398,0.21869881978309466
2207,0.1532452404499054,0.999117374420166,0.7983230352401733,0.7914136052131653,0.2862924044130229
2208,0.1564960479736328,1.0,0.8009708523750305,0.7923999428749084,0.2738090936118551
2209,0.15523311495780945,1.0,0.7974404096603394,0.7894927859306335,0.24219731185538382
2210,0.15371178090572357,1.0,0.7974404096603394,0.7858588695526123,0.30098283136241977
2211,0.17274166643619537,1.0,0.7965578436851501,0.7881430387496948,0.32953748913031555
2212,0.17267678678035736,1.0,0.7961165308952332,0.7818616032600403,0.33551803850567946
2213,0.16758744418621063,1.0,0.7934686541557312,0.7799408435821533,0.2724915240750543
2214,0.1849014163017273,1.0,0.8000882863998413,0.7847687005996704,0.39673652002623394
2215,0.15215694904327393,1.0,0.7983230352401733,0.7850282788276672,0.2969698704116877
2216,0.16023093461990356,1.0,0.791703462600708,0.7787986993789673,0.24422313292885983
2217,0.18161843717098236,1.0,0.7939099669456482,0.7812386155128479,0.3787048564048809
2218,0.17029471695423126,1.0,0.7934686541557312,0.7796293497085571,0.3232661429975999
2219,0.16486552357673645,1.0,0.7956752181053162,0.7808233499526978,0.34786184141260246
2220,0.187699556350708,1.0,0.7996469736099243,0.7865856885910034,0.31076297388624274
2221,0.17620785534381866,1.0,0.8036187291145325,0.7905829548835754,0.2886030155091114
2222,0.16665267944335938,1.0,0.7978817224502563,0.7890775203704834,0.3084292605772343
2223,0.18347598612308502,0.999117374420166,0.7947925925254822,0.7845091819763184,0.31393693675987344
2224,0.17930203676223755,1.0,0.792586088180542,0.782640278339386,0.31557841972296047
2225,0.15025295317173004,1.0,0.7939099669456482,0.784716784954071,0.28831489360593787
2226,0.17049540579319,1.0,0.7930273413658142,0.7854436039924622,0.28918015619508053
2227,0.2052333503961563,1.0,0.7987643480300903,0.7928152084350586,0.37100451954985125
2228,0.18086346983909607,1.0,0.7987643480300903,0.7888698577880859,0.3063587291436266
2229,0.17260615527629852,1.0,0.7934686541557312,0.7870528697967529,0.33551224246398437
2230,0.19748428463935852,1.0,0.7842012643814087,0.7836266160011292,0.41826605342349626
2231,0.1598471701145172,0.999117374420166,0.7758164405822754,0.7775009274482727,0.26698558975332254
2232,0.22081665694713593,0.9982348084449768,0.7828773260116577,0.7833151817321777,0.43636685061502245
2233,0.19264529645442963,0.999117374420166,0.7952339053153992,0.7891294360160828,0.3668078959816053
2234,0.18786679208278656,0.999117374420166,0.8009708523750305,0.7885583639144897,0.37863645158839226
2235,0.1783302128314972,1.0,0.7961165308952332,0.7893370389938354,0.3292921022357322
2236,0.16840136051177979,1.0,0.7930273413658142,0.7868971824645996,0.2619117884618156
2237,0.19136296212673187,0.999117374420166,0.791703462600708,0.7853916883468628,0.28871633805829494
2238,0.18483693897724152,1.0,0.7961165308952332,0.7868452668190002,0.29395860587928246
2239,0.1718486100435257,1.0,0.7969990968704224,0.7879873514175415,0.2582151538298471
2240,0.1754082292318344,0.999117374420166,0.7965578436851501,0.7903753519058228,0.31652232765582217
2241,0.15668219327926636,1.0,0.7974404096603394,0.7912578582763672,0.26800372366029157
2242,0.2095099836587906,1.0,0.7956752181053162,0.7892851829528809,0.33441568502013774
2243,0.1695198118686676,1.0,0.7987643480300903,0.789025604724884,0.2627177185147298
2244,0.17138709127902985,0.999117374420166,0.8005295991897583,0.7880911827087402,0.23509159213101516
2245,0.17142757773399353,0.999117374420166,0.7978817224502563,0.7881430387496948,0.26513824435833294
2246,0.166920006275177,0.999117374420166,0.7978817224502563,0.7866895198822021,0.28295723244816284
2247,0.16245414316654205,1.0,0.7965578436851501,0.7883507013320923,0.2785152326049229
2248,0.15562453866004944,1.0,0.8005295991897583,0.7844053506851196,0.28738449821645773
2249,0.18812872469425201,1.0,0.8040600419044495,0.7858069539070129,0.29995439846578187
2250,0.147499218583107,1.0,0.8018534779548645,0.792192280292511,0.23224012856017406
2251,0.1448909491300583,1.0,0.7965578436851501,0.7906348705291748,0.22720719254827362
2252,0.17364495992660522,1.0,0.7956752181053162,0.7930747866630554,0.2936786998164862
2253,0.1387079954147339,0.999117374420166,0.8000882863998413,0.7917250394821167,0.20914647146355408
2254,0.14051753282546997,0.999117374420166,0.7983230352401733,0.787779688835144,0.24804318920853297
2255,0.1363966315984726,0.999117374420166,0.7978817224502563,0.786949098110199,0.19650158294579778
2256,0.17322273552417755,1.0,0.8009708523750305,0.7905310392379761,0.3111526740578532
2257,0.17116402089595795,1.0,0.8040600419044495,0.7921403646469116,0.2890662816986814
2258,0.14624276757240295,1.0,0.8018534779548645,0.7893889546394348,0.2942256009419666
2259,0.14852184057235718,1.0,0.8045013546943665,0.7902196049690247,0.2627008481676679
2260,0.16542823612689972,0.999117374420166,0.8045013546943665,0.7876758575439453,0.2545575772149377
2261,0.16236016154289246,0.999117374420166,0.7992056608200073,0.7845610976219177,0.21925142766251596
2262,0.1453375220298767,1.0,0.7943512797355652,0.7830036878585815,0.2662806410913797
2263,0.1689063459634781,1.0,0.7987643480300903,0.7839381098747253,0.26905763652860337
2264,0.15022613108158112,0.999117374420166,0.8009708523750305,0.785703182220459,0.2522913983397634
2265,0.15703809261322021,1.0,0.7934686541557312,0.7835747003555298,0.2681561715174076
2266,0.15241114795207977,1.0,0.792586088180542,0.7837304472923279,0.29056557768893315
2267,0.1449773758649826,1.0,0.791262149810791,0.7827960252761841,0.28092318678294165
2268,0.15926694869995117,1.0,0.791703462600708,0.7860665321350098,0.32307314201394194
2269,0.1455182433128357,1.0,0.790820837020874,0.7886621952056885,0.2680177571441137
2270,0.14478737115859985,1.0,0.791703462600708,0.7902196049690247,0.2652121981807031
2271,0.14254434406757355,1.0,0.7930273413658142,0.7910501956939697,0.24649973601979724
2272,0.1536029428243637,1.0,0.7992056608200073,0.7918807864189148,0.2689358981516833
2273,0.1574167162179947,0.999117374420166,0.8049426078796387,0.7925037741661072,0.27996647844657935
2274,0.17279815673828125,1.0,0.8084731101989746,0.7916731238365173,0.26634194223280333
2275,0.16642026603221893,0.999117374420166,0.8093556761741638,0.794113039970398,0.27338634104454407
2276,0.1664132922887802,0.999117374420166,0.8031774163246155,0.7925556898117065,0.2878910002345552
2277,0.14066191017627716,1.0,0.8014121651649475,0.7880392670631409,0.24972154915578126
2278,0.17657262086868286,0.999117374420166,0.8031774163246155,0.7904791235923767,0.2942490134304178
2279,0.16378751397132874,1.0,0.8049426078796387,0.7926076054573059,0.27470708528617754
2280,0.16694001853466034,1.0,0.8027361035346985,0.793022871017456,0.27020432443913056
2281,0.13142627477645874,1.0,0.8031774163246155,0.791517436504364,0.21181374580374798
2282,0.16760259866714478,1.0,0.8045013546943665,0.7923480272293091,0.30945659737622166
2283,0.13679349422454834,1.0,0.8040600419044495,0.7926076054573059,0.3135768558683233
2284,0.15991120040416718,1.0,0.8053839206695557,0.7920365333557129,0.24596064376567126
2285,0.1701413094997406,1.0,0.8080317974090576,0.7946321964263916,0.34024850356170677
2286,0.1539040207862854,0.999117374420166,0.8089144229888916,0.7935939431190491,0.25544839508695244
2287,0.1488417237997055,0.999117374420166,0.7987643480300903,0.7881949543952942,0.26863698104880734
2288,0.16126789152622223,1.0,0.7969990968704224,0.7871567010879517,0.2924180266669581
2289,0.13626141846179962,1.0,0.791262149810791,0.7822769284248352,0.26611657922565274
2290,0.1770409792661667,1.0,0.7934686541557312,0.7845091819763184,0.3660426954799849
2291,0.1785455048084259,1.0,0.7961165308952332,0.7846648693084717,0.31167911850209257
2292,0.15613238513469696,1.0,0.791262149810791,0.7790063619613647,0.2886771418278763
2293,0.17786818742752075,1.0,0.7952339053153992,0.7847687005996704,0.3414341191325715
2294,0.16754554212093353,1.0,0.7934686541557312,0.7885064482688904,0.33696953375802313
2295,0.15283752977848053,1.0,0.7965578436851501,0.7849244475364685,0.2654917555956972
2296,0.17655383050441742,1.0,0.791262149810791,0.7822769284248352,0.32479690395006505
2297,0.18367019295692444,1.0,0.7965578436851501,0.7848206162452698,0.3463796298451404
2298,0.1767277866601944,1.0,0.7987643480300903,0.7864818572998047,0.30253762762396674
2299,0.1775810271501541,1.0,0.7969990968704224,0.7854955196380615,0.328819888531313
2300,0.1591482162475586,1.0,0.8036187291145325,0.7866895198822021,0.2714449631240113
2301,0.14587868750095367,1.0,0.8000882863998413,0.783470869064331,0.2110097494109508
2302,0.17315194010734558,1.0,0.7992056608200073,0.7841457724571228,0.27825492027417476
2303,0.1656193733215332,1.0,0.7992056608200073,0.7868452668190002,0.33113368900840373
2304,0.1695903092622757,0.999117374420166,0.7992056608200073,0.7851840257644653,0.2735183359777262
2305,0.17306344211101532,0.999117374420166,0.8005295991897583,0.7843534350395203,0.2562571753180518
2306,0.18094272911548615,0.999117374420166,0.8027361035346985,0.7874162793159485,0.2728802149056515
2307,0.1723945140838623,1.0,0.8053839206695557,0.7921403646469116,0.27882438367978474
2308,0.15777455270290375,1.0,0.8049426078796387,0.7906348705291748,0.2795450834106977
2309,0.1546844244003296,1.0,0.8036187291145325,0.7926076054573059,0.2960797165126502
2310,0.17010653018951416,1.0,0.8005295991897583,0.7913097739219666,0.29673425815966575
2311,0.16791188716888428,1.0,0.8022947907447815,0.7916731238365173,0.25455513179104367
2312,0.14560499787330627,1.0,0.7965578436851501,0.7895966172218323,0.24688997703290733
2313,0.17330887913703918,1.0,0.7978817224502563,0.7893370389938354,0.310805301448435
2314,0.15378141403198242,1.0,0.7974404096603394,0.7871567010879517,0.33695663043615887
2315,0.16623085737228394,1.0,0.8005295991897583,0.7891294360160828,0.27809647866889114
2316,0.156025230884552,1.0,0.8031774163246155,0.7911021113395691,0.2759945535930061
2317,0.1599806398153305,1.0,0.8049426078796387,0.7907906174659729,0.28239866347707576
2318,0.1308605670928955,1.0,0.8045013546943665,0.790946364402771,0.2398119698953653
2319,0.17722295224666595,1.0,0.7987643480300903,0.7880911827087402,0.2981345503496017
2320,0.1708938032388687,1.0,0.7881730198860168,0.7846130132675171,0.33547708554029493
2321,0.18676181137561798,0.999117374420166,0.7930273413658142,0.7824845314025879,0.32422478937990223
2322,0.15543125569820404,0.999117374420166,0.7859664559364319,0.7805118560791016,0.24691076278302207
2323,0.18055219948291779,1.0,0.791703462600708,0.7856512665748596,0.32618641522008696
2324,0.16608263552188873,1.0,0.7943512797355652,0.7854436039924622,0.27698305774353205
2325,0.15137435495853424,1.0,0.7930273413658142,0.7824326157569885,0.2792983814004374
2326,0.1687057614326477,1.0,0.7956752181053162,0.7858069539070129,0.30643970711341123
2327,0.17698971927165985,1.0,0.7956752181053162,0.7879873514175415,0.28273762320765566
2328,0.15782873332500458,1.0,0.7934686541557312,0.7877277731895447,0.2369658859894147
2329,0.15221937000751495,1.0,0.7943512797355652,0.7875720262527466,0.2205090609046048
2330,0.16902056336402893,1.0,0.8000882863998413,0.7877277731895447,0.33544993153230357
2331,0.15312466025352478,1.0,0.7983230352401733,0.7846648693084717,0.25433041456358574
2332,0.16832365095615387,1.0,0.7978817224502563,0.7837823629379272,0.29212683448298227
2333,0.13221248984336853,1.0,0.7965578436851501,0.7845610976219177,0.2561116519985395
2334,0.15355707705020905,1.0,0.7983230352401733,0.7825364470481873,0.2877659199564695
2335,0.15137803554534912,1.0,0.7947925925254822,0.781394362449646,0.24745162562328124
2336,0.15474346280097961,1.0,0.8027361035346985,0.7836266160011292,0.2848094006653457
2337,0.1511324942111969,1.0,0.8009708523750305,0.7852878570556641,0.3095654271486662
2338,0.16113610565662384,1.0,0.8036187291145325,0.7851840257644653,0.2583480329608352
2339,0.1704225391149521,1.0,0.7996469736099243,0.7866376042366028,0.27230331629362414
2340,0.16986458003520966,1.0,0.7969990968704224,0.7904791235923767,0.24726231951429356
2341,0.15237323939800262,1.0,0.7961165308952332,0.7885064482688904,0.27693267061947163
2342,0.16781668365001678,1.0,0.789496898651123,0.7829517722129822,0.36820909698363136
2343,0.16694578528404236,1.0,0.7872903943061829,0.7790063619613647,0.2928162268638095
2344,0.17506010830402374,1.0,0.7965578436851501,0.7835227847099304,0.35184042370979224
2345,0.18699359893798828,1.0,0.7978817224502563,0.7886621952056885,0.3265113649175254
2346,0.15966416895389557,1.0,0.8036187291145325,0.7936977744102478,0.2680061991775929
2347,0.16090981662273407,1.0,0.8106796145439148,0.7940092086791992,0.28815286667595347
2348,0.17962807416915894,1.0,0.8045013546943665,0.7939054369926453,0.2921179525796945
2349,0.18007712066173553,1.0,0.8045013546943665,0.7950475215911865,0.32554446388196084
2350,0.13729971647262573,1.0,0.7983230352401733,0.788454532623291,0.27775498131388254
2351,0.1721184402704239,1.0,0.7961165308952332,0.7843534350395203,0.26488008873476415
2352,0.16444237530231476,1.0,0.7974404096603394,0.784716784954071,0.245900214902669
2353,0.18151500821113586,0.999117374420166,0.7996469736099243,0.784457266330719,0.3328020087910413
2354,0.16838893294334412,0.999117374420166,0.7965578436851501,0.7854955196380615,0.29070983966895847
2355,0.1700114607810974,1.0,0.8009708523750305,0.7849244475364685,0.27598378824633785
2356,0.16065888106822968,1.0,0.8053839206695557,0.7882987856864929,0.29296211837425995
2357,0.1720373034477234,1.0,0.8031774163246155,0.7898042798042297,0.30584151458663916
2358,0.14203201234340668,1.0,0.7983230352401733,0.7906348705291748,0.23331378167345668
2359,0.16091589629650116,1.0,0.8000882863998413,0.7919846177101135,0.2626558873147761
2360,0.16439799964427948,1.0,0.8040600419044495,0.796085774898529,0.28921078805997086
2361,0.16887930035591125,1.0,0.8062665462493896,0.7928152084350586,0.2467390789874588
2362,0.15291182696819305,1.0,0.8053839206695557,0.7898561954498291,0.23416334668687275
2363,0.16210146248340607,1.0,0.8067078590393066,0.7882987856864929,0.282558181856725
2364,0.16977523267269135,1.0,0.8018534779548645,0.7870009541511536,0.3170841772714777
2365,0.18361295759677887,1.0,0.8062665462493896,0.7874162793159485,0.3109916218352661
2366,0.16586467623710632,1.0,0.8089144229888916,0.7899081110954285,0.35601744810332836
2367,0.1664704531431198,1.0,0.8027361035346985,0.7921403646469116,0.28487276397915784
2368,0.1569455862045288,0.999117374420166,0.7952339053153992,0.7870528697967529,0.27980092839851284
2369,0.16204102337360382,0.999117374420166,0.7992056608200073,0.7866376042366028,0.2364588391281053
2370,0.16142837703227997,1.0,0.7943512797355652,0.7853397727012634,0.2678115210270371
2371,0.16062121093273163,1.0,0.7956752181053162,0.786949098110199,0.24605782639937024
2372,0.1472761631011963,1.0,0.8005295991897583,0.7879354357719421,0.30857720155743634
2373,0.18715457618236542,1.0,0.8040600419044495,0.790271520614624,0.35283881218570523
2374,0.15509922802448273,1.0,0.8031774163246155,0.7913097739219666,0.2692331897923491
2375,0.1545407474040985,1.0,0.8053839206695557,0.7924518585205078,0.263206089395109
2376,0.15874265134334564,1.0,0.7987643480300903,0.7895966172218323,0.2625973689062533
2377,0.16739080846309662,1.0,0.7961165308952332,0.7856512665748596,0.34001391934570746
2378,0.1476445347070694,1.0,0.7996469736099243,0.7872605323791504,0.2366585776427044
2379,0.13161855936050415,1.0,0.8014121651649475,0.7868971824645996,0.2122639060874207
2380,0.15608344972133636,1.0,0.8018534779548645,0.7861703634262085,0.2848040267130196
2381,0.1627504676580429,1.0,0.7965578436851501,0.7875720262527466,0.25907709631698744
2382,0.17231512069702148,1.0,0.7978817224502563,0.7866376042366028,0.26744996391303744
2383,0.14903944730758667,1.0,0.8000882863998413,0.7850282788276672,0.2580123752200369
2384,0.1801598221063614,1.0,0.8027361035346985,0.7856512665748596,0.2960563324113628
2385,0.16263504326343536,1.0,0.8014121651649475,0.7840419411659241,0.2692738421917704
2386,0.17330364882946014,1.0,0.8031774163246155,0.7852878570556641,0.2845048501099382
2387,0.17324505746364594,0.999117374420166,0.8014121651649475,0.7867933511734009,0.3163017421881318
2388,0.15923140943050385,1.0,0.8009708523750305,0.7860146164894104,0.26873942547856766
2389,0.14045050740242004,1.0,0.8014121651649475,0.7840938568115234,0.25051869877304794
2390,0.16115792095661163,1.0,0.8018534779548645,0.7846648693084717,0.2663362488189776
2391,0.16367700695991516,1.0,0.8000882863998413,0.7830036878585815,0.27240674995393
2392,0.15574970841407776,0.999117374420166,0.8062665462493896,0.7886621952056885,0.274272600455846
2393,0.149458646774292,0.999117374420166,0.8045013546943665,0.7911540269851685,0.24104351975302607
2394,0.15790972113609314,1.0,0.8036187291145325,0.7923999428749084,0.2372165419061432
2395,0.14782777428627014,1.0,0.8022947907447815,0.7943726181983948,0.2271619099072123
2396,0.16819718480110168,1.0,0.8009708523750305,0.7938016057014465,0.28395383991472206
2397,0.15535880625247955,1.0,0.7992056608200073,0.7906867861747742,0.2695625808533667
2398,0.16651761531829834,1.0,0.7987643480300903,0.790271520614624,0.3283682840896331
2399,0.16217848658561707,1.0,0.7930273413658142,0.7831075191497803,0.26908105098885676
2400,0.15143638849258423,1.0,0.7886143326759338,0.7797850966453552,0.23493878121380882
