epoch,loss,train_acc,val_acc,test_acc,gradient_norm
1,2.894469738006592,0.20829656720161438,0.20211827754974365,0.20131859183311462,0.25845911499548485
2,2.8063411712646484,0.2330097109079361,0.22859664261341095,0.2304936945438385,0.25277886959415996
3,2.695812940597534,0.15092673897743225,0.13592232763767242,0.13777709007263184,0.2619278683053392
4,2.668423652648926,0.28861430287361145,0.2943512797355652,0.29964178800582886,0.3427559686486013
5,2.5119266510009766,0.1977052092552185,0.21315093338489532,0.21009188890457153,0.23925845489123898
6,2.428032636642456,0.35922330617904663,0.3618711531162262,0.3637024462223053,0.26482201891212065
7,2.3308780193328857,0.35922330617904663,0.35657545924186707,0.3576805293560028,0.19502140033167303
8,2.2570204734802246,0.35657545924186707,0.3561341464519501,0.3572133183479309,0.18149248542356788
9,2.1909430027008057,0.35745808482170105,0.3552515506744385,0.35809582471847534,0.17527161501929864
10,2.1424734592437744,0.3618711531162262,0.35789939761161804,0.3618854880332947,0.16826916584957488
11,2.1035211086273193,0.3636363744735718,0.35922330617904663,0.36391007900238037,0.16127578156073163
12,2.0652787685394287,0.3645189702510834,0.3636363744735718,0.36489641666412354,0.15047652350326043
13,2.0285329818725586,0.3689320385456085,0.36584290862083435,0.3667652904987335,0.14010378585815822
14,1.9872736930847168,0.3706972599029541,0.3715798854827881,0.3711259961128235,0.12705953223194066
15,1.9590823650360107,0.37599295377731323,0.3729037940502167,0.3761615455150604,0.1161143164352576
16,1.9308924674987793,0.38128861784935,0.3781994879245758,0.3815605044364929,0.10775374090008502
17,1.9060232639312744,0.39099735021591187,0.3865842819213867,0.3892955482006073,0.0976001313808782
18,1.887904167175293,0.4042365550994873,0.39320388436317444,0.39505788683891296,0.08886582508744202
19,1.8702938556671143,0.40864959359169006,0.40070608258247375,0.40154701471328735,0.0843402940630961
20,1.8447901010513306,0.41659313440322876,0.4064430892467499,0.4079842269420624,0.09035247014926434
21,1.8312246799468994,0.4201235771179199,0.4068843722343445,0.41094326972961426,0.07967594684463668
22,1.8159902095794678,0.42630186676979065,0.41129744052886963,0.4139541983604431,0.16372016504865275
23,1.8044750690460205,0.4289496839046478,0.41835835576057434,0.4190416932106018,0.12301452842844286
24,1.78000009059906,0.4298323094844818,0.41747573018074036,0.41743236780166626,0.08237833944727022
25,1.7529524564743042,0.433362752199173,0.42541924118995667,0.4281783699989319,0.14352274031579165
26,1.7120064496994019,0.43512797355651855,0.42630186676979065,0.4296838343143463,0.09882285608871522
27,1.6718487739562988,0.4404236674308777,0.4307149052619934,0.43300628662109375,0.09921429772647417
28,1.642735481262207,0.44571933150291443,0.4324801564216614,0.4338887929916382,0.13981055951870416
29,1.6552152633666992,0.4492497742176056,0.4302736222743988,0.4356019198894501,0.27252790133829363
30,1.6572768688201904,0.44571933150291443,0.4311562180519104,0.4292685389518738,0.4582705327577589
31,1.5963138341903687,0.44748455286026,0.42806708812713623,0.4340445399284363,0.18485302432853803
32,1.6000765562057495,0.44483673572540283,0.4307149052619934,0.434771329164505,0.1850797350097489
33,1.5522407293319702,0.4589585065841675,0.4413062632083893,0.4435965418815613,0.12475051898779971
34,1.5283112525939941,0.4739629328250885,0.45366284251213074,0.4559518098831177,0.1091088947864971
35,1.5235471725463867,0.4810238480567932,0.4563106894493103,0.4633234739303589,0.16399203217627134
36,1.5093562602996826,0.46954986453056335,0.45322152972221375,0.45413488149642944,0.13468475524175713
37,1.4876046180725098,0.46866726875305176,0.4549867510795593,0.45615947246551514,0.11986845419451407
38,1.4750665426254272,0.46954986453056335,0.45101499557495117,0.4553288519382477,0.11545946822788734
39,1.4542359113693237,0.4730803370475769,0.4461606442928314,0.45164304971694946,0.10732093499636244
40,1.436653971672058,0.47661077976226807,0.45189762115478516,0.45735347270965576,0.10795672925244182
41,1.4307115077972412,0.47925859689712524,0.4571932852268219,0.4620775580406189,0.1129514896995929
42,1.414500117301941,0.4836716651916504,0.46204766631126404,0.4659191071987152,0.0952230834299549
43,1.3979785442352295,0.48808473348617554,0.46954986453056335,0.47199293971061707,0.10831810806286982
44,1.3933191299438477,0.49426302313804626,0.4748455584049225,0.47770336270332336,0.109262729117389
45,1.3872476816177368,0.4924978017807007,0.4735216200351715,0.4760940670967102,0.1326089388779698
46,1.3629616498947144,0.4986760914325714,0.47837600111961365,0.48003944754600525,0.10023080401076888
47,1.3527864217758179,0.500441312789917,0.4810238480567932,0.48190832138061523,0.1047790403849959
48,1.3468778133392334,0.4977934658527374,0.47969990968704224,0.47972798347473145,0.13130081224533996
49,1.3223998546600342,0.501323938369751,0.4841129779815674,0.48559415340423584,0.09675645846929334
50,1.329994797706604,0.5154457092285156,0.4924978017807007,0.4949384927749634,0.14255790672221402
51,1.3213179111480713,0.5083848237991333,0.4929391145706177,0.49390020966529846,0.1872639203605741
52,1.3026901483535767,0.5216240286827087,0.5048543810844421,0.5064112544059753,0.12251070565719889
53,1.2895517349243164,0.5366284251213074,0.5207414031028748,0.5219851732254028,0.11982538044958328
54,1.2803221940994263,0.5489850044250488,0.5255957841873169,0.5277475118637085,0.11157274096124876
55,1.2681314945220947,0.5507502555847168,0.529567539691925,0.5270206928253174,0.10878974719148976
56,1.2531274557113647,0.5463371872901917,0.5269196629524231,0.5250999331474304,0.1088714276148673
57,1.241205096244812,0.554280698299408,0.5410414934158325,0.5424907803535461,0.14629314875116214
58,1.2285126447677612,0.5595763325691223,0.552074134349823,0.5517832040786743,0.10514529922359976
59,1.2182756662368774,0.5578111410140991,0.5467784404754639,0.5479416251182556,0.13803480996172451
60,1.2061370611190796,0.5639894008636475,0.5600176453590393,0.5603488683700562,0.1509703158464109
61,1.1860027313232422,0.6151809692382812,0.60503089427948,0.6018273234367371,0.12184929377456158
62,1.1760125160217285,0.6548985242843628,0.655781090259552,0.6529616117477417,0.14359668296641656
63,1.154889702796936,0.6690202951431274,0.6699029207229614,0.666303277015686,0.1349376085547308
64,1.1340305805206299,0.6954987049102783,0.6809355616569519,0.6794891953468323,0.11866414304333175
65,1.1252022981643677,0.6849073171615601,0.6774051189422607,0.6749208569526672,0.1603715740443959
66,1.0973422527313232,0.6919682025909424,0.6725507378578186,0.6713907718658447,0.1346886414298175
67,1.0875803232192993,0.7043247818946838,0.6840246915817261,0.6794891953468323,0.1731115673217698
68,1.0848749876022339,0.6893203854560852,0.6650485396385193,0.665057361125946,0.2640904539099755
69,1.0957257747650146,0.7034422159194946,0.686672568321228,0.6820847988128662,0.4180685903389252
70,1.0670535564422607,0.6990291476249695,0.6637246608734131,0.6634480357170105,0.3183073967863977
71,1.0635709762573242,0.7007943391799927,0.6729920506477356,0.6742978692054749,0.244170292482257
72,1.033078670501709,0.7016769647598267,0.6774051189422607,0.6769454479217529,0.18882898164429984
73,1.0099643468856812,0.7157987952232361,0.6959400177001953,0.6982297897338867,0.16893748171524528
74,1.010349988937378,0.7078552842140198,0.6902030110359192,0.688573956489563,0.2761263770207067
75,0.9767798185348511,0.7149161696434021,0.6968225836753845,0.7007215619087219,0.13923201786459316
76,0.952364981174469,0.7458075881004333,0.71006178855896,0.7149457335472107,0.1401111844522047
77,0.9397958517074585,0.7511032819747925,0.7180052995681763,0.723978579044342,0.1257659361671348
78,0.9343300461769104,0.737864077091217,0.7171226739883423,0.7171779870986938,0.15544378971946515
79,0.9289758801460266,0.7458075881004333,0.7281553745269775,0.72496497631073,0.16248351302753242
80,0.9066891670227051,0.7502206563949585,0.7272727489471436,0.7251206636428833,0.12986788751332912
81,0.8902410864830017,0.7343336343765259,0.7210944294929504,0.721902072429657,0.14169412169303588
82,0.8686580061912537,0.7449249625205994,0.7246248722076416,0.7255359888076782,0.10012477247244797
83,0.862839937210083,0.7572815418243408,0.7290379405021667,0.7334267497062683,0.1305625808284902
84,0.8558678030967712,0.7493380308151245,0.7294792532920837,0.7299485802650452,0.12030752187867177
85,0.8494055867195129,0.7563989758491516,0.7325683832168579,0.7346726655960083,0.13774170837905564
86,0.8301727175712585,0.7563989758491516,0.7233009934425354,0.7297409772872925,0.1346542601855723
87,0.8077744245529175,0.7484554052352905,0.7259488105773926,0.7264184951782227,0.11900149125267999
88,0.8078508973121643,0.7572815418243408,0.7334510087966919,0.7356590032577515,0.1546391054167863
89,0.7927858829498291,0.7511032819747925,0.7272727489471436,0.7290141582489014,0.16197142436932213
90,0.7926991581916809,0.7846425771713257,0.7497793436050415,0.7529979944229126,0.16760567841364837
91,0.7768161296844482,0.790820837020874,0.7458075881004333,0.7516482472419739,0.13374744012782797
92,0.7651166915893555,0.7484554052352905,0.7263901233673096,0.7287545800209045,0.17003831816438703
93,0.7660321593284607,0.7731685638427734,0.7277140617370605,0.732025146484375,0.20239166327432162
94,0.7644227147102356,0.7837599515914917,0.7440423965454102,0.746249258518219,0.22355330711424018
95,0.7326586246490479,0.7652250528335571,0.740070641040802,0.7440170049667358,0.14618324003428537
96,0.7426771521568298,0.7996469736099243,0.7418358325958252,0.7466645836830139,0.2187993070420123
97,0.7393260598182678,0.7811120748519897,0.7466902136802673,0.7465088367462158,0.25553161564811544
98,0.7190751433372498,0.7555163502693176,0.7325683832168579,0.7315579056739807,0.14927091785072885
99,0.7302917838096619,0.738746702671051,0.7012356519699097,0.7087162137031555,0.3113331333989153
100,0.7482152581214905,0.7872903943061829,0.7449249625205994,0.7489487528800964,0.3587746732348936
101,0.6966075897216797,0.737864077091217,0.7206531167030334,0.7198255658149719,0.1825980323674826
102,0.7512903213500977,0.8084731101989746,0.7436010837554932,0.746820330619812,0.48309530605961104
103,0.7184772491455078,0.8084731101989746,0.7661076784133911,0.7654051780700684,0.3412461922150361
104,0.7038241028785706,0.8084731101989746,0.7766990661621094,0.7738150954246521,0.2391876387839802
105,0.6811376214027405,0.8040600419044495,0.7731685638427734,0.771167516708374,0.15843345162343803
106,0.6784915924072266,0.7934686541557312,0.762135922908783,0.7609925866127014,0.16298347142704203
107,0.6759356260299683,0.7978817224502563,0.760811984539032,0.7633805871009827,0.16688999264859078
108,0.6609032154083252,0.791703462600708,0.7634598612785339,0.7635363340377808,0.09660046364681611
109,0.6484382748603821,0.7881730198860168,0.7559576630592346,0.7562165856361389,0.1504936710920465
110,0.6516165137290955,0.7872903943061829,0.7594881057739258,0.7645745873451233,0.1736401739098074
111,0.6471034288406372,0.7969990968704224,0.7727272510528564,0.770492672920227,0.1345182733663143
112,0.6366708278656006,0.791703462600708,0.761253297328949,0.7642111778259277,0.16393649892930662
113,0.6239816546440125,0.7934686541557312,0.7639011740684509,0.7654570937156677,0.12549219561383282
114,0.6198067665100098,0.8093556761741638,0.7736098766326904,0.774334192276001,0.11586395610052583
115,0.6114189028739929,0.814651370048523,0.7749338150024414,0.7796293497085571,0.1246223443868643
116,0.6141772270202637,0.7978817224502563,0.7736098766326904,0.7756839394569397,0.11423734697888864
117,0.6017423272132874,0.8155339956283569,0.7815533876419067,0.7821211814880371,0.1380721933633275
118,0.5935692191123962,0.8164166212081909,0.7850838303565979,0.7835747003555298,0.1168520335396755
119,0.5938339829444885,0.8075904846191406,0.7766990661621094,0.7798370122909546,0.11536046505539693
120,0.5997810363769531,0.814651370048523,0.7815533876419067,0.7783315181732178,0.15664819246296008
121,0.5914068818092346,0.790820837020874,0.7643424868583679,0.762030839920044,0.2220567751176675
122,0.6001710295677185,0.8331862688064575,0.790820837020874,0.7905310392379761,0.25920963306827083
123,0.5860517024993896,0.8252426981925964,0.7868490815162659,0.7845091819763184,0.2811824514956632
124,0.5984497666358948,0.8208296895027161,0.7771403193473816,0.780148446559906,0.17696261371622926
125,0.6072707176208496,0.8208296895027161,0.7864077687263489,0.7852878570556641,0.21411423629538884
126,0.5704910159111023,0.8040600419044495,0.7700794339179993,0.7683122754096985,0.09474583926154075
127,0.5978181958198547,0.78993821144104,0.7444836497306824,0.741006076335907,0.3564034170357663
128,0.6368383765220642,0.7978817224502563,0.7714033722877502,0.7672221064567566,0.43875590367871925
129,0.593288779258728,0.7864077687263489,0.7581641674041748,0.751388669013977,0.20476655161282728
130,0.6123648881912231,0.791703462600708,0.7700794339179993,0.7661838531494141,0.48080149982293674
131,0.5873777270317078,0.7881730198860168,0.7625772356987,0.7617193460464478,0.22663543188613855
132,0.6055512428283691,0.8367167115211487,0.7996469736099243,0.798006534576416,0.26232117871248645
133,0.5669592618942261,0.8014121651649475,0.7665489912033081,0.7679489254951477,0.16315666368674733
134,0.5922136902809143,0.8270079493522644,0.789496898651123,0.7886102795600891,0.32412686351087217
135,0.5817045569419861,0.8075904846191406,0.7886143326759338,0.7841457724571228,0.17171523838641445
136,0.5683414936065674,0.8155339956283569,0.792586088180542,0.7932305335998535,0.18712041957025782
137,0.5721056461334229,0.844660222530365,0.8027361035346985,0.8051186203956604,0.16300917296577142
138,0.5522706508636475,0.8120035529136658,0.7837599515914917,0.7831594347953796,0.20253796393657472
139,0.5716419816017151,0.844660222530365,0.8115622401237488,0.806312620639801,0.2510944858944847
140,0.554591178894043,0.8358340859413147,0.790379524230957,0.7961376905441284,0.13681825732332722
141,0.5491625666618347,0.843777596950531,0.8084731101989746,0.8058972954750061,0.24075429674105225
142,0.5265012979507446,0.8367167115211487,0.8036187291145325,0.7990967035293579,0.09164490447089058
143,0.5322290062904358,0.8225948810577393,0.7961165308952332,0.7988371253013611,0.22060870792599807
144,0.557902455329895,0.843777596950531,0.8106796145439148,0.8070912957191467,0.3685374542761146
145,0.5263974666595459,0.8367167115211487,0.7983230352401733,0.7933862805366516,0.18896922772088215
146,0.5396808385848999,0.8270079493522644,0.8040600419044495,0.8039246201515198,0.3168666608579183
147,0.5238555669784546,0.842894971370697,0.8084731101989746,0.806987464427948,0.24738300155837115
148,0.5176323056221008,0.843777596950531,0.8058252334594727,0.8030421137809753,0.16612661899008663
149,0.5297024250030518,0.843777596950531,0.8225948810577393,0.8168509602546692,0.24940184868179893
150,0.5193965435028076,0.8490732908248901,0.8274492621421814,0.8217827081680298,0.20608215451224846
151,0.5004854202270508,0.8499558568000793,0.8190644383430481,0.8155012130737305,0.1716733662974905
152,0.5208463072776794,0.8490732908248901,0.8164166212081909,0.811296284198761,0.15637007845310774
153,0.5026834011077881,0.843777596950531,0.8199470639228821,0.8163318037986755,0.18068117430395508
154,0.4966738224029541,0.8464254140853882,0.8181818127632141,0.8178372979164124,0.186308685661729
155,0.496167927980423,0.8508384823799133,0.8164166212081909,0.8160203695297241,0.13070376918407456
156,0.4979195296764374,0.8455427885055542,0.8186231255531311,0.8168509602546692,0.22104751314244966
157,0.47433894872665405,0.8455427885055542,0.814651370048523,0.8134247064590454,0.12514533913965178
158,0.48198142647743225,0.8499558568000793,0.8217122554779053,0.8182007074356079,0.16071976060405338
159,0.47545620799064636,0.8561341762542725,0.8243601322174072,0.820277214050293,0.11879626024928755
160,0.46993622183799744,0.8534862995147705,0.8248014450073242,0.8194466233253479,0.13448322659927087
161,0.47131508588790894,0.8464254140853882,0.8168579339981079,0.8149820566177368,0.15939881484891635
162,0.46481993794441223,0.8464254140853882,0.8159753084182739,0.8159684538841248,0.13908294461900383
163,0.4623347818851471,0.8490732908248901,0.8248014450073242,0.8234438896179199,0.16090616484203973
164,0.46728062629699707,0.8561341762542725,0.8274492621421814,0.8226652145385742,0.14472251305581263
165,0.4546779692173004,0.8561341762542725,0.8283318877220154,0.8246378898620605,0.14540575305732759
166,0.45569494366645813,0.8543689250946045,0.8287732005119324,0.822924792766571,0.16524691778598397
167,0.45021894574165344,0.8473080396652222,0.8239188194274902,0.8201214671134949,0.15847186950398526
168,0.44809308648109436,0.8720211982727051,0.8508384823799133,0.8438457250595093,0.1551316162056329
169,0.44029441475868225,0.8773168921470642,0.8477493524551392,0.845195472240448,0.122453469951088
170,0.444987028837204,0.8764342665672302,0.845101535320282,0.8445724844932556,0.1281306993493315
171,0.44665127992630005,0.8755516409873962,0.844660222530365,0.8422883152961731,0.18797630958553832
172,0.43894317746162415,0.8755516409873962,0.8468667268753052,0.8462337255477905,0.18314399139168924
173,0.4399099349975586,0.8799647092819214,0.8534862995147705,0.8511135578155518,0.12455071640308515
174,0.44219115376472473,0.8923212885856628,0.8618711233139038,0.8608212471008301,0.19229691411150604
175,0.4296053349971771,0.9037952423095703,0.8755516409873962,0.8724497556686401,0.18213206854458036
176,0.4230324327945709,0.865842878818512,0.8473080396652222,0.8455069065093994,0.22278010243526317
177,0.45000767707824707,0.8526037335395813,0.8239188194274902,0.8239111304283142,0.4603732744630137
178,0.5300599932670593,0.8049426078796387,0.7802295088768005,0.7830036878585815,0.9228689554129643
179,0.6198205947875977,0.8464254140853882,0.8252426981925964,0.8166432976722717,0.6454769756927256
180,0.5456796288490295,0.8623124361038208,0.813768744468689,0.8072470426559448,0.3389854764057811
181,0.5413442254066467,0.8932039141654968,0.8517211079597473,0.8505944013595581,0.5190514327648393
182,0.48372161388397217,0.9320388436317444,0.8834951519966125,0.8798733353614807,0.23477396963337552
183,0.5372605919837952,0.7934686541557312,0.7687554955482483,0.7624461650848389,0.5156682708742615
184,0.6554685831069946,0.8684907555580139,0.8406884670257568,0.8377718925476074,0.8678805856066568
185,0.5472805500030518,0.8887908458709717,0.8508384823799133,0.848362147808075,0.5466333866167491
186,0.5130780339241028,0.9037952423095703,0.8698146343231201,0.8734880089759827,0.37084715439321225
187,0.4706011414527893,0.9302735924720764,0.8923212885856628,0.8911384344100952,0.20008840737638678
188,0.49373340606689453,0.8923212885856628,0.866725504398346,0.858173668384552,0.37335850716447144
189,0.47384968400001526,0.8914386630058289,0.8636363744735718,0.8573430776596069,0.18968864323745607
190,0.46643874049186707,0.9020299911499023,0.865842878818512,0.8598868250846863,0.23367843395152557
191,0.4597247242927551,0.9029126167297363,0.8627537488937378,0.8605097532272339,0.20669014397871396
192,0.4645412266254425,0.9029126167297363,0.873345136642456,0.8693869113922119,0.2816212792244337
193,0.4209187924861908,0.9002647995948792,0.8706972599029541,0.864403247833252,0.11245289396759794
194,0.43456122279167175,0.89496910572052,0.8751103281974792,0.8715153336524963,0.24356095006087256
195,0.4113372266292572,0.8852604031562805,0.8698146343231201,0.8655453324317932,0.13381157876151356
196,0.4047732949256897,0.8896734714508057,0.8759929537773132,0.8725535869598389,0.15850104385865096
197,0.38934487104415894,0.9002647995948792,0.8781994581222534,0.8758760094642639,0.120466352598093
198,0.39357098937034607,0.9020299911499023,0.8737863898277283,0.8699060082435608,0.12693359254543612
199,0.3803153336048126,0.9029126167297363,0.8759929537773132,0.8715153336524963,0.13300163516661181
200,0.3728445768356323,0.9046778678894043,0.8914386630058289,0.886258602142334,0.11493125355060124
201,0.3652684986591339,0.9232127070426941,0.9112974405288696,0.906037449836731,0.11974727609586681
202,0.35876917839050293,0.9011474251747131,0.8861429691314697,0.8809635043144226,0.143837226908329
203,0.3622182309627533,0.896734356880188,0.8799647092819214,0.8754607439041138,0.09823680494055304
204,0.3478374183177948,0.917917013168335,0.8980582356452942,0.8935783505439758,0.091120904077711
205,0.35190871357917786,0.9514563083648682,0.9315975308418274,0.9251933693885803,0.12176512297532346
206,0.32727983593940735,0.948808491230011,0.9298323392868042,0.9231168627738953,0.08032692570342859
207,0.34093859791755676,0.9267431497573853,0.9099735021591187,0.9025592803955078,0.21746940569666562
208,0.3348802328109741,0.9099735021591187,0.894527792930603,0.8885946869850159,0.13766712205992312
209,0.34104862809181213,0.9311562180519104,0.9117387533187866,0.911176860332489,0.12482827173788695
210,0.3410505950450897,0.949691116809845,0.9302735924720764,0.928463876247406,0.11330027821239731
211,0.3247568607330322,0.949691116809845,0.9351279735565186,0.9287753701210022,0.10337387666723082
212,0.31442946195602417,0.9549867510795593,0.9382171034812927,0.9299174547195435,0.1050872910744542
213,0.3056766092777252,0.9505736827850342,0.9324801564216614,0.926543116569519,0.10921867302385833
214,0.29424288868904114,0.9505736827850342,0.9360105991363525,0.9264912009239197,0.10622115741871914
215,0.2950354218482971,0.9505736827850342,0.9355692863464355,0.9279966950416565,0.11153166551852126
216,0.2926568388938904,0.9505736827850342,0.9351279735565186,0.9292426109313965,0.14783136741160469
217,0.27753064036369324,0.9505736827850342,0.9351279735565186,0.9291387796401978,0.07906067869328373
218,0.2793940007686615,0.9505736827850342,0.9333627820014954,0.9288272857666016,0.07523824403638071
219,0.27188342809677124,0.9505736827850342,0.9298323392868042,0.9273737072944641,0.07357314506726088
220,0.2648017108440399,0.9505736827850342,0.9298323392868042,0.9260758757591248,0.07297117259280611
221,0.26736965775489807,0.9505736827850342,0.9280670881271362,0.9236878752708435,0.09554848185972523
222,0.257995069026947,0.9505736827850342,0.9276257753372192,0.9227015376091003,0.08995412337391209
223,0.2584386467933655,0.9505736827850342,0.9280670881271362,0.9224938750267029,0.10233036421060987
224,0.25595343112945557,0.9505736827850342,0.9324801564216614,0.9274775385856628,0.10331070087156294
225,0.24085722863674164,0.9505736827850342,0.9346866607666016,0.9292945265769958,0.07941705466657818
226,0.23604115843772888,0.9505736827850342,0.9338040947914124,0.9293463826179504,0.06779685318915563
227,0.2399592250585556,0.9505736827850342,0.9320388436317444,0.9289830327033997,0.11799227175058623
228,0.22870369255542755,0.9505736827850342,0.9307149052619934,0.9276332855224609,0.10466917460774888
229,0.22081051766872406,0.9505736827850342,0.9271844625473022,0.9243108630180359,0.07450117803620118
230,0.22139939665794373,0.9505736827850342,0.9276257753372192,0.9258162975311279,0.1008863005511423
231,0.22111162543296814,0.9505736827850342,0.9307149052619934,0.928463876247406,0.08160959424705055
232,0.2175653725862503,0.9505736827850342,0.9333627820014954,0.9301251173019409,0.07278071000163178
233,0.21383757889270782,0.9505736827850342,0.9342453479766846,0.9323573708534241,0.0896210941111624
234,0.2093687653541565,0.9505736827850342,0.9351279735565186,0.9331879615783691,0.09453288263747903
235,0.20706473290920258,0.9505736827850342,0.9338040947914124,0.9306961297988892,0.07859465166557426
236,0.20992645621299744,0.9505736827850342,0.9329214692115784,0.9304366111755371,0.10017874886712551
237,0.20408441126346588,0.9505736827850342,0.9324801564216614,0.9307480454444885,0.10832164686776834
238,0.19564063847064972,0.9505736827850342,0.9302735924720764,0.9276332855224609,0.06359234140838822
239,0.1942659318447113,0.9505736827850342,0.9298323392868042,0.9276332855224609,0.10039483034140527
240,0.20055148005485535,0.9505736827850342,0.9285084009170532,0.9293463826179504,0.1587507823214295
241,0.19552817940711975,0.9505736827850342,0.9293910264968872,0.9270102977752686,0.10559354551883475
242,0.19915176928043365,0.9505736827850342,0.9302735924720764,0.9330841302871704,0.14782928872587073
243,0.19637978076934814,0.9505736827850342,0.9320388436317444,0.9315786957740784,0.11177505370489557
244,0.19985604286193848,0.9505736827850342,0.9315975308418274,0.9303846955299377,0.13929664596102678
245,0.19235889613628387,0.9505736827850342,0.9324801564216614,0.9295540452003479,0.13842386217395122
246,0.21150563657283783,0.9505736827850342,0.9240953326225281,0.9217671155929565,0.21807818492144923
247,0.20425046980381012,0.9505736827850342,0.9298323392868042,0.9267507791519165,0.2781960650532938
248,0.2067825049161911,0.917917013168335,0.8887908458709717,0.8878679275512695,0.41406155686788615
249,0.312714159488678,0.949691116809845,0.9046778678894043,0.9017806053161621,0.6525772056746691
250,0.23386923968791962,0.9276257753372192,0.8812886476516724,0.8823651671409607,0.45149974783995783
251,0.3857918977737427,0.897616982460022,0.8565754890441895,0.8492965698242188,1.0884085678873798
252,0.834226131439209,0.7864077687263489,0.7255074977874756,0.7300004959106445,1.112861092446068
253,0.8502088189125061,0.6451897621154785,0.6001765131950378,0.5968955755233765,1.5892282250444245
254,1.3297936916351318,0.686672568321228,0.6610767841339111,0.6615272760391235,1.3149912833915454
255,1.0367070436477661,0.7652250528335571,0.7171226739883423,0.7279239892959595,0.5814187388006634
256,0.9803006649017334,0.8640776872634888,0.813768744468689,0.8181487917900085,0.819704197521027
257,0.7522011399269104,0.8358340859413147,0.8097969889640808,0.8080776333808899,0.57220405202205
258,0.68879634141922,0.8243601322174072,0.7996469736099243,0.7953070402145386,0.3831943254792382
259,0.9142478108406067,0.8570168018341064,0.8159753084182739,0.8109847903251648,0.8889175633472324
260,0.6676217913627625,0.8773168921470642,0.8349514603614807,0.8347609639167786,0.5174994426876355
261,0.6202954649925232,0.9196822643280029,0.8865842819213867,0.8904635906219482,0.435210787090385
262,0.5523592233657837,0.925860583782196,0.896293044090271,0.8950838446617126,0.3350674868812468
263,0.4980117380619049,0.897616982460022,0.8706972599029541,0.868971586227417,0.2769887999871975
264,0.4436227083206177,0.9311562180519104,0.897175669670105,0.8979390263557434,0.21963437066907043
265,0.4181584417819977,0.9320388436317444,0.9042365550994873,0.9039609432220459,0.2229398941014978
266,0.41109001636505127,0.9390997290611267,0.9130626916885376,0.9081659317016602,0.19808998645609147
267,0.36676517128944397,0.947925865650177,0.9240953326225281,0.9177697896957397,0.1775558440929501
268,0.351023405790329,0.948808491230011,0.9240953326225281,0.9215075373649597,0.1975633683455045
269,0.3327684998512268,0.948808491230011,0.9218888282775879,0.921403706073761,0.13155250712531627
270,0.31880322098731995,0.949691116809845,0.9223300814628601,0.9215075373649597,0.12266881005347287
271,0.3011546730995178,0.948808491230011,0.9192409515380859,0.9213517904281616,0.11365186941895647
272,0.29239681363105774,0.947925865650177,0.9196822643280029,0.9217671155929565,0.11567694328496732
273,0.2950129210948944,0.9505736827850342,0.9236540198326111,0.9234283566474915,0.115525262163731
274,0.27873027324676514,0.9505736827850342,0.9276257753372192,0.927217960357666,0.12213551359539983
275,0.2560146749019623,0.9505736827850342,0.9298323392868042,0.9276332855224609,0.11045950152447208
276,0.25090357661247253,0.9505736827850342,0.9293910264968872,0.9267507791519165,0.08225655114524116
277,0.2396564483642578,0.9505736827850342,0.9263018369674683,0.9242070317268372,0.068690864607223
278,0.24754412472248077,0.9505736827850342,0.9263018369674683,0.9240512847900391,0.08711554890361803
279,0.23660778999328613,0.9505736827850342,0.9276257753372192,0.9259201288223267,0.0938916221652667
280,0.22591672837734222,0.9514563083648682,0.9276257753372192,0.9271660447120667,0.07882962801824789
281,0.23542487621307373,0.9523389339447021,0.9311562180519104,0.9304884672164917,0.10125374895478748
282,0.22219863533973694,0.9558693766593933,0.9377758502960205,0.9347453713417053,0.07653578793956119
283,0.21294400095939636,0.9541041851043701,0.9333627820014954,0.9327207803726196,0.06713428314993757
284,0.21496975421905518,0.9567520022392273,0.9373345375061035,0.9371852874755859,0.07945309093523603
285,0.21098065376281738,0.9611650705337524,0.9443954229354858,0.9423765540122986,0.07115956105306655
286,0.20941664278507233,0.9646955132484436,0.947925865650177,0.9452837109565735,0.057811579991968134
287,0.19361241161823273,0.9655781388282776,0.948808491230011,0.9451798796653748,0.05420355736490593
288,0.19503776729106903,0.9664607048034668,0.94748455286026,0.9451798796653748,0.05854475691307298
289,0.19031107425689697,0.9664607048034668,0.947925865650177,0.9452837109565735,0.06218838482896313
290,0.18371643126010895,0.9664607048034668,0.949249804019928,0.945491373538971,0.055828806524295005
291,0.18788164854049683,0.9664607048034668,0.948367178440094,0.9470487236976624,0.08553277698602728
292,0.18263861536979675,0.9664607048034668,0.949249804019928,0.9471006393432617,0.0569260744240064
293,0.1882638782262802,0.9664607048034668,0.950132429599762,0.9462700486183167,0.0743112593399301
294,0.18514297902584076,0.9664607048034668,0.949249804019928,0.9454394578933716,0.07306843109632603
295,0.16710981726646423,0.9664607048034668,0.949249804019928,0.9454394578933716,0.05095597372400707
296,0.1648758053779602,0.9664607048034668,0.949249804019928,0.9456989765167236,0.04375844475237054
297,0.17193907499313354,0.9664607048034668,0.9510149955749512,0.9460104703903198,0.05518093977767711
298,0.17323161661624908,0.9664607048034668,0.9505736827850342,0.9462181329727173,0.060626540197101654
299,0.17159447073936462,0.9664607048034668,0.949249804019928,0.9464257955551147,0.0611814074671698
300,0.16107237339019775,0.9664607048034668,0.949249804019928,0.9468410611152649,0.05861441768038727
301,0.158125638961792,0.9664607048034668,0.949691116809845,0.9461143016815186,0.06208499339542074
302,0.1532931625843048,0.9664607048034668,0.948808491230011,0.9453875422477722,0.05934706336518526
303,0.159285306930542,0.9664607048034668,0.9461606740951538,0.9437263011932373,0.14175858817889225
304,0.15182925760746002,0.9664607048034668,0.9435127973556519,0.9423246383666992,0.08088602670289839
305,0.14822275936603546,0.9664607048034668,0.9452780485153198,0.942428469657898,0.07114425904612542
306,0.15370717644691467,0.9664607048034668,0.947043240070343,0.943830132484436,0.06976396799272427
307,0.14611992239952087,0.9664607048034668,0.949249804019928,0.9445568919181824,0.06773517199629313
308,0.1458228975534439,0.9664607048034668,0.947043240070343,0.9447645545005798,0.062326827049313235
309,0.1430603414773941,0.9664607048034668,0.947925865650177,0.946321964263916,0.0861490494432612
310,0.14275996387004852,0.9673433303833008,0.9510149955749512,0.9478793740272522,0.05855841269571001
311,0.14650577306747437,0.9664607048034668,0.94748455286026,0.9441935420036316,0.0769494574314354
312,0.13935226202011108,0.9664607048034668,0.9457193613052368,0.9430514574050903,0.06783495454795624
313,0.14539171755313873,0.9664607048034668,0.9448367357254028,0.9425323009490967,0.09188332024046285
314,0.13449746370315552,0.9805825352668762,0.9602824449539185,0.9573274850845337,0.10413488103184003
315,0.1328142285346985,0.9832303524017334,0.9616063833236694,0.9597154855728149,0.07678663445531311
316,0.1322595775127411,0.9770520925521851,0.9558693766593933,0.9530187249183655,0.08077419517181725
317,0.1285800039768219,0.9691085815429688,0.949249804019928,0.9475159645080566,0.07025217732537274
318,0.12450754642486572,0.9735216498374939,0.9580759406089783,0.9548876285552979,0.11122800669115088
319,0.12632501125335693,0.9894086718559265,0.9691085815429688,0.9656854867935181,0.1281704008546813
320,0.12269634008407593,0.9858782291412354,0.9673433303833008,0.9639723896980286,0.07680706808630887
321,0.12859778106212616,0.9858782291412354,0.9673433303833008,0.9653740525245667,0.11029724633407957
322,0.11769700795412064,0.9973521828651428,0.9757281541824341,0.971240222454071,0.07422530935815891
323,0.10924424231052399,0.9982348084449768,0.977493405342102,0.9720708131790161,0.07268427685709669
324,0.10858993232250214,0.999117374420166,0.9752868413925171,0.971343994140625,0.06605483668156115
325,0.11178355664014816,0.999117374420166,0.9735216498374939,0.9716554880142212,0.06637325679612992
326,0.10549160838127136,0.999117374420166,0.9726390242576599,0.9711883068084717,0.07752897255065347
327,0.10541713237762451,0.999117374420166,0.9761694669723511,0.9729533195495605,0.06679115456526602
328,0.1075727790594101,1.0,0.977934718132019,0.9764314889907837,0.1187549465886455
329,0.10276971012353897,0.999117374420166,0.9766107797622681,0.9744588136672974,0.08567323753690319
330,0.10982708632946014,0.999117374420166,0.977934718132019,0.9751855731010437,0.10123975477334445
331,0.09877859801054001,0.999117374420166,0.9796999096870422,0.9762757420539856,0.08696521907889518
332,0.10189111530780792,0.999117374420166,0.9792585968971252,0.973835825920105,0.15179190851196786
333,0.09232445806264877,1.0,0.978376030921936,0.9761199951171875,0.08481948109186058
334,0.10169568657875061,1.0,0.9788172841072083,0.975652813911438,0.10007911956073368
335,0.09259320050477982,0.999117374420166,0.9757281541824341,0.9751336574554443,0.060709323496877104
336,0.09607573598623276,1.0,0.9792585968971252,0.9762238264083862,0.10475262916099447
337,0.09394821524620056,1.0,0.977493405342102,0.9771063923835754,0.07923963042942776
338,0.09785225242376328,1.0,0.9761694669723511,0.975652813911438,0.2203742441126264
339,0.08904798328876495,1.0,0.9757281541824341,0.9745626449584961,0.1093281322925255
340,0.08685678243637085,1.0,0.9766107797622681,0.9751336574554443,0.09391178058058075
341,0.08713427186012268,1.0,0.978376030921936,0.973835825920105,0.10195109998059537
342,0.08323857933282852,0.999117374420166,0.9792585968971252,0.9729014039039612,0.13492280112990038
343,0.08712989091873169,1.0,0.9788172841072083,0.9752374887466431,0.11451454391396035
344,0.09852062165737152,1.0,0.9748455286026001,0.9721227288246155,0.20192497860947198
345,0.08720393478870392,1.0,0.9713150858879089,0.9652702212333679,0.13126781003319052
346,0.08864976465702057,1.0,0.9721977114677429,0.9706172347068787,0.1585396935527845
347,0.08227110654115677,1.0,0.977493405342102,0.9753413200378418,0.13143619251465746
348,0.07946782559156418,1.0,0.9796999096870422,0.9745107293128967,0.08885856753799816
349,0.08187665790319443,1.0,0.9788172841072083,0.9745626449584961,0.13657571871048976
350,0.08773622661828995,0.999117374420166,0.9726390242576599,0.9688003063201904,0.12326490698513626
351,0.0887189731001854,0.9982348084449768,0.9691085815429688,0.962934136390686,0.17221532191524747
352,0.10239581018686295,0.947043240070343,0.9249779582023621,0.9193791151046753,0.38287116736320553
353,0.23224696516990662,0.9691085815429688,0.9421888589859009,0.942584216594696,0.7268059943237632
354,0.22997082769870758,0.8993821740150452,0.8676081299781799,0.8648704886436462,0.7889465827294727
355,0.43855249881744385,0.9638128876686096,0.9263018369674683,0.9210922718048096,0.8872288480531617
356,0.2443229705095291,0.9646955132484436,0.9293910264968872,0.9307480454444885,0.5669087394639146
357,0.2626878619194031,0.9655781388282776,0.9214475154876709,0.9215594530105591,0.3726804182640346
358,0.29785802960395813,0.9611650705337524,0.9214475154876709,0.9205731153488159,0.4679575202133663
359,0.23740927875041962,0.9673433303833008,0.9364519119262695,0.9358355402946472,0.3937887828959405
360,0.2119213342666626,0.9682259559631348,0.94748455286026,0.944504976272583,0.32245172233049485
361,0.22738860547542572,0.9682259559631348,0.9430714845657349,0.9422727227210999,0.4199516291043502
362,0.2242896854877472,0.9682259559631348,0.9417476058006287,0.939936637878418,0.3219523443765783
363,0.20001284778118134,0.9682259559631348,0.9435127973556519,0.9398847222328186,0.2925650325309264
364,0.19730451703071594,0.9708737730979919,0.9443954229354858,0.9413902163505554,0.3016023544538576
365,0.19126255810260773,0.9752868413925171,0.9532215595245361,0.9495924711227417,0.31613609676887516
366,0.16862745583057404,0.9805825352668762,0.9558693766593933,0.9496443867683411,0.183058486275352
367,0.15976621210575104,0.9894086718559265,0.9593998193740845,0.9551990628242493,0.179611808551263
368,0.15139086544513702,0.9982348084449768,0.9744042158126831,0.9724342226982117,0.1716363852216417
369,0.13098487257957458,1.0,0.977493405342102,0.9753413200378418,0.12828972084297177
370,0.12436489760875702,1.0,0.9739629626274109,0.9721227288246155,0.11057467752871492
371,0.12561215460300446,0.999117374420166,0.9766107797622681,0.9723823070526123,0.16104530402045175
372,0.12550325691699982,0.999117374420166,0.978376030921936,0.9763795733451843,0.14755775776093324
373,0.11549428850412369,1.0,0.9788172841072083,0.977729320526123,0.10171212392466501
374,0.11720392853021622,1.0,0.9814651608467102,0.9780408143997192,0.12027307230959013
375,0.1250745952129364,0.9982348084449768,0.9814651608467102,0.9801173210144043,0.17819356429821415
376,0.11035145074129105,0.999117374420166,0.9832303524017334,0.9799615740776062,0.12281492774830917
377,0.10197847336530685,1.0,0.9814651608467102,0.9759643077850342,0.12018138544474871
378,0.11629318445920944,0.999117374420166,0.9805825352668762,0.9751336574554443,0.1374217102599839
379,0.09927330911159515,0.999117374420166,0.9796999096870422,0.9752894043922424,0.13303058007053456
380,0.09862519055604935,1.0,0.9819064736366272,0.9770544767379761,0.1327038681408326
381,0.09302034974098206,1.0,0.9823477864265442,0.9779369831085205,0.1086323599684758
382,0.09553134441375732,0.999117374420166,0.9819064736366272,0.9762238264083862,0.12130907456386412
383,0.09054513275623322,0.999117374420166,0.9819064736366272,0.9776254892349243,0.11393593051824447
384,0.09299807250499725,1.0,0.9814651608467102,0.9776254892349243,0.08837002487633017
385,0.09011389315128326,1.0,0.9810238480567932,0.9773659110069275,0.1123423290403248
386,0.08942458778619766,0.999117374420166,0.9805825352668762,0.9762757420539856,0.09952172654002699
387,0.08434119820594788,1.0,0.9832303524017334,0.97715824842453,0.0914124812860543
388,0.08351178467273712,1.0,0.9814651608467102,0.9783522486686707,0.07322019942361421
389,0.07527033984661102,1.0,0.9827890396118164,0.9799615740776062,0.07928606237939387
390,0.08520876616239548,1.0,0.9836716651916504,0.9805326461791992,0.10857068344948968
391,0.07640611380338669,1.0,0.9832303524017334,0.9799096584320068,0.05433839939704794
392,0.07276562601327896,1.0,0.9841129779815674,0.9798577427864075,0.07585729829330622
393,0.07644136250019073,1.0,0.9805825352668762,0.9803768992424011,0.09266463274753892
394,0.0715470090508461,1.0,0.977934718132019,0.978144645690918,0.06350535207844349
395,0.07431647181510925,1.0,0.978376030921936,0.9767429828643799,0.08954042141549182
396,0.07618383318185806,1.0,0.9805825352668762,0.9776254892349243,0.11206129744949704
397,0.07140307873487473,1.0,0.9823477864265442,0.9795462489128113,0.0612272275499566
398,0.07554776221513748,1.0,0.9823477864265442,0.9812594056129456,0.08196411630279975
399,0.06942125409841537,1.0,0.9801412224769592,0.9805845618247986,0.06196655005072892
400,0.07398638129234314,1.0,0.9805825352668762,0.9798577427864075,0.08647756320504224
401,0.07141009718179703,1.0,0.977493405342102,0.9792348146438599,0.10185039139637281
402,0.06806401908397675,1.0,0.9761694669723511,0.9786118268966675,0.09163004471035013
403,0.07399579882621765,1.0,0.9792585968971252,0.978975236415863,0.08674734382432898
404,0.0697145015001297,1.0,0.9801412224769592,0.9785079956054688,0.07931033744724189
405,0.06946386396884918,1.0,0.9801412224769592,0.9780408143997192,0.0786729099506445
406,0.07676954567432404,1.0,0.9827890396118164,0.980221152305603,0.11494201426261329
407,0.06998756527900696,1.0,0.9832303524017334,0.9818304181098938,0.07395364386356616
408,0.07415477931499481,1.0,0.9823477864265442,0.9805326461791992,0.06763998905320662
409,0.06308531761169434,1.0,0.9814651608467102,0.9800134897232056,0.054607529645020685
410,0.06671888381242752,1.0,0.9805825352668762,0.9800134897232056,0.08991171492052462
411,0.06639459729194641,1.0,0.9788172841072083,0.9788194894790649,0.0646081767650767
412,0.06729019433259964,1.0,0.9761694669723511,0.9774178266525269,0.10212713465745278
413,0.06049172580242157,0.999117374420166,0.9739629626274109,0.9735243916511536,0.0758672953587625
414,0.07097405195236206,1.0,0.978376030921936,0.9754970669746399,0.1946512889243232
415,0.07099387049674988,0.999117374420166,0.9770520925521851,0.9767429828643799,0.2720820803637455
416,0.06981737911701202,0.999117374420166,0.9748455286026001,0.9770025610923767,0.15159907724384739
417,0.06881490349769592,1.0,0.9766107797622681,0.9787675738334656,0.15387711696834946
418,0.06322287768125534,1.0,0.9766107797622681,0.9732648134231567,0.10433685915439628
419,0.07520082592964172,1.0,0.977493405342102,0.9745107293128967,0.23832942493547574
420,0.06436953693628311,0.9911738634109497,0.9660194516181946,0.9645953178405762,0.0781133398792732
421,0.08536503463983536,1.0,0.9752868413925171,0.9727456569671631,0.27974223631345946
422,0.07028164714574814,0.9973521828651428,0.9695498943328857,0.9653740525245667,0.0865773889884841
423,0.08229963481426239,1.0,0.9748455286026001,0.9722265601158142,0.2852840021318068
424,0.07194294035434723,0.999117374420166,0.9744042158126831,0.971343994140625,0.15402418795368047
425,0.06516611576080322,0.9973521828651428,0.9708737730979919,0.9695789813995361,0.15691184966259178
426,0.0821751207113266,0.9841129779815674,0.9580759406089783,0.959611713886261,0.31334218427161786
427,0.12002816796302795,0.9902912974357605,0.9611650705337524,0.9569122195243835,0.5216197433535279
428,0.10926264524459839,0.9964695572853088,0.9682259559631348,0.9649068117141724,0.47549898485549447
429,0.09848925471305847,0.999117374420166,0.9735216498374939,0.9667237401008606,0.2336237749368172
430,0.10119980573654175,1.0,0.977934718132019,0.9756008982658386,0.3825243241851323
431,0.09203072637319565,1.0,0.9721977114677429,0.9675024747848511,0.1949455074544419
432,0.11859661340713501,1.0,0.9695498943328857,0.964854896068573,0.3460591601081702
433,0.09558195620775223,0.999117374420166,0.9669020175933838,0.961117148399353,0.23816449938082446
434,0.09986481815576553,1.0,0.9739629626274109,0.9679177403450012,0.31871202665390985
435,0.10014509409666061,1.0,0.9726390242576599,0.9676582217216492,0.2367907087710859
436,0.09727425873279572,0.999117374420166,0.970432460308075,0.9654778242111206,0.2499673911931555
437,0.1020648404955864,1.0,0.9801412224769592,0.9751855731010437,0.23185453903604686
438,0.09274697303771973,1.0,0.9796999096870422,0.977573573589325,0.20847508653872648
439,0.10895697772502899,1.0,0.9805825352668762,0.9775216579437256,0.21149430763992005
440,0.08149433881044388,0.999117374420166,0.9739629626274109,0.9689041376113892,0.13012892751388327
441,0.09161611646413803,1.0,0.977934718132019,0.9727456569671631,0.2560338441713091
442,0.09299924969673157,1.0,0.9699912071228027,0.9697866439819336,0.21251961410548223
443,0.11168429255485535,1.0,0.9721977114677429,0.9689041376113892,0.28893936914089413
444,0.09558799862861633,1.0,0.9770520925521851,0.9731090664863586,0.23873854161146285
445,0.08421949297189713,1.0,0.9792585968971252,0.976327657699585,0.18795762133295235
446,0.08623238652944565,1.0,0.977934718132019,0.9754451513290405,0.15521449744576718
447,0.10349307954311371,1.0,0.977493405342102,0.9734205603599548,0.26190756439524865
448,0.088200144469738,1.0,0.9735216498374939,0.9686445593833923,0.14992249929764304
449,0.10351412743330002,1.0,0.977493405342102,0.9712921380996704,0.21911138496689891
450,0.0881953313946724,1.0,0.9801412224769592,0.9785599112510681,0.17976257108718338
451,0.08367953449487686,1.0,0.9770520925521851,0.9748740792274475,0.1583511361894154
452,0.09151417762041092,1.0,0.9766107797622681,0.9739396572113037,0.18680656053941977
453,0.08106232434511185,1.0,0.978376030921936,0.978975236415863,0.13436800662185316
454,0.09362488240003586,1.0,0.977934718132019,0.9774697422981262,0.1750538894588008
455,0.08907277137041092,1.0,0.9796999096870422,0.9775216579437256,0.1844099839705641
456,0.07127593457698822,1.0,0.9792585968971252,0.9772101640701294,0.09528284473922903
457,0.08489210158586502,1.0,0.9810238480567932,0.9807402491569519,0.13237402200757625
458,0.08208533376455307,1.0,0.9819064736366272,0.9822457432746887,0.11009644168277587
459,0.07857616245746613,1.0,0.9845542907714844,0.9825572371482849,0.1315540305031871
460,0.07598485052585602,1.0,0.9805825352668762,0.9798058271408081,0.10287242953681366
461,0.06570019572973251,1.0,0.9810238480567932,0.9778850674629211,0.09948003314875832
462,0.08527756482362747,1.0,0.9810238480567932,0.9807921648025513,0.1623123947973878
463,0.06597206741571426,1.0,0.9810238480567932,0.9798058271408081,0.09445823533050571
464,0.07480549067258835,1.0,0.9814651608467102,0.9804288148880005,0.09566428396988164
465,0.06829318404197693,1.0,0.9814651608467102,0.9804807305335999,0.10744941846664069
466,0.06434054672718048,1.0,0.9788172841072083,0.9791828989982605,0.10826653966929828
467,0.07389641553163528,1.0,0.9832303524017334,0.9823495745658875,0.13419200493724892
468,0.05796867981553078,1.0,0.9836716651916504,0.9819342494010925,0.07756827284893994
469,0.06715559959411621,1.0,0.9814651608467102,0.9804807305335999,0.13783808023829006
470,0.0728025808930397,1.0,0.9805825352668762,0.9778850674629211,0.20841803709863335
471,0.06044987961649895,1.0,0.9721977114677429,0.9695270657539368,0.09664311916466664
472,0.07039578258991241,1.0,0.9770520925521851,0.9759643077850342,0.2075569994844737
473,0.05937914177775383,1.0,0.9673433303833008,0.9665161371231079,0.0819913638200172
474,0.08455267548561096,1.0,0.977493405342102,0.9724342226982117,0.26545615633765324
475,0.062235888093709946,0.9964695572853088,0.9633715748786926,0.9585734009742737,0.08231140022214913
476,0.08784902095794678,1.0,0.9845542907714844,0.9768468141555786,0.3091103240351219
477,0.08019312471151352,1.0,0.9673433303833008,0.9632455706596375,0.1325904174055248
478,0.08588813990354538,1.0,0.9792585968971252,0.9745626449584961,0.36164441180161705
479,0.06662864238023758,1.0,0.9651368260383606,0.9600788950920105,0.09646073115134947
480,0.08094266057014465,1.0,0.9655781388282776,0.9625188112258911,0.22334779337019955
481,0.07070393115282059,1.0,0.9761694669723511,0.9739396572113037,0.20231360401631615
482,0.06522775441408157,1.0,0.977934718132019,0.9756008982658386,0.10405533509754429
483,0.07044161111116409,1.0,0.9792585968971252,0.9753413200378418,0.1626506713308895
484,0.06336363404989243,1.0,0.977934718132019,0.9756008982658386,0.11413009688242047
485,0.0706646665930748,1.0,0.977493405342102,0.9748740792274475,0.13790583481746044
486,0.07757258415222168,1.0,0.9761694669723511,0.9739396572113037,0.13755057144216912
487,0.07057660073041916,1.0,0.978376030921936,0.9750298261642456,0.12559019495899254
488,0.0745069608092308,1.0,0.9819064736366272,0.978144645690918,0.12217579629242871
489,0.07245247066020966,1.0,0.9796999096870422,0.9783522486686707,0.15087998014248757
490,0.06676535308361053,1.0,0.9770520925521851,0.9751855731010437,0.11653641764996778
491,0.07977006584405899,1.0,0.977493405342102,0.9753413200378418,0.30438789082574785
492,0.07834754884243011,1.0,0.9819064736366272,0.9756008982658386,0.15768762244616089
493,0.07309143990278244,1.0,0.9796999096870422,0.9735763072967529,0.17128065838681267
494,0.09604372084140778,1.0,0.9823477864265442,0.9782484769821167,0.24252796753417974
495,0.07452563941478729,1.0,0.978376030921936,0.9754970669746399,0.1621808326928608
496,0.07643386721611023,1.0,0.9721977114677429,0.9721227288246155,0.17923527278643925
497,0.07392711937427521,1.0,0.9748455286026001,0.9765353202819824,0.22634270849151059
498,0.07679998874664307,1.0,0.977493405342102,0.9765872359275818,0.13892797542637741
499,0.08605186641216278,1.0,0.9801412224769592,0.9786118268966675,0.18574339302745163
500,0.07066019624471664,1.0,0.9766107797622681,0.9763795733451843,0.11011802770347577
501,0.08272720128297806,1.0,0.9757281541824341,0.9772620797157288,0.15054839520357316
502,0.08482766151428223,1.0,0.9766107797622681,0.9791309833526611,0.16406835693878163
503,0.0679827407002449,1.0,0.9748455286026001,0.9786118268966675,0.1567793765610675
504,0.07049006968736649,1.0,0.9752868413925171,0.9737839102745056,0.11128800132739523
505,0.08156035840511322,1.0,0.9801412224769592,0.9783522486686707,0.1644124808360239
506,0.07186424732208252,1.0,0.9823477864265442,0.9788194894790649,0.13592290608555008
507,0.06893063336610794,1.0,0.9832303524017334,0.9821938276290894,0.1357959163232663
508,0.0712185800075531,1.0,0.977934718132019,0.9772620797157288,0.15533945870969285
509,0.06153196096420288,1.0,0.9761694669723511,0.9750298261642456,0.12966568765751146
510,0.07179567962884903,1.0,0.9796999096870422,0.9787156581878662,0.14655815480541917
511,0.07444734871387482,1.0,0.977934718132019,0.9785599112510681,0.15390674736516502
512,0.07426392287015915,1.0,0.9805825352668762,0.98089599609375,0.1738752063980133
513,0.06330079585313797,1.0,0.9757281541824341,0.9747183918952942,0.0899099012480035
514,0.06879661232233047,1.0,0.9735216498374939,0.9703057408332825,0.20130996383006927
515,0.07787539064884186,1.0,0.977934718132019,0.9783003330230713,0.16444880063501688
516,0.08191540837287903,1.0,0.9766107797622681,0.9787156581878662,0.1529787265438269
517,0.06726281344890594,1.0,0.978376030921936,0.979390561580658,0.11211555719282275
518,0.07020078599452972,0.999117374420166,0.9766107797622681,0.978975236415863,0.16072641877857097
519,0.08002254366874695,0.999117374420166,0.9730803370475769,0.9769506454467773,0.13551401311921668
520,0.06820149719715118,1.0,0.9757281541824341,0.9787675738334656,0.12714772228574336
521,0.06993474811315536,1.0,0.9766107797622681,0.9765872359275818,0.1445929432338114
522,0.07441194355487823,1.0,0.9761694669723511,0.9771063923835754,0.12246789404379481
523,0.06970707327127457,1.0,0.9792585968971252,0.977573573589325,0.10103008596684979
524,0.07039261609315872,1.0,0.9801412224769592,0.9778850674629211,0.1333570040013499
525,0.06710273772478104,1.0,0.9841129779815674,0.9818304181098938,0.15829672296371217
526,0.06468500941991806,1.0,0.9805825352668762,0.980221152305603,0.09223224306223785
527,0.0721459910273552,1.0,0.9832303524017334,0.9821938276290894,0.14551761633373048
528,0.06956277042627335,1.0,0.978376030921936,0.97965008020401,0.1496227951143432
529,0.06780125200748444,1.0,0.9788172841072083,0.9764314889907837,0.1603565758846444
530,0.06105000525712967,1.0,0.9801412224769592,0.978144645690918,0.1252916172555926
531,0.06343035399913788,1.0,0.9823477864265442,0.9807921648025513,0.1462803007084621
532,0.06569657474756241,1.0,0.9823477864265442,0.9804807305335999,0.11519822098194239
533,0.06201140955090523,1.0,0.977493405342102,0.9762757420539856,0.12485184286608501
534,0.06841593980789185,1.0,0.9735216498374939,0.971915066242218,0.12612897645108884
535,0.05877021700143814,1.0,0.9752868413925171,0.9734724760055542,0.11108315691535231
536,0.0678081214427948,1.0,0.977934718132019,0.9765872359275818,0.12064451044110971
537,0.06443789601325989,1.0,0.978376030921936,0.9794943332672119,0.11020157381827135
538,0.07005943357944489,1.0,0.9796999096870422,0.9794943332672119,0.14698547885768692
539,0.06676594167947769,1.0,0.977934718132019,0.9780408143997192,0.16191823499426292
540,0.06463511288166046,0.999117374420166,0.9726390242576599,0.9743549823760986,0.1052135945066558
541,0.07191397249698639,0.999117374420166,0.9699912071228027,0.9717593193054199,0.12792448643402257
542,0.07429591566324234,1.0,0.9752868413925171,0.9743549823760986,0.1529560668620043
543,0.0725162923336029,1.0,0.977934718132019,0.9786637425422668,0.15492625520995165
544,0.07578272372484207,1.0,0.9708737730979919,0.9732128977775574,0.2136753687134935
545,0.06172572076320648,1.0,0.9699912071228027,0.9685407280921936,0.1533839447649424
546,0.06638278067111969,1.0,0.9752868413925171,0.972589910030365,0.15471216570357024
547,0.07490015774965286,1.0,0.9823477864265442,0.9756008982658386,0.1859785931391194
548,0.06898945569992065,1.0,0.9827890396118164,0.9774178266525269,0.15193803919755886
549,0.06431042402982712,1.0,0.9770520925521851,0.974406898021698,0.11788611275684491
550,0.07234936207532883,1.0,0.9744042158126831,0.9739915728569031,0.1617540950725212
551,0.07614902406930923,1.0,0.9766107797622681,0.9761199951171875,0.1865478350930255
552,0.0691477581858635,1.0,0.9805825352668762,0.9776774048805237,0.1513659809097167
553,0.06705981492996216,1.0,0.978376030921936,0.9756008982658386,0.11098926268339311
554,0.07643985003232956,1.0,0.9726390242576599,0.9717593193054199,0.19939773892916887
555,0.07403615862131119,1.0,0.9677846431732178,0.9670871496200562,0.15923742206910105
556,0.08051534742116928,0.9920564889907837,0.9642542004585266,0.9603903889656067,0.31828664469469686
557,0.10946103185415268,0.9849956035614014,0.9382171034812927,0.9401962161064148,0.5856338078910958
558,0.17972910404205322,0.9567520022392273,0.9099735021591187,0.9073871970176697,0.9580509782927836
559,0.32169583439826965,0.947925865650177,0.9029126167297363,0.8977833390235901,1.0633536853793846
560,0.3048972189426422,0.9717563986778259,0.9315975308418274,0.9323573708534241,0.8051352394560701
561,0.25296521186828613,0.9276257753372192,0.89496910572052,0.8953434228897095,0.8207303866351163
562,0.5261664986610413,0.8614298105239868,0.8168579339981079,0.8203291296958923,1.5302445628662213
563,0.8408098816871643,0.9002647995948792,0.8693733811378479,0.86829674243927,1.4376186530497101
564,0.5565375089645386,0.897616982460022,0.8715798854827881,0.8708404898643494,0.6062979078481767
565,0.614251971244812,0.9002647995948792,0.8870255947113037,0.8802886605262756,0.7824858634985787
566,0.582286536693573,0.9099735021591187,0.8865842819213867,0.8843897581100464,0.7162961556519081
567,0.453212708234787,0.9240953326225281,0.896293044090271,0.8952395915985107,0.32309409680961276
568,0.443562388420105,0.917917013168335,0.896734356880188,0.897056519985199,0.3473434245470953
569,0.3750791847705841,0.9152691960334778,0.8998234868049622,0.8946685194969177,0.19977373956608158
570,0.3710249066352844,0.9126213788986206,0.8993821740150452,0.8965893387794495,0.25457898697258613
571,0.3183266818523407,0.9135040044784546,0.9011474251747131,0.8990811109542847,0.1714242640354077
572,0.32600903511047363,0.9249779582023621,0.9082083106040955,0.9039090275764465,0.17164743527912696
573,0.30880552530288696,0.9355692863464355,0.9139452576637268,0.9133052825927734,0.15901171672638142
574,0.282791405916214,0.9355692863464355,0.9232127070426941,0.9183408617973328,0.15367852512874816
575,0.2562377154827118,0.9382171034812927,0.9232127070426941,0.9191195368766785,0.10566020337032242
576,0.258928507566452,0.949691116809845,0.9302735924720764,0.9245704412460327,0.11514303983106355
577,0.2558976113796234,0.9646955132484436,0.948367178440094,0.9386388063430786,0.14991516290868698
578,0.2400755137205124,0.9664607048034668,0.946601927280426,0.9393137097358704,0.1267655794957595
579,0.22028391063213348,0.9664607048034668,0.9443954229354858,0.9379639625549316,0.09678957447276107
580,0.21196699142456055,0.9708737730979919,0.9457193613052368,0.9414940476417542,0.11773959644035627
581,0.2027902752161026,0.9761694669723511,0.9518976211547852,0.9459585547447205,0.09686176537471856
582,0.18004587292671204,0.9770520925521851,0.9514563083648682,0.9464257955551147,0.08206461915310403
583,0.17887046933174133,0.9735216498374939,0.949249804019928,0.9450241327285767,0.10426925050180526
584,0.17953525483608246,0.9735216498374939,0.9505736827850342,0.9464257955551147,0.09336701995219276
585,0.16805912554264069,0.9735216498374939,0.9505736827850342,0.9489695429801941,0.07800265395723327
586,0.15961503982543945,0.977934718132019,0.9567520022392273,0.9545761346817017,0.10015909038609055
587,0.14172258973121643,0.9805825352668762,0.9589585065841675,0.958365797996521,0.07195147717456761
588,0.14857365190982819,0.9805825352668762,0.9598411321640015,0.958365797996521,0.07493485104525542
589,0.13947156071662903,0.9796999096870422,0.9576346278190613,0.9567045569419861,0.08499665698118884
590,0.14171889424324036,0.9796999096870422,0.9576346278190613,0.9549395442008972,0.0755839321592586
591,0.1325715333223343,0.9796999096870422,0.9580759406089783,0.9541088938713074,0.06221432849141593
592,0.13394701480865479,0.9814651608467102,0.9593998193740845,0.9547837972640991,0.07227295388532202
593,0.13024252653121948,0.9814651608467102,0.9633715748786926,0.9578985571861267,0.08533975401665231
594,0.12859079241752625,0.9841129779815674,0.9642542004585266,0.961688220500946,0.07344234926230282
595,0.12059889733791351,0.9867607951164246,0.9664607048034668,0.9645434021949768,0.051733447724527516
596,0.12273648381233215,0.9885260462760925,0.9691085815429688,0.9676063060760498,0.09210882883208658
597,0.13081207871437073,0.9894086718559265,0.9664607048034668,0.9658412337303162,0.09670734766184431
598,0.10417550057172775,0.9894086718559265,0.9651368260383606,0.9645434021949768,0.06012994103230601
599,0.1059001088142395,0.9885260462760925,0.9642542004585266,0.9643357396125793,0.07823202548138311
600,0.10802195221185684,0.9885260462760925,0.9651368260383606,0.9644395709037781,0.06259551360070187
601,0.0985308513045311,0.9911738634109497,0.9691085815429688,0.9669833183288574,0.061172607980303335
602,0.09543789178133011,0.9973521828651428,0.9721977114677429,0.9707210659980774,0.06211070858572286
603,0.0939846858382225,0.9955869317054749,0.9752868413925171,0.972589910030365,0.055995575127730686
604,0.08699464052915573,0.9982348084449768,0.9770520925521851,0.9746664762496948,0.05793613631483749
605,0.08934761583805084,0.9982348084449768,0.9761694669723511,0.9759123921394348,0.043709839849140994
606,0.09223107248544693,1.0,0.9796999096870422,0.9771063923835754,0.07239419966611729
607,0.09381198137998581,1.0,0.9792585968971252,0.9774178266525269,0.07208194875521602
608,0.0933249220252037,0.999117374420166,0.977493405342102,0.9765353202819824,0.052481601110464446
609,0.08423317968845367,0.999117374420166,0.9757281541824341,0.9756008982658386,0.041878101754277516
610,0.0818466767668724,0.999117374420166,0.9766107797622681,0.9763795733451843,0.059046529311881306
611,0.08313321322202682,0.999117374420166,0.9788172841072083,0.9779369831085205,0.05992997269901211
612,0.085420623421669,1.0,0.9801412224769592,0.9801173210144043,0.05749910723833545
613,0.07917936146259308,1.0,0.9814651608467102,0.9806883335113525,0.0533948630043264
614,0.07600338011980057,1.0,0.9810238480567932,0.9801692366600037,0.06333454354112526
615,0.08165375888347626,1.0,0.9814651608467102,0.9804288148880005,0.05776453290377904
616,0.07660265266895294,1.0,0.9814651608467102,0.9791828989982605,0.05006449315413015
617,0.07549792528152466,1.0,0.9805825352668762,0.9772101640701294,0.04987918836898588
618,0.07125145941972733,1.0,0.977934718132019,0.9759123921394348,0.05436645509343625
619,0.06914246082305908,1.0,0.9801412224769592,0.9776774048805237,0.05248946959332173
620,0.07255777716636658,1.0,0.9819064736366272,0.97840416431427,0.05355357630426361
621,0.08012044429779053,1.0,0.9832303524017334,0.980221152305603,0.08616723134834965
622,0.06797230243682861,1.0,0.9845542907714844,0.9814151525497437,0.049257567110352306
623,0.06760165095329285,1.0,0.9849956035614014,0.9812074899673462,0.04262792126532203
624,0.06590914726257324,1.0,0.9845542907714844,0.9820380806922913,0.06504823211881951
625,0.06373284757137299,1.0,0.9823477864265442,0.9828168153762817,0.051841371316029304
626,0.06759268045425415,1.0,0.9858782291412354,0.9825053215026855,0.07046696862568724
627,0.06817455589771271,1.0,0.9849956035614014,0.9819861650466919,0.059839894974565024
628,0.0724574476480484,1.0,0.9845542907714844,0.981467068195343,0.08971442599558235
629,0.06579386442899704,1.0,0.9832303524017334,0.9805845618247986,0.0513678842364619
630,0.06628242135047913,1.0,0.9823477864265442,0.9806883335113525,0.06459479753312543
631,0.06234513595700264,1.0,0.9823477864265442,0.9810517430305481,0.062424769284097945
632,0.06646798551082611,1.0,0.9823477864265442,0.9809998273849487,0.07462152816620356
633,0.06510308384895325,1.0,0.9849956035614014,0.9809479117393494,0.09030771260402924
634,0.06451552361249924,1.0,0.9823477864265442,0.9783522486686707,0.05837400377369882
635,0.061433110386133194,1.0,0.9819064736366272,0.9768468141555786,0.05474832187154509
636,0.061363160610198975,1.0,0.9841129779815674,0.9794943332672119,0.07678268253904888
637,0.0664476528763771,1.0,0.9854369163513184,0.9824014902114868,0.06824124474465937
638,0.06307979673147202,1.0,0.9854369163513184,0.9828687310218811,0.06120317284207036
639,0.062469299882650375,1.0,0.9845542907714844,0.9827648997306824,0.05964680210802727
640,0.06557703763246536,1.0,0.9854369163513184,0.9821938276290894,0.0686916692085353
641,0.05773742124438286,1.0,0.9849956035614014,0.9809479117393494,0.047652318688618675
642,0.061179570853710175,1.0,0.9849956035614014,0.9800654053688049,0.05963631080229853
643,0.05556739121675491,1.0,0.9832303524017334,0.9785079956054688,0.052598094805227126
644,0.06540197879076004,1.0,0.9827890396118164,0.9790790677070618,0.08138687576483794
645,0.05715122073888779,1.0,0.9836716651916504,0.9811555743217468,0.0715196025008932
646,0.062163081020116806,1.0,0.9841129779815674,0.9823495745658875,0.11644886708041155
647,0.06304668635129929,1.0,0.9841129779815674,0.9825053215026855,0.12764946025202561
648,0.0660306066274643,1.0,0.9823477864265442,0.9821938276290894,0.10041990029995125
649,0.06475400179624557,1.0,0.9832303524017334,0.9836474061012268,0.08510711586546989
650,0.05464404821395874,1.0,0.9814651608467102,0.9805845618247986,0.05455641714094487
651,0.05452394112944603,1.0,0.9788172841072083,0.975652813911438,0.05906302870559217
652,0.06486577540636063,1.0,0.9823477864265442,0.9780927300453186,0.11908006197514892
653,0.06647337973117828,1.0,0.9810238480567932,0.9772620797157288,0.09297521801063814
654,0.06051156297326088,1.0,0.9757281541824341,0.9711883068084717,0.14110187431743917
655,0.07431022822856903,1.0,0.9823477864265442,0.9764834046363831,0.23312251948895177
656,0.06386084854602814,1.0,0.9770520925521851,0.9747703075408936,0.16032550722786948
657,0.07367629557847977,1.0,0.9827890396118164,0.9783522486686707,0.2027212754490542
658,0.0649551972746849,1.0,0.9832303524017334,0.9777812361717224,0.10776765759791938
659,0.06646745651960373,1.0,0.9770520925521851,0.9741992354393005,0.15233257943884265
660,0.07554023712873459,0.9982348084449768,0.9708737730979919,0.9677620530128479,0.20106510370754654
661,0.0851418673992157,0.9717563986778259,0.9541041851043701,0.9491252899169922,0.3267148801008584
662,0.140392005443573,0.9532215595245361,0.9315975308418274,0.9209365248680115,0.8679947525405088
663,0.2724432945251465,0.9408649802207947,0.9064430594444275,0.9000675082206726,1.016193381121565
664,0.4557124972343445,0.918799638748169,0.8865842819213867,0.8824689984321594,0.8121288294535426
665,0.3875081241130829,0.9064430594444275,0.8565754890441895,0.8647147417068481,0.7984553856459621
666,0.4001024067401886,0.917917013168335,0.8720211982727051,0.8735918402671814,0.7750962616577668
667,0.3686908483505249,0.9646955132484436,0.9338040947914124,0.9335513710975647,0.5907231151415426
668,0.2993282675743103,0.9770520925521851,0.9408649802207947,0.9406115412712097,0.29031485713021626
669,0.31137514114379883,0.9673433303833008,0.9364519119262695,0.9391579627990723,0.45679386507031033
670,0.29033374786376953,0.9691085815429688,0.9355692863464355,0.932772696018219,0.38485434453005024
671,0.263778954744339,0.9699912071228027,0.9404236674308777,0.9384831190109253,0.2951380259484811
672,0.22440080344676971,0.9682259559631348,0.9338040947914124,0.9334994554519653,0.19781233099616255
673,0.23227082192897797,0.9682259559631348,0.9413062930107117,0.9385350346565247,0.2709187807597377
674,0.1940813958644867,0.9691085815429688,0.9417476058006287,0.9401443004608154,0.17412256200378093
675,0.19463707506656647,0.9699912071228027,0.9430714845657349,0.9413902163505554,0.18318731676108108
676,0.18017521500587463,0.9699912071228027,0.94748455286026,0.9471006393432617,0.18005105198497318
677,0.15520159900188446,0.9699912071228027,0.947925865650177,0.9480869770050049,0.13909170993881945
678,0.1731095314025879,0.9717563986778259,0.9505736827850342,0.9488657116889954,0.15175758587752672
679,0.1458934098482132,0.9894086718559265,0.9673433303833008,0.966100811958313,0.14077019790944414
680,0.15085449814796448,0.9885260462760925,0.9655781388282776,0.9679177403450012,0.13947032548074634
681,0.14810845255851746,0.9929391145706177,0.9695498943328857,0.969838559627533,0.14102633351515956
682,0.12979859113693237,0.999117374420166,0.9757281541824341,0.9747703075408936,0.1412060740440977
683,0.12535648047924042,0.9964695572853088,0.9713150858879089,0.969838559627533,0.1314889547659271
684,0.12131348997354507,0.9876434206962585,0.9638128876686096,0.9625707268714905,0.14332708169147376
685,0.11074143648147583,0.9911738634109497,0.9660194516181946,0.9654778242111206,0.11905850534683265
686,0.10479135811328888,0.999117374420166,0.9757281541824341,0.9746145606040955,0.08922464044647488
687,0.10879629105329514,0.999117374420166,0.9757281541824341,0.9759123921394348,0.1247978626142146
688,0.09789006412029266,0.9982348084449768,0.9739629626274109,0.9726418256759644,0.1385577104797947
689,0.09509406983852386,0.9929391145706177,0.9691085815429688,0.9652183055877686,0.09150688461763977
690,0.08835683763027191,0.9947043061256409,0.9691085815429688,0.967346727848053,0.0931566669382268
691,0.08679575473070145,0.999117374420166,0.9770520925521851,0.9757047295570374,0.07807774779528061
692,0.08862005919218063,1.0,0.978376030921936,0.9768468141555786,0.1090671799685565
693,0.08675645291805267,0.999117374420166,0.9761694669723511,0.9765872359275818,0.10693993186293661
694,0.0763537809252739,0.9982348084449768,0.978376030921936,0.9755489826202393,0.07202517287358205
695,0.0751868411898613,0.999117374420166,0.9832303524017334,0.9804288148880005,0.09517095709027623
696,0.07465308159589767,1.0,0.9832303524017334,0.97965008020401,0.06166621098959387
697,0.0738968774676323,1.0,0.9814651608467102,0.9791309833526611,0.09614491198518058
698,0.07594713568687439,0.999117374420166,0.9810238480567932,0.9788714051246643,0.06618934570343009
699,0.07757068425416946,0.999117374420166,0.9827890396118164,0.9819861650466919,0.10749763899145363
700,0.07101339101791382,1.0,0.9832303524017334,0.9827648997306824,0.07155407421678811
701,0.060804858803749084,1.0,0.9810238480567932,0.9813632369041443,0.05364597731229568
702,0.0645923763513565,1.0,0.9796999096870422,0.9802730679512024,0.08496186179516138
703,0.0696093812584877,0.999117374420166,0.9735216498374939,0.9771063923835754,0.06097596284349283
704,0.05959629267454147,0.999117374420166,0.9761694669723511,0.9777812361717224,0.07660680353348874
705,0.06053393334150314,1.0,0.9810238480567932,0.9798577427864075,0.08876093384231565
706,0.05919913202524185,1.0,0.9819064736366272,0.9800134897232056,0.06636602251238966
707,0.06789608299732208,1.0,0.9854369163513184,0.9821938276290894,0.10844314465170854
708,0.061981916427612305,1.0,0.9836716651916504,0.9822457432746887,0.0525067120917492
709,0.06412243098020554,1.0,0.9845542907714844,0.98338782787323,0.09567871348047007
710,0.05848673731088638,1.0,0.9854369163513184,0.9838550686836243,0.06431610746806103
711,0.060655828565359116,1.0,0.9836716651916504,0.9831282496452332,0.08221586157848451
712,0.056988734751939774,1.0,0.9823477864265442,0.9821938276290894,0.05079165259570987
713,0.05834122747182846,1.0,0.9849956035614014,0.9807921648025513,0.1638470536614335
714,0.06136384606361389,1.0,0.9836716651916504,0.9795462489128113,0.06873113725603329
715,0.059282079339027405,1.0,0.9819064736366272,0.977573573589325,0.08122163531248462
716,0.057105325162410736,1.0,0.9810238480567932,0.9774178266525269,0.05366181194889762
717,0.05588676780462265,1.0,0.9810238480567932,0.9776774048805237,0.059058873901658974
718,0.05652780830860138,1.0,0.9810238480567932,0.9792867302894592,0.052239311471018596
719,0.060361653566360474,1.0,0.9819064736366272,0.9811555743217468,0.0983032602164964
720,0.05350654572248459,1.0,0.9814651608467102,0.9825572371482849,0.05669118527638448
721,0.05475716292858124,1.0,0.9823477864265442,0.9829206466674805,0.051106340675180016
722,0.06072602793574333,1.0,0.9827890396118164,0.9820380806922913,0.05650075627787092
723,0.05723513290286064,1.0,0.9823477864265442,0.9805845618247986,0.060466774449606055
724,0.058033108711242676,1.0,0.9810238480567932,0.97840416431427,0.0579054099049866
725,0.05772412568330765,1.0,0.9792585968971252,0.9787156581878662,0.06096794072156092
726,0.055680565536022186,1.0,0.9810238480567932,0.9803249835968018,0.08153756764748331
727,0.0578518882393837,1.0,0.9841129779815674,0.9816747307777405,0.05748166125639746
728,0.04930752515792847,1.0,0.9863195419311523,0.9816747307777405,0.04268802943775266
729,0.05983861908316612,1.0,0.9858782291412354,0.9819342494010925,0.0915344989666358
730,0.060074787586927414,1.0,0.9841129779815674,0.9826091527938843,0.08128778063570859
731,0.05011792853474617,1.0,0.9814651608467102,0.9813113212585449,0.06362826423348349
732,0.05642817169427872,1.0,0.9819064736366272,0.9791309833526611,0.07528264603990797
733,0.059748515486717224,1.0,0.9814651608467102,0.9790271520614624,0.11106142840788535
734,0.056480757892131805,1.0,0.9814651608467102,0.9795462489128113,0.0831204676775499
735,0.05320683866739273,1.0,0.9814651608467102,0.9794943332672119,0.054846234237869725
736,0.05541228502988815,1.0,0.9814651608467102,0.9797019958496094,0.05149246697183488
737,0.05371800810098648,1.0,0.9814651608467102,0.9792348146438599,0.04350116251043133
738,0.05225639417767525,1.0,0.9814651608467102,0.978975236415863,0.0613811024116462
739,0.05246998742222786,1.0,0.9823477864265442,0.9791309833526611,0.06532380144315474
740,0.0498075969517231,1.0,0.9832303524017334,0.9788194894790649,0.05231496151424017
741,0.05982363969087601,1.0,0.9801412224769592,0.9772620797157288,0.08999511521905375
742,0.050785187631845474,1.0,0.9788172841072083,0.9767429828643799,0.055513300467208135
743,0.05569835752248764,1.0,0.9770520925521851,0.9751336574554443,0.05369690785000054
744,0.05110601335763931,1.0,0.978376030921936,0.9746664762496948,0.06822448328626117
745,0.0560140386223793,1.0,0.977493405342102,0.9757566452026367,0.07771507433563546
746,0.0600256510078907,1.0,0.978376030921936,0.9754970669746399,0.08656472950663047
747,0.052224867045879364,1.0,0.9766107797622681,0.9748221635818481,0.058656642895378794
748,0.05485544353723526,1.0,0.9805825352668762,0.9763795733451843,0.0778287837419968
749,0.048680324107408524,1.0,0.9827890396118164,0.9777812361717224,0.06834059104890215
750,0.05481818690896034,1.0,0.9827890396118164,0.9777812361717224,0.07972418149784767
751,0.05362571403384209,1.0,0.9796999096870422,0.9765353202819824,0.0638455763328303
752,0.054010678082704544,1.0,0.9761694669723511,0.974406898021698,0.05431401560340464
753,0.05933557078242302,1.0,0.9757281541824341,0.9760161638259888,0.09816539935872987
754,0.05358099564909935,1.0,0.9770520925521851,0.9765353202819824,0.10859566599738718
755,0.054924119263887405,1.0,0.9757281541824341,0.9721227288246155,0.08153162102173303
756,0.051949720829725266,1.0,0.977493405342102,0.9754970669746399,0.09185934766645927
757,0.05210106819868088,1.0,0.9766107797622681,0.9754970669746399,0.07977031642400856
758,0.06423179805278778,1.0,0.9788172841072083,0.9762757420539856,0.11428931139396284
759,0.05594085529446602,1.0,0.9770520925521851,0.9744588136672974,0.10487893404313035
760,0.05139682814478874,1.0,0.9752868413925171,0.9723823070526123,0.06819113527396312
761,0.05347564071416855,1.0,0.978376030921936,0.9732648134231567,0.09852303576471702
762,0.060602571815252304,1.0,0.9752868413925171,0.972589910030365,0.20453720734008704
763,0.06596517562866211,1.0,0.9726390242576599,0.9677620530128479,0.1397455474011384
764,0.05646830052137375,1.0,0.970432460308075,0.9643876552581787,0.10474138217995584
765,0.05609114095568657,1.0,0.9757281541824341,0.9721227288246155,0.20137202039769408
766,0.06963296234607697,1.0,0.9695498943328857,0.9646991491317749,0.2993253920014952
767,0.07156302034854889,0.999117374420166,0.977934718132019,0.9720708131790161,0.41806926048685406
768,0.07450921833515167,1.0,0.9814651608467102,0.9777812361717224,0.19584353913298558
769,0.07665646821260452,0.999117374420166,0.9796999096870422,0.976898729801178,0.18867948671593077
770,0.08188581466674805,1.0,0.9677846431732178,0.9674505591392517,0.3276566004152784
771,0.0864366739988327,1.0,0.9744042158126831,0.9726418256759644,0.38227838882356874
772,0.07320958375930786,0.9947043061256409,0.9651368260383606,0.9640762209892273,0.24590173367142965
773,0.11692089587450027,0.9982348084449768,0.9717563986778259,0.9705653190612793,0.3754766913006279
774,0.0928528681397438,0.999117374420166,0.9708737730979919,0.9682292342185974,0.25326463150169465
775,0.12225141376256943,0.9805825352668762,0.947925865650177,0.944504976272583,0.39877534913773727
776,0.20828980207443237,0.949691116809845,0.9139452576637268,0.911851704120636,0.7215136560564719
777,0.32284989953041077,0.8623124361038208,0.8248014450073242,0.8206925392150879,1.1882851476083467
778,0.6255423426628113,0.8870255947113037,0.8473080396652222,0.8449878096580505,1.2523926835129138
779,0.5017672777175903,0.9364519119262695,0.8896734714508057,0.8886466026306152,1.0920282547463451
780,0.44176459312438965,0.8455427885055542,0.7992056608200073,0.8066241145133972,0.8428202393146581
781,0.7210352420806885,0.8914386630058289,0.8477493524551392,0.8430150747299194,1.7266933387002503
782,0.6656891703605652,0.8817299008369446,0.8481906652450562,0.84794682264328,1.0684310622720867
783,0.5961368680000305,0.9240953326225281,0.8901147246360779,0.8909307718276978,0.7917116502623681
784,0.49674859642982483,0.9214475154876709,0.896734356880188,0.8976795077323914,0.44186708420401644
785,0.43126532435417175,0.9267431497573853,0.9037952423095703,0.9051030278205872,0.48652748178396366
786,0.3669249415397644,0.947925865650177,0.9285084009170532,0.9260758757591248,0.30598692036270975
787,0.3485480844974518,0.9523389339447021,0.9271844625473022,0.9292426109313965,0.2366733925393573
788,0.31746599078178406,0.9523389339447021,0.9245366454124451,0.9296578764915466,0.18842653783614893
789,0.31264400482177734,0.9593998193740845,0.9298323392868042,0.9347453713417053,0.1822438554848154
790,0.27740123867988586,0.9620476961135864,0.9342453479766846,0.9358355402946472,0.1720322820968058
791,0.2550773322582245,0.9585171937942505,0.9364519119262695,0.9370814561843872,0.1409533029639441
792,0.23959533870220184,0.9638128876686096,0.9404236674308777,0.9394175410270691,0.10782311049758442
793,0.23409977555274963,0.9717563986778259,0.9435127973556519,0.943830132484436,0.12423373792783389
794,0.21322576701641083,0.9752868413925171,0.948808491230011,0.9486061334609985,0.09727951659097574
795,0.19482246041297913,0.9823477864265442,0.949691116809845,0.9516689777374268,0.09220694598015822
796,0.19655920565128326,0.9832303524017334,0.9514563083648682,0.9540050625801086,0.08169307311312132
797,0.193003311753273,0.9841129779815674,0.9514563083648682,0.9550433158874512,0.09248470775469843
798,0.17224398255348206,0.9841129779815674,0.9549867510795593,0.9567564725875854,0.08533948903216038
799,0.16322538256645203,0.9841129779815674,0.9585171937942505,0.959871232509613,0.09075254509616049
800,0.15674342215061188,0.9849956035614014,0.9593998193740845,0.9613248109817505,0.075948064167996
801,0.15071368217468262,0.9849956035614014,0.9629302620887756,0.9622592329978943,0.08209724222961494
802,0.1523817926645279,0.9858782291412354,0.9638128876686096,0.9630898833274841,0.08183525077764037
803,0.13653512299060822,0.9858782291412354,0.9642542004585266,0.9645953178405762,0.07072551751235308
804,0.12789981067180634,0.9858782291412354,0.9655781388282776,0.9628822207450867,0.07157423713821964
805,0.1212526261806488,0.9867607951164246,0.9646955132484436,0.9604942202568054,0.05889166344949519
806,0.1250346601009369,0.9867607951164246,0.9633715748786926,0.9594559669494629,0.07342898521767999
807,0.12616874277591705,0.9867607951164246,0.9624889492988586,0.9597154855728149,0.07797053137935472
808,0.11749297380447388,0.9876434206962585,0.9646955132484436,0.9615843892097473,0.05892877717878866
809,0.10886339098215103,0.9894086718559265,0.9677846431732178,0.9633494019508362,0.055064588701741565
810,0.11244730651378632,0.9947043061256409,0.9713150858879089,0.968177318572998,0.05901659834606338
811,0.10090255737304688,0.9964695572853088,0.9748455286026001,0.9707729816436768,0.05728526914643185
812,0.1019526794552803,0.9964695572853088,0.9761694669723511,0.9717593193054199,0.057598892283461385
813,0.10038617253303528,0.9911738634109497,0.9708737730979919,0.9680734872817993,0.06834965529270441
814,0.09134052693843842,0.9885260462760925,0.9686672687530518,0.9672948122024536,0.05576263998384718
815,0.09550905972719193,0.9947043061256409,0.9730803370475769,0.9708248972892761,0.07959546298064199
816,0.09070998430252075,0.9982348084449768,0.9801412224769592,0.9742511510848999,0.061038029573281534
817,0.09079459309577942,0.999117374420166,0.9823477864265442,0.9772620797157288,0.054777324869751606
818,0.08024438470602036,0.9982348084449768,0.9827890396118164,0.9757566452026367,0.06550461127389787
819,0.08506721258163452,0.9964695572853088,0.9788172841072083,0.9737839102745056,0.051278362726914474
820,0.0840228796005249,0.9964695572853088,0.9792585968971252,0.9738877415657043,0.056186240657685196
821,0.08161785453557968,0.9982348084449768,0.9832303524017334,0.9774178266525269,0.0655331233290972
822,0.08649793267250061,0.999117374420166,0.9836716651916504,0.9803768992424011,0.049442468036130297
823,0.08208762854337692,1.0,0.9827890396118164,0.9801173210144043,0.04780213568932303
824,0.09089883416891098,0.9964695572853088,0.977493405342102,0.9740434885025024,0.17259798218440914
825,0.07805261015892029,0.9867607951164246,0.9717563986778259,0.9680734872817993,0.06765394654385108
826,0.09320002049207687,0.9894086718559265,0.9730803370475769,0.9698904752731323,0.12552393550434698
827,0.0868014320731163,0.999117374420166,0.9801412224769592,0.9797539114952087,0.11592437747879017
828,0.07329126447439194,1.0,0.9801412224769592,0.9773659110069275,0.05278782476524587
829,0.07950150221586227,1.0,0.977934718132019,0.9779888987541199,0.10465407928119506
830,0.08332637697458267,0.999117374420166,0.9752868413925171,0.9753932356834412,0.12048656807057033
831,0.07188072055578232,0.9955869317054749,0.9730803370475769,0.9717074036598206,0.07683352760217953
832,0.07900570333003998,0.999117374420166,0.9788172841072083,0.9749779105186462,0.11448077161165911
833,0.0714256688952446,0.999117374420166,0.9832303524017334,0.9786637425422668,0.10877109037326316
834,0.07227811962366104,0.999117374420166,0.9841129779815674,0.9793386459350586,0.10359778217670289
835,0.06620853394269943,0.999117374420166,0.9823477864265442,0.9785079956054688,0.07177949494620142
836,0.07331069558858871,0.999117374420166,0.9823477864265442,0.9778331518173218,0.09833769566274546
837,0.07875246554613113,0.999117374420166,0.9836716651916504,0.9814151525497437,0.08843858749838886
838,0.0678744986653328,1.0,0.9819064736366272,0.9809479117393494,0.05027612363833822
839,0.06434056162834167,1.0,0.9832303524017334,0.98089599609375,0.06398648570325317
840,0.06725902110338211,1.0,0.9832303524017334,0.9804807305335999,0.07097837206269265
841,0.06116178631782532,1.0,0.9841129779815674,0.9806364178657532,0.05878547640390715
842,0.06870492547750473,1.0,0.9832303524017334,0.9799096584320068,0.08358147300834864
843,0.0705169141292572,1.0,0.9819064736366272,0.9798058271408081,0.07731470844597266
844,0.07005979120731354,1.0,0.9827890396118164,0.9800134897232056,0.09750814151474028
845,0.06655779480934143,1.0,0.9819064736366272,0.9798577427864075,0.0647778038436147
846,0.06103569641709328,1.0,0.9823477864265442,0.9794424772262573,0.05443539290200259
847,0.06003887578845024,1.0,0.9814651608467102,0.978144645690918,0.04513368879403657
848,0.06335368752479553,1.0,0.9814651608467102,0.9778331518173218,0.0630967417608756
849,0.06095452606678009,1.0,0.9819064736366272,0.9775216579437256,0.05452581245267832
850,0.06077846512198448,1.0,0.9832303524017334,0.9785079956054688,0.06188160931203928
851,0.06788360327482224,1.0,0.9832303524017334,0.9780927300453186,0.07281892384189155
852,0.06046304479241371,1.0,0.9823477864265442,0.9782484769821167,0.08246165672278005
853,0.06146356090903282,1.0,0.9823477864265442,0.9777812361717224,0.05798083293409209
854,0.06583597511053085,1.0,0.9827890396118164,0.97840416431427,0.08938823108941293
855,0.06731367111206055,1.0,0.9814651608467102,0.9785079956054688,0.07962047372929329
856,0.05909530445933342,1.0,0.9796999096870422,0.977729320526123,0.059581682832959865
857,0.06038075312972069,1.0,0.9814651608467102,0.9776254892349243,0.06255576995465158
858,0.06532993912696838,1.0,0.9814651608467102,0.9768468141555786,0.08150959380321514
859,0.060297641903162,1.0,0.9801412224769592,0.9753932356834412,0.06611007030304934
860,0.06431101262569427,1.0,0.9819064736366272,0.9779369831085205,0.10157833873514
861,0.056765273213386536,1.0,0.9836716651916504,0.978975236415863,0.0456929265939635
862,0.0577247254550457,1.0,0.9841129779815674,0.9792348146438599,0.06294207922473773
863,0.05716710165143013,1.0,0.9854369163513184,0.979390561580658,0.05832037602734426
864,0.06389813870191574,1.0,0.9836716651916504,0.9790790677070618,0.06775351989490815
865,0.05901079997420311,1.0,0.9827890396118164,0.9778331518173218,0.06904502759925686
866,0.05775967612862587,1.0,0.9845542907714844,0.9779369831085205,0.09883358142214088
867,0.0618630014359951,1.0,0.9863195419311523,0.9801173210144043,0.13774252582883345
868,0.052754051983356476,1.0,0.9863195419311523,0.9813113212585449,0.0625754604339913
869,0.0619133785367012,1.0,0.9858782291412354,0.9823495745658875,0.12088929405871664
870,0.05245063453912735,1.0,0.9872021079063416,0.9814151525497437,0.06790225312647725
871,0.060017719864845276,1.0,0.9819064736366272,0.977729320526123,0.07384754848268361
872,0.057718660682439804,1.0,0.9792585968971252,0.9758604764938354,0.0659468761418101
873,0.058947328478097916,1.0,0.977493405342102,0.9762238264083862,0.07861608310428285
874,0.05868103355169296,1.0,0.9819064736366272,0.9778850674629211,0.12292927499157033
875,0.06306406110525131,1.0,0.9827890396118164,0.9787675738334656,0.08594989919993348
876,0.06000659614801407,1.0,0.9841129779815674,0.9805326461791992,0.08341092805322049
877,0.0574716180562973,1.0,0.9823477864265442,0.9781965613365173,0.0825078207735967
878,0.0515342578291893,1.0,0.9761694669723511,0.9735243916511536,0.05721393280959914
879,0.05724000558257103,1.0,0.9721977114677429,0.9710325598716736,0.06660294349067197
880,0.06349203735589981,1.0,0.9766107797622681,0.9748740792274475,0.10080469140535353
881,0.058170098811388016,1.0,0.977934718132019,0.9769506454467773,0.06819141637979148
882,0.06327998638153076,1.0,0.9796999096870422,0.9801173210144043,0.12814933642200652
883,0.06582476943731308,1.0,0.978376030921936,0.9764314889907837,0.0885436202151984
884,0.063420370221138,1.0,0.9713150858879089,0.9704095721244812,0.17298098346117752
885,0.06308852136135101,1.0,0.9739629626274109,0.971343994140625,0.18867343486669966
886,0.06608613580465317,1.0,0.9739629626274109,0.970669150352478,0.14553647410463774
887,0.0653761550784111,1.0,0.9819064736366272,0.9746664762496948,0.14451944488469343
888,0.06558075547218323,1.0,0.9796999096870422,0.9749259948730469,0.12386717923636612
889,0.058465082198381424,1.0,0.977493405342102,0.9720188975334167,0.08483081959987644
890,0.06637746840715408,1.0,0.9766107797622681,0.975081741809845,0.1645830845649753
891,0.061788491904735565,1.0,0.9823477864265442,0.9775216579437256,0.09446365136261992
892,0.05713508650660515,1.0,0.9792585968971252,0.9764314889907837,0.087933484445596
893,0.06042208522558212,1.0,0.978376030921936,0.9740434885025024,0.10447268441188398
894,0.06407178193330765,1.0,0.9770520925521851,0.974406898021698,0.15432576453296337
895,0.062204547226428986,1.0,0.9757281541824341,0.9783003330230713,0.1360721234087778
896,0.06565076112747192,1.0,0.977493405342102,0.9785599112510681,0.11579576335681027
897,0.061151470988988876,1.0,0.9770520925521851,0.9772620797157288,0.1234538535270292
898,0.06830014288425446,1.0,0.9739629626274109,0.9733686447143555,0.1655847829088816
899,0.08055106550455093,1.0,0.9730803370475769,0.9753413200378418,0.19823128290836536
900,0.055063191801309586,1.0,0.9770520925521851,0.9770025610923767,0.07584629297248872
901,0.06590133905410767,1.0,0.9796999096870422,0.9779888987541199,0.12715296234163412
902,0.06313911825418472,1.0,0.978376030921936,0.9749259948730469,0.11364729143866764
903,0.07394397258758545,1.0,0.978376030921936,0.9751855731010437,0.13931594477535872
904,0.06331056356430054,1.0,0.978376030921936,0.9729533195495605,0.10946711117546642
905,0.06906357407569885,1.0,0.9744042158126831,0.9723303914070129,0.1610620282223311
906,0.06641632318496704,0.999117374420166,0.9766107797622681,0.9734724760055542,0.25552115968895833
907,0.07269390672445297,1.0,0.978376030921936,0.975081741809845,0.1852254226452993
908,0.07111214101314545,1.0,0.977493405342102,0.9746145606040955,0.1672546228353073
909,0.08111777156591415,0.9867607951164246,0.9633715748786926,0.9650625586509705,0.2755511787260006
910,0.10035619139671326,0.9585171937942505,0.9368932247161865,0.9356797933578491,0.5804145831561347
911,0.32295602560043335,0.9443954229354858,0.9196822643280029,0.9201058745384216,0.5849823848282514
912,0.3916681408882141,0.8755516409873962,0.8340688347816467,0.830659806728363,1.1145446891884796
913,0.692995011806488,0.8190644383430481,0.7647837400436401,0.7670664191246033,0.8518384904010275
914,0.8563017845153809,0.8225948810577393,0.7965578436851501,0.8002907037734985,0.9293277227403809
915,0.7379456162452698,0.8843777775764465,0.8534862995147705,0.8498157262802124,0.555400090806759
916,0.619147002696991,0.8826125264167786,0.8631950616836548,0.8597829937934875,0.5575047186861469
917,0.5561442375183105,0.8834951519966125,0.8609885573387146,0.8590043187141418,0.42575482128685804
918,0.5183312296867371,0.9055604934692383,0.8781994581222534,0.8779525756835938,0.3594439511003211
919,0.4604826867580414,0.9435127973556519,0.9165931344032288,0.9172506928443909,0.36590409338143975
920,0.37899771332740784,0.9567520022392273,0.9227713942527771,0.9274256229400635,0.29430298316206843
921,0.3361266255378723,0.9708737730979919,0.9373345375061035,0.9377562999725342,0.23938957255048257
922,0.30893754959106445,0.9805825352668762,0.949691116809845,0.9474121332168579,0.23984046793126867
923,0.2845042645931244,0.9849956035614014,0.9580759406089783,0.9572237133979797,0.26341574417762204
924,0.2538880407810211,0.9841129779815674,0.9602824449539185,0.9573794007301331,0.1887434391924905
925,0.2242303490638733,0.9858782291412354,0.9602824449539185,0.9584177136421204,0.13966704708094815
926,0.22137713432312012,0.9858782291412354,0.9624889492988586,0.9619477987289429,0.16011742776979562
927,0.20158204436302185,0.9849956035614014,0.9624889492988586,0.961532473564148,0.14723899768408416
928,0.18721820414066315,0.9858782291412354,0.9638128876686096,0.9614286422729492,0.13903882651931637
929,0.1697404682636261,0.9858782291412354,0.9664607048034668,0.9619477987289429,0.13032115591980453
930,0.15961489081382751,0.9858782291412354,0.9638128876686096,0.9636608958244324,0.11555835295820466
931,0.16561837494373322,0.9858782291412354,0.9611650705337524,0.961532473564148,0.1755641167815466
932,0.15898078680038452,0.9858782291412354,0.9589585065841675,0.9600788950920105,0.13222204459984482
933,0.1440693736076355,0.9876434206962585,0.9624889492988586,0.9645953178405762,0.15494667319212538
934,0.13613922894001007,0.9938217401504517,0.9664607048034668,0.9668275713920593,0.16828258662995932
935,0.12825830280780792,0.9867607951164246,0.9629302620887756,0.9625188112258911,0.10634841098224382
936,0.12350096553564072,0.9929391145706177,0.9682259559631348,0.965425968170166,0.11334028955463375
937,0.10734013468027115,0.9973521828651428,0.9726390242576599,0.9703057408332825,0.0805305342395845
938,0.10843819379806519,0.9973521828651428,0.9744042158126831,0.9723303914070129,0.10429554999233137
939,0.11211138963699341,0.9964695572853088,0.9752868413925171,0.9718112349510193,0.09231294151077482
940,0.10235358774662018,0.9973521828651428,0.9766107797622681,0.9732128977775574,0.06631041708610015
941,0.09735813736915588,0.9982348084449768,0.978376030921936,0.9769506454467773,0.07613905127249564
942,0.09997069090604782,0.9973521828651428,0.9788172841072083,0.9788714051246643,0.06801825015442385
943,0.09293641895055771,0.9973521828651428,0.977934718132019,0.9766910672187805,0.08133322132173396
944,0.08095119148492813,0.9911738634109497,0.9744042158126831,0.9720188975334167,0.07271959793778117
945,0.08930179476737976,0.9982348084449768,0.9801412224769592,0.9778331518173218,0.08321869338203798
946,0.08502263575792313,1.0,0.9827890396118164,0.9804807305335999,0.10123820771843041
947,0.08633779734373093,0.999117374420166,0.9810238480567932,0.9776254892349243,0.11208423179674193
948,0.07255983352661133,0.9911738634109497,0.9730803370475769,0.9709287285804749,0.0429247948307318
949,0.08242982625961304,0.9982348084449768,0.9788172841072083,0.9761719107627869,0.09559288795100221
950,0.07408779859542847,1.0,0.9819064736366272,0.9803768992424011,0.06555100117878176
951,0.07942207902669907,0.999117374420166,0.9832303524017334,0.9808440804481506,0.09402468134079128
952,0.07138596475124359,0.9982348084449768,0.978376030921936,0.9760680794715881,0.08514079526549066
953,0.06757226586341858,0.9982348084449768,0.9801412224769592,0.9761719107627869,0.05855781381701927
954,0.06911281496286392,1.0,0.9832303524017334,0.9808440804481506,0.0820874050083122
955,0.07189571112394333,0.999117374420166,0.9823477864265442,0.9787675738334656,0.09486376922836451
956,0.07281637191772461,1.0,0.9823477864265442,0.9795462489128113,0.07148334449279606
957,0.06672430038452148,1.0,0.9819064736366272,0.9798577427864075,0.06531850447492969
958,0.06801199167966843,0.999117374420166,0.9810238480567932,0.9801173210144043,0.05093182348878699
959,0.06447278708219528,1.0,0.9819064736366272,0.9826610684394836,0.058902249047924654
960,0.06338904052972794,1.0,0.9841129779815674,0.9836474061012268,0.053001190099729686
961,0.0652235597372055,1.0,0.9827890396118164,0.9825572371482849,0.08833476026947741
962,0.06028395891189575,0.999117374420166,0.9801412224769592,0.9794424772262573,0.04446598323047866
963,0.07004357874393463,1.0,0.9819064736366272,0.9826091527938843,0.07647069722351825
964,0.06404143571853638,1.0,0.9832303524017334,0.9818823337554932,0.05760968344006424
965,0.07454989105463028,1.0,0.9814651608467102,0.9795462489128113,0.06870862992393455
966,0.06416990607976913,1.0,0.9810238480567932,0.9795462489128113,0.0666734411643835
967,0.061632297933101654,1.0,0.9810238480567932,0.98089599609375,0.0563851156751054
968,0.06191311404109001,1.0,0.9819064736366272,0.9824534058570862,0.08455401182384892
969,0.05900673568248749,1.0,0.9810238480567932,0.9814151525497437,0.03831902713108884
970,0.06527534127235413,1.0,0.9814651608467102,0.9809479117393494,0.09940726695107174
971,0.05936017259955406,0.999117374420166,0.9801412224769592,0.9791309833526611,0.043522631272364935
972,0.0655120462179184,1.0,0.9805825352668762,0.9813632369041443,0.09991008208068496
973,0.06234089285135269,1.0,0.9841129779815674,0.9838031530380249,0.05633718893071074
974,0.06421197205781937,1.0,0.9836716651916504,0.9829206466674805,0.08303802992953396
975,0.0518539696931839,1.0,0.9819064736366272,0.9815189838409424,0.04107583267957134
976,0.05441456660628319,1.0,0.9810238480567932,0.97965008020401,0.0592898444306546
977,0.06071245297789574,1.0,0.9849956035614014,0.9817785620689392,0.06648074649281413
978,0.05862778425216675,1.0,0.9827890396118164,0.98214191198349,0.06903644703520208
979,0.05913927033543587,1.0,0.9819064736366272,0.9795462489128113,0.07038555850034303
980,0.06067802757024765,1.0,0.9810238480567932,0.9791828989982605,0.07344665076996518
981,0.05572909489274025,1.0,0.9810238480567932,0.9803768992424011,0.05761705149517429
982,0.05821812525391579,1.0,0.9788172841072083,0.9802730679512024,0.05455525397913657
983,0.06259291619062424,1.0,0.9810238480567932,0.9808440804481506,0.09478483362805923
984,0.05917452648282051,1.0,0.9819064736366272,0.9820380806922913,0.057785412708078264
985,0.05691061168909073,1.0,0.9805825352668762,0.9828168153762817,0.055491863051974996
986,0.06295791268348694,1.0,0.9796999096870422,0.9819342494010925,0.10175705615672193
987,0.05893798917531967,1.0,0.9792585968971252,0.9797539114952087,0.052156929924843526
988,0.05633211135864258,1.0,0.9792585968971252,0.9795981645584106,0.09441584640657948
989,0.05574333295226097,1.0,0.9792585968971252,0.9779888987541199,0.04857390046527797
990,0.054568368941545486,1.0,0.9805825352668762,0.9786118268966675,0.066490740275744
991,0.0562242716550827,1.0,0.9814651608467102,0.9782484769821167,0.10906785636382615
992,0.055858008563518524,1.0,0.9792585968971252,0.97840416431427,0.062295009537216575
993,0.0603344589471817,1.0,0.978376030921936,0.9759643077850342,0.07336165631124188
994,0.059784743934869766,1.0,0.9744042158126831,0.9723303914070129,0.08637137569763502
995,0.05448918789625168,1.0,0.9766107797622681,0.9730052351951599,0.07523939058102413
996,0.05855278670787811,1.0,0.977493405342102,0.9765353202819824,0.07533857111884411
997,0.056504346430301666,1.0,0.9801412224769592,0.9793386459350586,0.06775749580868218
998,0.052111756056547165,1.0,0.977493405342102,0.9772101640701294,0.07523306714239124
999,0.05748823657631874,1.0,0.9748455286026001,0.9745107293128967,0.13764673381381962
1000,0.05574817582964897,1.0,0.9713150858879089,0.9701499938964844,0.07797111096761743
1001,0.06826957315206528,1.0,0.9788172841072083,0.9790271520614624,0.1696554817729601
1002,0.056179773062467575,1.0,0.978376030921936,0.9750298261642456,0.1395244374933385
1003,0.07597184926271439,1.0,0.9801412224769592,0.9769506454467773,0.18731492616928277
1004,0.05673864111304283,1.0,0.9717563986778259,0.969423234462738,0.10191091862058417
1005,0.0653865784406662,1.0,0.9717563986778259,0.9678139090538025,0.1538169598030806
1006,0.06042373925447464,1.0,0.9757281541824341,0.9732128977775574,0.10237432601788213
1007,0.06215842068195343,0.999117374420166,0.9788172841072083,0.9778331518173218,0.13585430435585433
1008,0.06724468618631363,0.9982348084449768,0.9730803370475769,0.9709806442260742,0.17173631948026766
1009,0.06875232607126236,1.0,0.9735216498374939,0.9706172347068787,0.1792418297056008
1010,0.059831127524375916,1.0,0.9602824449539185,0.960286557674408,0.09130276238880283
1011,0.06953652203083038,0.9947043061256409,0.9563106894493103,0.9585734009742737,0.2590476283815997
1012,0.09804446250200272,0.9426301717758179,0.9086496233940125,0.9089446067810059,0.5487030977587464
1013,0.33958742022514343,0.9691085815429688,0.9430714845657349,0.941338300704956,0.5652946957928022
1014,0.20488141477108002,0.9691085815429688,0.9351279735565186,0.9331360459327698,0.361754559415756
1015,0.19284620881080627,0.9638128876686096,0.9236540198326111,0.919898271560669,0.3956894015273318
1016,0.24569165706634521,0.947925865650177,0.9232127070426941,0.920728862285614,0.6950625031050074
1017,0.22967395186424255,0.9549867510795593,0.9112974405288696,0.9093599319458008,0.5231131227004971
1018,0.34742316603660583,0.9037952423095703,0.8702559471130371,0.8688158392906189,0.9203158797036547
1019,0.4867289066314697,0.8623124361038208,0.8177404999732971,0.8224575519561768,1.124025500409176
1020,0.733644425868988,0.8499558568000793,0.8221535682678223,0.8150858879089355,1.9696965740135803
1021,0.7791926264762878,0.7793468832969666,0.7277140617370605,0.7347245812416077,1.198322034855352
1022,0.8975663185119629,0.895851731300354,0.8508384823799133,0.8474277257919312,1.3399400000505481
1023,0.6242783665657043,0.9329214692115784,0.9060017466545105,0.9039609432220459,0.5490593581126422
1024,0.4861692190170288,0.9452780485153198,0.9139452576637268,0.9154856204986572,0.41531326814731423
1025,0.4190806448459625,0.947043240070343,0.917917013168335,0.9148107767105103,0.4371253195615701
1026,0.43329057097435,0.9673433303833008,0.9311562180519104,0.927217960357666,0.4181031755724095
1027,0.3651154339313507,0.9805825352668762,0.9373345375061035,0.9402481317520142,0.28692972107714243
1028,0.3219422399997711,0.9699912071228027,0.9443954229354858,0.942584216594696,0.2143535273133854
1029,0.3300464153289795,0.9682259559631348,0.947043240070343,0.9453875422477722,0.24354656339481967
1030,0.27313902974128723,0.9691085815429688,0.949691116809845,0.9476717114448547,0.18365374249789818
1031,0.2519914507865906,0.9699912071228027,0.948367178440094,0.9451798796653748,0.17080013019155477
1032,0.2518428564071655,0.9708737730979919,0.94748455286026,0.9447126388549805,0.1865778291060486
1033,0.22444400191307068,0.9726390242576599,0.949691116809845,0.946321964263916,0.15776953481540726
1034,0.23382465541362762,0.9744042158126831,0.9585171937942505,0.953382134437561,0.1495786565535791
1035,0.19177433848381042,0.9814651608467102,0.9669020175933838,0.9599750638008118,0.10858555781515195
1036,0.19517111778259277,0.9841129779815674,0.9677846431732178,0.9629860520362854,0.1038424146586807
1037,0.1709599792957306,0.9841129779815674,0.9655781388282776,0.9627264738082886,0.10251436560533607
1038,0.17557287216186523,0.9726390242576599,0.9607237577438354,0.9561854004859924,0.10636572435307448
1039,0.16214613616466522,0.9717563986778259,0.9607237577438354,0.9564449787139893,0.10026803011300868
1040,0.1553119570016861,0.9744042158126831,0.9607237577438354,0.9581062197685242,0.09794052932068091
1041,0.14974795281887054,0.9796999096870422,0.9629302620887756,0.9627264738082886,0.11426241167631201
1042,0.13539621233940125,0.9876434206962585,0.9726390242576599,0.9689041376113892,0.08385845727993392
1043,0.14502033591270447,0.9885260462760925,0.9730803370475769,0.9720708131790161,0.09342357950256663
1044,0.131148561835289,0.9911738634109497,0.9761694669723511,0.9718631505966187,0.06600074383437302
1045,0.12499500066041946,0.9876434206962585,0.9717563986778259,0.9697866439819336,0.06617820221153617
1046,0.11632850766181946,0.9894086718559265,0.9691085815429688,0.9688522219657898,0.07808112970015929
1047,0.11745523661375046,0.9920564889907837,0.9721977114677429,0.9701499938964844,0.08230582616658508
1048,0.11755886673927307,0.9973521828651428,0.9757281541824341,0.9726418256759644,0.057048445837301655
1049,0.10060916095972061,0.9982348084449768,0.9801412224769592,0.9767948985099792,0.06663436430058264
1050,0.10840258747339249,0.9964695572853088,0.9796999096870422,0.97715824842453,0.06820756287208363
1051,0.09378084540367126,0.9964695572853088,0.9792585968971252,0.9758085608482361,0.05768735563540915
1052,0.09893973916769028,0.9973521828651428,0.977493405342102,0.9744588136672974,0.05847544517368325
1053,0.0975842997431755,0.9938217401504517,0.9757281541824341,0.9729533195495605,0.10379067234133733
1054,0.08627160638570786,0.9982348084449768,0.977934718132019,0.9743549823760986,0.04828483303426779
1055,0.08421758562326431,0.999117374420166,0.9805825352668762,0.977729320526123,0.05171558942543834
1056,0.08277256041765213,1.0,0.9827890396118164,0.9793386459350586,0.05458655237879142
1057,0.09114895015954971,1.0,0.9827890396118164,0.9799615740776062,0.08446987950648221
1058,0.08227559179067612,0.999117374420166,0.9823477864265442,0.9791828989982605,0.10548349187507282
1059,0.087094746530056,0.9955869317054749,0.9766107797622681,0.973160982131958,0.06635592482978594
1060,0.08550874143838882,0.9902912974357605,0.9748455286026001,0.971084475517273,0.067989148014073
1061,0.08250094950199127,0.9982348084449768,0.9814651608467102,0.9747703075408936,0.07352341770600561
1062,0.07925714552402496,1.0,0.9849956035614014,0.9799615740776062,0.07789012269850967
1063,0.0804053395986557,1.0,0.9845542907714844,0.9805326461791992,0.056258574387853304
1064,0.0731000229716301,1.0,0.9845542907714844,0.9801692366600037,0.06119970849185911
1065,0.08196146041154861,1.0,0.9841129779815674,0.9789233207702637,0.07412751825643313
1066,0.07714494317770004,0.9982348084449768,0.9814651608467102,0.9767948985099792,0.05986172072925589
1067,0.07808372378349304,0.999117374420166,0.9814651608467102,0.9775216579437256,0.07684395951364487
1068,0.07402325421571732,0.999117374420166,0.9819064736366272,0.9781965613365173,0.056295642871624675
1069,0.07244101166725159,1.0,0.9832303524017334,0.9787156581878662,0.054367723034071266
1070,0.07498900592327118,1.0,0.9841129779815674,0.9806883335113525,0.1049527976233684
1071,0.07147357612848282,1.0,0.9849956035614014,0.9797019958496094,0.06279466339934847
1072,0.06504372507333755,0.999117374420166,0.9836716651916504,0.9785079956054688,0.043654351424453036
1073,0.0725008025765419,0.999117374420166,0.9849956035614014,0.9784560799598694,0.05763040542902805
1074,0.07353939116001129,0.999117374420166,0.9845542907714844,0.9799615740776062,0.06048265388857418
1075,0.06982924789190292,1.0,0.9858782291412354,0.9814151525497437,0.054086335635719324
1076,0.06661517173051834,1.0,0.9872021079063416,0.9824014902114868,0.05451478277103223
1077,0.06328723579645157,1.0,0.9858782291412354,0.9829725027084351,0.04626250537284683
1078,0.06189752742648125,1.0,0.9867607951164246,0.9830244183540344,0.049198614658689126
1079,0.06736219674348831,1.0,0.9858782291412354,0.9829725027084351,0.059074915085950634
1080,0.064762182533741,1.0,0.9854369163513184,0.9831801652908325,0.05189125835650117
1081,0.060230009257793427,1.0,0.9854369163513184,0.9824534058570862,0.055535689850496436
1082,0.06604259461164474,1.0,0.9863195419311523,0.982712984085083,0.05628892075193193
1083,0.06740362197160721,1.0,0.9863195419311523,0.9834397435188293,0.06136306251392816
1084,0.06626900285482407,1.0,0.9863195419311523,0.9823495745658875,0.06739698464593151
1085,0.06778015196323395,0.999117374420166,0.9845542907714844,0.9805845618247986,0.059536507685380394
1086,0.07188059389591217,1.0,0.9849956035614014,0.9803249835968018,0.10799762874284033
1087,0.06353025883436203,1.0,0.9880847334861755,0.9830244183540344,0.06544960292909038
1088,0.05766056478023529,1.0,0.9876434206962585,0.9832839965820312,0.055627219325859525
1089,0.05917515978217125,1.0,0.9880847334861755,0.9828687310218811,0.06023439448935385
1090,0.06734412163496017,1.0,0.9863195419311523,0.9815189838409424,0.06630569595563328
1091,0.06432653218507767,1.0,0.9858782291412354,0.9813632369041443,0.0598061187962713
1092,0.06638561189174652,1.0,0.9867607951164246,0.9835954904556274,0.10128253205834795
1093,0.06018694117665291,1.0,0.9885260462760925,0.9844779968261719,0.05036151950914743
1094,0.05463182553648949,1.0,0.9889673590660095,0.9843222498893738,0.04741447593953621
1095,0.05913412570953369,1.0,0.9898499846458435,0.984218418598175,0.0702852150130795
1096,0.0651690885424614,1.0,0.9880847334861755,0.9832839965820312,0.0705491359186096
1097,0.06314975768327713,1.0,0.9880847334861755,0.9830763339996338,0.07975325937348321
1098,0.05790296941995621,1.0,0.9885260462760925,0.9830763339996338,0.05451757806161571
1099,0.05877507105469704,1.0,0.9889673590660095,0.98214191198349,0.10817048080592032
1100,0.061291053891181946,1.0,0.9880847334861755,0.9831801652908325,0.07505445552999056
1101,0.053335096687078476,1.0,0.9889673590660095,0.9840627312660217,0.049619432075197166
1102,0.055784132331609726,1.0,0.9876434206962585,0.9838550686836243,0.057709791548608114
1103,0.05901180952787399,1.0,0.9880847334861755,0.9842703342437744,0.10931737473535692
1104,0.056878261268138885,1.0,0.9880847334861755,0.9838031530380249,0.04714348900813744
1105,0.0623069703578949,1.0,0.9872021079063416,0.9838550686836243,0.08404260703551727
1106,0.05840997025370598,1.0,0.9876434206962585,0.9819861650466919,0.0743083966096891
1107,0.0612509623169899,1.0,0.9858782291412354,0.9818823337554932,0.12271186352713438
1108,0.06531743705272675,1.0,0.9841129779815674,0.9822976589202881,0.10056015066471603
1109,0.0656893327832222,1.0,0.9841129779815674,0.9812594056129456,0.13931723658712752
1110,0.06559991091489792,1.0,0.9849956035614014,0.9815708994865417,0.10486195153230257
1111,0.05984637141227722,1.0,0.9805825352668762,0.9815189838409424,0.0673593137795308
1112,0.06043122708797455,1.0,0.9832303524017334,0.9844779968261719,0.09206976780607273
1113,0.058823492377996445,1.0,0.9849956035614014,0.9847375750541687,0.10319861467426154
1114,0.06887254863977432,1.0,0.9854369163513184,0.98338782787323,0.11472718882528643
1115,0.05702563747763634,1.0,0.9832303524017334,0.9787156581878662,0.11000038917999388
1116,0.0647905170917511,1.0,0.9827890396118164,0.9792867302894592,0.16693542636703657
1117,0.06038055568933487,1.0,0.9814651608467102,0.9794943332672119,0.07321419155990777
1118,0.07211126387119293,1.0,0.9814651608467102,0.9799615740776062,0.15780113940776724
1119,0.06273289769887924,0.999117374420166,0.9823477864265442,0.9776774048805237,0.10335953826454967
1120,0.06982523202896118,1.0,0.9863195419311523,0.9812594056129456,0.13090263157203888
1121,0.05894209071993828,1.0,0.9849956035614014,0.9813113212585449,0.11334073962969628
1122,0.06221402809023857,1.0,0.9858782291412354,0.9831282496452332,0.11912685718045697
1123,0.05607081949710846,1.0,0.9836716651916504,0.9813113212585449,0.08802195142297879
1124,0.06109277904033661,1.0,0.9836716651916504,0.9826610684394836,0.10915000718744076
1125,0.060576148331165314,1.0,0.9872021079063416,0.9845818281173706,0.10554549641227846
1126,0.0586351677775383,1.0,0.9876434206962585,0.9838031530380249,0.08768397232826475
1127,0.05797905474901199,1.0,0.9849956035614014,0.9824014902114868,0.08713041948866104
1128,0.05855267494916916,1.0,0.9819064736366272,0.9824014902114868,0.07450265950997836
1129,0.05913936346769333,1.0,0.9841129779815674,0.9817266464233398,0.10119370983455636
1130,0.0633588507771492,1.0,0.9841129779815674,0.9814151525497437,0.13483563540230778
1131,0.06416165828704834,1.0,0.9841129779815674,0.9802730679512024,0.11602499183986943
1132,0.057127464562654495,1.0,0.978376030921936,0.978144645690918,0.14557522432638062
1133,0.055392950773239136,1.0,0.9770520925521851,0.9754451513290405,0.11127418118092927
1134,0.06398250162601471,1.0,0.9814651608467102,0.9804807305335999,0.16487013195551983
1135,0.055820804089307785,1.0,0.9836716651916504,0.9803768992424011,0.08497306150213778
1136,0.060059577226638794,1.0,0.9823477864265442,0.9815189838409424,0.10975986341822025
1137,0.05910195782780647,1.0,0.9827890396118164,0.9819342494010925,0.09270500429402719
1138,0.05904591828584671,1.0,0.9788172841072083,0.9785079956054688,0.08858173132313064
1139,0.057665131986141205,1.0,0.977493405342102,0.9777812361717224,0.1102396401289856
1140,0.054573800414800644,1.0,0.9854369163513184,0.9832839965820312,0.10537720324248948
1141,0.0561596155166626,1.0,0.9849956035614014,0.9831282496452332,0.06363657686749874
1142,0.06362321972846985,1.0,0.9836716651916504,0.9821938276290894,0.11778506789613506
1143,0.05526378005743027,1.0,0.978376030921936,0.9774178266525269,0.09541566222347451
1144,0.06173158437013626,1.0,0.9792585968971252,0.975652813911438,0.16621719615703676
1145,0.06334149092435837,1.0,0.9801412224769592,0.9791828989982605,0.127757741741072
1146,0.05703537538647652,1.0,0.9810238480567932,0.9799096584320068,0.16808148890198363
1147,0.0545528307557106,1.0,0.9819064736366272,0.9791309833526611,0.10268337319488346
1148,0.05969898775219917,1.0,0.9819064736366272,0.9795981645584106,0.13839096645485505
1149,0.0526590459048748,1.0,0.9836716651916504,0.9807921648025513,0.07776587698440378
1150,0.0613701231777668,1.0,0.9819064736366272,0.97715824842453,0.15499604488180632
1151,0.059388864785432816,1.0,0.9805825352668762,0.9763795733451843,0.13266063564499236
1152,0.05726514384150505,1.0,0.9823477864265442,0.9768468141555786,0.07733087625358379
1153,0.06126287207007408,1.0,0.9845542907714844,0.9818304181098938,0.10494730688656391
1154,0.06046070158481598,1.0,0.9849956035614014,0.98214191198349,0.10428037575050873
1155,0.053289659321308136,1.0,0.9836716651916504,0.9804807305335999,0.08709769271359839
1156,0.060018979012966156,1.0,0.978376030921936,0.9767948985099792,0.2012686097921865
1157,0.058892421424388885,1.0,0.9713150858879089,0.971343994140625,0.14482132120680163
1158,0.0685492530465126,1.0,0.9748455286026001,0.9732128977775574,0.20749064066891426
1159,0.06269807368516922,1.0,0.9827890396118164,0.9810517430305481,0.13740968134919607
1160,0.07151376456022263,1.0,0.9823477864265442,0.9830763339996338,0.18450738735616087
1161,0.06226588785648346,0.999117374420166,0.9770520925521851,0.9751336574554443,0.14944634644409366
1162,0.07572231441736221,0.999117374420166,0.9819064736366272,0.9804288148880005,0.3046833901412846
1163,0.06351270526647568,1.0,0.9823477864265442,0.977573573589325,0.2872462390044833
1164,0.07089341431856155,1.0,0.9788172841072083,0.9745626449584961,0.2460679589959827
1165,0.07281597703695297,1.0,0.9814651608467102,0.976898729801178,0.2132767720599006
1166,0.08088628947734833,1.0,0.9810238480567932,0.976327657699585,0.3076020759203938
1167,0.0830170214176178,1.0,0.9788172841072083,0.9765872359275818,0.22985405192631625
1168,0.07003280520439148,1.0,0.9788172841072083,0.9757047295570374,0.20561268526840645
1169,0.08433045446872711,1.0,0.970432460308075,0.969838559627533,0.26625313477000384
1170,0.09072023630142212,1.0,0.9757281541824341,0.9749259948730469,0.34123467231877513
1171,0.09953583031892776,0.9841129779815674,0.9571933150291443,0.9566526412963867,0.3055174197263563
1172,0.14909210801124573,0.9514563083648682,0.9236540198326111,0.9217151999473572,0.594760186399003
1173,0.2844763398170471,0.9558693766593933,0.9157105088233948,0.9228053689002991,0.803342225934998
1174,0.2627928853034973,0.9108561277389526,0.8473080396652222,0.8425998091697693,0.9937138218864425
1175,0.5895711779594421,0.9311562180519104,0.8684907555580139,0.8681929111480713,1.3367044255406413
1176,0.5043219923973083,0.918799638748169,0.8918799757957458,0.8897367715835571,1.0509927617190988
1177,0.41789281368255615,0.8499558568000793,0.8181818127632141,0.8206406235694885,0.8539209836093871
1178,1.0843477249145508,0.8587819933891296,0.842012345790863,0.8417173027992249,1.5003286025976568
1179,0.5812094211578369,0.9126213788986206,0.8874669075012207,0.88490891456604,0.5962983332519979
1180,0.4677588939666748,0.9099735021591187,0.8795233964920044,0.8794580101966858,0.4272535260780242
1181,0.4446902573108673,0.9046778678894043,0.8790820837020874,0.8768623471260071,0.5024759995022735
1182,0.45104461908340454,0.9090909361839294,0.8826125264167786,0.8833515048027039,0.3616271719433364
1183,0.42655888199806213,0.9523389339447021,0.9285084009170532,0.9295021295547485,0.3219633265000662
1184,0.35634687542915344,0.9585171937942505,0.9399823546409607,0.9400923848152161,0.26168256080643043
1185,0.3016873896121979,0.9532215595245361,0.9368932247161865,0.9363027215003967,0.25032262222743457
1186,0.3036387264728546,0.9541041851043701,0.9413062930107117,0.9383273720741272,0.27637976905909173
1187,0.2715635597705841,0.9629302620887756,0.9408649802207947,0.9379639625549316,0.18779963767843907
1188,0.25725802779197693,0.9611650705337524,0.9408649802207947,0.9370295405387878,0.19796585811781905
1189,0.23426413536071777,0.9567520022392273,0.9395410418510437,0.9369776248931885,0.16190354555877903
1190,0.2034328281879425,0.9567520022392273,0.9382171034812927,0.9351606369018555,0.11454684657463983
1191,0.20076213777065277,0.9655781388282776,0.9452780485153198,0.9426880478858948,0.13080258402611836
1192,0.19686295092105865,0.9858782291412354,0.9642542004585266,0.9621554017066956,0.12963612232018215
1193,0.18651804327964783,0.9955869317054749,0.9721977114677429,0.9704095721244812,0.14945947054106518
1194,0.16485872864723206,0.9929391145706177,0.9739629626274109,0.9703057408332825,0.1333512282914936
1195,0.17000341415405273,0.9964695572853088,0.9744042158126831,0.9710325598716736,0.14259708730379608
1196,0.14678506553173065,0.9867607951164246,0.9651368260383606,0.9632455706596375,0.09870618523087489
1197,0.1408657729625702,0.9823477864265442,0.9646955132484436,0.9596635699272156,0.1238400073632385
1198,0.13254106044769287,0.9858782291412354,0.9655781388282776,0.961532473564148,0.09931073192205864
1199,0.14664237201213837,0.9964695572853088,0.9757281541824341,0.9705134034156799,0.13287241380662698
1200,0.11431664228439331,0.9964695572853088,0.978376030921936,0.9716554880142212,0.08460766840291621
1201,0.12445423752069473,0.9982348084449768,0.9766107797622681,0.9725379943847656,0.1151073833750566
1202,0.10698027908802032,0.9982348084449768,0.9717563986778259,0.9684888124465942,0.08711193659723633
1203,0.11870715767145157,0.9894086718559265,0.9669020175933838,0.9639723896980286,0.08423868287268578
1204,0.11490616947412491,0.9876434206962585,0.9682259559631348,0.9644395709037781,0.10679120551731942
1205,0.10474599897861481,0.9929391145706177,0.9735216498374939,0.9687483906745911,0.07997599232136586
1206,0.09809514880180359,0.9982348084449768,0.9810238480567932,0.9771063923835754,0.08302414317982541
1207,0.0915570855140686,0.9964695572853088,0.9836716651916504,0.9772620797157288,0.05616408797343815
1208,0.10232684761285782,0.999117374420166,0.9836716651916504,0.9804288148880005,0.13598850592430967
1209,0.09285978227853775,0.9911738634109497,0.9730803370475769,0.9702538251876831,0.08959864871188394
1210,0.09430349618196487,0.9876434206962585,0.970432460308075,0.9671390652656555,0.09631174442386103
1211,0.09670142084360123,0.9920564889907837,0.9770520925521851,0.9711363911628723,0.10734782470766084
1212,0.08370009809732437,0.999117374420166,0.9819064736366272,0.9794424772262573,0.07051814263989205
1213,0.08055491745471954,1.0,0.9832303524017334,0.97965008020401,0.07324425848377508
1214,0.08193313330411911,1.0,0.9814651608467102,0.9790271520614624,0.09572709146720741
1215,0.08258625119924545,0.999117374420166,0.977493405342102,0.9757566452026367,0.08994996464590496
1216,0.07667895406484604,0.9920564889907837,0.9726390242576599,0.9709287285804749,0.05701642292775905
1217,0.0804697796702385,0.9982348084449768,0.977934718132019,0.9734724760055542,0.08887153135865106
1218,0.07886979728937149,0.999117374420166,0.9819064736366272,0.9794943332672119,0.08505801487299038
1219,0.07656953483819962,1.0,0.9832303524017334,0.9801173210144043,0.09172764015052345
1220,0.07848389446735382,1.0,0.9845542907714844,0.9801173210144043,0.11941447083764589
1221,0.07377354055643082,0.999117374420166,0.9823477864265442,0.9787675738334656,0.050520033538700625
1222,0.06955453753471375,0.9982348084449768,0.9792585968971252,0.9749779105186462,0.048442822177066275
1223,0.07396351546049118,0.999117374420166,0.9801412224769592,0.9786118268966675,0.08518501288591943
1224,0.07133053243160248,1.0,0.9810238480567932,0.9805845618247986,0.06474436623286525
1225,0.07073415815830231,1.0,0.9810238480567932,0.9794424772262573,0.14458297065552894
1226,0.06984464824199677,0.999117374420166,0.9801412224769592,0.9779369831085205,0.08686741713399691
1227,0.0665760189294815,0.999117374420166,0.977934718132019,0.9733686447143555,0.036999865831770964
1228,0.06698468327522278,0.999117374420166,0.977493405342102,0.9736800789833069,0.10844775231421819
1229,0.07536987215280533,1.0,0.9805825352668762,0.978975236415863,0.08592619509585223
1230,0.06462553888559341,1.0,0.9810238480567932,0.9801692366600037,0.07091582179649737
1231,0.07978065311908722,1.0,0.9827890396118164,0.9805326461791992,0.08101229879284197
1232,0.06820908933877945,1.0,0.9836716651916504,0.9804288148880005,0.09035979738067777
1233,0.06307721138000488,0.999117374420166,0.9814651608467102,0.979390561580658,0.05233702939020126
1234,0.07084798067808151,0.999117374420166,0.9814651608467102,0.9787156581878662,0.06331162303511718
1235,0.06863389164209366,1.0,0.9823477864265442,0.978975236415863,0.05820434592483873
1236,0.06167605146765709,1.0,0.9801412224769592,0.9783522486686707,0.04479464692411603
1237,0.06440046429634094,1.0,0.9810238480567932,0.9779888987541199,0.049940031780263426
1238,0.06619343161582947,1.0,0.9819064736366272,0.9790790677070618,0.04970981391858831
1239,0.05982101708650589,0.999117374420166,0.9819064736366272,0.9779369831085205,0.05100850251525845
1240,0.06061989814043045,0.999117374420166,0.9823477864265442,0.9764314889907837,0.06023150273071789
1241,0.060502417385578156,1.0,0.9841129779815674,0.9787675738334656,0.08849715945011558
1242,0.0662745013833046,1.0,0.9849956035614014,0.9793386459350586,0.05464411405801102
1243,0.06008114665746689,1.0,0.9841129779815674,0.9795981645584106,0.05770664993632946
1244,0.06500697880983353,1.0,0.9832303524017334,0.9798058271408081,0.07846627855165085
1245,0.05687258392572403,0.999117374420166,0.9819064736366272,0.9785599112510681,0.04307650160067813
1246,0.06480469554662704,1.0,0.9841129779815674,0.9802730679512024,0.113913605241828
1247,0.06751450896263123,1.0,0.9849956035614014,0.9815708994865417,0.08955072818064523
1248,0.053883831948041916,1.0,0.9836716651916504,0.9807402491569519,0.050069579904675615
1249,0.06440465152263641,1.0,0.9841129779815674,0.9806364178657532,0.12404657096458603
1250,0.06280390918254852,0.999117374420166,0.9823477864265442,0.977729320526123,0.0720761787262634
1251,0.06629138439893723,1.0,0.9827890396118164,0.9804288148880005,0.12113706362448515
1252,0.06040731072425842,1.0,0.9814651608467102,0.9784560799598694,0.06664648680899314
1253,0.06200113147497177,1.0,0.9819064736366272,0.97965008020401,0.13141947195762582
1254,0.06524144113063812,1.0,0.9805825352668762,0.9791828989982605,0.08106912104156017
1255,0.06266756355762482,0.999117374420166,0.9801412224769592,0.9772620797157288,0.06981831758869929
1256,0.060969576239585876,1.0,0.9858782291412354,0.9826610684394836,0.1222657171687661
1257,0.05705704167485237,1.0,0.9854369163513184,0.9807921648025513,0.04993069739293074
1258,0.059438955038785934,1.0,0.9819064736366272,0.9791309833526611,0.07999333186534081
1259,0.05340449512004852,1.0,0.9845542907714844,0.9797019958496094,0.07467922255276203
1260,0.05317734181880951,1.0,0.9863195419311523,0.980221152305603,0.0667951573238986
1261,0.05300237610936165,1.0,0.9827890396118164,0.9797539114952087,0.04343831965087364
1262,0.05580662190914154,1.0,0.9827890396118164,0.9807402491569519,0.06825153683780164
1263,0.0523371696472168,1.0,0.9827890396118164,0.9808440804481506,0.05693847670097024
1264,0.06347092241048813,1.0,0.9819064736366272,0.9812594056129456,0.1173326003317339
1265,0.052887216210365295,1.0,0.9823477864265442,0.9792867302894592,0.042784898531379664
1266,0.056939747184515,1.0,0.9823477864265442,0.9803249835968018,0.07910157629737188
1267,0.054462023079395294,1.0,0.9841129779815674,0.9810517430305481,0.046906105283222234
1268,0.05826815590262413,1.0,0.9810238480567932,0.9804807305335999,0.0989138158471383
1269,0.05915451422333717,1.0,0.9836716651916504,0.9812074899673462,0.13395917309487815
1270,0.062135275453329086,1.0,0.9823477864265442,0.9802730679512024,0.09012496302238743
1271,0.07029670476913452,1.0,0.9819064736366272,0.9788714051246643,0.18636562909853524
1272,0.0569896325469017,1.0,0.9792585968971252,0.9757566452026367,0.07372327629452666
1273,0.059343479573726654,1.0,0.9757281541824341,0.9748740792274475,0.12964081999569496
1274,0.051499705761671066,1.0,0.9766107797622681,0.9752374887466431,0.05864819697668874
1275,0.06182054057717323,1.0,0.9805825352668762,0.9774178266525269,0.12717648272769042
1276,0.057535890489816666,1.0,0.9796999096870422,0.9794424772262573,0.10258040065880336
1277,0.06504493951797485,1.0,0.9792585968971252,0.9791828989982605,0.11594129893794976
1278,0.061119962483644485,1.0,0.9730803370475769,0.9735763072967529,0.12442194905452666
1279,0.056543778628110886,1.0,0.9638128876686096,0.966100811958313,0.081102578486816
1280,0.061625927686691284,1.0,0.9695498943328857,0.9732648134231567,0.14769740191869457
1281,0.05871811509132385,1.0,0.977934718132019,0.977729320526123,0.09607530610009027
1282,0.060362085700035095,1.0,0.9810238480567932,0.9797019958496094,0.12211642427039855
1283,0.053283922374248505,1.0,0.9805825352668762,0.9776254892349243,0.07784455067831635
1284,0.05745131894946098,1.0,0.9695498943328857,0.9683849811553955,0.08880659356040564
1285,0.06760701537132263,1.0,0.9814651608467102,0.981467068195343,0.2723310378940003
1286,0.05820159986615181,0.9982348084449768,0.977493405342102,0.9786637425422668,0.07271834021084483
1287,0.06779426336288452,1.0,0.9748455286026001,0.9759643077850342,0.2070037335199091
1288,0.05632532760500908,1.0,0.9691085815429688,0.9709287285804749,0.16654158946953443
1289,0.06818725168704987,1.0,0.9752868413925171,0.9732128977775574,0.1535465803452702
1290,0.05675947666168213,1.0,0.9730803370475769,0.9731090664863586,0.10722829562794306
1291,0.077375628054142,1.0,0.9836716651916504,0.9811555743217468,0.19939781051276523
1292,0.06411833316087723,1.0,0.9810238480567932,0.9791828989982605,0.118239417389598
1293,0.06714105606079102,1.0,0.9805825352668762,0.9794424772262573,0.15977058430409133
1294,0.0648491382598877,1.0,0.9792585968971252,0.9767948985099792,0.13274021542914302
1295,0.059697091579437256,1.0,0.977493405342102,0.9732128977775574,0.10802425227799693
1296,0.06848052889108658,1.0,0.9766107797622681,0.9739396572113037,0.2629058348970489
1297,0.06568638980388641,0.9920564889907837,0.9708737730979919,0.968177318572998,0.20283315333805566
1298,0.07133420556783676,1.0,0.978376030921936,0.9757047295570374,0.18712480845274557
1299,0.0659339651465416,1.0,0.977934718132019,0.9753413200378418,0.14326597206740727
1300,0.07085259258747101,1.0,0.9752868413925171,0.9728494882583618,0.22600521778273333
1301,0.06611917167901993,0.999117374420166,0.9770520925521851,0.9738877415657043,0.17311446339540912
1302,0.07621463388204575,0.9867607951164246,0.9673433303833008,0.9637647271156311,0.29055312050090243
1303,0.10801593214273453,0.9452780485153198,0.9223300814628601,0.9205211997032166,0.733641110361637
1304,0.22525665163993835,0.9620476961135864,0.9210062026977539,0.918652355670929,0.8518655287301582
1305,0.34589388966560364,0.9249779582023621,0.8883495330810547,0.8852722644805908,0.8128988339932192
1306,0.5460426211357117,0.8508384823799133,0.8027361035346985,0.8021595478057861,1.1135343672757152
1307,0.8319832682609558,0.8684907555580139,0.8102383017539978,0.8041322827339172,1.2693467664557614
1308,0.8306517601013184,0.7846425771713257,0.7413945198059082,0.7432383298873901,1.3741558337529003
1309,0.883987307548523,0.7952339053153992,0.7639011740684509,0.7714270949363708,0.9549956027047071
1310,0.8754757046699524,0.8702559471130371,0.8283318877220154,0.8345533013343811,1.028875456956036
1311,0.6694822907447815,0.8896734714508057,0.8486319780349731,0.8555780649185181,0.5893255313469272
1312,0.5284544229507446,0.9276257753372192,0.8892321586608887,0.8908788561820984,0.37097840351690803
1313,0.5451401472091675,0.9249779582023621,0.8980582356452942,0.8971084356307983,0.4156698052478196
1314,0.47447124123573303,0.9364519119262695,0.9117387533187866,0.9083216190338135,0.3334017638695351
1315,0.4152272045612335,0.9364519119262695,0.9068843722343445,0.9060893654823303,0.2265511375796721
1316,0.3952447175979614,0.9390997290611267,0.9126213788986206,0.9119555354118347,0.2607172261346785
1317,0.33233922719955444,0.9523389339447021,0.9271844625473022,0.9256086945533752,0.1715492843015944
1318,0.30554136633872986,0.9620476961135864,0.9421888589859009,0.9395213723182678,0.16553949245387098
1319,0.3035835027694702,0.9699912071228027,0.9443954229354858,0.945076048374176,0.147850652160263
1320,0.2814048230648041,0.9699912071228027,0.948367178440094,0.948242723941803,0.13518023754791306
1321,0.256128191947937,0.9699912071228027,0.947925865650177,0.9490214586257935,0.12904924148201788
1322,0.2604820430278778,0.9699912071228027,0.9457193613052368,0.9492809772491455,0.13124695426488162
1323,0.2294885218143463,0.9691085815429688,0.9457193613052368,0.9474640488624573,0.11035310614400955
1324,0.23281726241111755,0.9682259559631348,0.9457193613052368,0.9478793740272522,0.10883280877318569
1325,0.21131902933120728,0.9691085815429688,0.947043240070343,0.9514094591140747,0.12085125192335262
1326,0.20800438523292542,0.9708737730979919,0.948808491230011,0.9517208933830261,0.1092400672469673
1327,0.183414027094841,0.9735216498374939,0.9510149955749512,0.9524996280670166,0.08116604901967962
1328,0.169212207198143,0.9761694669723511,0.9576346278190613,0.9555624723434448,0.08000837845305878
1329,0.1746850162744522,0.9814651608467102,0.9607237577438354,0.9595597982406616,0.09694038400303269
1330,0.16735127568244934,0.9814651608467102,0.9620476961135864,0.9591444730758667,0.09508275420289361
1331,0.1603030413389206,0.9788172841072083,0.9589585065841675,0.955873966217041,0.09083330354081887
1332,0.155836820602417,0.9726390242576599,0.9536628723144531,0.9540050625801086,0.0821878981215903
1333,0.1466207504272461,0.9726390242576599,0.9541041851043701,0.9537455439567566,0.09689239918287977
1334,0.1448323279619217,0.977934718132019,0.9598411321640015,0.9573274850845337,0.09273318590783408
1335,0.13462486863136292,0.9841129779815674,0.9664607048034668,0.9660488963127136,0.07538880380904017
1336,0.13619199395179749,0.9841129779815674,0.9686672687530518,0.9681254029273987,0.06872753306556043
1337,0.12552684545516968,0.9849956035614014,0.9695498943328857,0.9672948122024536,0.06854232368128695
1338,0.12633997201919556,0.9841129779815674,0.9682259559631348,0.9654778242111206,0.08057098041539777
1339,0.11947076767683029,0.9814651608467102,0.9673433303833008,0.9643357396125793,0.0662039798262276
1340,0.1267065405845642,0.9902912974357605,0.9686672687530518,0.9662046432495117,0.08277480537050125
1341,0.11895301938056946,0.9929391145706177,0.9726390242576599,0.9720188975334167,0.09133405624437779
1342,0.10739749670028687,0.9929391145706177,0.9757281541824341,0.977573573589325,0.07837920100191581
1343,0.1085633784532547,0.9929391145706177,0.977493405342102,0.97840416431427,0.051774000009988046
1344,0.10088182240724564,0.9929391145706177,0.9766107797622681,0.9786118268966675,0.07325425421139319
1345,0.09943484514951706,0.9929391145706177,0.9770520925521851,0.9790790677070618,0.05970838877987722
1346,0.1066175252199173,0.9973521828651428,0.9761694669723511,0.9778331518173218,0.08526691565754053
1347,0.09853650629520416,0.9982348084449768,0.9770520925521851,0.9781965613365173,0.07130942697815075
1348,0.10113765299320221,0.999117374420166,0.9805825352668762,0.9816747307777405,0.07681928050523101
1349,0.08404643833637238,1.0,0.9827890396118164,0.9825053215026855,0.048597568647051906
1350,0.0879298597574234,1.0,0.9836716651916504,0.9835954904556274,0.05122030575821413
1351,0.08287903666496277,1.0,0.9832303524017334,0.9832839965820312,0.06574493934662334
1352,0.07916542142629623,0.999117374420166,0.9810238480567932,0.9815708994865417,0.07739399289976409
1353,0.07846302539110184,0.999117374420166,0.9819064736366272,0.9797539114952087,0.061661911631411055
1354,0.0773279219865799,1.0,0.9836716651916504,0.9803249835968018,0.06758250836817434
1355,0.07160526514053345,1.0,0.9832303524017334,0.980221152305603,0.0560268663570898
1356,0.07380859553813934,1.0,0.9832303524017334,0.9804807305335999,0.05569502582110472
1357,0.07607199251651764,1.0,0.9827890396118164,0.9812074899673462,0.07676596574303873
1358,0.06625756621360779,1.0,0.9832303524017334,0.9810517430305481,0.047088591911840505
1359,0.07436922192573547,1.0,0.9832303524017334,0.9818823337554932,0.06656840624895634
1360,0.0684739425778389,1.0,0.9845542907714844,0.9828168153762817,0.04309063056500211
1361,0.06933025270700455,1.0,0.9849956035614014,0.9832839965820312,0.04115969161533763
1362,0.06648752838373184,1.0,0.9836716651916504,0.9825572371482849,0.04326985465135861
1363,0.06759640574455261,1.0,0.9845542907714844,0.981467068195343,0.043093962232321786
1364,0.07588041573762894,1.0,0.9858782291412354,0.9827648997306824,0.06852151327856519
1365,0.06682296097278595,1.0,0.9849956035614014,0.983958899974823,0.06634657481095187
1366,0.06535547971725464,1.0,0.9854369163513184,0.983958899974823,0.03891584626928954
1367,0.06384932994842529,1.0,0.9849956035614014,0.9835435748100281,0.10613643961543084
1368,0.06430172920227051,1.0,0.9841129779815674,0.9830763339996338,0.0454813104489462
1369,0.07299842685461044,1.0,0.9832303524017334,0.9827648997306824,0.0614393632868723
1370,0.06394419819116592,1.0,0.9845542907714844,0.9827648997306824,0.07513247712633678
1371,0.06985563784837723,1.0,0.9845542907714844,0.9819861650466919,0.10203271347205282
1372,0.06141635775566101,1.0,0.9827890396118164,0.9813113212585449,0.06088965901694722
1373,0.06017732247710228,1.0,0.9823477864265442,0.9799615740776062,0.051814936024005186
1374,0.05905265733599663,1.0,0.9823477864265442,0.980221152305603,0.06695639376196617
1375,0.0644901767373085,1.0,0.9836716651916504,0.9809479117393494,0.08624381768985273
1376,0.06867635995149612,1.0,0.9876434206962585,0.9830244183540344,0.08627521643579221
1377,0.05784117430448532,1.0,0.9880847334861755,0.9832320809364319,0.04524764695695794
1378,0.06611865013837814,1.0,0.9880847334861755,0.982712984085083,0.08343756751043123
1379,0.059997834265232086,1.0,0.9867607951164246,0.9826610684394836,0.08567977499833188
1380,0.05835770443081856,1.0,0.9867607951164246,0.9826091527938843,0.07798179463402594
1381,0.06110319495201111,1.0,0.9854369163513184,0.9821938276290894,0.07754030258386177
1382,0.0656454786658287,1.0,0.9823477864265442,0.9808440804481506,0.0765647153125625
1383,0.06037547439336777,1.0,0.9841129779815674,0.9802730679512024,0.07701459014271235
1384,0.056635912507772446,1.0,0.9805825352668762,0.9777812361717224,0.13182986541292852
1385,0.06372794508934021,1.0,0.9823477864265442,0.9785079956054688,0.12027667475175562
1386,0.057106535881757736,1.0,0.9796999096870422,0.9779888987541199,0.046996796314181626
1387,0.06187612563371658,1.0,0.9805825352668762,0.9774697422981262,0.09530160758032127
1388,0.06275856494903564,1.0,0.978376030921936,0.9753932356834412,0.07385888065054454
1389,0.06107506901025772,1.0,0.9796999096870422,0.9757566452026367,0.11512261246374339
1390,0.06049846485257149,1.0,0.9827890396118164,0.9773139953613281,0.07639258162211095
1391,0.06324504315853119,1.0,0.9819064736366272,0.9780408143997192,0.1193244075054718
1392,0.0715349018573761,1.0,0.9872021079063416,0.9819861650466919,0.15132431768630478
1393,0.06506122648715973,1.0,0.9849956035614014,0.9804288148880005,0.0710106450576844
1394,0.059876322746276855,1.0,0.9832303524017334,0.9804288148880005,0.0885980165937576
1395,0.0682808980345726,1.0,0.9849956035614014,0.9819342494010925,0.08468814513797385
1396,0.05935421213507652,1.0,0.9849956035614014,0.9816228151321411,0.08628573149870458
1397,0.06637220084667206,1.0,0.9827890396118164,0.9815708994865417,0.10014159243061575
1398,0.06430085748434067,1.0,0.9814651608467102,0.9809998273849487,0.10597350596684266
1399,0.05772942677140236,1.0,0.9792585968971252,0.9781965613365173,0.09662729305415177
1400,0.059425629675388336,1.0,0.978376030921936,0.9763795733451843,0.09174914413872029
1401,0.06434261053800583,1.0,0.9766107797622681,0.9757047295570374,0.07458205852625814
1402,0.06211800500750542,1.0,0.977493405342102,0.9770025610923767,0.1123291400567842
1403,0.06031195446848869,1.0,0.9766107797622681,0.9765353202819824,0.07106982599154377
1404,0.06136864796280861,1.0,0.9814651608467102,0.9779369831085205,0.09814205008263083
1405,0.06387525796890259,1.0,0.9788172841072083,0.9784560799598694,0.13768258106208284
1406,0.05887302756309509,1.0,0.9792585968971252,0.9801692366600037,0.09802286056801549
1407,0.05977040156722069,1.0,0.9788172841072083,0.9788194894790649,0.12077803784010138
1408,0.06083473935723305,1.0,0.977934718132019,0.9776774048805237,0.08785653030435102
1409,0.057005174458026886,1.0,0.9796999096870422,0.9780927300453186,0.07688099879821671
1410,0.05814902111887932,1.0,0.9810238480567932,0.979390561580658,0.07499063820357167
1411,0.05512246862053871,1.0,0.9805825352668762,0.9806364178657532,0.06869811916371577
1412,0.06195602938532829,1.0,0.9805825352668762,0.9797019958496094,0.10738705358895041
1413,0.05543600767850876,1.0,0.9810238480567932,0.9791309833526611,0.06884280532840957
1414,0.06242724135518074,1.0,0.9827890396118164,0.980221152305603,0.11253673380912482
1415,0.05911606550216675,1.0,0.9845542907714844,0.9821938276290894,0.0913710967135861
1416,0.05931149795651436,1.0,0.9819064736366272,0.9805326461791992,0.18768184504434998
1417,0.059249479323625565,1.0,0.9761694669723511,0.9764314889907837,0.14782033556436353
1418,0.05999385565519333,1.0,0.9761694669723511,0.9762757420539856,0.1276690559372218
1419,0.059928834438323975,1.0,0.9792585968971252,0.9762238264083862,0.13117676607206605
1420,0.05624527856707573,1.0,0.978376030921936,0.9768468141555786,0.1467170674294878
1421,0.06148350611329079,0.999117374420166,0.9792585968971252,0.9784560799598694,0.15109711708738557
1422,0.06204722076654434,0.999117374420166,0.977934718132019,0.9779369831085205,0.17033081360367816
1423,0.060238637030124664,1.0,0.9752868413925171,0.9773139953613281,0.18143828454600266
1424,0.073081836104393,0.999117374420166,0.9699912071228027,0.9692155718803406,0.27153034602761755
1425,0.0774548128247261,0.9567520022392273,0.9307149052619934,0.9304884672164917,0.37228895898404263
1426,0.21985670924186707,0.9223300814628601,0.8808473348617554,0.8775891661643982,0.9351512108593765
1427,0.40472307801246643,0.9320388436317444,0.8879082202911377,0.8890100121498108,1.1609955882829355
1428,0.4605635404586792,0.917917013168335,0.8561341762542725,0.8590562343597412,1.3286521558338742
1429,0.6034990549087524,0.9549867510795593,0.9126213788986206,0.916160523891449,1.200404103813576
1430,0.37114471197128296,0.9638128876686096,0.918799638748169,0.9223900437355042,0.6079455298354385
1431,0.3843595087528229,0.9293910264968872,0.895851731300354,0.8942532539367676,0.5485247848822185
1432,0.46318319439888,0.9214475154876709,0.8896734714508057,0.8922286033630371,0.875940660763758
1433,0.4913228750228882,0.9576346278190613,0.9245366454124451,0.9209884405136108,0.8902246796776597
1434,0.3143000304698944,0.9523389339447021,0.9214475154876709,0.9152261018753052,0.38338209758145053
1435,0.3513411581516266,0.9523389339447021,0.9329214692115784,0.9300212860107422,0.4614705728811085
1436,0.28494131565093994,0.9523389339447021,0.9342453479766846,0.9329802989959717,0.2347632397557901
1437,0.2877870500087738,0.9541041851043701,0.9311562180519104,0.932772696018219,0.25838190750174966
1438,0.30263957381248474,0.9541041851043701,0.9333627820014954,0.9320977926254272,0.24717969850091975
1439,0.2883278429508209,0.9558693766593933,0.9373345375061035,0.9345377087593079,0.22369136737369888
1440,0.24476465582847595,0.9655781388282776,0.9426301717758179,0.9404038786888123,0.16516700955852062
1441,0.22765396535396576,0.9691085815429688,0.9430714845657349,0.9410787224769592,0.16676171977702695
1442,0.20439350605010986,0.9691085815429688,0.9439541101455688,0.941753625869751,0.13716259388212446
1443,0.1884739249944687,0.9691085815429688,0.94748455286026,0.9430514574050903,0.12200571055444408
1444,0.18488168716430664,0.9691085815429688,0.94748455286026,0.9451798796653748,0.1473456485782968
1445,0.1719866394996643,0.9761694669723511,0.9541041851043701,0.9516170620918274,0.1126374798150268
1446,0.16464552283287048,0.9814651608467102,0.9589585065841675,0.9561334848403931,0.10858220501719999
1447,0.16063612699508667,0.9894086718559265,0.9646955132484436,0.9621034860610962,0.11065837156139482
1448,0.1558912992477417,0.9920564889907837,0.9735216498374939,0.969994306564331,0.09908739363291752
1449,0.13857312500476837,0.9964695572853088,0.978376030921936,0.9746145606040955,0.14012059746615851
1450,0.1287577748298645,0.9973521828651428,0.9788172841072083,0.9758085608482361,0.08473198078522626
1451,0.1255122572183609,0.9920564889907837,0.9748455286026001,0.9703057408332825,0.11626308596810185
1452,0.11712443083524704,0.9920564889907837,0.9735216498374939,0.9690598249435425,0.07942115126387667
1453,0.11069793254137039,0.9938217401504517,0.9757281541824341,0.972589910030365,0.08045543104279525
1454,0.10657607018947601,0.9982348084449768,0.9805825352668762,0.9780927300453186,0.08611682215929888
1455,0.10357912629842758,0.999117374420166,0.9845542907714844,0.9813113212585449,0.06700894458817631
1456,0.10992619395256042,0.999117374420166,0.9827890396118164,0.9809479117393494,0.10082022887841413
1457,0.09406895190477371,0.999117374420166,0.9796999096870422,0.9791828989982605,0.05688282709799204
1458,0.0955657958984375,0.999117374420166,0.977934718132019,0.9775216579437256,0.07218123374233419
1459,0.09501200914382935,0.9982348084449768,0.977934718132019,0.9773139953613281,0.06851957051661646
1460,0.08938445895910263,0.999117374420166,0.9796999096870422,0.9801173210144043,0.07000213623986626
1461,0.08996590226888657,0.999117374420166,0.9836716651916504,0.9816747307777405,0.07658007501813249
1462,0.08511846512556076,1.0,0.9819064736366272,0.9807402491569519,0.06035628871492075
1463,0.08802006393671036,0.999117374420166,0.9832303524017334,0.9816228151321411,0.07000655444677435
1464,0.08191919326782227,0.999117374420166,0.9841129779815674,0.98214191198349,0.07164849225057024
1465,0.0784464180469513,0.999117374420166,0.9823477864265442,0.9809479117393494,0.07226170357248939
1466,0.07950267195701599,0.999117374420166,0.9788172841072083,0.9770544767379761,0.06270300300735825
1467,0.07775148004293442,0.999117374420166,0.9801412224769592,0.9787675738334656,0.09001854233830138
1468,0.08145448565483093,0.999117374420166,0.9841129779815674,0.9824014902114868,0.10553009079767091
1469,0.06816978752613068,1.0,0.9858782291412354,0.9832320809364319,0.051213911020862535
1470,0.07494811713695526,1.0,0.9858782291412354,0.9835954904556274,0.07955991707188526
1471,0.06711877882480621,1.0,0.9876434206962585,0.9838031530380249,0.07685675599127278
1472,0.06921718269586563,0.999117374420166,0.9876434206962585,0.9834916591644287,0.08892512201521184
1473,0.06714072078466415,0.999117374420166,0.9849956035614014,0.9822976589202881,0.06397246319265269
1474,0.06510933488607407,1.0,0.9867607951164246,0.9845299124717712,0.0613359099485636
1475,0.06305012106895447,1.0,0.9880847334861755,0.9849452376365662,0.04706502118669563
1476,0.06141570210456848,1.0,0.9872021079063416,0.985204815864563,0.05075497460427261
1477,0.05635581910610199,1.0,0.9876434206962585,0.9837512373924255,0.056528362002966154
1478,0.059867143630981445,1.0,0.9863195419311523,0.9827648997306824,0.04541548408397206
1479,0.06044190749526024,0.999117374420166,0.9845542907714844,0.9817785620689392,0.04341991720276411
1480,0.06436892598867416,0.999117374420166,0.9845542907714844,0.9827648997306824,0.058441555483144884
1481,0.06110014393925667,1.0,0.9867607951164246,0.9850490689277649,0.055862996393617394
1482,0.05704318359494209,1.0,0.9880847334861755,0.9857239127159119,0.04558874825877514
1483,0.06129232794046402,1.0,0.9876434206962585,0.9861911535263062,0.0571298121729224
1484,0.05926663056015968,1.0,0.9880847334861755,0.9868140816688538,0.06780135120976369
1485,0.05427044257521629,1.0,0.9872021079063416,0.9863988161087036,0.06299920487542646
1486,0.06090054661035538,1.0,0.9849956035614014,0.9840108156204224,0.09067601131262107
1487,0.05957072228193283,1.0,0.9863195419311523,0.9834916591644287,0.08919975742342617
1488,0.05833610147237778,1.0,0.9841129779815674,0.9820899963378906,0.045946160548090226
1489,0.057331524789333344,1.0,0.9845542907714844,0.9812074899673462,0.09075281613260792
1490,0.060249213129282,1.0,0.9805825352668762,0.9791309833526611,0.08734642261418933
1491,0.05762482434511185,1.0,0.9796999096870422,0.9787156581878662,0.08997594332298396
1492,0.05938040465116501,1.0,0.9836716651916504,0.9813113212585449,0.09492989315785447
1493,0.053169310092926025,1.0,0.9849956035614014,0.9825572371482849,0.08671561928671269
1494,0.052197638899087906,1.0,0.9841129779815674,0.9828687310218811,0.04644617018540589
1495,0.05420561879873276,1.0,0.9841129779815674,0.9834397435188293,0.06929812850710204
1496,0.05507919564843178,1.0,0.9841129779815674,0.9822457432746887,0.05106334680544215
1497,0.054101526737213135,1.0,0.9819064736366272,0.9803249835968018,0.04508221897889328
1498,0.06211854889988899,1.0,0.9827890396118164,0.9806364178657532,0.08939415971703406
1499,0.057114966213703156,1.0,0.9832303524017334,0.9804288148880005,0.05616706607850604
1500,0.06305257976055145,1.0,0.9832303524017334,0.9812074899673462,0.07562751653704386
1501,0.05550960823893547,1.0,0.9836716651916504,0.9815189838409424,0.054789553103427605
1502,0.054244011640548706,1.0,0.9841129779815674,0.9802730679512024,0.04879142697190882
1503,0.05869636684656143,1.0,0.9836716651916504,0.9790271520614624,0.10174780571270244
1504,0.057700809091329575,1.0,0.9836716651916504,0.9808440804481506,0.09308144901208561
1505,0.04974626004695892,1.0,0.9849956035614014,0.9816747307777405,0.09043275656936756
1506,0.052152276039123535,1.0,0.9854369163513184,0.9817785620689392,0.0582177438959281
1507,0.04788228124380112,1.0,0.9845542907714844,0.9817785620689392,0.04524881819068928
1508,0.05327582359313965,1.0,0.9858782291412354,0.9815189838409424,0.06473215574884927
1509,0.053845904767513275,1.0,0.9854369163513184,0.9806883335113525,0.05102438100786873
1510,0.04968259111046791,1.0,0.9849956035614014,0.9791828989982605,0.05420072385545728
1511,0.053931139409542084,1.0,0.9854369163513184,0.9785079956054688,0.06721672680666532
1512,0.057960618287324905,1.0,0.9858782291412354,0.9791828989982605,0.06698384862354881
1513,0.050665274262428284,1.0,0.9849956035614014,0.9795981645584106,0.06329617272039581
1514,0.05750492215156555,1.0,0.9836716651916504,0.9792867302894592,0.07955095086690674
1515,0.05861826241016388,1.0,0.9841129779815674,0.9791828989982605,0.08270504361165999
1516,0.05708608031272888,1.0,0.9823477864265442,0.9784560799598694,0.11912211251026898
1517,0.05434099957346916,1.0,0.9832303524017334,0.9776254892349243,0.06833609445740904
1518,0.06197524815797806,1.0,0.9805825352668762,0.9768468141555786,0.1270440417255981
1519,0.05167606845498085,1.0,0.9788172841072083,0.9759643077850342,0.053151076800737336
1520,0.04954775795340538,1.0,0.9801412224769592,0.9776254892349243,0.06578786389879801
1521,0.05400451272726059,1.0,0.9810238480567932,0.9794943332672119,0.06255662012803798
1522,0.05909113585948944,1.0,0.9836716651916504,0.9798577427864075,0.14870845766026378
1523,0.0601726770401001,1.0,0.9845542907714844,0.9789233207702637,0.10274284534373197
1524,0.05166175588965416,1.0,0.9761694669723511,0.9740434885025024,0.05876641427409872
1525,0.05990103632211685,1.0,0.9792585968971252,0.9751855731010437,0.10824078614611278
1526,0.04976200684905052,1.0,0.9823477864265442,0.9781965613365173,0.08368878566481429
1527,0.05264513939619064,1.0,0.9836716651916504,0.9786637425422668,0.06985379094102583
1528,0.057838283479213715,1.0,0.9836716651916504,0.9787675738334656,0.08601246909843133
1529,0.06426190584897995,1.0,0.9823477864265442,0.97715824842453,0.264684069853585
1530,0.05384368076920509,0.999117374420166,0.9695498943328857,0.9691117405891418,0.08489364482525236
1531,0.0673421323299408,1.0,0.9766107797622681,0.975081741809845,0.2059414506925881
1532,0.0663178488612175,1.0,0.9788172841072083,0.9752374887466431,0.14341521957835102
1533,0.06922990828752518,1.0,0.9823477864265442,0.9794943332672119,0.21750997392690632
1534,0.060908690094947815,1.0,0.9744042158126831,0.9747183918952942,0.1863850354483101
1535,0.07490503787994385,1.0,0.9792585968971252,0.977729320526123,0.19962633218900686
1536,0.06264589726924896,1.0,0.9819064736366272,0.9789233207702637,0.11166552151775518
1537,0.06937804073095322,1.0,0.9748455286026001,0.9736282229423523,0.30141595589579656
1538,0.08266018331050873,0.9858782291412354,0.9558693766593933,0.9530187249183655,0.45992912748285913
1539,0.16538463532924652,0.9858782291412354,0.9585171937942505,0.9570160508155823,0.3706101606424496
1540,0.14428745210170746,0.9858782291412354,0.9589585065841675,0.9539012312889099,0.35566014163510445
1541,0.16912709176540375,0.9858782291412354,0.947925865650177,0.9467892050743103,0.4255018400878937
1542,0.13544422388076782,0.9858782291412354,0.9585171937942505,0.9563930630683899,0.27412014386860795
1543,0.11981586366891861,0.9858782291412354,0.9642542004585266,0.9616363048553467,0.23425494822318157
1544,0.14481881260871887,0.9593998193740845,0.9320388436317444,0.9277371168136597,0.4066521612559558
1545,0.24327045679092407,0.9682259559631348,0.9448367357254028,0.9371852874755859,0.7223065858557075
1546,0.18736077845096588,0.9691085815429688,0.9514563083648682,0.9469448924064636,0.3948988263329179
1547,0.19307973980903625,0.9691085815429688,0.9404236674308777,0.9371333718299866,0.36758341818847534
1548,0.18609511852264404,0.9646955132484436,0.9505736827850342,0.9460104703903198,0.5492594450981727
1549,0.18521520495414734,0.9691085815429688,0.9413062930107117,0.9391579627990723,0.39301425842625703
1550,0.18162193894386292,0.9726390242576599,0.949249804019928,0.942584216594696,0.33215715330058265
1551,0.16523659229278564,0.9849956035614014,0.9638128876686096,0.9613767266273499,0.3931108701699083
1552,0.13790081441402435,0.9858782291412354,0.9624889492988586,0.9603903889656067,0.24074165922586424
1553,0.14949043095111847,0.9929391145706177,0.9655781388282776,0.9608056545257568,0.31681528187886593
1554,0.1415223926305771,0.999117374420166,0.9699912071228027,0.9669314026832581,0.2822041623041398
1555,0.109580397605896,1.0,0.970432460308075,0.9671909809112549,0.2154116156742172
1556,0.1282646209001541,0.999117374420166,0.9757281541824341,0.9719669818878174,0.24349713117908892
1557,0.10107152909040451,0.9964695572853088,0.9748455286026001,0.9702019095420837,0.15395056685121408
1558,0.09913436323404312,0.9982348084449768,0.9761694669723511,0.9730571508407593,0.14438520844329425
1559,0.09741535037755966,0.999117374420166,0.9796999096870422,0.9789233207702637,0.17313497056574775
1560,0.08953637629747391,0.999117374420166,0.9761694669723511,0.9750298261642456,0.13658471522227605
1561,0.09203629940748215,0.999117374420166,0.9757281541824341,0.9747703075408936,0.16289107111228449
1562,0.0910087525844574,1.0,0.977493405342102,0.9759643077850342,0.15052680867296558
1563,0.081266850233078,1.0,0.9814651608467102,0.9782484769821167,0.12381904664360723
1564,0.07947569340467453,0.999117374420166,0.978376030921936,0.9783003330230713,0.126419725888323
1565,0.07192409783601761,1.0,0.9805825352668762,0.9797019958496094,0.0952660901064813
1566,0.0730956643819809,1.0,0.977934718132019,0.9804807305335999,0.12104460927841132
1567,0.08156071603298187,1.0,0.9801412224769592,0.9788714051246643,0.15044100592632234
1568,0.07151971012353897,1.0,0.9827890396118164,0.9806364178657532,0.10148202606182607
1569,0.07010052353143692,1.0,0.9823477864265442,0.9802730679512024,0.18981567611953387
1570,0.062630794942379,0.999117374420166,0.9819064736366272,0.97840416431427,0.1281327820305459
1571,0.060951117426157,0.999117374420166,0.9805825352668762,0.977573573589325,0.08932791338400427
1572,0.07395261526107788,0.999117374420166,0.9770520925521851,0.975652813911438,0.15552117733368837
1573,0.06240793690085411,1.0,0.9796999096870422,0.9779369831085205,0.11437265213342349
1574,0.06000437214970589,1.0,0.9832303524017334,0.9786118268966675,0.0988005167728137
1575,0.06314113736152649,1.0,0.9792585968971252,0.9777812361717224,0.11813587442273076
1576,0.05991297587752342,1.0,0.977934718132019,0.9772620797157288,0.0736143605386112
1577,0.06901150196790695,1.0,0.9805825352668762,0.9795462489128113,0.13178215568982438
1578,0.06013868376612663,1.0,0.9801412224769592,0.98089599609375,0.08679759304100305
1579,0.06434371322393417,1.0,0.9801412224769592,0.9798577427864075,0.09286714700428385
1580,0.05572391673922539,1.0,0.9792585968971252,0.9804807305335999,0.08230636559070498
1581,0.05845598876476288,1.0,0.9836716651916504,0.9807921648025513,0.12123767839022803
1582,0.053008414804935455,1.0,0.9849956035614014,0.9806883335113525,0.08916601166201896
1583,0.053959932178258896,1.0,0.9841129779815674,0.98089599609375,0.06178240803588433
1584,0.05465206503868103,1.0,0.9841129779815674,0.9812594056129456,0.08414486753937887
1585,0.04947051778435707,1.0,0.9849956035614014,0.9812594056129456,0.06022443448177322
1586,0.055750664323568344,1.0,0.9841129779815674,0.9823495745658875,0.10815849725166136
1587,0.0508175790309906,1.0,0.9849956035614014,0.9828168153762817,0.05938305489883062
1588,0.05375837907195091,1.0,0.9863195419311523,0.9827648997306824,0.053824777079359724
1589,0.05643806234002113,1.0,0.9863195419311523,0.9834916591644287,0.06927241885989485
1590,0.04963342100381851,1.0,0.9863195419311523,0.9825053215026855,0.04987485424392115
1591,0.06025375425815582,1.0,0.9876434206962585,0.9817266464233398,0.13771997024765018
1592,0.04840850830078125,1.0,0.9836716651916504,0.9803768992424011,0.06207294000198807
1593,0.047024402767419815,1.0,0.9819064736366272,0.9800654053688049,0.06476303355978633
1594,0.0550287701189518,1.0,0.9801412224769592,0.9805845618247986,0.17780755980165444
1595,0.05291857197880745,1.0,0.9801412224769592,0.9798577427864075,0.06078094830896396
1596,0.05549931898713112,1.0,0.9823477864265442,0.9794943332672119,0.08328759313781761
1597,0.04661328345537186,1.0,0.9810238480567932,0.9794943332672119,0.07482553346366437
1598,0.05991698056459427,1.0,0.9827890396118164,0.9801173210144043,0.10621176469354515
1599,0.05778279900550842,1.0,0.9836716651916504,0.9808440804481506,0.07807813897683312
1600,0.05261790752410889,1.0,0.9827890396118164,0.9804288148880005,0.06128153485793831
1601,0.05544625595211983,1.0,0.9832303524017334,0.9805326461791992,0.10120893811755337
1602,0.052031032741069794,1.0,0.9814651608467102,0.9804288148880005,0.08485844387540736
1603,0.05452701449394226,1.0,0.9814651608467102,0.9790271520614624,0.12403609307343151
1604,0.05258520320057869,1.0,0.9792585968971252,0.9779369831085205,0.09892142204284186
1605,0.05248626321554184,1.0,0.978376030921936,0.9775216579437256,0.0761996345780973
1606,0.05778651684522629,1.0,0.9805825352668762,0.9777812361717224,0.12633436187671698
1607,0.05179861560463905,1.0,0.9801412224769592,0.9758604764938354,0.052582157708511
1608,0.05256560817360878,1.0,0.9801412224769592,0.9750298261642456,0.07492756707276486
1609,0.05374400317668915,1.0,0.9805825352668762,0.9757047295570374,0.10747854026170534
1610,0.05535551905632019,1.0,0.9823477864265442,0.9765872359275818,0.09919871572118687
1611,0.04863084480166435,1.0,0.9836716651916504,0.9778331518173218,0.07274937763116976
1612,0.053711604326963425,1.0,0.9836716651916504,0.9795462489128113,0.09065130617598935
1613,0.058235954493284225,1.0,0.9819064736366272,0.9780408143997192,0.07526250091353402
1614,0.05028466135263443,1.0,0.9796999096870422,0.9775216579437256,0.06859698395216271
1615,0.05183969438076019,1.0,0.9827890396118164,0.9793386459350586,0.07714808073189669
1616,0.05458736792206764,1.0,0.9854369163513184,0.9798577427864075,0.1811814589419676
1617,0.05132194608449936,1.0,0.9858782291412354,0.9797019958496094,0.07999562853203351
1618,0.05260089039802551,1.0,0.9823477864265442,0.977729320526123,0.07914762171008556
1619,0.05074199289083481,1.0,0.9792585968971252,0.9767948985099792,0.08862732787418873
1620,0.051831237971782684,1.0,0.9814651608467102,0.9782484769821167,0.14546483875585353
1621,0.05028839781880379,1.0,0.9832303524017334,0.9795462489128113,0.08710658836081447
1622,0.05568647384643555,1.0,0.9805825352668762,0.9765353202819824,0.08427029416646195
1623,0.05541227385401726,1.0,0.9788172841072083,0.9729014039039612,0.10966479680421522
1624,0.057724323123693466,1.0,0.9792585968971252,0.9724342226982117,0.11359800955827737
1625,0.05176812782883644,1.0,0.9810238480567932,0.9758604764938354,0.09706035040064749
1626,0.057004477828741074,1.0,0.9845542907714844,0.9790271520614624,0.09792580391392794
1627,0.058433618396520615,1.0,0.9814651608467102,0.9788714051246643,0.1257079400954019
1628,0.05066387355327606,1.0,0.978376030921936,0.9752374887466431,0.1438985426149
1629,0.05456838756799698,1.0,0.9827890396118164,0.9779369831085205,0.147881879671674
1630,0.05991719663143158,1.0,0.977493405342102,0.9757047295570374,0.10141796884674334
1631,0.052873238921165466,1.0,0.9761694669723511,0.9728494882583618,0.15445722221115799
1632,0.061666276305913925,1.0,0.9761694669723511,0.9726937413215637,0.13551862688992464
1633,0.0570518858730793,1.0,0.9766107797622681,0.9757566452026367,0.15233705464652675
1634,0.05881195142865181,1.0,0.9739629626274109,0.9733167290687561,0.1320761318887598
1635,0.05821054428815842,1.0,0.9686672687530518,0.9686445593833923,0.14207160974835548
1636,0.06333865970373154,1.0,0.9721977114677429,0.9704095721244812,0.22045733695306818
1637,0.06525743007659912,1.0,0.9761694669723511,0.9762238264083862,0.22137168272323476
1638,0.06474647670984268,1.0,0.9752868413925171,0.9769506454467773,0.19032920695210231
1639,0.0639026090502739,1.0,0.9730803370475769,0.9738877415657043,0.21894793057948933
1640,0.0648687407374382,1.0,0.9677846431732178,0.9673986434936523,0.15140200885437516
1641,0.0724179595708847,1.0,0.9730803370475769,0.9703576564788818,0.2125103532005949
1642,0.06989781558513641,1.0,0.9735216498374939,0.9724860787391663,0.21362303679330738
1643,0.0635465532541275,1.0,0.9726390242576599,0.9713959097862244,0.17080885269796214
1644,0.07366716861724854,1.0,0.9726390242576599,0.971240222454071,0.23796668224312612
1645,0.07578253000974655,1.0,0.9695498943328857,0.9685407280921936,0.21237791790361168
1646,0.08508999645709991,0.999117374420166,0.970432460308075,0.9681254029273987,0.43637636806670727
1647,0.0928039401769638,1.0,0.9669020175933838,0.9655816555023193,0.3614601957505639
1648,0.10543783009052277,1.0,0.9655781388282776,0.9649587273597717,0.39779223149555715
1649,0.1009695753455162,0.9920564889907837,0.9571933150291443,0.9506307244300842,0.3809828829638926
1650,0.1566539853811264,0.9664607048034668,0.9351279735565186,0.9320458769798279,0.8100022010865697
1651,0.2853143513202667,0.9399823546409607,0.896293044090271,0.8944089412689209,0.8827918664638315
1652,0.40052250027656555,0.8720211982727051,0.8358340859413147,0.8364740610122681,1.1770064848001844
1653,0.6078827977180481,0.9082083106040955,0.8751103281974792,0.8754607439041138,1.0542519186504644
1654,0.5895307660102844,0.8402471542358398,0.8058252334594727,0.8006541132926941,1.3529532567403786
1655,0.8555318713188171,0.8729038238525391,0.8287732005119324,0.8272335529327393,1.4493872483190182
1656,0.745333194732666,0.9443954229354858,0.8932039141654968,0.8906712532043457,1.0347962824210313
1657,0.5574190616607666,0.9717563986778259,0.9395410418510437,0.9352644681930542,0.7665295922457516
1658,0.4049070179462433,0.9708737730979919,0.9382171034812927,0.9367180466651917,0.48892853700938005
1659,0.33509427309036255,0.9735216498374939,0.946601927280426,0.9466853737831116,0.36406008882105606
1660,0.2982715964317322,0.977934718132019,0.9567520022392273,0.9558220505714417,0.28915855907461946
1661,0.27852314710617065,0.9788172841072083,0.9563106894493103,0.958625316619873,0.23723682502185633
1662,0.24928101897239685,0.9814651608467102,0.9541041851043701,0.9581581354141235,0.21127111780232108
1663,0.224378302693367,0.9841129779815674,0.9602824449539185,0.958469569683075,0.19545823910855117
1664,0.21600936353206635,0.9849956035614014,0.9633715748786926,0.9622073173522949,0.18871830882284804
1665,0.18466120958328247,0.9858782291412354,0.9633715748786926,0.962934136390686,0.13449469201529674
1666,0.1795869767665863,0.9841129779815674,0.9629302620887756,0.9634532332420349,0.13932140402812218
1667,0.17149901390075684,0.9885260462760925,0.9677846431732178,0.9653221368789673,0.15689498824170178
1668,0.1637692004442215,0.9902912974357605,0.9699912071228027,0.9665680527687073,0.09560368257191655
1669,0.14690856635570526,0.9920564889907837,0.9717563986778259,0.9659450650215149,0.09409039599612481
1670,0.14258526265621185,0.9894086718559265,0.9691085815429688,0.9654778242111206,0.09410328283805787
1671,0.15798886120319366,0.9920564889907837,0.9695498943328857,0.9680734872817993,0.11509848205877242
1672,0.12751969695091248,0.9920564889907837,0.9717563986778259,0.9706172347068787,0.10161936958327329
1673,0.12593424320220947,0.9911738634109497,0.970432460308075,0.971084475517273,0.07841588142397432
1674,0.12053961306810379,0.9911738634109497,0.970432460308075,0.969838559627533,0.09646370573216509
1675,0.11184833943843842,0.9920564889907837,0.9713150858879089,0.9718631505966187,0.08419742705879966
1676,0.11566202342510223,0.9929391145706177,0.9761694669723511,0.9743549823760986,0.0726152327437751
1677,0.10563581436872482,0.9982348084449768,0.978376030921936,0.9762238264083862,0.07465198170992195
1678,0.09762328118085861,0.9982348084449768,0.9770520925521851,0.9758085608482361,0.05771607558383068
1679,0.0985778421163559,0.9982348084449768,0.9788172841072083,0.9761719107627869,0.08207450894929257
1680,0.0989692211151123,0.9982348084449768,0.9796999096870422,0.9761199951171875,0.06471846813384301
1681,0.08746406435966492,0.9973521828651428,0.9792585968971252,0.975081741809845,0.05675624469795068
1682,0.09176500141620636,0.9955869317054749,0.9788172841072083,0.9751855731010437,0.05571444562109413
1683,0.07999919354915619,0.9955869317054749,0.9792585968971252,0.9760680794715881,0.051405452077445804
1684,0.0826251208782196,0.9982348084449768,0.9819064736366272,0.9779888987541199,0.07368654613924037
1685,0.08149232715368271,0.999117374420166,0.977934718132019,0.9784560799598694,0.06978269322583983
1686,0.08297856152057648,0.999117374420166,0.9766107797622681,0.9779369831085205,0.05279691489368663
1687,0.08083809912204742,0.9982348084449768,0.977934718132019,0.9773139953613281,0.06737799506852506
1688,0.07926183938980103,1.0,0.977934718132019,0.9781965613365173,0.05681739492929513
1689,0.08480031788349152,1.0,0.9814651608467102,0.978975236415863,0.054389144341897955
1690,0.07679729163646698,1.0,0.9810238480567932,0.9795462489128113,0.05276809175786464
1691,0.07390608638525009,1.0,0.9827890396118164,0.9785599112510681,0.049937462438801004
1692,0.07055770605802536,1.0,0.9823477864265442,0.9786637425422668,0.055519075892983376
1693,0.07299303263425827,1.0,0.9814651608467102,0.9794424772262573,0.06198614581236433
1694,0.06826546788215637,1.0,0.9814651608467102,0.9800654053688049,0.055675998079850325
1695,0.06748945266008377,1.0,0.9796999096870422,0.9800134897232056,0.04741749643876416
1696,0.07104915380477905,1.0,0.9801412224769592,0.980221152305603,0.05790049173709512
1697,0.07597997784614563,1.0,0.9805825352668762,0.9804807305335999,0.08154831167852848
1698,0.06538355350494385,1.0,0.9810238480567932,0.9804807305335999,0.03762216778202094
1699,0.06270914524793625,1.0,0.9810238480567932,0.980221152305603,0.04066680867703711
1700,0.07035814225673676,1.0,0.9819064736366272,0.9809998273849487,0.0890158063316285
1701,0.06595832854509354,1.0,0.9819064736366272,0.9814151525497437,0.03887411176919025
1702,0.06415204703807831,1.0,0.9832303524017334,0.980221152305603,0.04480193715735546
1703,0.0697518065571785,1.0,0.9827890396118164,0.9800654053688049,0.05011600828128494
1704,0.06616929918527603,1.0,0.9832303524017334,0.9801173210144043,0.04317270204756287
1705,0.05963984504342079,1.0,0.9827890396118164,0.9802730679512024,0.04624943084661601
1706,0.058535005897283554,1.0,0.9823477864265442,0.9802730679512024,0.038952851315894904
1707,0.06358692795038223,1.0,0.9823477864265442,0.9795981645584106,0.03987840276735183
1708,0.05999750643968582,1.0,0.9836716651916504,0.9807402491569519,0.058622963584028714
1709,0.05979154631495476,1.0,0.9836716651916504,0.9818823337554932,0.03973778900619556
1710,0.0552767850458622,1.0,0.9827890396118164,0.9821938276290894,0.04051394414542019
1711,0.06977292150259018,1.0,0.9841129779815674,0.9826610684394836,0.057466379404046905
1712,0.05959998071193695,1.0,0.9854369163513184,0.9830763339996338,0.04790679228670282
1713,0.06257179379463196,1.0,0.9858782291412354,0.9834397435188293,0.04634999870529255
1714,0.06316892057657242,1.0,0.9863195419311523,0.9830763339996338,0.046227928599745345
1715,0.06429443508386612,1.0,0.9858782291412354,0.9825572371482849,0.04600840600412488
1716,0.060540780425071716,1.0,0.9858782291412354,0.98214191198349,0.0410508307807248
1717,0.05632423982024193,1.0,0.9867607951164246,0.9817266464233398,0.040194732889326595
1718,0.05302593111991882,1.0,0.9863195419311523,0.9811555743217468,0.04274159890873483
1719,0.057296719402074814,1.0,0.9849956035614014,0.979390561580658,0.07663493888680427
1720,0.05876393988728523,1.0,0.9845542907714844,0.9797019958496094,0.05329627230448107
1721,0.05816403776407242,1.0,0.9845542907714844,0.9794943332672119,0.048555615897619336
1722,0.06358139961957932,1.0,0.9832303524017334,0.9801173210144043,0.10123025635564836
1723,0.06169009208679199,1.0,0.9823477864265442,0.9801173210144043,0.052186533404447684
1724,0.056515660136938095,1.0,0.9814651608467102,0.9797019958496094,0.047298438876509384
1725,0.062149014323949814,1.0,0.9805825352668762,0.9788714051246643,0.08109886210691078
1726,0.05524696409702301,1.0,0.9792585968971252,0.9774697422981262,0.05983996536017456
1727,0.05369828641414642,1.0,0.9805825352668762,0.9765353202819824,0.05492333321206619
1728,0.05734308063983917,1.0,0.9810238480567932,0.9767948985099792,0.10548763147871337
1729,0.05602533742785454,1.0,0.9814651608467102,0.9769506454467773,0.04714961522603595
1730,0.053225185722112656,1.0,0.9823477864265442,0.9770544767379761,0.049995227403958786
1731,0.05842155963182449,1.0,0.9836716651916504,0.9784560799598694,0.04804178021897729
1732,0.0518806166946888,1.0,0.9845542907714844,0.9797539114952087,0.048140326000971186
1733,0.05566011741757393,1.0,0.9841129779815674,0.9794424772262573,0.06026449120781176
1734,0.05845296010375023,1.0,0.9827890396118164,0.9773139953613281,0.13888594787720246
1735,0.059740401804447174,1.0,0.9801412224769592,0.975081741809845,0.07769046584311821
1736,0.05453642085194588,1.0,0.9836716651916504,0.9752894043922424,0.06214428377541609
1737,0.05509701371192932,1.0,0.9823477864265442,0.9756008982658386,0.04958051881169192
1738,0.05660680681467056,1.0,0.9805825352668762,0.9746664762496948,0.06267575599413008
1739,0.05559675768017769,1.0,0.9805825352668762,0.9737319946289062,0.09248103391533093
1740,0.058556053787469864,1.0,0.9796999096870422,0.9744588136672974,0.08831501857205107
1741,0.05397830903530121,1.0,0.977493405342102,0.9739915728569031,0.05950354213771449
1742,0.05333790183067322,1.0,0.9796999096870422,0.9726418256759644,0.08012046431552593
1743,0.05156522989273071,1.0,0.9801412224769592,0.9752894043922424,0.09144489020744656
1744,0.05514739081263542,1.0,0.9814651608467102,0.9768468141555786,0.06852955671922115
1745,0.05172017589211464,1.0,0.9823477864265442,0.9771063923835754,0.05613172184204941
1746,0.054409679025411606,1.0,0.9814651608467102,0.9768468141555786,0.08404945947360616
1747,0.06423541903495789,1.0,0.9805825352668762,0.9755489826202393,0.2099893105278335
1748,0.061403125524520874,1.0,0.977493405342102,0.9744588136672974,0.08018731622767215
1749,0.06850253790616989,1.0,0.977934718132019,0.9735763072967529,0.1668615122917445
1750,0.05567817762494087,1.0,0.9752868413925171,0.9723823070526123,0.11711649996910628
1751,0.056315623223781586,1.0,0.9752868413925171,0.971084475517273,0.10331192585229983
1752,0.05663052573800087,1.0,0.978376030921936,0.9724860787391663,0.19315365635237983
1753,0.058017317205667496,1.0,0.9801412224769592,0.9738877415657043,0.09916888475022648
1754,0.06254935264587402,1.0,0.9801412224769592,0.9751855731010437,0.10369496018716624
1755,0.05859175696969032,1.0,0.9792585968971252,0.9769506454467773,0.10806310664937507
1756,0.06638246774673462,1.0,0.9805825352668762,0.9776774048805237,0.11859373907631107
1757,0.0607113279402256,1.0,0.9814651608467102,0.9766391515731812,0.0885677138840243
1758,0.06476040184497833,1.0,0.9788172841072083,0.9757047295570374,0.0953313525951802
1759,0.06683909893035889,1.0,0.9805825352668762,0.9767429828643799,0.12493302367431382
1760,0.06777865439653397,1.0,0.9810238480567932,0.9800654053688049,0.111375973521885
1761,0.06538276374340057,1.0,0.9792585968971252,0.9781965613365173,0.14225408588535438
1762,0.06910289078950882,1.0,0.9761694669723511,0.9714997410774231,0.17876742475790292
1763,0.06149696558713913,1.0,0.9735216498374939,0.9726937413215637,0.1504617788953152
1764,0.05789617449045181,1.0,0.9717563986778259,0.9717593193054199,0.12721997435470014
1765,0.061250220984220505,1.0,0.9744042158126831,0.9699423909187317,0.1524677726026585
1766,0.07049895823001862,1.0,0.9761694669723511,0.9721227288246155,0.1753475971093856
1767,0.07036654651165009,1.0,0.9792585968971252,0.9757047295570374,0.19106713417429627
1768,0.06057906150817871,1.0,0.9801412224769592,0.9801692366600037,0.14106298388348962
1769,0.06372880190610886,1.0,0.9801412224769592,0.9805845618247986,0.12364792030475923
1770,0.06836041808128357,1.0,0.9770520925521851,0.9746664762496948,0.16580902824069496
1771,0.07862402498722076,0.9841129779815674,0.9576346278190613,0.9548876285552979,0.30621764976252236
1772,0.12913614511489868,0.9664607048034668,0.9461606740951538,0.9432591199874878,0.6744672683033404
1773,0.17339195311069489,0.9858782291412354,0.9589585065841675,0.955302894115448,0.8309612529124923
1774,0.1325872242450714,0.9849956035614014,0.9549867510795593,0.9531744718551636,0.33242581726705545
1775,0.12995558977127075,0.9761694669723511,0.9430714845657349,0.9394694566726685,0.24042727976292103
1776,0.18254472315311432,0.9443954229354858,0.9077669978141785,0.900950014591217,0.9260044031721718
1777,0.32747578620910645,0.9417476058006287,0.9152691960334778,0.9111249446868896,0.5270949007250727
1778,0.25178080797195435,0.9629302620887756,0.9373345375061035,0.9322535395622253,0.3460437685740887
1779,0.23926511406898499,0.9788172841072083,0.9390997290611267,0.936095118522644,0.4037400682883428
1780,0.22802963852882385,0.9682259559631348,0.9324801564216614,0.9247780442237854,0.6387388902995775
1781,0.20912513136863708,0.9849956035614014,0.9602824449539185,0.9518766403198242,0.5344624533163861
1782,0.1713903844356537,0.9858782291412354,0.9660194516181946,0.9606499671936035,0.2621032332467943
1783,0.1587032526731491,0.9867607951164246,0.9633715748786926,0.9589887261390686,0.2860232378769499
1784,0.1567605882883072,0.9832303524017334,0.9642542004585266,0.9579504728317261,0.24096365767659644
1785,0.14028406143188477,0.9858782291412354,0.9717563986778259,0.9659450650215149,0.24128221961249133
1786,0.13660041987895966,0.9947043061256409,0.9739629626274109,0.9721227288246155,0.2688741489375729
1787,0.13705173134803772,0.9982348084449768,0.9788172841072083,0.9747183918952942,0.20602167585279302
1788,0.1328842043876648,0.9902912974357605,0.9686672687530518,0.9627783894538879,0.21452659275708214
1789,0.12021908164024353,0.9938217401504517,0.9757281541824341,0.9693194031715393,0.1950325036993418
1790,0.11841809004545212,0.9964695572853088,0.9752868413925171,0.9705653190612793,0.2100481357854708
1791,0.10618878155946732,1.0,0.9805825352668762,0.9777812361717224,0.13092125656725917
1792,0.09547747671604156,1.0,0.9823477864265442,0.9804288148880005,0.15935327315377085
1793,0.09427846223115921,0.999117374420166,0.9858782291412354,0.9789233207702637,0.1726432799445889
1794,0.0899798572063446,0.999117374420166,0.9823477864265442,0.9766391515731812,0.12972438620935423
1795,0.08187662810087204,0.999117374420166,0.9863195419311523,0.9773139953613281,0.1270909073508198
1796,0.09300319105386734,1.0,0.9836716651916504,0.9765872359275818,0.1305608142750318
1797,0.07460098713636398,1.0,0.9819064736366272,0.9743030667304993,0.08409874843486519
1798,0.07756191492080688,1.0,0.9827890396118164,0.975081741809845,0.13422950183594962
1799,0.07938012480735779,0.999117374420166,0.9805825352668762,0.9737319946289062,0.11660733336164582
1800,0.07255679368972778,0.999117374420166,0.9845542907714844,0.9759643077850342,0.10515122235932427
1801,0.07338861376047134,1.0,0.9876434206962585,0.980221152305603,0.1081968052175144
1802,0.06654980033636093,1.0,0.9858782291412354,0.9791828989982605,0.16061463195987108
1803,0.06489937752485275,1.0,0.9810238480567932,0.9776254892349243,0.09019172095940066
1804,0.06360675394535065,1.0,0.978376030921936,0.976327657699585,0.1512506658860771
1805,0.06706055998802185,1.0,0.9810238480567932,0.9748221635818481,0.08401510222253468
1806,0.0682966485619545,1.0,0.9832303524017334,0.9761199951171875,0.12177508398407313
1807,0.06202827766537666,1.0,0.9832303524017334,0.9779888987541199,0.07229347423349022
1808,0.057358063757419586,1.0,0.9832303524017334,0.9785599112510681,0.053278208486831055
1809,0.06418900936841965,1.0,0.9832303524017334,0.97965008020401,0.1284859810138686
1810,0.06688292324542999,1.0,0.9836716651916504,0.97965008020401,0.09771865143705612
1811,0.058884140104055405,1.0,0.9858782291412354,0.9802730679512024,0.07625304823511261
1812,0.05774766951799393,1.0,0.9867607951164246,0.9809479117393494,0.060975760005547504
1813,0.05522806942462921,1.0,0.9841129779815674,0.9806883335113525,0.05484958897504166
1814,0.05985928699374199,1.0,0.9849956035614014,0.9797019958496094,0.1867755157854143
1815,0.06236093491315842,1.0,0.9810238480567932,0.97715824842453,0.08256983852538713
1816,0.0646236315369606,0.999117374420166,0.9805825352668762,0.9758085608482361,0.08111112018599792
1817,0.05521455407142639,0.999117374420166,0.9814651608467102,0.9758085608482361,0.0643331813619089
1818,0.062234487384557724,0.999117374420166,0.9801412224769592,0.9762757420539856,0.09606111378002617
1819,0.05906098708510399,0.999117374420166,0.9819064736366272,0.9767948985099792,0.09063763408648753
1820,0.05305110663175583,1.0,0.9819064736366272,0.976898729801178,0.07489803700215196
1821,0.055417079478502274,1.0,0.9792585968971252,0.9763795733451843,0.07070735653970686
1822,0.06549005210399628,1.0,0.9819064736366272,0.9788194894790649,0.1542824077934906
1823,0.06141789257526398,1.0,0.9849956035614014,0.9791309833526611,0.17390421096436082
1824,0.052537646144628525,1.0,0.9867607951164246,0.9799096584320068,0.07631975779183538
1825,0.05671676993370056,1.0,0.9876434206962585,0.9807921648025513,0.09362142563899829
1826,0.0558132566511631,1.0,0.9880847334861755,0.9814151525497437,0.08461756794802562
1827,0.05465113744139671,1.0,0.9867607951164246,0.9814151525497437,0.07935593039367467
1828,0.060534242540597916,1.0,0.9854369163513184,0.9813632369041443,0.11482607112407213
1829,0.05433345213532448,1.0,0.9836716651916504,0.9797539114952087,0.07893187166124997
1830,0.05543196201324463,1.0,0.9845542907714844,0.9787156581878662,0.06264214758512884
1831,0.05850258842110634,1.0,0.9823477864265442,0.97840416431427,0.11071144589835305
1832,0.05936120077967644,1.0,0.9823477864265442,0.9787156581878662,0.14108304447613582
1833,0.04971470311284065,1.0,0.9819064736366272,0.9797019958496094,0.07390157875808911
1834,0.06056750565767288,1.0,0.9836716651916504,0.9801173210144043,0.08027483870994502
1835,0.05442424491047859,1.0,0.9845542907714844,0.9802730679512024,0.11761425986793454
1836,0.059022799134254456,1.0,0.9836716651916504,0.9804807305335999,0.11571032434761372
1837,0.05620814114809036,1.0,0.9845542907714844,0.9797539114952087,0.07864704070350233
1838,0.0569474995136261,1.0,0.9858782291412354,0.9805845618247986,0.10820306851275178
1839,0.056510381400585175,1.0,0.9832303524017334,0.9800134897232056,0.07273300111772954
1840,0.06140336021780968,1.0,0.9836716651916504,0.9795462489128113,0.08127763293515708
1841,0.05841671675443649,1.0,0.9827890396118164,0.9790271520614624,0.11549549073788794
1842,0.06028928607702255,1.0,0.9827890396118164,0.9790271520614624,0.09372721451973931
1843,0.05632542073726654,1.0,0.9849956035614014,0.9801692366600037,0.12458808611887177
1844,0.05098409205675125,1.0,0.9876434206962585,0.981467068195343,0.07312502997759722
1845,0.05777168646454811,1.0,0.9867607951164246,0.9813632369041443,0.11554885602033824
1846,0.057354219257831573,1.0,0.9845542907714844,0.9810517430305481,0.09860099702265541
1847,0.05879589915275574,1.0,0.9832303524017334,0.9811036586761475,0.16504939271531074
1848,0.062403786927461624,1.0,0.9819064736366272,0.9805845618247986,0.15584516218228353
1849,0.05578482896089554,1.0,0.9801412224769592,0.9766910672187805,0.1260239062091728
1850,0.06238104775547981,0.999117374420166,0.9744042158126831,0.971915066242218,0.1320889053219934
1851,0.07097651064395905,0.999117374420166,0.9792585968971252,0.9730571508407593,0.26351894392169406
1852,0.0658426582813263,0.9894086718559265,0.970432460308075,0.9658412337303162,0.4200630898500171
1853,0.08381053060293198,1.0,0.9827890396118164,0.97715824842453,0.4702815261513544
1854,0.06414805352687836,0.9902912974357605,0.9655781388282776,0.9609614014625549,0.15798626470961236
1855,0.09406612813472748,0.999117374420166,0.970432460308075,0.9624149799346924,0.48362848953007065
1856,0.07219288498163223,0.9752868413925171,0.9324801564216614,0.9311633706092834,0.18551929812643125
1857,0.15500608086585999,0.9841129779815674,0.9585171937942505,0.9573274850845337,0.6533161821701691
1858,0.13531342148780823,0.9982348084449768,0.9796999096870422,0.9780927300453186,0.5642267180385269
1859,0.1099429726600647,0.9947043061256409,0.9748455286026001,0.9704095721244812,0.27071537498142506
1860,0.09658919274806976,1.0,0.977934718132019,0.9754970669746399,0.24898540239081934
1861,0.09183996915817261,0.999117374420166,0.9739629626274109,0.9702538251876831,0.21670713316149293
1862,0.08833476901054382,0.9982348084449768,0.9721977114677429,0.9681254029273987,0.2029986310109222
1863,0.09688448905944824,1.0,0.977934718132019,0.9740434885025024,0.25250950689991014
1864,0.08633630722761154,1.0,0.9788172841072083,0.9743030667304993,0.16687286948667338
1865,0.08428661525249481,1.0,0.9792585968971252,0.9758604764938354,0.15371037892507952
1866,0.07196853309869766,1.0,0.9823477864265442,0.9774178266525269,0.15822552584970567
1867,0.07243504375219345,1.0,0.9827890396118164,0.9798577427864075,0.1313917169391371
1868,0.07744061946868896,1.0,0.9801412224769592,0.980221152305603,0.1401348250306657
1869,0.08119814842939377,1.0,0.977493405342102,0.9762757420539856,0.2777055395869588
1870,0.07089900225400925,1.0,0.9752868413925171,0.9695789813995361,0.12246101295582391
1871,0.0769253522157669,1.0,0.9796999096870422,0.9726418256759644,0.19888135525320008
1872,0.07091296464204788,1.0,0.978376030921936,0.9738877415657043,0.15031490310329587
1873,0.08277365565299988,1.0,0.977934718132019,0.9739915728569031,0.2302390091034595
1874,0.06429820507764816,1.0,0.9761694669723511,0.973835825920105,0.10848080174317047
1875,0.06256493926048279,1.0,0.9788172841072083,0.9767429828643799,0.12059118488474888
1876,0.07272419333457947,1.0,0.9792585968971252,0.9760680794715881,0.20988388220851492
1877,0.06779102981090546,1.0,0.9788172841072083,0.9750298261642456,0.09815518090649283
1878,0.06695853173732758,1.0,0.9796999096870422,0.9764314889907837,0.138035441306695
1879,0.06865039467811584,1.0,0.9770520925521851,0.9733167290687561,0.13553202832319675
1880,0.06284907460212708,1.0,0.9792585968971252,0.9724342226982117,0.0985743090692729
1881,0.0800343006849289,1.0,0.9796999096870422,0.977729320526123,0.18880329001737822
1882,0.06275583058595657,1.0,0.9814651608467102,0.9826610684394836,0.15211757422315536
1883,0.06197153031826019,1.0,0.9845542907714844,0.9843222498893738,0.093223488031294
1884,0.06376069784164429,1.0,0.9841129779815674,0.98338782787323,0.16855615285967093
1885,0.060766760259866714,1.0,0.9796999096870422,0.9789233207702637,0.09458423918773246
1886,0.06696628779172897,1.0,0.9801412224769592,0.9779369831085205,0.15105251617161514
1887,0.0642709881067276,1.0,0.9841129779815674,0.9797539114952087,0.1486130594637848
1888,0.057571493089199066,1.0,0.9836716651916504,0.9792867302894592,0.08885162489869779
1889,0.06499757617712021,1.0,0.9805825352668762,0.9787675738334656,0.13467228857165128
1890,0.06958093494176865,1.0,0.9801412224769592,0.9770025610923767,0.22531416991388484
1891,0.056248053908348083,1.0,0.9766107797622681,0.9728494882583618,0.07856777516377242
1892,0.05676120147109032,1.0,0.9766107797622681,0.9739396572113037,0.09935685274988834
1893,0.06538070738315582,1.0,0.9854369163513184,0.9819861650466919,0.1491758435057517
1894,0.05846462771296501,1.0,0.9867607951164246,0.9833359122276306,0.11344769684775338
1895,0.05643497407436371,1.0,0.9902912974357605,0.9820899963378906,0.08753110156038553
1896,0.06626544892787933,1.0,0.9863195419311523,0.9822457432746887,0.164715501977363
1897,0.06396389752626419,1.0,0.9858782291412354,0.9807921648025513,0.15656949041967466
1898,0.06333965063095093,1.0,0.9832303524017334,0.97840416431427,0.15900994844594848
1899,0.06518573313951492,1.0,0.978376030921936,0.9758085608482361,0.17229391245345377
1900,0.06062248349189758,1.0,0.9796999096870422,0.9774178266525269,0.12138519825620218
1901,0.0593411959707737,1.0,0.9801412224769592,0.9783003330230713,0.11646858185523422
1902,0.06105690822005272,1.0,0.977493405342102,0.9786637425422668,0.1216761891593514
1903,0.057533446699380875,1.0,0.9770520925521851,0.9787156581878662,0.17746948746657779
1904,0.056322723627090454,1.0,0.9810238480567932,0.9804288148880005,0.11780219974917858
1905,0.04869938641786575,1.0,0.9819064736366272,0.9800654053688049,0.05571912130913585
1906,0.05308622121810913,1.0,0.9849956035614014,0.9812594056129456,0.102201791144863
1907,0.06166646257042885,1.0,0.9845542907714844,0.9811555743217468,0.09608369786983179
1908,0.061616700142621994,1.0,0.9823477864265442,0.9794943332672119,0.11151983997350075
1909,0.06295379996299744,1.0,0.9819064736366272,0.9788194894790649,0.19604912803057023
1910,0.06401968002319336,1.0,0.9801412224769592,0.9794424772262573,0.1741348586951299
1911,0.05766212195158005,1.0,0.9810238480567932,0.9795981645584106,0.1060232399769115
1912,0.05660092085599899,1.0,0.9810238480567932,0.9809998273849487,0.12556565643296805
1913,0.05932847410440445,1.0,0.9827890396118164,0.9803249835968018,0.13423390122619724
1914,0.06039408594369888,1.0,0.9801412224769592,0.9774178266525269,0.1507421391409383
1915,0.06274500489234924,1.0,0.9757281541824341,0.9748221635818481,0.14578221595761964
1916,0.07028083503246307,1.0,0.9801412224769592,0.977573573589325,0.1495101333660821
1917,0.05860762670636177,1.0,0.9814651608467102,0.97840416431427,0.10454081729947634
1918,0.06337916851043701,1.0,0.9823477864265442,0.9806364178657532,0.1514465044546277
1919,0.05091908946633339,1.0,0.9827890396118164,0.9809998273849487,0.08473540771231808
1920,0.054720617830753326,1.0,0.9814651608467102,0.981467068195343,0.08432139296135116
1921,0.05096874013543129,1.0,0.9814651608467102,0.9803249835968018,0.0770812960708985
1922,0.05494961887598038,1.0,0.9814651608467102,0.9817785620689392,0.0719812400526995
1923,0.05718903988599777,1.0,0.9836716651916504,0.9829725027084351,0.14049686589742721
1924,0.056454550474882126,1.0,0.9849956035614014,0.9825572371482849,0.0986847666394795
1925,0.058080755174160004,1.0,0.9832303524017334,0.9785079956054688,0.13248564127575363
1926,0.0602242648601532,1.0,0.9801412224769592,0.9771063923835754,0.10792007818042423
1927,0.05750468000769615,1.0,0.9761694669723511,0.9762238264083862,0.129422951109913
1928,0.05236749351024628,1.0,0.9761694669723511,0.9779369831085205,0.09515454932864272
1929,0.05907372012734413,1.0,0.977934718132019,0.9783003330230713,0.1247799821977419
1930,0.05626217648386955,1.0,0.977934718132019,0.9756008982658386,0.17677470078044677
1931,0.05371987447142601,1.0,0.9730803370475769,0.9739915728569031,0.10706455439387497
1932,0.05225776880979538,1.0,0.9739629626274109,0.9751855731010437,0.0888785441047542
1933,0.06187121197581291,1.0,0.978376030921936,0.9774178266525269,0.13218007625531839
1934,0.061792585998773575,1.0,0.9805825352668762,0.9770544767379761,0.12507326928387758
1935,0.05912728235125542,1.0,0.9792585968971252,0.9766910672187805,0.10334930595855693
1936,0.05533658340573311,1.0,0.977493405342102,0.9765353202819824,0.13286419970599897
1937,0.06489647924900055,1.0,0.9801412224769592,0.9774697422981262,0.15040489142318036
1938,0.06083090603351593,1.0,0.9801412224769592,0.9773139953613281,0.25614564150035823
1939,0.06324359029531479,1.0,0.978376030921936,0.9755489826202393,0.11405643784495947
1940,0.05923974886536598,1.0,0.9770520925521851,0.9748221635818481,0.12164292570870383
1941,0.06255979835987091,1.0,0.9792585968971252,0.9772101640701294,0.15977695199441352
1942,0.062428925186395645,1.0,0.9788172841072083,0.9772620797157288,0.1339849973560886
1943,0.058594536036252975,1.0,0.9761694669723511,0.9744588136672974,0.10558597758246378
1944,0.060986705124378204,1.0,0.977493405342102,0.9744588136672974,0.17357311251095553
1945,0.08177193254232407,1.0,0.9792585968971252,0.9752894043922424,0.2963206487570707
1946,0.07963521033525467,1.0,0.9788172841072083,0.9774178266525269,0.23820687636191393
1947,0.07490751892328262,1.0,0.9836716651916504,0.9787675738334656,0.16499226480822923
1948,0.0721609964966774,0.999117374420166,0.9810238480567932,0.9778850674629211,0.25585236333173
1949,0.06738102436065674,0.999117374420166,0.9761694669723511,0.9726937413215637,0.15497391797659202
1950,0.09120210260152817,1.0,0.978376030921936,0.9738877415657043,0.22202576694905604
1951,0.06786110252141953,1.0,0.9796999096870422,0.9770025610923767,0.16637049877405222
1952,0.07085539400577545,1.0,0.9819064736366272,0.9799096584320068,0.15380495680660877
1953,0.06938000023365021,1.0,0.9796999096870422,0.9812594056129456,0.1584800635894967
1954,0.07533008605241776,1.0,0.977493405342102,0.9813113212585449,0.16759383388845805
1955,0.07110133022069931,1.0,0.978376030921936,0.9778850674629211,0.17264606438546104
1956,0.0664236769080162,1.0,0.9721977114677429,0.969423234462738,0.18605153533708366
1957,0.07370523363351822,1.0,0.9757281541824341,0.9756008982658386,0.2793605270118911
1958,0.07188241928815842,1.0,0.9770520925521851,0.9785079956054688,0.3556565429079292
1959,0.07541188597679138,1.0,0.9805825352668762,0.9812074899673462,0.2648699957779424
1960,0.07483063638210297,1.0,0.9832303524017334,0.9806883335113525,0.1618675667495318
1961,0.07888877391815186,1.0,0.9814651608467102,0.9783522486686707,0.18709134840615035
1962,0.06499914079904556,1.0,0.978376030921936,0.9780408143997192,0.12347069767576621
1963,0.08080807328224182,1.0,0.9823477864265442,0.9825053215026855,0.3365829664977923
1964,0.07233390212059021,1.0,0.9810238480567932,0.9805326461791992,0.13521880408091377
1965,0.07364461570978165,1.0,0.9801412224769592,0.9800654053688049,0.18035837266578095
1966,0.07388710230588913,1.0,0.9761694669723511,0.9798058271408081,0.166695262862037
1967,0.08471421897411346,1.0,0.9735216498374939,0.9770025610923767,0.19254065881082752
1968,0.06571529805660248,1.0,0.9735216498374939,0.9736800789833069,0.13141848104221443
1969,0.07320049405097961,1.0,0.9770520925521851,0.9737319946289062,0.15982038735287582
1970,0.08112097531557083,1.0,0.9801412224769592,0.9790790677070618,0.18923181786352292
1971,0.08812909573316574,1.0,0.9819064736366272,0.981467068195343,0.26806265081215297
1972,0.07559017837047577,1.0,0.9823477864265442,0.9798058271408081,0.1797022624153525
1973,0.07236412167549133,0.999117374420166,0.9770520925521851,0.9741473197937012,0.15350994566429524
1974,0.07171031832695007,1.0,0.9796999096870422,0.9746664762496948,0.1562744510786507
1975,0.07615050673484802,1.0,0.9827890396118164,0.9818823337554932,0.18133757689748642
1976,0.06784270703792572,1.0,0.9819064736366272,0.9812074899673462,0.1469789137319613
1977,0.0816015973687172,1.0,0.9841129779815674,0.9822976589202881,0.20432983919945613
1978,0.0709395781159401,1.0,0.9827890396118164,0.9789233207702637,0.16443332361187926
1979,0.07494411617517471,1.0,0.978376030921936,0.9757047295570374,0.1729911812207414
1980,0.06464564055204391,1.0,0.9686672687530518,0.9667237401008606,0.13874865974376333
1981,0.07439307123422623,1.0,0.977493405342102,0.9774697422981262,0.23758195600472473
1982,0.061539020389318466,1.0,0.9788172841072083,0.9771063923835754,0.15637466598948604
1983,0.07505611330270767,1.0,0.9827890396118164,0.9822976589202881,0.200286275072145
1984,0.061867836862802505,1.0,0.9770520925521851,0.9766910672187805,0.10884216077415106
1985,0.07026407122612,1.0,0.9814651608467102,0.9798058271408081,0.17022123618366486
1986,0.06289035826921463,1.0,0.9849956035614014,0.9836993217468262,0.15169177516389823
1987,0.06700022518634796,1.0,0.9819064736366272,0.98214191198349,0.16264454288481595
1988,0.06729275733232498,1.0,0.9845542907714844,0.9834397435188293,0.1528123330496542
1989,0.06986941397190094,1.0,0.9832303524017334,0.9820380806922913,0.15591759609632247
1990,0.05982303246855736,1.0,0.978376030921936,0.9761719107627869,0.09402950277905688
1991,0.06250543892383575,1.0,0.9805825352668762,0.9746664762496948,0.16909165268436777
1992,0.058054015040397644,0.999117374420166,0.977493405342102,0.969423234462738,0.10472714735688454
1993,0.07183796167373657,1.0,0.9849956035614014,0.9798058271408081,0.2319471595272765
1994,0.05116783082485199,1.0,0.9854369163513184,0.977729320526123,0.09819843345959417
1995,0.06247776374220848,1.0,0.9841129779815674,0.9800134897232056,0.21556238325288452
1996,0.05878962203860283,0.999117374420166,0.9770520925521851,0.9772620797157288,0.1275947148116384
1997,0.05598108470439911,0.999117374420166,0.9721977114677429,0.969423234462738,0.10444589437798715
1998,0.06618469208478928,1.0,0.977934718132019,0.9739915728569031,0.16738587665102447
1999,0.04880417138338089,1.0,0.9805825352668762,0.9783003330230713,0.11352284954801026
2000,0.055620454251766205,1.0,0.9823477864265442,0.9794424772262573,0.08322812896455568
2001,0.05334434285759926,1.0,0.9832303524017334,0.9801173210144043,0.08922749330535382
2002,0.05077173560857773,1.0,0.9788172841072083,0.9786637425422668,0.08924306870597602
2003,0.051378872245550156,1.0,0.9770520925521851,0.976327657699585,0.07720235115123351
2004,0.05256287008523941,1.0,0.977934718132019,0.9766391515731812,0.13955216963663208
2005,0.04852839931845665,1.0,0.977934718132019,0.9766910672187805,0.06704662002786757
2006,0.0513552762567997,1.0,0.9827890396118164,0.9790790677070618,0.11944690669051825
2007,0.05118415504693985,1.0,0.9845542907714844,0.9819861650466919,0.11045275715356094
2008,0.05069126561284065,1.0,0.9858782291412354,0.9843222498893738,0.07569178567667297
2009,0.04614035412669182,1.0,0.9858782291412354,0.9844779968261719,0.06911576288823972
2010,0.06143122538924217,1.0,0.9845542907714844,0.9836474061012268,0.12255991535268747
2011,0.0476803295314312,1.0,0.9841129779815674,0.9813632369041443,0.0629917962882
2012,0.05367308855056763,1.0,0.9814651608467102,0.97840416431427,0.1008979327614642
2013,0.059768494218587875,1.0,0.9823477864265442,0.9787156581878662,0.10512005615895863
2014,0.0512189082801342,1.0,0.9810238480567932,0.9779369831085205,0.1401162053459255
2015,0.04743875935673714,1.0,0.9827890396118164,0.9787156581878662,0.06955935398718692
2016,0.04816073179244995,1.0,0.9801412224769592,0.9777812361717224,0.06492463935485762
2017,0.049180395901203156,1.0,0.9810238480567932,0.9774697422981262,0.1190857645232262
2018,0.053093019872903824,1.0,0.9801412224769592,0.9766910672187805,0.12977320884210736
2019,0.05173414200544357,1.0,0.9796999096870422,0.97840416431427,0.125909275411058
2020,0.05074149742722511,1.0,0.9801412224769592,0.9790271520614624,0.07443458973724532
2021,0.04366298392415047,1.0,0.978376030921936,0.9757566452026367,0.06457093555254172
2022,0.057364385575056076,1.0,0.9770520925521851,0.9761199951171875,0.137645387287041
2023,0.05152974650263786,1.0,0.9766107797622681,0.9760161638259888,0.11322390946815002
2024,0.05628864839673042,1.0,0.9814651608467102,0.9787675738334656,0.12915136135172514
2025,0.05634850636124611,1.0,0.9796999096870422,0.9783522486686707,0.12271175215254984
2026,0.05326863378286362,1.0,0.978376030921936,0.9774178266525269,0.1100899769244781
2027,0.05170847848057747,1.0,0.977493405342102,0.9758604764938354,0.14784744753185775
2028,0.05307511240243912,1.0,0.977493405342102,0.975652813911438,0.08218663130458026
2029,0.056603945791721344,1.0,0.9792585968971252,0.9776254892349243,0.13097361078922642
2030,0.053372204303741455,1.0,0.9805825352668762,0.9775216579437256,0.09729701565007899
2031,0.05738230422139168,1.0,0.9770520925521851,0.9750298261642456,0.10220310856352507
2032,0.05484510958194733,1.0,0.9744042158126831,0.9717593193054199,0.09957063001526854
2033,0.05298362672328949,1.0,0.9730803370475769,0.9699423909187317,0.11478661104951812
2034,0.051163893193006516,1.0,0.9739629626274109,0.9689041376113892,0.09381887693056329
2035,0.05506099388003349,1.0,0.9801412224769592,0.9767429828643799,0.14614545745304372
2036,0.060969434678554535,1.0,0.9805825352668762,0.9776774048805237,0.1454663209765281
2037,0.054879918694496155,1.0,0.9805825352668762,0.9791309833526611,0.13639470816409852
2038,0.0559249185025692,1.0,0.9814651608467102,0.9781965613365173,0.14083456758661533
2039,0.050552841275930405,1.0,0.9761694669723511,0.9730571508407593,0.16807524293726195
2040,0.05370786786079407,1.0,0.9788172841072083,0.9786637425422668,0.1513743965942354
2041,0.0647638663649559,1.0,0.9761694669723511,0.97715824842453,0.29321446363004067
2042,0.06477499008178711,1.0,0.9708737730979919,0.9733686447143555,0.1406795851910813
2043,0.07264889776706696,1.0,0.9766107797622681,0.9754970669746399,0.24992055237083313
2044,0.0502314418554306,1.0,0.9713150858879089,0.971240222454071,0.11816462351661397
2045,0.07525347918272018,1.0,0.9730803370475769,0.9758085608482361,0.21506706175098872
2046,0.05708371475338936,1.0,0.9757281541824341,0.9764314889907837,0.11905864931241392
2047,0.06955283135175705,1.0,0.9748455286026001,0.9760161638259888,0.2234149602555388
2048,0.061459317803382874,1.0,0.9805825352668762,0.9773139953613281,0.22983169606316764
2049,0.06519753485918045,1.0,0.978376030921936,0.9773659110069275,0.17490793757975953
2050,0.06999457627534866,1.0,0.9744042158126831,0.9760680794715881,0.23664866659654463
2051,0.07430171221494675,1.0,0.9766107797622681,0.976898729801178,0.17537118588233605
2052,0.07378561794757843,1.0,0.9805825352668762,0.9799615740776062,0.2754619456682067
2053,0.06322620064020157,1.0,0.9770520925521851,0.9734724760055542,0.13163620476715313
2054,0.08392756432294846,1.0,0.977934718132019,0.9770544767379761,0.24386900869584513
2055,0.0687125101685524,1.0,0.9796999096870422,0.9773659110069275,0.21802577172410426
2056,0.07466176152229309,1.0,0.9735216498374939,0.971240222454071,0.20370925310963806
2057,0.09011588990688324,1.0,0.9677846431732178,0.9663084745407104,0.26554878958269496
2058,0.08993562310934067,1.0,0.9664607048034668,0.9685407280921936,0.23636868374270684
2059,0.09959381818771362,0.9805825352668762,0.9461606740951538,0.9460623860359192,0.40419193647432783
2060,0.17808307707309723,0.9823477864265442,0.9364519119262695,0.9332917928695679,1.0197320661892268
2061,0.26490530371665955,0.9735216498374939,0.9298323392868042,0.9288792014122009,0.8268717839522707
2062,0.29983097314834595,0.949691116809845,0.9143865704536438,0.9159528613090515,0.9002431651915731
2063,0.32138365507125854,0.9311562180519104,0.8870255947113037,0.8842859268188477,1.1513683899560998
2064,0.41388624906539917,0.9682259559631348,0.918799638748169,0.9178736209869385,0.8722109171991664
2065,0.39020755887031555,0.9761694669723511,0.9377758502960205,0.9349011182785034,0.7027793506558395
2066,0.2924395203590393,0.977934718132019,0.9386584162712097,0.9306442141532898,0.6437766865060889
2067,0.2888290286064148,0.9796999096870422,0.9461606740951538,0.9467892050743103,0.5548223459390667
2068,0.24568897485733032,0.9823477864265442,0.9549867510795593,0.9543165564537048,0.3822791222458323
2069,0.24858687818050385,0.9841129779815674,0.9593998193740845,0.9592483043670654,0.41101831082784396
2070,0.1903015524148941,0.9841129779815674,0.9567520022392273,0.9575870633125305,0.22935112792867007
2071,0.17213135957717896,0.9849956035614014,0.9602824449539185,0.9564968943595886,0.19778409266845368
2072,0.17683188617229462,0.9841129779815674,0.9642542004585266,0.9616363048553467,0.19961796321468744
2073,0.15262143313884735,0.9841129779815674,0.9682259559631348,0.9664123058319092,0.15639530797623943
2074,0.14351074397563934,0.9876434206962585,0.9695498943328857,0.9672948122024536,0.12679362129007626
2075,0.13706764578819275,0.9894086718559265,0.9721977114677429,0.9678658246994019,0.12261425962365706
2076,0.12836779654026031,0.9938217401504517,0.9721977114677429,0.9711883068084717,0.11808016602595604
2077,0.12838004529476166,0.9955869317054749,0.978376030921936,0.9742511510848999,0.1510295346297355
2078,0.11375110596418381,0.9920564889907837,0.9735216498374939,0.9703576564788818,0.1532040407310664
2079,0.10950107127428055,0.9911738634109497,0.9748455286026001,0.968592643737793,0.15754250591610333
2080,0.1142461746931076,0.9894086718559265,0.9766107797622681,0.9711363911628723,0.13363187333470467
2081,0.09958596527576447,0.9929391145706177,0.977493405342102,0.9724342226982117,0.10244289893986562
2082,0.11582798510789871,0.999117374420166,0.9788172841072083,0.9758085608482361,0.15080550859339942
2083,0.10133074223995209,0.999117374420166,0.9814651608467102,0.9780408143997192,0.15928537558126682
2084,0.08647777885198593,0.9982348084449768,0.9814651608467102,0.975081741809845,0.09182368835899998
2085,0.08487606048583984,0.9964695572853088,0.9788172841072083,0.9727975726127625,0.06604176079899676
2086,0.07588896155357361,0.9955869317054749,0.9770520925521851,0.9718112349510193,0.06810013017320768
2087,0.07873345166444778,0.9982348084449768,0.9801412224769592,0.9746664762496948,0.09150949144347172
2088,0.07560259848833084,0.999117374420166,0.9832303524017334,0.9780408143997192,0.11306559402231678
2089,0.07098133862018585,0.9982348084449768,0.9814651608467102,0.9792867302894592,0.06956817369308355
2090,0.07193871587514877,0.999117374420166,0.9823477864265442,0.9800134897232056,0.06793741881333554
2091,0.07097917795181274,0.999117374420166,0.9841129779815674,0.9801692366600037,0.08071316558746598
2092,0.07373908907175064,1.0,0.9854369163513184,0.9790271520614624,0.09140874411469299
2093,0.06675442308187485,1.0,0.9836716651916504,0.9784560799598694,0.05551576207885773
2094,0.05940301716327667,1.0,0.9849956035614014,0.9785079956054688,0.05865070318145721
2095,0.06947487592697144,0.999117374420166,0.9836716651916504,0.9783522486686707,0.09910018163639465
2096,0.06639307737350464,0.999117374420166,0.9841129779815674,0.9783003330230713,0.05542318708601876
2097,0.06477421522140503,1.0,0.9845542907714844,0.978975236415863,0.07638879109084379
2098,0.0599743127822876,1.0,0.9845542907714844,0.9801173210144043,0.0616387366628089
2099,0.05628719553351402,1.0,0.9836716651916504,0.9797019958496094,0.037942165277202386
2100,0.06556686013936996,1.0,0.9849956035614014,0.9803249835968018,0.05762503507884313
2101,0.0585128515958786,1.0,0.9845542907714844,0.9811036586761475,0.047885229466507244
2102,0.05302833393216133,1.0,0.9845542907714844,0.9815708994865417,0.04059852771463523
2103,0.06528236716985703,1.0,0.9832303524017334,0.9811036586761475,0.0666411809346325
2104,0.059414345771074295,1.0,0.9832303524017334,0.9801173210144043,0.04379089028474472
2105,0.05991506949067116,1.0,0.9832303524017334,0.9804288148880005,0.04734684439495846
2106,0.060576360672712326,1.0,0.9832303524017334,0.9806364178657532,0.05361958881870313
2107,0.05407939478754997,1.0,0.9836716651916504,0.9809998273849487,0.05245890956208288
2108,0.056460004299879074,1.0,0.9841129779815674,0.9809998273849487,0.03707329194171902
2109,0.06173311546444893,1.0,0.9841129779815674,0.9800134897232056,0.12040323983827757
2110,0.05103303864598274,1.0,0.9845542907714844,0.9791309833526611,0.04249922772850995
2111,0.05538220703601837,1.0,0.9845542907714844,0.9792867302894592,0.0456414143482725
2112,0.05464629456400871,1.0,0.9849956035614014,0.9800134897232056,0.04632004616501782
2113,0.05185803025960922,1.0,0.9845542907714844,0.9806364178657532,0.04589362056577404
2114,0.05273986607789993,1.0,0.9849956035614014,0.9807921648025513,0.03901433639026179
2115,0.05138549581170082,1.0,0.9858782291412354,0.9807921648025513,0.046885521716486654
2116,0.059647999703884125,1.0,0.9858782291412354,0.9808440804481506,0.08587938648071977
2117,0.04788518324494362,1.0,0.9858782291412354,0.9803768992424011,0.047394302720734464
2118,0.057803843170404434,1.0,0.9849956035614014,0.9799615740776062,0.07992034803684388
2119,0.05230662226676941,1.0,0.9849956035614014,0.9798577427864075,0.05582255378978186
2120,0.05147044360637665,1.0,0.9827890396118164,0.9798058271408081,0.07294843536985782
2121,0.05207165703177452,1.0,0.9832303524017334,0.9789233207702637,0.04049667450988674
2122,0.055610571056604385,1.0,0.9841129779815674,0.9793386459350586,0.05352490038113184
2123,0.052360620349645615,1.0,0.9832303524017334,0.9797019958496094,0.04172748901645324
2124,0.05242582783102989,1.0,0.9819064736366272,0.9790271520614624,0.05576581304146491
2125,0.05797795578837395,1.0,0.9823477864265442,0.9786118268966675,0.08193177654656321
2126,0.05557946115732193,1.0,0.9823477864265442,0.9794943332672119,0.06346115182568225
2127,0.05612006038427353,1.0,0.9819064736366272,0.9795981645584106,0.0857917233500625
2128,0.05440324544906616,1.0,0.9832303524017334,0.9798058271408081,0.06817652575203423
2129,0.04835868254303932,1.0,0.9845542907714844,0.9809998273849487,0.06325816480576263
2130,0.05493950471282005,1.0,0.9823477864265442,0.9819342494010925,0.12464106398821505
2131,0.05338283255696297,1.0,0.9827890396118164,0.9818823337554932,0.06916186779178927
2132,0.05575958639383316,1.0,0.9805825352668762,0.9807921648025513,0.06757867450069617
2133,0.049159493297338486,1.0,0.9819064736366272,0.9800134897232056,0.04327092211572987
2134,0.0572524257004261,1.0,0.9814651608467102,0.9817266464233398,0.09522516860597798
2135,0.054100796580314636,1.0,0.9801412224769592,0.9806364178657532,0.054547579877182534
2136,0.05105264112353325,1.0,0.9814651608467102,0.9801692366600037,0.0610146616114083
2137,0.0529676154255867,1.0,0.9827890396118164,0.9799096584320068,0.11024690986453521
2138,0.053149595856666565,1.0,0.9841129779815674,0.9794943332672119,0.06401049887596917
2139,0.054254502058029175,1.0,0.9823477864265442,0.9795462489128113,0.06754679516138767
2140,0.05270586535334587,1.0,0.9827890396118164,0.9799615740776062,0.06437571984724907
2141,0.0506054125726223,1.0,0.9819064736366272,0.9804807305335999,0.05794958953961443
2142,0.05138731747865677,1.0,0.9814651608467102,0.9795462489128113,0.11084772920339656
2143,0.0529329776763916,1.0,0.9810238480567932,0.9799096584320068,0.06757089559434963
2144,0.05271565169095993,1.0,0.9814651608467102,0.9794424772262573,0.06196549341628334
2145,0.05115051567554474,1.0,0.9814651608467102,0.97965008020401,0.0823802235353045
2146,0.053258463740348816,1.0,0.9792585968971252,0.980221152305603,0.2376208520230202
2147,0.053952645510435104,1.0,0.9770520925521851,0.9797539114952087,0.08070796862408784
2148,0.04936771094799042,1.0,0.9766107797622681,0.9774697422981262,0.05767482531220245
2149,0.05626529082655907,1.0,0.977934718132019,0.9761719107627869,0.08743323508901973
2150,0.04819682613015175,1.0,0.9766107797622681,0.9755489826202393,0.07790430973501421
2151,0.06735064089298248,1.0,0.9757281541824341,0.9754451513290405,0.20498163280949114
2152,0.05834798142313957,1.0,0.978376030921936,0.9773659110069275,0.14828820130719647
2153,0.054896142333745956,1.0,0.9810238480567932,0.9794943332672119,0.15257225091177143
2154,0.06018143147230148,1.0,0.9792585968971252,0.9782484769821167,0.11893034963904531
2155,0.05035262182354927,1.0,0.9788172841072083,0.9751336574554443,0.08031686206252674
2156,0.059509169310331345,1.0,0.9770520925521851,0.9722265601158142,0.204306839163679
2157,0.06230654567480087,1.0,0.9766107797622681,0.9746664762496948,0.1701259947857568
2158,0.06625732034444809,1.0,0.9770520925521851,0.9741992354393005,0.21500437014542928
2159,0.06410397589206696,1.0,0.9810238480567932,0.9745626449584961,0.13463037871438505
2160,0.06145864352583885,1.0,0.978376030921936,0.9754451513290405,0.1253798090693782
2161,0.0655827596783638,1.0,0.9766107797622681,0.9752374887466431,0.15925548138685988
2162,0.07059279084205627,1.0,0.9792585968971252,0.9771063923835754,0.1636569445130873
2163,0.0786876231431961,1.0,0.9739629626274109,0.971343994140625,0.2065675784714731
2164,0.06757951527833939,1.0,0.978376030921936,0.9759643077850342,0.21691862050552074
2165,0.06817799061536789,1.0,0.977934718132019,0.9774178266525269,0.17329712733030936
2166,0.07315558195114136,0.999117374420166,0.9757281541824341,0.9738877415657043,0.26454587388301704
2167,0.07529125362634659,1.0,0.9752868413925171,0.9734205603599548,0.19043121483424405
2168,0.0738891065120697,0.999117374420166,0.9770520925521851,0.9741473197937012,0.2133998249034426
2169,0.0737302377820015,1.0,0.9827890396118164,0.98089599609375,0.22963111364719616
2170,0.06860002875328064,0.9955869317054749,0.9761694669723511,0.9746145606040955,0.17915308600344163
2171,0.09858778864145279,0.9796999096870422,0.94748455286026,0.9445568919181824,0.6002961129153863
2172,0.23406465351581573,0.9452780485153198,0.9170344471931458,0.9154337048530579,0.5109403440769301
2173,0.2910287082195282,0.9355692863464355,0.9152691960334778,0.9102943539619446,0.8713020135350573
2174,0.4224224090576172,0.894086480140686,0.8583406805992126,0.8541244864463806,0.7008847893142086
2175,0.49234285950660706,0.925860583782196,0.8892321586608887,0.8826247453689575,0.868130735220548
2176,0.3563074469566345,0.977934718132019,0.9320388436317444,0.9281005263328552,0.6350127930112577
2177,0.314950168132782,0.9664607048034668,0.9271844625473022,0.9248299598693848,0.6017099344383389
2178,0.3000248074531555,0.9673433303833008,0.9368932247161865,0.9384312033653259,0.47587931898355107
2179,0.2647102177143097,0.9761694669723511,0.9404236674308777,0.9413902163505554,0.43437427233763565
2180,0.25272035598754883,0.9841129779815674,0.9505736827850342,0.9527072310447693,0.4851145125861063
2181,0.24362055957317352,0.9858782291412354,0.9646955132484436,0.9668275713920593,0.34748452528276247
2182,0.18521250784397125,0.977934718132019,0.9545454382896423,0.9542127251625061,0.2088337281056248
2183,0.20305852591991425,0.9823477864265442,0.9607237577438354,0.958469569683075,0.2826812232900584
2184,0.20322509109973907,0.9858782291412354,0.9664607048034668,0.9644395709037781,0.2551689983132339
2185,0.1563837230205536,0.9902912974357605,0.9646955132484436,0.9618439674377441,0.168652227205107
2186,0.14058877527713776,0.9982348084449768,0.978376030921936,0.9744588136672974,0.18983954827216265
2187,0.1459474414587021,0.9982348084449768,0.977934718132019,0.9751855731010437,0.1772511083508334
2188,0.1256968379020691,0.9955869317054749,0.9735216498374939,0.9724860787391663,0.15706952690733678
2189,0.1225036159157753,0.9867607951164246,0.9655781388282776,0.9669314026832581,0.14930015156260354
2190,0.10645908862352371,0.9858782291412354,0.9646955132484436,0.9646991491317749,0.13442567202631694
2191,0.10340923815965652,0.9876434206962585,0.9646955132484436,0.9635570645332336,0.12500287554179074
2192,0.09085984528064728,0.9938217401504517,0.9717563986778259,0.9676582217216492,0.08116675910016063
2193,0.09215801954269409,0.9973521828651428,0.9770520925521851,0.9714478254318237,0.11671694831985938
2194,0.09033416211605072,0.9920564889907837,0.9686672687530518,0.9674505591392517,0.15499694758450475
2195,0.08818037062883377,0.9920564889907837,0.9713150858879089,0.9728494882583618,0.11013474064058591
2196,0.08448626101016998,0.9982348084449768,0.9801412224769592,0.9801173210144043,0.09834216781980396
2197,0.07837312668561935,1.0,0.9827890396118164,0.9838550686836243,0.09866862321760471
2198,0.08372552692890167,1.0,0.9832303524017334,0.9828168153762817,0.08976391464016176
2199,0.07721395045518875,0.999117374420166,0.9796999096870422,0.9813113212585449,0.12594664599291733
2200,0.07523643970489502,0.999117374420166,0.9792585968971252,0.9774178266525269,0.06958983621121756
2201,0.07112746685743332,0.9982348084449768,0.9766107797622681,0.9719669818878174,0.06813162781880262
2202,0.06840142607688904,0.9982348084449768,0.9761694669723511,0.9704095721244812,0.06424908209787032
2203,0.06799201667308807,0.999117374420166,0.977493405342102,0.9766910672187805,0.09520881516065993
2204,0.07037854194641113,1.0,0.9801412224769592,0.9815189838409424,0.11092129468507596
2205,0.07137065380811691,1.0,0.9823477864265442,0.9829725027084351,0.14031070775645435
2206,0.06196044757962227,0.999117374420166,0.9814651608467102,0.981467068195343,0.07128283258556907
2207,0.06302333623170853,0.9982348084449768,0.9814651608467102,0.9804807305335999,0.07899501716490902
2208,0.060817278921604156,0.999117374420166,0.9827890396118164,0.9818823337554932,0.061549063712445604
2209,0.056936994194984436,1.0,0.9810238480567932,0.9820380806922913,0.0618977564011866
2210,0.05462336167693138,1.0,0.9788172841072083,0.9799615740776062,0.04591658174462445
2211,0.056582726538181305,1.0,0.977934718132019,0.9785079956054688,0.06012074592322436
2212,0.05602138116955757,1.0,0.978376030921936,0.977729320526123,0.05614499139205596
2213,0.05249843746423721,1.0,0.978376030921936,0.9777812361717224,0.05363624970200445
2214,0.05195849388837814,1.0,0.9801412224769592,0.9795462489128113,0.05990109039241044
2215,0.05801529809832573,1.0,0.9832303524017334,0.9815708994865417,0.10225887720855482
2216,0.05507122725248337,1.0,0.9854369163513184,0.9830244183540344,0.06138147036551711
2217,0.06014218553900719,1.0,0.9863195419311523,0.9836993217468262,0.12777373857214258
2218,0.058822907507419586,1.0,0.9863195419311523,0.9837512373924255,0.06467096650607393
2219,0.05300336331129074,1.0,0.9867607951164246,0.9835435748100281,0.06494836509756935
2220,0.05565713718533516,1.0,0.9854369163513184,0.9838550686836243,0.11571909245982191
2221,0.05625491216778755,1.0,0.9836716651916504,0.9826091527938843,0.06426080173079297
2222,0.05091181769967079,1.0,0.9827890396118164,0.9813632369041443,0.042610704842097565
2223,0.05772557482123375,1.0,0.9814651608467102,0.9798577427864075,0.07233789408031331
2224,0.05387308821082115,1.0,0.9823477864265442,0.9800654053688049,0.18894658901799627
2225,0.04776173457503319,1.0,0.9832303524017334,0.97965008020401,0.048347884684776445
2226,0.057416077703237534,1.0,0.9805825352668762,0.9792348146438599,0.10608435389888286
2227,0.058574214577674866,1.0,0.9810238480567932,0.9800654053688049,0.09258003231994825
2228,0.05917811021208763,1.0,0.9836716651916504,0.9809479117393494,0.1187673386334033
2229,0.05106017738580704,1.0,0.9841129779815674,0.980221152305603,0.059363234233913396
2230,0.05591955780982971,1.0,0.9832303524017334,0.9794424772262573,0.13887340098593048
2231,0.05020381137728691,1.0,0.9814651608467102,0.9780927300453186,0.08103960512298809
2232,0.056058403104543686,1.0,0.977493405342102,0.9768468141555786,0.07867371577965257
2233,0.05722328647971153,1.0,0.977493405342102,0.9745107293128967,0.0957309009912179
2234,0.05266670137643814,1.0,0.978376030921936,0.974406898021698,0.0752169860062143
2235,0.04989496245980263,1.0,0.977493405342102,0.9743030667304993,0.11776189783498887
2236,0.05870988219976425,1.0,0.9805825352668762,0.9765353202819824,0.0883583817107385
2237,0.05588311702013016,1.0,0.9810238480567932,0.9780408143997192,0.08543989471245697
2238,0.06000158563256264,1.0,0.9805825352668762,0.9795462489128113,0.09011435009109296
2239,0.05533880740404129,1.0,0.9766107797622681,0.977729320526123,0.06367513086732939
2240,0.054695259779691696,1.0,0.9766107797622681,0.9755489826202393,0.07770701227835737
2241,0.060522593557834625,1.0,0.977934718132019,0.9741992354393005,0.15407308406160639
2242,0.057443294674158096,1.0,0.9757281541824341,0.9721746444702148,0.12432255166005941
2243,0.05528511852025986,1.0,0.9792585968971252,0.9735243916511536,0.1591554947347941
2244,0.05559256672859192,1.0,0.9796999096870422,0.9766391515731812,0.08932214387524855
2245,0.06111685559153557,1.0,0.9819064736366272,0.9788714051246643,0.1474230659244231
2246,0.06366418302059174,1.0,0.9823477864265442,0.9790790677070618,0.16990126784239942
2247,0.06529560685157776,1.0,0.9770520925521851,0.9764314889907837,0.1134296895912763
2248,0.05583566799759865,1.0,0.9744042158126831,0.9733167290687561,0.10309498223830488
2249,0.06379800289869308,1.0,0.9770520925521851,0.973160982131958,0.14604907944206608
2250,0.05735757201910019,1.0,0.9752868413925171,0.9730571508407593,0.10375150753740865
2251,0.06324237585067749,1.0,0.977934718132019,0.9770025610923767,0.1146004563676513
2252,0.06275838613510132,1.0,0.9832303524017334,0.9797539114952087,0.1532550479311241
2253,0.06254804879426956,1.0,0.9849956035614014,0.9795981645584106,0.1664122300214909
2254,0.05984358489513397,1.0,0.9805825352668762,0.9768468141555786,0.10609295215355367
2255,0.0566430427134037,1.0,0.977934718132019,0.9756008982658386,0.16728808781781157
2256,0.062075596302747726,1.0,0.9748455286026001,0.9725379943847656,0.11723393978991214
2257,0.06628714501857758,1.0,0.9770520925521851,0.9752374887466431,0.16173139171673864
2258,0.05940872058272362,1.0,0.9814651608467102,0.9779369831085205,0.12860889582459367
2259,0.05229763686656952,1.0,0.9796999096870422,0.9770544767379761,0.10588008326646019
2260,0.06649190932512283,1.0,0.9796999096870422,0.9759123921394348,0.13484219812975487
2261,0.057383954524993896,1.0,0.9801412224769592,0.9759123921394348,0.08887656217957865
2262,0.06427431851625443,1.0,0.9805825352668762,0.9791828989982605,0.1295468815432388
2263,0.07767920196056366,0.9823477864265442,0.9691085815429688,0.9632455706596375,0.2297628538435041
2264,0.12058394402265549,0.9099735021591187,0.8490732908248901,0.8498676419258118,1.0579218412444402
2265,0.5319766402244568,0.9390997290611267,0.8746690154075623,0.8762394189834595,1.4607220353135244
2266,0.5436283349990845,0.7978817224502563,0.7511032819747925,0.7537766695022583,1.375566641712039
2267,1.071883201599121,0.791703462600708,0.7515445947647095,0.7543995976448059,2.5128168657852337
2268,1.0160566568374634,0.8234775066375732,0.7819947004318237,0.785703182220459,1.347329175691224
2269,1.1045935153961182,0.6831421256065369,0.6672551035881042,0.6671857833862305,1.194323790957123
2270,1.1861034631729126,0.5551632642745972,0.5370697379112244,0.5344961881637573,1.4978885221901874
2271,1.932861328125,0.7440423965454102,0.709179162979126,0.711675226688385,2.9299164282047374
2272,1.1813812255859375,0.8049426078796387,0.7687554955482483,0.7668587565422058,0.7625532674333573
2273,1.1587505340576172,0.8358340859413147,0.814210057258606,0.8062087893486023,0.6828776140422484
2274,0.9799760580062866,0.7766990661621094,0.761253297328949,0.7640554308891296,0.43541504806483594
2275,0.898532509803772,0.8543689250946045,0.8384819030761719,0.8349685668945312,0.514617864046277
2276,0.7106202840805054,0.8905560374259949,0.8715798854827881,0.8676737546920776,0.3188952230502479
2277,0.6053100824356079,0.917917013168335,0.897616982460022,0.8966931104660034,0.26149801252830884
2278,0.5976226329803467,0.9293910264968872,0.9051191806793213,0.9026111960411072,0.23251447353185759
2279,0.5739032626152039,0.9293910264968872,0.9086496233940125,0.9011576771736145,0.20649960794898864
2280,0.4904278814792633,0.9320388436317444,0.9086496233940125,0.904116690158844,0.16488407902139954
2281,0.470277339220047,0.9399823546409607,0.9161518216133118,0.9110211133956909,0.1653282056367021
2282,0.44575774669647217,0.9435127973556519,0.9214475154876709,0.9165238738059998,0.14282628322721758
2283,0.4073942005634308,0.9435127973556519,0.9240953326225281,0.9212479591369629,0.1261012371566121
2284,0.371389776468277,0.9461606740951538,0.925860583782196,0.9248818755149841,0.11465776752179507
2285,0.3610425293445587,0.947925865650177,0.9271844625473022,0.9270622134208679,0.10884733433995175
2286,0.33721697330474854,0.947925865650177,0.9293910264968872,0.9276332855224609,0.09397297007700833
2287,0.3148173391819,0.947925865650177,0.9293910264968872,0.9289830327033997,0.08459500764136972
2288,0.30870309472084045,0.9505736827850342,0.9293910264968872,0.9296578764915466,0.08661847451297112
2289,0.29594534635543823,0.9514563083648682,0.9307149052619934,0.9295540452003479,0.0852618151532387
2290,0.2746411859989166,0.9514563083648682,0.9329214692115784,0.9302289485931396,0.08233394408745542
2291,0.26049983501434326,0.9523389339447021,0.9320388436317444,0.9313710331916809,0.07522949205968049
2292,0.26184263825416565,0.9549867510795593,0.9360105991363525,0.9330841302871704,0.06680441217030073
2293,0.2391180694103241,0.9576346278190613,0.9377758502960205,0.9358874559402466,0.06908664741046192
2294,0.23667322099208832,0.9593998193740845,0.9435127973556519,0.9394175410270691,0.0668128725351782
2295,0.23062224686145782,0.9629302620887756,0.946601927280426,0.9420651197433472,0.06494713958281435
2296,0.21535782516002655,0.9655781388282776,0.948367178440094,0.9440377950668335,0.05533597309244144
2297,0.20508956909179688,0.9655781388282776,0.949691116809845,0.9453356266021729,0.05334844381237019
2298,0.20936405658721924,0.9646955132484436,0.948808491230011,0.9456989765167236,0.05488417230161268
2299,0.19300028681755066,0.9664607048034668,0.947925865650177,0.945491373538971,0.05091361418734165
2300,0.19513674080371857,0.9655781388282776,0.947925865650177,0.9453356266021729,0.058304612215173364
2301,0.19205719232559204,0.9664607048034668,0.947043240070343,0.9455952048301697,0.06833298899830054
2302,0.1837935894727707,0.9682259559631348,0.94748455286026,0.9464777112007141,0.05110469116155303
2303,0.17177323997020721,0.9682259559631348,0.950132429599762,0.9463738799095154,0.046658276589959635
2304,0.1729438453912735,0.9691085815429688,0.950132429599762,0.9463738799095154,0.05883267127725402
2305,0.16790975630283356,0.9691085815429688,0.9510149955749512,0.9468929767608643,0.05983878858276046
2306,0.16146056354045868,0.9673433303833008,0.9523389339447021,0.9474121332168579,0.04764712005118199
2307,0.15277184545993805,0.9770520925521851,0.9607237577438354,0.956548810005188,0.04825448505242201
2308,0.15084707736968994,0.9832303524017334,0.9682259559631348,0.9631936550140381,0.0529738243326084
2309,0.1571464091539383,0.9841129779815674,0.970432460308075,0.9664642214775085,0.05384638553462249
2310,0.1411784440279007,0.9876434206962585,0.9730803370475769,0.9697866439819336,0.056130032635567824
2311,0.1538548618555069,0.9894086718559265,0.9730803370475769,0.9721746444702148,0.048766339968287185
2312,0.13864383101463318,0.9911738634109497,0.9730803370475769,0.9724342226982117,0.04392955436651415
2313,0.13473907113075256,0.9920564889907837,0.9730803370475769,0.9739915728569031,0.061757719984598246
2314,0.13811402022838593,0.9920564889907837,0.9735216498374939,0.974406898021698,0.04758743667493774
2315,0.1285719871520996,0.9947043061256409,0.9730803370475769,0.9746664762496948,0.05142578358144106
2316,0.13102878630161285,0.9938217401504517,0.9752868413925171,0.9738877415657043,0.04658491842607675
2317,0.12317446619272232,0.9938217401504517,0.9757281541824341,0.9725379943847656,0.04415542581836124
2318,0.1322302371263504,0.9938217401504517,0.9748455286026001,0.9714478254318237,0.06310059683131793
2319,0.11916624009609222,0.9929391145706177,0.9757281541824341,0.9703057408332825,0.04596184443247066
2320,0.1262458860874176,0.9938217401504517,0.9739629626274109,0.970669150352478,0.056008137431705164
2321,0.11890015006065369,0.9938217401504517,0.9744042158126831,0.9711363911628723,0.058981119566471576
2322,0.12520599365234375,0.9955869317054749,0.9761694669723511,0.971915066242218,0.06876866315450214
2323,0.10751859843730927,0.9973521828651428,0.977934718132019,0.9723823070526123,0.04124591416954508
2324,0.11682069301605225,0.9973521828651428,0.977493405342102,0.9725379943847656,0.05577217745008065
2325,0.10436077415943146,0.9955869317054749,0.9766107797622681,0.971084475517273,0.04710785554301093
2326,0.1097487360239029,0.9964695572853088,0.9770520925521851,0.971343994140625,0.04906268472576557
2327,0.11900579929351807,0.9982348084449768,0.977934718132019,0.9745107293128967,0.0600181111875017
2328,0.10372597724199295,0.9982348084449768,0.977934718132019,0.9758085608482361,0.036144357243300874
2329,0.10008635371923447,0.999117374420166,0.9792585968971252,0.9772620797157288,0.04707121438414197
2330,0.11124920845031738,0.999117374420166,0.9796999096870422,0.9786118268966675,0.057269293799732
2331,0.10002221912145615,0.9973521828651428,0.9788172841072083,0.9780927300453186,0.04922321460080361
2332,0.10029592365026474,0.9973521828651428,0.977934718132019,0.9767429828643799,0.04658150186684107
2333,0.10148827731609344,0.9982348084449768,0.9819064736366272,0.9775216579437256,0.05037715524145266
2334,0.09687770158052444,0.999117374420166,0.9814651608467102,0.9778850674629211,0.040287707132996314
2335,0.09754959493875504,0.999117374420166,0.9827890396118164,0.9772620797157288,0.040375842199107156
2336,0.09006736427545547,0.999117374420166,0.9810238480567932,0.975652813911438,0.05436025823004896
2337,0.0909256860613823,0.999117374420166,0.9805825352668762,0.9756008982658386,0.057197282357142866
2338,0.08699209243059158,0.999117374420166,0.9827890396118164,0.9761719107627869,0.03724803206986422
2339,0.08932572603225708,0.999117374420166,0.9827890396118164,0.9779888987541199,0.05478603984587592
2340,0.09290023148059845,0.999117374420166,0.9823477864265442,0.9800654053688049,0.05816668087486154
2341,0.08438517898321152,1.0,0.9832303524017334,0.9813113212585449,0.05419284651806089
2342,0.08496085554361343,1.0,0.9845542907714844,0.9813113212585449,0.06448895452104568
2343,0.09060685336589813,0.999117374420166,0.9841129779815674,0.9803768992424011,0.04798639500223452
2344,0.0831465795636177,0.999117374420166,0.9810238480567932,0.9783003330230713,0.055871001093260146
2345,0.0791960284113884,0.999117374420166,0.9801412224769592,0.9757566452026367,0.05035625694754242
2346,0.08365638554096222,0.999117374420166,0.9845542907714844,0.9781965613365173,0.0854305598203573
2347,0.08268976211547852,1.0,0.9845542907714844,0.9797539114952087,0.059088534694753905
2348,0.08215197175741196,0.999117374420166,0.9849956035614014,0.9798577427864075,0.054749201318826116
2349,0.0870351642370224,1.0,0.9849956035614014,0.9811555743217468,0.08829430821575657
2350,0.08052539080381393,0.999117374420166,0.9841129779815674,0.9806364178657532,0.06334508480805401
2351,0.07738371938467026,0.999117374420166,0.9801412224769592,0.9784560799598694,0.05313841866909078
2352,0.08334872126579285,0.999117374420166,0.9788172841072083,0.9770544767379761,0.08523529895982945
2353,0.07902715355157852,1.0,0.9805825352668762,0.9789233207702637,0.07884713465101173
2354,0.07384731620550156,1.0,0.9832303524017334,0.98089599609375,0.07192875320643165
2355,0.07888516783714294,0.999117374420166,0.9823477864265442,0.9791828989982605,0.0703333199967965
2356,0.07729600369930267,0.999117374420166,0.9819064736366272,0.9794424772262573,0.07813790306066926
2357,0.07655883580446243,1.0,0.9836716651916504,0.9812594056129456,0.07441273365802074
2358,0.07594156265258789,1.0,0.9858782291412354,0.9824534058570862,0.0513036727759921
2359,0.0716850534081459,1.0,0.9836716651916504,0.981467068195343,0.05990823921562674
2360,0.07710948586463928,1.0,0.9827890396118164,0.9804807305335999,0.06882494391342983
2361,0.07329177856445312,0.999117374420166,0.9827890396118164,0.9791828989982605,0.07556041082532318
2362,0.07544280588626862,1.0,0.9845542907714844,0.9812594056129456,0.08483113567324994
2363,0.06594031304121017,1.0,0.9858782291412354,0.98214191198349,0.04530484881045237
2364,0.06148479878902435,1.0,0.9849956035614014,0.9815189838409424,0.048938533932044566
2365,0.06847425550222397,1.0,0.9845542907714844,0.9815708994865417,0.05925235771039122
2366,0.07460406422615051,1.0,0.9841129779815674,0.981467068195343,0.09738296585076082
2367,0.06421351432800293,1.0,0.9823477864265442,0.980221152305603,0.07461841521159371
2368,0.06315860897302628,1.0,0.9832303524017334,0.9810517430305481,0.07457683749657326
2369,0.0660843625664711,1.0,0.9836716651916504,0.981467068195343,0.058137471638127027
2370,0.07230431586503983,1.0,0.9849956035614014,0.9818304181098938,0.0887760626722618
2371,0.06560875475406647,1.0,0.9854369163513184,0.9817266464233398,0.06665425706397703
2372,0.07121176272630692,1.0,0.9858782291412354,0.9813113212585449,0.0614181623503644
2373,0.0661235973238945,1.0,0.9849956035614014,0.98089599609375,0.060846406372123664
2374,0.0649208053946495,1.0,0.9863195419311523,0.9821938276290894,0.13879842316698807
2375,0.061439305543899536,1.0,0.9867607951164246,0.9822976589202881,0.06610458994623004
2376,0.06095815449953079,1.0,0.9863195419311523,0.9825053215026855,0.06324728468378832
2377,0.062474511563777924,1.0,0.9845542907714844,0.9816747307777405,0.0716591496146232
2378,0.06532017886638641,1.0,0.9858782291412354,0.9806364178657532,0.08785444158893338
2379,0.06041774898767471,1.0,0.9845542907714844,0.9787156581878662,0.04409450120678255
2380,0.05627378821372986,1.0,0.9819064736366272,0.9779369831085205,0.058999269437783275
2381,0.06933840364217758,1.0,0.9819064736366272,0.9782484769821167,0.07978284831127844
2382,0.07342907041311264,1.0,0.9814651608467102,0.9779369831085205,0.09177472377243215
2383,0.061115603893995285,1.0,0.9792585968971252,0.9788194894790649,0.05610905365354078
2384,0.06854336708784103,1.0,0.9814651608467102,0.9807402491569519,0.11674336436447587
2385,0.06516559422016144,1.0,0.9836716651916504,0.9806364178657532,0.10459291923819246
2386,0.061722319573163986,1.0,0.9845542907714844,0.9802730679512024,0.08992036618203271
2387,0.05983111262321472,1.0,0.9854369163513184,0.97965008020401,0.05391585587956623
2388,0.06300139427185059,1.0,0.9854369163513184,0.9782484769821167,0.060642340396597515
2389,0.05799167975783348,1.0,0.9876434206962585,0.9770025610923767,0.057645048587149174
2390,0.060721058398485184,1.0,0.9872021079063416,0.9766910672187805,0.07205948859928292
2391,0.059430934488773346,1.0,0.9841129779815674,0.9752894043922424,0.07959269058650217
2392,0.05968861281871796,1.0,0.9827890396118164,0.9745107293128967,0.07234313072864602
2393,0.06608227640390396,1.0,0.9849956035614014,0.9765872359275818,0.09800417722403458
2394,0.06220904737710953,1.0,0.9845542907714844,0.9776774048805237,0.11291792078143212
2395,0.06294412165880203,1.0,0.9863195419311523,0.9792867302894592,0.09305551069270568
2396,0.05837302282452583,1.0,0.9854369163513184,0.9795462489128113,0.09102176060892278
2397,0.06042243540287018,1.0,0.9841129779815674,0.9789233207702637,0.07688072065305165
2398,0.058082662522792816,1.0,0.9841129779815674,0.9787675738334656,0.0936210893772309
2399,0.057118676602840424,1.0,0.9832303524017334,0.9786637425422668,0.07532652913087343
2400,0.05976381525397301,1.0,0.9810238480567932,0.9772101640701294,0.06531708091167118
