epoch,loss,train_acc,val_acc,test_acc,gradient_norm
1,1.0954612493515015,0.39247673749923706,0.39259448647499084,0.39249491691589355,0.20717717711101166
2,1.0783500671386719,0.3994082808494568,0.39944207668304443,0.39934074878692627,0.25041684886961396
3,1.0647093057632446,0.3994082808494568,0.39944207668304443,0.39934074878692627,0.07286938422118576
4,1.0681997537612915,0.3994082808494568,0.39944207668304443,0.39934074878692627,0.09334171916528845
5,1.0672600269317627,0.3994082808494568,0.39944207668304443,0.39934074878692627,0.08789574046472037
6,1.0638917684555054,0.3994082808494568,0.39944207668304443,0.39934074878692627,0.06910333069780501
7,1.0624297857284546,0.3994082808494568,0.39944207668304443,0.39934074878692627,0.031302544663050366
8,1.061415433883667,0.39247673749923706,0.39259448647499084,0.39249491691589355,0.035091473055835175
9,1.0613311529159546,0.39247673749923706,0.39259448647499084,0.39249491691589355,0.05269947871560632
10,1.0600069761276245,0.39247673749923706,0.39259448647499084,0.39249491691589355,0.043033333488986185
11,1.0570238828659058,0.4900253415107727,0.5062135457992554,0.49771803617477417,0.043267572081783306
12,1.0517741441726685,0.4479289948940277,0.4717220664024353,0.45385393500328064,0.03643632535982761
13,1.0417718887329102,0.45181742310523987,0.4674106240272522,0.4566429853439331,0.071302306450133
14,1.0291764736175537,0.4481825828552246,0.4605630338191986,0.46399593353271484,0.13360530154192451
15,1.0212702751159668,0.47658494114875793,0.49530816078186035,0.4896044433116913,0.2981618821238237
16,1.012649416923523,0.471005916595459,0.4828810691833496,0.4799695611000061,0.3502115008171663
17,0.9894199967384338,0.4784446358680725,0.4915039539337158,0.48732250928878784,0.13697099629809498
18,0.9785319566726685,0.4615384638309479,0.4762870967388153,0.4698275625705719,0.2993988444078564
19,0.9683563113212585,0.5111580491065979,0.5242201685905457,0.5200304388999939,0.49091992766276127
20,0.9225046634674072,0.5060017108917236,0.5168653726577759,0.5159736275672913,0.17695186136386115
21,0.8975809812545776,0.644209623336792,0.6299772262573242,0.6414807438850403,0.7218052486423648
22,0.8598993420600891,0.6962806582450867,0.6971849203109741,0.7058823108673096,0.9256866583807132
23,0.7704687118530273,0.6766694784164429,0.67512047290802,0.6767241358757019,0.3466167067016227
24,0.7580804824829102,0.6843618154525757,0.6748668551445007,0.679006040096283,1.3486178163886617
25,0.7746307849884033,0.7609467506408691,0.7572914361953735,0.7598884105682373,1.8996732275113388
26,0.6684650182723999,0.7142011523246765,0.7093583941459656,0.7150101065635681,0.22402520120982605
27,0.7007511854171753,0.7792053818702698,0.7737763524055481,0.7745943069458008,1.8031162055714691
28,0.6270776391029358,0.7699915170669556,0.7600811719894409,0.7626774907112122,0.7942516685558565
29,0.6330429911613464,0.783854603767395,0.7720010280609131,0.7804259657859802,1.1027078579576797
30,0.5811823606491089,0.7863060235977173,0.7725082635879517,0.781186580657959,0.400185672782727
31,0.5807081460952759,0.7978867292404175,0.7900076508522034,0.7903143763542175,0.7009221186025929
32,0.5668981075286865,0.8071005940437317,0.7910221219062805,0.7971602082252502,0.6697760537436175
33,0.5380740761756897,0.8098055720329285,0.7971088290214539,0.8012170195579529,0.40198236916365654
34,0.5375055074691772,0.8240067362785339,0.8130865097045898,0.813894510269165,0.8177635674465226
35,0.5008763670921326,0.8361791968345642,0.8293178081512451,0.8235293626785278,0.4144253234134932
36,0.49535122513771057,0.8457311987876892,0.8399695754051208,0.8296145796775818,0.47858686713567633
37,0.4725992977619171,0.8557057976722717,0.8379406929016113,0.8341785073280334,0.547338313459299
38,0.4514942169189453,0.8624683022499084,0.8407304286956787,0.8435598015785217,0.32453430695742225
39,0.4410064220428467,0.8739644885063171,0.8450418710708618,0.845588207244873,0.5665455723901363
40,0.4150555431842804,0.8791208863258362,0.8508750200271606,0.8458417654037476,0.23690246394518044
41,0.41031694412231445,0.8848689794540405,0.8544256091117859,0.8453346490859985,0.5014028317006045
42,0.3913869261741638,0.8841081857681274,0.8430129885673523,0.8483772873878479,0.5515392554210249
43,0.37773454189300537,0.8846998810768127,0.8465635776519775,0.8448275923728943,0.7568025209371433
44,0.375150203704834,0.8916314244270325,0.853664755821228,0.8514198660850525,1.1737959610599422
45,0.356281042098999,0.8991546630859375,0.8597514629364014,0.8519269824028015,1.2304186017928458
46,0.34898167848587036,0.9061707258224487,0.8630484938621521,0.8633366823196411,0.8674436499802803
47,0.3230075538158417,0.9095519781112671,0.8551864624023438,0.8623225092887878,0.16549170873229588
48,0.3252248764038086,0.9109044671058655,0.8605123162269592,0.8620689511299133,0.7285724455858618
49,0.3171471655368805,0.9166525602340698,0.8655846118927002,0.8673934936523438,0.8818383183162019
50,0.2991686761379242,0.9199492931365967,0.8686279654502869,0.8717038035392761,0.6653564505982485
51,0.2860490381717682,0.9235841035842896,0.8698960542678833,0.8724644780158997,0.304483651061855
52,0.28407061100006104,0.9235841035842896,0.8655846118927002,0.8704360723495483,0.49853804800094387
53,0.2784096300601959,0.9296703338623047,0.8691352009773254,0.8706896305084229,0.7664946081712577
54,0.26840880513191223,0.9331361055374146,0.8663454651832581,0.8699289560317993,0.8084886385835082
55,0.25828221440315247,0.9393068552017212,0.8706569075584412,0.8701825141906738,0.7957396276784853
56,0.2517697811126709,0.9425190091133118,0.8701496720314026,0.8717038035392761,0.692760063117032
57,0.23872825503349304,0.9464919567108154,0.8726857900619507,0.8757606148719788,0.5119857265680381
58,0.2290657013654709,0.94936603307724,0.8734466433525085,0.8737322092056274,0.37987266159952243
59,0.22245784103870392,0.9519864916801453,0.87293940782547,0.8719573616981506,0.49453976195671995
60,0.21786387264728546,0.944970428943634,0.8673599362373352,0.8719573616981506,0.9258736493443035
61,0.23731669783592224,0.9383770227432251,0.8572153449058533,0.8524340391159058,1.6160889294979666
62,0.23393361270427704,0.9417582154273987,0.8635557293891907,0.8679006099700928,2.2790801841439463
63,0.23186041414737701,0.9622992277145386,0.8785189390182495,0.8732251524925232,2.164605443437661
64,0.19588793814182281,0.9557058215141296,0.8706569075584412,0.8635902404785156,0.5689125252617943
65,0.21204133331775665,0.949535071849823,0.8693888187408447,0.8709431886672974,1.558429975766615
66,0.22079147398471832,0.9684699773788452,0.8825767636299133,0.8782961368560791,1.858012076613775
67,0.17748267948627472,0.953930675983429,0.8643165230751038,0.8554766774177551,0.28119166170811216
68,0.21226395666599274,0.9632290601730347,0.8752219676971436,0.8737322092056274,2.090709633906704
69,0.18384310603141785,0.9659340381622314,0.8775044679641724,0.8742393255233765,1.2759928811848458
70,0.1772363930940628,0.9611157774925232,0.8691352009773254,0.8602941036224365,1.2066613029881372
71,0.19136278331279755,0.9747252464294434,0.8820695281028748,0.8793103098869324,1.7350467293463516
72,0.15451057255268097,0.9672020077705383,0.8726857900619507,0.8734787106513977,0.3388731680089473
73,0.17520466446876526,0.9774302840232849,0.8833376169204712,0.8803245425224304,1.3796457741862882
74,0.15036119520664215,0.9706677794456482,0.8721785545349121,0.8633366823196411,0.30412712974559186
75,0.16541951894760132,0.9780219793319702,0.8810550570487976,0.8777890205383301,1.4621288424122225
76,0.15266868472099304,0.9765849709510803,0.8813086748123169,0.8757606148719788,0.6390659255391595
77,0.15566615760326385,0.9797126054763794,0.882323145866394,0.8722109198570251,1.1104686777992485
78,0.14155958592891693,0.980726957321167,0.8813086748123169,0.8737322092056274,0.7713347785186113
79,0.13870061933994293,0.9812341332435608,0.8830839991569519,0.8765212893486023,0.7455251013634112
80,0.13894401490688324,0.9831783771514893,0.8840984106063843,0.8793103098869324,0.934255904794862
81,0.12955333292484283,0.9832628965377808,0.882323145866394,0.8752535581588745,0.37427268318135093
82,0.12680970132350922,0.9844462871551514,0.8856201171875,0.8823529481887817,0.8867612901536838
83,0.12493845820426941,0.985122561454773,0.8853664994239807,0.8795638680458069,0.3812445840295303
84,0.12478438764810562,0.9863905310630798,0.8843520283699036,0.8823529481887817,0.557281151481541
85,0.1194591224193573,0.9877430200576782,0.8825767636299133,0.8805781006813049,0.6146414075166792
86,0.12150697410106659,0.988081157207489,0.8813086748123169,0.8790567517280579,0.5383378094947305
87,0.121342234313488,0.9890109896659851,0.8802942037582397,0.8777890205383301,0.4741355722936134
88,0.1188509613275528,0.9899408221244812,0.8808014392852783,0.8788032531738281,0.4065101564847478
89,0.11994874477386475,0.9900253415107727,0.8810550570487976,0.8798174262046814,0.4128309078862991
90,0.116214819252491,0.9907016158103943,0.8782653212547302,0.8803245425224304,0.37307879156599266
91,0.11379855871200562,0.9909551739692688,0.8810550570487976,0.8788032531738281,0.3659468665262421
92,0.10618677735328674,0.9913778305053711,0.8810550570487976,0.8790567517280579,0.2827633513281908
93,0.10706635564565659,0.9913778305053711,0.8820695281028748,0.8788032531738281,0.3189187013401801
94,0.10288803279399872,0.9923076629638672,0.8790261745452881,0.8770284056663513,0.35502160265430494
95,0.10060948133468628,0.9914623498916626,0.8820695281028748,0.8780425786972046,0.43734759238936927
96,0.10150306671857834,0.9923076629638672,0.8795334100723267,0.8788032531738281,0.6001832518847108
97,0.10349181294441223,0.992476761341095,0.8808014392852783,0.8798174262046814,0.8626316978315024
98,0.10232383757829666,0.9934911131858826,0.8792797923088074,0.8765212893486023,0.9835284825073081
99,0.10006342083215714,0.9938292503356934,0.8808014392852783,0.8790567517280579,0.8823247803759885
100,0.10379522293806076,0.9935756325721741,0.8785189390182495,0.8752535581588745,0.3856923626269469
101,0.10328840464353561,0.9925612807273865,0.8757292032241821,0.874492883682251,0.8718150577411594
102,0.11003818362951279,0.9884192943572998,0.8749683499336243,0.8732251524925232,1.59266547899404
103,0.11913681775331497,0.9907861351966858,0.8704032897949219,0.8714503049850464,2.06484786077919
104,0.11415965855121613,0.9938292503356934,0.8825767636299133,0.8757606148719788,1.8881595338820512
105,0.10135218501091003,0.9943364262580872,0.8830839991569519,0.8777890205383301,0.9785733556896856
106,0.09687075018882751,0.9934911131858826,0.8716713786125183,0.8714503049850464,0.7587669255144759
107,0.11429654061794281,0.9950972199440002,0.8797869682312012,0.8780425786972046,1.5318160463129287
108,0.09955879300832748,0.9944209456443787,0.8815622925758362,0.8782961368560791,0.9902857507255166
109,0.09518807381391525,0.9931529760360718,0.8795334100723267,0.8767748475074768,0.4693745036630424
110,0.1021764874458313,0.9933220744132996,0.8780117034912109,0.873985767364502,1.222043446130505
111,0.10237988829612732,0.9934065937995911,0.8815622925758362,0.8770284056663513,1.2985039362877067
112,0.08951862901449203,0.9939137697219849,0.8797869682312012,0.8777890205383301,0.5902166728569556
113,0.09176862239837646,0.9931529760360718,0.882323145866394,0.8777890205383301,0.8483374985606015
114,0.10010749846696854,0.9945900440216064,0.8800405859947205,0.8775354623794556,1.3222317246438198
115,0.09502720087766647,0.9943364262580872,0.8856201171875,0.8805781006813049,1.023811541338952
116,0.09026830643415451,0.9952662587165833,0.8863809704780579,0.8808315992355347,0.708156131095219
117,0.08941774070262909,0.995435357093811,0.8840984106063843,0.8808315992355347,0.5074449199747975
118,0.09202973544597626,0.9941673874855042,0.8815622925758362,0.8793103098869324,0.987668892548735
119,0.09119701385498047,0.9956889152526855,0.8848592638969421,0.8815922737121582,1.0350000680458669
120,0.08865150809288025,0.9960270524024963,0.8835912346839905,0.8757606148719788,0.4828559043161227
121,0.084986612200737,0.9944209456443787,0.8802942037582397,0.8770284056663513,0.7222643996850988
122,0.09143811464309692,0.9963651895523071,0.8828303813934326,0.8762677311897278,0.9352349363174122
123,0.08711925148963928,0.9963651895523071,0.8830839991569519,0.8762677311897278,0.6499516039689021
124,0.08289845287799835,0.995773434638977,0.8815622925758362,0.8777890205383301,0.37777902726990037
125,0.0860096886754036,0.9958579540252686,0.8818159103393555,0.8762677311897278,0.7991716026466458
126,0.09056378901004791,0.9950972199440002,0.8800405859947205,0.8780425786972046,0.9784808976440034
127,0.0928269699215889,0.9961960911750793,0.8775044679641724,0.8752535581588745,1.0855192252043908
128,0.08288078010082245,0.9963651895523071,0.8810550570487976,0.8795638680458069,0.8328837016235244
129,0.08595185726881027,0.9965342283248901,0.8810550570487976,0.8795638680458069,0.5795784053796339
130,0.08060766011476517,0.9969568848609924,0.8795334100723267,0.8818458318710327,0.5613095120323042
131,0.08688564598560333,0.9970414042472839,0.8797869682312012,0.8810851573944092,0.7149835358360175
132,0.0854218453168869,0.9972105026245117,0.8785189390182495,0.8805781006813049,0.4802310902682313
133,0.08144054561853409,0.9968723654747009,0.8754755854606628,0.8767748475074768,0.635306607695743
134,0.07986501604318619,0.9961960911750793,0.8769972324371338,0.8788032531738281,1.1417895046426758
135,0.08592737466096878,0.9975485801696777,0.8797869682312012,0.8800709843635559,0.9626915392924589
136,0.07430295646190643,0.9974640607833862,0.8802942037582397,0.877281904220581,0.5757895761988473
137,0.08028380572795868,0.9977176785469055,0.8792797923088074,0.8788032531738281,0.4971081701626751
138,0.077969990670681,0.997802197933197,0.8808014392852783,0.8767748475074768,0.5088851668927808
139,0.07665678858757019,0.9953507781028748,0.8775044679641724,0.8785496950149536,0.6430315115754196
140,0.08745354413986206,0.9941673874855042,0.8769972324371338,0.8724644780158997,1.1150153358962307
141,0.10064632445573807,0.9938292503356934,0.880547821521759,0.8770284056663513,1.6943581779941386
142,0.0975254699587822,0.9955198764801025,0.874714732170105,0.868914783000946,1.7980402895526406
143,0.10211730748414993,0.9969568848609924,0.8815622925758362,0.8785496950149536,1.696243094977572
144,0.079828180372715,0.9968723654747009,0.8795334100723267,0.8795638680458069,0.9346229711673644
145,0.07999584078788757,0.9980557560920715,0.882323145866394,0.8767748475074768,0.7148004516141677
146,0.08173923194408417,0.9967878460884094,0.8835912346839905,0.8770284056663513,0.7824253670069848
147,0.07931569963693619,0.9977176785469055,0.8820695281028748,0.875,0.9079162055912829
148,0.07879958301782608,0.9978867173194885,0.8848592638969421,0.877281904220581,0.5870465145942664
149,0.07729631662368774,0.9977176785469055,0.880547821521759,0.8780425786972046,0.5102899277906519
150,0.0725506991147995,0.997802197933197,0.8830839991569519,0.8777890205383301,0.514018567016768
151,0.07422009855508804,0.997802197933197,0.8810550570487976,0.8782961368560791,0.4810904251235429
152,0.071778304874897,0.9977176785469055,0.8825767636299133,0.8810851573944092,0.3928921769464397
153,0.08209977298974991,0.9978867173194885,0.8813086748123169,0.8836206793785095,0.4983191103326689
154,0.07410625368356705,0.997802197933197,0.8800405859947205,0.8785496950149536,0.7325617911389607
155,0.08154509216547012,0.9966187477111816,0.8802942037582397,0.8810851573944092,1.1434146370476435
156,0.0758005753159523,0.9984784126281738,0.8797869682312012,0.8815922737121582,1.1472754412219912
157,0.07430370897054672,0.9982248544692993,0.8835912346839905,0.8800709843635559,0.8321555581548185
158,0.07043684273958206,0.9983938932418823,0.8828303813934326,0.8782961368560791,0.5374449431324081
159,0.07529957592487335,0.9983093738555908,0.8825767636299133,0.8795638680458069,0.4006219124845506
160,0.0715537816286087,0.9981403350830078,0.8785189390182495,0.883874237537384,0.6212358470800582
161,0.07481284439563751,0.9987320303916931,0.880547821521759,0.8800709843635559,0.9137611942325243
162,0.0685180127620697,0.9985629916191101,0.8782653212547302,0.883367121219635,0.6234918822896959
163,0.062473274767398834,0.9982248544692993,0.8790261745452881,0.883367121219635,0.35510887823534837
164,0.06660229712724686,0.997633159160614,0.8808014392852783,0.8866632580757141,0.45307965611807116
165,0.0731530413031578,0.9983938932418823,0.8795334100723267,0.8815922737121582,0.6153444090885172
166,0.07429400086402893,0.9980557560920715,0.8797869682312012,0.8823529481887817,0.6382387953877697
167,0.06957348436117172,0.9984784126281738,0.8790261745452881,0.8795638680458069,0.7009454125087466
168,0.0713837742805481,0.9986475110054016,0.8802942037582397,0.8800709843635559,0.6186343539660284
169,0.06949575245380402,0.9975485801696777,0.8772508502006531,0.8803245425224304,0.4212250828398457
170,0.07636427879333496,0.9980557560920715,0.8785189390182495,0.8760141730308533,0.9705400714496518
171,0.06938428431749344,0.9988165497779846,0.880547821521759,0.8826064467430115,1.0933012303649912
172,0.07002805173397064,0.9984784126281738,0.8815622925758362,0.8820993900299072,0.7223816953690972
173,0.07187344878911972,0.9984784126281738,0.880547821521759,0.8798174262046814,0.4364085497222867
174,0.06371437013149261,0.9977176785469055,0.8790261745452881,0.8820993900299072,0.648141350293986
175,0.07577938586473465,0.9980557560920715,0.8752219676971436,0.8777890205383301,0.9982646441498191
176,0.07404279708862305,0.9973795413970947,0.8785189390182495,0.8813387155532837,1.1384373306951454
177,0.07016272842884064,0.9983938932418823,0.8790261745452881,0.8757606148719788,1.2299930685016225
178,0.07283791154623032,0.9984784126281738,0.8808014392852783,0.882860004901886,0.9586984841688831
179,0.06740482896566391,0.9980557560920715,0.8815622925758362,0.8810851573944092,0.45721259050425805
180,0.06623214483261108,0.997802197933197,0.8775044679641724,0.8780425786972046,0.7428234443422548
181,0.07906049489974976,0.9967878460884094,0.8820695281028748,0.8762677311897278,1.441459778055737
182,0.07353214174509048,0.9987320303916931,0.8792797923088074,0.877281904220581,1.305580436366558
183,0.06143748387694359,0.9984784126281738,0.8775044679641724,0.8762677311897278,0.4010579932606853
184,0.07192246615886688,0.9975485801696777,0.882323145866394,0.877281904220581,0.7731888936435979
185,0.06886326521635056,0.9982248544692993,0.880547821521759,0.8793103098869324,0.6943010600266138
186,0.07031789422035217,0.9987320303916931,0.8792797923088074,0.8770284056663513,0.4263423359819588
187,0.06577450037002563,0.9975485801696777,0.8820695281028748,0.8813387155532837,0.7896928954868134
188,0.07614961266517639,0.99797123670578,0.8800405859947205,0.877281904220581,1.2260275496087787
189,0.06929092854261398,0.9977176785469055,0.8820695281028748,0.8790567517280579,1.0211155841578756
190,0.06871365755796432,0.9983093738555908,0.8830839991569519,0.8800709843635559,0.8442002233091208
191,0.07097708433866501,0.9989856481552124,0.8828303813934326,0.8782961368560791,0.5803730771093442
192,0.06502996385097504,0.997802197933197,0.8828303813934326,0.8800709843635559,0.4228659254203874
193,0.07013674825429916,0.9991546869277954,0.8787725567817688,0.8767748475074768,0.8070805758344486
194,0.06755167990922928,0.9984784126281738,0.8808014392852783,0.8782961368560791,0.5855568898471152
195,0.06850787252187729,0.9987320303916931,0.8853664994239807,0.8818458318710327,0.6239987287226736
196,0.062385305762290955,0.9983938932418823,0.8846056461334229,0.8815922737121582,0.47467940557265736
197,0.07083236426115036,0.9982248544692993,0.8802942037582397,0.8820993900299072,0.5397096484205625
198,0.06674360483884811,0.9986475110054016,0.8792797923088074,0.8815922737121582,0.6237337475032325
199,0.0699237734079361,0.9984784126281738,0.880547821521759,0.877281904220581,0.5964011976053296
200,0.0678129643201828,0.9990701675415039,0.8787725567817688,0.8770284056663513,0.5864231095935073
201,0.07105960696935654,0.9980557560920715,0.8782653212547302,0.8790567517280579,0.4402954205152195
202,0.07723329961299896,0.9993237257003784,0.8787725567817688,0.8785496950149536,0.7328445192353629
203,0.07179060578346252,0.9985629916191101,0.8795334100723267,0.8793103098869324,0.555190368366307
204,0.07882905751466751,0.9989010691642761,0.8790261745452881,0.8770284056663513,0.7078664144880213
205,0.06979622691869736,0.9977176785469055,0.8790261745452881,0.8790567517280579,0.5579875119969294
206,0.07251148670911789,0.9989010691642761,0.8813086748123169,0.8770284056663513,0.7356672931679239
207,0.06461511552333832,0.9985629916191101,0.8833376169204712,0.8760141730308533,0.3134773679440278
208,0.06599189341068268,0.9947590827941895,0.8787725567817688,0.8752535581588745,0.7649970979828377
209,0.09675233066082001,0.9691462516784668,0.8412376642227173,0.8417849540710449,2.3584483259612945
210,0.21246540546417236,0.8687235713005066,0.7902612686157227,0.8014705777168274,6.451337677435795
211,0.6726899147033691,0.8840236663818359,0.782145619392395,0.790060818195343,12.377392018997025
212,0.46974748373031616,0.9677091836929321,0.844281017780304,0.8374746441841125,8.638970706147239
213,0.2259930670261383,0.9593406319618225,0.8473244309425354,0.8483772873878479,2.8001428500697734
214,0.2492961436510086,0.8956043720245361,0.8085214495658875,0.8113589882850647,1.5316143958616915
215,0.34880536794662476,0.9189348816871643,0.8323611617088318,0.8296145796775818,1.9113136722722657
216,0.3297002613544464,0.9560439586639404,0.8681207299232483,0.8666328191757202,1.4026461142630526
217,0.28057554364204407,0.9475908875465393,0.8650773763656616,0.8610547184944153,0.7110281711816695
218,0.28295695781707764,0.9500422477722168,0.867867112159729,0.8656186461448669,0.9851329570897277
219,0.2591181993484497,0.9585798978805542,0.8759827613830566,0.8780425786972046,1.237871798190913
220,0.22296631336212158,0.9527472257614136,0.8754755854606628,0.8727180361747742,0.6884090159428121
221,0.2343587726354599,0.9584953188896179,0.8797869682312012,0.8767748475074768,1.4326246953090116
222,0.2089792788028717,0.9672865271568298,0.8777580857276917,0.8757606148719788,1.1710766458530737
223,0.1869785338640213,0.9740490317344666,0.8813086748123169,0.8782961368560791,0.8558023800495338
224,0.16960261762142181,0.98089599609375,0.8808014392852783,0.8795638680458069,0.8678714889246136
225,0.15952639281749725,0.98292475938797,0.8813086748123169,0.877281904220581,0.6471907113579562
226,0.15258368849754333,0.9857988357543945,0.8767436146736145,0.874492883682251,0.6446502637980315
227,0.14763209223747253,0.9875739812850952,0.8818159103393555,0.8762677311897278,0.6616954052197282
228,0.14046761393547058,0.9889264702796936,0.8772508502006531,0.8780425786972046,0.5969073371466418
229,0.13944555819034576,0.9898563027381897,0.8792797923088074,0.8757606148719788,0.5506219604226856
230,0.12909720838069916,0.9905325174331665,0.8802942037582397,0.8798174262046814,0.6761843208698698
231,0.11398043483495712,0.9920541048049927,0.8780117034912109,0.8831135630607605,0.5464353985885196
232,0.11377673596143723,0.9929839372634888,0.880547821521759,0.8790567517280579,0.5843726743763245
233,0.10503740608692169,0.9930684566497803,0.8800405859947205,0.8795638680458069,0.5102547282016673
234,0.09733909368515015,0.9931529760360718,0.8777580857276917,0.8813387155532837,0.5466869014399326
235,0.09653609246015549,0.9935756325721741,0.8792797923088074,0.8813387155532837,0.5641436005327441
236,0.10066748410463333,0.9956889152526855,0.8802942037582397,0.8795638680458069,0.6793764009820238
237,0.08776669949293137,0.9960270524024963,0.880547821521759,0.877281904220581,0.4078987354119974
238,0.08977529406547546,0.9959425330162048,0.8795334100723267,0.8788032531738281,0.5896119779494877
239,0.08800690621137619,0.9961115717887878,0.8808014392852783,0.8815922737121582,0.420900417537916
240,0.0873153954744339,0.9970414042472839,0.8820695281028748,0.8798174262046814,0.596483582179386
241,0.07976995408535004,0.9972105026245117,0.8810550570487976,0.8777890205383301,0.3868191807713699
242,0.0826224833726883,0.9975485801696777,0.8802942037582397,0.8808315992355347,0.4700406170526438
243,0.08263993263244629,0.9978867173194885,0.8830839991569519,0.8836206793785095,0.4983228982239107
244,0.07955127209424973,0.9974640607833862,0.8833376169204712,0.8813387155532837,0.3478743329296872
245,0.0736033022403717,0.9978867173194885,0.8825767636299133,0.8800709843635559,0.4872697016024408
246,0.07510053366422653,0.9977176785469055,0.8830839991569519,0.8780425786972046,0.3455701766212486
247,0.08079253137111664,0.997633159160614,0.8828303813934326,0.8803245425224304,0.5249449045057949
248,0.07827330380678177,0.9977176785469055,0.882323145866394,0.882860004901886,0.4416436606833813
249,0.0700039267539978,0.9978867173194885,0.8820695281028748,0.8775354623794556,0.5927494888924163
250,0.06820589303970337,0.9981403350830078,0.8825767636299133,0.8788032531738281,0.3448922390088943
251,0.07380956411361694,0.9983093738555908,0.8830839991569519,0.8805781006813049,0.40685106044381436
252,0.07116227596998215,0.9986475110054016,0.8840984106063843,0.8815922737121582,0.42907459033078704
253,0.0714673176407814,0.9987320303916931,0.8828303813934326,0.8808315992355347,0.6033272724183931
254,0.06787782907485962,0.9984784126281738,0.882323145866394,0.8818458318710327,0.3533275836492936
255,0.06525905430316925,0.9985629916191101,0.8825767636299133,0.8808315992355347,0.447965836719108
256,0.06864773482084274,0.9983938932418823,0.8808014392852783,0.8805781006813049,0.3555012608967378
257,0.06937702745199203,0.9984784126281738,0.8835912346839905,0.8795638680458069,0.5010067043911824
258,0.06332583725452423,0.9986475110054016,0.8828303813934326,0.8752535581588745,0.3442259911750585
259,0.06286054849624634,0.9985629916191101,0.8833376169204712,0.8782961368560791,0.45348304349137375
260,0.06699515879154205,0.9989856481552124,0.8833376169204712,0.8795638680458069,0.3569063491832264
261,0.06419506669044495,0.9990701675415039,0.8833376169204712,0.8798174262046814,0.41843632533081404
262,0.06424752622842789,0.9988165497779846,0.8840984106063843,0.8805781006813049,0.30956545390734413
263,0.06769942492246628,0.9991546869277954,0.8828303813934326,0.8843812942504883,0.44445952550606804
264,0.060022953897714615,0.9989010691642761,0.8846056461334229,0.8808315992355347,0.36962747847683347
265,0.06498167663812637,0.9991546869277954,0.8825767636299133,0.8795638680458069,0.44544881222184524
266,0.06112691015005112,0.9989010691642761,0.8818159103393555,0.8805781006813049,0.3459506329082403
267,0.0628446638584137,0.9989856481552124,0.8846056461334229,0.8782961368560791,0.43141135907833206
268,0.06374885141849518,0.9989010691642761,0.8820695281028748,0.8785496950149536,0.3444277095722366
269,0.06195380911231041,0.9989010691642761,0.8810550570487976,0.8795638680458069,0.37083572280234983
270,0.06027858704328537,0.9989856481552124,0.8797869682312012,0.8793103098869324,0.3404287026410358
271,0.06055845692753792,0.9991546869277954,0.8797869682312012,0.8798174262046814,0.2987207174072562
272,0.0584377758204937,0.9990701675415039,0.8813086748123169,0.8818458318710327,0.37508314431834233
273,0.06067296490073204,0.9989010691642761,0.8797869682312012,0.8820993900299072,0.3162426544761906
274,0.057166703045368195,0.9989010691642761,0.8813086748123169,0.8831135630607605,0.5084743139123453
275,0.05608314275741577,0.9988165497779846,0.8851128816604614,0.8798174262046814,0.36077454650339663
276,0.06021350249648094,0.9989010691642761,0.8800405859947205,0.8826064467430115,0.6800300494826219
277,0.056660767644643784,0.99797123670578,0.880547821521759,0.8805781006813049,0.38078415705613466
278,0.06516995280981064,0.9991546869277954,0.8810550570487976,0.8810851573944092,0.9637173614829605
279,0.05650720000267029,0.9990701675415039,0.8800405859947205,0.8729715943336487,0.30750774066426506
280,0.07277047634124756,0.9989856481552124,0.8815622925758362,0.8798174262046814,1.1942826735310506
281,0.06013428047299385,0.9988165497779846,0.8797869682312012,0.8818458318710327,0.5050632871785464
282,0.06306803971529007,0.9991546869277954,0.8830839991569519,0.8823529481887817,0.862704297663138
283,0.055317457765340805,0.9988165497779846,0.8820695281028748,0.8798174262046814,0.38661817303873114
284,0.06228010356426239,0.9987320303916931,0.8825767636299133,0.8831135630607605,0.7226866943641562
285,0.053495440632104874,0.9986475110054016,0.8825767636299133,0.8823529481887817,0.4819246849661658
286,0.057166486978530884,0.9991546869277954,0.8808014392852783,0.8795638680458069,0.5606016641744155
287,0.05651218816637993,0.9988165497779846,0.8820695281028748,0.8800709843635559,0.3375049972950121
288,0.06032104045152664,0.9991546869277954,0.8828303813934326,0.8810851573944092,0.5318690103662893
289,0.058682262897491455,0.9987320303916931,0.8800405859947205,0.8818458318710327,0.35856792032966806
290,0.05983526632189751,0.9993237257003784,0.882323145866394,0.8795638680458069,0.5678226319271765
291,0.05391252413392067,0.9990701675415039,0.8830839991569519,0.8798174262046814,0.3471457717408895
292,0.06018107756972313,0.9993237257003784,0.8813086748123169,0.8813387155532837,0.4963062534656539
293,0.06289348751306534,0.9989010691642761,0.8785189390182495,0.8813387155532837,0.6135473537518735
294,0.055364303290843964,0.9992392063140869,0.8790261745452881,0.8820993900299072,0.6382753192480511
295,0.05324584245681763,0.9990701675415039,0.8802942037582397,0.8798174262046814,0.3711528270169616
296,0.060479603707790375,0.9991546869277954,0.8800405859947205,0.8831135630607605,0.5773767036273
297,0.05627543106675148,0.9990701675415039,0.8785189390182495,0.8818458318710327,0.3374295831770181
298,0.059767983853816986,0.9993237257003784,0.882323145866394,0.8843812942504883,0.5272588890925515
299,0.054700274020433426,0.9989856481552124,0.8830839991569519,0.8810851573944092,0.4135768005132596
300,0.05850238353013992,0.9990701675415039,0.883844792842865,0.883367121219635,0.5100081373299321
301,0.05448807030916214,0.9991546869277954,0.8840984106063843,0.8831135630607605,0.38443555005418434
302,0.05880770832300186,0.9994083046913147,0.8846056461334229,0.8848884105682373,0.612804343021361
303,0.05852368474006653,0.9989010691642761,0.8835912346839905,0.8823529481887817,0.3671005194284867
304,0.06387461721897125,0.9993237257003784,0.8828303813934326,0.8831135630607605,0.6163708485466572
305,0.060669079422950745,0.9992392063140869,0.8828303813934326,0.8793103098869324,0.5863969082149173
306,0.060775306075811386,0.9993237257003784,0.880547821521759,0.8836206793785095,0.8395179217504741
307,0.06057370826601982,0.9988165497779846,0.8795334100723267,0.8823529481887817,0.606609715081447
308,0.06489115208387375,0.9993237257003784,0.8800405859947205,0.8823529481887817,1.1010507220443515
309,0.05855046212673187,0.9988165497779846,0.8785189390182495,0.8782961368560791,0.4638158672696505
310,0.06453227251768112,0.9992392063140869,0.8828303813934326,0.8805781006813049,0.9940417981154633
311,0.06463507562875748,0.9994083046913147,0.8810550570487976,0.8820993900299072,0.8136479945583387
312,0.05670185759663582,0.9991546869277954,0.8790261745452881,0.883874237537384,0.45351110990266025
313,0.06303437799215317,0.9993237257003784,0.880547821521759,0.8782961368560791,0.6567386920953816
314,0.06327341496944427,0.9992392063140869,0.8797869682312012,0.8790567517280579,0.5603791356589758
315,0.060627441853284836,0.9994928240776062,0.8762363791465759,0.8770284056663513,0.5912493423032795
316,0.060529518872499466,0.9993237257003784,0.8795334100723267,0.8818458318710327,0.5966429242150646
317,0.06307151913642883,0.9994928240776062,0.8772508502006531,0.877281904220581,0.6230729988971969
318,0.05983628332614899,0.9995773434638977,0.8767436146736145,0.8805781006813049,0.6571033766811417
319,0.055359259247779846,0.9993237257003784,0.8802942037582397,0.8800709843635559,0.37467090132894226
320,0.05613492429256439,0.9993237257003784,0.8795334100723267,0.8782961368560791,0.4600551454782171
321,0.05956835672259331,0.9993237257003784,0.8815622925758362,0.8795638680458069,0.4724710041038576
322,0.05847623199224472,0.9989856481552124,0.8795334100723267,0.8808315992355347,0.4322510322451185
323,0.06210777163505554,0.9984784126281738,0.8813086748123169,0.8795638680458069,0.6963197495139138
324,0.05879051238298416,0.9991546869277954,0.8810550570487976,0.8788032531738281,0.7739632460201832
325,0.06068173050880432,0.9995773434638977,0.8828303813934326,0.8790567517280579,0.5223903039369578
326,0.06144595891237259,0.9989010691642761,0.8833376169204712,0.8785496950149536,0.4854934059762717
327,0.06299128383398056,0.9991546869277954,0.8813086748123169,0.8775354623794556,0.9808389938900043
328,0.06253691017627716,0.9990701675415039,0.8848592638969421,0.8782961368560791,0.874136590084797
329,0.05960015580058098,0.9989010691642761,0.8833376169204712,0.882860004901886,0.4432487612703927
330,0.05431590601801872,0.9991546869277954,0.8840984106063843,0.8798174262046814,0.7561170551212835
331,0.05540779232978821,0.9989856481552124,0.8835912346839905,0.8805781006813049,0.5530495353473027
332,0.05842279642820358,0.9989010691642761,0.883844792842865,0.8831135630607605,0.533323952198135
333,0.055920328944921494,0.9989856481552124,0.8828303813934326,0.883367121219635,0.43310449660091155
334,0.060646671801805496,0.9991546869277954,0.882323145866394,0.8800709843635559,0.551051770703629
335,0.05518724024295807,0.9987320303916931,0.8813086748123169,0.8803245425224304,0.5387995126076559
336,0.05636955425143242,0.9989856481552124,0.8815622925758362,0.8790567517280579,0.7234646950404576
337,0.05750153586268425,0.9989010691642761,0.8820695281028748,0.8815922737121582,0.5203627667183345
338,0.061063580214977264,0.9990701675415039,0.8828303813934326,0.8805781006813049,0.5197703598367013
339,0.05347387492656708,0.9992392063140869,0.882323145866394,0.8788032531738281,0.38471893370881965
340,0.05940655618906021,0.9994928240776062,0.8828303813934326,0.8800709843635559,0.4841937978939835
341,0.06145600602030754,0.9991546869277954,0.8790261745452881,0.8788032531738281,0.5269529374270436
342,0.0691458210349083,0.9991546869277954,0.8790261745452881,0.8805781006813049,0.8308528159407765
343,0.05862170457839966,0.9993237257003784,0.8795334100723267,0.8815922737121582,0.6832665577557746
344,0.058595072478055954,0.9992392063140869,0.8757292032241821,0.8785496950149536,0.5602843561176288
345,0.060908179730176926,0.9983093738555908,0.8782653212547302,0.8853955268859863,1.0698572800800257
346,0.06211448833346367,0.9993237257003784,0.8782653212547302,0.8788032531738281,1.2001858929770974
347,0.05867771431803703,0.9991546869277954,0.8787725567817688,0.8803245425224304,0.5374778807046564
348,0.05658099427819252,0.9992392063140869,0.8785189390182495,0.8826064467430115,0.5447411803217577
349,0.06143423914909363,0.9993237257003784,0.8782653212547302,0.8803245425224304,0.8530410048494832
350,0.05863187089562416,0.9990701675415039,0.8790261745452881,0.8798174262046814,0.4083240391244204
351,0.060769133269786835,0.9982248544692993,0.8790261745452881,0.8815922737121582,0.6607221296328867
352,0.06505698710680008,0.9990701675415039,0.8795334100723267,0.8793103098869324,1.0446299520036917
353,0.06831184029579163,0.9991546869277954,0.8810550570487976,0.8823529481887817,0.6827609771203751
354,0.05998113751411438,0.9989010691642761,0.8810550570487976,0.8800709843635559,0.567776936531757
355,0.05927160754799843,0.9990701675415039,0.8797869682312012,0.8813387155532837,1.013689920432696
356,0.061020758002996445,0.9993237257003784,0.8808014392852783,0.8818458318710327,0.8479487143401377
357,0.053067270666360855,0.9983093738555908,0.880547821521759,0.8803245425224304,0.40780505650949866
358,0.06644991785287857,0.9990701675415039,0.8802942037582397,0.8788032531738281,1.1748725434032017
359,0.06236432492733002,0.9989856481552124,0.8830839991569519,0.8808315992355347,1.0427579923819983
360,0.055159952491521835,0.9981403350830078,0.8813086748123169,0.8808315992355347,0.37117315751656105
361,0.06845942884683609,0.9984784126281738,0.8754755854606628,0.877281904220581,1.4095687891813626
362,0.07208288460969925,0.9992392063140869,0.8825767636299133,0.8848884105682373,1.7182341592399841
363,0.056157663464546204,0.9978867173194885,0.880547821521759,0.8813387155532837,0.5581842703179105
364,0.06488414853811264,0.9988165497779846,0.8775044679641724,0.8805781006813049,1.2534219743870265
365,0.0653245598077774,0.9992392063140869,0.8810550570487976,0.882860004901886,1.1618857587569393
366,0.06385011225938797,0.9975485801696777,0.8790261745452881,0.877281904220581,0.5852438557912124
367,0.06690436601638794,0.9991546869277954,0.8777580857276917,0.8818458318710327,1.403499371690137
368,0.06296122074127197,0.9993237257003784,0.8744611144065857,0.8808315992355347,0.7093315781657489
369,0.06302006542682648,0.9992392063140869,0.8769972324371338,0.8790567517280579,0.765166867260868
370,0.06107525900006294,0.9990701675415039,0.8767436146736145,0.8813387155532837,0.6906104238025317
371,0.060298360884189606,0.9991546869277954,0.8749683499336243,0.8813387155532837,0.5991174565926123
372,0.058294668793678284,0.9991546869277954,0.8808014392852783,0.8826064467430115,0.6434193302833536
373,0.06264861673116684,0.9984784126281738,0.880547821521759,0.8823529481887817,0.6457374157800477
374,0.0655989944934845,0.9989010691642761,0.8759827613830566,0.8841277956962585,1.1787086894718886
375,0.06299673020839691,0.9991546869277954,0.8802942037582397,0.8853955268859863,0.9995845711696617
376,0.06170414760708809,0.9994928240776062,0.8775044679641724,0.8843812942504883,0.8804061561617775
377,0.05965424329042435,0.9993237257003784,0.8777580857276917,0.8826064467430115,0.6156815405941539
378,0.05868132412433624,0.9994083046913147,0.8800405859947205,0.8815922737121582,0.51906138939665
379,0.061552029103040695,0.9993237257003784,0.8813086748123169,0.8836206793785095,0.5531950920483277
380,0.061415523290634155,0.9990701675415039,0.8777580857276917,0.882860004901886,0.4909740053687987
381,0.05648248642683029,0.9992392063140869,0.8790261745452881,0.8823529481887817,0.40386409512834864
382,0.056181009858846664,0.9993237257003784,0.880547821521759,0.883367121219635,0.45948868707226154
383,0.05945943295955658,0.9995773434638977,0.8790261745452881,0.8826064467430115,0.4535438179519582
384,0.053395673632621765,0.9996618628501892,0.8815622925758362,0.8808315992355347,0.4350762124620615
385,0.06141136959195137,0.9996618628501892,0.8767436146736145,0.8805781006813049,0.6229261417433435
386,0.05920691788196564,0.9997463822364807,0.8800405859947205,0.8803245425224304,0.5386825249140124
387,0.06337114423513412,0.9996618628501892,0.8810550570487976,0.8793103098869324,0.4464589100203602
388,0.05923621356487274,0.9995773434638977,0.8785189390182495,0.8795638680458069,0.4508855754308417
389,0.05683300644159317,0.9992392063140869,0.8785189390182495,0.8810851573944092,0.5107082988451381
390,0.06112208217382431,0.9990701675415039,0.8782653212547302,0.8800709843635559,0.6830268547908485
391,0.06213369593024254,0.9991546869277954,0.8792797923088074,0.8793103098869324,0.7642809530393262
392,0.057504795491695404,0.9994083046913147,0.8792797923088074,0.8793103098869324,0.44750245814827666
393,0.06002410873770714,0.9989010691642761,0.8795334100723267,0.8793103098869324,0.6133783826292947
394,0.06392212212085724,0.9994083046913147,0.8775044679641724,0.8777890205383301,0.6362219182850289
395,0.06007332354784012,0.9993237257003784,0.8790261745452881,0.8788032531738281,0.39224968528677623
396,0.06659332662820816,0.9992392063140869,0.8764899969100952,0.8793103098869324,0.612254772199028
397,0.06030081585049629,0.9989010691642761,0.8739538788795471,0.8798174262046814,0.666394240368613
398,0.05318494141101837,0.9988165497779846,0.880547821521759,0.8800709843635559,0.6358204083049703
399,0.060366541147232056,0.9987320303916931,0.8825767636299133,0.8815922737121582,0.5024743703475765
400,0.06049896404147148,0.9993237257003784,0.8787725567817688,0.8795638680458069,0.7594238673533861
401,0.05747891589999199,0.9994083046913147,0.8780117034912109,0.8757606148719788,0.4465090240073251
402,0.0628618448972702,0.9985629916191101,0.8818159103393555,0.8775354623794556,0.8858850718885718
403,0.06660794466733932,0.9990701675415039,0.8731930255889893,0.8752535581588745,1.5265174428990977
404,0.07161516696214676,0.9993237257003784,0.8790261745452881,0.8762677311897278,1.7083792577863004
405,0.06439364701509476,0.9996618628501892,0.8802942037582397,0.8782961368560791,1.1125458800324617
406,0.05732328072190285,0.9991546869277954,0.8777580857276917,0.8803245425224304,0.3816931804502979
407,0.05810566619038582,0.9988165497779846,0.8800405859947205,0.8790567517280579,0.7854722532430458
408,0.0634017363190651,0.9991546869277954,0.8792797923088074,0.8798174262046814,0.8990234265219263
409,0.06428779661655426,0.9990701675415039,0.8802942037582397,0.8795638680458069,0.6859251734280715
410,0.0609460324048996,0.9994928240776062,0.8785189390182495,0.8782961368560791,0.46743270608214443
411,0.06080711632966995,0.9991546869277954,0.8785189390182495,0.8803245425224304,0.7002154139610411
412,0.0636734738945961,0.9995773434638977,0.8813086748123169,0.8775354623794556,0.8875120617928244
413,0.05954042822122574,0.9996618628501892,0.8775044679641724,0.8767748475074768,0.782732745524254
414,0.05592867359519005,0.9996618628501892,0.8764899969100952,0.8765212893486023,0.41121328669002954
415,0.06647706031799316,0.9996618628501892,0.8769972324371338,0.874492883682251,0.443741731130328
416,0.06008023023605347,0.9991546869277954,0.8808014392852783,0.8765212893486023,0.4647095782155175
417,0.059248827397823334,0.9995773434638977,0.8815622925758362,0.8765212893486023,0.6891353583945699
418,0.06490477174520493,0.9994928240776062,0.8833376169204712,0.8765212893486023,0.5569984175113617
419,0.060879409313201904,0.9994083046913147,0.8820695281028748,0.8805781006813049,0.3926973452825374
420,0.059466373175382614,0.9995773434638977,0.880547821521759,0.8752535581588745,0.6268954399802755
421,0.05780595913529396,0.9994083046913147,0.8810550570487976,0.8782961368560791,0.49899477008110354
422,0.05936679616570473,0.9991546869277954,0.8818159103393555,0.8800709843635559,0.4317914153359756
423,0.05628420040011406,0.9994928240776062,0.8792797923088074,0.8770284056663513,0.7175904690048095
424,0.056879326701164246,0.9994928240776062,0.882323145866394,0.8793103098869324,0.7660694888476465
425,0.05915237218141556,0.9997463822364807,0.8815622925758362,0.8800709843635559,0.5570325934743311
426,0.05592673644423485,0.9995773434638977,0.8810550570487976,0.8793103098869324,0.44753808929617783
427,0.05809638276696205,0.9994083046913147,0.8777580857276917,0.8762677311897278,0.4612044887395517
428,0.059253837913274765,0.9996618628501892,0.8808014392852783,0.8790567517280579,0.6791366910600928
429,0.06157715618610382,0.9995773434638977,0.8808014392852783,0.8782961368560791,0.7123401823888619
430,0.05949200317263603,0.9994928240776062,0.8802942037582397,0.8777890205383301,0.5010658917482135
431,0.05593426153063774,0.9994083046913147,0.8835912346839905,0.877281904220581,0.5297783124612547
432,0.05870325118303299,0.9992392063140869,0.8830839991569519,0.8798174262046814,0.5384842338680049
433,0.05819312483072281,0.9989010691642761,0.8795334100723267,0.8757606148719788,0.8273085292843261
434,0.06528641283512115,0.9985629916191101,0.8815622925758362,0.8793103098869324,1.3061337214216378
435,0.06713531166315079,0.9992392063140869,0.8815622925758362,0.8767748475074768,1.1927205049367569
436,0.06109277531504631,0.9991546869277954,0.8833376169204712,0.8782961368560791,0.7596222206902111
437,0.06245340034365654,0.9989856481552124,0.8848592638969421,0.8790567517280579,0.5233634510412923
438,0.07644633203744888,0.9995773434638977,0.8802942037582397,0.8798174262046814,0.8402688754091611
439,0.061744268983602524,0.9992392063140869,0.8775044679641724,0.8798174262046814,0.6352176078140007
440,0.05881495028734207,0.9993237257003784,0.8787725567817688,0.8788032531738281,0.5103324950447188
441,0.06314442306756973,0.9994083046913147,0.8782653212547302,0.8777890205383301,0.6820093048370045
442,0.05570629611611366,0.9995773434638977,0.8818159103393555,0.8775354623794556,0.6134287990787082
443,0.06303514540195465,0.9995773434638977,0.880547821521759,0.8782961368560791,0.4780445920884609
444,0.05787675827741623,0.9993237257003784,0.8780117034912109,0.8790567517280579,0.6307334547717157
445,0.061335884034633636,0.9989856481552124,0.8846056461334229,0.8810851573944092,0.8702363419749802
446,0.057367969304323196,0.9992392063140869,0.8820695281028748,0.8803245425224304,0.8201719998555662
447,0.05886092782020569,0.9992392063140869,0.8815622925758362,0.8800709843635559,0.5326555033134178
448,0.06376386433839798,0.9991546869277954,0.8858737349510193,0.8805781006813049,0.7245708345967911
449,0.059044502675533295,0.9994928240776062,0.8828303813934326,0.8810851573944092,0.7006969926577696
450,0.05573809891939163,0.9993237257003784,0.8813086748123169,0.8813387155532837,0.40182444334491485
451,0.06199570372700691,0.9994083046913147,0.8815622925758362,0.8785496950149536,0.4876551743780027
452,0.05678046494722366,0.9993237257003784,0.8828303813934326,0.8813387155532837,0.4475070573109423
453,0.053763531148433685,0.9992392063140869,0.8825767636299133,0.8826064467430115,0.41025897328106953
454,0.0553678423166275,0.9994083046913147,0.8813086748123169,0.8823529481887817,0.36597786134057353
455,0.05822576582431793,0.9994928240776062,0.880547821521759,0.882860004901886,0.4500109745050396
456,0.06274630129337311,0.9992392063140869,0.8818159103393555,0.8836206793785095,0.5218223463340171
457,0.06347665190696716,0.9994928240776062,0.8744611144065857,0.8808315992355347,0.7357548999491528
458,0.0571199394762516,0.9994928240776062,0.8782653212547302,0.8805781006813049,0.701659567767952
459,0.06465796381235123,0.9995773434638977,0.8764899969100952,0.8793103098869324,0.5938725040280203
460,0.056353166699409485,0.9993237257003784,0.8752219676971436,0.8810851573944092,0.4539789739158327
461,0.05927812680602074,0.9994928240776062,0.8772508502006531,0.8818458318710327,0.6530036473251791
462,0.05932365357875824,0.9994928240776062,0.8782653212547302,0.8795638680458069,0.4587942735779905
463,0.06010119989514351,0.9990701675415039,0.871417760848999,0.8800709843635559,0.7367370256015173
464,0.0632886216044426,0.9993237257003784,0.8775044679641724,0.8815922737121582,1.1541653967163263
465,0.06514579057693481,0.9989010691642761,0.8775044679641724,0.882860004901886,0.8345256254023912
466,0.059752438217401505,0.9994083046913147,0.8780117034912109,0.8841277956962585,0.6275687125466768
467,0.06056024134159088,0.9988165497779846,0.8790261745452881,0.8788032531738281,0.6788657778449405
468,0.057380445301532745,0.9992392063140869,0.8769972324371338,0.8785496950149536,1.2042499110384883
469,0.06051422655582428,0.9995773434638977,0.8785189390182495,0.8785496950149536,1.1491567539153469
470,0.05980387702584267,0.9994928240776062,0.8792797923088074,0.8775354623794556,0.7683097850024464
471,0.059161171317100525,0.9994928240776062,0.8815622925758362,0.8775354623794556,0.5503345929501996
472,0.05829286575317383,0.9996618628501892,0.8828303813934326,0.8790567517280579,0.5654129441439588
473,0.060062773525714874,0.9992392063140869,0.8800405859947205,0.8777890205383301,0.6764821692317289
474,0.06056598573923111,0.9991546869277954,0.8757292032241821,0.8727180361747742,1.3300697557178853
475,0.07319392263889313,0.9991546869277954,0.8792797923088074,0.8775354623794556,1.6383069773271461
476,0.06831005960702896,0.9993237257003784,0.8780117034912109,0.8788032531738281,1.1550443455702102
477,0.057398561388254166,0.9995773434638977,0.8785189390182495,0.8777890205383301,0.5205257701862519
478,0.06013905256986618,0.9996618628501892,0.8769972324371338,0.8790567517280579,0.6659020471971016
479,0.056939590722322464,0.9992392063140869,0.880547821521759,0.8808315992355347,0.5738546699753109
480,0.06231257691979408,0.9991546869277954,0.8775044679641724,0.8808315992355347,0.6113649576030262
481,0.061917226761579514,0.9989856481552124,0.8782653212547302,0.8785496950149536,0.9383098556599473
482,0.061876166611909866,0.9997463822364807,0.8775044679641724,0.8798174262046814,1.1244635861474999
483,0.05821697413921356,0.9996618628501892,0.8785189390182495,0.8798174262046814,0.6209761745550977
484,0.06057466194033623,0.9991546869277954,0.8777580857276917,0.8782961368560791,0.569274820698098
485,0.06705023348331451,0.9994083046913147,0.8790261745452881,0.8785496950149536,1.0373839975171382
486,0.05749979242682457,0.9995773434638977,0.8780117034912109,0.8775354623794556,0.7827256948388722
487,0.05636141076683998,0.9995773434638977,0.8759827613830566,0.8782961368560791,0.4570940750559931
488,0.05812099948525429,0.9988165497779846,0.874714732170105,0.8818458318710327,0.6518184164423939
489,0.06116855517029762,0.9989856481552124,0.8744611144065857,0.8808315992355347,0.9893208369321497
490,0.06061265245079994,0.9993237257003784,0.87293940782547,0.8785496950149536,1.1382070237725153
491,0.059137746691703796,0.9994083046913147,0.8764899969100952,0.8762677311897278,0.9058384807771489
492,0.06052752211689949,0.9993237257003784,0.874714732170105,0.8755070567131042,0.5571268290098914
493,0.06298581510782242,0.9991546869277954,0.871417760848999,0.8775354623794556,0.6136618993140305
494,0.0668422281742096,0.9990701675415039,0.8759827613830566,0.8785496950149536,0.6764711229948928
495,0.06263881921768188,0.9992392063140869,0.8744611144065857,0.8798174262046814,0.47251537513922354
496,0.0647430270910263,0.9994083046913147,0.8731930255889893,0.877281904220581,0.6366494860810801
497,0.05930136516690254,0.9989856481552124,0.8739538788795471,0.8760141730308533,0.5113188975093095
498,0.06212904304265976,0.9987320303916931,0.87293940782547,0.8808315992355347,0.7109100544992699
499,0.06450964510440826,0.9992392063140869,0.8721785545349121,0.8790567517280579,0.7167998230384501
500,0.0561404675245285,0.9994928240776062,0.8724321722984314,0.8775354623794556,0.41620157675644426
501,0.0591825395822525,0.9972950220108032,0.8764899969100952,0.8810851573944092,0.852702947632666
502,0.0647812932729721,0.9990701675415039,0.8737002611160278,0.8775354623794556,1.516513709751851
503,0.06509599834680557,0.9994928240776062,0.8767436146736145,0.882860004901886,1.2443316894862753
504,0.05781077593564987,0.9986475110054016,0.8767436146736145,0.8800709843635559,0.38484537619297043
505,0.060690272599458694,0.9991546869277954,0.871417760848999,0.8793103098869324,1.0297433300738155
506,0.061134736984968185,0.9993237257003784,0.8754755854606628,0.8803245425224304,0.7499482498384294
507,0.06250069290399551,0.9986475110054016,0.8785189390182495,0.8810851573944092,0.6706145928033589
508,0.06872044503688812,0.9991546869277954,0.8737002611160278,0.8803245425224304,1.3364737005762197
509,0.06156052649021149,0.9995773434638977,0.8775044679641724,0.8826064467430115,1.0367110065385923
510,0.060872405767440796,0.9992392063140869,0.8780117034912109,0.8810851573944092,0.5569899438003031
511,0.06470062583684921,0.9994083046913147,0.8767436146736145,0.8818458318710327,1.0808868304538484
512,0.05915924534201622,0.9994928240776062,0.880547821521759,0.883367121219635,1.041066413076011
513,0.06005799025297165,0.9972950220108032,0.8754755854606628,0.8777890205383301,0.5120322339007654
514,0.07302965223789215,0.9931529760360718,0.858737051486969,0.8585192561149597,1.9993755850543917
515,0.1409030705690384,0.976331353187561,0.8496069312095642,0.8547160029411316,4.347363456475897
516,0.15836605429649353,0.9912933111190796,0.8534111380577087,0.8564908504486084,5.582369710532908
517,0.1348644345998764,0.9972950220108032,0.8698960542678833,0.8714503049850464,3.8404108899696388
518,0.09221360832452774,0.9845308661460876,0.8622876405715942,0.8628295660018921,1.3554143154267693
519,0.13774079084396362,0.9940828084945679,0.8635557293891907,0.8613082766532898,4.061715285172152
520,0.10767209529876709,0.995435357093811,0.8681207299232483,0.8633366823196411,2.227192379415557
521,0.10752072930335999,0.985883355140686,0.8665990829467773,0.8663792610168457,2.037526859014037
522,0.12949919700622559,0.9964497089385986,0.8752219676971436,0.8831135630607605,2.6888070732140443
523,0.08763742446899414,0.9942519068717957,0.8686279654502869,0.8663792610168457,0.8512858557964269
524,0.11396416276693344,0.9963651895523071,0.874714732170105,0.8790567517280579,2.1893532394272084
525,0.08307329565286636,0.9928148984909058,0.8767436146736145,0.8734787106513977,0.8361905827270382
526,0.09485957026481628,0.9975485801696777,0.8749683499336243,0.8775354623794556,1.9552438539007049
527,0.0791107639670372,0.9980557560920715,0.8775044679641724,0.877281904220581,0.8917761991981333
528,0.08248628675937653,0.9973795413970947,0.8790261745452881,0.8775354623794556,1.041373654509358
529,0.08563505858182907,0.9986475110054016,0.8787725567817688,0.8755070567131042,1.027130256954536
530,0.07331907749176025,0.9990701675415039,0.8785189390182495,0.8793103098869324,0.7660792509859007
531,0.07442479580640793,0.9991546869277954,0.8795334100723267,0.8803245425224304,0.666463008916644
532,0.07403649389743805,0.9986475110054016,0.8797869682312012,0.8803245425224304,0.540131021115114
533,0.06519001722335815,0.9985629916191101,0.8785189390182495,0.8803245425224304,0.7587758377048777
534,0.0748029500246048,0.9981403350830078,0.8820695281028748,0.8777890205383301,0.7202507033856511
535,0.07338982075452805,0.9984784126281738,0.8802942037582397,0.8803245425224304,0.6796526767641776
536,0.06885606050491333,0.9995773434638977,0.8787725567817688,0.8780425786972046,0.8865721767928355
537,0.0661936029791832,0.9992392063140869,0.8795334100723267,0.8760141730308533,0.5574060655647929
538,0.0555635541677475,0.9992392063140869,0.8790261745452881,0.8788032531738281,0.5406932591852852
539,0.06740236282348633,0.9993237257003784,0.8790261745452881,0.8790567517280579,0.6611813844045402
540,0.061434872448444366,0.9981403350830078,0.8759827613830566,0.877281904220581,0.5461469326289461
541,0.07734005153179169,0.9980557560920715,0.8808014392852783,0.8793103098869324,1.3676757975609461
542,0.06896228343248367,0.9990701675415039,0.8835912346839905,0.8805781006813049,1.381913099108074
543,0.06644699722528458,0.9988165497779846,0.8802942037582397,0.8770284056663513,0.5135180928224673
544,0.06731235980987549,0.9994928240776062,0.8858737349510193,0.8793103098869324,1.10767408043777
545,0.06319594383239746,0.9994083046913147,0.8851128816604614,0.8782961368560791,0.6509668050258115
546,0.06321652978658676,0.9996618628501892,0.882323145866394,0.8755070567131042,0.643453189450959
547,0.06073978170752525,0.9997463822364807,0.883844792842865,0.8760141730308533,0.43784447555476314
548,0.056029364466667175,0.9997463822364807,0.883844792842865,0.8793103098869324,0.5602296937737387
549,0.05745016783475876,0.9995773434638977,0.8808014392852783,0.8800709843635559,0.4631651726574479
550,0.06061636656522751,0.9994928240776062,0.8808014392852783,0.8808315992355347,0.42505748957420575
551,0.05757802724838257,0.9994928240776062,0.8820695281028748,0.882860004901886,0.4833605804670917
552,0.05710343271493912,0.9997463822364807,0.8830839991569519,0.8815922737121582,0.41642991197268797
553,0.058212824165821075,0.9995773434638977,0.8843520283699036,0.8798174262046814,0.44613885052434704
554,0.05656179040670395,0.9994083046913147,0.8820695281028748,0.8795638680458069,0.37492708335482133
555,0.05390118435025215,0.9994083046913147,0.8833376169204712,0.8798174262046814,0.377116294136689
556,0.05543069541454315,0.9994928240776062,0.8813086748123169,0.8818458318710327,0.4443267674815185
557,0.057774342596530914,0.9994928240776062,0.8825767636299133,0.8815922737121582,0.4761741073175255
558,0.05558136850595474,0.9993237257003784,0.8835912346839905,0.8818458318710327,0.5294826178801093
559,0.055436357855796814,0.9991546869277954,0.8813086748123169,0.882860004901886,0.4578941638840588
560,0.05870307609438896,0.9994083046913147,0.8808014392852783,0.8780425786972046,0.7791882678158488
561,0.06116431951522827,0.9996618628501892,0.8825767636299133,0.8815922737121582,0.7415734794755526
562,0.050881918519735336,0.999830961227417,0.8840984106063843,0.883367121219635,0.35287979103058975
563,0.053540587425231934,0.9995773434638977,0.8833376169204712,0.8815922737121582,0.4711980473341904
564,0.05391724035143852,0.9994083046913147,0.882323145866394,0.8798174262046814,0.32711352337137767
565,0.05389903858304024,0.9996618628501892,0.883844792842865,0.8836206793785095,0.48375751945964496
566,0.05767453834414482,0.9997463822364807,0.8808014392852783,0.8846348524093628,0.3878048242697854
567,0.051836710423231125,0.9993237257003784,0.8797869682312012,0.8800709843635559,0.5074806361466425
568,0.05214054509997368,0.9999154806137085,0.880547821521759,0.8813387155532837,0.7057373230693272
569,0.046942051500082016,0.9997463822364807,0.8843520283699036,0.8805781006813049,0.327690303002262
570,0.052686840295791626,0.999830961227417,0.8797869682312012,0.8788032531738281,0.6239606281074969
571,0.050477106124162674,0.9996618628501892,0.8785189390182495,0.8760141730308533,0.38883306823733316
572,0.04517149552702904,0.9997463822364807,0.8818159103393555,0.8788032531738281,0.4009285877277606
573,0.05066431686282158,0.999830961227417,0.8815622925758362,0.8788032531738281,0.3789523181148312
574,0.053088318556547165,0.9995773434638977,0.8782653212547302,0.8777890205383301,0.7904334768166268
575,0.0511363223195076,0.999830961227417,0.8795334100723267,0.8798174262046814,0.6939696986106995
576,0.051825039088726044,0.9996618628501892,0.8808014392852783,0.8782961368560791,0.3861381501757922
577,0.06007904186844826,0.9994928240776062,0.8772508502006531,0.8752535581588745,0.7954377646496391
578,0.05282113328576088,0.999830961227417,0.8802942037582397,0.8788032531738281,1.0518358847898428
579,0.05328779295086861,0.9990701675415039,0.8813086748123169,0.8767748475074768,0.40821465127090373
580,0.06006668880581856,0.9995773434638977,0.8792797923088074,0.877281904220581,0.9929706765195523
581,0.05683407932519913,0.9996618628501892,0.8833376169204712,0.8818458318710327,0.9134641545883864
582,0.05121105909347534,0.9989856481552124,0.8856201171875,0.8803245425224304,0.35642477961007857
583,0.05541212484240532,0.9993237257003784,0.8871418237686157,0.8826064467430115,0.7155554504859157
584,0.04771251976490021,0.9993237257003784,0.8828303813934326,0.8805781006813049,0.3263463887003333
585,0.053650692105293274,0.9995773434638977,0.8868882060050964,0.8818458318710327,0.8280491438824137
586,0.04953751713037491,0.9996618628501892,0.8861273527145386,0.8808315992355347,0.574604946098878
587,0.05811634287238121,0.9996618628501892,0.8810550570487976,0.8813387155532837,0.7517513836082849
588,0.05136957764625549,0.9995773434638977,0.8825767636299133,0.8826064467430115,0.7156350589172967
589,0.058898214250802994,0.9994083046913147,0.8843520283699036,0.8803245425224304,0.6002152993466313
590,0.05748928338289261,0.9994928240776062,0.8820695281028748,0.8775354623794556,1.086088094950915
591,0.05907239764928818,0.9997463822364807,0.8808014392852783,0.8841277956962585,0.7898769324383299
592,0.0523800402879715,0.9996618628501892,0.8828303813934326,0.882860004901886,0.45419857628939286
593,0.050847314298152924,0.9993237257003784,0.8828303813934326,0.8798174262046814,0.6647671096138421
594,0.0554758682847023,0.9997463822364807,0.8856201171875,0.8805781006813049,0.775756907308314
595,0.05580805614590645,0.9999154806137085,0.882323145866394,0.8815922737121582,0.9479281169492959
596,0.05307816341519356,0.999830961227417,0.8792797923088074,0.8823529481887817,0.5495944752520614
597,0.05298351123929024,0.999830961227417,0.8810550570487976,0.8793103098869324,0.6680564350131486
598,0.0525311678647995,0.9995773434638977,0.8818159103393555,0.8810851573944092,0.4571031398074872
599,0.0545235201716423,0.9996618628501892,0.8818159103393555,0.8805781006813049,0.5916833496039938
600,0.05491195246577263,0.9997463822364807,0.8808014392852783,0.8775354623794556,0.4383969261897011
601,0.05479718744754791,0.9995773434638977,0.883844792842865,0.8800709843635559,0.5872504250739141
602,0.04966380447149277,0.9996618628501892,0.8833376169204712,0.8810851573944092,0.49699015278746167
603,0.05427452549338341,0.9996618628501892,0.8818159103393555,0.8810851573944092,0.5524522901968808
604,0.05484284460544586,0.9997463822364807,0.880547821521759,0.8826064467430115,0.5134036018644392
605,0.058765824884176254,0.999830961227417,0.882323145866394,0.882860004901886,0.6788851701943208
606,0.05335197597742081,0.999830961227417,0.8828303813934326,0.8823529481887817,0.5628960887824384
607,0.05128847807645798,0.9995773434638977,0.8815622925758362,0.8813387155532837,0.4567095250931483
608,0.050299402326345444,0.9994083046913147,0.8818159103393555,0.8820993900299072,0.4998489930946947
609,0.057289835065603256,0.9995773434638977,0.883844792842865,0.8813387155532837,0.4898600149388999
610,0.05836779251694679,0.9996618628501892,0.8825767636299133,0.8803245425224304,0.5244558154584612
611,0.05441860854625702,0.9997463822364807,0.8818159103393555,0.8780425786972046,0.7765914386145003
612,0.05824348330497742,0.999830961227417,0.8825767636299133,0.8803245425224304,0.6526564483256763
613,0.05208880454301834,0.9997463822364807,0.882323145866394,0.883874237537384,0.41184900015910997
614,0.0520750917494297,0.9994083046913147,0.8802942037582397,0.8795638680458069,0.610923794020796
615,0.061076801270246506,0.9994928240776062,0.8846056461334229,0.8831135630607605,0.8819805715489419
616,0.05441346764564514,0.9994928240776062,0.883844792842865,0.8798174262046814,0.7347435279492929
617,0.05883818864822388,0.9990701675415039,0.8825767636299133,0.8831135630607605,0.6097796985063267
618,0.06218637153506279,0.9992392063140869,0.880547821521759,0.8770284056663513,0.9773224641931825
619,0.062381479889154434,0.9994928240776062,0.8810550570487976,0.8810851573944092,1.3931720904896838
620,0.05908884108066559,0.9995773434638977,0.8820695281028748,0.8800709843635559,0.8341144928646206
621,0.05691591650247574,0.9997463822364807,0.8810550570487976,0.8785496950149536,0.6447185204899639
622,0.05902348458766937,0.9994083046913147,0.8769972324371338,0.8803245425224304,0.8350192712339713
623,0.06033319607377052,0.9996618628501892,0.8835912346839905,0.8775354623794556,1.0518537194443591
624,0.05883936211466789,0.9996618628501892,0.883844792842865,0.8770284056663513,0.5961196068352795
625,0.05724227800965309,0.9994083046913147,0.8833376169204712,0.8775354623794556,0.8045733730998821
626,0.05950067192316055,0.9997463822364807,0.8828303813934326,0.8767748475074768,0.9347206744019285
627,0.05924098193645477,0.9996618628501892,0.8843520283699036,0.8780425786972046,0.6843780280670276
628,0.056006282567977905,0.9994083046913147,0.8810550570487976,0.8780425786972046,0.6027968335681895
629,0.051940981298685074,0.9994928240776062,0.8802942037582397,0.8785496950149536,0.4457007874844405
630,0.05994216725230217,0.9986475110054016,0.8795334100723267,0.8760141730308533,0.7144466571247625
631,0.06951628625392914,0.9986475110054016,0.874714732170105,0.8742393255233765,1.5231803532019288
632,0.07171612977981567,0.9985629916191101,0.8818159103393555,0.8767748475074768,1.9771450891822508
633,0.05871303379535675,0.9993237257003784,0.8843520283699036,0.8760141730308533,1.1595869003808503
634,0.06151833012700081,0.9985629916191101,0.874714732170105,0.8729715943336487,1.0462447517505638
635,0.07559696584939957,0.9978867173194885,0.8772508502006531,0.8742393255233765,2.2154025015270253
636,0.07715488970279694,0.9997463822364807,0.880547821521759,0.8808315992355347,2.0079469531111873
637,0.055177804082632065,0.9996618628501892,0.8762363791465759,0.8770284056663513,0.6175332710513882
638,0.06108512356877327,0.9987320303916931,0.8810550570487976,0.8782961368560791,1.0548107545790775
639,0.06410638242959976,0.9995773434638977,0.8800405859947205,0.8808315992355347,1.282730957178557
640,0.054468072950839996,0.9995773434638977,0.8813086748123169,0.8793103098869324,0.42497842624341997
641,0.05923943966627121,0.9994083046913147,0.8820695281028748,0.8820993900299072,0.6212422226823727
642,0.05671357363462448,0.9993237257003784,0.883844792842865,0.8810851573944092,0.7043874148808794
643,0.054900962859392166,0.9996618628501892,0.8835912346839905,0.8815922737121582,0.40936574469995773
644,0.05825382098555565,0.9995773434638977,0.8790261745452881,0.8790567517280579,0.6108592865614589
645,0.0600171759724617,0.9999154806137085,0.8782653212547302,0.8765212893486023,0.8217587511580962
646,0.05550216883420944,0.9996618628501892,0.8790261745452881,0.8770284056663513,0.5257880398732652
647,0.05665599927306175,0.9995773434638977,0.8739538788795471,0.8775354623794556,0.49849055077544807
648,0.05917452648282051,0.9996618628501892,0.8767436146736145,0.874492883682251,0.9134702982259787
649,0.057272087782621384,0.9995773434638977,0.8787725567817688,0.8734787106513977,0.5471555573722398
650,0.05806068703532219,0.9995773434638977,0.8792797923088074,0.8777890205383301,0.8130969239729968
651,0.05487716197967529,0.9995773434638977,0.8772508502006531,0.8803245425224304,0.9176454439003945
652,0.057827308773994446,0.9989856481552124,0.8802942037582397,0.8803245425224304,0.46651959833958506
653,0.062367506325244904,0.9994083046913147,0.8787725567817688,0.8793103098869324,0.7019716628882021
654,0.05832386016845703,0.9994083046913147,0.8785189390182495,0.8767748475074768,0.45886199962388147
655,0.06128288432955742,0.9995773434638977,0.8769972324371338,0.8788032531738281,0.6935667319593184
656,0.059666164219379425,0.9994928240776062,0.8777580857276917,0.8800709843635559,0.4481108383954071
657,0.06351338326931,0.9996618628501892,0.8802942037582397,0.8777890205383301,0.5836628714126806
658,0.05698064714670181,0.9994928240776062,0.8780117034912109,0.8757606148719788,0.4486378440364038
659,0.058036644011735916,0.9996618628501892,0.8782653212547302,0.8762677311897278,0.6171093258386827
660,0.05617928504943848,0.9997463822364807,0.8792797923088074,0.8777890205383301,0.43703986917845666
661,0.05437672138214111,0.9995773434638977,0.8787725567817688,0.8777890205383301,0.6126205521470853
662,0.05477379634976387,0.9993237257003784,0.8795334100723267,0.8770284056663513,0.8803728136257992
663,0.05849273130297661,0.9993237257003784,0.8769972324371338,0.8815922737121582,0.5584880958975423
664,0.05594756826758385,0.9995773434638977,0.8775044679641724,0.8815922737121582,0.4650635493704565
665,0.05773923546075821,0.9996618628501892,0.8795334100723267,0.8815922737121582,0.5928298885086876
666,0.05457852780818939,0.9996618628501892,0.8785189390182495,0.8803245425224304,0.46812614617045684
667,0.057355742901563644,0.9995773434638977,0.8780117034912109,0.8785496950149536,0.48703800084213367
668,0.05616653338074684,0.9996618628501892,0.8777580857276917,0.8782961368560791,0.42970903323325993
669,0.0526755154132843,0.9996618628501892,0.8767436146736145,0.8777890205383301,0.4457491245529275
670,0.057182345539331436,0.999830961227417,0.8787725567817688,0.8793103098869324,0.6100465969570279
671,0.051756031811237335,0.999830961227417,0.8787725567817688,0.8790567517280579,0.420242422377839
672,0.05400710552930832,0.9997463822364807,0.8810550570487976,0.8798174262046814,0.5167494692980709
673,0.05581201612949371,0.9995773434638977,0.8818159103393555,0.8815922737121582,0.45299402522911514
674,0.062286555767059326,0.999830961227417,0.8790261745452881,0.8831135630607605,0.7290607746030344
675,0.04699200019240379,0.9989856481552124,0.874714732170105,0.8788032531738281,0.3724221687443265
676,0.06319884210824966,0.9990701675415039,0.8790261745452881,0.8798174262046814,0.8993845865129955
677,0.055727116763591766,0.9994083046913147,0.880547821521759,0.8813387155532837,0.7123591508886942
678,0.05627167969942093,0.9993237257003784,0.8810550570487976,0.8805781006813049,0.647730543633047
679,0.0646732747554779,0.9991546869277954,0.8777580857276917,0.8793103098869324,1.3563536087698653
680,0.06057102605700493,0.9995773434638977,0.8815622925758362,0.8803245425224304,1.1982537489843739
681,0.05432111769914627,0.9992392063140869,0.8833376169204712,0.8780425786972046,0.49396065334248423
682,0.058324746787548065,0.9991546869277954,0.8810550570487976,0.8788032531738281,1.0235130941829715
683,0.06886531412601471,0.9995773434638977,0.8808014392852783,0.8785496950149536,1.2774971088792704
684,0.05698246881365776,0.9986475110054016,0.8792797923088074,0.8770284056663513,0.44060066955630517
685,0.05989483743906021,0.9993237257003784,0.8759827613830566,0.8737322092056274,1.4424327709355163
686,0.06974034756422043,0.9995773434638977,0.8795334100723267,0.8782961368560791,1.5861090734200718
687,0.05273706838488579,0.9994083046913147,0.8800405859947205,0.8795638680458069,0.7246201004732049
688,0.05808407813310623,0.9992392063140869,0.8797869682312012,0.8793103098869324,0.5997139766206318
689,0.059256911277770996,0.9989010691642761,0.8835912346839905,0.8805781006813049,0.8741496651079774
690,0.05802593380212784,0.9995773434638977,0.8853664994239807,0.8798174262046814,0.6116423816280879
691,0.05078861117362976,0.9993237257003784,0.8825767636299133,0.8775354623794556,0.559332600924861
692,0.05847497656941414,0.9995773434638977,0.8856201171875,0.8790567517280579,0.8497944754560874
693,0.057699233293533325,0.9995773434638977,0.8866345882415771,0.8808315992355347,0.49950328255859583
694,0.059920940548181534,0.9990701675415039,0.8792797923088074,0.8785496950149536,1.1236544227060046
695,0.06596916913986206,0.9993237257003784,0.8853664994239807,0.8818458318710327,1.593791279982426
696,0.059773899614810944,0.9994928240776062,0.8876490592956543,0.8813387155532837,1.1199658611111925
697,0.0600769929587841,0.9987320303916931,0.8813086748123169,0.8760141730308533,0.5986028978568149
698,0.067833811044693,0.9994928240776062,0.8858737349510193,0.8823529481887817,1.1794999096996126
699,0.06106862053275108,0.9996618628501892,0.8833376169204712,0.8798174262046814,0.8144564729168703
700,0.05407417565584183,0.9992392063140869,0.8785189390182495,0.8755070567131042,0.6833188820958247
701,0.06329767405986786,0.9994928240776062,0.8866345882415771,0.8795638680458069,1.2120638720309127
702,0.06090010330080986,0.9997463822364807,0.8843520283699036,0.8798174262046814,0.821750487660201
703,0.057993024587631226,0.9995773434638977,0.8813086748123169,0.8775354623794556,0.6070288505791664
704,0.05994405969977379,0.9994928240776062,0.8843520283699036,0.8803245425224304,0.8099112845960715
705,0.05996190756559372,0.9997463822364807,0.8800405859947205,0.8793103098869324,0.7602056153046365
706,0.05545176938176155,0.9997463822364807,0.8769972324371338,0.8790567517280579,0.4486573526962669
707,0.05143627151846886,0.9999154806137085,0.8813086748123169,0.8767748475074768,0.5203893330753213
708,0.054391250014305115,0.9997463822364807,0.880547821521759,0.8755070567131042,0.5207605790234994
709,0.057894811034202576,0.9999154806137085,0.8815622925758362,0.8788032531738281,0.727925259746021
710,0.057844068855047226,0.9992392063140869,0.8777580857276917,0.8762677311897278,0.6015000846907199
711,0.05847756192088127,0.9990701675415039,0.8810550570487976,0.8785496950149536,0.6220772544578624
712,0.05643747001886368,0.9992392063140869,0.8800405859947205,0.8793103098869324,0.43883606985127444
713,0.05873647704720497,0.9989010691642761,0.8810550570487976,0.8803245425224304,0.5991471758372121
714,0.05930076539516449,0.9995773434638977,0.8785189390182495,0.8800709843635559,0.7945349125246349
715,0.05845044553279877,0.9997463822364807,0.8825767636299133,0.8767748475074768,0.597412823808219
716,0.05647477135062218,0.999830961227417,0.8810550570487976,0.8742393255233765,0.4154258763906142
717,0.05697130784392357,0.9997463822364807,0.8802942037582397,0.8755070567131042,0.6549948395576943
718,0.05539210885763168,0.9999154806137085,0.8800405859947205,0.8780425786972046,0.5411760446584035
719,0.05823655426502228,0.9996618628501892,0.8797869682312012,0.8795638680458069,0.5020689458668091
720,0.055320873856544495,0.9994928240776062,0.8797869682312012,0.8790567517280579,0.6645485069878587
721,0.055913642048835754,0.999830961227417,0.8795334100723267,0.8795638680458069,0.6784855349363673
722,0.053658243268728256,0.9993237257003784,0.8800405859947205,0.8782961368560791,0.4122786495345632
723,0.05376029759645462,1.0,0.8797869682312012,0.8782961368560791,0.8785260646105052
724,0.056297775357961655,0.9995773434638977,0.8840984106063843,0.8788032531738281,0.7379526954288385
725,0.059023916721343994,0.9996618628501892,0.8840984106063843,0.8788032531738281,0.7005072760473308
726,0.05571027845144272,0.9994928240776062,0.8830839991569519,0.8775354623794556,0.5420297489541305
727,0.05937231704592705,0.9994083046913147,0.880547821521759,0.8742393255233765,0.7329389583753049
728,0.05960934981703758,0.9994083046913147,0.8800405859947205,0.8762677311897278,0.7013581472287306
729,0.05745843052864075,0.9995773434638977,0.8815622925758362,0.8767748475074768,0.7186569881361625
730,0.05851021036505699,0.9994928240776062,0.8810550570487976,0.8790567517280579,0.527178544754023
731,0.05638376995921135,0.9992392063140869,0.8797869682312012,0.8765212893486023,0.6506724804863773
732,0.0594799667596817,0.9994928240776062,0.882323145866394,0.8798174262046814,1.0235254116889851
733,0.05478751286864281,0.9994928240776062,0.8828303813934326,0.8780425786972046,0.5710516116624408
734,0.05776668339967728,0.9994083046913147,0.8795334100723267,0.8765212893486023,0.747529707714324
735,0.057378899306058884,0.9996618628501892,0.8813086748123169,0.8780425786972046,0.8161720034943917
736,0.053165584802627563,0.9991546869277954,0.8785189390182495,0.8760141730308533,0.4006594887796041
737,0.059376154094934464,0.9992392063140869,0.8737002611160278,0.8717038035392761,1.1483921572630353
738,0.06451453268527985,0.9993237257003784,0.8785189390182495,0.8795638680458069,1.5572802304454858
739,0.0610307902097702,0.999830961227417,0.8808014392852783,0.8757606148719788,0.9543304922346532
740,0.06066466122865677,0.9991546869277954,0.8752219676971436,0.8704360723495483,0.8877557497450348
741,0.0658600777387619,0.9983093738555908,0.880547821521759,0.8755070567131042,1.7445210536998426
742,0.06857577711343765,0.9995773434638977,0.8815622925758362,0.8782961368560791,1.308007535470318
743,0.051928021013736725,0.9988165497779846,0.8759827613830566,0.8734787106513977,0.5358145344982883
744,0.0648433193564415,0.9984784126281738,0.8777580857276917,0.8770284056663513,1.554831376306188
745,0.06647074222564697,0.999830961227417,0.8782653212547302,0.8808315992355347,1.5382850587335997
746,0.05656643956899643,0.9996618628501892,0.8815622925758362,0.8808315992355347,0.6719454866124851
747,0.0555950365960598,0.9988165497779846,0.8792797923088074,0.8760141730308533,0.719588833282921
748,0.054884977638721466,0.9994928240776062,0.8818159103393555,0.8798174262046814,1.1561705934783426
749,0.05903070420026779,0.9994928240776062,0.8820695281028748,0.8793103098869324,0.6865154854164193
750,0.05512542650103569,0.9987320303916931,0.882323145866394,0.8770284056663513,0.5496458661744857
751,0.06657997518777847,0.9992392063140869,0.8790261745452881,0.8800709843635559,1.0895583381764036
752,0.05289260298013687,0.9994083046913147,0.8772508502006531,0.8793103098869324,0.6969251944894626
753,0.057593196630477905,0.99797123670578,0.8734466433525085,0.875,0.680682887586664
754,0.07449502497911453,0.9981403350830078,0.8688815832138062,0.8711967468261719,1.9411619003126905
755,0.07983733713626862,0.9986475110054016,0.874714732170105,0.8762677311897278,2.430031356401142
756,0.06878297030925751,0.9996618628501892,0.8835912346839905,0.8780425786972046,1.7806158031019756
757,0.05518076941370964,0.9994928240776062,0.8825767636299133,0.8755070567131042,0.49411358878508305
758,0.06245557963848114,0.9991546869277954,0.8802942037582397,0.8752535581588745,0.9672109320798044
759,0.061482515186071396,0.9997463822364807,0.8825767636299133,0.8777890205383301,1.0874663370783715
760,0.05708302929997444,0.9996618628501892,0.8840984106063843,0.8755070567131042,0.5836444942878908
761,0.062457192689180374,0.9997463822364807,0.8830839991569519,0.8793103098869324,1.173648834389701
762,0.06053388491272926,0.9995773434638977,0.883844792842865,0.8790567517280579,0.9850082942820777
763,0.06326472759246826,0.9995773434638977,0.8846056461334229,0.8742393255233765,0.5719398421619433
764,0.05671192705631256,0.9997463822364807,0.8848592638969421,0.8757606148719788,0.5656673799917925
765,0.05786573514342308,0.999830961227417,0.8856201171875,0.875,0.5576371637161912
766,0.059962980449199677,0.9997463822364807,0.8830839991569519,0.8760141730308533,0.4351425567450624
767,0.05567053705453873,0.9997463822364807,0.882323145866394,0.8752535581588745,0.5489923670289594
768,0.04996570944786072,0.9994928240776062,0.882323145866394,0.8767748475074768,0.41659968701540606
769,0.057842858135700226,0.9991546869277954,0.8797869682312012,0.8775354623794556,0.4960318981578663
770,0.06085117906332016,0.9994928240776062,0.8825767636299133,0.8782961368560791,0.5582511747168872
771,0.05601726099848747,0.9996618628501892,0.8818159103393555,0.8782961368560791,0.4436005271786504
772,0.05544025078415871,0.9994928240776062,0.8815622925758362,0.875,0.458026354786908
773,0.05020992457866669,0.9995773434638977,0.8802942037582397,0.8770284056663513,0.46995283603087606
774,0.06055024266242981,0.9997463822364807,0.8792797923088074,0.8760141730308533,0.6120122389643672
775,0.05574338138103485,0.9997463822364807,0.8810550570487976,0.8701825141906738,0.9727173996344118
776,0.05876592919230461,0.9997463822364807,0.8820695281028748,0.8762677311897278,0.9616074682822703
777,0.061212509870529175,0.9994083046913147,0.8795334100723267,0.8780425786972046,0.5237696382096401
778,0.060366690158843994,0.9996618628501892,0.8802942037582397,0.8747464418411255,0.8477653839332393
779,0.06558823585510254,0.9996618628501892,0.8825767636299133,0.8760141730308533,0.9081363421815932
780,0.06504173576831818,0.9996618628501892,0.8820695281028748,0.8757606148719788,0.5438982939017032
781,0.05562235042452812,0.9996618628501892,0.8802942037582397,0.8798174262046814,0.5243857531595264
782,0.05561629682779312,0.9996618628501892,0.880547821521759,0.8795638680458069,0.5342862842338906
783,0.059199392795562744,0.9996618628501892,0.8780117034912109,0.8800709843635559,0.6481134387908918
784,0.059404775500297546,0.9994928240776062,0.8792797923088074,0.8777890205383301,0.7789115787642428
785,0.05648830160498619,0.9997463822364807,0.8848592638969421,0.8770284056663513,1.0189183788331533
786,0.057677965611219406,0.999830961227417,0.8820695281028748,0.8775354623794556,0.6134263704604617
787,0.05429067462682724,0.9995773434638977,0.8780117034912109,0.8762677311897278,0.5438732822358272
788,0.05272911116480827,0.999830961227417,0.8797869682312012,0.8770284056663513,0.5949430097852664
789,0.05561448633670807,0.999830961227417,0.8797869682312012,0.8777890205383301,0.605633355878885
790,0.05386736989021301,0.9996618628501892,0.8767436146736145,0.877281904220581,0.5894497209807331
791,0.051765356212854385,0.9995773434638977,0.8759827613830566,0.8793103098869324,0.40266820291894123
792,0.06151026114821434,0.9994083046913147,0.8815622925758362,0.873985767364502,0.8021018446743303
793,0.060301780700683594,0.9992392063140869,0.8780117034912109,0.8765212893486023,1.1351865666616558
794,0.06568780541419983,0.9994083046913147,0.8813086748123169,0.8775354623794556,1.0655557924773398
795,0.05590443313121796,0.9989010691642761,0.8777580857276917,0.874492883682251,0.46106856792184014
796,0.06553518772125244,0.9990701675415039,0.8739538788795471,0.8757606148719788,1.3735286495813699
797,0.06460578739643097,0.9996618628501892,0.8754755854606628,0.874492883682251,1.5763567257781885
798,0.058405958116054535,0.9994928240776062,0.8754755854606628,0.8798174262046814,1.212618551237118
799,0.054045531898736954,0.9994083046913147,0.8754755854606628,0.8798174262046814,0.43684599109159566
800,0.060388967394828796,0.9996618628501892,0.8782653212547302,0.8805781006813049,0.7543151331641197
801,0.05448703467845917,0.9993237257003784,0.8815622925758362,0.8780425786972046,0.5059607375199867
802,0.06109284982085228,0.9994928240776062,0.8744611144065857,0.8767748475074768,1.1974142797462712
803,0.0637047067284584,0.9989856481552124,0.8769972324371338,0.8826064467430115,1.2677273612602422
804,0.05604357272386551,0.9994083046913147,0.8828303813934326,0.8790567517280579,0.8463848782341773
805,0.05901949852705002,0.9994083046913147,0.8764899969100952,0.8798174262046814,0.7877329275875601
806,0.06524007022380829,0.9992392063140869,0.8764899969100952,0.8795638680458069,1.1820364911261392
807,0.06752047687768936,0.9994083046913147,0.8772508502006531,0.8765212893486023,1.4996456874997197
808,0.05891311541199684,0.9995773434638977,0.8810550570487976,0.8785496950149536,0.9461794318665442
809,0.05717511847615242,0.9987320303916931,0.8797869682312012,0.8757606148719788,0.5958633089069816
810,0.06568623334169388,0.9994928240776062,0.8764899969100952,0.8808315992355347,1.2842964826234773
811,0.06083345785737038,0.9993237257003784,0.8777580857276917,0.8815922737121582,0.8296815360829269
812,0.05991727486252785,0.9975485801696777,0.8785189390182495,0.8765212893486023,0.7724801920187004
813,0.07310232520103455,0.9986475110054016,0.869642436504364,0.8757606148719788,1.9950959160701727
814,0.0722733810544014,0.9994928240776062,0.8800405859947205,0.8831135630607605,1.951691804836953
815,0.058275945484638214,0.9994083046913147,0.8833376169204712,0.8782961368560791,0.8697122814162183
816,0.06690540909767151,0.9992392063140869,0.8764899969100952,0.8798174262046814,1.0189388501600873
817,0.06496003270149231,0.9994083046913147,0.8810550570487976,0.8790567517280579,1.4620039429241882
818,0.061228979378938675,0.9991546869277954,0.8815622925758362,0.8803245425224304,1.0318386795712025
819,0.06090439856052399,0.9992392063140869,0.8764899969100952,0.8808315992355347,0.6987066363026088
820,0.06509248912334442,0.9989856481552124,0.8797869682312012,0.8813387155532837,1.097973399573071
821,0.06082996726036072,0.9993237257003784,0.880547821521759,0.8803245425224304,0.6663621030576365
822,0.05385686457157135,0.9996618628501892,0.8767436146736145,0.8788032531738281,0.5275350284828774
823,0.058498281985521317,0.9994928240776062,0.8795334100723267,0.8782961368560791,0.7259560828144805
824,0.05835843086242676,0.999830961227417,0.8759827613830566,0.8785496950149536,0.6974546046885742
825,0.0548848882317543,0.9993237257003784,0.874714732170105,0.8790567517280579,0.4262950565578725
826,0.05836423486471176,0.9994083046913147,0.8797869682312012,0.8795638680458069,0.9007313303013953
827,0.059518780559301376,0.9996618628501892,0.8772508502006531,0.877281904220581,0.9533066560432714
828,0.06250076740980148,0.9994083046913147,0.8757292032241821,0.8765212893486023,0.43986226492093555
829,0.05771477147936821,0.9997463822364807,0.8792797923088074,0.8800709843635559,0.7652470528188992
830,0.05881106108427048,0.9996618628501892,0.8785189390182495,0.8795638680458069,1.1233230792535018
831,0.05739883705973625,0.9997463822364807,0.8780117034912109,0.8813387155532837,0.7846446520364513
832,0.05814298614859581,0.9994928240776062,0.8790261745452881,0.8800709843635559,0.4995063895212819
833,0.04740186408162117,0.9992392063140869,0.8792797923088074,0.883367121219635,0.6422376598242966
834,0.058156609535217285,0.9994083046913147,0.8782653212547302,0.8818458318710327,0.5621764239820751
835,0.053351499140262604,0.9995773434638977,0.880547821521759,0.8785496950149536,0.5340797312602855
836,0.05352954566478729,0.9995773434638977,0.8775044679641724,0.8805781006813049,0.8089656966342674
837,0.05110442638397217,0.9999154806137085,0.8787725567817688,0.8785496950149536,0.6051887013351015
838,0.052094314247369766,0.9999154806137085,0.8797869682312012,0.8813387155532837,0.45958608891440594
839,0.056564752012491226,0.9999154806137085,0.8815622925758362,0.8815922737121582,0.40608219994278055
840,0.047907695174217224,0.9997463822364807,0.8800405859947205,0.8843812942504883,0.4883951640951206
841,0.05362144857645035,0.9997463822364807,0.8787725567817688,0.883874237537384,0.523354337446244
842,0.05734587088227272,0.9996618628501892,0.8795334100723267,0.8813387155532837,0.555335786644612
843,0.05604252219200134,0.9996618628501892,0.8759827613830566,0.8848884105682373,0.5197031828097416
844,0.052961766719818115,0.9996618628501892,0.8780117034912109,0.8826064467430115,0.44919335619524714
845,0.04872841387987137,0.9999154806137085,0.8792797923088074,0.8800709843635559,0.39958955875103064
846,0.052955660969018936,0.9996618628501892,0.8764899969100952,0.8820993900299072,0.7084350201924796
847,0.05422757565975189,0.9996618628501892,0.8780117034912109,0.8805781006813049,0.6433047413592307
848,0.05217608064413071,0.9995773434638977,0.8790261745452881,0.8785496950149536,0.5653036742576387
849,0.04868818446993828,0.9994083046913147,0.8792797923088074,0.8790567517280579,0.39927334165947526
850,0.05832914635539055,0.999830961227417,0.8787725567817688,0.8788032531738281,0.6159183549982782
851,0.05151399224996567,0.999830961227417,0.8790261745452881,0.8770284056663513,0.5707554478835463
852,0.051391713321208954,0.9997463822364807,0.880547821521759,0.8752535581588745,0.5970939679683156
853,0.05543120577931404,0.9999154806137085,0.8782653212547302,0.8808315992355347,0.7170658832734066
854,0.05817951634526253,0.9997463822364807,0.8782653212547302,0.8734787106513977,0.9859602405040466
855,0.05778815969824791,0.999830961227417,0.8752219676971436,0.8793103098869324,1.1591416201450953
856,0.055251315236091614,0.9999154806137085,0.8782653212547302,0.877281904220581,0.716376678051421
857,0.06250984221696854,0.9989010691642761,0.8739538788795471,0.8762677311897278,1.000748382403654
858,0.06699492037296295,0.997802197933197,0.8744611144065857,0.873985767364502,1.7194548562618992
859,0.07319562137126923,0.9992392063140869,0.8813086748123169,0.8793103098869324,1.8756412731421652
860,0.0584917850792408,0.9994083046913147,0.8772508502006531,0.8815922737121582,0.9058210393744701
861,0.05377747118473053,0.9990701675415039,0.8759827613830566,0.8803245425224304,0.7158347460756015
862,0.06419640779495239,0.9994083046913147,0.8775044679641724,0.8810851573944092,1.1775252752920373
863,0.05435611307621002,0.9994928240776062,0.8780117034912109,0.8818458318710327,0.573329047476479
864,0.05412288010120392,0.9993237257003784,0.8780117034912109,0.8795638680458069,0.585182162438145
865,0.05938064306974411,0.9997463822364807,0.8737002611160278,0.8820993900299072,0.7435482636038727
866,0.05996706709265709,0.9995773434638977,0.8790261745452881,0.8813387155532837,0.6828159434761916
867,0.05872513726353645,0.9994083046913147,0.8815622925758362,0.8790567517280579,0.72195486934046
868,0.059832438826560974,0.999830961227417,0.880547821521759,0.882860004901886,0.9213793857938535
869,0.047409787774086,0.9994928240776062,0.8795334100723267,0.8803245425224304,0.3605434322799307
870,0.054360613226890564,0.9989856481552124,0.8813086748123169,0.8793103098869324,0.9021296633429533
871,0.06544521450996399,0.9991546869277954,0.8810550570487976,0.8805781006813049,1.4185965105255125
872,0.06751426309347153,0.9997463822364807,0.8808014392852783,0.883367121219635,1.3388446358862005
873,0.05588306114077568,0.9994083046913147,0.8787725567817688,0.883367121219635,0.663488582103221
874,0.06650224328041077,0.9989010691642761,0.8787725567817688,0.874492883682251,1.368755340363542
875,0.08357931673526764,0.9941673874855042,0.8754755854606628,0.8709431886672974,2.5774556308812424
876,0.08970080316066742,0.9994083046913147,0.8772508502006531,0.8790567517280579,3.059268970516401
877,0.06523196399211884,0.9993237257003784,0.8802942037582397,0.8795638680458069,1.4095063275729864
878,0.06389772891998291,0.9968723654747009,0.8797869682312012,0.874492883682251,0.9838619158871788
879,0.07666024565696716,0.9994928240776062,0.8840984106063843,0.8818458318710327,1.9295839374914008
880,0.05832668021321297,0.9994083046913147,0.8802942037582397,0.8782961368560791,0.6559216536338862
881,0.06645054370164871,0.9983938932418823,0.8818159103393555,0.8800709843635559,1.030036856189735
882,0.06701179593801498,0.9992392063140869,0.8810550570487976,0.8818458318710327,1.2740334569680358
883,0.05833437293767929,0.9996618628501892,0.8802942037582397,0.8785496950149536,0.49899411274787697
884,0.059016384184360504,0.9994083046913147,0.8795334100723267,0.8815922737121582,0.8191345566551429
885,0.056085024029016495,0.9995773434638977,0.8825767636299133,0.8790567517280579,0.7663857346928226
886,0.058223482221364975,0.9997463822364807,0.8818159103393555,0.8780425786972046,0.4891473362505417
887,0.0538133829832077,0.9996618628501892,0.8815622925758362,0.8793103098869324,0.6150562575154005
888,0.06591592729091644,0.9996618628501892,0.8813086748123169,0.8800709843635559,0.6856724664940087
889,0.058614686131477356,0.9995773434638977,0.8800405859947205,0.8803245425224304,0.5220437837416474
890,0.05537928268313408,0.9997463822364807,0.880547821521759,0.8820993900299072,0.514655650030308
891,0.0537436306476593,0.9995773434638977,0.8777580857276917,0.8803245425224304,0.43078773784638824
892,0.04918636381626129,0.9995773434638977,0.8795334100723267,0.8810851573944092,0.4550470271846187
893,0.05470389500260353,0.9995773434638977,0.8787725567817688,0.8803245425224304,0.45246398946767186
894,0.05560299754142761,0.9997463822364807,0.8785189390182495,0.8810851573944092,0.4549394551987815
895,0.05602520704269409,0.9994928240776062,0.8775044679641724,0.8752535581588745,0.4938394832768245
896,0.058995410799980164,0.9999154806137085,0.8759827613830566,0.8770284056663513,0.7706468672676883
897,0.05259532481431961,0.9997463822364807,0.8757292032241821,0.8765212893486023,0.398967720746061
898,0.05597670003771782,0.9993237257003784,0.8726857900619507,0.8752535581588745,0.950969590612854
899,0.06428146362304688,0.9994083046913147,0.8769972324371338,0.8734787106513977,1.3780719311522749
900,0.06221256032586098,0.9996618628501892,0.8767436146736145,0.8767748475074768,1.2100934053841312
901,0.04937654361128807,0.9996618628501892,0.8731930255889893,0.8752535581588745,0.4609838448966192
902,0.05543455854058266,0.9995773434638977,0.8790261745452881,0.8775354623794556,0.7201074491432858
903,0.05875231698155403,0.9997463822364807,0.8790261745452881,0.8813387155532837,0.564199522603155
904,0.05404967442154884,0.9997463822364807,0.8752219676971436,0.8785496950149536,0.5868712187093426
905,0.05632534623146057,0.9996618628501892,0.8767436146736145,0.8810851573944092,0.6206495351949536
906,0.054179880768060684,0.9994928240776062,0.8775044679641724,0.8810851573944092,0.3660841692548139
907,0.055577732622623444,0.9994928240776062,0.8775044679641724,0.8808315992355347,0.43286668371039744
908,0.057142145931720734,0.9996618628501892,0.8759827613830566,0.8841277956962585,0.5926223850477746
909,0.053328145295381546,0.9995773434638977,0.8780117034912109,0.882860004901886,0.45210022494406044
910,0.05318193882703781,0.999830961227417,0.8775044679641724,0.882860004901886,0.34508618258803336
911,0.05464969575405121,0.999830961227417,0.8762363791465759,0.882860004901886,0.4926500379034114
912,0.053374599665403366,0.999830961227417,0.8790261745452881,0.8810851573944092,0.6661407010941178
913,0.05421650409698486,1.0,0.8762363791465759,0.8805781006813049,0.7488832357548516
914,0.05647645518183708,0.9999154806137085,0.8785189390182495,0.8810851573944092,0.6063078742815012
915,0.05150369182229042,0.999830961227417,0.8780117034912109,0.8818458318710327,0.3883354089025236
916,0.0570114366710186,0.999830961227417,0.8802942037582397,0.8813387155532837,0.5371730613492045
917,0.049158863723278046,0.999830961227417,0.8800405859947205,0.8815922737121582,0.4542680380285337
918,0.046962905675172806,0.9993237257003784,0.8802942037582397,0.8798174262046814,0.3244380451514226
919,0.05662568286061287,0.9994083046913147,0.8790261745452881,0.8800709843635559,0.8049590643010047
920,0.06030793488025665,0.9989010691642761,0.874714732170105,0.8734787106513977,1.266125875737299
921,0.06534410268068314,0.9989856481552124,0.8769972324371338,0.8775354623794556,1.781351684663969
922,0.07446588575839996,0.9988165497779846,0.8787725567817688,0.8780425786972046,2.0049165816727585
923,0.06485039740800858,0.9993237257003784,0.8818159103393555,0.8823529481887817,1.5006228166878375
924,0.049793049693107605,0.9992392063140869,0.8797869682312012,0.883367121219635,0.33373199685188626
925,0.055758778005838394,0.9995773434638977,0.8790261745452881,0.8815922737121582,0.8784343714600499
926,0.06231646239757538,0.9995773434638977,0.8802942037582397,0.882860004901886,0.9968289104294887
927,0.057154588401317596,0.9994083046913147,0.8792797923088074,0.8805781006813049,0.4551767122609552
928,0.05479171872138977,0.9994083046913147,0.8797869682312012,0.8805781006813049,0.5479014277069905
929,0.05800425261259079,0.9995773434638977,0.8828303813934326,0.8808315992355347,0.5207436152647515
930,0.056713297963142395,0.999830961227417,0.8848592638969421,0.8823529481887817,0.4471796867983591
931,0.053987301886081696,0.9995773434638977,0.8825767636299133,0.883367121219635,0.46442849263261726
932,0.05416140705347061,0.9994928240776062,0.8828303813934326,0.8790567517280579,0.4756351548551107
933,0.05695148557424545,0.9997463822364807,0.8820695281028748,0.8813387155532837,0.4992104600562772
934,0.05352315679192543,0.9999154806137085,0.8813086748123169,0.8803245425224304,0.4630821915654319
935,0.06066099554300308,0.999830961227417,0.8815622925758362,0.8808315992355347,0.6131853256922369
936,0.05582953989505768,0.999830961227417,0.8818159103393555,0.8818458318710327,0.3729493510709906
937,0.05827750265598297,0.9993237257003784,0.8802942037582397,0.8793103098869324,0.9401971255631474
938,0.06613937020301819,0.9996618628501892,0.8813086748123169,0.8820993900299072,1.5269726349775283
939,0.057743024080991745,0.9995773434638977,0.8835912346839905,0.8820993900299072,1.2462872460746826
940,0.05751114338636398,0.9990701675415039,0.8800405859947205,0.8818458318710327,0.7171470787362035
941,0.060856375843286514,0.9988165497779846,0.8843520283699036,0.8790567517280579,1.068242109331438
942,0.06386890262365341,0.9993237257003784,0.8825767636299133,0.8813387155532837,1.327313504842211
943,0.05729694664478302,0.9994083046913147,0.8808014392852783,0.8780425786972046,0.6235531359104083
944,0.058630578219890594,0.9992392063140869,0.8802942037582397,0.8782961368560791,0.8909556113420085
945,0.06426411867141724,0.9997463822364807,0.882323145866394,0.8823529481887817,1.2213674303828603
946,0.05920007824897766,0.9996618628501892,0.8835912346839905,0.8805781006813049,0.7439217634011129
947,0.0585714727640152,0.9994928240776062,0.8835912346839905,0.8777890205383301,0.5364120937190814
948,0.05795864388346672,0.9996618628501892,0.8856201171875,0.8793103098869324,0.7556338946785738
949,0.05189777538180351,0.9995773434638977,0.8851128816604614,0.8798174262046814,0.5536820761453144
950,0.05616451054811478,0.9992392063140869,0.8828303813934326,0.8790567517280579,0.48389450317390853
951,0.05461370199918747,0.9994928240776062,0.882323145866394,0.8755070567131042,0.7630670399461468
952,0.059589073061943054,0.9997463822364807,0.8848592638969421,0.8782961368560791,0.7204673217360023
953,0.05475129187107086,0.9995773434638977,0.8782653212547302,0.8777890205383301,0.6749949507269558
954,0.06021808460354805,0.9996618628501892,0.8790261745452881,0.8760141730308533,1.1762115862646778
955,0.058981671929359436,0.9994928240776062,0.8792797923088074,0.8808315992355347,1.1579493449644043
956,0.05701470375061035,0.9993237257003784,0.8762363791465759,0.8785496950149536,0.5239610597071009
957,0.05758136138319969,0.9995773434638977,0.8772508502006531,0.8803245425224304,0.8844457193491548
958,0.0614464096724987,0.9996618628501892,0.8767436146736145,0.8820993900299072,1.0422763523920564
959,0.05526220053434372,0.9997463822364807,0.8810550570487976,0.8795638680458069,0.5536715717136416
960,0.05416304990649223,0.9994928240776062,0.8787725567817688,0.8815922737121582,0.8260348135054675
961,0.053093940019607544,0.9994928240776062,0.8808014392852783,0.8823529481887817,0.7614725652950786
962,0.058273427188396454,0.9996618628501892,0.8797869682312012,0.882860004901886,0.5372932475843141
963,0.059309542179107666,0.9985629916191101,0.8775044679641724,0.8793103098869324,1.1031385797685866
964,0.06335462629795074,0.9997463822364807,0.8787725567817688,0.8861561417579651,1.302398661903229
965,0.05877285823225975,0.9995773434638977,0.8780117034912109,0.8808315992355347,0.7798429040844379
966,0.06915409862995148,0.9972105026245117,0.874714732170105,0.8770284056663513,1.3071411879609176
967,0.07207716256380081,0.9994083046913147,0.8704032897949219,0.8765212893486023,2.298132253405532
968,0.07387395948171616,0.9996618628501892,0.8797869682312012,0.8803245425224304,2.0641911803802504
969,0.06080394983291626,0.9991546869277954,0.8780117034912109,0.8813387155532837,0.6788069782405411
970,0.06601839512586594,0.9986475110054016,0.8726857900619507,0.8717038035392761,1.4287795750507264
971,0.07861871272325516,0.9983938932418823,0.8767436146736145,0.8790567517280579,2.1929662405206565
972,0.06439606845378876,0.9995773434638977,0.8772508502006531,0.8810851573944092,1.5721246196879601
973,0.05639836937189102,0.9989010691642761,0.8775044679641724,0.8780425786972046,0.5289648732264416
974,0.07017963379621506,0.9989010691642761,0.8780117034912109,0.8793103098869324,1.5643749168213648
975,0.06120350584387779,0.9996618628501892,0.8800405859947205,0.8808315992355347,0.9226447065674156
976,0.05754603073000908,0.9993237257003784,0.8795334100723267,0.8803245425224304,0.8242952609057055
977,0.058185119181871414,0.9995773434638977,0.8795334100723267,0.8800709843635559,0.9884498978709034
978,0.05940748378634453,0.9991546869277954,0.8762363791465759,0.8765212893486023,0.5237184891291133
979,0.056846585124731064,0.9997463822364807,0.8767436146736145,0.877281904220581,1.006672834093157
980,0.05444600433111191,0.9994928240776062,0.8767436146736145,0.877281904220581,0.5121180223291486
981,0.06114894151687622,0.9991546869277954,0.874714732170105,0.8782961368560791,0.7931773131373792
982,0.06089101359248161,0.9996618628501892,0.8767436146736145,0.8765212893486023,1.023631807128595
983,0.060160502791404724,0.9995773434638977,0.8759827613830566,0.8775354623794556,0.6147179935951596
984,0.056430377066135406,0.9994928240776062,0.8744611144065857,0.8790567517280579,0.7058141678891163
985,0.0601363405585289,0.9995773434638977,0.8749683499336243,0.8785496950149536,1.0969974859820257
986,0.058997973799705505,0.9995773434638977,0.8742074966430664,0.8770284056663513,0.6031326040970172
987,0.055867135524749756,0.9995773434638977,0.8782653212547302,0.8765212893486023,0.5407945876307232
988,0.053802311420440674,0.9994928240776062,0.8762363791465759,0.8805781006813049,0.6643954271543718
989,0.055339694023132324,0.9993237257003784,0.8721785545349121,0.8790567517280579,0.5237416998211388
990,0.06155893951654434,0.9996618628501892,0.8767436146736145,0.8793103098869324,0.9288169208425219
991,0.057095516473054886,0.9997463822364807,0.8762363791465759,0.8795638680458069,0.9924784049719249
992,0.05554233118891716,0.9999154806137085,0.8785189390182495,0.8742393255233765,0.7797033231228065
993,0.05015808343887329,0.999830961227417,0.8780117034912109,0.8742393255233765,0.34834499239885736
994,0.05492912232875824,0.999830961227417,0.8787725567817688,0.874492883682251,0.6477064780968488
995,0.05382266268134117,0.999830961227417,0.8785189390182495,0.8775354623794556,0.44239197497658533
996,0.05457757040858269,0.9997463822364807,0.8795334100723267,0.8785496950149536,0.7127707381138676
997,0.06000642105937004,0.9999154806137085,0.8802942037582397,0.8803245425224304,0.8580821844002291
998,0.05408386513590813,0.999830961227417,0.8802942037582397,0.8810851573944092,0.46165974720214653
999,0.04818102344870567,0.9997463822364807,0.8787725567817688,0.8798174262046814,0.3715938782846659
1000,0.054088085889816284,0.9996618628501892,0.8787725567817688,0.8782961368560791,0.4105596284347534
1001,0.055374499410390854,0.9996618628501892,0.8792797923088074,0.8775354623794556,0.48940498919780206
1002,0.05541485548019409,0.999830961227417,0.8813086748123169,0.8767748475074768,0.5774248824630731
1003,0.05405214801430702,0.9996618628501892,0.8767436146736145,0.8775354623794556,0.6679165846809696
1004,0.060232266783714294,0.999830961227417,0.8815622925758362,0.8755070567131042,1.0520410719745565
1005,0.05695004761219025,0.999830961227417,0.8818159103393555,0.8760141730308533,0.8676118040219452
1006,0.050293635576963425,0.999830961227417,0.8795334100723267,0.8755070567131042,0.44007776392766695
1007,0.060534533113241196,0.9995773434638977,0.8792797923088074,0.874492883682251,0.7594592677376567
1008,0.06554762274026871,0.9993237257003784,0.8780117034912109,0.8747464418411255,1.1968538311609536
1009,0.05696748197078705,0.9995773434638977,0.8825767636299133,0.8757606148719788,1.1214228653632454
1010,0.04933912679553032,0.9991546869277954,0.8813086748123169,0.875,0.44488561935891807
1011,0.06235979124903679,0.9982248544692993,0.8742074966430664,0.8775354623794556,1.2426980001171979
1012,0.06733965128660202,0.9992392063140869,0.8825767636299133,0.8775354623794556,1.6393075570048354
1013,0.056716982275247574,0.9996618628501892,0.8825767636299133,0.877281904220581,0.8732281530743344
1014,0.04867039993405342,0.9993237257003784,0.882323145866394,0.8767748475074768,0.5627330974826532
1015,0.05516068637371063,0.9997463822364807,0.8833376169204712,0.8757606148719788,0.895970192372128
1016,0.05507504940032959,0.9995773434638977,0.880547821521759,0.8742393255233765,0.4846664380294771
1017,0.05862174555659294,0.9994083046913147,0.8757292032241821,0.8755070567131042,1.1369969287512895
1018,0.06360141187906265,0.999830961227417,0.8818159103393555,0.8765212893486023,1.3748006004697355
1019,0.05067392438650131,0.9997463822364807,0.8810550570487976,0.8737322092056274,0.39993681431148553
1020,0.06796831637620926,0.9983938932418823,0.8782653212547302,0.8757606148719788,1.3691967838642902
1021,0.07606279850006104,0.9997463822364807,0.880547821521759,0.8777890205383301,1.8805843677832732
1022,0.06019418314099312,0.9993237257003784,0.8820695281028748,0.8765212893486023,1.2191695157929177
1023,0.06055591255426407,0.9980557560920715,0.8775044679641724,0.8747464418411255,0.8566761129954455
1024,0.06854204088449478,0.9994928240776062,0.8734466433525085,0.8755070567131042,2.033432432093786
1025,0.07618024200201035,0.999830961227417,0.880547821521759,0.8780425786972046,1.8101537936599237
1026,0.05414204299449921,0.9982248544692993,0.8764899969100952,0.873985767364502,0.42632850875465456
1027,0.07480653375387192,0.9984784126281738,0.8716713786125183,0.868407666683197,2.1736197125167225
1028,0.08295420557260513,0.9996618628501892,0.8830839991569519,0.8788032531738281,2.524005495478334
1029,0.05447228252887726,0.9964497089385986,0.8787725567817688,0.874492883682251,0.6975816912612021
1030,0.07458949834108353,0.9975485801696777,0.8716713786125183,0.8676470518112183,2.1899783680807023
1031,0.08535275608301163,0.9994083046913147,0.8767436146736145,0.8777890205383301,2.3068326196197733
1032,0.05538669601082802,0.9972105026245117,0.8762363791465759,0.8719573616981506,0.5372256570579779
1033,0.0780373141169548,0.9990701675415039,0.8737002611160278,0.8706896305084229,2.333214668858858
1034,0.07913809269666672,0.9997463822364807,0.880547821521759,0.8793103098869324,2.043021250133643
1035,0.05807117000222206,0.9970414042472839,0.8754755854606628,0.8714503049850464,0.42542103236405493
1036,0.07587167620658875,0.9991546869277954,0.8767436146736145,0.8699289560317993,1.9381624840562106
1037,0.0627618134021759,0.9995773434638977,0.8787725567817688,0.8757606148719788,1.3735287821721318
1038,0.06209440156817436,0.9966187477111816,0.8764899969100952,0.8752535581588745,0.9020320875936237
1039,0.08111925423145294,0.9990701675415039,0.8762363791465759,0.8767748475074768,2.2367398734876116
1040,0.059883177280426025,0.9991546869277954,0.8759827613830566,0.8775354623794556,1.1480471223441655
1041,0.06107226386666298,0.99797123670578,0.8749683499336243,0.8747464418411255,1.2091712752788084
1042,0.0760742574930191,0.9993237257003784,0.8777580857276917,0.8805781006813049,1.861078677419447
1043,0.057182613760232925,0.9992392063140869,0.8780117034912109,0.8767748475074768,0.5806995115662932
1044,0.07547613978385925,0.9982248544692993,0.8775044679641724,0.8782961368560791,1.6248072003926948
1045,0.07208279520273209,0.9994928240776062,0.8810550570487976,0.8808315992355347,1.553677315686489
1046,0.06633208692073822,0.9997463822364807,0.8797869682312012,0.8775354623794556,0.5219325364592855
1047,0.05562501773238182,0.9999154806137085,0.8833376169204712,0.8798174262046814,0.823868063462172
1048,0.056357551366090775,0.9992392063140869,0.8818159103393555,0.8782961368560791,0.42076785011934165
1049,0.06477001309394836,0.9995773434638977,0.8785189390182495,0.8820993900299072,1.1774150201798887
1050,0.06280756741762161,0.9994083046913147,0.8797869682312012,0.8798174262046814,0.9214995526491897
1051,0.05866117402911186,0.9982248544692993,0.8797869682312012,0.8765212893486023,0.7602764926630009
1052,0.0651494637131691,0.9994083046913147,0.8772508502006531,0.8788032531738281,1.4274898141300811
1053,0.0596139021217823,0.9991546869277954,0.8752219676971436,0.8770284056663513,0.6579316971483609
1054,0.0602709986269474,0.9989010691642761,0.8795334100723267,0.8793103098869324,0.991220317373237
1055,0.06249937415122986,0.9992392063140869,0.8792797923088074,0.8818458318710327,0.8654570663797857
1056,0.05664756894111633,0.9991546869277954,0.8780117034912109,0.8788032531738281,0.714943802895951
1057,0.061343468725681305,0.9994928240776062,0.8815622925758362,0.8805781006813049,1.029287838169503
1058,0.053239453583955765,0.9994083046913147,0.8818159103393555,0.8798174262046814,0.49559892445629306
1059,0.056533873081207275,0.9994083046913147,0.8808014392852783,0.8820993900299072,0.7007610461516712
1060,0.05505480617284775,0.9994083046913147,0.8825767636299133,0.8826064467430115,0.561611178384082
1061,0.057856298983097076,0.9994083046913147,0.882323145866394,0.8820993900299072,0.4970010138922019
1062,0.06307237595319748,0.9995773434638977,0.882323145866394,0.8805781006813049,0.8139546309288387
1063,0.05354682356119156,0.9995773434638977,0.8785189390182495,0.8798174262046814,0.4290686261874809
1064,0.05795932933688164,0.9994928240776062,0.8813086748123169,0.8785496950149536,0.6669884612120635
1065,0.05913884565234184,0.9995773434638977,0.8777580857276917,0.8800709843635559,1.059700973131465
1066,0.060014501214027405,0.9995773434638977,0.8785189390182495,0.8805781006813049,0.6972727225106082
1067,0.054882172495126724,0.9995773434638977,0.8833376169204712,0.8793103098869324,0.4489746729095278
1068,0.05100791156291962,0.9997463822364807,0.882323145866394,0.8813387155532837,0.7117060203694516
1069,0.04710470885038376,0.9996618628501892,0.8775044679641724,0.8803245425224304,0.39212224180458183
1070,0.05671796202659607,0.9996618628501892,0.8802942037582397,0.8810851573944092,0.6979369767691083
1071,0.0572124607861042,0.9997463822364807,0.8808014392852783,0.8815922737121582,0.8304216169545242
1072,0.0582699328660965,0.999830961227417,0.8777580857276917,0.8790567517280579,0.5811321041462678
1073,0.05362007021903992,0.9996618628501892,0.8808014392852783,0.8808315992355347,0.6674421984514571
1074,0.060934413224458694,0.9995773434638977,0.8808014392852783,0.8782961368560791,1.0499498940626795
1075,0.05741160735487938,0.9995773434638977,0.8815622925758362,0.8770284056663513,0.8009316695095484
1076,0.05303950980305672,0.9991546869277954,0.8808014392852783,0.8747464418411255,0.503904228912252
1077,0.059509050101041794,0.9994083046913147,0.8815622925758362,0.873985767364502,0.8534533856739156
1078,0.05455398187041283,0.9993237257003784,0.8810550570487976,0.8767748475074768,0.6368487931121807
1079,0.05654972791671753,0.999830961227417,0.8790261745452881,0.8757606148719788,0.6066260287587262
1080,0.05690648779273033,0.9994928240776062,0.8780117034912109,0.8788032531738281,0.8915853172627526
1081,0.05557814985513687,0.9997463822364807,0.8775044679641724,0.8790567517280579,0.7880061241224066
1082,0.051382459700107574,0.9994928240776062,0.8780117034912109,0.8752535581588745,0.4835716438904483
1083,0.05755615234375,0.9997463822364807,0.8790261745452881,0.8767748475074768,0.8315895665604156
1084,0.05359957739710808,0.9997463822364807,0.8785189390182495,0.8785496950149536,0.49083893844264764
1085,0.05195985361933708,0.9996618628501892,0.8810550570487976,0.8785496950149536,0.4452491128388678
1086,0.05477039888501167,0.9995773434638977,0.8813086748123169,0.8780425786972046,0.5559347350237123
1087,0.053520966321229935,0.9994928240776062,0.8767436146736145,0.873985767364502,0.6390107988779798
1088,0.05609610676765442,0.9995773434638977,0.8780117034912109,0.8770284056663513,1.0416039229457594
1089,0.057819072157144547,0.9997463822364807,0.8820695281028748,0.8770284056663513,0.6749572190441963
1090,0.051653891801834106,0.9994928240776062,0.8797869682312012,0.8793103098869324,0.734033046909508
1091,0.05298971012234688,0.9996618628501892,0.8808014392852783,0.877281904220581,0.8933967852495488
1092,0.05455029755830765,0.9994928240776062,0.8808014392852783,0.874492883682251,0.45767238534839627
1093,0.05549706891179085,0.9995773434638977,0.8787725567817688,0.8798174262046814,0.8077480239174137
1094,0.05250963196158409,0.9996618628501892,0.8785189390182495,0.8793103098869324,0.5826296201954604
1095,0.05326882377266884,0.9994928240776062,0.8797869682312012,0.8711967468261719,0.6031661292604763
1096,0.05024572089314461,0.9995773434638977,0.8785189390182495,0.8777890205383301,0.7928905814317359
1097,0.051694657653570175,0.9996618628501892,0.8757292032241821,0.877281904220581,0.48733651639021
1098,0.05535488203167915,0.9995773434638977,0.8787725567817688,0.8747464418411255,0.752878247393384
1099,0.05213477462530136,0.9995773434638977,0.8775044679641724,0.8757606148719788,0.6887701354699545
1100,0.05204823613166809,0.9993237257003784,0.8777580857276917,0.877281904220581,0.7500949475069445
1101,0.054087694734334946,0.9996618628501892,0.8792797923088074,0.8798174262046814,1.021466655157539
1102,0.05212564766407013,0.9997463822364807,0.8792797923088074,0.8762677311897278,0.8809662365816333
1103,0.04859127104282379,0.9997463822364807,0.8775044679641724,0.8780425786972046,0.41933440351916507
1104,0.053928911685943604,0.9999154806137085,0.8792797923088074,0.8767748475074768,0.7069330671550357
1105,0.05229711905121803,0.9999154806137085,0.8797869682312012,0.8765212893486023,0.4988686707626064
1106,0.05595381185412407,0.9995773434638977,0.8752219676971436,0.8767748475074768,0.7585637441293259
1107,0.05421349033713341,0.9999154806137085,0.8790261745452881,0.8795638680458069,1.0543948575984907
1108,0.05136736109852791,0.9995773434638977,0.8815622925758362,0.8826064467430115,0.5607936236497495
1109,0.05019870400428772,0.9996618628501892,0.8775044679641724,0.8788032531738281,0.8144299312088864
1110,0.051489654928445816,0.9996618628501892,0.8802942037582397,0.8803245425224304,0.9746125138581079
1111,0.05043593421578407,0.999830961227417,0.883844792842865,0.8793103098869324,0.690156033590262
1112,0.053678516298532486,0.9996618628501892,0.8818159103393555,0.8775354623794556,0.47187223470374334
1113,0.05052408576011658,0.999830961227417,0.8802942037582397,0.8767748475074768,0.5649629398785664
1114,0.05702587217092514,0.9999154806137085,0.8792797923088074,0.8775354623794556,0.5544703287363434
1115,0.051075488328933716,0.9997463822364807,0.8785189390182495,0.8760141730308533,0.46571924410968063
1116,0.05447658896446228,0.9996618628501892,0.8800405859947205,0.8777890205383301,0.5127023055406473
1117,0.05595017597079277,0.9996618628501892,0.8769972324371338,0.8790567517280579,0.5704772105679077
1118,0.05124035105109215,0.999830961227417,0.8787725567817688,0.8782961368560791,0.4760143125612442
1119,0.05889057740569115,0.9994928240776062,0.8808014392852783,0.8765212893486023,0.7929789574407591
1120,0.05957040563225746,0.9994928240776062,0.8775044679641724,0.8782961368560791,1.1270115898744997
1121,0.05897744745016098,0.9994928240776062,0.8764899969100952,0.877281904220581,0.8521201029165342
1122,0.055505406111478806,0.9994928240776062,0.8782653212547302,0.877281904220581,0.6544338245907062
1123,0.05244220048189163,0.9994928240776062,0.8754755854606628,0.8719573616981506,0.7096003253780857
1124,0.057374708354473114,0.9995773434638977,0.8775044679641724,0.8760141730308533,0.9253874172241748
1125,0.05360608920454979,0.9996618628501892,0.8777580857276917,0.8742393255233765,0.7929387687258574
1126,0.05933311581611633,0.9996618628501892,0.8775044679641724,0.8788032531738281,0.5780525729534621
1127,0.0545407272875309,0.9996618628501892,0.8792797923088074,0.8800709843635559,0.4137978717964857
1128,0.05869240313768387,0.9995773434638977,0.8800405859947205,0.8808315992355347,0.4596129260965319
1129,0.05287690833210945,0.9997463822364807,0.8800405859947205,0.8815922737121582,0.5360078271411874
1130,0.051985882222652435,0.9997463822364807,0.8795334100723267,0.8813387155532837,0.4438388728527186
1131,0.056661829352378845,0.9993237257003784,0.8797869682312012,0.8762677311897278,0.6297044695338381
1132,0.056161124259233475,0.9995773434638977,0.8795334100723267,0.8762677311897278,1.102273197338876
1133,0.055244751274585724,0.9994928240776062,0.8792797923088074,0.8790567517280579,0.591834676532547
1134,0.06122611463069916,0.9994083046913147,0.8792797923088074,0.8785496950149536,0.8087061406536936
1135,0.0628579631447792,0.9997463822364807,0.8820695281028748,0.8800709843635559,1.1521297549770118
1136,0.051218803972005844,0.999830961227417,0.8820695281028748,0.877281904220581,0.7163294783447588
1137,0.053052227944135666,0.9999154806137085,0.8825767636299133,0.8813387155532837,0.49567780231093245
1138,0.0556691512465477,0.9997463822364807,0.8818159103393555,0.8785496950149536,0.6278977253158251
1139,0.05567825958132744,0.999830961227417,0.8830839991569519,0.8760141730308533,0.5223006865829138
1140,0.05492054671049118,0.9997463822364807,0.8815622925758362,0.8790567517280579,0.6327645337242763
1141,0.05815091356635094,0.9995773434638977,0.8792797923088074,0.8788032531738281,0.844888563734074
1142,0.0597563274204731,0.999830961227417,0.880547821521759,0.8767748475074768,0.8039189690628343
1143,0.052006177604198456,0.9988165497779846,0.8787725567817688,0.8729715943336487,0.6544945346516854
1144,0.06547566503286362,0.9994083046913147,0.8749683499336243,0.874492883682251,1.6727228612217844
1145,0.0652368813753128,0.9996618628501892,0.8777580857276917,0.8788032531738281,1.6052116362288622
1146,0.058481812477111816,0.999830961227417,0.882323145866394,0.873985767364502,1.07486253823272
1147,0.05903233587741852,0.9992392063140869,0.8787725567817688,0.8790567517280579,0.776534451969835
1148,0.060646723955869675,0.9982248544692993,0.8777580857276917,0.8755070567131042,1.2840940562496843
1149,0.07108936458826065,0.9994928240776062,0.8797869682312012,0.8818458318710327,1.7237004829420317
1150,0.06071687489748001,0.9995773434638977,0.8800405859947205,0.8762677311897278,0.8349798875622103
1151,0.06167986989021301,0.9980557560920715,0.8762363791465759,0.8767748475074768,1.0112095139746236
1152,0.0684753954410553,0.9993237257003784,0.87293940782547,0.875,1.7575775734473382
1153,0.07276677340269089,0.9994083046913147,0.882323145866394,0.8795638680458069,1.8846834531565078
1154,0.05352792143821716,0.99797123670578,0.8777580857276917,0.8790567517280579,0.659499669970699
1155,0.07086706906557083,0.9985629916191101,0.8739538788795471,0.8760141730308533,1.5114566443551307
1156,0.0761818140745163,0.9983938932418823,0.8785189390182495,0.8757606148719788,2.032583355158717
1157,0.06688491255044937,0.9994928240776062,0.8797869682312012,0.8803245425224304,1.4897113801113082
1158,0.05930304899811745,0.9983093738555908,0.8721785545349121,0.8752535581588745,0.8561758442852121
1159,0.07276351004838943,0.997633159160614,0.8795334100723267,0.8757606148719788,1.9629157588130106
1160,0.0718265101313591,0.9995773434638977,0.8772508502006531,0.8782961368560791,1.9333401901020721
1161,0.06704314798116684,0.9995773434638977,0.8777580857276917,0.8765212893486023,1.0635762544568277
1162,0.06459187716245651,0.9986475110054016,0.8772508502006531,0.8765212893486023,1.0789627882863932
1163,0.06845881789922714,0.9994928240776062,0.8833376169204712,0.8788032531738281,1.4334857311788827
1164,0.06106532737612724,0.9996618628501892,0.8825767636299133,0.8803245425224304,1.029250845160391
1165,0.05550751835107803,0.9992392063140869,0.8797869682312012,0.8737322092056274,0.5540869737900045
1166,0.058900587260723114,0.9994928240776062,0.882323145866394,0.8780425786972046,0.9477476920154944
1167,0.056202322244644165,0.999830961227417,0.8802942037582397,0.8808315992355347,0.7618432471230642
1168,0.06074180454015732,0.9999154806137085,0.880547821521759,0.8808315992355347,0.7528879348904
1169,0.04876718297600746,0.9995773434638977,0.8790261745452881,0.8795638680458069,0.6245660394969171
1170,0.05662597715854645,0.9996618628501892,0.8818159103393555,0.8803245425224304,0.7203784908093404
1171,0.0601123683154583,0.9997463822364807,0.8808014392852783,0.8831135630607605,0.5694452179974288
1172,0.0583004504442215,0.9994928240776062,0.8790261745452881,0.8823529481887817,0.5393044643056792
1173,0.06003168225288391,0.9997463822364807,0.880547821521759,0.8841277956962585,0.6682288029511183
1174,0.0550498329102993,0.9994083046913147,0.8802942037582397,0.8851419687271118,0.45504117809952116
1175,0.0533229224383831,0.9997463822364807,0.8802942037582397,0.8823529481887817,0.829441752595364
1176,0.05331617593765259,0.9997463822364807,0.8825767636299133,0.8874239325523376,0.9671268483616872
1177,0.056978996843099594,0.9996618628501892,0.8808014392852783,0.8866632580757141,0.7125456716495434
1178,0.05112214386463165,0.9994928240776062,0.8780117034912109,0.8846348524093628,0.5394138562647764
1179,0.05408981069922447,0.9995773434638977,0.8813086748123169,0.8843812942504883,0.9590965956797196
1180,0.06016451492905617,0.9994928240776062,0.8840984106063843,0.8836206793785095,0.6194925034649109
1181,0.05696097016334534,0.9993237257003784,0.8802942037582397,0.8851419687271118,0.6933901168569278
1182,0.060276441276073456,0.9994928240776062,0.8851128816604614,0.882860004901886,1.1505040624152985
1183,0.06331627815961838,0.9994928240776062,0.8843520283699036,0.8848884105682373,0.9390607778717176
1184,0.05283983051776886,0.9994928240776062,0.8815622925758362,0.882860004901886,0.4660356638197867
1185,0.06202729418873787,0.9996618628501892,0.8813086748123169,0.8815922737121582,0.6874272219192941
1186,0.05627482756972313,0.9997463822364807,0.8800405859947205,0.8831135630607605,0.7079967430139364
1187,0.05228972062468529,0.9996618628501892,0.8813086748123169,0.8813387155532837,0.42694302426132885
1188,0.059517912566661835,0.9995773434638977,0.8833376169204712,0.8810851573944092,0.5972520885217711
1189,0.06415343284606934,0.9992392063140869,0.8828303813934326,0.8770284056663513,0.6950364796220012
1190,0.054724957793951035,0.9995773434638977,0.8830839991569519,0.8770284056663513,0.5765382256165448
1191,0.05861330032348633,0.9997463822364807,0.8828303813934326,0.8793103098869324,0.5464653009543262
1192,0.056704457849264145,0.9997463822364807,0.8815622925758362,0.8826064467430115,0.7179261209810135
1193,0.05353252589702606,0.9999154806137085,0.882323145866394,0.8803245425224304,0.656252944641349
1194,0.0571160651743412,0.999830961227417,0.8810550570487976,0.8815922737121582,0.4766409248299747
1195,0.05596363544464111,0.9997463822364807,0.8833376169204712,0.8800709843635559,0.46251402910880457
1196,0.053059887140989304,0.999830961227417,0.8835912346839905,0.8790567517280579,0.4182004140312048
1197,0.05236757546663284,0.9982248544692993,0.8787725567817688,0.8742393255233765,0.5124288325623451
1198,0.07441963255405426,0.9942519068717957,0.8627948760986328,0.8640973567962646,1.8609930624189552
1199,0.11106289178133011,0.988081157207489,0.8671063184738159,0.8618153929710388,3.6487801937654667
1200,0.12423010170459747,0.9962806105613708,0.8660918474197388,0.8651115298271179,4.502272306048265
1201,0.09507884085178375,0.999830961227417,0.8757292032241821,0.8826064467430115,3.0012624154000163
1202,0.06316446512937546,0.9931529760360718,0.8706569075584412,0.8706896305084229,0.7164028138424878
1203,0.09792888909578323,0.9982248544692993,0.8772508502006531,0.873985767364502,2.893910341866688
1204,0.07723255455493927,0.9988165497779846,0.8787725567817688,0.8767748475074768,1.6950962408300951
1205,0.0704791396856308,0.9945900440216064,0.8785189390182495,0.8757606148719788,1.3116541873073129
1206,0.08479831367731094,0.9988165497779846,0.8800405859947205,0.8815922737121582,2.006099330398207
1207,0.06237810477614403,0.9987320303916931,0.8782653212547302,0.8795638680458069,0.5128728604190806
1208,0.07231488823890686,0.9991546869277954,0.8853664994239807,0.8795638680458069,1.489757026204917
1209,0.05985770374536514,0.9983093738555908,0.8825767636299133,0.8777890205383301,0.5507658145189299
1210,0.06896045804023743,0.9992392063140869,0.8772508502006531,0.877281904220581,1.463273902139011
1211,0.06147248297929764,0.9994928240776062,0.8780117034912109,0.8780425786972046,1.2629915878388036
1212,0.05799389258027077,0.9990701675415039,0.8861273527145386,0.8757606148719788,0.7410694514294734
1213,0.060848262161016464,0.9995773434638977,0.880547821521759,0.8770284056663513,1.3916257457242247
1214,0.052335310727357864,0.9994928240776062,0.8787725567817688,0.8777890205383301,0.42716517580655833
1215,0.05959845334291458,0.9995773434638977,0.8810550570487976,0.8815922737121582,0.9470156471814908
1216,0.057932283729314804,0.9992392063140869,0.8802942037582397,0.8780425786972046,0.4472346249727535
1217,0.05859159678220749,0.9997463822364807,0.8813086748123169,0.8813387155532837,0.9948331952450685
1218,0.052597999572753906,0.9994928240776062,0.8802942037582397,0.8808315992355347,0.42440364760341126
1219,0.06330475956201553,0.9989010691642761,0.8787725567817688,0.8727180361747742,0.7506519511560552
1220,0.0839422270655632,0.9970414042472839,0.8769972324371338,0.8770284056663513,2.041860142480662
1221,0.08057107776403427,0.9999154806137085,0.8820695281028748,0.8793103098869324,2.158845931416676
1222,0.058178845793008804,0.9983093738555908,0.8701496720314026,0.8742393255233765,0.7566410817571864
1223,0.09077319502830505,0.9970414042472839,0.8769972324371338,0.8719573616981506,2.5334092717760304
1224,0.07766123861074448,0.999830961227417,0.8792797923088074,0.8793103098869324,2.1550023695403917
1225,0.06040278449654579,0.9990701675415039,0.87293940782547,0.8765212893486023,0.7071009553794277
1226,0.07588403671979904,0.9991546869277954,0.8757292032241821,0.8780425786972046,1.8371503438813162
1227,0.07088305801153183,0.9992392063140869,0.8759827613830566,0.8775354623794556,1.0390489722939895
1228,0.06119336932897568,0.9994083046913147,0.8782653212547302,0.8795638680458069,1.0580641196058675
1229,0.06413133442401886,0.9995773434638977,0.8797869682312012,0.8813387155532837,0.9146413958695101
1230,0.06158897280693054,0.9983093738555908,0.8813086748123169,0.8760141730308533,0.7452394438024003
1231,0.06253524124622345,0.9994083046913147,0.8800405859947205,0.8805781006813049,1.187543878127717
1232,0.060691338032484055,0.9991546869277954,0.8785189390182495,0.8805781006813049,0.46797244159241236
1233,0.061446819454431534,0.9996618628501892,0.8790261745452881,0.8818458318710327,0.9102385351930831
1234,0.053900573402643204,0.9996618628501892,0.8757292032241821,0.8800709843635559,0.4151518785252451
1235,0.05901198089122772,0.9997463822364807,0.8762363791465759,0.8795638680458069,0.5979844254127965
1236,0.05652109161019325,0.9996618628501892,0.8795334100723267,0.8775354623794556,0.3849809533749816
1237,0.05482066422700882,0.9997463822364807,0.8797869682312012,0.8765212893486023,0.8202092765412543
1238,0.051050033420324326,0.9994083046913147,0.880547821521759,0.8767748475074768,0.42414860231552715
1239,0.058107923716306686,0.9994928240776062,0.8825767636299133,0.8755070567131042,1.0306932440798908
1240,0.05517314001917839,0.9997463822364807,0.8851128816604614,0.8805781006813049,0.9048939806619548
1241,0.052061330527067184,0.9994083046913147,0.8830839991569519,0.8785496950149536,0.5366928337848775
1242,0.059806715697050095,0.9996618628501892,0.8820695281028748,0.8770284056663513,1.0398728996840556
1243,0.053344983607530594,0.9995773434638977,0.8790261745452881,0.875,0.5914712402867575
1244,0.05937957018613815,0.9995773434638977,0.8820695281028748,0.8798174262046814,0.9274555729595876
1245,0.056975819170475006,0.9995773434638977,0.8828303813934326,0.8790567517280579,0.6674205399662366
1246,0.05360749363899231,0.9996618628501892,0.8800405859947205,0.8757606148719788,0.7754196858297613
1247,0.05723333731293678,0.9999154806137085,0.8800405859947205,0.8775354623794556,0.9325549327006099
1248,0.052526772022247314,0.9992392063140869,0.8790261745452881,0.8765212893486023,0.5516847568240721
1249,0.054172344505786896,0.9997463822364807,0.883844792842865,0.8782961368560791,1.0142622535947117
1250,0.050382018089294434,0.999830961227417,0.8843520283699036,0.8752535581588745,0.3868728151509818
1251,0.053269896656274796,0.9996618628501892,0.8818159103393555,0.8790567517280579,0.7070282943310048
1252,0.048068173229694366,0.9994083046913147,0.8818159103393555,0.8823529481887817,0.3463327456715876
1253,0.054248809814453125,0.9997463822364807,0.8810550570487976,0.8810851573944092,0.8257412602919275
1254,0.048712071031332016,0.9994928240776062,0.880547821521759,0.8808315992355347,0.3152184168917755
1255,0.057754036039114,0.9996618628501892,0.8810550570487976,0.8780425786972046,0.9925822620753544
1256,0.057142604142427444,0.9996618628501892,0.8828303813934326,0.8798174262046814,1.1118903326510514
1257,0.05562134459614754,0.9996618628501892,0.8818159103393555,0.8803245425224304,0.6328287253140076
1258,0.049838338047266006,0.9997463822364807,0.8848592638969421,0.8795638680458069,0.4891661633938034
1259,0.051061876118183136,0.9996618628501892,0.8825767636299133,0.8780425786972046,0.4721403836103514
1260,0.05103464797139168,0.9996618628501892,0.8769972324371338,0.8782961368560791,0.6625774708098154
1261,0.05292436480522156,0.999830961227417,0.8797869682312012,0.8805781006813049,0.7522690948655913
1262,0.055158864706754684,0.9995773434638977,0.8810550570487976,0.8800709843635559,0.5780068600654656
1263,0.055559419095516205,0.9996618628501892,0.8833376169204712,0.8826064467430115,0.8502038160255634
1264,0.06051537021994591,0.9993237257003784,0.8790261745452881,0.8793103098869324,1.0248363803345522
1265,0.06088358536362648,0.9997463822364807,0.8797869682312012,0.8805781006813049,0.8817840589591961
1266,0.050138022750616074,0.9997463822364807,0.8797869682312012,0.8785496950149536,0.3630925436740844
1267,0.053278181701898575,0.9999154806137085,0.8785189390182495,0.8793103098869324,0.6026517811219002
1268,0.056524064391851425,0.9991546869277954,0.8772508502006531,0.8798174262046814,0.5058342952349676
1269,0.05766493082046509,1.0,0.8780117034912109,0.8823529481887817,0.8438404811089621
1270,0.051237162202596664,0.9994928240776062,0.8762363791465759,0.8785496950149536,0.4261454061900444
1271,0.05750744789838791,0.9999154806137085,0.8835912346839905,0.8810851573944092,1.0233423987878736
1272,0.04679404944181442,0.9995773434638977,0.8820695281028748,0.8782961368560791,0.4685695039314031
1273,0.056543979793787,0.9994928240776062,0.8780117034912109,0.8788032531738281,1.105585160805075
1274,0.055515389889478683,0.9997463822364807,0.883844792842865,0.8788032531738281,1.1164744307499477
1275,0.05367228388786316,0.9995773434638977,0.8830839991569519,0.8757606148719788,0.5031082044712039
1276,0.05550448223948479,0.9996618628501892,0.880547821521759,0.8820993900299072,1.1762412238309967
1277,0.05061590299010277,0.999830961227417,0.8820695281028748,0.8851419687271118,0.8904923867931069
1278,0.049547381699085236,0.9991546869277954,0.8828303813934326,0.875,0.5988027997804662
1279,0.05430372804403305,0.9996618628501892,0.8790261745452881,0.8795638680458069,1.4452293053438958
1280,0.05527017265558243,0.999830961227417,0.8813086748123169,0.8808315992355347,0.9962017354184539
1281,0.04938340559601784,0.9995773434638977,0.8840984106063843,0.8793103098869324,0.4362804056946784
1282,0.055308789014816284,0.9997463822364807,0.8825767636299133,0.8767748475074768,1.1008612549709793
1283,0.058197904378175735,0.999830961227417,0.8820695281028748,0.8757606148719788,0.8371211619863649
1284,0.05099821090698242,0.9999154806137085,0.8787725567817688,0.8782961368560791,0.4018457370060725
1285,0.05745372921228409,0.999830961227417,0.8813086748123169,0.8788032531738281,0.7188038839601698
1286,0.05440249294042587,0.9997463822364807,0.8808014392852783,0.8785496950149536,0.5700219239275202
1287,0.048746731132268906,0.9995773434638977,0.8787725567817688,0.877281904220581,0.6398405199065711
1288,0.053237441927194595,0.9996618628501892,0.8797869682312012,0.8820993900299072,1.0785149890089698
1289,0.044889897108078,0.9994928240776062,0.8790261745452881,0.8788032531738281,0.4250252691355851
1290,0.050356339663267136,0.9996618628501892,0.8813086748123169,0.8808315992355347,0.9432114814682582
1291,0.05390886217355728,0.9993237257003784,0.882323145866394,0.8785496950149536,0.6983749181406264
1292,0.05496399849653244,0.9991546869277954,0.880547821521759,0.874492883682251,1.0287176491175598
1293,0.058930572122335434,0.9994083046913147,0.8815622925758362,0.8815922737121582,1.504187990160047
1294,0.05580572411417961,0.9989856481552124,0.8813086748123169,0.8737322092056274,0.7402346618866145
1295,0.05938705801963806,0.9989010691642761,0.8737002611160278,0.8696754574775696,1.5185504574425466
1296,0.06587167084217072,0.9999154806137085,0.8830839991569519,0.877281904220581,2.0586637801665124
1297,0.056343138217926025,0.9990701675415039,0.8775044679641724,0.8765212893486023,0.8977697482008901
1298,0.06999840587377548,0.9994928240776062,0.8780117034912109,0.8762677311897278,1.3029448112138784
1299,0.05992359295487404,0.9996618628501892,0.880547821521759,0.8798174262046814,1.2578809731426113
1300,0.05771720036864281,0.9994083046913147,0.8820695281028748,0.8790567517280579,0.7518473855344012
1301,0.055417586117982864,0.9994928240776062,0.8813086748123169,0.882860004901886,1.1483823713938388
1302,0.05209767818450928,0.9993237257003784,0.8820695281028748,0.8808315992355347,0.7416041082075366
1303,0.05427072197198868,0.9994083046913147,0.8810550570487976,0.8831135630607605,0.8050202042460781
1304,0.056476980447769165,0.999830961227417,0.8800405859947205,0.8826064467430115,1.0987335210974472
1305,0.055618468672037125,0.9997463822364807,0.8785189390182495,0.8831135630607605,0.36886796832146945
1306,0.06299256533384323,0.9991546869277954,0.8813086748123169,0.8765212893486023,1.259432247032477
1307,0.06008945032954216,0.9997463822364807,0.8810550570487976,0.8815922737121582,1.5899857338273338
1308,0.05642256140708923,0.9996618628501892,0.8843520283699036,0.8818458318710327,0.7759912493648018
1309,0.05076201260089874,0.9989010691642761,0.8856201171875,0.8818458318710327,0.6781493849828916
1310,0.0636167824268341,0.9994083046913147,0.8808014392852783,0.8805781006813049,1.4939528301381422
1311,0.06007371470332146,0.999830961227417,0.8856201171875,0.8800709843635559,1.1682969841590554
1312,0.0571778267621994,0.9992392063140869,0.8818159103393555,0.8780425786972046,0.46757480965776543
1313,0.059249237179756165,0.9997463822364807,0.882323145866394,0.882860004901886,1.0743815412464863
1314,0.05784428119659424,0.9996618628501892,0.8835912346839905,0.8805781006813049,0.8202123334410836
1315,0.056921981275081635,0.9994928240776062,0.8835912346839905,0.8767748475074768,0.6440026035537381
1316,0.05714686959981918,0.9996618628501892,0.883844792842865,0.8780425786972046,1.1059678580517849
1317,0.05896313861012459,0.9996618628501892,0.8835912346839905,0.8813387155532837,0.7751861961397385
1318,0.05219946801662445,0.9993237257003784,0.8851128816604614,0.8790567517280579,0.5212468705448275
1319,0.05792449042201042,0.9994928240776062,0.8866345882415771,0.8841277956962585,0.7574012942354017
1320,0.050916723906993866,0.9994928240776062,0.8853664994239807,0.8831135630607605,0.4619394393566216
1321,0.05837547406554222,0.9990701675415039,0.8787725567817688,0.8770284056663513,1.116821036780226
1322,0.06233644858002663,0.9996618628501892,0.883844792842865,0.8831135630607605,1.2941425622201206
1323,0.053850989788770676,0.9996618628501892,0.8815622925758362,0.8823529481887817,0.46281690445267176
1324,0.05533623695373535,0.9995773434638977,0.8810550570487976,0.8805781006813049,0.9562104082389505
1325,0.052873920649290085,0.9996618628501892,0.880547821521759,0.8800709843635559,0.7302995549297695
1326,0.056394461542367935,0.9995773434638977,0.8820695281028748,0.8800709843635559,0.7996752073113605
1327,0.05753377452492714,0.999830961227417,0.8848592638969421,0.8780425786972046,1.2811019962931391
1328,0.053939104080200195,0.9994928240776062,0.8835912346839905,0.8788032531738281,0.6391702252973941
1329,0.059181347489356995,0.9993237257003784,0.882323145866394,0.8788032531738281,1.1445533227806062
1330,0.06442907452583313,0.9995773434638977,0.8825767636299133,0.8810851573944092,1.3556823584700823
1331,0.05558301508426666,0.9989010691642761,0.8797869682312012,0.8798174262046814,0.5507043985971386
1332,0.058415256440639496,0.9996618628501892,0.8797869682312012,0.8795638680458069,1.228669553549524
1333,0.0610385425388813,0.999830961227417,0.8828303813934326,0.8859026432037354,1.3547242894209643
1334,0.05166317895054817,0.9993237257003784,0.8790261745452881,0.8808315992355347,0.4036418040802319
1335,0.056218937039375305,0.9994928240776062,0.8813086748123169,0.8818458318710327,1.1838599411204842
1336,0.06250673532485962,0.9996618628501892,0.8818159103393555,0.8813387155532837,1.277778771459703
1337,0.05361134558916092,0.9994083046913147,0.8830839991569519,0.8765212893486023,0.4509069360872161
1338,0.05392469838261604,0.9996618628501892,0.8802942037582397,0.8788032531738281,1.0931170363612799
1339,0.05401856452226639,0.9995773434638977,0.8825767636299133,0.8808315992355347,0.8298684939532641
1340,0.05687396600842476,0.99797123670578,0.8785189390182495,0.874492883682251,0.8235118862901838
1341,0.06557084619998932,0.9995773434638977,0.8808014392852783,0.8788032531738281,1.7839412146991578
1342,0.0587008111178875,0.9995773434638977,0.8820695281028748,0.8767748475074768,0.912654770366481
1343,0.06252453476190567,0.9988165497779846,0.8742074966430664,0.874492883682251,0.9987378381612164
1344,0.06408073008060455,0.999830961227417,0.8815622925758362,0.8800709843635559,1.4668407353417647
1345,0.055140040814876556,0.999830961227417,0.8825767636299133,0.8795638680458069,0.6785484477741552
1346,0.05336416885256767,0.9999154806137085,0.8800405859947205,0.8785496950149536,0.7111313747112965
1347,0.05539777874946594,0.9999154806137085,0.882323145866394,0.8793103098869324,0.7182394468275555
1348,0.05000275373458862,0.9997463822364807,0.882323145866394,0.8762677311897278,0.40236522832177446
1349,0.05699761211872101,0.9997463822364807,0.882323145866394,0.8785496950149536,0.6269115177524027
1350,0.05900545045733452,0.999830961227417,0.8835912346839905,0.8815922737121582,0.7962463007664845
1351,0.05282970890402794,0.9999154806137085,0.883844792842865,0.8818458318710327,0.5487478336315799
1352,0.051197588443756104,0.9993237257003784,0.8820695281028748,0.8762677311897278,0.5277590011680481
1353,0.05421532690525055,0.999830961227417,0.8825767636299133,0.8826064467430115,0.867169290816381
1354,0.05513136833906174,0.9996618628501892,0.8790261745452881,0.8813387155532837,0.4607502973431263
1355,0.05700191855430603,0.9995773434638977,0.8810550570487976,0.8803245425224304,0.8796885995861536
1356,0.05659535527229309,0.999830961227417,0.8797869682312012,0.8803245425224304,1.2646435499557107
1357,0.05948735028505325,0.9999154806137085,0.882323145866394,0.8813387155532837,1.081665955612172
1358,0.05129999667406082,0.9990701675415039,0.8767436146736145,0.8790567517280579,0.42628751593688247
1359,0.05424993485212326,0.9996618628501892,0.8802942037582397,0.8841277956962585,1.2984408174555342
1360,0.059388671070337296,0.9997463822364807,0.8825767636299133,0.8843812942504883,1.1809126924417017
1361,0.056571826338768005,0.9994928240776062,0.8815622925758362,0.8815922737121582,0.4073873249657514
1362,0.05511729046702385,0.9996618628501892,0.882323145866394,0.8851419687271118,0.8328974791049881
1363,0.052518900483846664,0.9997463822364807,0.8808014392852783,0.8853955268859863,0.660494534508076
1364,0.05617569386959076,0.9994928240776062,0.8818159103393555,0.8859026432037354,0.45744048158362566
1365,0.05450781062245369,0.9996618628501892,0.8810550570487976,0.8841277956962585,0.6590195639824886
1366,0.05257365107536316,0.9996618628501892,0.8830839991569519,0.8856490850448608,0.5151655571734612
1367,0.052840616554021835,0.9994083046913147,0.8815622925758362,0.8810851573944092,0.5640299645283036
1368,0.05622527748346329,0.9994083046913147,0.8818159103393555,0.883874237537384,0.8766526230769348
1369,0.05094718933105469,0.9994083046913147,0.8820695281028748,0.8861561417579651,0.4400327864392496
1370,0.046459224075078964,0.9994928240776062,0.8828303813934326,0.8826064467430115,0.42856390880044776
1371,0.049279697239398956,0.9996618628501892,0.8813086748123169,0.8831135630607605,0.6418291405143606
1372,0.04717261344194412,0.9997463822364807,0.8840984106063843,0.8848884105682373,0.49377643037981567
1373,0.054845720529556274,0.9997463822364807,0.882323145866394,0.8831135630607605,0.3986427598407043
1374,0.05485452711582184,0.9995773434638977,0.8856201171875,0.8800709843635559,0.4981511550239223
1375,0.05058647319674492,0.999830961227417,0.8858737349510193,0.8775354623794556,0.4682857850106958
1376,0.0566190704703331,0.999830961227417,0.8868882060050964,0.8803245425224304,0.6285194931769655
1377,0.05452561005949974,0.9997463822364807,0.8843520283699036,0.8810851573944092,0.4062368675372121
1378,0.05749553442001343,0.999830961227417,0.8835912346839905,0.8800709843635559,0.6021259266179535
1379,0.05827558785676956,0.999830961227417,0.8853664994239807,0.8793103098869324,0.7705348009576128
1380,0.05028899013996124,0.9997463822364807,0.8843520283699036,0.8785496950149536,0.480007379125141
1381,0.052878156304359436,0.9997463822364807,0.8853664994239807,0.8798174262046814,0.4437376263991847
1382,0.047522373497486115,0.999830961227417,0.8835912346839905,0.8757606148719788,0.4220025831907663
1383,0.05526532605290413,0.9997463822364807,0.8830839991569519,0.8808315992355347,0.6375344432903577
1384,0.05355451628565788,0.9997463822364807,0.8818159103393555,0.8800709843635559,0.5363918786651073
1385,0.04835020378232002,0.9997463822364807,0.8810550570487976,0.8790567517280579,0.41189212952585275
1386,0.05613349750638008,0.9997463822364807,0.882323145866394,0.8810851573944092,0.5176663043738635
1387,0.05302079766988754,0.9999154806137085,0.8800405859947205,0.8777890205383301,0.43279425067854965
1388,0.05222761258482933,0.9995773434638977,0.8835912346839905,0.8805781006813049,0.7890996819656695
1389,0.05101756006479263,0.9997463822364807,0.8818159103393555,0.8782961368560791,0.9248195033368258
1390,0.052554864436388016,0.9996618628501892,0.8830839991569519,0.8805781006813049,0.6306900056305573
1391,0.04542265832424164,0.9996618628501892,0.8820695281028748,0.8775354623794556,0.7037705111229549
1392,0.0584469772875309,0.9994928240776062,0.8813086748123169,0.8780425786972046,1.327722262420575
1393,0.049827687442302704,0.999830961227417,0.882323145866394,0.8788032531738281,0.9434378760180181
1394,0.05364810675382614,0.9995773434638977,0.8835912346839905,0.8798174262046814,0.4476832896786528
1395,0.052403464913368225,0.9994928240776062,0.8840984106063843,0.8762677311897278,0.7595370572172631
1396,0.05582273378968239,0.9992392063140869,0.8843520283699036,0.8775354623794556,0.5284202687460406
1397,0.05809343606233597,0.9996618628501892,0.8815622925758362,0.8777890205383301,0.8313096598748013
1398,0.057456690818071365,0.9997463822364807,0.882323145866394,0.8770284056663513,0.8330339088153869
1399,0.051438480615615845,0.9997463822364807,0.8843520283699036,0.8757606148719788,0.6427417150990009
1400,0.05253101885318756,0.9999154806137085,0.8835912346839905,0.875,0.4097713810988896
1401,0.053934697061777115,0.9994928240776062,0.8843520283699036,0.874492883682251,0.6588362286938448
1402,0.060038596391677856,0.9996618628501892,0.8808014392852783,0.8706896305084229,1.0617630584688142
1403,0.049844890832901,0.9997463822364807,0.8825767636299133,0.874492883682251,0.948977595115243
1404,0.05599949136376381,0.9997463822364807,0.8818159103393555,0.8722109198570251,0.6220557840900091
1405,0.05432068556547165,0.9997463822364807,0.8810550570487976,0.8727180361747742,0.5188889264678972
1406,0.059185001999139786,0.9996618628501892,0.8782653212547302,0.8752535581588745,0.8214371316964215
1407,0.059393707662820816,0.9999154806137085,0.882323145866394,0.8785496950149536,0.8603647150210258
1408,0.055780597031116486,0.999830961227417,0.882323145866394,0.8770284056663513,0.49367511985580986
1409,0.05440235882997513,0.9996618628501892,0.8815622925758362,0.8775354623794556,0.5188695148564129
1410,0.05930047854781151,0.9996618628501892,0.8802942037582397,0.8808315992355347,0.7690245968510739
1411,0.05997639521956444,0.9995773434638977,0.8792797923088074,0.8803245425224304,0.7417134074577915
1412,0.05398736521601677,0.9996618628501892,0.8792797923088074,0.8803245425224304,0.4564116298769235
1413,0.056178491562604904,0.9994083046913147,0.8790261745452881,0.8782961368560791,0.9805709454420203
1414,0.061523839831352234,0.9997463822364807,0.8782653212547302,0.877281904220581,1.136737992478522
1415,0.057960279285907745,0.999830961227417,0.8792797923088074,0.8810851573944092,0.8445276795985877
1416,0.051223624497652054,0.9997463822364807,0.8780117034912109,0.8782961368560791,0.42420557114793744
1417,0.055981796234846115,0.9999154806137085,0.8802942037582397,0.8767748475074768,0.5044528455469406
1418,0.05565372481942177,0.9996618628501892,0.8835912346839905,0.8757606148719788,0.4185523563995142
1419,0.052847303450107574,0.999830961227417,0.8830839991569519,0.8785496950149536,0.5551332956094371
1420,0.051863085478544235,0.9997463822364807,0.8856201171875,0.8790567517280579,0.4158790864098915
1421,0.04936204478144646,0.9994928240776062,0.8835912346839905,0.8757606148719788,0.467311148364526
1422,0.05181174725294113,0.9994083046913147,0.8830839991569519,0.8788032531738281,0.5040782552895151
1423,0.05186234042048454,0.9994928240776062,0.8853664994239807,0.8803245425224304,0.6799094427385144
1424,0.05774229019880295,0.9989856481552124,0.8828303813934326,0.874492883682251,1.0084104203423179
1425,0.06299463659524918,0.9992392063140869,0.8813086748123169,0.8762677311897278,1.4990268526772261
1426,0.06338310241699219,0.999830961227417,0.8891707062721252,0.8800709843635559,1.4575156544169747
1427,0.0558394230902195,0.9992392063140869,0.8820695281028748,0.8762677311897278,0.43872814851263126
1428,0.06348797678947449,0.9989010691642761,0.8777580857276917,0.875,1.4988282908252155
1429,0.06226203963160515,0.999830961227417,0.8879026174545288,0.8800709843635559,1.6980032823229607
1430,0.05658721178770065,0.9993237257003784,0.8851128816604614,0.8785496950149536,0.6673814973942592
1431,0.05962156504392624,0.9994928240776062,0.880547821521759,0.8777890205383301,1.1133764554999421
1432,0.06377404183149338,0.9996618628501892,0.8820695281028748,0.8798174262046814,1.2563919051378383
1433,0.055540040135383606,0.9996618628501892,0.8828303813934326,0.8805781006813049,0.5497212172877926
1434,0.053274720907211304,0.9994083046913147,0.8815622925758362,0.877281904220581,0.8789130761912952
1435,0.058220379054546356,1.0,0.8828303813934326,0.8813387155532837,0.8956653703672368
1436,0.05568162351846695,0.9997463822364807,0.8846056461334229,0.8805781006813049,0.44345446488532925
1437,0.05645117536187172,0.9999154806137085,0.8810550570487976,0.8785496950149536,0.7609779854703218
1438,0.049228448420763016,0.9996618628501892,0.8782653212547302,0.8808315992355347,0.4207341397888789
1439,0.06052233651280403,0.9997463822364807,0.8840984106063843,0.8803245425224304,0.6610707417734585
1440,0.05790187045931816,0.9994928240776062,0.8810550570487976,0.8798174262046814,0.6315162331729345
1441,0.05466404929757118,0.999830961227417,0.880547821521759,0.8818458318710327,0.5727894082238182
1442,0.04965179041028023,0.9995773434638977,0.8830839991569519,0.8815922737121582,0.4963364630451614
1443,0.05555511638522148,0.999830961227417,0.8820695281028748,0.8820993900299072,0.6090504947959018
1444,0.058899249881505966,0.9999154806137085,0.8833376169204712,0.8808315992355347,0.459948248985736
1445,0.04921150207519531,0.9994928240776062,0.883844792842865,0.8760141730308533,0.48003714442622913
1446,0.05135674402117729,0.9993237257003784,0.883844792842865,0.8777890205383301,0.5270309128056715
1447,0.05936066061258316,0.9995773434638977,0.8830839991569519,0.8795638680458069,0.6026835901704436
1448,0.054118845611810684,0.9995773434638977,0.8835912346839905,0.8815922737121582,0.6281047871526778
1449,0.0521547794342041,0.9996618628501892,0.8833376169204712,0.8782961368560791,0.4518618609953416
1450,0.06007707491517067,0.9996618628501892,0.8820695281028748,0.8782961368560791,0.7734506115254908
1451,0.05287429317831993,0.9995773434638977,0.880547821521759,0.8770284056663513,0.44831722264562524
1452,0.05044868215918541,0.9997463822364807,0.8800405859947205,0.8800709843635559,0.5714635586040421
1453,0.05274832621216774,0.9994928240776062,0.8808014392852783,0.8755070567131042,0.49386380826193343
1454,0.05769619345664978,0.9995773434638977,0.8780117034912109,0.8765212893486023,0.8897964236393008
1455,0.05797163024544716,0.9994083046913147,0.8815622925758362,0.8780425786972046,1.0413468096267158
1456,0.06251094490289688,0.9994083046913147,0.8777580857276917,0.877281904220581,1.3828829365633082
1457,0.059449028223752975,0.9994928240776062,0.880547821521759,0.8752535581588745,1.1411255424295892
1458,0.06246588006615639,0.9995773434638977,0.8815622925758362,0.8770284056663513,0.7610943717149659
1459,0.0551120825111866,0.9996618628501892,0.8737002611160278,0.8780425786972046,0.9685180844028094
1460,0.06605397909879684,0.9991546869277954,0.8808014392852783,0.8762677311897278,1.544680686059757
1461,0.06292039155960083,0.9996618628501892,0.8749683499336243,0.8757606148719788,1.5014919479567639
1462,0.06101224943995476,0.9996618628501892,0.8815622925758362,0.877281904220581,1.2086690791005021
1463,0.06593967229127884,0.9997463822364807,0.8802942037582397,0.8795638680458069,1.1702897273800008
1464,0.05752834677696228,0.9997463822364807,0.8846056461334229,0.8785496950149536,0.6126218474804487
1465,0.05769627168774605,0.9997463822364807,0.8843520283699036,0.877281904220581,0.49152854116996697
1466,0.057979755103588104,0.9996618628501892,0.8813086748123169,0.8831135630607605,0.7340620859319793
1467,0.05600953847169876,0.9999154806137085,0.8787725567817688,0.8831135630607605,0.4995166812044029
1468,0.059060435742139816,0.9994928240776062,0.8818159103393555,0.8777890205383301,0.8122310726417589
1469,0.061414070427417755,0.9994083046913147,0.8759827613830566,0.8795638680458069,1.2975665704176662
1470,0.055112291127443314,0.9993237257003784,0.8833376169204712,0.8823529481887817,1.0989042831833271
1471,0.05368442460894585,0.9993237257003784,0.8848592638969421,0.8793103098869324,0.687638951167345
1472,0.05517866089940071,0.9997463822364807,0.882323145866394,0.8795638680458069,0.5479918000367837
1473,0.06023089587688446,0.9997463822364807,0.8815622925758362,0.8820993900299072,0.6467970450896232
1474,0.05003473162651062,0.9999154806137085,0.8797869682312012,0.8810851573944092,0.39209917367407027
1475,0.05278823524713516,0.9995773434638977,0.8762363791465759,0.8808315992355347,0.6490464394426284
1476,0.05399061739444733,0.9995773434638977,0.8790261745452881,0.8818458318710327,0.755453400400235
1477,0.057644981890916824,0.999830961227417,0.8810550570487976,0.8795638680458069,0.6227777826912351
1478,0.05293738469481468,0.999830961227417,0.8840984106063843,0.8775354623794556,0.5215513136716811
1479,0.055669426918029785,0.9999154806137085,0.8813086748123169,0.8808315992355347,0.6939300922841093
1480,0.05208435654640198,0.9997463822364807,0.8825767636299133,0.8810851573944092,0.47854761023524733
1481,0.051934003829956055,0.9994928240776062,0.8851128816604614,0.8780425786972046,0.505815845030131
1482,0.058055855333805084,0.9996618628501892,0.882323145866394,0.8790567517280579,0.8879189893379834
1483,0.05993233248591423,0.9995773434638977,0.8830839991569519,0.8780425786972046,1.0141898895244628
1484,0.05569353699684143,0.999830961227417,0.8848592638969421,0.8752535581588745,1.1223907953264367
1485,0.05647723376750946,0.9999154806137085,0.8868882060050964,0.8742393255233765,0.8495972430216644
1486,0.05360644683241844,0.999830961227417,0.8843520283699036,0.8770284056663513,0.45668305674189225
1487,0.06043703109025955,0.9999154806137085,0.8851128816604614,0.8770284056663513,0.5560285768534715
1488,0.05283054709434509,0.9999154806137085,0.8810550570487976,0.8793103098869324,0.4795954230794026
1489,0.05271407216787338,0.9999154806137085,0.8830839991569519,0.8760141730308533,0.48265367098567685
1490,0.05432666465640068,0.999830961227417,0.8830839991569519,0.8777890205383301,0.689965701158458
1491,0.05186297744512558,0.9997463822364807,0.882323145866394,0.8805781006813049,0.48934653402414374
1492,0.05247797444462776,0.9997463822364807,0.8835912346839905,0.8808315992355347,0.4507576092409219
1493,0.052330151200294495,0.9997463822364807,0.8861273527145386,0.8767748475074768,0.4180447367284754
1494,0.05629241093993187,0.9993237257003784,0.8787725567817688,0.8752535581588745,0.8660593684220489
1495,0.06368047744035721,0.9993237257003784,0.8828303813934326,0.8737322092056274,1.450083619414861
1496,0.06266187876462936,0.9997463822364807,0.8833376169204712,0.8800709843635559,1.445295918214891
1497,0.05677236244082451,0.9995773434638977,0.8825767636299133,0.8810851573944092,0.6922554446796148
1498,0.05488473176956177,0.9993237257003784,0.883844792842865,0.8818458318710327,0.740878523515762
1499,0.06187964975833893,0.9994083046913147,0.8848592638969421,0.8826064467430115,1.2200173222332134
1500,0.05548390746116638,0.9997463822364807,0.883844792842865,0.8813387155532837,0.7798716987634772
1501,0.05028560012578964,0.9988165497779846,0.8790261745452881,0.8777890205383301,0.6035038797717713
1502,0.06071022152900696,0.9994083046913147,0.8787725567817688,0.8803245425224304,1.392166676814866
1503,0.06556260585784912,0.9997463822364807,0.8810550570487976,0.8793103098869324,1.5272337741990725
1504,0.0534825474023819,0.9994928240776062,0.8800405859947205,0.8775354623794556,0.6068913214238555
1505,0.055447906255722046,0.9994083046913147,0.8777580857276917,0.8770284056663513,1.054453051512846
1506,0.06520465016365051,0.9997463822364807,0.8800405859947205,0.8798174262046814,1.4839487839706473
1507,0.05237671360373497,0.9994928240776062,0.8785189390182495,0.8777890205383301,0.7022295458874309
1508,0.058067791163921356,0.9990701675415039,0.874714732170105,0.8767748475074768,1.0082264621013826
1509,0.06635235995054245,0.9990701675415039,0.8802942037582397,0.8760141730308533,1.601141922369045
1510,0.06640125811100006,0.9996618628501892,0.8813086748123169,0.8788032531738281,1.3391636400243792
1511,0.05300609767436981,0.9995773434638977,0.8818159103393555,0.8798174262046814,0.49216274529464926
1512,0.06035129353404045,0.9995773434638977,0.8777580857276917,0.8790567517280579,0.6383537293579237
1513,0.05409809574484825,0.9990701675415039,0.8818159103393555,0.8765212893486023,0.5673891542551369
1514,0.05822145193815231,0.9997463822364807,0.880547821521759,0.8808315992355347,1.1239563440420612
1515,0.0567300021648407,0.9995773434638977,0.8792797923088074,0.8765212893486023,0.830615017237784
1516,0.05624536797404289,0.9990701675415039,0.8808014392852783,0.8785496950149536,0.6932960140623069
1517,0.056582849472761154,0.999830961227417,0.8797869682312012,0.8790567517280579,1.1413447350100345
1518,0.055957064032554626,0.999830961227417,0.8835912346839905,0.8795638680458069,0.6616852428278821
1519,0.053180381655693054,0.9996618628501892,0.880547821521759,0.8775354623794556,0.5664132212566192
1520,0.05241819843649864,0.9996618628501892,0.882323145866394,0.8793103098869324,0.9868166334908387
1521,0.05573413521051407,0.9997463822364807,0.8813086748123169,0.8790567517280579,0.7685647217524257
1522,0.05500730127096176,0.999830961227417,0.8820695281028748,0.8831135630607605,0.5118624972093377
1523,0.05575472116470337,0.9992392063140869,0.8777580857276917,0.8810851573944092,0.5945216505021238
1524,0.05704386904835701,0.9994083046913147,0.8792797923088074,0.883367121219635,0.8387740887474467
1525,0.05806276947259903,0.9996618628501892,0.8780117034912109,0.8831135630607605,0.7442591496928718
1526,0.0570220984518528,0.9994928240776062,0.8797869682312012,0.8800709843635559,0.46557301116740585
1527,0.05031604319810867,0.9996618628501892,0.8808014392852783,0.8820993900299072,0.6213170737844441
1528,0.05379655584692955,0.999830961227417,0.8815622925758362,0.8831135630607605,0.49868162911012137
1529,0.05824756622314453,0.9996618628501892,0.8785189390182495,0.8780425786972046,0.6966180183921279
1530,0.06261278688907623,0.9989010691642761,0.8767436146736145,0.8795638680458069,1.5207724747920517
1531,0.06498443335294724,0.9997463822364807,0.8800405859947205,0.8836206793785095,1.6700329407975654
1532,0.05616464465856552,0.9996618628501892,0.8800405859947205,0.8793103098869324,0.6399606454111108
1533,0.05689692497253418,0.9988165497779846,0.8772508502006531,0.8795638680458069,0.8181270091513771
1534,0.07061441242694855,0.9995773434638977,0.8752219676971436,0.8757606148719788,1.4674412402448234
1535,0.05958215892314911,0.9996618628501892,0.8777580857276917,0.8765212893486023,0.8798274770427035
1536,0.05089951306581497,0.9993237257003784,0.880547821521759,0.8765212893486023,0.4263724200475057
1537,0.060559503734111786,0.9993237257003784,0.8769972324371338,0.8803245425224304,1.0116987081568003
1538,0.055087484419345856,0.9996618628501892,0.8802942037582397,0.8798174262046814,0.7458953812818682
1539,0.05215790122747421,0.9996618628501892,0.8790261745452881,0.8826064467430115,0.4463721298180339
1540,0.06156095117330551,0.9997463822364807,0.8754755854606628,0.8805781006813049,0.8743164385930755
1541,0.05566676706075668,0.9997463822364807,0.8764899969100952,0.8795638680458069,0.9425920769353288
1542,0.055352117866277695,0.9996618628501892,0.8790261745452881,0.8798174262046814,0.7592167207085568
1543,0.053784072399139404,0.9996618628501892,0.8769972324371338,0.8826064467430115,0.509138583556179
1544,0.05421360954642296,0.9997463822364807,0.8797869682312012,0.8785496950149536,0.6727137417380151
1545,0.05408131331205368,0.9996618628501892,0.8825767636299133,0.8785496950149536,0.4717847193580954
1546,0.05076691880822182,0.9997463822364807,0.880547821521759,0.8803245425224304,0.5552363597232282
1547,0.05723698437213898,0.9995773434638977,0.8795334100723267,0.8800709843635559,0.5617005170836535
1548,0.05529620125889778,0.9997463822364807,0.8810550570487976,0.8808315992355347,0.40348803155336027
1549,0.05387518182396889,0.9999154806137085,0.8800405859947205,0.8810851573944092,0.4580938222041412
1550,0.051198434084653854,0.9997463822364807,0.880547821521759,0.8803245425224304,0.40050128836623383
1551,0.05030855908989906,0.9996618628501892,0.8792797923088074,0.8805781006813049,0.427162188248221
1552,0.04900801181793213,0.9996618628501892,0.8792797923088074,0.8795638680458069,0.35143565977924723
1553,0.0532446913421154,0.9997463822364807,0.8802942037582397,0.8795638680458069,0.5031475865839791
1554,0.05205617845058441,0.9996618628501892,0.8813086748123169,0.8785496950149536,0.3999924673908862
1555,0.05133597180247307,0.999830961227417,0.8775044679641724,0.8767748475074768,0.4686597067016933
1556,0.04912832751870155,0.9997463822364807,0.8780117034912109,0.8785496950149536,0.5382233206754586
1557,0.05234774202108383,0.9997463822364807,0.8777580857276917,0.8788032531738281,0.46999112582478464
1558,0.05353168770670891,0.9996618628501892,0.8780117034912109,0.8777890205383301,0.5014003722417888
1559,0.054221637547016144,0.999830961227417,0.8780117034912109,0.8780425786972046,0.6668790875089181
1560,0.056881774216890335,0.9999154806137085,0.8792797923088074,0.8752535581588745,0.7841640325836873
1561,0.05569140613079071,0.9997463822364807,0.880547821521759,0.8755070567131042,0.5257783206000053
1562,0.05697692185640335,0.999830961227417,0.8787725567817688,0.8760141730308533,0.5889712642419004
1563,0.05314590409398079,0.9997463822364807,0.8782653212547302,0.875,0.3730348573929418
1564,0.05294550210237503,0.9994928240776062,0.874714732170105,0.8762677311897278,0.7234307006440281
1565,0.057381998747587204,0.9994083046913147,0.8767436146736145,0.8775354623794556,1.1448595091433365
1566,0.06023750826716423,0.9995773434638977,0.8790261745452881,0.8782961368560791,1.314844774030773
1567,0.054236091673374176,0.999830961227417,0.882323145866394,0.8815922737121582,0.8972577489051098
1568,0.055129099637269974,0.9994083046913147,0.8795334100723267,0.8793103098869324,0.5480077866253555
1569,0.05684664845466614,0.999830961227417,0.8800405859947205,0.8803245425224304,0.930019269892715
1570,0.05568036437034607,0.9999154806137085,0.8828303813934326,0.8790567517280579,0.5893092779327632
1571,0.06254854053258896,0.9997463822364807,0.883844792842865,0.8795638680458069,0.6712767246266189
1572,0.05601423233747482,0.999830961227417,0.8828303813934326,0.8798174262046814,0.6917828020267947
1573,0.049890849739313126,0.9999154806137085,0.8802942037582397,0.8785496950149536,0.3761895869027947
1574,0.05826852470636368,0.9996618628501892,0.8769972324371338,0.874492883682251,0.654613055884724
1575,0.05522980913519859,0.9999154806137085,0.8813086748123169,0.8782961368560791,0.8075117573533731
1576,0.05106479674577713,0.999830961227417,0.8792797923088074,0.8765212893486023,0.4567123443865338
1577,0.05172383412718773,0.9993237257003784,0.8820695281028748,0.8757606148719788,0.8329866962912073
1578,0.058908119797706604,0.9994083046913147,0.880547821521759,0.8782961368560791,1.2222428111273957
1579,0.051302846521139145,0.9997463822364807,0.8825767636299133,0.8793103098869324,0.8928622225226494
1580,0.05417923629283905,0.9997463822364807,0.8813086748123169,0.8785496950149536,0.5614455792444407
1581,0.05101810395717621,0.9997463822364807,0.8775044679641724,0.8785496950149536,0.482091147253218
1582,0.04984726384282112,0.999830961227417,0.8787725567817688,0.8808315992355347,0.47340680045618994
1583,0.053273629397153854,0.999830961227417,0.8795334100723267,0.8765212893486023,0.4508629982327958
1584,0.05434408411383629,0.9995773434638977,0.874714732170105,0.8762677311897278,0.7584901329115861
1585,0.05855754762887955,0.9989856481552124,0.8797869682312012,0.8737322092056274,1.2526767328492556
1586,0.06237487494945526,0.9996618628501892,0.8802942037582397,0.8765212893486023,1.528725050641415
1587,0.05785532295703888,0.9999154806137085,0.880547821521759,0.8775354623794556,1.110434295631748
1588,0.052366677671670914,0.9991546869277954,0.8767436146736145,0.8742393255233765,0.48644235520972184
1589,0.0560828261077404,0.9989856481552124,0.8721785545349121,0.8727180361747742,1.498009072375292
1590,0.0694953203201294,0.9990701675415039,0.8780117034912109,0.8755070567131042,2.061882797988886
1591,0.06237795948982239,0.999830961227417,0.8810550570487976,0.8777890205383301,1.7346421150013913
1592,0.04953698813915253,0.9993237257003784,0.8790261745452881,0.8795638680458069,0.6536527551093042
1593,0.05918334051966667,0.9996618628501892,0.8795334100723267,0.8785496950149536,0.6804389766298048
1594,0.061505917459726334,0.9994083046913147,0.880547821521759,0.8767748475074768,1.0898974853569334
1595,0.05527399480342865,0.9996618628501892,0.8808014392852783,0.8777890205383301,0.9265915970299137
1596,0.05507543310523033,0.9996618628501892,0.8792797923088074,0.8770284056663513,0.5280899564816761
1597,0.053080521523952484,0.9994083046913147,0.8780117034912109,0.877281904220581,0.7549757436209451
1598,0.06199270114302635,0.9996618628501892,0.8769972324371338,0.8785496950149536,1.0344713622259099
1599,0.05236119031906128,0.9996618628501892,0.8764899969100952,0.8767748475074768,0.5590644349206266
1600,0.05285443365573883,0.9999154806137085,0.8769972324371338,0.8780425786972046,0.6116904251656473
1601,0.05727946758270264,0.999830961227417,0.8767436146736145,0.8762677311897278,0.6101816850214452
1602,0.05251915752887726,0.9994928240776062,0.8785189390182495,0.8777890205383301,0.5103588145917279
1603,0.05996650084853172,0.9999154806137085,0.8775044679641724,0.8800709843635559,0.9284587404682775
1604,0.05797282233834267,0.9999154806137085,0.8780117034912109,0.8777890205383301,0.8745900906952203
1605,0.05289066210389137,0.9997463822364807,0.8772508502006531,0.874492883682251,0.4731456031116854
1606,0.056735605001449585,0.9997463822364807,0.8769972324371338,0.8757606148719788,0.5780481014565616
1607,0.06286456435918808,0.9999154806137085,0.8785189390182495,0.8747464418411255,0.861939919279015
1608,0.0571972094476223,0.9999154806137085,0.8802942037582397,0.8775354623794556,0.7235689159028628
1609,0.052533697336912155,0.9997463822364807,0.880547821521759,0.8775354623794556,0.38305233450592474
1610,0.05127061530947685,0.9997463822364807,0.8795334100723267,0.8760141730308533,0.6962978056282905
1611,0.05585724860429764,0.9996618628501892,0.8790261745452881,0.8788032531738281,0.8460714388368047
1612,0.05364710092544556,0.9995773434638977,0.8795334100723267,0.8785496950149536,0.44534105612332775
1613,0.05761941522359848,0.9995773434638977,0.8764899969100952,0.873985767364502,0.5475507651245034
1614,0.053054120391607285,0.9999154806137085,0.8759827613830566,0.8775354623794556,0.8695839709679629
1615,0.056727368384599686,0.9999154806137085,0.8775044679641724,0.8752535581588745,0.9113397669716653
1616,0.06015348061919212,0.9999154806137085,0.8752219676971436,0.8788032531738281,0.9226773712596661
1617,0.05104554444551468,0.999830961227417,0.8777580857276917,0.8793103098869324,0.5320507475551864
1618,0.05513237416744232,0.9997463822364807,0.8795334100723267,0.8780425786972046,0.5561086817433768
1619,0.05771530792117119,0.9994928240776062,0.8800405859947205,0.8770284056663513,0.5475233953455656
1620,0.05628909170627594,0.9994928240776062,0.8772508502006531,0.8818458318710327,0.9919345029845276
1621,0.057323429733514786,0.9997463822364807,0.8785189390182495,0.8782961368560791,1.0532317343409263
1622,0.05614674091339111,0.9990701675415039,0.8762363791465759,0.8760141730308533,0.430954838598699
1623,0.06223737820982933,0.9992392063140869,0.8688815832138062,0.8757606148719788,1.5379827803549728
1624,0.0692925974726677,0.9992392063140869,0.8769972324371338,0.8782961368560791,1.9585672963486043
1625,0.061452027410268784,0.9993237257003784,0.8767436146736145,0.8775354623794556,0.9873769586039584
1626,0.056774552911520004,0.9996618628501892,0.8739538788795471,0.8762677311897278,0.9407955677194424
1627,0.06387241184711456,0.9992392063140869,0.8777580857276917,0.8775354623794556,1.5681475973401444
1628,0.06324778497219086,0.9995773434638977,0.8762363791465759,0.8805781006813049,0.8964455094699539
1629,0.05646691098809242,0.9996618628501892,0.8777580857276917,0.8782961368560791,0.6908084060598448
1630,0.05890725180506706,0.9993237257003784,0.8777580857276917,0.883367121219635,1.149052227667284
1631,0.05533961206674576,0.9995773434638977,0.8754755854606628,0.8846348524093628,0.6276971142686028
1632,0.05637906491756439,0.9996618628501892,0.8734466433525085,0.8815922737121582,0.9483189207332362
1633,0.060851652175188065,0.9997463822364807,0.8744611144065857,0.8818458318710327,1.2094398674998084
1634,0.056234244257211685,0.9988165497779846,0.8726857900619507,0.8826064467430115,0.5242132101106092
1635,0.06390002369880676,0.9989856481552124,0.8742074966430664,0.8767748475074768,1.4223151932082765
1636,0.06179377809166908,0.9989856481552124,0.8749683499336243,0.8831135630607605,1.7849632030154123
1637,0.059626754373311996,0.9991546869277954,0.8762363791465759,0.8815922737121582,0.9109398594360728
1638,0.06536466628313065,0.9991546869277954,0.8731930255889893,0.8798174262046814,1.1997882459974505
1639,0.07168913632631302,0.9994928240776062,0.8744611144065857,0.8808315992355347,1.9346890453932863
1640,0.06292657554149628,0.9999154806137085,0.8744611144065857,0.8836206793785095,1.22990166893274
1641,0.059966571629047394,0.9994083046913147,0.8721785545349121,0.8793103098869324,0.7768555181481439
1642,0.06466502696275711,0.9995773434638977,0.8742074966430664,0.8818458318710327,1.52595597972767
1643,0.06091034784913063,0.9994928240776062,0.8759827613830566,0.8805781006813049,0.8486325406866576
1644,0.057932764291763306,0.9993237257003784,0.8757292032241821,0.8800709843635559,1.0442531598507507
1645,0.06626886874437332,0.9996618628501892,0.8762363791465759,0.8800709843635559,1.4641181195849235
1646,0.05618209391832352,0.9995773434638977,0.8762363791465759,0.8800709843635559,0.77132524382875
1647,0.06251244992017746,0.9996618628501892,0.8759827613830566,0.8803245425224304,1.0498673002844277
1648,0.06558087468147278,0.9997463822364807,0.8754755854606628,0.8831135630607605,1.4479568185461789
1649,0.05438494682312012,0.9993237257003784,0.8752219676971436,0.8790567517280579,0.5598483941274252
1650,0.06787961721420288,0.9992392063140869,0.8772508502006531,0.8747464418411255,1.4393326190216986
1651,0.07838141173124313,0.9984784126281738,0.8737002611160278,0.8803245425224304,2.021065309635739
1652,0.06152084842324257,0.9993237257003784,0.8777580857276917,0.8820993900299072,1.3422524561776568
1653,0.057268623262643814,0.9986475110054016,0.8749683499336243,0.8775354623794556,0.9637020623564149
1654,0.06955660134553909,0.9987320303916931,0.8769972324371338,0.8793103098869324,1.8133168712072312
1655,0.0652371421456337,0.9997463822364807,0.8797869682312012,0.8826064467430115,1.464555393427655
1656,0.05279286578297615,0.9997463822364807,0.8764899969100952,0.8798174262046814,0.46419815270302045
1657,0.05384831130504608,0.9993237257003784,0.8749683499336243,0.8798174262046814,0.7702464157780944
1658,0.061465565115213394,0.9997463822364807,0.8759827613830566,0.8826064467430115,0.8559290147043628
1659,0.0568256601691246,0.9994083046913147,0.8792797923088074,0.8785496950149536,0.48901556586062395
1660,0.05494484677910805,0.9996618628501892,0.8792797923088074,0.883874237537384,0.8801545221644337
1661,0.05749543756246567,0.9994083046913147,0.8795334100723267,0.8826064467430115,0.7343304767697033
1662,0.05691273510456085,0.9996618628501892,0.8769972324371338,0.8810851573944092,0.5790066519500747
1663,0.05648716539144516,0.9996618628501892,0.8810550570487976,0.8815922737121582,0.6638050773504931
1664,0.05013653635978699,0.9997463822364807,0.8795334100723267,0.8810851573944092,0.43467180589714166
1665,0.06080007180571556,0.999830961227417,0.8785189390182495,0.8790567517280579,0.6988867515410324
1666,0.051375918090343475,0.9995773434638977,0.8792797923088074,0.8782961368560791,0.6204863057049899
1667,0.05213605612516403,0.999830961227417,0.8795334100723267,0.8826064467430115,0.5097503552015543
1668,0.05541481077671051,0.9999154806137085,0.8828303813934326,0.8841277956962585,0.43144737291005636
1669,0.05789881944656372,0.999830961227417,0.8808014392852783,0.8843812942504883,0.556620401569098
1670,0.05251028761267662,0.9997463822364807,0.8795334100723267,0.8836206793785095,0.4380553149364123
1671,0.05993430316448212,0.9997463822364807,0.8775044679641724,0.8820993900299072,0.5559664674468537
1672,0.05316522344946861,0.9996618628501892,0.8797869682312012,0.8836206793785095,0.673989814875398
1673,0.05813487619161606,0.9996618628501892,0.8785189390182495,0.8815922737121582,0.544784039321326
1674,0.05490398034453392,0.9994928240776062,0.8810550570487976,0.8780425786972046,0.5599689857433132
1675,0.056545183062553406,0.9999154806137085,0.8797869682312012,0.8805781006813049,0.7178000190574726
1676,0.05134257301688194,0.9997463822364807,0.8797869682312012,0.8826064467430115,0.4313970961375436
1677,0.05441926047205925,0.9992392063140869,0.8802942037582397,0.8805781006813049,0.6028218684970877
1678,0.060915280133485794,0.9995773434638977,0.8800405859947205,0.8818458318710327,0.7508509617837836
1679,0.05945241078734398,0.9990701675415039,0.8825767636299133,0.8846348524093628,0.7017886552397612
1680,0.05491340905427933,0.9994928240776062,0.8818159103393555,0.8818458318710327,0.6149949312802327
1681,0.05997258797287941,0.999830961227417,0.8802942037582397,0.8815922737121582,0.5695525444025724
1682,0.052547987550497055,0.9999154806137085,0.8802942037582397,0.8805781006813049,0.4470957152596768
1683,0.05417320504784584,0.9999154806137085,0.8828303813934326,0.8803245425224304,0.5451050743722525
1684,0.051186706870794296,0.9995773434638977,0.882323145866394,0.8795638680458069,0.8106322291238137
1685,0.05670600384473801,0.9994928240776062,0.8833376169204712,0.8790567517280579,0.5959490591519456
1686,0.053820956498384476,0.9996618628501892,0.8810550570487976,0.8800709843635559,0.5203469414169459
1687,0.052982576191425323,0.9994928240776062,0.8820695281028748,0.8813387155532837,0.8058450643504677
1688,0.0524405799806118,0.999830961227417,0.880547821521759,0.8805781006813049,0.9043889892588288
1689,0.05375433713197708,0.9997463822364807,0.880547821521759,0.8805781006813049,0.4914546710596031
1690,0.055432066321372986,0.999830961227417,0.8815622925758362,0.8851419687271118,0.916344272510244
1691,0.05487644672393799,0.9999154806137085,0.8828303813934326,0.8836206793785095,0.8834640538051716
1692,0.05271349847316742,0.999830961227417,0.8808014392852783,0.8846348524093628,0.574160460389204
1693,0.054705910384655,0.999830961227417,0.8800405859947205,0.8848884105682373,0.6890102005626646
1694,0.05597330257296562,0.9997463822364807,0.8792797923088074,0.8841277956962585,0.8955606579495485
1695,0.05435488745570183,0.9997463822364807,0.8795334100723267,0.8841277956962585,0.7466825047928798
1696,0.053049203008413315,0.9997463822364807,0.8764899969100952,0.8848884105682373,0.5548265591285566
1697,0.055945515632629395,0.9999154806137085,0.8790261745452881,0.8861561417579651,0.6259633696667317
1698,0.05594364181160927,0.9999154806137085,0.8757292032241821,0.8826064467430115,0.5678425278962985
1699,0.057293541729450226,0.999830961227417,0.8787725567817688,0.8808315992355347,0.7196014999472228
1700,0.056624166667461395,0.999830961227417,0.8792797923088074,0.8846348524093628,0.8942533240333285
1701,0.05433925241231918,0.9997463822364807,0.8808014392852783,0.8831135630607605,0.8112378444222751
1702,0.05838749557733536,0.9994083046913147,0.8815622925758362,0.8826064467430115,0.7013400852960668
1703,0.06053074821829796,0.9995773434638977,0.8818159103393555,0.8818458318710327,0.7069562869360885
1704,0.05526187643408775,0.999830961227417,0.8785189390182495,0.8848884105682373,0.6478258496064
1705,0.058089133352041245,1.0,0.8762363791465759,0.8843812942504883,0.5325077360736648
1706,0.05741019919514656,0.9999154806137085,0.8767436146736145,0.8808315992355347,0.6738282570264348
1707,0.05564003065228462,1.0,0.8800405859947205,0.883874237537384,0.7596047786638662
1708,0.05376867949962616,0.9994928240776062,0.8772508502006531,0.8795638680458069,0.4979264084849506
1709,0.059727028012275696,0.9993237257003784,0.8780117034912109,0.8800709843635559,1.1960294969171523
1710,0.05615285784006119,0.9995773434638977,0.8757292032241821,0.8803245425224304,1.2415764639947902
1711,0.054993886500597,0.9996618628501892,0.8767436146736145,0.8803245425224304,0.7556775771253676
1712,0.05708686634898186,0.9989010691642761,0.8772508502006531,0.8785496950149536,0.9749654744276042
1713,0.06882727891206741,0.999830961227417,0.8759827613830566,0.8777890205383301,1.6801107184631738
1714,0.05534602329134941,0.9999154806137085,0.8754755854606628,0.8815922737121582,1.0894447339218583
1715,0.05455281585454941,0.9992392063140869,0.8764899969100952,0.8785496950149536,0.6987430780540178
1716,0.06444341689348221,0.9989856481552124,0.8734466433525085,0.8785496950149536,1.397572628465075
1717,0.0592878982424736,0.9994083046913147,0.8762363791465759,0.8762677311897278,1.3897413846517426
1718,0.05011687055230141,0.9993237257003784,0.8754755854606628,0.8770284056663513,0.6260932517183032
1719,0.04831124097108841,0.9990701675415039,0.8767436146736145,0.8729715943336487,0.8247281481703785
1720,0.05901416018605232,0.9997463822364807,0.8775044679641724,0.877281904220581,0.968035672828649
1721,0.05226028338074684,0.9996618628501892,0.8792797923088074,0.8788032531738281,0.4998131544677303
1722,0.05208025500178337,0.9999154806137085,0.880547821521759,0.882860004901886,0.4877025234650124
1723,0.05100393295288086,0.9999154806137085,0.8792797923088074,0.8803245425224304,0.40959735202726444
1724,0.05439026281237602,0.9996618628501892,0.8785189390182495,0.8805781006813049,0.7706887625688832
1725,0.052493974566459656,0.9996618628501892,0.8820695281028748,0.883367121219635,0.7996449397726715
1726,0.047711923718452454,0.9994083046913147,0.8792797923088074,0.883367121219635,0.38880231887795835
1727,0.055519137531518936,0.9996618628501892,0.8802942037582397,0.8820993900299072,0.6441951546966947
1728,0.05278649553656578,0.999830961227417,0.8800405859947205,0.8810851573944092,0.520834812612481
1729,0.04903574660420418,1.0,0.8787725567817688,0.8798174262046814,0.4264420613388793
1730,0.05047136917710304,0.9997463822364807,0.8802942037582397,0.8793103098869324,0.5062133773123946
1731,0.05786902457475662,0.999830961227417,0.8762363791465759,0.8782961368560791,0.8552432836568422
1732,0.051567044109106064,0.9996618628501892,0.8795334100723267,0.8790567517280579,0.7434084316192239
1733,0.05324117839336395,0.9996618628501892,0.8825767636299133,0.8767748475074768,0.5869802981462162
1734,0.05229576304554939,0.9997463822364807,0.8800405859947205,0.8800709843635559,0.43896343356530204
1735,0.05462745949625969,0.9996618628501892,0.8833376169204712,0.8813387155532837,0.4173314169738493
1736,0.0539156049489975,0.9987320303916931,0.8767436146736145,0.8737322092056274,0.45502031066287574
1737,0.06433439999818802,0.9987320303916931,0.8719249367713928,0.8729715943336487,1.4048134196823148
1738,0.0860920399427414,0.9971259236335754,0.8754755854606628,0.8719573616981506,2.274652864060027
1739,0.06737587600946426,0.9989856481552124,0.8782653212547302,0.8755070567131042,2.094548746030577
1740,0.06048998981714249,0.9997463822364807,0.8833376169204712,0.8762677311897278,1.4873708652839637
1741,0.060676366090774536,0.9996618628501892,0.880547821521759,0.8798174262046814,0.969047408439369
1742,0.060003750026226044,0.9997463822364807,0.8800405859947205,0.8795638680458069,0.7421466196657392
1743,0.05673252418637276,0.9994928240776062,0.8780117034912109,0.874492883682251,0.8553594662896178
1744,0.05976147577166557,0.9997463822364807,0.880547821521759,0.8757606148719788,1.058096667910187
1745,0.05406169965863228,0.9994928240776062,0.880547821521759,0.8752535581588745,0.615792038989328
1746,0.055461734533309937,0.9992392063140869,0.8818159103393555,0.8765212893486023,0.8696019664157993
1747,0.05454973503947258,0.999830961227417,0.8835912346839905,0.877281904220581,0.9575003869000553
1748,0.054453831166028976,0.9999154806137085,0.882323145866394,0.874492883682251,0.452855703768588
1749,0.05448053777217865,0.9999154806137085,0.8808014392852783,0.8734787106513977,0.6413665992796639
1750,0.04679178074002266,0.9999154806137085,0.8818159103393555,0.8757606148719788,0.40286917625158525
1751,0.054071396589279175,0.9999154806137085,0.8833376169204712,0.8770284056663513,0.45865813271801426
1752,0.05609181523323059,0.9999154806137085,0.8830839991569519,0.8762677311897278,0.4957247711604116
1753,0.04810871556401253,0.999830961227417,0.882323145866394,0.8760141730308533,0.42997991236865013
1754,0.05417998135089874,0.999830961227417,0.8825767636299133,0.8747464418411255,0.46940107352479754
1755,0.056032925844192505,0.999830961227417,0.8810550570487976,0.8782961368560791,0.5270145049063211
1756,0.05274174362421036,0.999830961227417,0.8815622925758362,0.8762677311897278,0.6058689732598016
1757,0.05634745955467224,0.999830961227417,0.880547821521759,0.8785496950149536,0.858304597080149
1758,0.05943283066153526,0.9994928240776062,0.8820695281028748,0.8752535581588745,0.9202842783558203
1759,0.05722377076745033,0.9997463822364807,0.8815622925758362,0.8760141730308533,0.7666481174676644
1760,0.056409675627946854,0.9995773434638977,0.8800405859947205,0.8777890205383301,0.43166679965182647
1761,0.05632559582591057,0.9999154806137085,0.8810550570487976,0.877281904220581,0.66598941866216
1762,0.05337119475007057,0.9999154806137085,0.8802942037582397,0.8800709843635559,0.6646036783709899
1763,0.058546461164951324,0.999830961227417,0.8833376169204712,0.8780425786972046,0.4691400393761287
1764,0.05465022847056389,0.999830961227417,0.8828303813934326,0.8793103098869324,0.3619892243859422
1765,0.05293780937790871,0.9999154806137085,0.8825767636299133,0.8808315992355347,0.5420550265595336
1766,0.058617737144231796,1.0,0.8797869682312012,0.8808315992355347,0.7831401527949199
1767,0.05416339263319969,0.9996618628501892,0.8813086748123169,0.8788032531738281,0.7750373303677633
1768,0.05360019579529762,0.9995773434638977,0.8820695281028748,0.8818458318710327,0.6673144601581963
1769,0.05939340963959694,0.9993237257003784,0.8785189390182495,0.8793103098869324,0.8189888984221805
1770,0.060467224568128586,0.9997463822364807,0.8802942037582397,0.877281904220581,0.8144588437516751
1771,0.05879373848438263,0.9994083046913147,0.8800405859947205,0.8805781006813049,0.7644943201875413
1772,0.06103062629699707,0.9997463822364807,0.8833376169204712,0.8818458318710327,0.867266209282354
1773,0.05848873034119606,0.9994928240776062,0.8785189390182495,0.8795638680458069,0.473176747648992
1774,0.053954605013132095,0.9999154806137085,0.8808014392852783,0.8823529481887817,0.7336123644538839
1775,0.053885482251644135,0.9994083046913147,0.8828303813934326,0.8818458318710327,0.7123241967480967
1776,0.05183390900492668,0.9995773434638977,0.8802942037582397,0.8846348524093628,0.5391902304030132
1777,0.053006645292043686,0.9997463822364807,0.8795334100723267,0.8831135630607605,0.4868473729401173
1778,0.05256044864654541,0.9996618628501892,0.8787725567817688,0.8810851573944092,0.6319171388777423
1779,0.05390859395265579,0.9996618628501892,0.8782653212547302,0.8820993900299072,0.5861635345284073
1780,0.053328465670347214,0.9994928240776062,0.8792797923088074,0.8798174262046814,0.5044832938367608
1781,0.05631493404507637,0.9991546869277954,0.8813086748123169,0.8813387155532837,0.8597044989522266
1782,0.053920309990644455,0.9991546869277954,0.8795334100723267,0.8808315992355347,0.5962879116189549
1783,0.05730871111154556,0.9997463822364807,0.880547821521759,0.8808315992355347,0.7111702263692551
1784,0.05102298781275749,0.9996618628501892,0.8825767636299133,0.8805781006813049,0.5000618172037893
1785,0.05361001193523407,0.9994928240776062,0.8840984106063843,0.8803245425224304,0.5190495084007251
1786,0.0516631118953228,0.9994083046913147,0.8820695281028748,0.8793103098869324,0.6993215966451973
1787,0.055165354162454605,0.9996618628501892,0.8795334100723267,0.8790567517280579,0.5511397873999349
1788,0.05577300861477852,0.9994083046913147,0.8790261745452881,0.8785496950149536,0.5605960498567172
1789,0.05627306178212166,0.9994083046913147,0.8802942037582397,0.8775354623794556,0.8207493955755635
1790,0.05442269518971443,0.9997463822364807,0.8802942037582397,0.8798174262046814,0.8503100348267948
1791,0.055197615176439285,0.999830961227417,0.8835912346839905,0.8793103098869324,0.492403796048426
1792,0.05736127495765686,0.9992392063140869,0.880547821521759,0.8785496950149536,0.6395689584787443
1793,0.05775215104222298,0.9994928240776062,0.8785189390182495,0.8805781006813049,1.2317484715095857
1794,0.060976792126894,0.999830961227417,0.8800405859947205,0.8757606148719788,1.3232469346165403
1795,0.057968758046627045,0.9995773434638977,0.8780117034912109,0.877281904220581,0.6445424785071125
1796,0.05335512384772301,0.9996618628501892,0.8792797923088074,0.8788032531738281,0.8656441047575677
1797,0.060656819492578506,0.9997463822364807,0.8800405859947205,0.8793103098869324,1.2889539379631694
1798,0.06021502614021301,0.9997463822364807,0.8815622925758362,0.8795638680458069,0.941188699771705
1799,0.054676346480846405,0.9994928240776062,0.882323145866394,0.8815922737121582,0.6054122521266734
1800,0.060044705867767334,0.9987320303916931,0.8813086748123169,0.8757606148719788,1.0291850271054948
1801,0.05969597399234772,0.9997463822364807,0.8800405859947205,0.8782961368560791,1.1439565469996416
1802,0.06169554218649864,0.999830961227417,0.8825767636299133,0.8788032531738281,0.6343111102876924
1803,0.05506492778658867,0.9995773434638977,0.8820695281028748,0.8818458318710327,0.5705803466238705
1804,0.05568017438054085,0.9997463822364807,0.8813086748123169,0.8810851573944092,0.7793113145255729
1805,0.05484200268983841,0.9994928240776062,0.8813086748123169,0.8805781006813049,0.44923089699613944
1806,0.06092502921819687,0.9983093738555908,0.8792797923088074,0.8810851573944092,0.8792608360392654
1807,0.06537851691246033,0.9989010691642761,0.8797869682312012,0.8800709843635559,1.8375042007424602
1808,0.07096128910779953,0.9986475110054016,0.8780117034912109,0.877281904220581,1.987930167033452
1809,0.07178286463022232,0.9999154806137085,0.880547821521759,0.8813387155532837,1.630175668718512
1810,0.05830780789256096,0.9997463822364807,0.8802942037582397,0.8790567517280579,0.5118644087193718
1811,0.059541184455156326,0.9995773434638977,0.8815622925758362,0.8788032531738281,0.8804163829950743
1812,0.06416106224060059,0.9997463822364807,0.8795334100723267,0.8780425786972046,0.9833697725456205
1813,0.061219021677970886,0.9997463822364807,0.880547821521759,0.8790567517280579,0.5991672981921379
1814,0.05844438821077347,0.9995773434638977,0.880547821521759,0.8788032531738281,0.5383811663914485
1815,0.061766088008880615,0.9997463822364807,0.8808014392852783,0.8810851573944092,0.9166943248885928
1816,0.05459369346499443,0.9994083046913147,0.8785189390182495,0.8798174262046814,0.6168423418529024
1817,0.0598590187728405,0.9991546869277954,0.8810550570487976,0.8823529481887817,0.7930879833621111
1818,0.05669282749295235,0.9994928240776062,0.8825767636299133,0.8823529481887817,0.7246730345530938
1819,0.057425495237112045,0.999830961227417,0.8828303813934326,0.8813387155532837,0.5803268578134779
1820,0.05829320847988129,0.9999154806137085,0.8846056461334229,0.8798174262046814,0.43023978332840696
1821,0.05665445327758789,0.9995773434638977,0.8813086748123169,0.8785496950149536,0.44946737373252976
1822,0.051859427243471146,0.9997463822364807,0.8820695281028748,0.8777890205383301,0.5886157188156285
1823,0.06204405799508095,0.9991546869277954,0.8792797923088074,0.8826064467430115,0.7924270405569869
1824,0.06065855920314789,0.9995773434638977,0.8815622925758362,0.8800709843635559,1.2305978011489633
1825,0.06338443607091904,0.9996618628501892,0.8813086748123169,0.8815922737121582,1.2610223403563172
1826,0.059922706335783005,0.999830961227417,0.882323145866394,0.8818458318710327,0.8924744761888568
1827,0.057293180376291275,0.9996618628501892,0.8775044679641724,0.8790567517280579,0.6988018988394171
1828,0.061328377574682236,0.9994083046913147,0.8772508502006531,0.8798174262046814,1.1745391587471925
1829,0.056700386106967926,0.9994928240776062,0.8787725567817688,0.8780425786972046,0.7474085466031275
1830,0.055458564311265945,0.9989010691642761,0.8764899969100952,0.8775354623794556,0.9230502005412677
1831,0.06356184184551239,0.9994083046913147,0.8769972324371338,0.8782961368560791,1.6651282523443462
1832,0.05772632360458374,0.999830961227417,0.8828303813934326,0.8826064467430115,1.4456672631364258
1833,0.047945983707904816,0.9994928240776062,0.8792797923088074,0.8788032531738281,0.4586568791860364
1834,0.06311079859733582,0.997802197933197,0.8769972324371338,0.8770284056663513,1.4530000121566387
1835,0.07213357836008072,0.9996618628501892,0.8769972324371338,0.8790567517280579,2.140739074703411
1836,0.06003464758396149,0.9996618628501892,0.8775044679641724,0.8803245425224304,1.367921473445894
1837,0.0512089766561985,0.9993237257003784,0.8810550570487976,0.8800709843635559,0.5597472900239877
1838,0.06367177516222,0.9994928240776062,0.8752219676971436,0.8777890205383301,1.7112490847535227
1839,0.06659771502017975,0.9994083046913147,0.8802942037582397,0.8841277956962585,1.7669740797582565
1840,0.0586642250418663,0.9995773434638977,0.8813086748123169,0.883874237537384,0.7709569019449808
1841,0.05330655723810196,0.9994083046913147,0.8744611144065857,0.8803245425224304,0.9606641989996801
1842,0.05966101214289665,1.0,0.8818159103393555,0.8848884105682373,1.4357821390358882
1843,0.05819636583328247,0.9986475110054016,0.8797869682312012,0.8788032531738281,0.5094022742570165
1844,0.06845851987600327,0.9987320303916931,0.8706569075584412,0.8737322092056274,1.749503466398431
1845,0.07710243761539459,0.9994928240776062,0.8820695281028748,0.8818458318710327,2.229850037848272
1846,0.0589929036796093,0.9992392063140869,0.8785189390182495,0.8757606148719788,1.0177954647634817
1847,0.06779493391513824,0.9992392063140869,0.8731930255889893,0.8760141730308533,1.4091214625449155
1848,0.0635082796216011,0.9996618628501892,0.8813086748123169,0.8803245425224304,1.818825794062979
1849,0.05856155604124069,0.9987320303916931,0.8749683499336243,0.877281904220581,0.6910050470018786
1850,0.06918087601661682,0.9994928240776062,0.87293940782547,0.8780425786972046,1.665796134963208
1851,0.06449611485004425,0.9994083046913147,0.8800405859947205,0.8793103098869324,1.3156434929707275
1852,0.06253328174352646,0.9977176785469055,0.8737002611160278,0.8793103098869324,0.8540791625054289
1853,0.07854975759983063,0.9989856481552124,0.8731930255889893,0.8762677311897278,2.1095018170595115
1854,0.06054094806313515,0.9994928240776062,0.8777580857276917,0.8765212893486023,1.3391637849443885
1855,0.05834491550922394,0.9965342283248901,0.8775044679641724,0.8752535581588745,0.9743216457486957
1856,0.08012235164642334,0.9989856481552124,0.8749683499336243,0.8790567517280579,2.3890771272668903
1857,0.07693791389465332,0.9993237257003784,0.8818159103393555,0.8800709843635559,1.6779975530133335
1858,0.05897669866681099,0.9980557560920715,0.8792797923088074,0.8785496950149536,0.6560103161047401
1859,0.06539218872785568,0.9990701675415039,0.8772508502006531,0.8790567517280579,1.4556814154967508
1860,0.05781352147459984,0.9996618628501892,0.8782653212547302,0.8767748475074768,0.9154057990614535
1861,0.06059898063540459,0.9987320303916931,0.8782653212547302,0.8795638680458069,0.7694702081159472
1862,0.0710822269320488,0.9995773434638977,0.8800405859947205,0.8775354623794556,1.461030032538541
1863,0.05505144223570824,0.9990701675415039,0.8711641430854797,0.8757606148719788,0.4058862796803161
1864,0.06564261764287949,0.9977176785469055,0.8764899969100952,0.8790567517280579,1.506007090976944
1865,0.0721416026353836,0.9996618628501892,0.8782653212547302,0.8782961368560791,1.9546707983959961
1866,0.060932207852602005,0.9996618628501892,0.8818159103393555,0.8790567517280579,0.9917873933942286
1867,0.05616115778684616,0.9992392063140869,0.8815622925758362,0.8790567517280579,0.6320628050143127
1868,0.06456882506608963,0.9995773434638977,0.8808014392852783,0.875,1.471777307138486
1869,0.057637520134449005,0.9995773434638977,0.8833376169204712,0.8777890205383301,0.9773284257333948
1870,0.05422604829072952,0.9994928240776062,0.8830839991569519,0.8826064467430115,0.5405434131077819
1871,0.06242670118808746,0.9994928240776062,0.8795334100723267,0.8767748475074768,1.2130969562166458
1872,0.05168035998940468,0.9996618628501892,0.8813086748123169,0.8790567517280579,0.8038095230719399
1873,0.05310340225696564,0.9985629916191101,0.8830839991569519,0.8777890205383301,0.6075024627671249
1874,0.06317035853862762,0.999830961227417,0.8800405859947205,0.8782961368560791,1.4950562840944641
1875,0.06662826985120773,0.999830961227417,0.8848592638969421,0.8808315992355347,1.2147637954760069
1876,0.05246134102344513,0.9994083046913147,0.8833376169204712,0.8810851573944092,0.40179674402652404
1877,0.056815795600414276,0.9997463822364807,0.8835912346839905,0.8808315992355347,1.0659294607325078
1878,0.057573847472667694,0.9996618628501892,0.8835912346839905,0.8826064467430115,0.8241993880264675
1879,0.050382133573293686,0.9994928240776062,0.882323145866394,0.8853955268859863,0.38698408165653225
1880,0.05603812262415886,0.9995773434638977,0.8835912346839905,0.8853955268859863,0.7281975490926824
1881,0.05589163675904274,0.999830961227417,0.8820695281028748,0.8848884105682373,0.5334616219709148
1882,0.052035141736269,0.999830961227417,0.8830839991569519,0.8831135630607605,0.45945710048873073
1883,0.05406983941793442,0.9999154806137085,0.8797869682312012,0.882860004901886,0.5408517701940279
1884,0.05440179631114006,0.9999154806137085,0.8797869682312012,0.8808315992355347,0.4663611547898755
1885,0.04816973954439163,0.9999154806137085,0.8815622925758362,0.8826064467430115,0.326881230480843
1886,0.0496792308986187,0.9999154806137085,0.880547821521759,0.882860004901886,0.5601974057101652
1887,0.05022130161523819,0.9999154806137085,0.8810550570487976,0.8818458318710327,0.5070357188110144
1888,0.04997360333800316,0.9999154806137085,0.8815622925758362,0.8788032531738281,0.40709128063935673
1889,0.055120520293712616,0.9999154806137085,0.8830839991569519,0.8765212893486023,0.49430874040833755
1890,0.04829242452979088,0.999830961227417,0.8820695281028748,0.8765212893486023,0.4167838792186487
1891,0.050301872193813324,0.999830961227417,0.880547821521759,0.877281904220581,0.4821076370100385
1892,0.052677642554044724,1.0,0.8795334100723267,0.8793103098869324,0.49107284589899597
1893,0.049169108271598816,0.9999154806137085,0.8818159103393555,0.8808315992355347,0.4179709959964015
1894,0.04782869666814804,0.9999154806137085,0.8830839991569519,0.8793103098869324,0.3911800336919957
1895,0.05139670893549919,0.9999154806137085,0.8808014392852783,0.8785496950149536,0.4947756019935809
1896,0.05213817209005356,0.9999154806137085,0.8795334100723267,0.8777890205383301,0.46165223593133703
1897,0.04805516451597214,0.9994928240776062,0.8785189390182495,0.8800709843635559,0.5630335453132638
1898,0.05302494019269943,0.9999154806137085,0.8775044679641724,0.8755070567131042,0.9512231224839701
1899,0.04966650903224945,0.9997463822364807,0.8764899969100952,0.8777890205383301,0.8081924337300014
1900,0.05118123069405556,0.999830961227417,0.8775044679641724,0.8770284056663513,0.5312313642456815
1901,0.05064765736460686,0.9999154806137085,0.8795334100723267,0.8760141730308533,0.5882687916184411
1902,0.048335880041122437,0.999830961227417,0.8795334100723267,0.8752535581588745,0.5828896692340939
1903,0.05374791845679283,0.9996618628501892,0.8782653212547302,0.8790567517280579,0.8568399485051567
1904,0.05480460077524185,0.999830961227417,0.8777580857276917,0.8795638680458069,0.7544790895688132
1905,0.05246688425540924,0.9994083046913147,0.8785189390182495,0.8729715943336487,0.47895954403505486
1906,0.05870330333709717,0.9993237257003784,0.8785189390182495,0.877281904220581,0.9708612006093528
1907,0.0535372830927372,0.999830961227417,0.8785189390182495,0.8770284056663513,0.7479774441285807
1908,0.050625029951334,0.9995773434638977,0.880547821521759,0.8777890205383301,0.47514381414686513
1909,0.05594590678811073,0.9996618628501892,0.8830839991569519,0.877281904220581,0.7422896221753483
1910,0.056007612496614456,0.9999154806137085,0.8815622925758362,0.8788032531738281,0.6330800909634899
1911,0.05003919452428818,0.9996618628501892,0.8833376169204712,0.877281904220581,0.5548625976210251
1912,0.05271216481924057,0.9996618628501892,0.8825767636299133,0.8803245425224304,0.975191292449404
1913,0.05375077947974205,0.999830961227417,0.882323145866394,0.8775354623794556,0.8371797127509017
1914,0.05099685490131378,0.999830961227417,0.8843520283699036,0.8805781006813049,0.4679331319261913
1915,0.04933176934719086,0.9997463822364807,0.8818159103393555,0.8775354623794556,0.4016689514669141
1916,0.05210273712873459,0.999830961227417,0.8800405859947205,0.8813387155532837,0.5572910904580348
1917,0.05430865287780762,0.999830961227417,0.8802942037582397,0.8800709843635559,0.49117889560154526
1918,0.04952750727534294,0.999830961227417,0.8833376169204712,0.877281904220581,0.43010514525429017
1919,0.05494651943445206,0.9999154806137085,0.8846056461334229,0.8788032531738281,0.506192482317198
1920,0.049145858734846115,0.999830961227417,0.8818159103393555,0.8770284056663513,0.4154564960687
1921,0.05621011182665825,0.999830961227417,0.8820695281028748,0.8782961368560791,0.5549737097433016
1922,0.0536954291164875,0.999830961227417,0.882323145866394,0.8782961368560791,0.3878780717141465
1923,0.05180284380912781,0.999830961227417,0.8802942037582397,0.8800709843635559,0.5970748781589724
1924,0.049364883452653885,0.9994928240776062,0.8790261745452881,0.8780425786972046,0.4423912437748604
1925,0.047134824097156525,0.9995773434638977,0.8749683499336243,0.8788032531738281,0.7247127108646687
1926,0.0549125000834465,0.9989010691642761,0.8790261745452881,0.8765212893486023,1.3265479627090444
1927,0.05763578042387962,0.9995773434638977,0.8754755854606628,0.8782961368560791,1.5135642122811588
1928,0.051650311797857285,0.9997463822364807,0.8777580857276917,0.8798174262046814,1.0578332032692286
1929,0.04819905012845993,0.999830961227417,0.8797869682312012,0.8805781006813049,0.5729465610166515
1930,0.04933654144406319,0.999830961227417,0.8780117034912109,0.8818458318710327,0.5710921195405416
1931,0.05259840562939644,0.9999154806137085,0.8820695281028748,0.8815922737121582,0.6941940467539749
1932,0.05489077791571617,0.9997463822364807,0.8815622925758362,0.883367121219635,0.5168557736814041
1933,0.04919916391372681,0.999830961227417,0.8787725567817688,0.8820993900299072,0.589631866001911
1934,0.052488554269075394,0.9995773434638977,0.8777580857276917,0.8800709843635559,0.9164586188152335
1935,0.05599556118249893,0.9997463822364807,0.8769972324371338,0.883367121219635,1.1686701593050597
1936,0.05088692530989647,0.999830961227417,0.8782653212547302,0.8836206793785095,0.6936734605957297
1937,0.04903123155236244,0.9999154806137085,0.8790261745452881,0.8803245425224304,0.48923405397720704
1938,0.05061755329370499,0.9997463822364807,0.8762363791465759,0.8793103098869324,0.8849891110632627
1939,0.05875116214156151,0.999830961227417,0.8785189390182495,0.8815922737121582,1.0459785722836958
1940,0.05358722060918808,0.9994928240776062,0.8769972324371338,0.8808315992355347,0.4255322852516723
1941,0.0578337162733078,0.9991546869277954,0.8810550570487976,0.8798174262046814,1.076247304542829
1942,0.056746575981378555,0.9996618628501892,0.8787725567817688,0.8846348524093628,1.2087276490553989
1943,0.04979822412133217,0.9995773434638977,0.8764899969100952,0.883367121219635,0.589554579733811
1944,0.047636426985263824,0.9994928240776062,0.8782653212547302,0.8770284056663513,0.8213926819427521
1945,0.058346811681985855,0.9995773434638977,0.8759827613830566,0.8793103098869324,1.2694396866162578
1946,0.054092101752758026,0.9999154806137085,0.8757292032241821,0.8767748475074768,0.8024553267231375
1947,0.054168879985809326,0.9995773434638977,0.8762363791465759,0.8790567517280579,0.6514908227829478
1948,0.05437057092785835,0.9993237257003784,0.8769972324371338,0.8795638680458069,1.0028440057615107
1949,0.049611251801252365,0.9996618628501892,0.8795334100723267,0.8808315992355347,0.8810440451398683
1950,0.047576043754816055,0.9996618628501892,0.880547821521759,0.8803245425224304,0.3986250703327932
1951,0.05448091775178909,0.999830961227417,0.8813086748123169,0.8790567517280579,0.5521251322007237
1952,0.047777846455574036,0.9999154806137085,0.880547821521759,0.8813387155532837,0.6604303642172173
1953,0.048026904463768005,0.9999154806137085,0.8808014392852783,0.883874237537384,0.4095868619383828
1954,0.05121246725320816,0.999830961227417,0.8780117034912109,0.8790567517280579,0.483375196809985
1955,0.05043195188045502,0.9997463822364807,0.880547821521759,0.8788032531738281,0.5838599186026443
1956,0.05031124874949455,0.9997463822364807,0.8815622925758362,0.8803245425224304,0.5794089871827994
1957,0.0519457682967186,0.9997463822364807,0.8815622925758362,0.8795638680458069,0.4905203924581761
1958,0.046429261565208435,0.9997463822364807,0.8815622925758362,0.8747464418411255,0.474960180269028
1959,0.0522804819047451,0.9997463822364807,0.8828303813934326,0.8790567517280579,0.913677055902453
1960,0.05037708207964897,0.9997463822364807,0.8833376169204712,0.8793103098869324,0.7048754250357678
1961,0.05253443121910095,0.9994083046913147,0.8790261745452881,0.8762677311897278,0.7188007092897267
1962,0.05916139855980873,0.9997463822364807,0.8815622925758362,0.8790567517280579,1.2158215413724096
1963,0.05374191328883171,0.9995773434638977,0.882323145866394,0.8788032531738281,0.7296182644986182
1964,0.04851580783724785,0.9991546869277954,0.8833376169204712,0.8757606148719788,0.8281364548370022
1965,0.05955217406153679,0.9989856481552124,0.8802942037582397,0.8795638680458069,1.3883712538530306
1966,0.05657047778367996,0.9997463822364807,0.8810550570487976,0.8841277956962585,1.1368107160290122
1967,0.050790321081876755,0.9997463822364807,0.8820695281028748,0.8798174262046814,0.6720923670217044
1968,0.04933668300509453,0.9990701675415039,0.8792797923088074,0.8782961368560791,0.6363523407138071
1969,0.05310393497347832,0.9994928240776062,0.8813086748123169,0.8803245425224304,0.9762818804347811
1970,0.05512195825576782,0.9996618628501892,0.8785189390182495,0.8757606148719788,0.6322557663321937
1971,0.054108161479234695,0.9995773434638977,0.8787725567817688,0.8752535581588745,0.7055118804334001
1972,0.05799887701869011,0.9995773434638977,0.8810550570487976,0.8757606148719788,0.7607293745215247
1973,0.05699940770864487,0.9995773434638977,0.8818159103393555,0.8800709843635559,0.5391562100018751
1974,0.052343036979436874,0.999830961227417,0.8851128816604614,0.8793103098869324,0.6518104069572332
1975,0.05300144478678703,0.9996618628501892,0.8825767636299133,0.874492883682251,0.5055243252570347
1976,0.05625278502702713,0.9997463822364807,0.8843520283699036,0.8798174262046814,0.9681696097505382
1977,0.06015786901116371,0.999830961227417,0.8800405859947205,0.8808315992355347,0.7500489734635455
1978,0.05893363803625107,0.9996618628501892,0.8853664994239807,0.8767748475074768,0.677629234484927
1979,0.052343111485242844,0.9994083046913147,0.8866345882415771,0.8788032531738281,0.6055975571632932
1980,0.0503423810005188,0.9994928240776062,0.8813086748123169,0.8788032531738281,0.4027120812687164
1981,0.0610356479883194,0.999830961227417,0.8843520283699036,0.8777890205383301,0.7269330140848456
1982,0.05869881436228752,0.9996618628501892,0.8808014392852783,0.8793103098869324,0.7801840649846093
1983,0.059379395097494125,1.0,0.8840984106063843,0.8793103098869324,0.9548540799434342
1984,0.057654231786727905,1.0,0.8835912346839905,0.8782961368560791,0.7285495321527878
1985,0.06018948554992676,0.9996618628501892,0.8825767636299133,0.877281904220581,0.49423002678319033
1986,0.06064571812748909,0.9994928240776062,0.8792797923088074,0.8805781006813049,1.0482576783520174
1987,0.06018062308430672,0.9995773434638977,0.8810550570487976,0.8788032531738281,0.8217128949268695
1988,0.0609508641064167,0.9996618628501892,0.8815622925758362,0.8785496950149536,0.5010808917222418
1989,0.05361952260136604,0.999830961227417,0.8820695281028748,0.8793103098869324,0.5704684419740742
1990,0.0544707365334034,0.9995773434638977,0.8797869682312012,0.8757606148719788,0.6860692147712965
1991,0.05853630229830742,0.9997463822364807,0.8825767636299133,0.8803245425224304,0.8642184460883292
1992,0.05294782668352127,0.9999154806137085,0.8808014392852783,0.8788032531738281,0.6937802502629168
1993,0.05522635951638222,0.9997463822364807,0.8782653212547302,0.8757606148719788,0.45976998564145943
1994,0.05595609173178673,0.9995773434638977,0.8719249367713928,0.8790567517280579,1.0130170170670985
1995,0.06133003532886505,0.9989856481552124,0.8769972324371338,0.8775354623794556,1.4039524821211014
1996,0.06794296205043793,0.9995773434638977,0.8752219676971436,0.8770284056663513,1.7290438206010301
1997,0.06335727125406265,0.9995773434638977,0.8800405859947205,0.8795638680458069,1.5032107586201788
1998,0.05555238202214241,0.9999154806137085,0.8815622925758362,0.8836206793785095,1.111591761370117
1999,0.05407988652586937,0.999830961227417,0.8797869682312012,0.8826064467430115,0.42730427060345666
2000,0.05618491396307945,0.9994928240776062,0.8800405859947205,0.8785496950149536,0.7620479780098521
2001,0.05897508189082146,0.999830961227417,0.8797869682312012,0.8823529481887817,1.057242949718144
2002,0.057308174669742584,1.0,0.8777580857276917,0.8820993900299072,0.7519409863435448
2003,0.049526434391736984,0.9996618628501892,0.8759827613830566,0.8813387155532837,0.3636341186679174
2004,0.05644584819674492,0.9995773434638977,0.874714732170105,0.8795638680458069,0.8148360754688491
2005,0.06758881360292435,0.9992392063140869,0.8737002611160278,0.875,1.312449295768513
2006,0.06165691465139389,0.999830961227417,0.8749683499336243,0.8777890205383301,1.36988616350955
2007,0.0577448308467865,0.9997463822364807,0.8749683499336243,0.877281904220581,0.6598998704590296
2008,0.05588391423225403,0.9990701675415039,0.8731930255889893,0.8770284056663513,0.8563569921320917
2009,0.06483665853738785,0.9991546869277954,0.8716713786125183,0.8747464418411255,1.560685558038596
2010,0.064714215695858,0.9995773434638977,0.8739538788795471,0.8800709843635559,1.6381841317284662
2011,0.0546971894800663,0.9996618628501892,0.8754755854606628,0.8803245425224304,0.9423024969568762
2012,0.05875830352306366,0.9988165497779846,0.8721785545349121,0.8747464418411255,1.0289356656536492
2013,0.06647782027721405,0.9994083046913147,0.8726857900619507,0.875,1.7952123051966624
2014,0.06059439852833748,0.9995773434638977,0.8749683499336243,0.8775354623794556,1.5544372105263393
2015,0.060895565897226334,0.9994083046913147,0.8787725567817688,0.8757606148719788,0.8509841122750914
2016,0.05972195789217949,0.9988165497779846,0.874714732170105,0.874492883682251,0.8400614154303504
2017,0.06876008957624435,0.9994083046913147,0.8757292032241821,0.875,1.3808006897449248
2018,0.06707338243722916,0.9996618628501892,0.8764899969100952,0.8752535581588745,1.1234029778108474
2019,0.057205382734537125,0.9992392063140869,0.8764899969100952,0.877281904220581,0.5327667077216699
2020,0.0603882260620594,0.9989856481552124,0.874714732170105,0.873985767364502,1.0427152423813602
2021,0.06993749737739563,0.9993237257003784,0.8759827613830566,0.8815922737121582,1.153691207333908
2022,0.060868263244628906,0.9993237257003784,0.874714732170105,0.8790567517280579,0.6827979594751542
2023,0.06273956596851349,0.9996618628501892,0.8754755854606628,0.8757606148719788,0.9121402172976469
2024,0.0526391863822937,0.999830961227417,0.8767436146736145,0.875,0.723109390303777
2025,0.05932141840457916,0.9997463822364807,0.874714732170105,0.8732251524925232,0.7226997774326067
2026,0.05801250413060188,0.9990701675415039,0.8767436146736145,0.875,0.8107968105945366
2027,0.0593855045735836,0.9997463822364807,0.8767436146736145,0.8747464418411255,1.086553988620465
2028,0.05648777261376381,0.9995773434638977,0.8782653212547302,0.8760141730308533,0.5906446320883015
2029,0.059719715267419815,0.9994928240776062,0.8737002611160278,0.8765212893486023,1.1179271336427727
2030,0.07029855996370316,0.9994083046913147,0.8815622925758362,0.8798174262046814,1.6883657064338484
2031,0.06205987557768822,0.9991546869277954,0.8808014392852783,0.8790567517280579,1.377508191952341
2032,0.053825005888938904,0.9994083046913147,0.8795334100723267,0.8767748475074768,0.570779007940588
2033,0.06051674485206604,0.9992392063140869,0.8818159103393555,0.8734787106513977,0.9457953464724124
2034,0.0648922249674797,0.9994083046913147,0.883844792842865,0.8770284056663513,1.1377638575673015
2035,0.05483999103307724,0.9994083046913147,0.8785189390182495,0.8782961368560791,0.3572299302710028
2036,0.05892658606171608,0.9995773434638977,0.8818159103393555,0.8762677311897278,0.8239903988385001
2037,0.05704503506422043,0.9997463822364807,0.8833376169204712,0.8788032531738281,0.5750607485019817
2038,0.05307717248797417,0.9997463822364807,0.880547821521759,0.8793103098869324,0.643083915320132
2039,0.05377477779984474,0.9996618628501892,0.8833376169204712,0.8815922737121582,0.8640768554608853
2040,0.06167656555771828,0.9994928240776062,0.8828303813934326,0.8795638680458069,0.8636056423172394
2041,0.0614306665956974,0.9999154806137085,0.8775044679641724,0.8752535581588745,0.9853372273420494
2042,0.058237913995981216,0.9996618628501892,0.8777580857276917,0.8767748475074768,1.1008369455725573
2043,0.05571414902806282,1.0,0.8777580857276917,0.8757606148719788,0.9254946339748231
2044,0.05173560231924057,0.999830961227417,0.8759827613830566,0.8765212893486023,0.49082354063135386
2045,0.06332419812679291,0.9993237257003784,0.8721785545349121,0.8795638680458069,1.1193969580299366
2046,0.06354528665542603,0.999830961227417,0.8767436146736145,0.8813387155532837,1.5706354009671506
2047,0.06722640246152878,0.9996618628501892,0.8759827613830566,0.8823529481887817,1.1340268177332873
2048,0.056016117334365845,0.9994928240776062,0.8757292032241821,0.8836206793785095,0.5210711181561989
2049,0.059197552502155304,0.9994083046913147,0.8757292032241821,0.8785496950149536,0.7175990869455332
2050,0.057943619787693024,0.9996618628501892,0.8754755854606628,0.8790567517280579,0.5482756503960898
2051,0.05309609696269035,0.9997463822364807,0.8749683499336243,0.8800709843635559,0.6839380112679391
2052,0.056376807391643524,0.999830961227417,0.8777580857276917,0.8826064467430115,0.7693993346497782
2053,0.05578102916479111,0.9996618628501892,0.8762363791465759,0.8782961368560791,0.4789430616584283
2054,0.05197317898273468,0.9995773434638977,0.8787725567817688,0.8803245425224304,0.6200453876846117
2055,0.054761361330747604,0.9995773434638977,0.8782653212547302,0.8820993900299072,0.7062686962423659
2056,0.0514855831861496,0.9993237257003784,0.8780117034912109,0.8815922737121582,0.4184307899713733
2057,0.05270553007721901,0.9994928240776062,0.8813086748123169,0.8798174262046814,0.5711179998931227
2058,0.057127997279167175,0.9997463822364807,0.880547821521759,0.8793103098869324,0.5005887173940909
2059,0.05040546879172325,0.999830961227417,0.8790261745452881,0.8803245425224304,0.5315683198048753
2060,0.05281677842140198,0.9997463822364807,0.8785189390182495,0.8798174262046814,0.5007740871257482
2061,0.054397184401750565,0.9995773434638977,0.880547821521759,0.8803245425224304,0.7206197222642883
2062,0.05288858711719513,0.9995773434638977,0.8813086748123169,0.8777890205383301,0.6257636489064181
2063,0.05355663225054741,0.9995773434638977,0.8833376169204712,0.8785496950149536,0.6602070801858206
2064,0.05457920581102371,0.9995773434638977,0.8833376169204712,0.8780425786972046,0.5192031299207955
2065,0.056406401097774506,0.9990701675415039,0.8749683499336243,0.8742393255233765,0.8662529564576578
2066,0.05784916132688522,0.999830961227417,0.8785189390182495,0.8805781006813049,1.339738434586865
2067,0.05594797804951668,0.9997463822364807,0.8785189390182495,0.8800709843635559,1.01969905259007
2068,0.05442972853779793,0.9996618628501892,0.8790261745452881,0.8788032531738281,0.517424829544983
2069,0.05878480523824692,0.9993237257003784,0.874714732170105,0.8775354623794556,1.0054750127502547
2070,0.056739456951618195,0.9996618628501892,0.8785189390182495,0.8813387155532837,1.3559772116184823
2071,0.05682506784796715,0.9996618628501892,0.8797869682312012,0.8831135630607605,0.6528575364909514
2072,0.04898566007614136,0.9994928240776062,0.8754755854606628,0.8815922737121582,0.7250194430313309
2073,0.05691653862595558,0.9995773434638977,0.8810550570487976,0.8818458318710327,0.8931235478780086
2074,0.0530516654253006,0.9990701675415039,0.8795334100723267,0.877281904220581,0.4380379777511635
2075,0.060033492743968964,0.9993237257003784,0.8737002611160278,0.8780425786972046,1.2456634942374973
2076,0.06425294280052185,0.9996618628501892,0.8810550570487976,0.8803245425224304,1.6435920293060609
2077,0.05712602660059929,0.9995773434638977,0.8795334100723267,0.8800709843635559,0.8973384503481459
2078,0.05486227199435234,0.9994083046913147,0.8704032897949219,0.8782961368560791,0.9892605969280918
2079,0.06897495687007904,0.9983938932418823,0.8777580857276917,0.8785496950149536,1.862106420926693
2080,0.06335774809122086,0.9997463822364807,0.880547821521759,0.8780425786972046,1.660942767715789
2081,0.04554108902812004,0.9995773434638977,0.8762363791465759,0.8795638680458069,0.5114098291532277
2082,0.06444955617189407,0.9983093738555908,0.8772508502006531,0.874492883682251,1.122943159097468
2083,0.06576509028673172,0.9996618628501892,0.874714732170105,0.8793103098869324,1.9699365621617573
2084,0.06339547783136368,0.999830961227417,0.8802942037582397,0.8815922737121582,1.3388634821923464
2085,0.05643054470419884,0.9982248544692993,0.8757292032241821,0.877281904220581,0.6120241289405992
2086,0.07080046832561493,0.9990701675415039,0.8704032897949219,0.8734787106513977,2.1947867463358564
2087,0.08189516514539719,0.9999154806137085,0.8797869682312012,0.8757606148719788,2.4181631636044045
2088,0.04996643215417862,0.9983938932418823,0.8764899969100952,0.8717038035392761,0.6949595124046007
2089,0.07132812589406967,0.9967032670974731,0.8683743476867676,0.8711967468261719,2.0396392167861555
2090,0.09580431133508682,0.9991546869277954,0.8787725567817688,0.874492883682251,3.0843079949247714
2091,0.05431485176086426,0.9977176785469055,0.8757292032241821,0.8727180361747742,1.234012734424953
2092,0.06958016008138657,0.9977176785469055,0.8706569075584412,0.8757606148719788,1.8028378885706204
2093,0.08799542486667633,0.9991546869277954,0.8782653212547302,0.8770284056663513,2.475149299772944
2094,0.05663178116083145,0.9988165497779846,0.874714732170105,0.8719573616981506,0.9976156725357223
2095,0.06408286839723587,0.9994928240776062,0.8721785545349121,0.8686612248420715,1.4579638047994048
2096,0.07155906409025192,0.9996618628501892,0.8780117034912109,0.8755070567131042,1.5120145393089932
2097,0.06036696210503578,0.9977176785469055,0.8752219676971436,0.8762677311897278,0.6705158615836726
2098,0.07003745436668396,0.9994928240776062,0.8785189390182495,0.8732251524925232,1.6790977189469
2099,0.05908989533782005,0.9994928240776062,0.8782653212547302,0.875,0.8602760926353679
2100,0.051755860447883606,0.9989856481552124,0.8782653212547302,0.875,1.0275769222355695
2101,0.06365140527486801,0.999830961227417,0.8795334100723267,0.8777890205383301,1.55229589535048
2102,0.0463557206094265,0.9992392063140869,0.8764899969100952,0.8760141730308533,0.47086371779501707
2103,0.05897488072514534,0.9961115717887878,0.8704032897949219,0.8729715943336487,1.1028181538203903
2104,0.08940423280000687,0.9925612807273865,0.8594979047775269,0.8592798709869385,2.801821434074648
2105,0.14036870002746582,0.9846153855323792,0.8594979047775269,0.8620689511299133,4.404003790425843
2106,0.1381843239068985,0.9990701675415039,0.8704032897949219,0.8765212893486023,4.901981425312891
2107,0.08429694175720215,0.9965342283248901,0.8681207299232483,0.8704360723495483,1.7165700167357119
2108,0.1056511402130127,0.9889264702796936,0.8564544916152954,0.8575050234794617,2.241460818783101
2109,0.12859196960926056,0.9985629916191101,0.871417760848999,0.8760141730308533,3.1178241084402996
2110,0.08468010276556015,0.9939982891082764,0.8612731695175171,0.8724644780158997,1.1431189398790849
2111,0.10293097048997879,0.9890955090522766,0.8709105253219604,0.8727180361747742,2.0460542658395346
2112,0.10343216359615326,0.9978867173194885,0.8744611144065857,0.8795638680458069,2.2987696984819697
2113,0.07959483563899994,0.9972950220108032,0.8721785545349121,0.877281904220581,0.7738254620488431
2114,0.08238626271486282,0.9986475110054016,0.8818159103393555,0.8810851573944092,1.5327503026537996
2115,0.07164018601179123,0.9977176785469055,0.8762363791465759,0.8775354623794556,0.6096236513127388
2116,0.08418458700180054,0.9988165497779846,0.880547821521759,0.8808315992355347,1.5494014038237593
2117,0.07682535797357559,0.9989856481552124,0.8752219676971436,0.8795638680458069,1.0272545801099782
2118,0.07088278234004974,0.9961960911750793,0.8734466433525085,0.8762677311897278,1.352569408347451
2119,0.08335790038108826,0.9983093738555908,0.8724321722984314,0.8793103098869324,1.8304365588563871
2120,0.07497543096542358,0.9989856481552124,0.8775044679641724,0.8808315992355347,0.9497333646613296
2121,0.07517464458942413,0.9992392063140869,0.8762363791465759,0.8808315992355347,1.4313984768238122
2122,0.06196729093790054,0.9981403350830078,0.8795334100723267,0.8770284056663513,0.6244912248840306
2123,0.07595891505479813,0.9989010691642761,0.8800405859947205,0.8851419687271118,1.3186314506057868
2124,0.07121893763542175,0.9993237257003784,0.8800405859947205,0.8836206793785095,1.1344072938166352
2125,0.06146952882409096,0.9987320303916931,0.8802942037582397,0.8775354623794556,0.6922063177544612
2126,0.0707906037569046,0.9992392063140869,0.8808014392852783,0.8843812942504883,1.2783078177412812
2127,0.06166871637105942,0.9992392063140869,0.8797869682312012,0.8803245425224304,0.5374790735627603
2128,0.06575991958379745,0.9996618628501892,0.8828303813934326,0.8820993900299072,0.7937045589965919
2129,0.060560401529073715,0.9989856481552124,0.8795334100723267,0.8815922737121582,0.516152633638914
2130,0.0639479011297226,0.9994083046913147,0.8800405859947205,0.8810851573944092,0.7884602139963749
2131,0.06437758356332779,0.9993237257003784,0.8797869682312012,0.8820993900299072,0.5647369266072331
2132,0.056283075362443924,0.9990701675415039,0.8802942037582397,0.8836206793785095,0.6701987358002525
2133,0.06145089864730835,0.9993237257003784,0.8800405859947205,0.8831135630607605,0.816125413680627
2134,0.05195439234375954,0.9992392063140869,0.8782653212547302,0.8813387155532837,0.4690678191152411
2135,0.055983833968639374,0.9997463822364807,0.8797869682312012,0.8831135630607605,0.742651066895559
2136,0.05334877222776413,0.9997463822364807,0.8795334100723267,0.8805781006813049,0.40755418733796733
2137,0.055457163602113724,0.9996618628501892,0.8790261745452881,0.8800709843635559,0.6037200371020995
2138,0.05173356458544731,0.9994928240776062,0.8797869682312012,0.8790567517280579,0.3791656897855391
2139,0.0588417649269104,0.9996618628501892,0.8797869682312012,0.8795638680458069,0.797627427019127
2140,0.052029285579919815,0.9994083046913147,0.8782653212547302,0.8810851573944092,0.416088359231803
2141,0.05954206362366676,0.9994083046913147,0.8792797923088074,0.8823529481887817,0.7904160156956054
2142,0.05421479046344757,0.9995773434638977,0.8787725567817688,0.8818458318710327,0.8686163662704119
2143,0.05082614719867706,0.9996618628501892,0.8790261745452881,0.8795638680458069,0.3930759857728023
2144,0.050814658403396606,0.9996618628501892,0.8777580857276917,0.8810851573944092,0.3957635279704539
2145,0.053367964923381805,0.9996618628501892,0.8782653212547302,0.8813387155532837,0.368914025883677
2146,0.04868849739432335,0.9994928240776062,0.8795334100723267,0.8782961368560791,0.4021191906797116
2147,0.05138866975903511,0.9996618628501892,0.8792797923088074,0.8780425786972046,0.3749627017670784
2148,0.04612811654806137,0.9999154806137085,0.8802942037582397,0.8785496950149536,0.39244524038808193
2149,0.051355719566345215,0.999830961227417,0.8790261745452881,0.8785496950149536,0.48798283115243724
2150,0.05006956309080124,0.9999154806137085,0.8772508502006531,0.8795638680458069,0.3603671137673735
2151,0.047584399580955505,0.9995773434638977,0.8785189390182495,0.877281904220581,0.39876317605880063
2152,0.052009858191013336,0.9996618628501892,0.8797869682312012,0.8795638680458069,0.519484760827651
2153,0.051741600036621094,0.9996618628501892,0.8813086748123169,0.8805781006813049,0.4322464966046948
2154,0.053033482283353806,0.9995773434638977,0.8802942037582397,0.8820993900299072,0.8159168765904626
2155,0.049024295061826706,0.9996618628501892,0.8800405859947205,0.8810851573944092,0.4753354232508921
2156,0.048405881971120834,0.9996618628501892,0.8813086748123169,0.8836206793785095,0.5232439454817016
2157,0.04762757569551468,0.9994928240776062,0.8813086748123169,0.8800709843635559,0.6522875345868018
2158,0.05080331116914749,0.9996618628501892,0.8790261745452881,0.8782961368560791,0.3743473002163033
2159,0.05301891267299652,0.9999154806137085,0.8787725567817688,0.8805781006813049,0.6657754048988561
2160,0.04747074097394943,0.999830961227417,0.8792797923088074,0.8790567517280579,0.5817078546146207
2161,0.04351425915956497,0.9996618628501892,0.8772508502006531,0.877281904220581,0.49950269571224454
2162,0.052150025963783264,0.9996618628501892,0.8797869682312012,0.8808315992355347,0.8597804979806579
2163,0.04571514576673508,0.9997463822364807,0.8797869682312012,0.8793103098869324,0.4908345800286913
2164,0.05106918141245842,0.9994928240776062,0.8810550570487976,0.8767748475074768,0.7543535662090843
2165,0.05342572182416916,0.9995773434638977,0.880547821521759,0.8765212893486023,0.9085932768170586
2166,0.04682231321930885,0.9994083046913147,0.8777580857276917,0.8777890205383301,0.538681296340753
2167,0.047554291784763336,0.9996618628501892,0.8785189390182495,0.8747464418411255,0.5022147614657685
2168,0.04792660102248192,0.999830961227417,0.8787725567817688,0.8742393255233765,0.4949061328601119
2169,0.048445116728544235,0.999830961227417,0.8797869682312012,0.8770284056663513,0.4192836219062963
2170,0.05061638355255127,0.9999154806137085,0.8815622925758362,0.875,0.6340197107832763
2171,0.04453061893582344,1.0,0.8815622925758362,0.8775354623794556,0.5127976671038683
2172,0.04831729829311371,0.999830961227417,0.8813086748123169,0.8777890205383301,0.41831684904710076
2173,0.048124369233846664,0.9996618628501892,0.8828303813934326,0.8780425786972046,0.6610395300756998
2174,0.04850521311163902,0.9995773434638977,0.8825767636299133,0.8793103098869324,0.4373030633250702
2175,0.04379679635167122,0.9995773434638977,0.8795334100723267,0.8820993900299072,0.37262802436752834
2176,0.0539422370493412,0.9995773434638977,0.8780117034912109,0.8760141730308533,0.7678986297243544
2177,0.053138330578804016,0.9995773434638977,0.8790261745452881,0.8800709843635559,0.5888310092265693
2178,0.048489928245544434,0.9995773434638977,0.8792797923088074,0.8747464418411255,0.457421688991382
2179,0.051923055201768875,0.9996618628501892,0.8775044679641724,0.8767748475074768,0.8449310755434037
2180,0.04727594554424286,0.9997463822364807,0.8790261745452881,0.8765212893486023,0.5558744061004444
2181,0.049275513738393784,0.9990701675415039,0.8785189390182495,0.8757606148719788,0.5429048567985358
2182,0.05131017789244652,0.9991546869277954,0.8792797923088074,0.8798174262046814,1.1857811174329087
2183,0.05297301709651947,0.9996618628501892,0.8792797923088074,0.8795638680458069,1.0349524583738476
2184,0.04544409364461899,0.9993237257003784,0.8808014392852783,0.8747464418411255,0.3644079680009873
2185,0.05417357757687569,0.9994083046913147,0.880547821521759,0.8790567517280579,1.1150579151340725
2186,0.05832821875810623,0.9997463822364807,0.8843520283699036,0.8788032531738281,1.0205351018864564
2187,0.04600541293621063,0.9997463822364807,0.8777580857276917,0.8770284056663513,0.5340061756342102
2188,0.05371396243572235,0.9994928240776062,0.8813086748123169,0.8790567517280579,1.0986557189520367
2189,0.052138395607471466,0.9995773434638977,0.8820695281028748,0.8818458318710327,0.872642576113443
2190,0.054685235023498535,0.9990701675415039,0.8797869682312012,0.8765212893486023,0.7137097654006851
2191,0.04904946684837341,0.9994928240776062,0.8810550570487976,0.8800709843635559,0.9618189460416223
2192,0.05775099992752075,0.9997463822364807,0.8828303813934326,0.8803245425224304,0.6694917274894194
2193,0.04830297455191612,0.9997463822364807,0.8818159103393555,0.8813387155532837,0.47088194590379695
2194,0.05722382664680481,0.9997463822364807,0.8825767636299133,0.8782961368560791,0.6153877330566409
2195,0.053255800157785416,0.9999154806137085,0.8800405859947205,0.8785496950149536,0.6155889055619764
2196,0.046741239726543427,0.9996618628501892,0.8782653212547302,0.8788032531738281,0.4123055487967394
2197,0.059473201632499695,0.9993237257003784,0.8802942037582397,0.8762677311897278,0.7381107668762236
2198,0.054138340055942535,0.9994083046913147,0.8775044679641724,0.877281904220581,0.7134858122302027
2199,0.05896753445267677,0.9994928240776062,0.8797869682312012,0.8767748475074768,0.8318881480779827
2200,0.058291684836149216,0.9996618628501892,0.8808014392852783,0.877281904220581,0.5246927630597934
2201,0.05828842520713806,0.9994928240776062,0.8800405859947205,0.8770284056663513,0.6824773989571343
2202,0.056431662291288376,0.9995773434638977,0.8808014392852783,0.8760141730308533,0.669170182927923
2203,0.05532396212220192,0.9950972199440002,0.8701496720314026,0.8724644780158997,0.7618579972921514
2204,0.08364967256784439,0.9874894022941589,0.8539183735847473,0.8557301759719849,2.725948950203754
2205,0.16824616491794586,0.9197801947593689,0.8087750673294067,0.8232758641242981,5.656269294295216
2206,0.39154893159866333,0.766610324382782,0.7027643918991089,0.7046145796775818,10.84935509463556
2207,1.057966947555542,0.8463228940963745,0.7595739364624023,0.7687626481056213,14.005911005510402
2208,0.5507684350013733,0.8010143637657166,0.7291402816772461,0.7314908504486084,6.259960440001019
2209,0.5404059290885925,0.8749788403511047,0.7864570617675781,0.7854969501495361,2.663657601403645
2210,0.48273777961730957,0.829163134098053,0.7664215564727783,0.767241358757019,0.7796968066363866
2211,0.5286040902137756,0.8568047285079956,0.794826328754425,0.7925963401794434,1.2037591051058403
2212,0.5062513947486877,0.8983093500137329,0.8463099598884583,0.8438133597373962,0.8206635795697994
2213,0.46378323435783386,0.8863059878349304,0.8374334573745728,0.8369675278663635,1.0158570505079185
2214,0.49010735750198364,0.8883347511291504,0.8265280723571777,0.8265720009803772,2.4771697946145275
2215,0.4492413401603699,0.9125105738639832,0.8473244309425354,0.8476166129112244,1.4501817946654918
2216,0.3868970572948456,0.9328824877738953,0.8673599362373352,0.8618153929710388,1.0403796800085816
2217,0.3686307668685913,0.9406593441963196,0.8693888187408447,0.8602941036224365,1.2177081359211872
2218,0.325431764125824,0.9329670071601868,0.8480852246284485,0.8476166129112244,0.8752503447232962
2219,0.3131594955921173,0.9482671022415161,0.8529039025306702,0.8590263724327087,1.312968200559829
2220,0.2867838442325592,0.9580726623535156,0.8709105253219604,0.8681541085243225,0.8708952929396043
2221,0.26947417855262756,0.9669484496116638,0.8721785545349121,0.8717038035392761,0.8724444659058239
2222,0.2402600198984146,0.9677091836929321,0.867867112159729,0.8658722043037415,0.5414422327438211
2223,0.23940925300121307,0.9751479029655457,0.8739538788795471,0.873985767364502,0.8112589623781082
2224,0.21071331202983856,0.976331353187561,0.8754755854606628,0.8709431886672974,0.5203285255669566
2225,0.21492372453212738,0.9806424379348755,0.8716713786125183,0.8737322092056274,0.8376870442321843
2226,0.19227410852909088,0.9826711416244507,0.8676135540008545,0.8704360723495483,0.47487945883391064
2227,0.17448833584785461,0.9840236902236938,0.8742074966430664,0.8709431886672974,0.6407455247913805
2228,0.16866716742515564,0.9859678745269775,0.8711641430854797,0.8737322092056274,0.5766236936149688
2229,0.1644301414489746,0.9879966378211975,0.8787725567817688,0.8757606148719788,0.6461024803282026
2230,0.14326731860637665,0.9901944398880005,0.8769972324371338,0.8755070567131042,0.5460650661729776
2231,0.14143994450569153,0.9917159676551819,0.87293940782547,0.8777890205383301,0.688800439450785
2232,0.14085471630096436,0.9930684566497803,0.8780117034912109,0.8775354623794556,0.8355957368147023
2233,0.1201150193810463,0.9915469288825989,0.8764899969100952,0.8752535581588745,0.40734205030643744
2234,0.1289948672056198,0.9955198764801025,0.8769972324371338,0.8762677311897278,1.1826309607193588
2235,0.11866984516382217,0.9942519068717957,0.8749683499336243,0.873985767364502,0.4609094864652797
2236,0.1111532524228096,0.9959425330162048,0.8759827613830566,0.8742393255233765,0.7865677127558588
2237,0.10953611880540848,0.995604395866394,0.8759827613830566,0.8719573616981506,0.41758504215299425
2238,0.11709831655025482,0.9958579540252686,0.8754755854606628,0.868407666683197,1.1322603442743715
2239,0.11573739349842072,0.9953507781028748,0.8749683499336243,0.8732251524925232,1.2363223122269698
2240,0.10401993989944458,0.9945054650306702,0.8752219676971436,0.873985767364502,0.6743034337957942
2241,0.11161451041698456,0.9966187477111816,0.8777580857276917,0.8717038035392761,1.4203917866415152
2242,0.10181384533643723,0.9966187477111816,0.8792797923088074,0.8727180361747742,0.8954337651136304
2243,0.10043326020240784,0.9964497089385986,0.8787725567817688,0.8755070567131042,0.8650178750364274
2244,0.09420514106750488,0.9962806105613708,0.8769972324371338,0.8737322092056274,0.7502865095906414
2245,0.10289788246154785,0.9981403350830078,0.8787725567817688,0.8755070567131042,0.895081028895904
2246,0.08498988300561905,0.9983093738555908,0.8780117034912109,0.8719573616981506,0.6224276555615043
2247,0.08531270176172256,0.9978867173194885,0.8785189390182495,0.8762677311897278,0.5606973128110684
2248,0.08672484755516052,0.9980557560920715,0.8767436146736145,0.8737322092056274,0.780304955337088
2249,0.08462061733007431,0.99797123670578,0.8777580857276917,0.8755070567131042,0.47501536184378307
2250,0.08788268268108368,0.9983938932418823,0.8777580857276917,0.8747464418411255,0.5381942398624613
2251,0.09160968661308289,0.99797123670578,0.8785189390182495,0.8757606148719788,0.5452271957126635
2252,0.08242630213499069,0.9983093738555908,0.8787725567817688,0.8752535581588745,0.8843546276355861
2253,0.08075862377882004,0.9985629916191101,0.8777580857276917,0.8732251524925232,0.4950650743129504
2254,0.08731527626514435,0.9986475110054016,0.8797869682312012,0.8757606148719788,0.761361137468954
2255,0.07842329144477844,0.9984784126281738,0.8800405859947205,0.875,0.4808598849766133
2256,0.08338339626789093,0.9989010691642761,0.8777580857276917,0.8762677311897278,0.6697854647367767
2257,0.08331561833620071,0.9991546869277954,0.8767436146736145,0.8765212893486023,0.46754909974089826
2258,0.07852521538734436,0.9989856481552124,0.8764899969100952,0.8770284056663513,0.45632504083072584
2259,0.0774865448474884,0.9989010691642761,0.8767436146736145,0.8785496950149536,0.5250013934221985
2260,0.07879778742790222,0.9989010691642761,0.8757292032241821,0.8767748475074768,0.5995096451565043
2261,0.07649315893650055,0.9991546869277954,0.87293940782547,0.8775354623794556,0.43322532348635284
2262,0.07396964728832245,0.9990701675415039,0.8701496720314026,0.8782961368560791,0.40452002214542854
2263,0.06990829855203629,0.9989010691642761,0.8719249367713928,0.8782961368560791,0.45599850550505644
2264,0.0714450478553772,0.9990701675415039,0.87293940782547,0.8777890205383301,0.439607150125703
2265,0.07156532257795334,0.9989856481552124,0.87293940782547,0.877281904220581,0.463228507885413
2266,0.07611151039600372,0.9990701675415039,0.8734466433525085,0.8793103098869324,0.63620784757606
2267,0.0705411285161972,0.9989010691642761,0.874714732170105,0.8775354623794556,0.4144859812382633
2268,0.06498485803604126,0.9989010691642761,0.8764899969100952,0.877281904220581,0.5070915265320814
2269,0.07204506546258926,0.9987320303916931,0.8749683499336243,0.8760141730308533,0.41640285102461955
2270,0.06805969029664993,0.9987320303916931,0.8752219676971436,0.877281904220581,0.8084503463879923
2271,0.07158005237579346,0.9990701675415039,0.8749683499336243,0.8752535581588745,0.8297584374982003
2272,0.0652947798371315,0.9984784126281738,0.8749683499336243,0.8711967468261719,0.47690784124349456
2273,0.07117800414562225,0.9985629916191101,0.8757292032241821,0.873985767364502,1.1420812936941773
2274,0.08448949456214905,0.9987320303916931,0.8698960542678833,0.875,1.2673456227800732
2275,0.06798740476369858,0.9982248544692993,0.8731930255889893,0.8757606148719788,0.6593685651757986
2276,0.07224643975496292,0.9986475110054016,0.8787725567817688,0.8747464418411255,0.8709816324430394
2277,0.07787688821554184,0.9989856481552124,0.8792797923088074,0.877281904220581,0.848867503704817
2278,0.06809158623218536,0.9983938932418823,0.8752219676971436,0.8762677311897278,0.49376056628184917
2279,0.07601027935743332,0.9990701675415039,0.8762363791465759,0.875,1.0065394402744787
2280,0.06551297008991241,0.9991546869277954,0.8772508502006531,0.8757606148719788,0.424595119027624
2281,0.07174522429704666,0.9991546869277954,0.8731930255889893,0.8737322092056274,0.5488919490208674
2282,0.07241307944059372,0.9991546869277954,0.8706569075584412,0.8737322092056274,0.7067701853754323
2283,0.07160226255655289,0.9990701675415039,0.871417760848999,0.8767748475074768,0.7384304555551494
2284,0.06943859905004501,0.9989010691642761,0.871417760848999,0.873985767364502,0.4267199909203474
2285,0.06470026075839996,0.9989010691642761,0.8739538788795471,0.8785496950149536,0.5841828771541577
2286,0.06340743601322174,0.9991546869277954,0.8742074966430664,0.8775354623794556,0.4460698831535198
2287,0.06914497166872025,0.9989010691642761,0.8734466433525085,0.8770284056663513,0.43210183530650054
2288,0.06795565783977509,0.9988165497779846,0.8749683499336243,0.875,0.42958067772346353
2289,0.06607326865196228,0.9992392063140869,0.874714732170105,0.875,0.5659794167902312
2290,0.0664580687880516,0.9993237257003784,0.8731930255889893,0.8752535581588745,0.4697415371509146
2291,0.06747735291719437,0.9993237257003784,0.8754755854606628,0.8785496950149536,0.6538755538275718
2292,0.06969228386878967,0.9994083046913147,0.8759827613830566,0.8770284056663513,0.4455488519756356
2293,0.06929250806570053,0.9994928240776062,0.8775044679641724,0.8777890205383301,0.5238541247342127
2294,0.07471643388271332,0.9989010691642761,0.8742074966430664,0.8717038035392761,0.4315185711209302
2295,0.06878117471933365,0.9992392063140869,0.8787725567817688,0.8777890205383301,0.9846360340369975
2296,0.06675547361373901,0.9992392063140869,0.8785189390182495,0.8757606148719788,0.7997308753721996
2297,0.07036825269460678,0.9986475110054016,0.8709105253219604,0.8722109198570251,0.5569643152961188
2298,0.07371096312999725,0.9990701675415039,0.8777580857276917,0.875,1.5725765471165598
2299,0.07736490666866302,0.9993237257003784,0.8744611144065857,0.874492883682251,1.1633685822790754
2300,0.07243198156356812,0.9983093738555908,0.8681207299232483,0.8717038035392761,0.5246960963447279
2301,0.0762251615524292,0.9989856481552124,0.8782653212547302,0.8717038035392761,1.6880883818431278
2302,0.07525961846113205,0.9992392063140869,0.8767436146736145,0.8729715943336487,1.299287606040505
2303,0.0672820433974266,0.9977176785469055,0.871417760848999,0.8696754574775696,0.6460345999257666
2304,0.07714498043060303,0.9992392063140869,0.8782653212547302,0.875,1.7147592202142075
2305,0.07229943573474884,0.9991546869277954,0.8769972324371338,0.8767748475074768,0.8643958450894916
2306,0.06876665353775024,0.9970414042472839,0.8711641430854797,0.8709431886672974,0.8468799725027203
2307,0.07963350415229797,0.9992392063140869,0.8808014392852783,0.8747464418411255,1.8249423723901752
2308,0.06574145704507828,0.9992392063140869,0.8787725567817688,0.8719573616981506,0.8963473149518337
2309,0.07188155502080917,0.997633159160614,0.87293940782547,0.8701825141906738,0.8650039111481604
2310,0.08083035796880722,0.9990701675415039,0.8754755854606628,0.8747464418411255,1.7612158334313088
2311,0.07564395666122437,0.9990701675415039,0.8744611144065857,0.8737322092056274,1.1300378878149948
2312,0.07273570448160172,0.9971259236335754,0.8676135540008545,0.8704360723495483,0.6665882461584448
2313,0.0933915302157402,0.9987320303916931,0.8709105253219604,0.8724644780158997,2.222803408407155
2314,0.08346138894557953,0.9993237257003784,0.8716713786125183,0.8747464418411255,1.657437630000287
2315,0.07465003430843353,0.992645800113678,0.8673599362373352,0.8701825141906738,0.6146131080964642
2316,0.10436826199293137,0.9969568848609924,0.8709105253219604,0.8701825141906738,3.0272792934229646
2317,0.10484153032302856,0.9986475110054016,0.8754755854606628,0.8729715943336487,2.392259716491754
2318,0.07632298767566681,0.9849535226821899,0.8658382296562195,0.8658722043037415,0.7375091610747948
2319,0.13354595005512238,0.9941673874855042,0.8602586984634399,0.8613082766532898,4.103851403120968
2320,0.12847469747066498,0.9974640607833862,0.8711641430854797,0.8709431886672974,3.0343248635320954
2321,0.0995914414525032,0.9715976119041443,0.8506214022636414,0.8526875972747803,1.6983376725062496
2322,0.1814253330230713,0.9950127005577087,0.8650773763656616,0.8633366823196411,5.455582407072886
2323,0.12678667902946472,0.9951817393302917,0.8719249367713928,0.8679006099700928,2.6622323624624493
2324,0.12699687480926514,0.9766694903373718,0.8701496720314026,0.868407666683197,1.9180073442489198
2325,0.15698647499084473,0.9973795413970947,0.8802942037582397,0.8770284056663513,3.7055213655996004
2326,0.10809820145368576,0.9931529760360718,0.8752219676971436,0.8732251524925232,0.735297780362532
2327,0.131666362285614,0.9916314482688904,0.874714732170105,0.8755070567131042,1.6734287775780414
2328,0.1167595237493515,0.9918004870414734,0.8711641430854797,0.8742393255233765,1.3220251269457644
2329,0.11980722099542618,0.9961960911750793,0.8686279654502869,0.8729715943336487,1.6286400697048473
2330,0.11885285377502441,0.995773434638977,0.8775044679641724,0.8782961368560791,1.7563462302700206
2331,0.09706924855709076,0.9907016158103943,0.8744611144065857,0.8734787106513977,0.6830123413044221
2332,0.1091325506567955,0.9968723654747009,0.8752219676971436,0.8798174262046814,1.9179051070026694
2333,0.10515782982110977,0.9980557560920715,0.8762363791465759,0.8800709843635559,1.3979003941360297
2334,0.09780839085578918,0.9935756325721741,0.8719249367713928,0.8714503049850464,1.0710644353571452
2335,0.10464884340763092,0.9980557560920715,0.8754755854606628,0.8775354623794556,2.1814444496698973
2336,0.09667502343654633,0.9978867173194885,0.8716713786125183,0.8742393255233765,0.6433275695214362
2337,0.10351862013339996,0.9967032670974731,0.8739538788795471,0.8795638680458069,1.3226995398330559
2338,0.09000065922737122,0.9941673874855042,0.8731930255889893,0.8737322092056274,0.8793969115480081
2339,0.105927012860775,0.9980557560920715,0.8726857900619507,0.8785496950149536,1.6992040465067488
2340,0.09552696347236633,0.9983093738555908,0.8711641430854797,0.8757606148719788,0.9863696384958915
2341,0.09470848739147186,0.997633159160614,0.8726857900619507,0.8752535581588745,1.2733352538517493
2342,0.08742501586675644,0.9961960911750793,0.8744611144065857,0.8729715943336487,0.8225170753440947
2343,0.09011589735746384,0.9983938932418823,0.8764899969100952,0.8782961368560791,1.4351170285311718
2344,0.08571860939264297,0.9984784126281738,0.8752219676971436,0.8775354623794556,0.8139969059211516
2345,0.08678032457828522,0.997633159160614,0.8764899969100952,0.8793103098869324,0.9053841416087298
2346,0.08651801943778992,0.99797123670578,0.8780117034912109,0.8760141730308533,0.7744454760838362
2347,0.07665930688381195,0.9987320303916931,0.8777580857276917,0.8805781006813049,0.6709517905479038
2348,0.07460154592990875,0.9986475110054016,0.8762363791465759,0.8798174262046814,0.5345810043660482
2349,0.07608962059020996,0.9986475110054016,0.8757292032241821,0.8760141730308533,0.5486507728545063
2350,0.08186326920986176,0.9988165497779846,0.8759827613830566,0.8785496950149536,0.44167551091157137
2351,0.07914496958255768,0.9989856481552124,0.8772508502006531,0.8793103098869324,0.5851780909807273
2352,0.07513494044542313,0.9993237257003784,0.8754755854606628,0.8785496950149536,0.44773391333146295
2353,0.071862131357193,0.9992392063140869,0.8782653212547302,0.8765212893486023,0.42306389055734583
2354,0.07233019173145294,0.9991546869277954,0.8792797923088074,0.8760141730308533,0.44022863063219037
2355,0.07425820082426071,0.9991546869277954,0.8772508502006531,0.8757606148719788,0.4857757932907074
2356,0.07087085396051407,0.9993237257003784,0.8797869682312012,0.8788032531738281,0.5653462663122341
2357,0.06976962089538574,0.9992392063140869,0.8775044679641724,0.8770284056663513,0.5140100779519118
2358,0.06953142583370209,0.9992392063140869,0.8769972324371338,0.8755070567131042,0.7491551321477311
2359,0.07465321570634842,0.9993237257003784,0.8759827613830566,0.8770284056663513,0.8156008539902861
2360,0.06721033900976181,0.9991546869277954,0.8790261745452881,0.8780425786972046,0.5284193544541435
2361,0.06688760966062546,0.9992392063140869,0.8772508502006531,0.8788032531738281,0.7201015283557914
2362,0.06261011958122253,0.9994083046913147,0.8777580857276917,0.8734787106513977,0.37140421688050784
2363,0.0656813532114029,0.9993237257003784,0.8802942037582397,0.8775354623794556,0.7381469001241685
2364,0.06279660761356354,0.9992392063140869,0.8818159103393555,0.8790567517280579,0.33906845673750585
2365,0.062103670090436935,0.9994928240776062,0.8769972324371338,0.8790567517280579,0.5764533029244389
2366,0.062270987778902054,0.9989010691642761,0.8724321722984314,0.875,0.3847249418707219
2367,0.0686645656824112,0.9994928240776062,0.87293940782547,0.8780425786972046,0.9616113562375915
2368,0.061413854360580444,0.9990701675415039,0.8734466433525085,0.8788032531738281,0.41641139498272167
2369,0.07039453089237213,0.9992392063140869,0.8737002611160278,0.8770284056663513,0.5452650051014922
2370,0.07009569555521011,0.9994083046913147,0.8749683499336243,0.8755070567131042,0.5295538362332677
2371,0.06986502557992935,0.9992392063140869,0.8749683499336243,0.8752535581588745,0.5675842487995224
2372,0.06273212283849716,0.9994083046913147,0.8769972324371338,0.8765212893486023,0.4634728852858175
2373,0.06930269300937653,0.9991546869277954,0.8754755854606628,0.8757606148719788,0.4723736700867891
2374,0.07626387476921082,0.9994083046913147,0.8775044679641724,0.8717038035392761,0.662510188698688
2375,0.058447837829589844,0.9992392063140869,0.8762363791465759,0.8717038035392761,0.4034323809490981
2376,0.0651007816195488,0.9994083046913147,0.8780117034912109,0.8747464418411255,0.5232043743861877
2377,0.06733956187963486,0.9994083046913147,0.8775044679641724,0.8734787106513977,0.45729791942244624
2378,0.06683284789323807,0.9995773434638977,0.8777580857276917,0.8752535581588745,0.48439261362775976
2379,0.06965246051549911,0.9993237257003784,0.8762363791465759,0.8701825141906738,0.4180790676656542
2380,0.06589121371507645,0.9995773434638977,0.8810550570487976,0.8762677311897278,0.870604816291172
2381,0.06220334768295288,0.9994928240776062,0.8802942037582397,0.875,0.6233284250377996
2382,0.06575053930282593,0.9994083046913147,0.8737002611160278,0.874492883682251,0.5393124159441742
2383,0.06816364079713821,0.9993237257003784,0.8775044679641724,0.8732251524925232,0.915835405396507
2384,0.06409265846014023,0.9989856481552124,0.8759827613830566,0.8747464418411255,0.605253062548608
2385,0.06796828657388687,0.9989856481552124,0.8734466433525085,0.8747464418411255,0.4987231144111979
2386,0.06479547172784805,0.9991546869277954,0.8764899969100952,0.8767748475074768,0.78982839160134
2387,0.0627484992146492,0.9989856481552124,0.8795334100723267,0.875,0.4253706908332037
2388,0.06847333908081055,0.9993237257003784,0.8759827613830566,0.8742393255233765,0.9066707443251671
2389,0.06297677010297775,0.9994928240776062,0.8734466433525085,0.8752535581588745,0.4851108346207488
2390,0.06374335289001465,0.9993237257003784,0.8739538788795471,0.8810851573944092,0.7421325432425887
2391,0.05724623054265976,0.9993237257003784,0.87293940782547,0.8795638680458069,0.43109812625674915
2392,0.06401872634887695,0.9994928240776062,0.8721785545349121,0.8752535581588745,0.6217162672482708
2393,0.06559544801712036,0.9993237257003784,0.8762363791465759,0.8782961368560791,0.8154726675911695
2394,0.06418253481388092,0.9994083046913147,0.8762363791465759,0.8782961368560791,0.43883559082628404
2395,0.06462530791759491,0.9994083046913147,0.8777580857276917,0.8790567517280579,0.4565770743953169
2396,0.058465272188186646,0.9993237257003784,0.8795334100723267,0.8782961368560791,0.4935800097543083
2397,0.057660799473524094,0.9995773434638977,0.8775044679641724,0.8747464418411255,0.5494245405705241
2398,0.06326951086521149,0.9992392063140869,0.8719249367713928,0.8760141730308533,0.8162965394776206
2399,0.06252379715442657,0.9994083046913147,0.8688815832138062,0.8775354623794556,0.700900448745985
2400,0.06034012883901596,0.9993237257003784,0.8754755854606628,0.8742393255233765,0.526946158224285
