epoch,loss,train_acc,val_acc,test_acc,gradient_norm
1,1.1048531532287598,0.5808115005493164,0.5620086193084717,0.5740364789962769,0.2020269702919662
2,1.0656399726867676,0.610819935798645,0.5982754230499268,0.6087728142738342,0.12771803257336128
3,1.0374923944473267,0.6098055839538574,0.5990362763404846,0.6052231192588806,0.07307503720435794
4,1.0158296823501587,0.6071851253509521,0.5970073938369751,0.6024340391159058,0.09084044834599143
5,0.9936444759368896,0.6058326363563538,0.5987826585769653,0.6014198660850525,0.1279401290341538
6,0.9601361155509949,0.6071006059646606,0.6028404831886292,0.6044624447822571,0.12344703339478756
7,0.9241437911987305,0.6125105619430542,0.6112097501754761,0.6123225092887878,0.1123839446594564
8,0.8884223103523254,0.634488582611084,0.6297236084938049,0.6318458318710327,0.11761024454234305
9,0.853264331817627,0.6654268503189087,0.6586355566978455,0.6625253558158875,0.12835120274705844
10,0.8168672323226929,0.6820794343948364,0.6761349439620972,0.6792595982551575,0.1310382672659983
11,0.7807332277297974,0.6934911012649536,0.6905909180641174,0.6904157996177673,0.11657779135451862
12,0.7442131638526917,0.7125951051712036,0.7096120119094849,0.7076571583747864,0.11224734245559144
13,0.7120877504348755,0.7412510514259338,0.7319300174713135,0.7307301759719849,0.11314520989479261
14,0.6790046691894531,0.764412522315979,0.7575450539588928,0.7474644780158997,0.10942088754712384
15,0.6465920805931091,0.7827556729316711,0.7714937925338745,0.7621703743934631,0.10141408768482581
16,0.6190977692604065,0.7941673398017883,0.7796094417572021,0.7748478651046753,0.09967818181713535
17,0.5928118824958801,0.8020287156105042,0.7869642972946167,0.7809330224990845,0.09473339873709434
18,0.5685507655143738,0.8115807175636292,0.7971088290214539,0.7913286089897156,0.0888295809861959
19,0.5433118343353271,0.819273054599762,0.8029419779777527,0.8034989833831787,0.07625826716660594
20,0.5246374607086182,0.8309382796287537,0.8113112449645996,0.8141480684280396,0.08458908965030737
21,0.502977728843689,0.8367708921432495,0.8209485411643982,0.8227687478065491,0.06970900785345116
22,0.48595234751701355,0.8428571224212646,0.8288105726242065,0.828346848487854,0.06405387074810086
23,0.47214630246162415,0.8481825590133667,0.8331220149993896,0.8331642746925354,0.06377816575257242
24,0.4590100347995758,0.8535079956054688,0.8374334573745728,0.8374746441841125,0.0648892971023645
25,0.44834306836128235,0.8577345609664917,0.8379406929016113,0.8400101065635681,0.0575389015775526
26,0.4379461109638214,0.8617075085639954,0.840984046459198,0.8430527448654175,0.059436858629906233
27,0.4293671250343323,0.8649196624755859,0.842759370803833,0.8501521348953247,0.06071841079402705
28,0.4184804856777191,0.8688080906867981,0.8463099598884583,0.8524340391159058,0.05009926928537416
29,0.41043663024902344,0.8705832362174988,0.8452954888343811,0.8549695611000061,0.055563344820304277
30,0.4052373170852661,0.8736263513565063,0.8503677845001221,0.8572515249252319,0.056654075779410534
31,0.3943477272987366,0.8760777711868286,0.8508750200271606,0.8585192561149597,0.04629597438428375
32,0.3925933837890625,0.8764159083366394,0.8526502847671509,0.8590263724327087,0.044107228541525344
33,0.3860325515270233,0.8783600926399231,0.853664755821228,0.8592798709869385,0.045702360371401976
34,0.38272830843925476,0.8803888559341431,0.8544256091117859,0.8590263724327087,0.041672443713640435
35,0.37794265151023865,0.8814877271652222,0.8592442870140076,0.8597869873046875,0.044207509540409126
36,0.3705587387084961,0.8852071166038513,0.8602586984634399,0.8587728142738342,0.04972739447643248
37,0.36933526396751404,0.8870667815208435,0.8615267872810364,0.8618153929710388,0.04401235685740454
38,0.3685482442378998,0.8878275752067566,0.8615267872810364,0.8640973567962646,0.039057545166073515
39,0.3630092442035675,0.889180064201355,0.8635557293891907,0.8666328191757202,0.04503408150119738
40,0.35742005705833435,0.891546905040741,0.862034022808075,0.8699289560317993,0.040043450242679475
41,0.3566875159740448,0.8928148746490479,0.8617804050445557,0.8709431886672974,0.041602407046219494
42,0.35235360264778137,0.8939983248710632,0.8655846118927002,0.8706896305084229,0.06923211631260995
43,0.34927836060523987,0.8922231793403625,0.862034022808075,0.8706896305084229,0.11670195392272324
44,0.34740909934043884,0.8957734704017639,0.8686279654502869,0.8737322092056274,0.11773882045246573
45,0.34326377511024475,0.8969568610191345,0.8683743476867676,0.8742393255233765,0.05533375640838348
46,0.33935558795928955,0.8962806463241577,0.8658382296562195,0.8727180361747742,0.06981831529601819
47,0.33817124366760254,0.8991546630859375,0.869642436504364,0.8737322092056274,0.14424124594326332
48,0.3376617133617401,0.8986474871635437,0.8665990829467773,0.8711967468261719,0.1583640725286711
49,0.33048972487449646,0.8983093500137329,0.867867112159729,0.8719573616981506,0.07497641053246289
50,0.32922643423080444,0.9019442200660706,0.8693888187408447,0.8747464418411255,0.06530758933485631
51,0.3266075849533081,0.8983093500137329,0.8673599362373352,0.8732251524925232,0.11534151593739231
52,0.32570967078208923,0.9015215635299683,0.8691352009773254,0.8737322092056274,0.08714230626854058
53,0.320454865694046,0.9045646786689758,0.8701496720314026,0.875,0.038589082647432195
54,0.3203006088733673,0.9000844955444336,0.8686279654502869,0.8742393255233765,0.08150609940346376
55,0.3194073736667633,0.9044800996780396,0.8701496720314026,0.8765212893486023,0.09202254067874541
56,0.3154537081718445,0.9037193655967712,0.8709105253219604,0.8752535581588745,0.06582227777021858
57,0.3135579228401184,0.904226541519165,0.8704032897949219,0.8757606148719788,0.038037400307104334
58,0.31238576769828796,0.9052408933639526,0.8711641430854797,0.8755070567131042,0.038372608727971096
59,0.311096727848053,0.9071851372718811,0.871417760848999,0.877281904220581,0.03652385269867495
60,0.3091892600059509,0.9046491980552673,0.8698960542678833,0.8765212893486023,0.05533673160250966
61,0.30915549397468567,0.9076077938079834,0.8704032897949219,0.8782961368560791,0.08845667938988194
62,0.303764671087265,0.9030430912971497,0.8693888187408447,0.8765212893486023,0.12135397327891218
63,0.3050471842288971,0.9081149697303772,0.8721785545349121,0.8790567517280579,0.13036071677110675
64,0.30321675539016724,0.9077768325805664,0.869642436504364,0.8775354623794556,0.11258295604834744
65,0.30011099576950073,0.908622145652771,0.8686279654502869,0.8785496950149536,0.05745737993496713
66,0.29921960830688477,0.9092138409614563,0.8726857900619507,0.8785496950149536,0.05256179245306957
67,0.2993585169315338,0.9060016870498657,0.8704032897949219,0.8795638680458069,0.10048674617538775
68,0.29775509238243103,0.9100591540336609,0.8716713786125183,0.8782961368560791,0.1361769258865093
69,0.29495278000831604,0.9101436734199524,0.8704032897949219,0.8803245425224304,0.127835349239054
70,0.2942578196525574,0.9105663299560547,0.8706569075584412,0.8815922737121582,0.08417962839319229
71,0.2930094003677368,0.9112426042556763,0.8731930255889893,0.8815922737121582,0.03778614932006538
72,0.2916574776172638,0.9088757038116455,0.871417760848999,0.8808315992355347,0.09218776696875425
73,0.2931053638458252,0.913017749786377,0.8739538788795471,0.8793103098869324,0.13362390267838894
74,0.29241353273391724,0.9103127717971802,0.8709105253219604,0.8800709843635559,0.14469353880280653
75,0.2910228371620178,0.91318678855896,0.8731930255889893,0.8813387155532837,0.1209595611133843
76,0.2875223755836487,0.9125105738639832,0.8711641430854797,0.8820993900299072,0.06971764094838911
77,0.28788039088249207,0.9117497801780701,0.871417760848999,0.8823529481887817,0.047961292770092194
78,0.28708457946777344,0.9132713675498962,0.87293940782547,0.8788032531738281,0.09676774949334499
79,0.28735047578811646,0.9089602828025818,0.8704032897949219,0.8798174262046814,0.14563310267677196
80,0.28598931431770325,0.9140321016311646,0.8737002611160278,0.8810851573944092,0.17290568438914702
81,0.2838008999824524,0.9112426042556763,0.8709105253219604,0.8820993900299072,0.1595320613511313
82,0.28259554505348206,0.9125105738639832,0.871417760848999,0.8813387155532837,0.09925120075994691
83,0.28244370222091675,0.9149619340896606,0.8719249367713928,0.8810851573944092,0.037609129971804885
84,0.2816784679889679,0.9117497801780701,0.871417760848999,0.8800709843635559,0.10115706724951946
85,0.28223147988319397,0.9146238565444946,0.8724321722984314,0.8810851573944092,0.16608686421929228
86,0.28131842613220215,0.9102282524108887,0.8716713786125183,0.8782961368560791,0.21274851926546554
87,0.2803827226161957,0.9148774147033691,0.8734466433525085,0.8815922737121582,0.2340377632723935
88,0.27869072556495667,0.9136939644813538,0.87293940782547,0.8810851573944092,0.18276128742842032
89,0.2779240310192108,0.9135249257087708,0.8719249367713928,0.8813387155532837,0.06817947867491736
90,0.277950257062912,0.9158072471618652,0.8731930255889893,0.8805781006813049,0.09516117535092075
91,0.27748167514801025,0.9124260544776917,0.8719249367713928,0.8798174262046814,0.1890174023467787
92,0.27663612365722656,0.9177514910697937,0.8734466433525085,0.8815922737121582,0.2083472978222534
93,0.27560657262802124,0.9151310324668884,0.8711641430854797,0.8808315992355347,0.16603005781267124
94,0.2726995348930359,0.9169906973838806,0.869642436504364,0.8826064467430115,0.08848884957772743
95,0.27132007479667664,0.918343186378479,0.8721785545349121,0.8818458318710327,0.045054210734911296
96,0.2708812952041626,0.9150465130805969,0.8726857900619507,0.8808315992355347,0.10078075931165324
97,0.27033543586730957,0.918343186378479,0.8724321722984314,0.8813387155532837,0.13859088641544606
98,0.2700614929199219,0.9167370796203613,0.8719249367713928,0.8826064467430115,0.12045407282556281
99,0.26941826939582825,0.9179205298423767,0.869642436504364,0.8818458318710327,0.07102728827170628
100,0.2677214741706848,0.9192730188369751,0.869642436504364,0.8808315992355347,0.04883620082206148
101,0.26742663979530334,0.9167370796203613,0.8709105253219604,0.8810851573944092,0.08205409364774481
102,0.26684024930000305,0.9195266366004944,0.8704032897949219,0.8813387155532837,0.08985511441309228
103,0.2681887447834015,0.9185968041419983,0.8706569075584412,0.8826064467430115,0.07930479065503199
104,0.2676413953304291,0.9194421172142029,0.8711641430854797,0.8823529481887817,0.06814282045196168
105,0.26634931564331055,0.9180895686149597,0.8706569075584412,0.883367121219635,0.06614557249051008
106,0.2665845453739166,0.9191884994506836,0.8711641430854797,0.882860004901886,0.06275529681965156
107,0.26457276940345764,0.9187658429145813,0.8698960542678833,0.8820993900299072,0.041679315818562136
108,0.26406678557395935,0.9169906973838806,0.8701496720314026,0.882860004901886,0.051089796394611864
109,0.2633766829967499,0.9189348816871643,0.8709105253219604,0.8813387155532837,0.06605861666881463
110,0.26131659746170044,0.9174133539199829,0.8737002611160278,0.8815922737121582,0.09225156067058461
111,0.2616259753704071,0.9199492931365967,0.874714732170105,0.8803245425224304,0.12852938172908518
112,0.2640712559223175,0.9169906973838806,0.8737002611160278,0.8808315992355347,0.16536851114575524
113,0.26318275928497314,0.9198647737503052,0.8752219676971436,0.8813387155532837,0.17358988173945258
114,0.2638491988182068,0.9177514910697937,0.8742074966430664,0.8820993900299072,0.15426222086302405
115,0.25974133610725403,0.9202873706817627,0.8737002611160278,0.8823529481887817,0.11740163503834673
116,0.25784334540367126,0.9196956753730774,0.8724321722984314,0.8831135630607605,0.0724409256059672
117,0.2575766146183014,0.9195266366004944,0.8737002611160278,0.8836206793785095,0.045490420806565596
118,0.25959065556526184,0.9213863015174866,0.8752219676971436,0.8813387155532837,0.07069467868764379
119,0.25935447216033936,0.9182586669921875,0.87293940782547,0.8815922737121582,0.11138456248566668
120,0.2581128180027008,0.9218934774398804,0.8734466433525085,0.8823529481887817,0.13980243179814647
121,0.25945642590522766,0.9202873706817627,0.8739538788795471,0.8803245425224304,0.1477302153532919
122,0.259640634059906,0.9224006533622742,0.8726857900619507,0.8826064467430115,0.14636340565422473
123,0.2567065358161926,0.920371949672699,0.8719249367713928,0.8818458318710327,0.1517595507785791
124,0.2555931508541107,0.9233304858207703,0.8744611144065857,0.8831135630607605,0.15295174689927432
125,0.2565936744213104,0.9221470952033997,0.8716713786125183,0.882860004901886,0.1343448587037293
126,0.254891961812973,0.9224006533622742,0.8706569075584412,0.8815922737121582,0.10178604992634753
127,0.25527578592300415,0.9217244386672974,0.8726857900619507,0.8818458318710327,0.07845683246682968
128,0.253105103969574,0.9222316145896912,0.8721785545349121,0.8808315992355347,0.07160894141011086
129,0.2524053752422333,0.9211326837539673,0.8726857900619507,0.8815922737121582,0.08450471621607727
130,0.2531470060348511,0.9232459664344788,0.8744611144065857,0.8793103098869324,0.1002911786765381
131,0.25311270356178284,0.9210481643676758,0.8744611144065857,0.8808315992355347,0.1192828788822786
132,0.2550032436847687,0.9230769276618958,0.8759827613830566,0.8808315992355347,0.15556049192282154
133,0.25345516204833984,0.9200338125228882,0.8731930255889893,0.8782961368560791,0.19626304601728603
134,0.2537344694137573,0.9233304858207703,0.8767436146736145,0.8800709843635559,0.22827758066941245
135,0.254275381565094,0.9196111559867859,0.8744611144065857,0.8798174262046814,0.24435899725594065
136,0.2530211806297302,0.9232459664344788,0.8772508502006531,0.8820993900299072,0.24894659101919991
137,0.25564032793045044,0.9212172627449036,0.8754755854606628,0.8815922737121582,0.2307955082744239
138,0.2544075548648834,0.9239222407341003,0.8744611144065857,0.8820993900299072,0.17557831416647682
139,0.2509514391422272,0.9245984554290771,0.8759827613830566,0.8815922737121582,0.11086940522153095
140,0.24823929369449615,0.9248520731925964,0.8731930255889893,0.8823529481887817,0.05288076700018915
141,0.24945160746574402,0.925105631351471,0.8742074966430664,0.8818458318710327,0.0830221086043829
142,0.25064751505851746,0.9209636449813843,0.8757292032241821,0.8818458318710327,0.15845560484385596
143,0.2509037256240845,0.9245984554290771,0.8775044679641724,0.8810851573944092,0.20452801884402233
144,0.24927259981632233,0.9222316145896912,0.8752219676971436,0.883367121219635,0.21096300948693747
145,0.24892419576644897,0.9253592491149902,0.8731930255889893,0.883874237537384,0.16889357905264954
146,0.24623151123523712,0.923668622970581,0.8739538788795471,0.8813387155532837,0.10478353981983729
147,0.24819789826869965,0.9237531423568726,0.8742074966430664,0.8826064467430115,0.05759026351655572
148,0.24738077819347382,0.9245139360427856,0.8754755854606628,0.8836206793785095,0.0708795958944349
149,0.24697831273078918,0.9218089580535889,0.874714732170105,0.8813387155532837,0.15340473672317675
150,0.24762988090515137,0.9244294166564941,0.8742074966430664,0.8813387155532837,0.21349937598946409
151,0.24793824553489685,0.923668622970581,0.8742074966430664,0.8823529481887817,0.23021085236366046
152,0.24749800562858582,0.9242603778839111,0.8742074966430664,0.8841277956962585,0.20189159935304016
153,0.24668137729167938,0.9248520731925964,0.8721785545349121,0.8826064467430115,0.14185690922757807
154,0.24536417424678802,0.9257819056510925,0.8731930255889893,0.8836206793785095,0.0628787649105656
155,0.2451249063014984,0.9245139360427856,0.8749683499336243,0.8831135630607605,0.10908423818436402
156,0.24448031187057495,0.9233304858207703,0.8744611144065857,0.8798174262046814,0.20416539918006635
157,0.24698099493980408,0.9252747297286987,0.8744611144065857,0.8826064467430115,0.24545777830696852
158,0.24720153212547302,0.925697386264801,0.8726857900619507,0.882860004901886,0.20724205768033974
159,0.2466011792421341,0.9254437685012817,0.8739538788795471,0.8826064467430115,0.10992176074052133
160,0.2429492324590683,0.9262890815734863,0.8752219676971436,0.882860004901886,0.05940408441153721
161,0.24306663870811462,0.9256128668785095,0.8749683499336243,0.8798174262046814,0.13463095936134245
162,0.242745041847229,0.9261200428009033,0.8759827613830566,0.8820993900299072,0.18071304717207867
163,0.2423963099718094,0.9254437685012817,0.8749683499336243,0.8810851573944092,0.16740331114088175
164,0.2435125857591629,0.9265426993370056,0.8742074966430664,0.8818458318710327,0.12591045583401156
165,0.24159689247608185,0.9262890815734863,0.8764899969100952,0.8818458318710327,0.07576022989602996
166,0.2407713532447815,0.9272189140319824,0.8767436146736145,0.8826064467430115,0.04737707285065337
167,0.2419593781232834,0.9263736009597778,0.8775044679641724,0.8823529481887817,0.07223326217246992
168,0.24254927039146423,0.9268807768821716,0.8769972324371338,0.8805781006813049,0.09875549499230026
169,0.2387722134590149,0.9273034334182739,0.8767436146736145,0.8826064467430115,0.10414799046528456
170,0.24228516221046448,0.9268807768821716,0.8764899969100952,0.8808315992355347,0.08430553895539858
171,0.24157501757144928,0.9273880124092102,0.8762363791465759,0.8808315992355347,0.05696806009525217
172,0.2400321662425995,0.9279797077178955,0.8772508502006531,0.8820993900299072,0.058536120848659966
173,0.23921914398670197,0.9262045621871948,0.8767436146736145,0.8823529481887817,0.09157187911374308
174,0.2404371201992035,0.9277260899543762,0.8752219676971436,0.882860004901886,0.09949779605105873
175,0.2380341738462448,0.9266272187232971,0.8767436146736145,0.8810851573944092,0.09237985986412103
176,0.23848068714141846,0.9273034334182739,0.8739538788795471,0.8831135630607605,0.09443061065529558
177,0.23909126222133636,0.9265426993370056,0.8749683499336243,0.882860004901886,0.08484776638032014
178,0.23797444999217987,0.9273034334182739,0.8744611144065857,0.8836206793785095,0.07329464385601148
179,0.23842662572860718,0.9274725317955017,0.8752219676971436,0.883367121219635,0.05377605050207209
180,0.23870716989040375,0.9267117381095886,0.8762363791465759,0.882860004901886,0.05308666607734005
181,0.23864240944385529,0.9274725317955017,0.874714732170105,0.8815922737121582,0.08717785698070661
182,0.23885460197925568,0.9267117381095886,0.8762363791465759,0.8831135630607605,0.11327938908981001
183,0.24006690084934235,0.9281487464904785,0.8767436146736145,0.8808315992355347,0.13398439419719066
184,0.23866455256938934,0.9261200428009033,0.8726857900619507,0.8808315992355347,0.16140728198314674
185,0.23880989849567413,0.9291631579399109,0.8744611144065857,0.8826064467430115,0.1953242251296542
186,0.23950448632240295,0.9267962574958801,0.8739538788795471,0.8800709843635559,0.2163781160713083
187,0.23772910237312317,0.9281487464904785,0.8759827613830566,0.8831135630607605,0.20059250379668883
188,0.2371843308210373,0.9278106689453125,0.8739538788795471,0.8813387155532837,0.1538226472209323
189,0.23661039769649506,0.9284023642539978,0.8757292032241821,0.883367121219635,0.10868005953203691
190,0.2362050712108612,0.928064227104187,0.8749683499336243,0.883367121219635,0.062296149231004176
191,0.2375044822692871,0.9284023642539978,0.8724321722984314,0.8813387155532837,0.06544742858991481
192,0.23859262466430664,0.9295012354850769,0.874714732170105,0.8813387155532837,0.09565782501240822
193,0.23467391729354858,0.9284868836402893,0.8744611144065857,0.8820993900299072,0.13280133295916507
194,0.23403619229793549,0.9290785789489746,0.8762363791465759,0.8818458318710327,0.14068766513343614
195,0.23547542095184326,0.9285714030265808,0.8744611144065857,0.8841277956962585,0.11754040318424426
196,0.23507937788963318,0.9289095401763916,0.8757292032241821,0.8836206793785095,0.07735803655263779
197,0.23436641693115234,0.9287405014038086,0.8764899969100952,0.8831135630607605,0.05311794450523948
198,0.23227320611476898,0.9289940595626831,0.874714732170105,0.8823529481887817,0.056821427528448945
199,0.23455160856246948,0.9288250207901001,0.8775044679641724,0.882860004901886,0.07532948824823577
200,0.23202531039714813,0.9289095401763916,0.8754755854606628,0.8843812942504883,0.09962077366307315
201,0.2337675243616104,0.9292476773262024,0.8764899969100952,0.882860004901886,0.12022793675391652
202,0.2373054027557373,0.9284023642539978,0.874714732170105,0.8820993900299072,0.15059042191256375
203,0.23616883158683777,0.9299238920211792,0.8767436146736145,0.8820993900299072,0.16771441706148285
204,0.23548215627670288,0.9286559820175171,0.874714732170105,0.8815922737121582,0.16619883794532408
205,0.23411428928375244,0.9303465485572815,0.8767436146736145,0.883367121219635,0.1569546377770814
206,0.23447950184345245,0.9292476773262024,0.8757292032241821,0.8810851573944092,0.1509399977932457
207,0.23094278573989868,0.9298393726348877,0.8762363791465759,0.8831135630607605,0.16209344644703497
208,0.23152710497379303,0.9289095401763916,0.8749683499336243,0.8818458318710327,0.18055411026350054
209,0.23422397673130035,0.9296703338623047,0.8757292032241821,0.8823529481887817,0.21270499505004892
210,0.23335394263267517,0.9276415705680847,0.8757292032241821,0.8790567517280579,0.2551857063298178
211,0.23575785756111145,0.9294167160987854,0.8762363791465759,0.8820993900299072,0.28435680455151435
212,0.2356903851032257,0.9274725317955017,0.8749683499336243,0.8793103098869324,0.2960502912344941
213,0.23733554780483246,0.9296703338623047,0.8764899969100952,0.8818458318710327,0.28144633539822683
214,0.23242062330245972,0.9292476773262024,0.8772508502006531,0.8815922737121582,0.23430327203264692
215,0.23378270864486694,0.9301775097846985,0.8782653212547302,0.8815922737121582,0.1604198610196875
216,0.23335117101669312,0.9300084710121155,0.8780117034912109,0.8823529481887817,0.08130046703484482
217,0.23156970739364624,0.9298393726348877,0.8762363791465759,0.8820993900299072,0.07409610294035292
218,0.23359286785125732,0.9299238920211792,0.8764899969100952,0.8818458318710327,0.14067474505340583
219,0.2313174456357956,0.9285714030265808,0.8744611144065857,0.8800709843635559,0.2051454644786563
220,0.2292480617761612,0.930092990398407,0.8772508502006531,0.8815922737121582,0.21871817386023382
221,0.2317947894334793,0.930092990398407,0.8757292032241821,0.8805781006813049,0.17268123917347025
222,0.22896811366081238,0.9303465485572815,0.8775044679641724,0.8818458318710327,0.08883121679972722
223,0.22989733517169952,0.9301775097846985,0.8782653212547302,0.8831135630607605,0.07026160862387022
224,0.2308390736579895,0.9297548532485962,0.8757292032241821,0.8820993900299072,0.14518374863486969
225,0.23005633056163788,0.9311073422431946,0.8782653212547302,0.8836206793785095,0.1918040344206182
226,0.23140697181224823,0.93026202917099,0.8752219676971436,0.883874237537384,0.1902607433918585
227,0.23132172226905823,0.9306001663208008,0.8777580857276917,0.8820993900299072,0.1339337944065786
228,0.22830364108085632,0.9304311275482178,0.8777580857276917,0.8831135630607605,0.07229689459537414
229,0.22889910638332367,0.9311073422431946,0.8769972324371338,0.8841277956962585,0.06783438620318116
230,0.22685377299785614,0.9318681359291077,0.8787725567817688,0.883874237537384,0.10521043767568007
231,0.22975917160511017,0.9298393726348877,0.8769972324371338,0.8836206793785095,0.12418747151837226
232,0.22703565657138824,0.9309383034706116,0.8787725567817688,0.8846348524093628,0.13343052614872064
233,0.22877933084964752,0.9303465485572815,0.8790261745452881,0.882860004901886,0.1278244371860742
234,0.22773467004299164,0.9317836165428162,0.8764899969100952,0.8815922737121582,0.10333920445297513
235,0.22844785451889038,0.9314454793930054,0.8772508502006531,0.8815922737121582,0.06523444939604037
236,0.2284516543149948,0.9308537840843201,0.8785189390182495,0.8798174262046814,0.05852333006960157
237,0.228072389960289,0.9315299987792969,0.8777580857276917,0.8813387155532837,0.08393916310347846
238,0.2269945591688156,0.9305156469345093,0.8767436146736145,0.8805781006813049,0.10526237007670772
239,0.22861994802951813,0.9325443506240845,0.8790261745452881,0.8823529481887817,0.10491451191690059
240,0.22898004949092865,0.9317836165428162,0.8767436146736145,0.8808315992355347,0.099879611161753
241,0.22897212207317352,0.93229079246521,0.8777580857276917,0.8820993900299072,0.08514993437428962
242,0.22845037281513214,0.9322062730789185,0.8759827613830566,0.8823529481887817,0.10593393702344463
243,0.2270984947681427,0.9317836165428162,0.8782653212547302,0.8795638680458069,0.14728708451569011
244,0.23026353120803833,0.9299238920211792,0.8731930255889893,0.8813387155532837,0.2052917218374874
245,0.2310345321893692,0.9319526553153992,0.8775044679641724,0.8813387155532837,0.2404613447594414
246,0.22955036163330078,0.9295858144760132,0.8742074966430664,0.8808315992355347,0.24498099950823427
247,0.2302955985069275,0.9315299987792969,0.8775044679641724,0.883367121219635,0.23488736890358405
248,0.2277543544769287,0.9312763810157776,0.874714732170105,0.8815922737121582,0.20420313840332782
249,0.22481395304203033,0.9316145181655884,0.8775044679641724,0.8831135630607605,0.14969488431624017
250,0.22660130262374878,0.9322062730789185,0.8767436146736145,0.8826064467430115,0.08722012077172725
251,0.22754384577274323,0.9320371747016907,0.8752219676971436,0.8826064467430115,0.06229944620745042
252,0.2245914191007614,0.9316990375518799,0.874714732170105,0.8836206793785095,0.06401843876737402
253,0.22627180814743042,0.9315299987792969,0.874714732170105,0.8831135630607605,0.09125511989713753
254,0.22695836424827576,0.9327979683876038,0.8764899969100952,0.883367121219635,0.121399016761458
255,0.22752442955970764,0.9319526553153992,0.8752219676971436,0.8815922737121582,0.14467984929045283
256,0.22803960740566254,0.9316145181655884,0.8767436146736145,0.882860004901886,0.14149250388996523
257,0.22535793483257294,0.9319526553153992,0.8762363791465759,0.8841277956962585,0.09737892874410568
258,0.2249593287706375,0.93229079246521,0.8764899969100952,0.8810851573944092,0.0645310323519827
259,0.22414056956768036,0.9325443506240845,0.8782653212547302,0.8841277956962585,0.08779525276165837
260,0.22547750174999237,0.9303465485572815,0.8739538788795471,0.883367121219635,0.15343273262611642
261,0.22652438282966614,0.932459831237793,0.8787725567817688,0.8808315992355347,0.2089457882579051
262,0.22857439517974854,0.9311073422431946,0.8752219676971436,0.8820993900299072,0.235750913790585
263,0.2279200553894043,0.9320371747016907,0.8769972324371338,0.8820993900299072,0.25074704890408644
264,0.2269502729177475,0.9300084710121155,0.8754755854606628,0.8815922737121582,0.2691241428442993
265,0.229365736246109,0.9327134490013123,0.8792797923088074,0.8831135630607605,0.2642132830499237
266,0.2265048772096634,0.9318681359291077,0.8775044679641724,0.8803245425224304,0.23535171837475075
267,0.22522209584712982,0.9314454793930054,0.8775044679641724,0.8831135630607605,0.16710501156578456
268,0.22484752535820007,0.9322062730789185,0.8792797923088074,0.8831135630607605,0.0985559166926652
269,0.22363299131393433,0.9316990375518799,0.8780117034912109,0.8820993900299072,0.06170374973371398
270,0.22434863448143005,0.9328824877738953,0.8769972324371338,0.883874237537384,0.08686845915676798
271,0.22531649470329285,0.932459831237793,0.8754755854606628,0.8843812942504883,0.08278745479907045
272,0.22427575290203094,0.9336432814598083,0.8767436146736145,0.8818458318710327,0.07082407314909127
273,0.22317197918891907,0.9334741830825806,0.8772508502006531,0.8836206793785095,0.07200404557841897
274,0.22483260929584503,0.932459831237793,0.8757292032241821,0.8820993900299072,0.08427692543382638
275,0.22428223490715027,0.9338123202323914,0.8790261745452881,0.8820993900299072,0.1282815333392323
276,0.2260635942220688,0.9329670071601868,0.8790261745452881,0.8818458318710327,0.13239557129081025
277,0.2243010550737381,0.9329670071601868,0.8782653212547302,0.8823529481887817,0.1160757615658968
278,0.2252652794122696,0.9327134490013123,0.8782653212547302,0.8826064467430115,0.08070116949366105
279,0.22611506283283234,0.9340659379959106,0.8777580857276917,0.8836206793785095,0.06902369112785464
280,0.22531428933143616,0.9329670071601868,0.8769972324371338,0.8818458318710327,0.08038251825716067
281,0.22211670875549316,0.9326289296150208,0.8769972324371338,0.8841277956962585,0.08252350699785023
282,0.22416403889656067,0.9335587620735168,0.8792797923088074,0.8841277956962585,0.07677909024228358
283,0.2232731431722641,0.933051586151123,0.8780117034912109,0.883367121219635,0.08209731791625917
284,0.22182266414165497,0.933220624923706,0.8772508502006531,0.883367121219635,0.05801739223441247
285,0.22442124783992767,0.9335587620735168,0.8767436146736145,0.8805781006813049,0.0633734966044462
286,0.22210395336151123,0.9341504573822021,0.8777580857276917,0.8813387155532837,0.08113003921114105
287,0.22385522723197937,0.9333896636962891,0.8757292032241821,0.8820993900299072,0.12034825234853372
288,0.22356274724006653,0.933220624923706,0.8757292032241821,0.8826064467430115,0.1589549788384688
289,0.22231857478618622,0.9333051443099976,0.8767436146736145,0.8805781006813049,0.16588676334701535
290,0.22412963211536407,0.9327979683876038,0.8764899969100952,0.8818458318710327,0.1579560405966897
291,0.22227872908115387,0.933051586151123,0.8782653212547302,0.8820993900299072,0.14092053885984465
292,0.22319713234901428,0.9338123202323914,0.8785189390182495,0.8813387155532837,0.10702448866428275
293,0.2226542830467224,0.9337278008460999,0.8780117034912109,0.8810851573944092,0.07792422529400615
294,0.22171056270599365,0.9331361055374146,0.8780117034912109,0.8818458318710327,0.06418491396741369
295,0.22074268758296967,0.9329670071601868,0.8785189390182495,0.8813387155532837,0.0521415192889856
296,0.22284413874149323,0.9327979683876038,0.8775044679641724,0.8831135630607605,0.06217170856025841
297,0.22260305285453796,0.9333051443099976,0.8790261745452881,0.8818458318710327,0.06036884589406022
298,0.22268351912498474,0.9338123202323914,0.8785189390182495,0.8823529481887817,0.059337015407206026
299,0.22109141945838928,0.933220624923706,0.8769972324371338,0.8818458318710327,0.06754478386789486
300,0.22299297153949738,0.9347421526908875,0.8777580857276917,0.8813387155532837,0.06445685480371495
301,0.22226493060588837,0.9347421526908875,0.8782653212547302,0.8818458318710327,0.06731688964286588
302,0.22206300497055054,0.9338123202323914,0.8767436146736145,0.8798174262046814,0.07262032772301237
303,0.22188878059387207,0.9345731139183044,0.8769972324371338,0.8823529481887817,0.08882455270588752
304,0.22187615931034088,0.9334741830825806,0.8764899969100952,0.8808315992355347,0.0961489913708782
305,0.22255223989486694,0.9349957704544067,0.8775044679641724,0.8813387155532837,0.1109740114738633
306,0.22152024507522583,0.9335587620735168,0.8757292032241821,0.8820993900299072,0.12623182661829618
307,0.22049883008003235,0.9353339076042175,0.8785189390182495,0.8823529481887817,0.15190729763123953
308,0.22245997190475464,0.9323753118515015,0.8759827613830566,0.8810851573944092,0.19305855586774046
309,0.22097676992416382,0.9337278008460999,0.8792797923088074,0.8826064467430115,0.2342011864112269
310,0.22373901307582855,0.9326289296150208,0.8764899969100952,0.8790567517280579,0.2728293396394539
311,0.22608642280101776,0.9329670071601868,0.8782653212547302,0.8810851573944092,0.30795343942131304
312,0.22666653990745544,0.9294167160987854,0.8739538788795471,0.8793103098869324,0.35748058816260864
313,0.22893807291984558,0.9328824877738953,0.8767436146736145,0.8805781006813049,0.4017169689170536
314,0.2262578159570694,0.9328824877738953,0.8767436146736145,0.8798174262046814,0.3784886572556739
315,0.2218788117170334,0.9340659379959106,0.8777580857276917,0.8810851573944092,0.27249303874537056
316,0.2206428050994873,0.9335587620735168,0.8772508502006531,0.8823529481887817,0.11827509311267932
317,0.22109952569007874,0.9327979683876038,0.8767436146736145,0.8800709843635559,0.09090305220345209
318,0.22123198211193085,0.9334741830825806,0.8785189390182495,0.8818458318710327,0.18523860254008923
319,0.2207530438899994,0.9329670071601868,0.874714732170105,0.882860004901886,0.22701678954141835
320,0.2211376428604126,0.935587465763092,0.8782653212547302,0.8810851573944092,0.2019146410429669
321,0.22073857486248016,0.9360946416854858,0.8769972324371338,0.8823529481887817,0.12333721977625978
322,0.2225637137889862,0.935587465763092,0.8772508502006531,0.8813387155532837,0.0656904086320327
323,0.21928241848945618,0.9351648092269897,0.8802942037582397,0.8823529481887817,0.1045502582008766
324,0.21998172998428345,0.9348267316818237,0.8775044679641724,0.8820993900299072,0.1670155020505309
325,0.22135964035987854,0.9358410835266113,0.8790261745452881,0.8818458318710327,0.17508534791368072
326,0.2217370569705963,0.9348267316818237,0.8749683499336243,0.8843812942504883,0.14221342017180516
327,0.22050727903842926,0.9348267316818237,0.8754755854606628,0.8826064467430115,0.0799642142209657
328,0.21857158839702606,0.9360101222991943,0.8790261745452881,0.882860004901886,0.07347448940860844
329,0.2183530181646347,0.9349112510681152,0.8739538788795471,0.8805781006813049,0.11171563110304736
330,0.21911069750785828,0.9341504573822021,0.8792797923088074,0.8820993900299072,0.1762174819616281
331,0.22116656601428986,0.9338123202323914,0.8757292032241821,0.8793103098869324,0.22939075012499105
332,0.22092002630233765,0.9350802898406982,0.8808014392852783,0.882860004901886,0.23187969968191668
333,0.22030426561832428,0.9348267316818237,0.8792797923088074,0.8810851573944092,0.18735825539412695
334,0.2192031592130661,0.9348267316818237,0.8787725567817688,0.8820993900299072,0.09119793403081718
335,0.2190096229314804,0.9351648092269897,0.8815622925758362,0.8820993900299072,0.07539743275812606
336,0.21980717778205872,0.9345731139183044,0.8759827613830566,0.8808315992355347,0.1536077946643011
337,0.22014500200748444,0.935249388217926,0.8802942037582397,0.8810851573944092,0.20108991734420698
338,0.21986226737499237,0.935249388217926,0.8775044679641724,0.8813387155532837,0.20384009792333443
339,0.21968960762023926,0.9360946416854858,0.8790261745452881,0.8841277956962585,0.16736550779244905
340,0.22103765606880188,0.9349112510681152,0.8780117034912109,0.8818458318710327,0.11366064497148352
341,0.21902400255203247,0.9350802898406982,0.8790261745452881,0.8823529481887817,0.06140853591615353
342,0.2187545746564865,0.9366018772125244,0.8777580857276917,0.8823529481887817,0.07747093076883917
343,0.21876713633537292,0.9347421526908875,0.8785189390182495,0.8815922737121582,0.09227146102724842
344,0.2186385989189148,0.9356719851493835,0.8787725567817688,0.8803245425224304,0.09540709508066644
345,0.21750201284885406,0.9351648092269897,0.8772508502006531,0.8820993900299072,0.07292210660301102
346,0.21770665049552917,0.9364327788352966,0.8790261745452881,0.8826064467430115,0.06568514213461069
347,0.21857485175132751,0.9344040751457214,0.8769972324371338,0.8823529481887817,0.07280053318711538
348,0.21946564316749573,0.9360946416854858,0.8769972324371338,0.8813387155532837,0.06879156006299583
349,0.2185571789741516,0.9368554353713989,0.8769972324371338,0.882860004901886,0.06523157920006399
350,0.21690183877944946,0.9362637400627136,0.8785189390182495,0.8826064467430115,0.06765316783415941
351,0.21869772672653198,0.9344885945320129,0.8759827613830566,0.8813387155532837,0.07422982960784066
352,0.21901452541351318,0.9363482594490051,0.8780117034912109,0.8823529481887817,0.09433008818598324
353,0.21935081481933594,0.9351648092269897,0.8762363791465759,0.8808315992355347,0.10153653763198875
354,0.21687503159046173,0.9355029463768005,0.8772508502006531,0.8815922737121582,0.0934876866837565
355,0.21691815555095673,0.9360946416854858,0.8780117034912109,0.882860004901886,0.08046701393631668
356,0.2181309163570404,0.9366863965988159,0.8777580857276917,0.8818458318710327,0.056088583549147523
357,0.21802401542663574,0.9363482594490051,0.8792797923088074,0.8818458318710327,0.06899762051756922
358,0.21759913861751556,0.9363482594490051,0.8792797923088074,0.8826064467430115,0.06120612149126525
359,0.21761967241764069,0.9366018772125244,0.8790261745452881,0.883367121219635,0.06088695052113526
360,0.2155001014471054,0.9366018772125244,0.8785189390182495,0.8818458318710327,0.06489450978793103
361,0.21872147917747498,0.9353339076042175,0.8792797923088074,0.882860004901886,0.09867258414557116
362,0.21909502148628235,0.937616229057312,0.8777580857276917,0.8826064467430115,0.14035645842987574
363,0.2187471240758896,0.9362637400627136,0.8777580857276917,0.8815922737121582,0.16574845436932956
364,0.22021962702274323,0.9360946416854858,0.8775044679641724,0.8815922737121582,0.1913254397005486
365,0.2193169891834259,0.9358410835266113,0.8772508502006531,0.8818458318710327,0.19284046332012966
366,0.21754947304725647,0.9360946416854858,0.8775044679641724,0.8815922737121582,0.16692872179683582
367,0.21695855259895325,0.935418426990509,0.8790261745452881,0.882860004901886,0.10766005431969858
368,0.2192189246416092,0.9349957704544067,0.8790261745452881,0.8826064467430115,0.058449217619934185
369,0.2143944352865219,0.935418426990509,0.8782653212547302,0.8820993900299072,0.07119585205441817
370,0.21760410070419312,0.9351648092269897,0.8749683499336243,0.882860004901886,0.1034065240506216
371,0.2168569713830948,0.9360101222991943,0.8772508502006531,0.8823529481887817,0.13922352576692348
372,0.21795979142189026,0.9351648092269897,0.8764899969100952,0.8810851573944092,0.1756141750250127
373,0.21733270585536957,0.9359256029129028,0.8777580857276917,0.8841277956962585,0.21317970446230342
374,0.21786007285118103,0.9347421526908875,0.8744611144065857,0.8813387155532837,0.23927584295551027
375,0.21853208541870117,0.9358410835266113,0.8764899969100952,0.8815922737121582,0.23214125544096406
376,0.216658353805542,0.935249388217926,0.8769972324371338,0.8808315992355347,0.20584102200082804
377,0.21629080176353455,0.9366018772125244,0.8772508502006531,0.8815922737121582,0.1903531794651945
378,0.21657022833824158,0.9355029463768005,0.8759827613830566,0.8800709843635559,0.15071132823452432
379,0.2173803746700287,0.9363482594490051,0.8767436146736145,0.8803245425224304,0.08776825639434628
380,0.21623198688030243,0.9366863965988159,0.8754755854606628,0.8818458318710327,0.05568606544366852
381,0.2177882343530655,0.9357565641403198,0.8777580857276917,0.8800709843635559,0.09905114874011785
382,0.21841825544834137,0.9360101222991943,0.8780117034912109,0.882860004901886,0.1326840607481973
383,0.21500736474990845,0.9360946416854858,0.8772508502006531,0.8808315992355347,0.15158745195722584
384,0.21696333587169647,0.9368554353713989,0.8797869682312012,0.8831135630607605,0.1518591623962912
385,0.22027535736560822,0.9367709159851074,0.8767436146736145,0.8808315992355347,0.1528775680085884
386,0.21633005142211914,0.937785267829895,0.8795334100723267,0.8826064467430115,0.14309189559415023
387,0.21602420508861542,0.9373626112937927,0.8767436146736145,0.8826064467430115,0.10893755661033555
388,0.21589753031730652,0.9372780919075012,0.8782653212547302,0.8836206793785095,0.07349100673028158
389,0.21662166714668274,0.937447190284729,0.8767436146736145,0.8826064467430115,0.06459590713313625
390,0.21642658114433289,0.9371935725212097,0.8769972324371338,0.8843812942504883,0.05877814581506937
391,0.21669843792915344,0.9372780919075012,0.8777580857276917,0.8831135630607605,0.06549335806036694
392,0.21593691408634186,0.9372780919075012,0.8767436146736145,0.8815922737121582,0.06214911367017249
393,0.2176843285560608,0.937785267829895,0.8785189390182495,0.8810851573944092,0.10076874461565236
394,0.2168254852294922,0.9360101222991943,0.874714732170105,0.8795638680458069,0.166565968398321
395,0.21578454971313477,0.9371090531349182,0.8780117034912109,0.8823529481887817,0.19680454514138238
396,0.21747751533985138,0.9357565641403198,0.8759827613830566,0.8820993900299072,0.19978570175534616
397,0.21949543058872223,0.9375317096710205,0.8792797923088074,0.8820993900299072,0.19019794982222865
398,0.21733590960502625,0.9356719851493835,0.8757292032241821,0.8823529481887817,0.149931823951371
399,0.2155855894088745,0.9360101222991943,0.8764899969100952,0.8810851573944092,0.09126594323961602
400,0.21601615846157074,0.9367709159851074,0.8790261745452881,0.8818458318710327,0.06603684185283233
401,0.21586357057094574,0.9339814186096191,0.8757292032241821,0.8820993900299072,0.16666932975380405
402,0.21884272992610931,0.9356719851493835,0.8787725567817688,0.8810851573944092,0.2730601205969769
403,0.2211679220199585,0.9327134490013123,0.874714732170105,0.8808315992355347,0.3346888797384544
404,0.2210264652967453,0.9366863965988159,0.880547821521759,0.8800709843635559,0.33076114309832827
405,0.218119814991951,0.9364327788352966,0.8769972324371338,0.8800709843635559,0.2708223687104125
406,0.2146209478378296,0.9371935725212097,0.8772508502006531,0.8803245425224304,0.14920242196188155
407,0.21545886993408203,0.9369399547576904,0.8790261745452881,0.8826064467430115,0.07693919989178286
408,0.21621660888195038,0.935587465763092,0.8759827613830566,0.8798174262046814,0.1709787580227896
409,0.21745099127292633,0.9365172982215881,0.8790261745452881,0.8836206793785095,0.21548737312605123
410,0.21541202068328857,0.9362637400627136,0.8752219676971436,0.882860004901886,0.1774253727930389
411,0.2166500836610794,0.9386305809020996,0.8764899969100952,0.883874237537384,0.10422083843661917
412,0.21619141101837158,0.9378697872161865,0.8775044679641724,0.8823529481887817,0.08009320239724048
413,0.2158377766609192,0.9367709159851074,0.8744611144065857,0.8810851573944092,0.14378960494650234
414,0.21664629876613617,0.9385460615158081,0.8780117034912109,0.8841277956962585,0.20196707221278978
415,0.216592475771904,0.9382924437522888,0.8764899969100952,0.8831135630607605,0.1982227743736969
416,0.2163139134645462,0.937447190284729,0.8757292032241821,0.8848884105682373,0.1828385816892301
417,0.21782034635543823,0.9371090531349182,0.8762363791465759,0.8848884105682373,0.15274738029174068
418,0.21572017669677734,0.9375317096710205,0.8754755854606628,0.8846348524093628,0.10266832127256376
419,0.2153494507074356,0.9367709159851074,0.8752219676971436,0.8843812942504883,0.07179712315250811
420,0.21486009657382965,0.9364327788352966,0.8762363791465759,0.8843812942504883,0.05277246270296888
421,0.21535365283489227,0.9369399547576904,0.8764899969100952,0.8841277956962585,0.060107878646208826
422,0.2156311571598053,0.9373626112937927,0.8769972324371338,0.8841277956962585,0.06817675978869633
423,0.2147154062986374,0.9364327788352966,0.8764899969100952,0.8831135630607605,0.05932985343604221
424,0.21554286777973175,0.9370245337486267,0.8777580857276917,0.8836206793785095,0.05969468749427204
425,0.2153436243534088,0.937447190284729,0.8797869682312012,0.8823529481887817,0.06408669257054768
426,0.2152750939130783,0.9366863965988159,0.8754755854606628,0.8836206793785095,0.0764779396012139
427,0.21428519487380981,0.9369399547576904,0.8797869682312012,0.883367121219635,0.09012197206855865
428,0.21444891393184662,0.9368554353713989,0.8759827613830566,0.8815922737121582,0.10560471046808208
429,0.21467943489551544,0.9369399547576904,0.8795334100723267,0.8793103098869324,0.12209609583417441
430,0.21567867696285248,0.9369399547576904,0.8759827613830566,0.8803245425224304,0.14533127633598852
431,0.2144891321659088,0.9371090531349182,0.8782653212547302,0.8793103098869324,0.15265809909181477
432,0.2124815434217453,0.9381234049797058,0.8780117034912109,0.8803245425224304,0.12340485162896264
433,0.21497049927711487,0.9377007484436035,0.8764899969100952,0.8813387155532837,0.0650574882427167
434,0.21327592432498932,0.9380388855934143,0.8787725567817688,0.8815922737121582,0.08385788553085399
435,0.21393169462680817,0.9363482594490051,0.874714732170105,0.8805781006813049,0.15331676228096985
436,0.2152477204799652,0.937616229057312,0.8777580857276917,0.8823529481887817,0.19926634556256625
437,0.21432819962501526,0.9367709159851074,0.8757292032241821,0.8810851573944092,0.19895404478298248
438,0.21609511971473694,0.9389687180519104,0.8767436146736145,0.8813387155532837,0.15155072064287523
439,0.2138904631137848,0.9379543662071228,0.8759827613830566,0.8810851573944092,0.09539111108534873
440,0.2126413732767105,0.9366863965988159,0.8739538788795471,0.882860004901886,0.06210511317468869
441,0.21439111232757568,0.9389687180519104,0.8762363791465759,0.8820993900299072,0.12800041718211697
442,0.2156267762184143,0.9356719851493835,0.8759827613830566,0.8818458318710327,0.21490459633759057
443,0.21606981754302979,0.9390532374382019,0.8767436146736145,0.8826064467430115,0.2541866902816864
444,0.21507926285266876,0.937447190284729,0.8742074966430664,0.8826064467430115,0.22792287831587568
445,0.21414092183113098,0.9391377568244934,0.8772508502006531,0.8826064467430115,0.1468092109675391
446,0.21415536105632782,0.9392223358154297,0.8767436146736145,0.8813387155532837,0.06542492829652058
447,0.21545861661434174,0.9368554353713989,0.8762363791465759,0.8808315992355347,0.14603140535626868
448,0.21478617191314697,0.9385460615158081,0.8759827613830566,0.882860004901886,0.2287094739894144
449,0.21576207876205444,0.937447190284729,0.8744611144065857,0.8826064467430115,0.2531244646027817
450,0.21675434708595276,0.9389687180519104,0.8742074966430664,0.8820993900299072,0.20981966270810404
451,0.21519924700260162,0.9389687180519104,0.8767436146736145,0.883367121219635,0.12419195864260289
452,0.2137642502784729,0.9381234049797058,0.8775044679641724,0.882860004901886,0.05934953763515316
453,0.21376870572566986,0.9379543662071228,0.8772508502006531,0.8826064467430115,0.12069346233381739
454,0.2129964530467987,0.9361792206764221,0.8749683499336243,0.8808315992355347,0.18687477531885446
455,0.21546509861946106,0.9383770227432251,0.8785189390182495,0.8818458318710327,0.22221941172232315
456,0.21390685439109802,0.9369399547576904,0.8754755854606628,0.8823529481887817,0.20282882286758958
457,0.21303753554821014,0.9385460615158081,0.8772508502006531,0.882860004901886,0.13315722325932214
458,0.2121952623128891,0.9381234049797058,0.8787725567817688,0.8820993900299072,0.059800152510188165
459,0.2154989093542099,0.9360946416854858,0.8767436146736145,0.8810851573944092,0.16298386165610912
460,0.217344731092453,0.9377007484436035,0.8782653212547302,0.8808315992355347,0.2497421252540396
461,0.21519890427589417,0.9372780919075012,0.8780117034912109,0.8808315992355347,0.2757668198381963
462,0.2162027657032013,0.9389687180519104,0.8800405859947205,0.8818458318710327,0.24063167574977143
463,0.21492214500904083,0.937616229057312,0.8787725567817688,0.8826064467430115,0.16394234756557213
464,0.21278665959835052,0.937447190284729,0.8785189390182495,0.882860004901886,0.08242327444726893
465,0.21367299556732178,0.9384615421295166,0.8795334100723267,0.8808315992355347,0.07322611945448936
466,0.21325255930423737,0.9364327788352966,0.8769972324371338,0.8820993900299072,0.15529355630206793
467,0.2157546877861023,0.937447190284729,0.8780117034912109,0.8818458318710327,0.2350659053073545
468,0.2139497846364975,0.9373626112937927,0.8777580857276917,0.8826064467430115,0.25822197267592484
469,0.21421612799167633,0.9393913745880127,0.8772508502006531,0.8820993900299072,0.21542108653612657
470,0.21214647591114044,0.9392223358154297,0.8772508502006531,0.8826064467430115,0.12832504647643372
471,0.2139596790075302,0.9372780919075012,0.8754755854606628,0.8831135630607605,0.05950314364474465
472,0.2127550095319748,0.9382079243659973,0.8792797923088074,0.8848884105682373,0.15646182101614303
473,0.21400824189186096,0.9349957704544067,0.8777580857276917,0.8818458318710327,0.2597872625175602
474,0.21667535603046417,0.9379543662071228,0.8790261745452881,0.8853955268859863,0.3134193380016458
475,0.2156207114458084,0.9362637400627136,0.8777580857276917,0.8798174262046814,0.2947883054314939
476,0.2132214605808258,0.9387151002883911,0.8780117034912109,0.8823529481887817,0.18744227612327266
477,0.21334072947502136,0.9380388855934143,0.8777580857276917,0.883874237537384,0.06544959346931387
478,0.2165389060974121,0.9344885945320129,0.8759827613830566,0.8798174262046814,0.24392524515712719
479,0.21780957281589508,0.9373626112937927,0.8797869682312012,0.8826064467430115,0.3538850240211798
480,0.2170410007238388,0.9360946416854858,0.8762363791465759,0.8805781006813049,0.336766666325666
481,0.21197061240673065,0.937785267829895,0.8769972324371338,0.8831135630607605,0.19884166071603185
482,0.21396410465240479,0.9387151002883911,0.8764899969100952,0.8815922737121582,0.062055121254485084
483,0.2121022790670395,0.9349957704544067,0.8752219676971436,0.8793103098869324,0.19929962785988387
484,0.21596185863018036,0.9383770227432251,0.8777580857276917,0.8800709843635559,0.3005458427327387
485,0.21309754252433777,0.9369399547576904,0.8762363791465759,0.8818458318710327,0.2791936913714456
486,0.21257224678993225,0.9378697872161865,0.8769972324371338,0.883367121219635,0.15441872054628367
487,0.2124909609556198,0.9390532374382019,0.8772508502006531,0.8813387155532837,0.06099977665188718
488,0.2148018628358841,0.9363482594490051,0.8749683499336243,0.8818458318710327,0.16600819216727575
489,0.21330749988555908,0.9381234049797058,0.8775044679641724,0.8803245425224304,0.22181776355880842
490,0.2139601856470108,0.9382924437522888,0.8782653212547302,0.882860004901886,0.19892186236547696
491,0.21116739511489868,0.9394758939743042,0.8780117034912109,0.8841277956962585,0.10724830401018168
492,0.21185095608234406,0.9392223358154297,0.8790261745452881,0.8810851573944092,0.0617740162837865
493,0.2134207934141159,0.937616229057312,0.8790261745452881,0.8823529481887817,0.14741059416541547
494,0.21303130686283112,0.9393913745880127,0.8777580857276917,0.8836206793785095,0.16873151642815862
495,0.21263329684734344,0.9392223358154297,0.8769972324371338,0.8848884105682373,0.1213326945283052
496,0.21296201646327972,0.9394758939743042,0.8780117034912109,0.8843812942504883,0.05718104921730988
497,0.21302856504917145,0.9390532374382019,0.8785189390182495,0.883367121219635,0.11645189292699583
498,0.21495573222637177,0.9390532374382019,0.8767436146736145,0.8826064467430115,0.19012711968630905
499,0.21336978673934937,0.9386305809020996,0.8767436146736145,0.8820993900299072,0.19041532674767647
500,0.21296851336956024,0.9386305809020996,0.8790261745452881,0.8820993900299072,0.11792260982256607
501,0.21149149537086487,0.9382924437522888,0.8762363791465759,0.8820993900299072,0.06467017114820893
502,0.21269741654396057,0.9386305809020996,0.8780117034912109,0.8818458318710327,0.11349302786824471
503,0.2122165411710739,0.9382079243659973,0.8767436146736145,0.8823529481887817,0.14931507021896942
504,0.2111300528049469,0.9387151002883911,0.8777580857276917,0.8818458318710327,0.13189878442090117
505,0.2123667448759079,0.9389687180519104,0.8772508502006531,0.8818458318710327,0.08306256017935061
506,0.2112838327884674,0.9375317096710205,0.8757292032241821,0.8823529481887817,0.06182549366357544
507,0.21404403448104858,0.939644992351532,0.8787725567817688,0.8823529481887817,0.10629755552193877
508,0.21462082862854004,0.9382924437522888,0.8769972324371338,0.8823529481887817,0.1564612496084229
509,0.2138737142086029,0.9393913745880127,0.8767436146736145,0.8818458318710327,0.14253491585276346
510,0.2131848782300949,0.9397295117378235,0.8777580857276917,0.8823529481887817,0.08608816090223638
511,0.2114863246679306,0.9378697872161865,0.8775044679641724,0.8818458318710327,0.08231727073935334
512,0.21261367201805115,0.9393068552017212,0.8775044679641724,0.8823529481887817,0.12271660091875246
513,0.21334555745124817,0.9382924437522888,0.8762363791465759,0.8823529481887817,0.1502041277924895
514,0.2145649790763855,0.9403212070465088,0.8787725567817688,0.8815922737121582,0.14351624445250707
515,0.2118009328842163,0.9393068552017212,0.8792797923088074,0.8841277956962585,0.12602814508753551
516,0.21175681054592133,0.9391377568244934,0.8795334100723267,0.8836206793785095,0.07041131897816252
517,0.21414434909820557,0.9393068552017212,0.8780117034912109,0.8823529481887817,0.07773566953836354
518,0.21142522990703583,0.9384615421295166,0.8780117034912109,0.8818458318710327,0.07456082873671335
519,0.21250870823860168,0.9387996792793274,0.8769972324371338,0.8820993900299072,0.0681209197552286
520,0.2116919904947281,0.9388841986656189,0.8780117034912109,0.8836206793785095,0.08002149017432653
521,0.2125885784626007,0.939814031124115,0.8787725567817688,0.8815922737121582,0.08130862072491833
522,0.21134686470031738,0.9394758939743042,0.8769972324371338,0.8831135630607605,0.09018322130703277
523,0.21174611151218414,0.9393913745880127,0.8780117034912109,0.8815922737121582,0.09171871140223213
524,0.21212530136108398,0.9394758939743042,0.8785189390182495,0.8826064467430115,0.07863426991523575
525,0.21140101552009583,0.9391377568244934,0.8769972324371338,0.883367121219635,0.05574574254694316
526,0.2109198123216629,0.9391377568244934,0.8767436146736145,0.8813387155532837,0.07450430203560246
527,0.21352414786815643,0.9386305809020996,0.8759827613830566,0.8831135630607605,0.11282610891813641
528,0.2103295624256134,0.9393068552017212,0.8757292032241821,0.883367121219635,0.12172420685915496
529,0.21144860982894897,0.937616229057312,0.8762363791465759,0.8823529481887817,0.12484064281386244
530,0.21158795058727264,0.9391377568244934,0.8780117034912109,0.8823529481887817,0.13268828350538445
531,0.2118474841117859,0.9379543662071228,0.8752219676971436,0.8810851573944092,0.14112990545506693
532,0.2115720808506012,0.9390532374382019,0.8772508502006531,0.8823529481887817,0.1254303881908303
533,0.21064671874046326,0.9387996792793274,0.8777580857276917,0.8826064467430115,0.08188658009139459
534,0.20998871326446533,0.9387151002883911,0.8769972324371338,0.883874237537384,0.05850542206164318
535,0.21303731203079224,0.9390532374382019,0.8767436146736145,0.883367121219635,0.0836979518537551
536,0.212661013007164,0.9388841986656189,0.8775044679641724,0.8826064467430115,0.11029286639718265
537,0.21165229380130768,0.9391377568244934,0.8762363791465759,0.8818458318710327,0.11880460408256484
538,0.21302910149097443,0.939814031124115,0.8772508502006531,0.8823529481887817,0.09805589526903748
539,0.21071581542491913,0.9400675892829895,0.8775044679641724,0.883367121219635,0.0768794716875826
540,0.2086748480796814,0.9389687180519104,0.8764899969100952,0.882860004901886,0.06576295478457676
541,0.21105580031871796,0.9390532374382019,0.8780117034912109,0.8813387155532837,0.07988125170117366
542,0.210182785987854,0.9397295117378235,0.8775044679641724,0.8813387155532837,0.0798019660335402
543,0.2125193327665329,0.9387151002883911,0.8782653212547302,0.8818458318710327,0.08034164992881326
544,0.21185095608234406,0.9393068552017212,0.8777580857276917,0.8815922737121582,0.08053982061344962
545,0.21241167187690735,0.9393913745880127,0.8795334100723267,0.8831135630607605,0.06344402262145112
546,0.21018381416797638,0.9393913745880127,0.8775044679641724,0.8826064467430115,0.06363574504911447
547,0.21027784049510956,0.9387996792793274,0.8777580857276917,0.8823529481887817,0.05104512680724451
548,0.21036000549793243,0.9388841986656189,0.8769972324371338,0.8818458318710327,0.0647783564819172
549,0.21191611886024475,0.9403212070465088,0.8775044679641724,0.8823529481887817,0.06028230871971756
550,0.2108469158411026,0.9393068552017212,0.8764899969100952,0.8826064467430115,0.07116643606913511
551,0.21244490146636963,0.9404057264328003,0.8769972324371338,0.8818458318710327,0.06901462744879283
552,0.21305252611637115,0.9397295117378235,0.8769972324371338,0.882860004901886,0.07647863044262335
553,0.21087731420993805,0.9398985505104065,0.8772508502006531,0.8808315992355347,0.08855238826013807
554,0.21151810884475708,0.9379543662071228,0.8767436146736145,0.8841277956962585,0.10301268423705967
555,0.2100878208875656,0.9397295117378235,0.8767436146736145,0.8815922737121582,0.11797698380444854
556,0.21083784103393555,0.9384615421295166,0.8772508502006531,0.8843812942504883,0.1177390152532827
557,0.21087023615837097,0.939814031124115,0.8780117034912109,0.882860004901886,0.09655088812740993
558,0.21015603840351105,0.9409129023551941,0.8780117034912109,0.8818458318710327,0.06052927848650295
559,0.21150760352611542,0.9387151002883911,0.8764899969100952,0.8841277956962585,0.07262489986083726
560,0.21017280220985413,0.9400675892829895,0.8800405859947205,0.8826064467430115,0.07227820905506316
561,0.21175606548786163,0.9387996792793274,0.8762363791465759,0.8820993900299072,0.08000187209468607
562,0.21036051213741302,0.9394758939743042,0.8785189390182495,0.8815922737121582,0.08404748261492964
563,0.21113906800746918,0.9391377568244934,0.8767436146736145,0.8820993900299072,0.0838204399289834
564,0.2116241455078125,0.9395604133605957,0.8780117034912109,0.8813387155532837,0.08849832090964452
565,0.21049946546554565,0.9387996792793274,0.8777580857276917,0.8841277956962585,0.103528303846515
566,0.21187831461429596,0.939814031124115,0.8785189390182495,0.8815922737121582,0.11442081630910614
567,0.2114865779876709,0.9391377568244934,0.8777580857276917,0.8836206793785095,0.12223771238584652
568,0.21033857762813568,0.939644992351532,0.8775044679641724,0.8813387155532837,0.11617015843595394
569,0.21101899445056915,0.9392223358154297,0.8775044679641724,0.8841277956962585,0.10001606742620277
570,0.2109147161245346,0.9409974813461304,0.8777580857276917,0.8820993900299072,0.09240435114481849
571,0.2093200981616974,0.939983069896698,0.8780117034912109,0.8836206793785095,0.09066766811434572
572,0.21138891577720642,0.9402366876602173,0.8764899969100952,0.8805781006813049,0.0942770233218094
573,0.21107515692710876,0.9389687180519104,0.8767436146736145,0.8841277956962585,0.11260891756640146
574,0.210394948720932,0.9405748248100281,0.8762363791465759,0.8823529481887817,0.1267610795811129
575,0.21097737550735474,0.9388841986656189,0.8772508502006531,0.8826064467430115,0.13339139383404078
576,0.210863396525383,0.9393068552017212,0.8764899969100952,0.8831135630607605,0.13430567442524874
577,0.21094657480716705,0.9379543662071228,0.8775044679641724,0.8810851573944092,0.14832597987402024
578,0.21063730120658875,0.9397295117378235,0.8790261745452881,0.8823529481887817,0.1608174409023177
579,0.2109338641166687,0.9384615421295166,0.8772508502006531,0.8820993900299072,0.15520100168708306
580,0.20996779203414917,0.939983069896698,0.8787725567817688,0.8815922737121582,0.14463586112128524
581,0.21033920347690582,0.9391377568244934,0.8772508502006531,0.8820993900299072,0.14358460406442136
582,0.21061654388904572,0.9403212070465088,0.8775044679641724,0.882860004901886,0.10726997340845572
583,0.21147458255290985,0.9402366876602173,0.8764899969100952,0.883367121219635,0.0652545061032878
584,0.2108522206544876,0.9395604133605957,0.8785189390182495,0.8815922737121582,0.06919876479309414
585,0.21208250522613525,0.9400675892829895,0.8790261745452881,0.8813387155532837,0.09933733136461526
586,0.21032415330410004,0.939644992351532,0.8785189390182495,0.8826064467430115,0.10519885094805159
587,0.21205826103687286,0.9403212070465088,0.8782653212547302,0.883874237537384,0.09948599003986583
588,0.20854692161083221,0.9409129023551941,0.8782653212547302,0.8836206793785095,0.08120437403063244
589,0.20986180007457733,0.9405748248100281,0.8792797923088074,0.8841277956962585,0.06450333639533902
590,0.21025530993938446,0.9407438635826111,0.8795334100723267,0.883874237537384,0.056939264256503926
591,0.21065488457679749,0.9390532374382019,0.8790261745452881,0.883874237537384,0.06485051458386464
592,0.20732572674751282,0.939814031124115,0.8790261745452881,0.8826064467430115,0.08845085945792275
593,0.20968757569789886,0.9380388855934143,0.8742074966430664,0.882860004901886,0.12789982672326777
594,0.2109367549419403,0.939983069896698,0.8795334100723267,0.8843812942504883,0.18393495433789528
595,0.21161074936389923,0.939644992351532,0.8767436146736145,0.8815922737121582,0.2055562176028486
596,0.21281883120536804,0.9405748248100281,0.8782653212547302,0.883874237537384,0.19698819497209763
597,0.21272549033164978,0.9394758939743042,0.8769972324371338,0.8823529481887817,0.16029233042336385
598,0.2105749249458313,0.9398985505104065,0.8769972324371338,0.883367121219635,0.09484248385134317
599,0.2117007076740265,0.9408283829689026,0.8780117034912109,0.8808315992355347,0.06789567704468567
600,0.2122134268283844,0.9391377568244934,0.8754755854606628,0.8808315992355347,0.10780794194786764
601,0.2101236879825592,0.939983069896698,0.8780117034912109,0.8810851573944092,0.1645675213667086
602,0.21106772124767303,0.9385460615158081,0.8742074966430664,0.8813387155532837,0.2222168473693356
603,0.21051950752735138,0.9397295117378235,0.8775044679641724,0.8813387155532837,0.24920352394527867
604,0.2119848132133484,0.9390532374382019,0.8754755854606628,0.8815922737121582,0.25194971204784544
605,0.21216608583927155,0.9403212070465088,0.8775044679641724,0.8795638680458069,0.21747977526477727
606,0.21095587313175201,0.9406593441963196,0.8782653212547302,0.883367121219635,0.14022608878291382
607,0.20874415338039398,0.9392223358154297,0.8775044679641724,0.8808315992355347,0.0653221095003308
608,0.20997191965579987,0.9393913745880127,0.8787725567817688,0.8831135630607605,0.149394135956951
609,0.2127162367105484,0.935418426990509,0.8769972324371338,0.8798174262046814,0.2808419943674669
610,0.21349979937076569,0.9381234049797058,0.8767436146736145,0.8826064467430115,0.3733128440866684
611,0.21488192677497864,0.9366863965988159,0.8762363791465759,0.8805781006813049,0.38675196834154896
612,0.21396517753601074,0.9394758939743042,0.8790261745452881,0.8836206793785095,0.31150743576435824
613,0.20989075303077698,0.9402366876602173,0.8787725567817688,0.8820993900299072,0.16203146930205145
614,0.20940816402435303,0.9380388855934143,0.874714732170105,0.8831135630607605,0.07601414535292732
615,0.21421757340431213,0.9386305809020996,0.8767436146736145,0.8846348524093628,0.22247055883566388
616,0.21312300860881805,0.9367709159851074,0.8759827613830566,0.8805781006813049,0.2927947618249033
617,0.21122980117797852,0.939644992351532,0.8790261745452881,0.8813387155532837,0.2418966613053665
618,0.20869235694408417,0.9391377568244934,0.8790261745452881,0.8813387155532837,0.10139727095747693
619,0.20850597321987152,0.9377007484436035,0.8749683499336243,0.8808315992355347,0.11902477049490955
620,0.21170809864997864,0.9383770227432251,0.8757292032241821,0.8803245425224304,0.2565876712760042
621,0.2126520574092865,0.9370245337486267,0.8762363791465759,0.8808315992355347,0.32535339041234745
622,0.21235384047031403,0.9393068552017212,0.8772508502006531,0.8820993900299072,0.2862891832686709
623,0.21058505773544312,0.9405748248100281,0.8769972324371338,0.883874237537384,0.1652769897302372
624,0.207983136177063,0.9392223358154297,0.8762363791465759,0.8836206793785095,0.059569112349952796
625,0.20980483293533325,0.9388841986656189,0.8769972324371338,0.882860004901886,0.15621130675382197
626,0.2085009217262268,0.9370245337486267,0.8762363791465759,0.8810851573944092,0.23435346071664975
627,0.21064767241477966,0.9390532374382019,0.8762363791465759,0.8815922737121582,0.26478157959032944
628,0.21127916872501373,0.9388841986656189,0.8754755854606628,0.8831135630607605,0.23318143056032503
629,0.21020206809043884,0.9401521682739258,0.8780117034912109,0.8810851573944092,0.13778562785487544
630,0.2100403755903244,0.9407438635826111,0.8780117034912109,0.8818458318710327,0.06448383214276046
631,0.21130584180355072,0.9402366876602173,0.8769972324371338,0.8836206793785095,0.12428050631766895
632,0.21107329428195953,0.9404057264328003,0.8775044679641724,0.8823529481887817,0.15857902819851977
633,0.20988672971725464,0.9400675892829895,0.8780117034912109,0.8820993900299072,0.11083169888302805
634,0.20925725996494293,0.9393913745880127,0.8772508502006531,0.8820993900299072,0.0711146621852431
635,0.2083238810300827,0.9400675892829895,0.8782653212547302,0.883874237537384,0.09333799568698865
636,0.21033860743045807,0.9386305809020996,0.8775044679641724,0.8823529481887817,0.13712439219139155
637,0.20922863483428955,0.9402366876602173,0.8777580857276917,0.8813387155532837,0.15893903331935563
638,0.21207527816295624,0.939983069896698,0.8780117034912109,0.8826064467430115,0.1575996671456237
639,0.21000617742538452,0.9414201378822327,0.8780117034912109,0.8836206793785095,0.11126249126509097
640,0.20919504761695862,0.9403212070465088,0.8792797923088074,0.883367121219635,0.0714914916980989
641,0.20829616487026215,0.9387151002883911,0.8775044679641724,0.8831135630607605,0.07674296604327611
642,0.21240797638893127,0.9404057264328003,0.8777580857276917,0.8831135630607605,0.1010146761658623
643,0.20957788825035095,0.9386305809020996,0.8785189390182495,0.8831135630607605,0.10766196778869634
644,0.2096778154373169,0.9406593441963196,0.8790261745452881,0.8815922737121582,0.11314836290466679
645,0.20946471393108368,0.9395604133605957,0.880547821521759,0.8831135630607605,0.11307299412345315
646,0.2092607468366623,0.9404902458190918,0.8795334100723267,0.8820993900299072,0.0980540290580936
647,0.21140748262405396,0.9397295117378235,0.8792797923088074,0.8831135630607605,0.07419592166618738
648,0.20907647907733917,0.9404902458190918,0.8772508502006531,0.8826064467430115,0.08340370228812743
649,0.21009153127670288,0.9389687180519104,0.8772508502006531,0.8823529481887817,0.10062616278186653
650,0.20956316590309143,0.9403212070465088,0.8754755854606628,0.8823529481887817,0.12911751938155355
651,0.20976486802101135,0.9393913745880127,0.8757292032241821,0.8823529481887817,0.15005185752715958
652,0.20929695665836334,0.9393913745880127,0.8752219676971436,0.8820993900299072,0.1631153094828659
653,0.2105657011270523,0.9402366876602173,0.8767436146736145,0.883367121219635,0.15804467182984136
654,0.20927292108535767,0.9405748248100281,0.8772508502006531,0.8836206793785095,0.11034979153058387
655,0.2085573524236679,0.9403212070465088,0.8767436146736145,0.8823529481887817,0.06550432731570144
656,0.21055515110492706,0.9397295117378235,0.8785189390182495,0.883367121219635,0.08397851980911371
657,0.2101154327392578,0.9401521682739258,0.8777580857276917,0.883367121219635,0.11131867932180503
658,0.2091769278049469,0.9410820007324219,0.8782653212547302,0.8831135630607605,0.1097617762181212
659,0.2096501737833023,0.9409974813461304,0.8780117034912109,0.8820993900299072,0.09951942262193315
660,0.20895612239837646,0.9416736960411072,0.8777580857276917,0.883874237537384,0.0990139012668163
661,0.21232183277606964,0.942772626876831,0.8787725567817688,0.8818458318710327,0.08710918410142406
662,0.21131058037281036,0.9420963525772095,0.8775044679641724,0.8818458318710327,0.06802968403683617
663,0.20918653905391693,0.9416736960411072,0.8782653212547302,0.8836206793785095,0.063761662127439
664,0.2104291021823883,0.9411665201187134,0.8769972324371338,0.8818458318710327,0.07682373529024414
665,0.20791003108024597,0.939644992351532,0.8759827613830566,0.8831135630607605,0.09465477153380397
666,0.21123385429382324,0.9414201378822327,0.8782653212547302,0.8815922737121582,0.10385950762360253
667,0.2100365161895752,0.9409974813461304,0.8782653212547302,0.883367121219635,0.1004711677126731
668,0.21046973764896393,0.9410820007324219,0.8780117034912109,0.8815922737121582,0.0820782401920097
669,0.20810405910015106,0.9416736960411072,0.8780117034912109,0.8820993900299072,0.06461017271336242
670,0.2098066657781601,0.9415891766548157,0.8785189390182495,0.882860004901886,0.06032167999371871
671,0.20911315083503723,0.9408283829689026,0.8795334100723267,0.8823529481887817,0.08282131391683017
672,0.2090739756822586,0.9412510395050049,0.8785189390182495,0.883367121219635,0.09168888292204899
673,0.20934298634529114,0.9415891766548157,0.8785189390182495,0.8808315992355347,0.08246166411792724
674,0.20843584835529327,0.9416736960411072,0.8790261745452881,0.8820993900299072,0.0685958994328532
675,0.20729829370975494,0.9408283829689026,0.8769972324371338,0.883367121219635,0.07023850357351295
676,0.2086285799741745,0.9411665201187134,0.8785189390182495,0.8831135630607605,0.09381735184345108
677,0.2096949815750122,0.9405748248100281,0.8769972324371338,0.883874237537384,0.11239930323697839
678,0.2097088098526001,0.9417582154273987,0.8782653212547302,0.8820993900299072,0.11613381260297818
679,0.2075885385274887,0.9395604133605957,0.8762363791465759,0.8841277956962585,0.13985698875382732
680,0.210028737783432,0.9410820007324219,0.8777580857276917,0.8836206793785095,0.15808379732886274
681,0.2085086852312088,0.9392223358154297,0.8782653212547302,0.882860004901886,0.14571117944225878
682,0.20948413014411926,0.9409129023551941,0.8780117034912109,0.883874237537384,0.12055105499751254
683,0.20885318517684937,0.9395604133605957,0.8792797923088074,0.883874237537384,0.09856231866620298
684,0.21018150448799133,0.9411665201187134,0.8787725567817688,0.883874237537384,0.0927717719371668
685,0.2077943980693817,0.9406593441963196,0.8777580857276917,0.8836206793785095,0.09252866650262208
686,0.20952960848808289,0.9404902458190918,0.880547821521759,0.8836206793785095,0.0932614081850985
687,0.2097497284412384,0.9394758939743042,0.8777580857276917,0.8823529481887817,0.10274457302916103
688,0.2103472352027893,0.9410820007324219,0.8802942037582397,0.8831135630607605,0.11397217565382022
689,0.21081210672855377,0.9393068552017212,0.8769972324371338,0.8815922737121582,0.12729279430291968
690,0.20963554084300995,0.9405748248100281,0.8802942037582397,0.8843812942504883,0.1415055380997638
691,0.20949499309062958,0.9398985505104065,0.8780117034912109,0.8818458318710327,0.1629402498479969
692,0.20934590697288513,0.9401521682739258,0.8795334100723267,0.883874237537384,0.16592088785390552
693,0.20784892141819,0.9407438635826111,0.8797869682312012,0.8805781006813049,0.14326917154713362
694,0.20997582376003265,0.9415046572685242,0.8790261745452881,0.8813387155532837,0.09533614147899874
695,0.20787283778190613,0.9419273138046265,0.8780117034912109,0.8813387155532837,0.05897731677036849
696,0.21150025725364685,0.9409974813461304,0.8792797923088074,0.8826064467430115,0.08731240475323968
697,0.2095317840576172,0.9414201378822327,0.8787725567817688,0.8813387155532837,0.10097376005131749
698,0.20980384945869446,0.9415891766548157,0.8790261745452881,0.8820993900299072,0.08996963144132127
699,0.20952515304088593,0.941842794418335,0.8797869682312012,0.8818458318710327,0.08869365557723993
700,0.20709216594696045,0.9393068552017212,0.8769972324371338,0.8820993900299072,0.09560782867629601
701,0.20749595761299133,0.9414201378822327,0.8795334100723267,0.882860004901886,0.11019212856145025
702,0.20960403978824615,0.9402366876602173,0.8764899969100952,0.8815922737121582,0.10554099325070321
703,0.20885993540287018,0.9411665201187134,0.8777580857276917,0.8813387155532837,0.10859730871017109
704,0.20802611112594604,0.9387151002883911,0.8775044679641724,0.8815922737121582,0.1400565552610726
705,0.20920510590076447,0.9406593441963196,0.8785189390182495,0.8813387155532837,0.16859022387117711
706,0.20962271094322205,0.939644992351532,0.8777580857276917,0.8831135630607605,0.1688800733652747
707,0.21033595502376556,0.9410820007324219,0.8767436146736145,0.8831135630607605,0.13404535592312294
708,0.20852617919445038,0.9412510395050049,0.8787725567817688,0.8836206793785095,0.1001955257428694
709,0.21002869307994843,0.9405748248100281,0.8782653212547302,0.883874237537384,0.058345102065312945
710,0.20850248634815216,0.9404057264328003,0.8785189390182495,0.8843812942504883,0.1102404795218465
711,0.20896758139133453,0.9389687180519104,0.8775044679641724,0.883367121219635,0.1803599316426327
712,0.20927470922470093,0.9401521682739258,0.8800405859947205,0.8831135630607605,0.22472963678504107
713,0.21004045009613037,0.9386305809020996,0.8777580857276917,0.883367121219635,0.24565633961578032
714,0.21029992401599884,0.939983069896698,0.8780117034912109,0.883367121219635,0.24508724062956125
715,0.20929130911827087,0.939644992351532,0.8785189390182495,0.8818458318710327,0.21013114750722647
716,0.2088635414838791,0.9415046572685242,0.8764899969100952,0.8820993900299072,0.12827894929580083
717,0.21136482059955597,0.9415891766548157,0.8772508502006531,0.8831135630607605,0.0605337590122022
718,0.20767460763454437,0.9384615421295166,0.8772508502006531,0.8808315992355347,0.16375711761288117
719,0.21160903573036194,0.9393068552017212,0.8800405859947205,0.8826064467430115,0.2831820230905317
720,0.2140180468559265,0.9380388855934143,0.8762363791465759,0.8800709843635559,0.35567018348102414
721,0.20977668464183807,0.9409129023551941,0.8785189390182495,0.882860004901886,0.3383997938939617
722,0.2108924686908722,0.9404902458190918,0.8772508502006531,0.8823529481887817,0.25099862443891213
723,0.20712506771087646,0.9415046572685242,0.8775044679641724,0.8831135630607605,0.1415740583999094
724,0.2083289921283722,0.9412510395050049,0.8790261745452881,0.8818458318710327,0.07039456937648719
725,0.20937123894691467,0.939983069896698,0.8757292032241821,0.882860004901886,0.09460352873600006
726,0.207267627120018,0.9415891766548157,0.8780117034912109,0.8815922737121582,0.1593875401239522
727,0.20758821070194244,0.9393913745880127,0.874714732170105,0.882860004901886,0.200146249575604
728,0.20836812257766724,0.9414201378822327,0.8772508502006531,0.8826064467430115,0.20055791131996592
729,0.20639826357364655,0.9401521682739258,0.8772508502006531,0.8823529481887817,0.17440096285447332
730,0.20713397860527039,0.9400675892829895,0.8780117034912109,0.8813387155532837,0.11466971168654273
731,0.21041782200336456,0.9407438635826111,0.8775044679641724,0.8820993900299072,0.06315030533946393
732,0.20809750258922577,0.9403212070465088,0.8762363791465759,0.8848884105682373,0.0973586542798107
733,0.20965872704982758,0.9413355588912964,0.8757292032241821,0.8826064467430115,0.17576254672313166
734,0.21017275750637054,0.939644992351532,0.8757292032241821,0.8831135630607605,0.2506984110122738
735,0.2100675106048584,0.9402366876602173,0.8767436146736145,0.8831135630607605,0.2721195972220784
736,0.21158097684383392,0.9405748248100281,0.8785189390182495,0.882860004901886,0.2159890078336266
737,0.20634371042251587,0.9408283829689026,0.8777580857276917,0.882860004901886,0.10919865806629163
738,0.2075847089290619,0.9398985505104065,0.8764899969100952,0.883367121219635,0.07898466007277496
739,0.20937782526016235,0.9377007484436035,0.8775044679641724,0.8803245425224304,0.2163549258155501
740,0.2101178616285324,0.9400675892829895,0.8797869682312012,0.8859026432037354,0.31628761773649866
741,0.20907732844352722,0.939814031124115,0.8780117034912109,0.8815922737121582,0.31004605195162455
742,0.2091474086046219,0.9408283829689026,0.8769972324371338,0.8836206793785095,0.18874047814670644
743,0.20720098912715912,0.9408283829689026,0.8782653212547302,0.883874237537384,0.06007519991139828
744,0.20921258628368378,0.9387996792793274,0.8790261745452881,0.8803245425224304,0.17770008198078222
745,0.21035850048065186,0.9411665201187134,0.8775044679641724,0.8820993900299072,0.23785455137512343
746,0.20988032221794128,0.9406593441963196,0.8777580857276917,0.8836206793785095,0.19183584870859927
747,0.20792680978775024,0.9409129023551941,0.8787725567817688,0.882860004901886,0.08788982399684764
748,0.2098848670721054,0.9414201378822327,0.8780117034912109,0.8820993900299072,0.08110470805541788
749,0.205791175365448,0.9388841986656189,0.8775044679641724,0.8813387155532837,0.1415891173061385
750,0.21062925457954407,0.9411665201187134,0.8764899969100952,0.8820993900299072,0.17077963850959166
751,0.20949287712574005,0.9406593441963196,0.8787725567817688,0.8823529481887817,0.1502382795231948
752,0.20814843475818634,0.9412510395050049,0.8787725567817688,0.8831135630607605,0.08512670950892268
753,0.20791764557361603,0.9412510395050049,0.8782653212547302,0.882860004901886,0.07495615744599635
754,0.20907971262931824,0.9392223358154297,0.8749683499336243,0.8805781006813049,0.1603210262310627
755,0.20972318947315216,0.9406593441963196,0.8785189390182495,0.883874237537384,0.21962406464902134
756,0.20882923901081085,0.9392223358154297,0.8749683499336243,0.8800709843635559,0.22429494225610144
757,0.20841556787490845,0.9413355588912964,0.8787725567817688,0.8813387155532837,0.1721020558916762
758,0.20644238591194153,0.9417582154273987,0.8762363791465759,0.8813387155532837,0.0999239031479376
759,0.2080259919166565,0.9409974813461304,0.8757292032241821,0.8805781006813049,0.062265987783429205
760,0.20810633897781372,0.9410820007324219,0.8785189390182495,0.8823529481887817,0.08663364356522943
761,0.2080909013748169,0.9408283829689026,0.8767436146736145,0.8815922737121582,0.12854286718829072
762,0.20828519761562347,0.9415891766548157,0.8775044679641724,0.882860004901886,0.13639131127401044
763,0.20628564059734344,0.9415046572685242,0.8775044679641724,0.8836206793785095,0.09127481046743424
764,0.20804144442081451,0.9398985505104065,0.8775044679641724,0.8823529481887817,0.07907900379742991
765,0.20849651098251343,0.9413355588912964,0.8777580857276917,0.8818458318710327,0.13838484670963994
766,0.2070079743862152,0.9395604133605957,0.8780117034912109,0.8820993900299072,0.17377656387671134
767,0.20915581285953522,0.9404902458190918,0.8769972324371338,0.883367121219635,0.16781166404998962
768,0.20713777840137482,0.9408283829689026,0.8762363791465759,0.883874237537384,0.1468268878346536
769,0.20796678960323334,0.9409129023551941,0.8767436146736145,0.8831135630607605,0.10387892736872052
770,0.20759925246238708,0.9403212070465088,0.8754755854606628,0.8836206793785095,0.0705959033674333
771,0.2083677053451538,0.9403212070465088,0.8772508502006531,0.883367121219635,0.09209746212146838
772,0.20929273962974548,0.9414201378822327,0.8769972324371338,0.883367121219635,0.11270695554453139
773,0.2087818831205368,0.9392223358154297,0.8782653212547302,0.8836206793785095,0.1386625682304336
774,0.20803913474082947,0.9412510395050049,0.8769972324371338,0.8841277956962585,0.12895764997912168
775,0.20892015099525452,0.939644992351532,0.8777580857276917,0.8826064467430115,0.13920723312004185
776,0.21016770601272583,0.9419273138046265,0.8769972324371338,0.8818458318710327,0.129911680515759
777,0.20807118713855743,0.9413355588912964,0.8782653212547302,0.883367121219635,0.11177349145500548
778,0.20955592393875122,0.9424344897270203,0.8782653212547302,0.883367121219635,0.08876728159818838
779,0.205475851893425,0.9425190091133118,0.8772508502006531,0.8813387155532837,0.06210133530572543
780,0.20781759917736053,0.942180871963501,0.8785189390182495,0.8823529481887817,0.07468969693017988
781,0.20796552300453186,0.9419273138046265,0.8792797923088074,0.8818458318710327,0.07442743535675884
782,0.20946532487869263,0.9428571462631226,0.8782653212547302,0.8818458318710327,0.06420324964356883
783,0.2066987007856369,0.9414201378822327,0.8790261745452881,0.8813387155532837,0.06557662683067134
784,0.20614281296730042,0.9412510395050049,0.8790261745452881,0.8813387155532837,0.06597168264984879
785,0.20715540647506714,0.9408283829689026,0.8775044679641724,0.8810851573944092,0.06956091827970876
786,0.20867188274860382,0.9413355588912964,0.8780117034912109,0.8826064467430115,0.07014753337331119
787,0.2066117376089096,0.9411665201187134,0.8772508502006531,0.8836206793785095,0.08619816488239249
788,0.2089347243309021,0.9409129023551941,0.8782653212547302,0.8831135630607605,0.07378105907997187
789,0.20534665882587433,0.9415046572685242,0.8762363791465759,0.882860004901886,0.0779356228796051
790,0.2072596251964569,0.9412510395050049,0.8769972324371338,0.8820993900299072,0.07375359459956414
791,0.20650842785835266,0.9412510395050049,0.8764899969100952,0.8823529481887817,0.07019938347036361
792,0.20856580138206482,0.9409129023551941,0.8777580857276917,0.8826064467430115,0.06654307524154218
793,0.20797494053840637,0.9420963525772095,0.8782653212547302,0.883367121219635,0.06262152342837358
794,0.2079411894083023,0.9416736960411072,0.8782653212547302,0.882860004901886,0.06139779821123321
795,0.20796826481819153,0.9416736960411072,0.8790261745452881,0.8823529481887817,0.06805213645582768
796,0.2098037600517273,0.942180871963501,0.8785189390182495,0.8843812942504883,0.07152384810273414
797,0.20632101595401764,0.9419273138046265,0.8782653212547302,0.8846348524093628,0.08503974107077918
798,0.20711274445056915,0.9400675892829895,0.8762363791465759,0.8836206793785095,0.10233518238440391
799,0.2089196741580963,0.9412510395050049,0.8785189390182495,0.8846348524093628,0.13930936240753578
800,0.2066783457994461,0.9404902458190918,0.8762363791465759,0.8831135630607605,0.15031052304957584
801,0.20754605531692505,0.9412510395050049,0.8782653212547302,0.883367121219635,0.11860464868511278
802,0.2083199918270111,0.9419273138046265,0.8785189390182495,0.8818458318710327,0.08518917743323845
803,0.2056189626455307,0.9410820007324219,0.8785189390182495,0.8823529481887817,0.057501764813106364
804,0.20819266140460968,0.941842794418335,0.8780117034912109,0.8823529481887817,0.09501013438168467
805,0.20670653879642487,0.9406593441963196,0.8785189390182495,0.8820993900299072,0.11563821712453616
806,0.20832844078540802,0.9419273138046265,0.8772508502006531,0.8831135630607605,0.13302724269059707
807,0.2073681354522705,0.9419273138046265,0.8787725567817688,0.8831135630607605,0.10424876813058352
808,0.20647993683815002,0.9403212070465088,0.8790261745452881,0.8846348524093628,0.062062177765073355
809,0.20783066749572754,0.9412510395050049,0.8777580857276917,0.8843812942504883,0.08973447152387187
810,0.20785847306251526,0.9415891766548157,0.8780117034912109,0.883367121219635,0.08542319532691545
811,0.2076420783996582,0.9424344897270203,0.8764899969100952,0.8851419687271118,0.0858096828982975
812,0.20855800807476044,0.9425190091133118,0.8749683499336243,0.8843812942504883,0.0683637756668497
813,0.2085137665271759,0.9415046572685242,0.8757292032241821,0.883874237537384,0.07209044844338776
814,0.20408809185028076,0.941842794418335,0.8759827613830566,0.8820993900299072,0.10795399010750584
815,0.2073807418346405,0.939814031124115,0.8767436146736145,0.883874237537384,0.11401541073471738
816,0.2080874741077423,0.9423499703407288,0.8772508502006531,0.8823529481887817,0.12356337347813572
817,0.20662415027618408,0.9420963525772095,0.8754755854606628,0.883874237537384,0.10112503356737079
818,0.20654886960983276,0.942011833190918,0.8752219676971436,0.8823529481887817,0.07863105723952478
819,0.20664925873279572,0.942772626876831,0.8754755854606628,0.883367121219635,0.06450123825841672
820,0.20563018321990967,0.9409129023551941,0.8772508502006531,0.8823529481887817,0.0678699173587903
821,0.2058190554380417,0.9425190091133118,0.8772508502006531,0.8823529481887817,0.10583624593571732
822,0.20625783503055573,0.9407438635826111,0.8769972324371338,0.8831135630607605,0.09836669646621986
823,0.20598216354846954,0.9420963525772095,0.8775044679641724,0.8818458318710327,0.08356850578872897
824,0.20665189623832703,0.9419273138046265,0.8762363791465759,0.8815922737121582,0.07016417294078721
825,0.2086644470691681,0.9417582154273987,0.8764899969100952,0.883367121219635,0.06931419532924259
826,0.20755910873413086,0.9411665201187134,0.8772508502006531,0.882860004901886,0.0668325808448944
827,0.20601442456245422,0.942011833190918,0.8769972324371338,0.8810851573944092,0.07095633247747721
828,0.20704784989356995,0.9401521682739258,0.8775044679641724,0.8831135630607605,0.08070200550796149
829,0.2060900330543518,0.9415046572685242,0.8764899969100952,0.8813387155532837,0.09186191441693138
830,0.20700980722904205,0.9412510395050049,0.8777580857276917,0.8836206793785095,0.09597386697961437
831,0.20783476531505585,0.942772626876831,0.8777580857276917,0.8810851573944092,0.09482834070678627
832,0.2080780565738678,0.9430261850357056,0.8782653212547302,0.8831135630607605,0.07045349395603209
833,0.20559777319431305,0.9423499703407288,0.8785189390182495,0.883367121219635,0.05968904103071471
834,0.20707552134990692,0.9423499703407288,0.8800405859947205,0.8831135630607605,0.09138764424664246
835,0.20887339115142822,0.9407438635826111,0.8780117034912109,0.8820993900299072,0.1345088517078174
836,0.20747657120227814,0.9408283829689026,0.8777580857276917,0.8823529481887817,0.1687331542937075
837,0.20768016576766968,0.9404902458190918,0.8785189390182495,0.8808315992355347,0.19273291218357472
838,0.209385484457016,0.9416736960411072,0.8775044679641724,0.8823529481887817,0.20855487818643595
839,0.20795518159866333,0.9408283829689026,0.8767436146736145,0.8820993900299072,0.20150443549394964
840,0.2062605619430542,0.941842794418335,0.8767436146736145,0.8815922737121582,0.15806606312081156
841,0.2069413959980011,0.9408283829689026,0.8767436146736145,0.8823529481887817,0.110756155116797
842,0.2071254849433899,0.9411665201187134,0.8759827613830566,0.8831135630607605,0.06352330843213655
843,0.20760414004325867,0.9415891766548157,0.8769972324371338,0.8836206793785095,0.07004237312587382
844,0.20569443702697754,0.9414201378822327,0.8759827613830566,0.882860004901886,0.10483146814735517
845,0.20761458575725555,0.9424344897270203,0.8782653212547302,0.8841277956962585,0.14523251103120255
846,0.20707887411117554,0.939814031124115,0.8782653212547302,0.883874237537384,0.18474952992099536
847,0.20913398265838623,0.9413355588912964,0.8797869682312012,0.882860004901886,0.2001761973227884
848,0.20780092477798462,0.9397295117378235,0.8785189390182495,0.883367121219635,0.1742544492548528
849,0.2067064642906189,0.9417582154273987,0.8792797923088074,0.8823529481887817,0.11677677163706932
850,0.20646941661834717,0.9423499703407288,0.880547821521759,0.882860004901886,0.0647935430589443
851,0.20808272063732147,0.9413355588912964,0.8769972324371338,0.8831135630607605,0.10709888793799374
852,0.21055106818675995,0.9425190091133118,0.880547821521759,0.8823529481887817,0.13918925282313974
853,0.20771457254886627,0.9416736960411072,0.8792797923088074,0.8815922737121582,0.12569900875699583
854,0.20701168477535248,0.9419273138046265,0.8787725567817688,0.8836206793785095,0.08724125932371789
855,0.20794300734996796,0.9417582154273987,0.8795334100723267,0.8823529481887817,0.05958623148698023
856,0.2076559066772461,0.9423499703407288,0.8764899969100952,0.8813387155532837,0.07501518721944404
857,0.20658858120441437,0.9426035284996033,0.8787725567817688,0.8826064467430115,0.09530681521896753
858,0.20637989044189453,0.9411665201187134,0.8764899969100952,0.8810851573944092,0.11191575980155455
859,0.20774918794631958,0.942180871963501,0.8787725567817688,0.8800709843635559,0.13952156022215062
860,0.20630896091461182,0.9411665201187134,0.8775044679641724,0.8815922737121582,0.15988869922258042
861,0.20935750007629395,0.9419273138046265,0.8775044679641724,0.8820993900299072,0.15800865610378076
862,0.20815345644950867,0.941842794418335,0.8775044679641724,0.883367121219635,0.13608024895710533
863,0.20726916193962097,0.9420963525772095,0.8795334100723267,0.8826064467430115,0.10792551642927128
864,0.2058192938566208,0.9420963525772095,0.8785189390182495,0.8836206793785095,0.0768255121136046
865,0.209075465798378,0.9406593441963196,0.8780117034912109,0.883874237537384,0.06691242425679192
866,0.20544126629829407,0.9412510395050049,0.8767436146736145,0.8826064467430115,0.0716647930034578
867,0.20651724934577942,0.9409974813461304,0.8785189390182495,0.8813387155532837,0.06553597809134336
868,0.20647457242012024,0.9405748248100281,0.8769972324371338,0.883874237537384,0.07004376534555903
869,0.2076866179704666,0.9415046572685242,0.8772508502006531,0.883367121219635,0.07103224483565332
870,0.20760735869407654,0.941842794418335,0.8775044679641724,0.8820993900299072,0.05611154148663588
871,0.206210657954216,0.9423499703407288,0.8775044679641724,0.883367121219635,0.05883602636011206
872,0.2077367603778839,0.942180871963501,0.8772508502006531,0.8836206793785095,0.06479748446324263
873,0.20559856295585632,0.942180871963501,0.8782653212547302,0.8818458318710327,0.07868920228109527
874,0.2076730877161026,0.9426035284996033,0.8785189390182495,0.883367121219635,0.10175786401481707
875,0.2066962569952011,0.9420963525772095,0.8785189390182495,0.8820993900299072,0.06830183649681482
876,0.20868678390979767,0.942180871963501,0.8782653212547302,0.8831135630607605,0.08421902605257818
877,0.20671747624874115,0.9404902458190918,0.8787725567817688,0.8810851573944092,0.153667176464701
878,0.2092784345149994,0.9406593441963196,0.8795334100723267,0.883874237537384,0.22151690508377317
879,0.20971952378749847,0.939814031124115,0.8769972324371338,0.8810851573944092,0.26877788989227547
880,0.20937247574329376,0.9409974813461304,0.8787725567817688,0.8831135630607605,0.27755418212549576
881,0.20874617993831635,0.9404902458190918,0.8772508502006531,0.8805781006813049,0.27233052919559864
882,0.20823201537132263,0.9415891766548157,0.8802942037582397,0.8823529481887817,0.24716833545134995
883,0.20846496522426605,0.9409974813461304,0.8785189390182495,0.8826064467430115,0.18294897842858507
884,0.20762309432029724,0.941842794418335,0.8777580857276917,0.8823529481887817,0.0989363947174632
885,0.20661170780658722,0.9416736960411072,0.8790261745452881,0.8820993900299072,0.08016182924269552
886,0.20851576328277588,0.937785267829895,0.8785189390182495,0.8790567517280579,0.2139834468587608
887,0.21041302382946014,0.9385460615158081,0.8749683499336243,0.8820993900299072,0.35009934269576715
888,0.21301375329494476,0.9363482594490051,0.8772508502006531,0.8795638680458069,0.43582394566324684
889,0.2125893235206604,0.939814031124115,0.8782653212547302,0.8826064467430115,0.4273988716944933
890,0.2087857574224472,0.9404057264328003,0.8780117034912109,0.8813387155532837,0.32642375785109734
891,0.20734365284442902,0.9415046572685242,0.8777580857276917,0.8820993900299072,0.1544591670015919
892,0.20540398359298706,0.9402366876602173,0.8787725567817688,0.8836206793785095,0.09235232620652821
893,0.2079601138830185,0.9387996792793274,0.8769972324371338,0.8790567517280579,0.2576752416460739
894,0.20962689816951752,0.939983069896698,0.8787725567817688,0.882860004901886,0.34229873848460607
895,0.21095497906208038,0.9401521682739258,0.8772508502006531,0.8820993900299072,0.34327564043394304
896,0.2072698175907135,0.941842794418335,0.8762363791465759,0.8841277956962585,0.24878400862434508
897,0.20459923148155212,0.9420963525772095,0.8764899969100952,0.8831135630607605,0.09115320815959614
898,0.20669735968112946,0.9380388855934143,0.8769972324371338,0.8798174262046814,0.18243754676510096
899,0.2088097780942917,0.9393913745880127,0.8752219676971436,0.883874237537384,0.36390065107862857
900,0.21306587755680084,0.9400675892829895,0.8762363791465759,0.8820993900299072,0.4133386467407693
901,0.20841938257217407,0.9426035284996033,0.8772508502006531,0.883874237537384,0.32129603462785183
902,0.2050141841173172,0.9423499703407288,0.8767436146736145,0.8836206793785095,0.12464306425967207
903,0.20725326240062714,0.9393913745880127,0.8762363791465759,0.8826064467430115,0.1429779170597654
904,0.20653310418128967,0.9395604133605957,0.8754755854606628,0.8831135630607605,0.2989507121858143
905,0.20846810936927795,0.9392223358154297,0.8772508502006531,0.8820993900299072,0.33563264048416297
906,0.2080078274011612,0.9419273138046265,0.8772508502006531,0.8815922737121582,0.2474282940663825
907,0.20641270279884338,0.9423499703407288,0.8769972324371338,0.883874237537384,0.08323646749925342
908,0.20860493183135986,0.9394758939743042,0.8777580857276917,0.8826064467430115,0.14638806219137399
909,0.20824578404426575,0.9406593441963196,0.8775044679641724,0.8848884105682373,0.2820534493323821
910,0.21004897356033325,0.9393913745880127,0.8749683499336243,0.8818458318710327,0.33795750825030463
911,0.20917712152004242,0.9420963525772095,0.8777580857276917,0.8823529481887817,0.28820783987933074
912,0.20715464651584625,0.9420963525772095,0.8780117034912109,0.8826064467430115,0.13082936189837638
913,0.20752394199371338,0.9393068552017212,0.8757292032241821,0.8836206793785095,0.12314234688051506
914,0.20713713765144348,0.9416736960411072,0.8802942037582397,0.883874237537384,0.25848768109303094
915,0.20738399028778076,0.9404057264328003,0.8767436146736145,0.8851419687271118,0.2675965149026245
916,0.20565539598464966,0.9417582154273987,0.8772508502006531,0.883367121219635,0.16041609968278078
917,0.2074643075466156,0.9415046572685242,0.8782653212547302,0.8843812942504883,0.06711587959437779
918,0.20893435180187225,0.9381234049797058,0.8754755854606628,0.8820993900299072,0.2174319511779612
919,0.2067403644323349,0.9415891766548157,0.880547821521759,0.883367121219635,0.30936201368907423
920,0.20899514853954315,0.9404902458190918,0.8777580857276917,0.8836206793785095,0.28078201269839825
921,0.20780354738235474,0.9411665201187134,0.8785189390182495,0.8818458318710327,0.15807857990168803
922,0.2059401571750641,0.9402366876602173,0.8795334100723267,0.8826064467430115,0.07314476373360833
923,0.2089843600988388,0.9411665201187134,0.8749683499336243,0.8810851573944092,0.21604594731283655
924,0.20853179693222046,0.9414201378822327,0.8787725567817688,0.8820993900299072,0.25986701755743297
925,0.21008795499801636,0.942180871963501,0.8772508502006531,0.8815922737121582,0.2050479417540704
926,0.20618216693401337,0.9417582154273987,0.8775044679641724,0.8810851573944092,0.08274778938357362
927,0.20681241154670715,0.9404902458190918,0.8782653212547302,0.8841277956962585,0.11393127676357083
928,0.20799805223941803,0.9393913745880127,0.8777580857276917,0.8800709843635559,0.23320893791421432
929,0.20897962152957916,0.9406593441963196,0.8775044679641724,0.882860004901886,0.28028705594782477
930,0.2092602401971817,0.9409129023551941,0.8780117034912109,0.8841277956962585,0.2425825623992416
931,0.20827965438365936,0.9423499703407288,0.8775044679641724,0.8836206793785095,0.1518828065421307
932,0.2062203288078308,0.9424344897270203,0.8790261745452881,0.883367121219635,0.07822923355682393
933,0.2052106410264969,0.9424344897270203,0.8782653212547302,0.8836206793785095,0.07424266954320494
934,0.2082080990076065,0.9415891766548157,0.8792797923088074,0.8831135630607605,0.10361501443050222
935,0.20678384602069855,0.9417582154273987,0.8780117034912109,0.8831135630607605,0.10021952270133952
936,0.20904462039470673,0.942180871963501,0.8782653212547302,0.8831135630607605,0.07110010067210505
937,0.20780043303966522,0.9431952834129333,0.880547821521759,0.8820993900299072,0.06792603340851773
938,0.20655155181884766,0.9415891766548157,0.8775044679641724,0.8836206793785095,0.08740149384898195
939,0.20765966176986694,0.9424344897270203,0.8792797923088074,0.882860004901886,0.1226603199331402
940,0.20642927289009094,0.9426880478858948,0.8787725567817688,0.882860004901886,0.12113497523920497
941,0.2069721817970276,0.9424344897270203,0.8782653212547302,0.8818458318710327,0.07669051922471576
942,0.2068926841020584,0.942011833190918,0.8785189390182495,0.8831135630607605,0.07625021491260096
943,0.2054847627878189,0.9426035284996033,0.8767436146736145,0.8820993900299072,0.0891486827527845
944,0.2062930017709732,0.942772626876831,0.8767436146736145,0.8831135630607605,0.08839227551664494
945,0.20610421895980835,0.9422653913497925,0.8759827613830566,0.8836206793785095,0.06829324474827347
946,0.2059461772441864,0.9420963525772095,0.8759827613830566,0.8836206793785095,0.06055680004978097
947,0.20687365531921387,0.9417582154273987,0.8785189390182495,0.8841277956962585,0.07138560782156762
948,0.20524558424949646,0.9415046572685242,0.8764899969100952,0.882860004901886,0.09447990685665388
949,0.20911839604377747,0.9411665201187134,0.8782653212547302,0.8826064467430115,0.08689203396091509
950,0.20674675703048706,0.942011833190918,0.8800405859947205,0.882860004901886,0.061177670475721375
951,0.20620955526828766,0.9414201378822327,0.8795334100723267,0.8823529481887817,0.07372216820645759
952,0.20673571527004242,0.9419273138046265,0.8795334100723267,0.8820993900299072,0.11462496822118123
953,0.20753443241119385,0.9413355588912964,0.8787725567817688,0.883874237537384,0.1285279190356603
954,0.2075493335723877,0.9410820007324219,0.8772508502006531,0.8826064467430115,0.10102272941180944
955,0.20702506601810455,0.9403212070465088,0.8782653212547302,0.8813387155532837,0.061624163325224225
956,0.2051193118095398,0.939814031124115,0.8782653212547302,0.8831135630607605,0.09283542143703995
957,0.2076919823884964,0.9407438635826111,0.8785189390182495,0.883367121219635,0.12940265834112805
958,0.20771253108978271,0.9408283829689026,0.8795334100723267,0.8846348524093628,0.11589117936783867
959,0.20748908817768097,0.9409129023551941,0.8782653212547302,0.883874237537384,0.07173153865345672
960,0.20829054713249207,0.9425190091133118,0.8797869682312012,0.8813387155532837,0.10417831061366163
961,0.20853422582149506,0.9400675892829895,0.8762363791465759,0.8820993900299072,0.1772674917368172
962,0.20890606939792633,0.9419273138046265,0.8790261745452881,0.882860004901886,0.1693242171072531
963,0.20886686444282532,0.942011833190918,0.8787725567817688,0.8826064467430115,0.10191664801031812
964,0.2048535943031311,0.9400675892829895,0.8777580857276917,0.8810851573944092,0.05731276358372396
965,0.20569352805614471,0.942011833190918,0.8777580857276917,0.8818458318710327,0.10312140484099115
966,0.20681117475032806,0.9405748248100281,0.8792797923088074,0.8818458318710327,0.12866801179597182
967,0.2057284563779831,0.9422653913497925,0.8772508502006531,0.8818458318710327,0.11069232609855106
968,0.2067427635192871,0.9430261850357056,0.8767436146736145,0.8826064467430115,0.06828457288770678
969,0.2062232941389084,0.9408283829689026,0.8780117034912109,0.883874237537384,0.09934819236941841
970,0.2056998461484909,0.9413355588912964,0.8792797923088074,0.883367121219635,0.1684641048338785
971,0.2073681354522705,0.9400675892829895,0.8777580857276917,0.8826064467430115,0.2029310058777468
972,0.20803964138031006,0.9411665201187134,0.8780117034912109,0.8815922737121582,0.1818233783728279
973,0.20619149506092072,0.9413355588912964,0.8780117034912109,0.8826064467430115,0.11859399730640253
974,0.2069123238325119,0.942011833190918,0.8785189390182495,0.8820993900299072,0.0595497104371195
975,0.20669296383857727,0.9426880478858948,0.8785189390182495,0.8813387155532837,0.08465049270508139
976,0.2062329798936844,0.941842794418335,0.8777580857276917,0.8826064467430115,0.10262034600829921
977,0.20626431703567505,0.9426880478858948,0.8777580857276917,0.8823529481887817,0.09152378425244864
978,0.20657722651958466,0.9424344897270203,0.8780117034912109,0.883874237537384,0.06914757302342048
979,0.20824593305587769,0.9417582154273987,0.8775044679641724,0.8826064467430115,0.06608059567638933
980,0.20415958762168884,0.942772626876831,0.8792797923088074,0.882860004901886,0.09541756596771084
981,0.20587140321731567,0.9410820007324219,0.8764899969100952,0.8836206793785095,0.13282546595216468
982,0.20728883147239685,0.9425190091133118,0.8777580857276917,0.882860004901886,0.13802856422832335
983,0.2049371302127838,0.9428571462631226,0.8787725567817688,0.882860004901886,0.09362715589245214
984,0.2052244395017624,0.9413355588912964,0.8764899969100952,0.8823529481887817,0.05483537315583703
985,0.20565134286880493,0.9415046572685242,0.8797869682312012,0.883874237537384,0.11820471709613901
986,0.20758958160877228,0.9408283829689026,0.8769972324371338,0.8815922737121582,0.19578549382692165
987,0.20897698402404785,0.9420963525772095,0.8792797923088074,0.8843812942504883,0.21139580473370076
988,0.20708335936069489,0.942180871963501,0.8767436146736145,0.8823529481887817,0.17219185859252742
989,0.20693546533584595,0.9424344897270203,0.8775044679641724,0.882860004901886,0.10853460312740865
990,0.20481577515602112,0.9429416656494141,0.8772508502006531,0.8815922737121582,0.06352229102340846
991,0.20723165571689606,0.9416736960411072,0.8767436146736145,0.8823529481887817,0.1037166054188592
992,0.20864807069301605,0.9416736960411072,0.8792797923088074,0.8843812942504883,0.15646163164383398
993,0.20626896619796753,0.9414201378822327,0.8777580857276917,0.8831135630607605,0.16209784663437005
994,0.20567087829113007,0.9425190091133118,0.8795334100723267,0.8841277956962585,0.11928906657523038
995,0.20325946807861328,0.9417582154273987,0.8790261745452881,0.8836206793785095,0.08236820810987551
996,0.20408816635608673,0.9413355588912964,0.8797869682312012,0.8836206793785095,0.06041001883625707
997,0.2056598961353302,0.9420963525772095,0.8800405859947205,0.8841277956962585,0.05473168160190912
998,0.2070775181055069,0.9416736960411072,0.8792797923088074,0.8836206793785095,0.0666768441711743
999,0.20434699952602386,0.9436179399490356,0.8792797923088074,0.8831135630607605,0.06877093335357089
1000,0.2047872394323349,0.942180871963501,0.8792797923088074,0.883874237537384,0.0716278837619474
1001,0.20335456728935242,0.942011833190918,0.8795334100723267,0.883874237537384,0.05815432168179977
1002,0.20713171362876892,0.9423499703407288,0.8787725567817688,0.8826064467430115,0.05696934893259214
1003,0.20571501553058624,0.9432798027992249,0.8792797923088074,0.8836206793785095,0.07695962234678871
1004,0.20558512210845947,0.9431107044219971,0.8790261745452881,0.8826064467430115,0.10172012508265005
1005,0.20743408799171448,0.9434488415718079,0.8790261745452881,0.8826064467430115,0.1065742836658731
1006,0.20334741473197937,0.9430261850357056,0.8797869682312012,0.8823529481887817,0.08043383285011811
1007,0.20494170486927032,0.9429416656494141,0.8795334100723267,0.8810851573944092,0.06697140875877379
1008,0.20598047971725464,0.9415891766548157,0.8772508502006531,0.8805781006813049,0.08324285542529845
1009,0.2066071480512619,0.9426880478858948,0.8780117034912109,0.8823529481887817,0.12373496291857791
1010,0.20493921637535095,0.9425190091133118,0.8780117034912109,0.8823529481887817,0.11943806115519708
1011,0.20558159053325653,0.9430261850357056,0.8790261745452881,0.8823529481887817,0.08415571816790027
1012,0.20453156530857086,0.9429416656494141,0.8785189390182495,0.8826064467430115,0.06587534701612063
1013,0.20643649995326996,0.9423499703407288,0.8790261745452881,0.8836206793785095,0.07752570337800296
1014,0.20648153126239777,0.9423499703407288,0.8775044679641724,0.882860004901886,0.0735534019545999
1015,0.20497654378414154,0.9416736960411072,0.8772508502006531,0.8831135630607605,0.06646544946930547
1016,0.20762930810451508,0.9409974813461304,0.8782653212547302,0.883367121219635,0.06682674880165003
1017,0.20569056272506714,0.9413355588912964,0.8772508502006531,0.8831135630607605,0.06653459253076306
1018,0.2034110128879547,0.9420963525772095,0.8780117034912109,0.8831135630607605,0.06052866199397101
1019,0.20513314008712769,0.9404902458190918,0.8775044679641724,0.883367121219635,0.07728406312264079
1020,0.20726649463176727,0.9422653913497925,0.8772508502006531,0.8820993900299072,0.1016583337196599
1021,0.2062978595495224,0.9423499703407288,0.8759827613830566,0.8815922737121582,0.08935897614376352
1022,0.20608192682266235,0.9423499703407288,0.8769972324371338,0.8823529481887817,0.06221092382308545
1023,0.20544910430908203,0.9423499703407288,0.8790261745452881,0.8823529481887817,0.05874310070607428
1024,0.20499475300312042,0.9414201378822327,0.8769972324371338,0.8820993900299072,0.06100217784343893
1025,0.20541778206825256,0.9415046572685242,0.8795334100723267,0.8826064467430115,0.09199610780678293
1026,0.20457066595554352,0.9409129023551941,0.8777580857276917,0.8820993900299072,0.10292543134665563
1027,0.20465576648712158,0.9424344897270203,0.8777580857276917,0.8815922737121582,0.09513226417014943
1028,0.20557020604610443,0.9409974813461304,0.8782653212547302,0.883874237537384,0.11510245159590601
1029,0.20699384808540344,0.9419273138046265,0.8782653212547302,0.8826064467430115,0.12505941751529076
1030,0.20602266490459442,0.9423499703407288,0.8785189390182495,0.8831135630607605,0.11943879698446665
1031,0.20443907380104065,0.942772626876831,0.8782653212547302,0.8826064467430115,0.0821517528415221
1032,0.20538784563541412,0.941842794418335,0.8787725567817688,0.882860004901886,0.0671751759800459
1033,0.20779459178447723,0.9415891766548157,0.8787725567817688,0.8831135630607605,0.08285689752362524
1034,0.20436611771583557,0.942180871963501,0.8792797923088074,0.8823529481887817,0.09864710644049521
1035,0.20418328046798706,0.9419273138046265,0.8777580857276917,0.8843812942504883,0.11864083463563337
1036,0.20504160225391388,0.9423499703407288,0.8800405859947205,0.8820993900299072,0.09203219102185234
1037,0.20639686286449432,0.9420963525772095,0.8787725567817688,0.883367121219635,0.08550935832156377
1038,0.2043619006872177,0.9432798027992249,0.8795334100723267,0.8831135630607605,0.07554679828328967
1039,0.20515024662017822,0.942180871963501,0.8800405859947205,0.8831135630607605,0.07542468367907816
1040,0.20567356050014496,0.9426035284996033,0.8785189390182495,0.883874237537384,0.068681775882975
1041,0.20341582596302032,0.9431107044219971,0.8802942037582397,0.883367121219635,0.05833106207240735
1042,0.20524393022060394,0.942011833190918,0.8775044679641724,0.882860004901886,0.06361778041769862
1043,0.2037104070186615,0.9425190091133118,0.8795334100723267,0.8826064467430115,0.06472810707950992
1044,0.2056916356086731,0.9423499703407288,0.8792797923088074,0.8818458318710327,0.08708261612425056
1045,0.20615804195404053,0.9430261850357056,0.8797869682312012,0.8820993900299072,0.11038424061824
1046,0.205726757645607,0.9430261850357056,0.8782653212547302,0.8841277956962585,0.10663810246489133
1047,0.2041100710630417,0.9441251158714294,0.8785189390182495,0.882860004901886,0.0820727318393547
1048,0.20578111708164215,0.9429416656494141,0.8787725567817688,0.882860004901886,0.06086728354463884
1049,0.20669692754745483,0.9422653913497925,0.8787725567817688,0.8841277956962585,0.07025290290598467
1050,0.20480218529701233,0.942772626876831,0.8790261745452881,0.8826064467430115,0.06756296777729431
1051,0.2044958770275116,0.9433643221855164,0.8787725567817688,0.883874237537384,0.06509085772342642
1052,0.20571014285087585,0.9431952834129333,0.8785189390182495,0.883367121219635,0.06166806447201884
1053,0.20711074769496918,0.9436179399490356,0.8775044679641724,0.883367121219635,0.06910066189166071
1054,0.2064310759305954,0.9420963525772095,0.8780117034912109,0.8846348524093628,0.10880400472446002
1055,0.20496585965156555,0.942772626876831,0.8769972324371338,0.8820993900299072,0.12998430496795058
1056,0.20675162971019745,0.9423499703407288,0.8764899969100952,0.8831135630607605,0.14045473198458694
1057,0.20563459396362305,0.9423499703407288,0.8764899969100952,0.8823529481887817,0.12440276943164563
1058,0.20433439314365387,0.9429416656494141,0.8767436146736145,0.8823529481887817,0.0915211671508752
1059,0.2051466405391693,0.9434488415718079,0.8782653212547302,0.8820993900299072,0.059087851557067445
1060,0.20429028570652008,0.9419273138046265,0.8775044679641724,0.8798174262046814,0.09199792248553312
1061,0.20631974935531616,0.9426035284996033,0.8777580857276917,0.8826064467430115,0.12681362769371318
1062,0.20408648252487183,0.9426035284996033,0.8767436146736145,0.8820993900299072,0.12245611818159341
1063,0.205223947763443,0.9425190091133118,0.8762363791465759,0.883367121219635,0.08267053404672339
1064,0.20664653182029724,0.942772626876831,0.8780117034912109,0.8851419687271118,0.05911547675012732
1065,0.20343740284442902,0.9426880478858948,0.8782653212547302,0.8851419687271118,0.06663619819708455
1066,0.20522283017635345,0.9423499703407288,0.8772508502006531,0.8841277956962585,0.08350392040326976
1067,0.20477040112018585,0.9426880478858948,0.8772508502006531,0.8851419687271118,0.09001287433594052
1068,0.20634135603904724,0.9426880478858948,0.8782653212547302,0.8831135630607605,0.1065515971146849
1069,0.2044970542192459,0.9435333609580994,0.8775044679641724,0.883874237537384,0.11516173339438567
1070,0.20611970126628876,0.9431107044219971,0.8810550570487976,0.882860004901886,0.10349371512766507
1071,0.20479923486709595,0.9428571462631226,0.8777580857276917,0.8851419687271118,0.08898697637255114
1072,0.20528946816921234,0.9432798027992249,0.8780117034912109,0.8848884105682373,0.0675489429359151
1073,0.20411480963230133,0.9415891766548157,0.8795334100723267,0.882860004901886,0.06789317766799988
1074,0.2080301195383072,0.9416736960411072,0.8769972324371338,0.8841277956962585,0.14760964186957984
1075,0.2065904587507248,0.9394758939743042,0.8767436146736145,0.8808315992355347,0.25911036950590094
1076,0.2102770060300827,0.9409129023551941,0.8769972324371338,0.8823529481887817,0.3539039050050465
1077,0.21013681590557098,0.9394758939743042,0.8767436146736145,0.8805781006813049,0.3998026719261484
1078,0.2083716094493866,0.942180871963501,0.8792797923088074,0.883874237537384,0.36544615609694325
1079,0.20702163875102997,0.9416736960411072,0.8764899969100952,0.8843812942504883,0.25967618019785255
1080,0.20511189103126526,0.9422653913497925,0.8769972324371338,0.8836206793785095,0.11265293038574976
1081,0.20544686913490295,0.9415046572685242,0.8787725567817688,0.8823529481887817,0.09162423982801174
1082,0.20577381551265717,0.9395604133605957,0.8795334100723267,0.8820993900299072,0.20952882272840456
1083,0.20986953377723694,0.9416736960411072,0.8792797923088074,0.8831135630607605,0.27569849233282556
1084,0.20652441680431366,0.942011833190918,0.8772508502006531,0.8815922737121582,0.2610199086377402
1085,0.20458082854747772,0.9419273138046265,0.8762363791465759,0.8823529481887817,0.1904153254867139
1086,0.20550556480884552,0.9413355588912964,0.8762363791465759,0.8836206793785095,0.09667698215821557
1087,0.20498137176036835,0.9412510395050049,0.8775044679641724,0.8826064467430115,0.07617120911637366
1088,0.20348863303661346,0.9411665201187134,0.8787725567817688,0.8818458318710327,0.15500940067077154
1089,0.20794826745986938,0.9395604133605957,0.8782653212547302,0.8805781006813049,0.22595976205391627
1090,0.20785711705684662,0.9424344897270203,0.8802942037582397,0.8831135630607605,0.23427256811333277
1091,0.2068854719400406,0.9433643221855164,0.8790261745452881,0.8826064467430115,0.1586242122250805
1092,0.20540939271450043,0.9428571462631226,0.8764899969100952,0.8823529481887817,0.07782633622997993
1093,0.2062639445066452,0.9439560174942017,0.8782653212547302,0.8810851573944092,0.06864442487319591
1094,0.2077852040529251,0.9409974813461304,0.8785189390182495,0.8810851573944092,0.12026217830352359
1095,0.20444965362548828,0.942180871963501,0.8777580857276917,0.8805781006813049,0.19366523149026885
1096,0.20819255709648132,0.939814031124115,0.8777580857276917,0.8795638680458069,0.25730162247965704
1097,0.20851045846939087,0.941842794418335,0.8790261745452881,0.8805781006813049,0.28668318808276494
1098,0.20671017467975616,0.9426035284996033,0.8780117034912109,0.883367121219635,0.24565644942612297
1099,0.2060146927833557,0.9429416656494141,0.8782653212547302,0.8841277956962585,0.13581178489492407
1100,0.20347806811332703,0.9424344897270203,0.8787725567817688,0.8836206793785095,0.07807946998062228
1101,0.2040594220161438,0.9404902458190918,0.8775044679641724,0.8813387155532837,0.2003145628318898
1102,0.2074868381023407,0.942180871963501,0.8797869682312012,0.883874237537384,0.27064968236406906
1103,0.20758016407489777,0.942180871963501,0.8777580857276917,0.883367121219635,0.24964974767417691
1104,0.20544402301311493,0.9432798027992249,0.8785189390182495,0.882860004901886,0.1578228141452966
1105,0.2055576592683792,0.9426880478858948,0.8785189390182495,0.8820993900299072,0.06259860300317643
1106,0.2066185474395752,0.9424344897270203,0.8772508502006531,0.882860004901886,0.1377092348176558
1107,0.20709644258022308,0.9426035284996033,0.8792797923088074,0.8836206793785095,0.20102544725953894
1108,0.20725223422050476,0.9423499703407288,0.8772508502006531,0.8831135630607605,0.19297880001498635
1109,0.20658189058303833,0.9420963525772095,0.8795334100723267,0.8820993900299072,0.14672280303836033
1110,0.2039109170436859,0.942011833190918,0.8777580857276917,0.883367121219635,0.09513905591225932
1111,0.20433491468429565,0.941842794418335,0.8782653212547302,0.883367121219635,0.06930876530929768
1112,0.2046966254711151,0.9428571462631226,0.8780117034912109,0.8831135630607605,0.07287854559472023
1113,0.20618759095668793,0.9419273138046265,0.8780117034912109,0.8805781006813049,0.1060187223641456
1114,0.20435567200183868,0.9425190091133118,0.8787725567817688,0.8836206793785095,0.1375075509513385
1115,0.20545727014541626,0.942772626876831,0.8780117034912109,0.8826064467430115,0.13855584553907077
1116,0.2046167552471161,0.9438714981079102,0.8767436146736145,0.8815922737121582,0.10370929951936532
1117,0.20566719770431519,0.9441251158714294,0.8782653212547302,0.8823529481887817,0.06662097564006059
1118,0.20532359182834625,0.9420963525772095,0.8790261745452881,0.8823529481887817,0.08574752316613762
1119,0.2064668983221054,0.9433643221855164,0.8780117034912109,0.8826064467430115,0.11557020870642933
1120,0.20600849390029907,0.9424344897270203,0.8772508502006531,0.883874237537384,0.09412697827560647
1121,0.2033415287733078,0.942180871963501,0.8787725567817688,0.8841277956962585,0.06571643596602082
1122,0.20493027567863464,0.9431107044219971,0.8795334100723267,0.8836206793785095,0.10518987142842594
1123,0.2063223123550415,0.9405748248100281,0.8759827613830566,0.8823529481887817,0.1730710823227959
1124,0.20646825432777405,0.9432798027992249,0.8790261745452881,0.8826064467430115,0.2000637566053001
1125,0.20403911173343658,0.9420963525772095,0.8782653212547302,0.882860004901886,0.16241574280257315
1126,0.20629680156707764,0.9426880478858948,0.8787725567817688,0.883874237537384,0.10434945936260563
1127,0.20559357106685638,0.9426035284996033,0.8795334100723267,0.8831135630607605,0.06330176873975565
1128,0.20593951642513275,0.9415046572685242,0.8785189390182495,0.8836206793785095,0.0808712255975003
1129,0.20622161030769348,0.9431952834129333,0.8780117034912109,0.8843812942504883,0.10528426250210676
1130,0.20675495266914368,0.9432798027992249,0.8787725567817688,0.8826064467430115,0.09049934509415061
1131,0.2036716192960739,0.9429416656494141,0.8792797923088074,0.8841277956962585,0.07001622971553327
1132,0.20703546702861786,0.9435333609580994,0.8790261745452881,0.8820993900299072,0.06260347129074838
1133,0.20604273676872253,0.9431952834129333,0.8772508502006531,0.8826064467430115,0.05976203613551111
1134,0.20538730919361115,0.9430261850357056,0.8787725567817688,0.8831135630607605,0.06891698457148444
1135,0.2064158171415329,0.9432798027992249,0.8754755854606628,0.8831135630607605,0.09173050293131568
1136,0.2053338587284088,0.9426035284996033,0.8772508502006531,0.8831135630607605,0.11460588571825235
1137,0.2057221382856369,0.9437024593353271,0.8759827613830566,0.8818458318710327,0.12630061189590222
1138,0.20396968722343445,0.9423499703407288,0.8780117034912109,0.8836206793785095,0.13111400417998434
1139,0.204420268535614,0.9431952834129333,0.8777580857276917,0.883367121219635,0.12346715086597342
1140,0.20547477900981903,0.9436179399490356,0.8780117034912109,0.8848884105682373,0.09296061145441481
1141,0.2043432742357254,0.9423499703407288,0.8785189390182495,0.8843812942504883,0.06032031585598424
1142,0.20566265285015106,0.9426035284996033,0.8782653212547302,0.882860004901886,0.08999872757767372
1143,0.20474034547805786,0.9415891766548157,0.8777580857276917,0.8853955268859863,0.12152521076658057
1144,0.20687706768512726,0.9431107044219971,0.8782653212547302,0.883367121219635,0.12678545737084604
1145,0.2059236466884613,0.9440405964851379,0.8767436146736145,0.883874237537384,0.11462755625953333
1146,0.20484235882759094,0.9437024593353271,0.8759827613830566,0.8843812942504883,0.09617908099926821
1147,0.2037438303232193,0.944378674030304,0.8762363791465759,0.8831135630607605,0.07501413374847245
1148,0.20509901642799377,0.942772626876831,0.8769972324371338,0.882860004901886,0.06686722114640263
1149,0.20468007028102875,0.9425190091133118,0.8780117034912109,0.8823529481887817,0.08784109786549785
1150,0.20518529415130615,0.9428571462631226,0.8767436146736145,0.8820993900299072,0.09996347187860746
1151,0.20511844754219055,0.9431952834129333,0.8762363791465759,0.883367121219635,0.11161605852102609
1152,0.2045704424381256,0.9426035284996033,0.8762363791465759,0.883874237537384,0.08851696401303387
1153,0.20522968471050262,0.9431952834129333,0.8764899969100952,0.883367121219635,0.08567913255745166
1154,0.20533400774002075,0.9423499703407288,0.8772508502006531,0.883874237537384,0.07722800057487705
1155,0.20393262803554535,0.9414201378822327,0.8767436146736145,0.8820993900299072,0.06507945779008677
1156,0.20697829127311707,0.9426035284996033,0.8785189390182495,0.883367121219635,0.08850463099169414
1157,0.20574772357940674,0.9426880478858948,0.8769972324371338,0.8836206793785095,0.06107738080442086
1158,0.2039007991552353,0.9425190091133118,0.8780117034912109,0.8841277956962585,0.0797810875966782
1159,0.2051101177930832,0.9423499703407288,0.8790261745452881,0.8831135630607605,0.07453602105529353
1160,0.20488430559635162,0.942180871963501,0.8787725567817688,0.882860004901886,0.10419286939521467
1161,0.20441170036792755,0.9425190091133118,0.8775044679641724,0.8831135630607605,0.12379301638088797
1162,0.2042730152606964,0.9408283829689026,0.8762363791465759,0.8818458318710327,0.14925761768446638
1163,0.20452351868152618,0.942772626876831,0.8780117034912109,0.8831135630607605,0.1527267888052675
1164,0.20598554611206055,0.9420963525772095,0.8777580857276917,0.8815922737121582,0.10767367321062823
1165,0.20500463247299194,0.9426880478858948,0.8769972324371338,0.8836206793785095,0.0904239713735036
1166,0.20475631952285767,0.9432798027992249,0.8785189390182495,0.8836206793785095,0.06704637168078371
1167,0.20556966960430145,0.9430261850357056,0.8772508502006531,0.883367121219635,0.06388916384026007
1168,0.20326636731624603,0.9428571462631226,0.8790261745452881,0.8818458318710327,0.07844351483900833
1169,0.205654576420784,0.9404902458190918,0.8762363791465759,0.883874237537384,0.11377085081052006
1170,0.20694845914840698,0.941842794418335,0.8777580857276917,0.882860004901886,0.1818046623251911
1171,0.20607654750347137,0.9410820007324219,0.8775044679641724,0.883367121219635,0.23946181162263833
1172,0.2059517502784729,0.9426035284996033,0.8777580857276917,0.8836206793785095,0.26103985808872787
1173,0.2055301070213318,0.942772626876831,0.8764899969100952,0.8841277956962585,0.20328080447578084
1174,0.20417676866054535,0.9426035284996033,0.8777580857276917,0.883874237537384,0.10418719971588998
1175,0.2043469250202179,0.9422653913497925,0.8777580857276917,0.8831135630607605,0.06809721802064617
1176,0.2066359668970108,0.9423499703407288,0.8764899969100952,0.8820993900299072,0.11517113230282208
1177,0.20661072432994843,0.9437024593353271,0.8775044679641724,0.8823529481887817,0.14927039736882747
1178,0.20594032108783722,0.9423499703407288,0.8787725567817688,0.8800709843635559,0.18175823591768345
1179,0.20560361444950104,0.9431952834129333,0.8775044679641724,0.8818458318710327,0.20202346951662584
1180,0.20629116892814636,0.9422653913497925,0.8787725567817688,0.8813387155532837,0.20442314639519052
1181,0.20600982010364532,0.9432798027992249,0.8790261745452881,0.882860004901886,0.1760749896854657
1182,0.20489773154258728,0.9439560174942017,0.8785189390182495,0.8843812942504883,0.12698528726747324
1183,0.2034757286310196,0.9438714981079102,0.8800405859947205,0.8846348524093628,0.07826333433807409
1184,0.2063271701335907,0.9433643221855164,0.8792797923088074,0.8843812942504883,0.06097420247581328
1185,0.20530404150485992,0.9431952834129333,0.8772508502006531,0.883367121219635,0.09548173554163362
1186,0.20494483411312103,0.9422653913497925,0.8775044679641724,0.8856490850448608,0.13604372537048046
1187,0.2046508640050888,0.9417582154273987,0.8787725567817688,0.8810851573944092,0.17877804240818376
1188,0.2046995460987091,0.942180871963501,0.8787725567817688,0.8823529481887817,0.19592104659184925
1189,0.2064436823129654,0.9425190091133118,0.8787725567817688,0.8810851573944092,0.1704479788958163
1190,0.20532645285129547,0.942011833190918,0.8775044679641724,0.882860004901886,0.11146736238035454
1191,0.20412540435791016,0.942011833190918,0.8769972324371338,0.882860004901886,0.06848363057210163
1192,0.20528826117515564,0.9422653913497925,0.8772508502006531,0.8813387155532837,0.10984746872999081
1193,0.20474514365196228,0.941842794418335,0.8777580857276917,0.8831135630607605,0.16556816709542094
1194,0.2063673436641693,0.9414201378822327,0.8764899969100952,0.8818458318710327,0.20205993078217716
1195,0.20697727799415588,0.9417582154273987,0.8787725567817688,0.883874237537384,0.2087731919740611
1196,0.205380380153656,0.9423499703407288,0.8795334100723267,0.8815922737121582,0.19434703521604804
1197,0.20410209894180298,0.9426035284996033,0.8787725567817688,0.8820993900299072,0.14991245103192127
1198,0.20431827008724213,0.9430261850357056,0.8780117034912109,0.8823529481887817,0.0902436726542706
1199,0.2051064372062683,0.9419273138046265,0.8795334100723267,0.8815922737121582,0.06911288436493475
1200,0.20587798953056335,0.9426880478858948,0.8792797923088074,0.883874237537384,0.13140468313347034
1201,0.20638255774974823,0.9411665201187134,0.8777580857276917,0.8818458318710327,0.18662629429547012
1202,0.20742517709732056,0.9442941546440125,0.8785189390182495,0.882860004901886,0.18469650295238693
1203,0.20388102531433105,0.9428571462631226,0.8780117034912109,0.8823529481887817,0.13061852297809665
1204,0.20434802770614624,0.9424344897270203,0.8764899969100952,0.883367121219635,0.06618139570821381
1205,0.20476439595222473,0.9423499703407288,0.8762363791465759,0.8836206793785095,0.08497082089105078
1206,0.20416228473186493,0.9417582154273987,0.8772508502006531,0.8818458318710327,0.1357409274348086
1207,0.20692719519138336,0.9415891766548157,0.8787725567817688,0.8820993900299072,0.19521475417305406
1208,0.20770171284675598,0.9397295117378235,0.8785189390182495,0.8826064467430115,0.2520632055891437
1209,0.20987220108509064,0.9420963525772095,0.8785189390182495,0.8831135630607605,0.28596708589442404
1210,0.20880870521068573,0.9412510395050049,0.8780117034912109,0.8818458318710327,0.2769144856438459
1211,0.2064753621816635,0.9412510395050049,0.8797869682312012,0.883874237537384,0.2195909817612563
1212,0.20674702525138855,0.9415046572685242,0.8782653212547302,0.8820993900299072,0.14484095379847334
1213,0.20574712753295898,0.9419273138046265,0.8790261745452881,0.8831135630607605,0.07301434755453895
1214,0.20489723980426788,0.9414201378822327,0.8800405859947205,0.8836206793785095,0.08623782787964557
1215,0.205161914229393,0.9420963525772095,0.8790261745452881,0.8823529481887817,0.15627041055690943
1216,0.2052069455385208,0.9420963525772095,0.8795334100723267,0.8851419687271118,0.18808055595065645
1217,0.20496255159378052,0.942180871963501,0.8782653212547302,0.8846348524093628,0.18311508759426773
1218,0.20553380250930786,0.9434488415718079,0.8802942037582397,0.8820993900299072,0.12903613230229347
1219,0.2035057246685028,0.9423499703407288,0.8792797923088074,0.882860004901886,0.08299316589736709
1220,0.20475779473781586,0.942772626876831,0.8800405859947205,0.883874237537384,0.07480047360527088
1221,0.2058374434709549,0.9434488415718079,0.8775044679641724,0.8818458318710327,0.10765525328939798
1222,0.20518286526203156,0.9431107044219971,0.8777580857276917,0.8843812942504883,0.14345784633765143
1223,0.2052810788154602,0.9431952834129333,0.8777580857276917,0.8836206793785095,0.14775834657468967
1224,0.20731496810913086,0.9440405964851379,0.8767436146736145,0.8810851573944092,0.10096724924755723
1225,0.20468354225158691,0.9426035284996033,0.8775044679641724,0.8853955268859863,0.06619502372269485
1226,0.2033071517944336,0.9420963525772095,0.8767436146736145,0.8836206793785095,0.1278885138712818
1227,0.2048419564962387,0.9417582154273987,0.8767436146736145,0.883874237537384,0.1794803952376282
1228,0.20578846335411072,0.9422653913497925,0.8777580857276917,0.883367121219635,0.20656494069974943
1229,0.20615704357624054,0.9422653913497925,0.8772508502006531,0.8823529481887817,0.22209207019751057
1230,0.20402145385742188,0.942772626876831,0.8769972324371338,0.8823529481887817,0.20498702091942014
1231,0.2055601179599762,0.9430261850357056,0.8762363791465759,0.8848884105682373,0.14787406674187115
1232,0.20582662522792816,0.9426035284996033,0.8777580857276917,0.883367121219635,0.08752257891953823
1233,0.20491065084934235,0.9419273138046265,0.8777580857276917,0.882860004901886,0.06542500372502891
1234,0.20425032079219818,0.9422653913497925,0.8787725567817688,0.8826064467430115,0.10336475241369428
1235,0.20455096662044525,0.942011833190918,0.8802942037582397,0.8826064467430115,0.14193870422819319
1236,0.206088125705719,0.9419273138046265,0.8772508502006531,0.882860004901886,0.16552453013190768
1237,0.2064158022403717,0.9428571462631226,0.8800405859947205,0.883874237537384,0.1488691110496933
1238,0.20300371944904327,0.9431952834129333,0.8790261745452881,0.882860004901886,0.0748534063196053
1239,0.20408423244953156,0.9411665201187134,0.8775044679641724,0.883367121219635,0.07261672915953572
1240,0.20620211958885193,0.9430261850357056,0.8787725567817688,0.8836206793785095,0.11033768931445867
1241,0.20537340641021729,0.9415891766548157,0.8782653212547302,0.8831135630607605,0.12860741789750443
1242,0.20511995255947113,0.9429416656494141,0.8782653212547302,0.8826064467430115,0.1333927333935335
1243,0.20417217910289764,0.9428571462631226,0.8775044679641724,0.8836206793785095,0.11809644934136124
1244,0.20419923961162567,0.9431952834129333,0.8772508502006531,0.8826064467430115,0.07814775024844324
1245,0.20350728929042816,0.9420963525772095,0.8787725567817688,0.8826064467430115,0.07544827741171832
1246,0.20536857843399048,0.9414201378822327,0.8780117034912109,0.8831135630607605,0.11201990180538464
1247,0.20463483035564423,0.9424344897270203,0.8769972324371338,0.8820993900299072,0.14570743162711575
1248,0.20499949157238007,0.9423499703407288,0.8780117034912109,0.883874237537384,0.1404542411710032
1249,0.20474253594875336,0.9428571462631226,0.8790261745452881,0.883367121219635,0.09709074532655065
1250,0.20423048734664917,0.9424344897270203,0.8777580857276917,0.8826064467430115,0.06868670138071416
1251,0.20342083275318146,0.942772626876831,0.8792797923088074,0.8831135630607605,0.05889369680502363
1252,0.20511023700237274,0.9437024593353271,0.8782653212547302,0.882860004901886,0.08743582436731934
1253,0.20518870651721954,0.9423499703407288,0.8780117034912109,0.8820993900299072,0.1412069538172515
1254,0.20454326272010803,0.9431107044219971,0.8772508502006531,0.8820993900299072,0.17749552988583556
1255,0.2056029736995697,0.9413355588912964,0.8780117034912109,0.8826064467430115,0.18591446071374437
1256,0.20387616753578186,0.9425190091133118,0.8782653212547302,0.8813387155532837,0.1789264889902225
1257,0.20758219063282013,0.9425190091133118,0.8785189390182495,0.8823529481887817,0.14467927027474312
1258,0.2041057050228119,0.942011833190918,0.8780117034912109,0.8831135630607605,0.060713023743713665
1259,0.20518364012241364,0.9426880478858948,0.8790261745452881,0.882860004901886,0.1379142056231851
1260,0.20672132074832916,0.9404902458190918,0.8790261745452881,0.8803245425224304,0.24220401656283796
1261,0.20777937769889832,0.9431952834129333,0.8808014392852783,0.8820993900299072,0.27621099185515696
1262,0.20700408518314362,0.9422653913497925,0.8772508502006531,0.8805781006813049,0.23737179892640042
1263,0.20427441596984863,0.9424344897270203,0.8772508502006531,0.882860004901886,0.16271568837595965
1264,0.20461609959602356,0.9426880478858948,0.8780117034912109,0.8843812942504883,0.09738635429887287
1265,0.20545855164527893,0.9426880478858948,0.8785189390182495,0.8848884105682373,0.06008782107350532
1266,0.20463626086711884,0.9435333609580994,0.8769972324371338,0.882860004901886,0.06323253514565824
1267,0.20451034605503082,0.9437869787216187,0.8792797923088074,0.883874237537384,0.07522533830192758
1268,0.2043607085943222,0.9431107044219971,0.8780117034912109,0.8843812942504883,0.0692679299135006
1269,0.2063964456319809,0.9429416656494141,0.8785189390182495,0.883874237537384,0.06907786851854605
1270,0.20513756573200226,0.9429416656494141,0.8767436146736145,0.8851419687271118,0.06811959689739766
1271,0.20410098135471344,0.9426880478858948,0.8775044679641724,0.8823529481887817,0.08541487348409137
1272,0.20412461459636688,0.9426035284996033,0.8772508502006531,0.8848884105682373,0.11178530414453468
1273,0.20576633512973785,0.941842794418335,0.8767436146736145,0.8848884105682373,0.13385413779406322
1274,0.2064862996339798,0.942180871963501,0.8780117034912109,0.883874237537384,0.14979597761230376
1275,0.20601941645145416,0.941842794418335,0.8785189390182495,0.8848884105682373,0.15395664004233164
1276,0.20616121590137482,0.942772626876831,0.8790261745452881,0.8843812942504883,0.1408967999913464
1277,0.20513297617435455,0.9420963525772095,0.8782653212547302,0.8820993900299072,0.11137498264850111
1278,0.20241385698318481,0.9414201378822327,0.8782653212547302,0.883367121219635,0.08061084922441958
1279,0.20445838570594788,0.9414201378822327,0.8787725567817688,0.8836206793785095,0.07600965054694932
1280,0.20343507826328278,0.9422653913497925,0.8782653212547302,0.883367121219635,0.06442476044663145
1281,0.2052551954984665,0.9431952834129333,0.8780117034912109,0.8823529481887817,0.07929291615836093
1282,0.20492449402809143,0.9431952834129333,0.8767436146736145,0.8848884105682373,0.08012900907612364
1283,0.2059708535671234,0.9437024593353271,0.8782653212547302,0.883874237537384,0.08320867725149973
1284,0.2052989900112152,0.9435333609580994,0.8780117034912109,0.8843812942504883,0.07341235500427783
1285,0.20279450714588165,0.942772626876831,0.8780117034912109,0.8841277956962585,0.06528470543927499
1286,0.20287898182868958,0.9435333609580994,0.8780117034912109,0.8846348524093628,0.05508983294422076
1287,0.20351864397525787,0.942011833190918,0.8772508502006531,0.8836206793785095,0.07672094965319964
1288,0.20509757101535797,0.9417582154273987,0.8785189390182495,0.8848884105682373,0.15054719894227372
1289,0.20559631288051605,0.9400675892829895,0.8762363791465759,0.8831135630607605,0.24450404601950296
1290,0.20891982316970825,0.941842794418335,0.8780117034912109,0.8818458318710327,0.3208451424098197
1291,0.20887990295886993,0.9404057264328003,0.8764899969100952,0.8818458318710327,0.35285628637966676
1292,0.20655976235866547,0.9419273138046265,0.8782653212547302,0.8859026432037354,0.32256477615591367
1293,0.20632852613925934,0.9426035284996033,0.8787725567817688,0.8823529481887817,0.2335207719983323
1294,0.20369338989257812,0.9426035284996033,0.8775044679641724,0.8836206793785095,0.10359429200651943
1295,0.20408597588539124,0.941842794418335,0.8787725567817688,0.883874237537384,0.07668555727585497
1296,0.20493894815444946,0.9412510395050049,0.8780117034912109,0.8831135630607605,0.17383583339650022
1297,0.20795287191867828,0.9428571462631226,0.8795334100723267,0.8843812942504883,0.2260870464191926
1298,0.20686152577400208,0.9422653913497925,0.8762363791465759,0.8823529481887817,0.22336667638507074
1299,0.2049882709980011,0.9435333609580994,0.8780117034912109,0.8820993900299072,0.16599498965231982
1300,0.20539411902427673,0.9426035284996033,0.8785189390182495,0.8823529481887817,0.07600127215084597
1301,0.2036445289850235,0.9419273138046265,0.8775044679641724,0.8836206793785095,0.10503904728992539
1302,0.2052842676639557,0.9426035284996033,0.8782653212547302,0.8826064467430115,0.1590209524684699
1303,0.2062499225139618,0.9425190091133118,0.8792797923088074,0.8836206793785095,0.15092887160072693
1304,0.2041538953781128,0.9433643221855164,0.8777580857276917,0.883367121219635,0.1107524361873357
1305,0.20523081719875336,0.9431107044219971,0.8787725567817688,0.8843812942504883,0.06493296288384742
1306,0.20629361271858215,0.9424344897270203,0.8790261745452881,0.883874237537384,0.07288499639852554
1307,0.206435427069664,0.941842794418335,0.8775044679641724,0.8808315992355347,0.13053554402854042
1308,0.20580895245075226,0.9423499703407288,0.8790261745452881,0.8820993900299072,0.15732367782766912
1309,0.20381271839141846,0.9430261850357056,0.8785189390182495,0.8848884105682373,0.11677569979595726
1310,0.20421001315116882,0.9425190091133118,0.8790261745452881,0.8841277956962585,0.061168056459453835
1311,0.20465509593486786,0.942180871963501,0.8767436146736145,0.8818458318710327,0.09174146166248565
1312,0.2056979537010193,0.9430261850357056,0.8777580857276917,0.8846348524093628,0.11205153653700416
1313,0.20657582581043243,0.9430261850357056,0.8767436146736145,0.8826064467430115,0.1172791290276751
1314,0.20465730130672455,0.9442941546440125,0.8775044679641724,0.883874237537384,0.10984767721048766
1315,0.20345807075500488,0.9422653913497925,0.8762363791465759,0.8823529481887817,0.09436055282434674
1316,0.20573295652866364,0.9425190091133118,0.8785189390182495,0.8818458318710327,0.08531736548819487
1317,0.20415113866329193,0.9426035284996033,0.8787725567817688,0.8810851573944092,0.06932439354665432
1318,0.20523971319198608,0.9425190091133118,0.8772508502006531,0.8815922737121582,0.06196856301637552
1319,0.2055852860212326,0.9429416656494141,0.8795334100723267,0.8831135630607605,0.11264147629730992
1320,0.2064058780670166,0.9431952834129333,0.8764899969100952,0.8813387155532837,0.15320699657735523
1321,0.20725426077842712,0.9429416656494141,0.8780117034912109,0.8820993900299072,0.14942301123150806
1322,0.2057071179151535,0.9431107044219971,0.8772508502006531,0.8810851573944092,0.09344154454311887
1323,0.20318621397018433,0.9420963525772095,0.8767436146736145,0.8815922737121582,0.05782392458886594
1324,0.20469290018081665,0.942011833190918,0.8772508502006531,0.8831135630607605,0.0818715445155722
1325,0.20710112154483795,0.9430261850357056,0.8785189390182495,0.8823529481887817,0.09735278768772924
1326,0.20469042658805847,0.942772626876831,0.8775044679641724,0.8843812942504883,0.10213963151819494
1327,0.2061476856470108,0.942180871963501,0.8777580857276917,0.8836206793785095,0.11509436450370063
1328,0.20469717681407928,0.9431107044219971,0.8769972324371338,0.8831135630607605,0.13029194563303725
1329,0.20629428327083588,0.942011833190918,0.8782653212547302,0.8843812942504883,0.12218082443545673
1330,0.20526185631752014,0.9423499703407288,0.8777580857276917,0.8831135630607605,0.09401935380114645
1331,0.20522192120552063,0.9423499703407288,0.8787725567817688,0.883367121219635,0.07335593873040475
1332,0.20375148952007294,0.9422653913497925,0.8790261745452881,0.883367121219635,0.06452635178075179
1333,0.20443834364414215,0.942180871963501,0.8780117034912109,0.8841277956962585,0.08204228850096061
1334,0.20500734448432922,0.9436179399490356,0.8785189390182495,0.8836206793785095,0.09379121645738706
1335,0.2026430368423462,0.9438714981079102,0.8772508502006531,0.883367121219635,0.07951696945471115
1336,0.20451530814170837,0.9426035284996033,0.8777580857276917,0.883874237537384,0.07969587153355319
1337,0.20478706061840057,0.9430261850357056,0.8785189390182495,0.883367121219635,0.08884290741804296
1338,0.20412376523017883,0.9434488415718079,0.8785189390182495,0.883874237537384,0.07460842467336774
1339,0.20555299520492554,0.9431107044219971,0.8785189390182495,0.8823529481887817,0.05576615001155627
1340,0.2022792398929596,0.9429416656494141,0.8787725567817688,0.8818458318710327,0.07964841645986273
1341,0.20428474247455597,0.9422653913497925,0.8775044679641724,0.8831135630607605,0.10712741072465738
1342,0.20560210943222046,0.9430261850357056,0.8790261745452881,0.8810851573944092,0.11474696782659329
1343,0.20551761984825134,0.9426880478858948,0.8780117034912109,0.8831135630607605,0.10008870681219637
1344,0.20372356474399567,0.9424344897270203,0.8777580857276917,0.8843812942504883,0.061896982460299926
1345,0.20398463308811188,0.9431952834129333,0.8787725567817688,0.8815922737121582,0.08879069200082491
1346,0.203091561794281,0.9422653913497925,0.8764899969100952,0.8826064467430115,0.1474759726959286
1347,0.20543457567691803,0.9428571462631226,0.8782653212547302,0.8826064467430115,0.180934337843807
1348,0.2049405425786972,0.9424344897270203,0.8792797923088074,0.8836206793785095,0.1689072388115065
1349,0.20561791956424713,0.9434488415718079,0.8777580857276917,0.8823529481887817,0.11239193206143788
1350,0.20500972867012024,0.9436179399490356,0.8785189390182495,0.8823529481887817,0.06160201111469078
1351,0.20501942932605743,0.9439560174942017,0.8790261745452881,0.882860004901886,0.07605343384090364
1352,0.20614120364189148,0.9432798027992249,0.8777580857276917,0.8820993900299072,0.11233728429105398
1353,0.20656715333461761,0.9437024593353271,0.8769972324371338,0.883874237537384,0.13751991443922817
1354,0.20528703927993774,0.9431107044219971,0.8772508502006531,0.8826064467430115,0.15138327298959023
1355,0.2067507803440094,0.9423499703407288,0.8769972324371338,0.883874237537384,0.15642386338277514
1356,0.20804859697818756,0.9436179399490356,0.8767436146736145,0.8846348524093628,0.14694296517491254
1357,0.20557591319084167,0.9441251158714294,0.8792797923088074,0.8841277956962585,0.118683289717536
1358,0.20825526118278503,0.944209635257721,0.8775044679641724,0.883367121219635,0.08085648576001038
1359,0.20521961152553558,0.9441251158714294,0.8775044679641724,0.8836206793785095,0.061008939763911835
1360,0.20525144040584564,0.9438714981079102,0.8787725567817688,0.8841277956962585,0.06700930769010964
1361,0.20306073129177094,0.9437024593353271,0.8775044679641724,0.8813387155532837,0.07237067726021978
1362,0.20368130505084991,0.9413355588912964,0.8775044679641724,0.8831135630607605,0.10163589382164614
1363,0.2048264741897583,0.941842794418335,0.8777580857276917,0.8831135630607605,0.1412163712048765
1364,0.20472843945026398,0.9416736960411072,0.8785189390182495,0.8826064467430115,0.18702339139319782
1365,0.20782285928726196,0.9419273138046265,0.8782653212547302,0.8836206793785095,0.2254908290289194
1366,0.20579314231872559,0.9410820007324219,0.8780117034912109,0.883367121219635,0.2472566815921052
1367,0.2073201686143875,0.9432798027992249,0.8795334100723267,0.8831135630607605,0.2379984631405519
1368,0.20678766071796417,0.9423499703407288,0.8790261745452881,0.8846348524093628,0.18019430071524328
1369,0.20647622644901276,0.9425190091133118,0.8777580857276917,0.8843812942504883,0.09550999015189697
1370,0.20295163989067078,0.9425190091133118,0.8780117034912109,0.883367121219635,0.06926912556272233
1371,0.20541715621948242,0.9433643221855164,0.8785189390182495,0.883874237537384,0.12205787777152208
1372,0.20603936910629272,0.9429416656494141,0.8775044679641724,0.8823529481887817,0.13195612297445541
1373,0.2027546614408493,0.9428571462631226,0.8775044679641724,0.883874237537384,0.11281574964760067
1374,0.2056771069765091,0.9439560174942017,0.8785189390182495,0.8836206793785095,0.0990969711290409
1375,0.2041209191083908,0.9444631934165955,0.8777580857276917,0.8818458318710327,0.061869894003221064
1376,0.20573295652866364,0.9429416656494141,0.8797869682312012,0.8831135630607605,0.07608262625031459
1377,0.20366297662258148,0.9437024593353271,0.8775044679641724,0.8826064467430115,0.06443932045505876
1378,0.20428870618343353,0.9441251158714294,0.8787725567817688,0.8815922737121582,0.08464739184272738
1379,0.2047961950302124,0.9439560174942017,0.8800405859947205,0.8820993900299072,0.07202328228815277
1380,0.2044031172990799,0.9433643221855164,0.8792797923088074,0.882860004901886,0.06503413066939631
1381,0.20508386194705963,0.9432798027992249,0.8785189390182495,0.8818458318710327,0.08754306552853726
1382,0.20428211987018585,0.942772626876831,0.8800405859947205,0.8820993900299072,0.09652153974733728
1383,0.2057235836982727,0.9412510395050049,0.8790261745452881,0.883367121219635,0.12961510803000073
1384,0.2051849067211151,0.942180871963501,0.8780117034912109,0.8823529481887817,0.14556322244355804
1385,0.20439155399799347,0.9412510395050049,0.8777580857276917,0.8820993900299072,0.16043647561346178
1386,0.2050054371356964,0.9426880478858948,0.8787725567817688,0.8818458318710327,0.17464106867319248
1387,0.2072560340166092,0.9422653913497925,0.8764899969100952,0.8820993900299072,0.18262525604156363
1388,0.20655116438865662,0.9426880478858948,0.8767436146736145,0.8836206793785095,0.16637273213941164
1389,0.20533707737922668,0.9435333609580994,0.8764899969100952,0.882860004901886,0.11508461126955595
1390,0.20404386520385742,0.9425190091133118,0.8759827613830566,0.8846348524093628,0.0753417303752795
1391,0.203172966837883,0.9419273138046265,0.8767436146736145,0.8836206793785095,0.055051465318097376
1392,0.2039681077003479,0.9411665201187134,0.8777580857276917,0.8836206793785095,0.08313488146570272
1393,0.20574268698692322,0.9429416656494141,0.8769972324371338,0.8826064467430115,0.1102156733243609
1394,0.20488446950912476,0.942011833190918,0.8772508502006531,0.8815922737121582,0.12719167025890793
1395,0.20522256195545197,0.9438714981079102,0.8775044679641724,0.8826064467430115,0.1264997509650845
1396,0.2050321102142334,0.9422653913497925,0.8785189390182495,0.8820993900299072,0.12950314535367696
1397,0.20557044446468353,0.9429416656494141,0.8772508502006531,0.8831135630607605,0.12757073184563592
1398,0.20547820627689362,0.9426880478858948,0.8790261745452881,0.8823529481887817,0.11741562798774251
1399,0.20582371950149536,0.9436179399490356,0.8787725567817688,0.8820993900299072,0.09949204652622727
1400,0.20414194464683533,0.9436179399490356,0.8780117034912109,0.8836206793785095,0.07208474167839916
1401,0.20529139041900635,0.9437869787216187,0.8782653212547302,0.8841277956962585,0.05142436808567851
1402,0.20442548394203186,0.9440405964851379,0.8775044679641724,0.8836206793785095,0.06914653141687344
1403,0.20446451008319855,0.9423499703407288,0.8780117034912109,0.882860004901886,0.1140183543810029
1404,0.20518849790096283,0.9436179399490356,0.8777580857276917,0.883874237537384,0.15091291217224345
1405,0.20683357119560242,0.942772626876831,0.8772508502006531,0.882860004901886,0.15295801080185695
1406,0.2057458907365799,0.9438714981079102,0.8759827613830566,0.883367121219635,0.12053720925659822
1407,0.20435866713523865,0.9430261850357056,0.8772508502006531,0.8820993900299072,0.08029607131748379
1408,0.20444121956825256,0.9433643221855164,0.8772508502006531,0.8826064467430115,0.06324677905110457
1409,0.20405054092407227,0.9431952834129333,0.8767436146736145,0.8815922737121582,0.06425616251179217
1410,0.20456533133983612,0.9436179399490356,0.8769972324371338,0.883874237537384,0.06432326227960844
1411,0.20465020835399628,0.944378674030304,0.8775044679641724,0.8831135630607605,0.061169475964990914
1412,0.20659948885440826,0.9439560174942017,0.8772508502006531,0.8826064467430115,0.07171131582711404
1413,0.20619432628154755,0.9440405964851379,0.8787725567817688,0.8820993900299072,0.08551405879747813
1414,0.20379455387592316,0.9432798027992249,0.8777580857276917,0.882860004901886,0.08498804451913432
1415,0.20454737544059753,0.9436179399490356,0.8777580857276917,0.8831135630607605,0.06960415343901209
1416,0.20286020636558533,0.9426880478858948,0.8792797923088074,0.8810851573944092,0.06708864128627992
1417,0.20325666666030884,0.9432798027992249,0.8775044679641724,0.8848884105682373,0.08775043984529496
1418,0.20534498989582062,0.9419273138046265,0.8787725567817688,0.8820993900299072,0.13179286700546367
1419,0.20776022970676422,0.9438714981079102,0.8792797923088074,0.8823529481887817,0.1641186750780486
1420,0.20776286721229553,0.9419273138046265,0.8769972324371338,0.8823529481887817,0.19882179468468403
1421,0.20556704699993134,0.9423499703407288,0.8777580857276917,0.8841277956962585,0.22494969994273215
1422,0.20518656075000763,0.9412510395050049,0.8762363791465759,0.882860004901886,0.22489948474573734
1423,0.20571640133857727,0.9430261850357056,0.8785189390182495,0.883874237537384,0.18363587353436792
1424,0.20504997670650482,0.9435333609580994,0.8772508502006531,0.8820993900299072,0.11184856008156362
1425,0.20582915842533112,0.942772626876831,0.8780117034912109,0.8841277956962585,0.055716841162470124
1426,0.20243975520133972,0.9430261850357056,0.8775044679641724,0.8820993900299072,0.12732861757249314
1427,0.20711380243301392,0.9403212070465088,0.8790261745452881,0.8805781006813049,0.22770817937856472
1428,0.20749707520008087,0.9423499703407288,0.8775044679641724,0.8820993900299072,0.29330530802546007
1429,0.20722229778766632,0.9405748248100281,0.8787725567817688,0.8810851573944092,0.3134458310855689
1430,0.2066960632801056,0.942772626876831,0.8780117034912109,0.8843812942504883,0.2967867387966627
1431,0.20755501091480255,0.9422653913497925,0.8780117034912109,0.883874237537384,0.2427972932740089
1432,0.20437203347682953,0.9442941546440125,0.8785189390182495,0.8843812942504883,0.14353866754106803
1433,0.20287904143333435,0.9425190091133118,0.8787725567817688,0.8836206793785095,0.07815166269055457
1434,0.2028178572654724,0.9414201378822327,0.8769972324371338,0.882860004901886,0.10137968050575055
1435,0.2064417153596878,0.9423499703407288,0.8767436146736145,0.8831135630607605,0.1629561181092315
1436,0.2059415727853775,0.9417582154273987,0.8782653212547302,0.8810851573944092,0.1997325249995267
1437,0.2040846049785614,0.9431952834129333,0.8777580857276917,0.8841277956962585,0.1883285525304428
1438,0.2062576711177826,0.9424344897270203,0.8764899969100952,0.8846348524093628,0.12346631387592752
1439,0.20431408286094666,0.9425190091133118,0.8775044679641724,0.8823529481887817,0.07315876735427577
1440,0.20622774958610535,0.9417582154273987,0.8787725567817688,0.883367121219635,0.1787797488175884
1441,0.20893540978431702,0.9393068552017212,0.8777580857276917,0.8818458318710327,0.289062771216109
1442,0.2071828544139862,0.942011833190918,0.8797869682312012,0.8818458318710327,0.3321343775213802
1443,0.20654961466789246,0.9419273138046265,0.8785189390182495,0.8795638680458069,0.2915060554787385
1444,0.2059958279132843,0.9420963525772095,0.8782653212547302,0.8813387155532837,0.20979144062916724
1445,0.20331640541553497,0.9425190091133118,0.8782653212547302,0.883874237537384,0.12577360902021176
1446,0.2047669142484665,0.9430261850357056,0.8795334100723267,0.8846348524093628,0.06667447500354058
1447,0.2060096114873886,0.9419273138046265,0.8787725567817688,0.883367121219635,0.11916560875747279
1448,0.2052556425333023,0.9404057264328003,0.8767436146736145,0.8810851573944092,0.21686177940765883
1449,0.20722541213035583,0.9424344897270203,0.8795334100723267,0.8843812942504883,0.2709511342105883
1450,0.20805193483829498,0.9424344897270203,0.8772508502006531,0.883367121219635,0.2531386796655335
1451,0.20558488368988037,0.9440405964851379,0.8772508502006531,0.8846348524093628,0.17805744784675281
1452,0.20376405119895935,0.9437869787216187,0.8772508502006531,0.8843812942504883,0.08986669703424251
1453,0.20483243465423584,0.9439560174942017,0.8795334100723267,0.8831135630607605,0.057615406128616854
1454,0.2031622678041458,0.9432798027992249,0.8767436146736145,0.8836206793785095,0.08490090035681355
1455,0.20293258130550385,0.9430261850357056,0.8792797923088074,0.8805781006813049,0.11636043009729292
1456,0.20439530909061432,0.9425190091133118,0.8780117034912109,0.8846348524093628,0.1383702196866819
1457,0.2046176642179489,0.9433643221855164,0.8785189390182495,0.8810851573944092,0.14329632713628462
1458,0.20286262035369873,0.9436179399490356,0.8785189390182495,0.8841277956962585,0.121700325173025
1459,0.2052023559808731,0.9433643221855164,0.8775044679641724,0.883874237537384,0.08837375561336762
1460,0.2057095468044281,0.9439560174942017,0.8780117034912109,0.8831135630607605,0.0708862428682497
1461,0.20369386672973633,0.9438714981079102,0.8772508502006531,0.882860004901886,0.07260851185018355
1462,0.2041974812746048,0.9432798027992249,0.8764899969100952,0.8826064467430115,0.06604042188575235
1463,0.2047789990901947,0.9433643221855164,0.8775044679641724,0.8823529481887817,0.06513488950875881
1464,0.2034412920475006,0.9426035284996033,0.8772508502006531,0.8818458318710327,0.09879991170239577
1465,0.20484809577465057,0.9424344897270203,0.8764899969100952,0.8818458318710327,0.13069518974094574
1466,0.20439404249191284,0.9425190091133118,0.8757292032241821,0.8836206793785095,0.1456675887107415
1467,0.20515014231204987,0.9435333609580994,0.8787725567817688,0.8826064467430115,0.1287568119976062
1468,0.20565268397331238,0.944378674030304,0.8775044679641724,0.8848884105682373,0.08669252669608624
1469,0.2048346847295761,0.944378674030304,0.8792797923088074,0.883367121219635,0.06816849353648573
1470,0.2041371762752533,0.9439560174942017,0.8787725567817688,0.8848884105682373,0.06539987787269824
1471,0.20460233092308044,0.9429416656494141,0.8797869682312012,0.8826064467430115,0.0830683095485039
1472,0.20481351017951965,0.9432798027992249,0.8777580857276917,0.8823529481887817,0.12144916855784921
1473,0.20680323243141174,0.942180871963501,0.8777580857276917,0.8815922737121582,0.13738104122816105
1474,0.20679524540901184,0.9437869787216187,0.8782653212547302,0.8820993900299072,0.134907706573066
1475,0.20361873507499695,0.9431107044219971,0.8797869682312012,0.8826064467430115,0.09339840649325541
1476,0.2048167735338211,0.9431952834129333,0.8785189390182495,0.8851419687271118,0.07091021461265631
1477,0.20549306273460388,0.9436179399490356,0.8780117034912109,0.883874237537384,0.06683812398923655
1478,0.20688167214393616,0.942180871963501,0.8782653212547302,0.8831135630607605,0.10222108439629932
1479,0.20525167882442474,0.942772626876831,0.8780117034912109,0.8820993900299072,0.13587691709129848
1480,0.2049855887889862,0.9415891766548157,0.8769972324371338,0.8823529481887817,0.15871517687671743
1481,0.20614191889762878,0.9438714981079102,0.8792797923088074,0.8823529481887817,0.16854440938437462
1482,0.20553697645664215,0.9437869787216187,0.8792797923088074,0.8841277956962585,0.16023889359579457
1483,0.20483335852622986,0.9439560174942017,0.8808014392852783,0.8826064467430115,0.127057171852846
1484,0.20561465620994568,0.9436179399490356,0.8797869682312012,0.8831135630607605,0.08085404107984952
1485,0.20559266209602356,0.9437024593353271,0.8785189390182495,0.882860004901886,0.06614225715811804
1486,0.20419442653656006,0.9437024593353271,0.8787725567817688,0.8815922737121582,0.08330906872515872
1487,0.20439055562019348,0.9431952834129333,0.8762363791465759,0.8826064467430115,0.12134698649104628
1488,0.20379266142845154,0.9435333609580994,0.8787725567817688,0.8815922737121582,0.1390036395006594
1489,0.20336835086345673,0.9428571462631226,0.8775044679641724,0.8820993900299072,0.14196912044226837
1490,0.20489156246185303,0.9429416656494141,0.8780117034912109,0.8831135630607605,0.14036374014281774
1491,0.2043433040380478,0.9437869787216187,0.8782653212547302,0.8826064467430115,0.12315798820362697
1492,0.2054077684879303,0.944209635257721,0.8790261745452881,0.8831135630607605,0.07952567828192202
1493,0.20428602397441864,0.9442941546440125,0.8790261745452881,0.882860004901886,0.06774105355250974
1494,0.204951673746109,0.9435333609580994,0.8790261745452881,0.8831135630607605,0.06251989375854819
1495,0.20395702123641968,0.9432798027992249,0.8787725567817688,0.8836206793785095,0.06352268540325146
1496,0.20374998450279236,0.9428571462631226,0.8785189390182495,0.8846348524093628,0.06651964442403639
1497,0.20509013533592224,0.9424344897270203,0.8785189390182495,0.8823529481887817,0.0868742864056858
1498,0.20456452667713165,0.9429416656494141,0.8782653212547302,0.882860004901886,0.11108173486637936
1499,0.20600011944770813,0.9439560174942017,0.8782653212547302,0.8820993900299072,0.10043793834679379
1500,0.20460982620716095,0.9444631934165955,0.8780117034912109,0.8831135630607605,0.08458774658568681
1501,0.20542986690998077,0.944378674030304,0.8777580857276917,0.8808315992355347,0.07527316036392709
1502,0.20484648644924164,0.9440405964851379,0.8787725567817688,0.883367121219635,0.0779084181029961
1503,0.20594103634357452,0.9431107044219971,0.8754755854606628,0.8820993900299072,0.09215330841173536
1504,0.20497553050518036,0.9415891766548157,0.8767436146736145,0.8805781006813049,0.12007645768969409
1505,0.20612972974777222,0.9428571462631226,0.8775044679641724,0.883874237537384,0.1345034281212008
1506,0.2063930183649063,0.9426880478858948,0.8790261745452881,0.8820993900299072,0.14002893042662765
1507,0.2038755863904953,0.9431952834129333,0.8772508502006531,0.882860004901886,0.14781007417222738
1508,0.20342327654361725,0.9434488415718079,0.8785189390182495,0.8820993900299072,0.14463651698837496
1509,0.20471026003360748,0.9426035284996033,0.8787725567817688,0.8826064467430115,0.11894319745282801
1510,0.2048882246017456,0.9419273138046265,0.8790261745452881,0.8823529481887817,0.08442797664208834
1511,0.2043009251356125,0.9430261850357056,0.8790261745452881,0.8823529481887817,0.0717044623462545
1512,0.20592233538627625,0.9425190091133118,0.8795334100723267,0.8823529481887817,0.15491303609809082
1513,0.20682361721992493,0.9420963525772095,0.8782653212547302,0.8810851573944092,0.22593316475211747
1514,0.20652270317077637,0.942180871963501,0.8797869682312012,0.883367121219635,0.25973010465942514
1515,0.20749938488006592,0.9415046572685242,0.8790261745452881,0.8813387155532837,0.248120538614795
1516,0.20545203983783722,0.9430261850357056,0.8785189390182495,0.8823529481887817,0.18852412781817954
1517,0.20434507727622986,0.9435333609580994,0.8790261745452881,0.883367121219635,0.11707321722747721
1518,0.20474015176296234,0.9428571462631226,0.8767436146736145,0.882860004901886,0.07120423095469408
1519,0.20471476018428802,0.942772626876831,0.8780117034912109,0.8823529481887817,0.14359084072920927
1520,0.20566129684448242,0.9426035284996033,0.8777580857276917,0.8815922737121582,0.20327228060086364
1521,0.2060643881559372,0.9428571462631226,0.8790261745452881,0.8843812942504883,0.20616629005008258
1522,0.20509569346904755,0.9437869787216187,0.8787725567817688,0.882860004901886,0.19210416698408286
1523,0.2048770785331726,0.9437024593353271,0.8780117034912109,0.882860004901886,0.147210650573717
1524,0.20499737560749054,0.9435333609580994,0.8780117034912109,0.8823529481887817,0.11924726059998894
1525,0.2025894969701767,0.9434488415718079,0.8782653212547302,0.8823529481887817,0.07288869828567691
1526,0.20682571828365326,0.9437024593353271,0.8792797923088074,0.8820993900299072,0.07236791511918694
1527,0.20299874246120453,0.9433643221855164,0.8795334100723267,0.8826064467430115,0.11346082227547773
1528,0.20473182201385498,0.944378674030304,0.8782653212547302,0.883874237537384,0.1087248601728339
1529,0.2062462419271469,0.9447168111801147,0.8790261745452881,0.883874237537384,0.07963226857307652
1530,0.20336802303791046,0.9440405964851379,0.8780117034912109,0.8851419687271118,0.053622067144218785
1531,0.20427846908569336,0.9429416656494141,0.8790261745452881,0.883874237537384,0.0865336136349069
1532,0.20448856055736542,0.9424344897270203,0.8762363791465759,0.8841277956962585,0.09130845457942321
1533,0.20531153678894043,0.9425190091133118,0.8769972324371338,0.8826064467430115,0.0921042125796109
1534,0.20545834302902222,0.9426035284996033,0.8752219676971436,0.8843812942504883,0.10353815205023151
1535,0.2045947164297104,0.9426035284996033,0.8780117034912109,0.8836206793785095,0.10694299142797152
1536,0.20432816445827484,0.9430261850357056,0.8759827613830566,0.8836206793785095,0.13137597230762488
1537,0.20441968739032745,0.942180871963501,0.8762363791465759,0.8836206793785095,0.12573526805861018
1538,0.2037072479724884,0.9419273138046265,0.8764899969100952,0.8836206793785095,0.11798503943167518
1539,0.2041645050048828,0.9428571462631226,0.8782653212547302,0.8843812942504883,0.11633778905593667
1540,0.20417152345180511,0.942772626876831,0.8790261745452881,0.883367121219635,0.09532332678884628
1541,0.2058439403772354,0.9437869787216187,0.8790261745452881,0.8841277956962585,0.08792347425567003
1542,0.20328077673912048,0.9432798027992249,0.8797869682312012,0.8848884105682373,0.06325114308686715
1543,0.20669421553611755,0.9422653913497925,0.8792797923088074,0.883367121219635,0.0996167495874303
1544,0.20447774231433868,0.9437869787216187,0.8785189390182495,0.8836206793785095,0.11613484181377293
1545,0.20623180270195007,0.942772626876831,0.8772508502006531,0.8836206793785095,0.12370889906855624
1546,0.20500680804252625,0.9438714981079102,0.8780117034912109,0.8831135630607605,0.10907626613320896
1547,0.20445755124092102,0.9437024593353271,0.8769972324371338,0.8826064467430115,0.08447325976909757
1548,0.20385536551475525,0.9430261850357056,0.8780117034912109,0.8843812942504883,0.06762539156479844
1549,0.2048615962266922,0.9436179399490356,0.8757292032241821,0.8836206793785095,0.08718913006423562
1550,0.20505502820014954,0.9413355588912964,0.8782653212547302,0.8823529481887817,0.16156773268401853
1551,0.20432373881340027,0.9426035284996033,0.8782653212547302,0.883874237537384,0.2118152486773694
1552,0.2053808718919754,0.9408283829689026,0.8775044679641724,0.8826064467430115,0.23976826926376824
1553,0.20570731163024902,0.9424344897270203,0.8795334100723267,0.8841277956962585,0.2370564194476113
1554,0.20495986938476562,0.9429416656494141,0.8780117034912109,0.8843812942504883,0.20386523903489437
1555,0.2035597860813141,0.9425190091133118,0.8775044679641724,0.8836206793785095,0.15498146792785214
1556,0.20527471601963043,0.9436179399490356,0.8787725567817688,0.8836206793785095,0.10673218605864204
1557,0.2020547091960907,0.9429416656494141,0.8782653212547302,0.8823529481887817,0.06524798595443466
1558,0.2043999433517456,0.9420963525772095,0.8775044679641724,0.882860004901886,0.11634751633886857
1559,0.20423798263072968,0.942011833190918,0.8782653212547302,0.8820993900299072,0.1948792664409029
1560,0.2080979198217392,0.9426035284996033,0.880547821521759,0.8843812942504883,0.25139090630985406
1561,0.20692181587219238,0.9414201378822327,0.8782653212547302,0.8831135630607605,0.28053827168976503
1562,0.2053786814212799,0.9435333609580994,0.8792797923088074,0.883874237537384,0.2741178267122536
1563,0.2050497680902481,0.9439560174942017,0.8764899969100952,0.8831135630607605,0.20729780451556884
1564,0.2046046257019043,0.9438714981079102,0.8772508502006531,0.8831135630607605,0.09891164140469141
1565,0.20546290278434753,0.9435333609580994,0.8790261745452881,0.8831135630607605,0.08024488011616222
1566,0.2058611959218979,0.9405748248100281,0.8759827613830566,0.8810851573944092,0.17454144126950988
1567,0.2052111178636551,0.9429416656494141,0.8780117034912109,0.8841277956962585,0.2587894520947835
1568,0.20968963205814362,0.9400675892829895,0.8762363791465759,0.8805781006813049,0.32399235762040035
1569,0.2074073851108551,0.9424344897270203,0.8782653212547302,0.883367121219635,0.3432400041249927
1570,0.20658862590789795,0.942011833190918,0.8769972324371338,0.8823529481887817,0.2768437897514291
1571,0.20575708150863647,0.9433643221855164,0.8802942037582397,0.883874237537384,0.14550566841712387
1572,0.20522576570510864,0.9420963525772095,0.8782653212547302,0.8831135630607605,0.0664516860689599
1573,0.20543983578681946,0.9422653913497925,0.8769972324371338,0.882860004901886,0.1739434968553762
1574,0.2042141556739807,0.9413355588912964,0.8802942037582397,0.8843812942504883,0.23212811221672802
1575,0.20482386648654938,0.9428571462631226,0.8785189390182495,0.8826064467430115,0.236588960964291
1576,0.20385368168354034,0.9432798027992249,0.8800405859947205,0.8836206793785095,0.17981306477787729
1577,0.20288915932178497,0.9423499703407288,0.8787725567817688,0.8820993900299072,0.08327873733526671
1578,0.20601215958595276,0.9415046572685242,0.8762363791465759,0.8820993900299072,0.10976557104392938
1579,0.206294447183609,0.9412510395050049,0.8813086748123169,0.8836206793785095,0.2221115812005117
1580,0.2077065259218216,0.9417582154273987,0.8777580857276917,0.8810851573944092,0.2861476915074531
1581,0.20645007491111755,0.9415891766548157,0.8797869682312012,0.8810851573944092,0.28240395663438506
1582,0.20575286448001862,0.9437024593353271,0.8782653212547302,0.8848884105682373,0.22157779193219326
1583,0.20652000606060028,0.9439560174942017,0.8790261745452881,0.8846348524093628,0.11571192630347107
1584,0.20589643716812134,0.9416736960411072,0.8787725567817688,0.8831135630607605,0.06634004121452644
1585,0.2055933177471161,0.9423499703407288,0.8792797923088074,0.8831135630607605,0.15818473006826994
1586,0.20419761538505554,0.942011833190918,0.8792797923088074,0.882860004901886,0.20607585503059442
1587,0.20698460936546326,0.9431107044219971,0.8800405859947205,0.8846348524093628,0.18735751360583366
1588,0.20436982810497284,0.9432798027992249,0.8782653212547302,0.883874237537384,0.1337438896174288
1589,0.20349077880382538,0.9436179399490356,0.8757292032241821,0.883367121219635,0.07775052944470134
1590,0.20389875769615173,0.9423499703407288,0.8772508502006531,0.883874237537384,0.05616910470256593
1591,0.2031201273202896,0.9420963525772095,0.8759827613830566,0.8815922737121582,0.08849985180542917
1592,0.20503385365009308,0.942011833190918,0.8775044679641724,0.8820993900299072,0.15437384073185367
1593,0.20657587051391602,0.9426035284996033,0.8764899969100952,0.8820993900299072,0.20940941124553109
1594,0.20623163878917694,0.9423499703407288,0.8764899969100952,0.8805781006813049,0.22713594640360502
1595,0.20307934284210205,0.9442941546440125,0.8772508502006531,0.8815922737121582,0.19625198025624632
1596,0.20504795014858246,0.9437024593353271,0.8785189390182495,0.8823529481887817,0.11930191142843709
1597,0.20431451499462128,0.9440405964851379,0.8785189390182495,0.8831135630607605,0.05352525163333485
1598,0.20436370372772217,0.9441251158714294,0.8767436146736145,0.882860004901886,0.07771770856383313
1599,0.20104975998401642,0.9432798027992249,0.8764899969100952,0.883367121219635,0.11379003460738406
1600,0.20659862458705902,0.9448013305664062,0.8775044679641724,0.882860004901886,0.12615171940869566
1601,0.20278072357177734,0.944209635257721,0.8782653212547302,0.8843812942504883,0.08924217844343857
1602,0.20266053080558777,0.9436179399490356,0.8787725567817688,0.8836206793785095,0.049618500277074304
1603,0.203775092959404,0.9440405964851379,0.8772508502006531,0.883874237537384,0.08504011620557374
1604,0.2026500105857849,0.9429416656494141,0.8780117034912109,0.8851419687271118,0.11305550958848888
1605,0.20427224040031433,0.9431952834129333,0.8780117034912109,0.8841277956962585,0.12652239003842386
1606,0.20404940843582153,0.9433643221855164,0.8790261745452881,0.8846348524093628,0.12905476299118823
1607,0.20346124470233917,0.9437869787216187,0.8785189390182495,0.882860004901886,0.11262352072818109
1608,0.20353886485099792,0.9439560174942017,0.8787725567817688,0.8818458318710327,0.08295681060213708
1609,0.20186176896095276,0.9432798027992249,0.8792797923088074,0.8843812942504883,0.07095806408802656
1610,0.20421914756298065,0.942180871963501,0.8802942037582397,0.883874237537384,0.1334084998408327
1611,0.2051592320203781,0.942011833190918,0.8787725567817688,0.882860004901886,0.1883986289684543
1612,0.20762395858764648,0.9435333609580994,0.8802942037582397,0.8846348524093628,0.19099061181045032
1613,0.20470301806926727,0.9444631934165955,0.8795334100723267,0.8815922737121582,0.15405178098111527
1614,0.20587320625782013,0.9448013305664062,0.8797869682312012,0.8818458318710327,0.10750374211855897
1615,0.20396822690963745,0.9435333609580994,0.8802942037582397,0.8803245425224304,0.07496320487693695
1616,0.20404988527297974,0.9433643221855164,0.8785189390182495,0.8820993900299072,0.06337684497281924
1617,0.2034684419631958,0.9429416656494141,0.8785189390182495,0.8815922737121582,0.0827746475612485
1618,0.20402434468269348,0.9423499703407288,0.8785189390182495,0.8818458318710327,0.10429751304888825
1619,0.203234001994133,0.9437869787216187,0.8777580857276917,0.8820993900299072,0.11195182629689333
1620,0.20457787811756134,0.9437024593353271,0.8797869682312012,0.8820993900299072,0.09556943024229374
1621,0.20340496301651,0.944209635257721,0.8792797923088074,0.883874237537384,0.07315283309213844
1622,0.20286761224269867,0.9439560174942017,0.8782653212547302,0.8846348524093628,0.07523829784394648
1623,0.2026481330394745,0.9438714981079102,0.8782653212547302,0.8831135630607605,0.06452186755585497
1624,0.20566964149475098,0.9428571462631226,0.8780117034912109,0.883367121219635,0.08331434928652205
1625,0.20720596611499786,0.9428571462631226,0.8769972324371338,0.8826064467430115,0.09225083212301723
1626,0.20310039818286896,0.9435333609580994,0.8785189390182495,0.8836206793785095,0.09483643686630161
1627,0.2031531035900116,0.9434488415718079,0.8785189390182495,0.883367121219635,0.07135886849003645
1628,0.20399507880210876,0.9423499703407288,0.8769972324371338,0.8831135630607605,0.06462593643272914
1629,0.20441225171089172,0.9426880478858948,0.8780117034912109,0.883874237537384,0.12312237629479873
1630,0.20602980256080627,0.9423499703407288,0.8785189390182495,0.8836206793785095,0.1698826457982055
1631,0.2055949866771698,0.9423499703407288,0.8759827613830566,0.8841277956962585,0.17842831889708333
1632,0.2062859982252121,0.9430261850357056,0.8769972324371338,0.883367121219635,0.14875765022366477
1633,0.20441557466983795,0.9431952834129333,0.8777580857276917,0.8841277956962585,0.09350634026691654
1634,0.20552851259708405,0.9435333609580994,0.8769972324371338,0.8836206793785095,0.06895056693545246
1635,0.20447146892547607,0.9428571462631226,0.8764899969100952,0.8820993900299072,0.1324181364859948
1636,0.203647181391716,0.9429416656494141,0.8780117034912109,0.8823529481887817,0.1652908309788619
1637,0.20305374264717102,0.9437024593353271,0.8775044679641724,0.883367121219635,0.12706600681838356
1638,0.2051207572221756,0.9433643221855164,0.8759827613830566,0.8841277956962585,0.06410477185437323
1639,0.2054833620786667,0.9444631934165955,0.8787725567817688,0.882860004901886,0.0754663590343783
1640,0.20553545653820038,0.9433643221855164,0.8767436146736145,0.883367121219635,0.09731512485925241
1641,0.20377972722053528,0.9442941546440125,0.8790261745452881,0.8841277956962585,0.101424402634968
1642,0.2028709053993225,0.9431107044219971,0.8775044679641724,0.8836206793785095,0.10909171675554463
1643,0.20428507030010223,0.9435333609580994,0.8787725567817688,0.8848884105682373,0.12128472481138931
1644,0.20429696142673492,0.9419273138046265,0.8772508502006531,0.8831135630607605,0.1324194793111717
1645,0.2056782841682434,0.9438714981079102,0.8785189390182495,0.883367121219635,0.12978643736176054
1646,0.20667175948619843,0.9434488415718079,0.8782653212547302,0.882860004901886,0.11016172044372291
1647,0.20339475572109222,0.9439560174942017,0.8792797923088074,0.883874237537384,0.08658099350155349
1648,0.2041115164756775,0.9436179399490356,0.8792797923088074,0.8818458318710327,0.08119746334917004
1649,0.20488318800926208,0.9431107044219971,0.8797869682312012,0.8841277956962585,0.06880483529231675
1650,0.2036597579717636,0.9435333609580994,0.8792797923088074,0.8831135630607605,0.06708647186533041
1651,0.2070501148700714,0.944970428943634,0.8785189390182495,0.883874237537384,0.07769320505024505
1652,0.20372425019741058,0.944378674030304,0.8795334100723267,0.882860004901886,0.09354748321093112
1653,0.20344099402427673,0.9447168111801147,0.8795334100723267,0.8841277956962585,0.08792647053609089
1654,0.205300971865654,0.9444631934165955,0.8795334100723267,0.883874237537384,0.06179205698293708
1655,0.2056795358657837,0.9441251158714294,0.8780117034912109,0.8831135630607605,0.06612878114916225
1656,0.2050832360982895,0.9437869787216187,0.8797869682312012,0.8851419687271118,0.07320686882647146
1657,0.20318113267421722,0.9441251158714294,0.8792797923088074,0.883367121219635,0.06844051394700484
1658,0.2033550888299942,0.9432798027992249,0.8790261745452881,0.8826064467430115,0.060871036691793
1659,0.20455698668956757,0.9429416656494141,0.8792797923088074,0.8836206793785095,0.059552929120798744
1660,0.20288580656051636,0.9432798027992249,0.8797869682312012,0.883367121219635,0.06686747783347252
1661,0.20379795134067535,0.9431952834129333,0.8792797923088074,0.8831135630607605,0.07038368304910363
1662,0.20310017466545105,0.9438714981079102,0.8790261745452881,0.883367121219635,0.05957502468371322
1663,0.20689409971237183,0.9433643221855164,0.8790261745452881,0.8826064467430115,0.0607816642700106
1664,0.20467008650302887,0.9437869787216187,0.8777580857276917,0.8843812942504883,0.060737807250468824
1665,0.2046075463294983,0.9444631934165955,0.8792797923088074,0.8831135630607605,0.06578369609559466
1666,0.20437732338905334,0.9435333609580994,0.8780117034912109,0.8841277956962585,0.07333000092114823
1667,0.20352451503276825,0.9435333609580994,0.8780117034912109,0.883874237537384,0.06837901308047398
1668,0.20456935465335846,0.9445477724075317,0.8767436146736145,0.8861561417579651,0.07477539318238231
1669,0.2046736478805542,0.9426880478858948,0.8769972324371338,0.883367121219635,0.08556325841057885
1670,0.2035486102104187,0.9436179399490356,0.8759827613830566,0.8856490850448608,0.10329697754676798
1671,0.2022079974412918,0.9431107044219971,0.8787725567817688,0.8831135630607605,0.12348283383339385
1672,0.2035665363073349,0.9434488415718079,0.8762363791465759,0.8846348524093628,0.14167417258001322
1673,0.20450378954410553,0.9432798027992249,0.8787725567817688,0.883874237537384,0.1363462927715434
1674,0.2065708339214325,0.9447168111801147,0.8777580857276917,0.883367121219635,0.11786550141400927
1675,0.20507046580314636,0.9448013305664062,0.8785189390182495,0.8826064467430115,0.07700020977653402
1676,0.20487795770168304,0.9430261850357056,0.8790261745452881,0.883367121219635,0.06889567197944259
1677,0.20562316477298737,0.9415891766548157,0.8772508502006531,0.8831135630607605,0.1410064995772569
1678,0.20522476732730865,0.9426880478858948,0.8785189390182495,0.8815922737121582,0.2185189398055056
1679,0.20590688288211823,0.9414201378822327,0.8754755854606628,0.8805781006813049,0.26677885138655877
1680,0.2065017968416214,0.9426880478858948,0.8777580857276917,0.8818458318710327,0.2738128803061804
1681,0.2048538327217102,0.9425190091133118,0.8775044679641724,0.8818458318710327,0.2549451981252556
1682,0.20543555915355682,0.9420963525772095,0.8777580857276917,0.8803245425224304,0.2053178252967264
1683,0.20303435623645782,0.9428571462631226,0.8787725567817688,0.8820993900299072,0.13868887375636088
1684,0.20340420305728912,0.9430261850357056,0.8785189390182495,0.8808315992355347,0.0825127331638477
1685,0.20456750690937042,0.942772626876831,0.8795334100723267,0.8818458318710327,0.059798630339155556
1686,0.2046172022819519,0.9439560174942017,0.8787725567817688,0.8820993900299072,0.06583501946469396
1687,0.20259110629558563,0.9430261850357056,0.8787725567817688,0.8808315992355347,0.07611203857118773
1688,0.20302028954029083,0.9437869787216187,0.8790261745452881,0.8831135630607605,0.09767327869389
1689,0.20438578724861145,0.942180871963501,0.8767436146736145,0.8803245425224304,0.10896532053333738
1690,0.20310506224632263,0.9431107044219971,0.8790261745452881,0.8818458318710327,0.09879581285800691
1691,0.2056022733449936,0.9439560174942017,0.8787725567817688,0.8818458318710327,0.07561944682991958
1692,0.20408214628696442,0.9428571462631226,0.8797869682312012,0.8820993900299072,0.058344333936466666
1693,0.20296865701675415,0.9440405964851379,0.8785189390182495,0.883367121219635,0.0716888669070854
1694,0.20502789318561554,0.9435333609580994,0.8790261745452881,0.882860004901886,0.08495496799430127
1695,0.20375902950763702,0.9434488415718079,0.8777580857276917,0.8815922737121582,0.08664450191865912
1696,0.20218205451965332,0.9429416656494141,0.8769972324371338,0.8826064467430115,0.08022490173742657
1697,0.20141740143299103,0.9431952834129333,0.8787725567817688,0.8826064467430115,0.08018767101995176
1698,0.2053854614496231,0.9437869787216187,0.8777580857276917,0.883874237537384,0.0756873902783762
1699,0.20790793001651764,0.9434488415718079,0.8785189390182495,0.8836206793785095,0.08804297462150985
1700,0.2047158181667328,0.9450549483299255,0.8785189390182495,0.8846348524093628,0.10867312184815278
1701,0.20502394437789917,0.9430261850357056,0.8787725567817688,0.883874237537384,0.14437246343341906
1702,0.2038622945547104,0.941842794418335,0.8787725567817688,0.8841277956962585,0.17524174459448746
1703,0.20674091577529907,0.9414201378822327,0.8785189390182495,0.8826064467430115,0.2171151521135741
1704,0.2042742222547531,0.9415046572685242,0.8780117034912109,0.883874237537384,0.2377433145642742
1705,0.20558512210845947,0.942772626876831,0.8772508502006531,0.8826064467430115,0.22159874960526227
1706,0.20483742654323578,0.9437024593353271,0.8787725567817688,0.8841277956962585,0.16375215050717257
1707,0.20314092934131622,0.9440405964851379,0.8762363791465759,0.8848884105682373,0.09306483533185833
1708,0.20328110456466675,0.9435333609580994,0.8782653212547302,0.8846348524093628,0.06442186638660805
1709,0.20509512722492218,0.9426880478858948,0.8777580857276917,0.8851419687271118,0.11648692237909526
1710,0.20408093929290771,0.9420963525772095,0.8775044679641724,0.8841277956962585,0.17233225727969523
1711,0.20596762001514435,0.9437024593353271,0.8790261745452881,0.8836206793785095,0.18311536179082671
1712,0.20556500554084778,0.9431107044219971,0.8787725567817688,0.8846348524093628,0.14963869526123433
1713,0.20456495881080627,0.9440405964851379,0.8782653212547302,0.882860004901886,0.0853893322908703
1714,0.2035655677318573,0.9439560174942017,0.8792797923088074,0.8836206793785095,0.06552748804300648
1715,0.2057509422302246,0.9425190091133118,0.8782653212547302,0.8810851573944092,0.12967109913035876
1716,0.20719486474990845,0.942180871963501,0.8795334100723267,0.883874237537384,0.21739519464212212
1717,0.20715218782424927,0.9404057264328003,0.8762363791465759,0.8805781006813049,0.28552719899601237
1718,0.20699189603328705,0.9417582154273987,0.8792797923088074,0.883874237537384,0.32429745251033926
1719,0.2058809995651245,0.941842794418335,0.8775044679641724,0.8815922737121582,0.3119812895614169
1720,0.20607183873653412,0.9422653913497925,0.8795334100723267,0.8808315992355347,0.2428674684375904
1721,0.20442429184913635,0.9446322917938232,0.8797869682312012,0.8815922737121582,0.1370642520270511
1722,0.2018861323595047,0.9423499703407288,0.8780117034912109,0.8826064467430115,0.07001714104424377
1723,0.2052140086889267,0.9415891766548157,0.8800405859947205,0.883874237537384,0.15471310385862358
1724,0.20635361969470978,0.939644992351532,0.8787725567817688,0.8818458318710327,0.2606599194141802
1725,0.2073168307542801,0.9424344897270203,0.8790261745452881,0.882860004901886,0.32349885614895335
1726,0.20652329921722412,0.9424344897270203,0.8767436146736145,0.8818458318710327,0.2953438574603154
1727,0.2043108195066452,0.9439560174942017,0.8772508502006531,0.8818458318710327,0.18484109114497277
1728,0.20193955302238464,0.9431952834129333,0.8775044679641724,0.883367121219635,0.06764290246490272
1729,0.2050902247428894,0.9405748248100281,0.8780117034912109,0.8808315992355347,0.176353619012461
1730,0.20688848197460175,0.9415891766548157,0.8777580857276917,0.8831135630607605,0.29784485675540834
1731,0.20845448970794678,0.9385460615158081,0.8787725567817688,0.8793103098869324,0.36858913431570156
1732,0.20926770567893982,0.9424344897270203,0.8797869682312012,0.8841277956962585,0.37019063527020335
1733,0.20716919004917145,0.9425190091133118,0.8775044679641724,0.8836206793785095,0.27858954471456937
1734,0.2032468616962433,0.9426035284996033,0.8780117034912109,0.8841277956962585,0.12175711201843183
1735,0.20356659591197968,0.941842794418335,0.880547821521759,0.8848884105682373,0.11680888100695337
1736,0.2051328420639038,0.9384615421295166,0.8780117034912109,0.8808315992355347,0.2696937926336049
1737,0.2093716561794281,0.9411665201187134,0.8780117034912109,0.8864096999168396,0.33509551500036916
1738,0.20744338631629944,0.9423499703407288,0.8777580857276917,0.8836206793785095,0.30502889288175883
1739,0.20497439801692963,0.9440405964851379,0.8787725567817688,0.8864096999168396,0.18612222272060577
1740,0.20162633061408997,0.9429416656494141,0.8785189390182495,0.8856490850448608,0.07018309326969382
1741,0.20471790432929993,0.942180871963501,0.8772508502006531,0.8808315992355347,0.15372871434974092
1742,0.20468324422836304,0.9419273138046265,0.8787725567817688,0.8843812942504883,0.2202382173432757
1743,0.20519374310970306,0.942772626876831,0.8780117034912109,0.8810851573944092,0.21469159432945856
1744,0.20330975949764252,0.9445477724075317,0.8787725567817688,0.8836206793785095,0.15014609713814586
1745,0.20641790330410004,0.9440405964851379,0.8790261745452881,0.8820993900299072,0.06787538604316924
1746,0.2028263360261917,0.9429416656494141,0.8780117034912109,0.8818458318710327,0.11183104928535886
1747,0.20569513738155365,0.9432798027992249,0.8764899969100952,0.8808315992355347,0.15462098815605546
1748,0.20711256563663483,0.941842794418335,0.8777580857276917,0.8826064467430115,0.148813543374291
1749,0.2026536762714386,0.942772626876831,0.8775044679641724,0.8846348524093628,0.09514123888257262
1750,0.20466125011444092,0.9431107044219971,0.8772508502006531,0.8818458318710327,0.06277763002341144
1751,0.2041773796081543,0.9431107044219971,0.8775044679641724,0.8808315992355347,0.1366820133760891
1752,0.20389196276664734,0.9433643221855164,0.8777580857276917,0.883874237537384,0.16492154032095646
1753,0.20271213352680206,0.9441251158714294,0.8777580857276917,0.8843812942504883,0.11685859938794783
1754,0.20359259843826294,0.9432798027992249,0.8782653212547302,0.8820993900299072,0.05533244504112068
1755,0.20528125762939453,0.9428571462631226,0.8797869682312012,0.882860004901886,0.12967138476240544
1756,0.20532257854938507,0.9413355588912964,0.8790261745452881,0.8810851573944092,0.19023359810174348
1757,0.2057781219482422,0.9420963525772095,0.8780117034912109,0.8826064467430115,0.22888489009091043
1758,0.20589615404605865,0.9415046572685242,0.8759827613830566,0.8826064467430115,0.24311316068536898
1759,0.20355522632598877,0.9442941546440125,0.8782653212547302,0.882860004901886,0.18272325390164076
1760,0.20476332306861877,0.9441251158714294,0.8792797923088074,0.882860004901886,0.0916683781777482
1761,0.20338287949562073,0.9411665201187134,0.8775044679641724,0.883367121219635,0.10441788845771076
1762,0.2041645646095276,0.942772626876831,0.8797869682312012,0.883874237537384,0.21361159242846986
1763,0.2062164843082428,0.9416736960411072,0.8777580857276917,0.882860004901886,0.2642003490883559
1764,0.20675289630889893,0.9438714981079102,0.8767436146736145,0.8820993900299072,0.2361177566509107
1765,0.20466294884681702,0.9436179399490356,0.8775044679641724,0.8826064467430115,0.1438060193619546
1766,0.20382750034332275,0.9416736960411072,0.8754755854606628,0.8815922737121582,0.07508460515297995
1767,0.20408308506011963,0.9409974813461304,0.8782653212547302,0.8836206793785095,0.20120025122940985
1768,0.20744438469409943,0.9394758939743042,0.8775044679641724,0.8777890205383301,0.3067340878286828
1769,0.2070075124502182,0.9423499703407288,0.8785189390182495,0.8851419687271118,0.3359602588901507
1770,0.20445281267166138,0.9428571462631226,0.8795334100723267,0.8823529481887817,0.25745153605480364
1771,0.20560051500797272,0.9424344897270203,0.8792797923088074,0.8848884105682373,0.1219915543120053
1772,0.20389413833618164,0.9420963525772095,0.8775044679641724,0.8846348524093628,0.11736135465239288
1773,0.20786672830581665,0.9393913745880127,0.8785189390182495,0.8790567517280579,0.26028058794151254
1774,0.20761993527412415,0.9426035284996033,0.8780117034912109,0.8846348524093628,0.3372278479301249
1775,0.20596739649772644,0.9442941546440125,0.8790261745452881,0.883367121219635,0.27123802534597885
1776,0.20431701838970184,0.9432798027992249,0.8797869682312012,0.8826064467430115,0.11684004832067366
1777,0.20453611016273499,0.9420963525772095,0.8790261745452881,0.883874237537384,0.12079758093840233
1778,0.20562027394771576,0.9402366876602173,0.8795334100723267,0.8795638680458069,0.25739561348538575
1779,0.20906895399093628,0.942180871963501,0.8802942037582397,0.882860004901886,0.29204602671121965
1780,0.20702584087848663,0.9437024593353271,0.8802942037582397,0.8826064467430115,0.22273076653808516
1781,0.20600390434265137,0.9434488415718079,0.8790261745452881,0.8818458318710327,0.09160755341662746
1782,0.2047298103570938,0.9432798027992249,0.8785189390182495,0.8823529481887817,0.10449642782138897
1783,0.2045527845621109,0.9424344897270203,0.8792797923088074,0.8818458318710327,0.16926819163295284
1784,0.20562802255153656,0.9432798027992249,0.8782653212547302,0.882860004901886,0.16317944071142462
1785,0.20324215292930603,0.9439560174942017,0.8790261745452881,0.8826064467430115,0.12261194931637139
1786,0.20430950820446014,0.9438714981079102,0.8787725567817688,0.883367121219635,0.08510216371772596
1787,0.20420187711715698,0.9429416656494141,0.8782653212547302,0.8818458318710327,0.05742755836530958
1788,0.20407254993915558,0.942772626876831,0.8772508502006531,0.882860004901886,0.0897689769126234
1789,0.2053299993276596,0.9433643221855164,0.8777580857276917,0.882860004901886,0.12153609637850563
1790,0.2051544040441513,0.942772626876831,0.8777580857276917,0.883367121219635,0.14717821782905777
1791,0.204921692609787,0.9426880478858948,0.8792797923088074,0.8820993900299072,0.1347384420951029
1792,0.20504505932331085,0.9434488415718079,0.8787725567817688,0.883874237537384,0.0952106247557126
1793,0.20358626544475555,0.9439560174942017,0.8787725567817688,0.8836206793785095,0.06942623969801533
1794,0.20575253665447235,0.9429416656494141,0.8787725567817688,0.8841277956962585,0.06677092179598348
1795,0.20465031266212463,0.9439560174942017,0.8792797923088074,0.883367121219635,0.06938010889492147
1796,0.204008549451828,0.9435333609580994,0.8792797923088074,0.8841277956962585,0.08572716179255661
1797,0.20402157306671143,0.9434488415718079,0.8790261745452881,0.8831135630607605,0.09301837847231108
1798,0.2039792686700821,0.9431107044219971,0.8787725567817688,0.882860004901886,0.08891668382705314
1799,0.2046469897031784,0.9437869787216187,0.8795334100723267,0.8831135630607605,0.07613782390726234
1800,0.20432952046394348,0.944378674030304,0.8792797923088074,0.8831135630607605,0.07059822731961461
1801,0.20502285659313202,0.9437024593353271,0.8772508502006531,0.8823529481887817,0.07390064814919335
1802,0.20376768708229065,0.9437024593353271,0.8802942037582397,0.8831135630607605,0.1068749722482448
1803,0.2039758414030075,0.9442941546440125,0.8785189390182495,0.883367121219635,0.10536152723392332
1804,0.20613372325897217,0.9437024593353271,0.8769972324371338,0.883874237537384,0.06616062006690598
1805,0.20297521352767944,0.9438714981079102,0.8802942037582397,0.8841277956962585,0.083011911595927
1806,0.20439139008522034,0.9436179399490356,0.8759827613830566,0.8846348524093628,0.11273964069977144
1807,0.20532692968845367,0.9437869787216187,0.8790261745452881,0.8846348524093628,0.10056713768414964
1808,0.2032681405544281,0.942772626876831,0.8790261745452881,0.882860004901886,0.06156002244032521
1809,0.20527178049087524,0.9435333609580994,0.8767436146736145,0.883367121219635,0.09119317519193586
1810,0.20326828956604004,0.9419273138046265,0.8795334100723267,0.8820993900299072,0.15264401085707432
1811,0.20302742719650269,0.9431952834129333,0.8767436146736145,0.883367121219635,0.16850303215323484
1812,0.203510120511055,0.9436179399490356,0.880547821521759,0.883367121219635,0.12775407594928181
1813,0.20447242259979248,0.9435333609580994,0.8797869682312012,0.882860004901886,0.06553775935292037
1814,0.2026500552892685,0.9436179399490356,0.8787725567817688,0.8823529481887817,0.0931385285098782
1815,0.20497740805149078,0.9422653913497925,0.8792797923088074,0.8818458318710327,0.15521343144043023
1816,0.20413465797901154,0.9434488415718079,0.8772508502006531,0.8813387155532837,0.1777642077731584
1817,0.202982559800148,0.9424344897270203,0.8787725567817688,0.8826064467430115,0.17367612952051056
1818,0.20455345511436462,0.9430261850357056,0.8757292032241821,0.8818458318710327,0.14492987121744616
1819,0.20406070351600647,0.9433643221855164,0.8769972324371338,0.8826064467430115,0.09245469210929896
1820,0.20489396154880524,0.9424344897270203,0.8795334100723267,0.882860004901886,0.06909356523319478
1821,0.20418910682201385,0.9428571462631226,0.8785189390182495,0.882860004901886,0.12546702516108377
1822,0.20532499253749847,0.9416736960411072,0.8780117034912109,0.8813387155532837,0.1979476581122286
1823,0.20679470896720886,0.9428571462631226,0.8800405859947205,0.883367121219635,0.23619294465940402
1824,0.20294713973999023,0.9419273138046265,0.8792797923088074,0.882860004901886,0.21710573658590726
1825,0.20368728041648865,0.9435333609580994,0.8772508502006531,0.883367121219635,0.1467882628691674
1826,0.2027675211429596,0.9434488415718079,0.8785189390182495,0.8826064467430115,0.06867239801283098
1827,0.20318403840065002,0.9425190091133118,0.8772508502006531,0.8846348524093628,0.09156114749201126
1828,0.20495964586734772,0.9431952834129333,0.8797869682312012,0.8846348524093628,0.15170331702421938
1829,0.2042807638645172,0.9428571462631226,0.8780117034912109,0.883367121219635,0.17149695127757517
1830,0.20505274832248688,0.9440405964851379,0.8782653212547302,0.8815922737121582,0.13585154395658464
1831,0.20381876826286316,0.944378674030304,0.8787725567817688,0.8826064467430115,0.062445284400641635
1832,0.20270414650440216,0.9432798027992249,0.8769972324371338,0.882860004901886,0.10875684204776241
1833,0.20356975495815277,0.944378674030304,0.8785189390182495,0.883874237537384,0.1527514452574683
1834,0.2051098644733429,0.942180871963501,0.8772508502006531,0.883367121219635,0.15833256264512652
1835,0.20441463589668274,0.944378674030304,0.8780117034912109,0.8823529481887817,0.14569599288999868
1836,0.20309583842754364,0.9437024593353271,0.8762363791465759,0.8810851573944092,0.11606724490515552
1837,0.20599384605884552,0.9437869787216187,0.8775044679641724,0.8843812942504883,0.0825621140859462
1838,0.20219916105270386,0.9442941546440125,0.8785189390182495,0.883367121219635,0.06536329823883277
1839,0.20517317950725555,0.9448013305664062,0.8775044679641724,0.882860004901886,0.058876064627124504
1840,0.20436467230319977,0.9448013305664062,0.8769972324371338,0.883367121219635,0.07379473286423623
1841,0.20388498902320862,0.9434488415718079,0.8767436146736145,0.882860004901886,0.07150335978785083
1842,0.20364902913570404,0.9442941546440125,0.8777580857276917,0.8826064467430115,0.1008287387118801
1843,0.2016780972480774,0.9441251158714294,0.8782653212547302,0.8843812942504883,0.09537858770922246
1844,0.20327970385551453,0.9431952834129333,0.8780117034912109,0.8831135630607605,0.06132398326761875
1845,0.2050551325082779,0.9438714981079102,0.8775044679641724,0.8841277956962585,0.0726121476549185
1846,0.20441104471683502,0.9448858499526978,0.8795334100723267,0.8831135630607605,0.0884603971882628
1847,0.20526370406150818,0.9440405964851379,0.8785189390182495,0.8843812942504883,0.07281407431713131
1848,0.2039322555065155,0.9434488415718079,0.8782653212547302,0.883874237537384,0.06291288570493046
1849,0.2038671225309372,0.9431952834129333,0.8780117034912109,0.8846348524093628,0.09695643924911157
1850,0.20537100732326508,0.942180871963501,0.8777580857276917,0.883874237537384,0.14394888133643338
1851,0.20423062145709991,0.9426880478858948,0.8795334100723267,0.8843812942504883,0.183982077301735
1852,0.2036053091287613,0.9430261850357056,0.8797869682312012,0.883367121219635,0.18668406191544545
1853,0.2045746147632599,0.9442941546440125,0.8780117034912109,0.8836206793785095,0.13839858519972204
1854,0.20208396017551422,0.9446322917938232,0.8790261745452881,0.8841277956962585,0.06875223189247716
1855,0.20465470850467682,0.9426035284996033,0.8802942037582397,0.8831135630607605,0.10603528215496609
1856,0.2066420316696167,0.9440405964851379,0.8772508502006531,0.8843812942504883,0.18766883706696005
1857,0.2044186145067215,0.9417582154273987,0.8785189390182495,0.8823529481887817,0.24035533764435246
1858,0.20639225840568542,0.9434488415718079,0.8759827613830566,0.883874237537384,0.2461160810230076
1859,0.20308589935302734,0.9438714981079102,0.8777580857276917,0.8841277956962585,0.17362495072372966
1860,0.20391222834587097,0.942772626876831,0.8772508502006531,0.8826064467430115,0.06193215197497058
1861,0.204946368932724,0.9429416656494141,0.8777580857276917,0.883874237537384,0.15826208788710022
1862,0.20578186213970184,0.9404902458190918,0.8769972324371338,0.8798174262046814,0.2704079703888073
1863,0.20612852275371552,0.9431107044219971,0.880547821521759,0.8826064467430115,0.2803012660359089
1864,0.20486614108085632,0.9431952834129333,0.8780117034912109,0.8851419687271118,0.20542599787228658
1865,0.20386885106563568,0.9430261850357056,0.8772508502006531,0.8851419687271118,0.08612329897784585
1866,0.2043021023273468,0.9440405964851379,0.8802942037582397,0.883874237537384,0.09893901289854098
1867,0.20485712587833405,0.9426035284996033,0.8792797923088074,0.8818458318710327,0.1820782002677061
1868,0.20602864027023315,0.9429416656494141,0.8797869682312012,0.8848884105682373,0.2567987525582147
1869,0.20493406057357788,0.9431952834129333,0.8780117034912109,0.883874237537384,0.2713879195332086
1870,0.20607362687587738,0.9446322917938232,0.8813086748123169,0.882860004901886,0.203559041660463
1871,0.2014624923467636,0.9442941546440125,0.8802942037582397,0.8831135630607605,0.08987560706362878
1872,0.2032497376203537,0.9423499703407288,0.8792797923088074,0.883367121219635,0.09744775670967974
1873,0.20524384081363678,0.9426880478858948,0.8795334100723267,0.883367121219635,0.20701205499120273
1874,0.20750269293785095,0.9415046572685242,0.8777580857276917,0.8805781006813049,0.25160735574538806
1875,0.2026228904724121,0.942772626876831,0.8792797923088074,0.8823529481887817,0.20927030957306234
1876,0.20305682718753815,0.9430261850357056,0.8790261745452881,0.8831135630607605,0.0946646717768879
1877,0.20215681195259094,0.9416736960411072,0.8780117034912109,0.8810851573944092,0.10097467466915673
1878,0.2037806361913681,0.9420963525772095,0.8800405859947205,0.883367121219635,0.21700522876801673
1879,0.2039344757795334,0.9397295117378235,0.8785189390182495,0.8800709843635559,0.29492293347396126
1880,0.20420260727405548,0.9437869787216187,0.8790261745452881,0.883367121219635,0.28467360672614456
1881,0.20093150436878204,0.9442941546440125,0.8790261745452881,0.8823529481887817,0.16969788628057905
1882,0.2029704451560974,0.9415891766548157,0.8790261745452881,0.8793103098869324,0.07898449404030897
1883,0.2056828886270523,0.9426035284996033,0.8790261745452881,0.882860004901886,0.25610881913342154
1884,0.2069060206413269,0.9402366876602173,0.8780117034912109,0.8803245425224304,0.3668424269580882
1885,0.20891539752483368,0.9431107044219971,0.8800405859947205,0.8836206793785095,0.3277097823890581
1886,0.20426340401172638,0.9445477724075317,0.8802942037582397,0.883367121219635,0.1662297691353155
1887,0.2038068026304245,0.9420963525772095,0.8777580857276917,0.8808315992355347,0.07771465573504062
1888,0.20394781231880188,0.942011833190918,0.8787725567817688,0.8846348524093628,0.19194924214502118
1889,0.20554769039154053,0.9410820007324219,0.8782653212547302,0.8815922737121582,0.23745544695116524
1890,0.20383529365062714,0.9434488415718079,0.8777580857276917,0.8826064467430115,0.20736373498187594
1891,0.2028336375951767,0.9433643221855164,0.8769972324371338,0.883367121219635,0.10217381888718431
1892,0.20260943472385406,0.9433643221855164,0.8762363791465759,0.882860004901886,0.07445400174722579
1893,0.20420590043067932,0.9437024593353271,0.8772508502006531,0.8841277956962585,0.14612443460298621
1894,0.20447640120983124,0.9430261850357056,0.8764899969100952,0.8831135630607605,0.16941180681937118
1895,0.20280152559280396,0.9431107044219971,0.8775044679641724,0.8851419687271118,0.14632781175498027
1896,0.20184187591075897,0.9429416656494141,0.8775044679641724,0.8843812942504883,0.08038685959646863
1897,0.2024420201778412,0.9428571462631226,0.8772508502006531,0.8818458318710327,0.07116815430244836
1898,0.20521441102027893,0.9437024593353271,0.8792797923088074,0.8848884105682373,0.13881701909425243
1899,0.2049989402294159,0.9422653913497925,0.8785189390182495,0.8823529481887817,0.2085447668819325
1900,0.20479030907154083,0.9444631934165955,0.8792797923088074,0.8851419687271118,0.24589930561419857
1901,0.20318418741226196,0.9431107044219971,0.8792797923088074,0.8846348524093628,0.2109242648701184
1902,0.20183557271957397,0.9426880478858948,0.8777580857276917,0.8826064467430115,0.07991982565833981
1903,0.20233500003814697,0.9422653913497925,0.8795334100723267,0.8841277956962585,0.14324462895610932
1904,0.20717376470565796,0.9398985505104065,0.8772508502006531,0.8790567517280579,0.2812584667589147
1905,0.20641426742076874,0.9428571462631226,0.8808014392852783,0.8831135630607605,0.31241802964974963
1906,0.2045607715845108,0.9441251158714294,0.8808014392852783,0.8848884105682373,0.21174841657197108
1907,0.2043142467737198,0.9434488415718079,0.8797869682312012,0.883874237537384,0.06981334952913523
1908,0.20426256954669952,0.9431107044219971,0.8795334100723267,0.8841277956962585,0.12553633828013963
1909,0.2046201378107071,0.9414201378822327,0.8787725567817688,0.883874237537384,0.18880128312215366
1910,0.20353011786937714,0.9426880478858948,0.8787725567817688,0.8846348524093628,0.17852603479442564
1911,0.20316429436206818,0.9436179399490356,0.880547821521759,0.8856490850448608,0.11866266325986348
1912,0.20293496549129486,0.9430261850357056,0.8785189390182495,0.883874237537384,0.0637815752416619
1913,0.20521214604377747,0.9430261850357056,0.8792797923088074,0.8851419687271118,0.1435564554307945
1914,0.204867884516716,0.9426880478858948,0.8787725567817688,0.883874237537384,0.21309960593570704
1915,0.20484642684459686,0.9434488415718079,0.8790261745452881,0.8853955268859863,0.20705233522913022
1916,0.20548401772975922,0.9442941546440125,0.8780117034912109,0.8848884105682373,0.12767912031683598
1917,0.2030385285615921,0.9431952834129333,0.8792797923088074,0.8843812942504883,0.07101602915802263
1918,0.20358042418956757,0.9431952834129333,0.8795334100723267,0.8853955268859863,0.129639888867608
1919,0.2036404013633728,0.9429416656494141,0.8782653212547302,0.8843812942504883,0.16113229547403213
1920,0.20479126274585724,0.9431107044219971,0.8772508502006531,0.883874237537384,0.16731554423249165
1921,0.2032940685749054,0.9426035284996033,0.8775044679641724,0.8846348524093628,0.16292360292575975
1922,0.2025228887796402,0.9430261850357056,0.8787725567817688,0.8851419687271118,0.11529639153040147
1923,0.20378559827804565,0.9429416656494141,0.8792797923088074,0.8856490850448608,0.06922721616951517
1924,0.20517753064632416,0.942772626876831,0.8797869682312012,0.8841277956962585,0.0779161451262705
1925,0.20193704962730408,0.9436179399490356,0.8780117034912109,0.8836206793785095,0.08696235584318694
1926,0.2029557079076767,0.9431107044219971,0.8800405859947205,0.8831135630607605,0.11245659087327316
1927,0.20489661395549774,0.9438714981079102,0.8787725567817688,0.8823529481887817,0.11921668908614465
1928,0.20466330647468567,0.9429416656494141,0.8785189390182495,0.8823529481887817,0.09938649748485864
1929,0.20351237058639526,0.944970428943634,0.8795334100723267,0.8831135630607605,0.0780502682226074
1930,0.20419511198997498,0.9448013305664062,0.8810550570487976,0.8815922737121582,0.06203902628973853
1931,0.20339056849479675,0.9436179399490356,0.8800405859947205,0.8793103098869324,0.08212596982070423
1932,0.2027330994606018,0.9431107044219971,0.8795334100723267,0.8818458318710327,0.1382201523617707
1933,0.20449349284172058,0.9428571462631226,0.8785189390182495,0.8803245425224304,0.17773981976610528
1934,0.20305021107196808,0.9435333609580994,0.8772508502006531,0.8820993900299072,0.17081586997475362
1935,0.20311780273914337,0.9430261850357056,0.8785189390182495,0.883367121219635,0.11336052521346213
1936,0.2051636278629303,0.9429416656494141,0.8780117034912109,0.883367121219635,0.06254823641727253
1937,0.20385025441646576,0.9440405964851379,0.8780117034912109,0.8820993900299072,0.07803338393129353
1938,0.20478636026382446,0.942772626876831,0.8777580857276917,0.8843812942504883,0.10308613880243586
1939,0.20354433357715607,0.9426035284996033,0.8769972324371338,0.8831135630607605,0.10229905638801423
1940,0.20454621315002441,0.9426880478858948,0.8777580857276917,0.883874237537384,0.08464228351778744
1941,0.20533700287342072,0.9431107044219971,0.8777580857276917,0.8856490850448608,0.06970717452430367
1942,0.203950434923172,0.9440405964851379,0.8782653212547302,0.8841277956962585,0.07387083101130022
1943,0.20320744812488556,0.9444631934165955,0.8785189390182495,0.8848884105682373,0.07371624855314361
1944,0.20219069719314575,0.9431952834129333,0.8792797923088074,0.8843812942504883,0.05964572238706105
1945,0.20325051248073578,0.9432798027992249,0.8785189390182495,0.883367121219635,0.12637003360355606
1946,0.2030298262834549,0.9417582154273987,0.8787725567817688,0.8823529481887817,0.18590275406776274
1947,0.2015383541584015,0.9423499703407288,0.8775044679641724,0.883874237537384,0.19449664871772002
1948,0.2035604566335678,0.9426880478858948,0.8777580857276917,0.8823529481887817,0.15158239982373561
1949,0.20226751267910004,0.9426880478858948,0.8787725567817688,0.8836206793785095,0.07901658736741901
1950,0.20422133803367615,0.9441251158714294,0.8780117034912109,0.882860004901886,0.08994719598708875
1951,0.20360732078552246,0.9426035284996033,0.8767436146736145,0.8813387155532837,0.15260321926370524
1952,0.20472972095012665,0.9445477724075317,0.8782653212547302,0.8831135630607605,0.15364868735932566
1953,0.2039344757795334,0.944209635257721,0.880547821521759,0.8843812942504883,0.11055376111693774
1954,0.20343272387981415,0.9435333609580994,0.8797869682312012,0.8826064467430115,0.06684434262955967
1955,0.20443980395793915,0.944209635257721,0.8795334100723267,0.8823529481887817,0.08019214288322149
1956,0.2028304636478424,0.9435333609580994,0.8790261745452881,0.8831135630607605,0.09253470329278803
1957,0.2024707943201065,0.9448858499526978,0.880547821521759,0.8820993900299072,0.08082339865043375
1958,0.20268166065216064,0.9448013305664062,0.8802942037582397,0.8818458318710327,0.0716408828460829
1959,0.20266680419445038,0.9437024593353271,0.8802942037582397,0.8818458318710327,0.06310671890360282
1960,0.20262818038463593,0.9447168111801147,0.8797869682312012,0.8831135630607605,0.06849828041980699
1961,0.20282001793384552,0.9447168111801147,0.8808014392852783,0.883367121219635,0.06281355901834186
1962,0.20191599428653717,0.9430261850357056,0.8795334100723267,0.8851419687271118,0.0688468755792873
1963,0.20483587682247162,0.9436179399490356,0.8782653212547302,0.8836206793785095,0.07160523794221307
1964,0.20276162028312683,0.9435333609580994,0.8800405859947205,0.8831135630607605,0.07269008072269237
1965,0.2042742520570755,0.9425190091133118,0.8772508502006531,0.883367121219635,0.10342558964910369
1966,0.20399585366249084,0.9436179399490356,0.8790261745452881,0.8818458318710327,0.11182704767794376
1967,0.20432376861572266,0.9431952834129333,0.8792797923088074,0.883874237537384,0.11291031835649992
1968,0.20501847565174103,0.9438714981079102,0.8790261745452881,0.8815922737121582,0.11075954355125095
1969,0.20352375507354736,0.9437024593353271,0.8785189390182495,0.8826064467430115,0.09522192022042196
1970,0.2010917216539383,0.9437869787216187,0.8795334100723267,0.8815922737121582,0.0797700142687623
1971,0.20226584374904633,0.9422653913497925,0.8772508502006531,0.8808315992355347,0.07584666652415377
1972,0.20326058566570282,0.942180871963501,0.8790261745452881,0.8813387155532837,0.15280920467978268
1973,0.2048187106847763,0.9426880478858948,0.8787725567817688,0.8813387155532837,0.20762138542306485
1974,0.20494060218334198,0.9430261850357056,0.8790261745452881,0.8818458318710327,0.22112316653023248
1975,0.2021338939666748,0.944378674030304,0.8790261745452881,0.8831135630607605,0.18883412202198865
1976,0.2022646814584732,0.9439560174942017,0.8785189390182495,0.8831135630607605,0.10704556331727576
1977,0.20177911221981049,0.9423499703407288,0.8810550570487976,0.882860004901886,0.06289970350439536
1978,0.2049085646867752,0.9433643221855164,0.8785189390182495,0.8843812942504883,0.1204625016645285
1979,0.203617125749588,0.9434488415718079,0.8800405859947205,0.8846348524093628,0.14458235622636792
1980,0.20453909039497375,0.9444631934165955,0.8780117034912109,0.8841277956962585,0.13409686190445946
1981,0.2035951018333435,0.9450549483299255,0.8787725567817688,0.8848884105682373,0.11017291376696794
1982,0.20350868999958038,0.944378674030304,0.8785189390182495,0.8836206793785095,0.07835674072027816
1983,0.204152911901474,0.9434488415718079,0.8767436146736145,0.883874237537384,0.05937673644975086
1984,0.20528127253055573,0.9431952834129333,0.8782653212547302,0.883874237537384,0.06614957524323885
1985,0.20289725065231323,0.9434488415718079,0.8762363791465759,0.8826064467430115,0.08085848063946172
1986,0.20224304497241974,0.9431107044219971,0.8769972324371338,0.883874237537384,0.09734171389629843
1987,0.20467083156108856,0.9434488415718079,0.8775044679641724,0.8836206793785095,0.0934113503709274
1988,0.20435413718223572,0.9442941546440125,0.8790261745452881,0.8831135630607605,0.07154364505722906
1989,0.20332872867584229,0.9429416656494141,0.8777580857276917,0.883367121219635,0.07687668865953011
1990,0.20395204424858093,0.9432798027992249,0.8772508502006531,0.8831135630607605,0.10009958847128307
1991,0.2032545804977417,0.9425190091133118,0.8780117034912109,0.8831135630607605,0.09028783157660071
1992,0.20291414856910706,0.9433643221855164,0.8782653212547302,0.8810851573944092,0.06254522519992532
1993,0.2030433565378189,0.944209635257721,0.8785189390182495,0.8810851573944092,0.0902598897937232
1994,0.2018982321023941,0.9433643221855164,0.8777580857276917,0.8826064467430115,0.10538004858344731
1995,0.20491355657577515,0.9444631934165955,0.8777580857276917,0.8826064467430115,0.12417054886423841
1996,0.20441706478595734,0.9440405964851379,0.8769972324371338,0.8823529481887817,0.0840478578284151
1997,0.20442692935466766,0.942180871963501,0.8785189390182495,0.8813387155532837,0.10477476787310956
1998,0.2019687294960022,0.9425190091133118,0.8787725567817688,0.8848884105682373,0.20624556633337435
1999,0.20294606685638428,0.9422653913497925,0.8800405859947205,0.8823529481887817,0.23889603614345997
2000,0.20512975752353668,0.9434488415718079,0.8782653212547302,0.8831135630607605,0.21163286528699582
2001,0.20543479919433594,0.9437869787216187,0.8800405859947205,0.882860004901886,0.14150748441884917
2002,0.2038109302520752,0.9426035284996033,0.8792797923088074,0.8836206793785095,0.0670522784250983
2003,0.2034294158220291,0.9436179399490356,0.8782653212547302,0.883874237537384,0.11313892653793149
2004,0.20289762318134308,0.9415891766548157,0.8790261745452881,0.8843812942504883,0.17612449730889462
2005,0.206378772854805,0.9429416656494141,0.8775044679641724,0.882860004901886,0.19843157869325753
2006,0.20422512292861938,0.9424344897270203,0.8792797923088074,0.8826064467430115,0.15712299903434598
2007,0.2020682841539383,0.9432798027992249,0.8797869682312012,0.8836206793785095,0.08115556235066392
2008,0.20490039885044098,0.9431107044219971,0.8772508502006531,0.8826064467430115,0.08559495005754733
2009,0.20382250845432281,0.9425190091133118,0.8787725567817688,0.8820993900299072,0.12622810949096622
2010,0.2039637714624405,0.9433643221855164,0.8767436146736145,0.882860004901886,0.1695981898084235
2011,0.20255957543849945,0.9431107044219971,0.8790261745452881,0.883874237537384,0.17402554921084873
2012,0.2037351280450821,0.9445477724075317,0.8767436146736145,0.8846348524093628,0.1406529259096352
2013,0.2044421285390854,0.9437869787216187,0.8775044679641724,0.8843812942504883,0.10524045983161745
2014,0.2038802206516266,0.944378674030304,0.8767436146736145,0.8843812942504883,0.07904650687013384
2015,0.2039969265460968,0.9440405964851379,0.8769972324371338,0.8846348524093628,0.06863108210517
2016,0.20412525534629822,0.9435333609580994,0.8795334100723267,0.882860004901886,0.08260406352719175
2017,0.20368516445159912,0.9444631934165955,0.8795334100723267,0.883874237537384,0.14641468773417537
2018,0.20488208532333374,0.9432798027992249,0.8782653212547302,0.8820993900299072,0.19025099572598786
2019,0.20426855981349945,0.9442941546440125,0.8782653212547302,0.8820993900299072,0.19139993110961082
2020,0.20285741984844208,0.9440405964851379,0.8787725567817688,0.8841277956962585,0.1423212243706679
2021,0.20501884818077087,0.9430261850357056,0.8790261745452881,0.8843812942504883,0.08111876642760928
2022,0.20339250564575195,0.9432798027992249,0.8790261745452881,0.8831135630607605,0.06955480369451963
2023,0.20454630255699158,0.942772626876831,0.8797869682312012,0.8836206793785095,0.10875164985114437
2024,0.20275971293449402,0.9433643221855164,0.8787725567817688,0.8826064467430115,0.12024049878538992
2025,0.20251862704753876,0.9439560174942017,0.8787725567817688,0.8836206793785095,0.10891972027201734
2026,0.20442846417427063,0.9440405964851379,0.8802942037582397,0.8831135630607605,0.08140637255323524
2027,0.20170597732067108,0.9437024593353271,0.8792797923088074,0.883874237537384,0.06982063738419163
2028,0.2019181102514267,0.944209635257721,0.8790261745452881,0.8841277956962585,0.07462011296803067
2029,0.20339402556419373,0.9437869787216187,0.8787725567817688,0.883874237537384,0.058133991593568975
2030,0.2027910202741623,0.9434488415718079,0.8777580857276917,0.883874237537384,0.059194522985637495
2031,0.20310263335704803,0.9429416656494141,0.8795334100723267,0.8841277956962585,0.06382049799597617
2032,0.2037971168756485,0.9436179399490356,0.8780117034912109,0.883367121219635,0.08691909216085426
2033,0.20363149046897888,0.9434488415718079,0.8795334100723267,0.8823529481887817,0.11384199798712252
2034,0.20334051549434662,0.9431952834129333,0.8775044679641724,0.8836206793785095,0.11805061032237348
2035,0.20362071692943573,0.9428571462631226,0.8785189390182495,0.8848884105682373,0.11232493865214696
2036,0.2056339979171753,0.9439560174942017,0.8790261745452881,0.8836206793785095,0.08888418247098939
2037,0.2004491090774536,0.9433643221855164,0.8780117034912109,0.8846348524093628,0.08076149723096185
2038,0.20444005727767944,0.9426035284996033,0.8782653212547302,0.8841277956962585,0.06946786068982407
2039,0.20337504148483276,0.9431952834129333,0.8795334100723267,0.8820993900299072,0.09680944596613561
2040,0.20466864109039307,0.9439560174942017,0.8800405859947205,0.8841277956962585,0.10091363530140512
2041,0.20365121960639954,0.9428571462631226,0.8787725567817688,0.8841277956962585,0.08305044317604623
2042,0.2033250629901886,0.9436179399490356,0.8802942037582397,0.8831135630607605,0.07493371337403251
2043,0.20335254073143005,0.9436179399490356,0.880547821521759,0.8843812942504883,0.05738482254961194
2044,0.20359763503074646,0.944209635257721,0.8782653212547302,0.883874237537384,0.061896555704653786
2045,0.20245230197906494,0.9445477724075317,0.8792797923088074,0.8831135630607605,0.06847406077141935
2046,0.20348575711250305,0.945139467716217,0.8792797923088074,0.8848884105682373,0.06684680120012813
2047,0.20454642176628113,0.9440405964851379,0.8797869682312012,0.883367121219635,0.058971629402967345
2048,0.20460844039916992,0.9432798027992249,0.8795334100723267,0.883367121219635,0.06374037338982903
2049,0.20435437560081482,0.9437024593353271,0.8797869682312012,0.882860004901886,0.08384203400679836
2050,0.20352627336978912,0.9439560174942017,0.8787725567817688,0.8820993900299072,0.0760827237533734
2051,0.2034364640712738,0.9437869787216187,0.8780117034912109,0.8841277956962585,0.056692352614670836
2052,0.2042250782251358,0.9438714981079102,0.8785189390182495,0.8846348524093628,0.07980375096692645
2053,0.20510804653167725,0.9435333609580994,0.8795334100723267,0.8843812942504883,0.10318227976982643
2054,0.20188279449939728,0.9434488415718079,0.8785189390182495,0.8843812942504883,0.12196841127733174
2055,0.20327235758304596,0.9438714981079102,0.8780117034912109,0.8841277956962585,0.1525202392931645
2056,0.20247310400009155,0.9437869787216187,0.8792797923088074,0.882860004901886,0.18464261566409693
2057,0.20452885329723358,0.9432798027992249,0.8772508502006531,0.8841277956962585,0.2036073110854969
2058,0.20476959645748138,0.9436179399490356,0.8775044679641724,0.883874237537384,0.20881258030825853
2059,0.20328064262866974,0.9434488415718079,0.8787725567817688,0.8843812942504883,0.1843208914594109
2060,0.20365504920482635,0.9433643221855164,0.8792797923088074,0.8836206793785095,0.1282391680842486
2061,0.20317696034908295,0.944378674030304,0.8787725567817688,0.8826064467430115,0.07224456898292352
2062,0.20246084034442902,0.9419273138046265,0.8782653212547302,0.8851419687271118,0.09980187577366546
2063,0.20409850776195526,0.9424344897270203,0.8800405859947205,0.8846348524093628,0.19901900002876674
2064,0.20646190643310547,0.9412510395050049,0.8795334100723267,0.8798174262046814,0.2659949639247309
2065,0.2067074477672577,0.942180871963501,0.8797869682312012,0.883367121219635,0.29187846034744186
2066,0.20539940893650055,0.9426880478858948,0.8790261745452881,0.8815922737121582,0.2581383629647698
2067,0.20277123153209686,0.9434488415718079,0.8790261745452881,0.8818458318710327,0.15852675753465056
2068,0.20401614904403687,0.9433643221855164,0.8787725567817688,0.882860004901886,0.06955655562009179
2069,0.20330749452114105,0.9428571462631226,0.8797869682312012,0.883367121219635,0.09103446208635017
2070,0.20298050343990326,0.9429416656494141,0.8782653212547302,0.8841277956962585,0.1526656938680327
2071,0.20472724735736847,0.9426035284996033,0.880547821521759,0.8820993900299072,0.20008618901389846
2072,0.20575618743896484,0.9438714981079102,0.8787725567817688,0.883874237537384,0.20883747399271635
2073,0.20439870655536652,0.9440405964851379,0.8782653212547302,0.8851419687271118,0.15759591615455268
2074,0.2053384929895401,0.9435333609580994,0.8785189390182495,0.8851419687271118,0.07363683896330883
2075,0.20262867212295532,0.944209635257721,0.8790261745452881,0.8846348524093628,0.08799780939533168
2076,0.20299558341503143,0.9430261850357056,0.8792797923088074,0.883367121219635,0.15764942577999153
2077,0.20402495563030243,0.9435333609580994,0.8772508502006531,0.8851419687271118,0.19736640767613398
2078,0.204643115401268,0.9432798027992249,0.8792797923088074,0.8836206793785095,0.19161902720773025
2079,0.204872265458107,0.9438714981079102,0.8780117034912109,0.883367121219635,0.1613058383234853
2080,0.20286257565021515,0.9438714981079102,0.8792797923088074,0.8826064467430115,0.12194491840762185
2081,0.20336513221263885,0.9440405964851379,0.8777580857276917,0.8826064467430115,0.09114322561388608
2082,0.20387150347232819,0.9438714981079102,0.8797869682312012,0.8831135630607605,0.08360464717628527
2083,0.2023942470550537,0.9429416656494141,0.8785189390182495,0.882860004901886,0.09335524148088435
2084,0.20245246589183807,0.9423499703407288,0.8790261745452881,0.8818458318710327,0.14285175433488187
2085,0.20366904139518738,0.9425190091133118,0.8815622925758362,0.8843812942504883,0.17716490780310004
2086,0.2032046616077423,0.942772626876831,0.8795334100723267,0.8813387155532837,0.19149731273132492
2087,0.20321184396743774,0.942772626876831,0.8792797923088074,0.8836206793785095,0.18462227554731803
2088,0.20224836468696594,0.944209635257721,0.8802942037582397,0.8836206793785095,0.14751367457839779
2089,0.20284506678581238,0.9442941546440125,0.8797869682312012,0.8841277956962585,0.07910294559103966
2090,0.20334304869174957,0.9442941546440125,0.8785189390182495,0.8841277956962585,0.07662932462525363
2091,0.20463518798351288,0.9430261850357056,0.8769972324371338,0.8810851573944092,0.15857622416224193
2092,0.20497062802314758,0.9432798027992249,0.8792797923088074,0.8836206793785095,0.2073845627789099
2093,0.20456600189208984,0.9437024593353271,0.8785189390182495,0.8826064467430115,0.19024517568534124
2094,0.20211665332317352,0.9440405964851379,0.8790261745452881,0.8841277956962585,0.12387779877417104
2095,0.20213304460048676,0.9434488415718079,0.8785189390182495,0.8836206793785095,0.06733563763772761
2096,0.20568729937076569,0.942772626876831,0.8792797923088074,0.8820993900299072,0.11398775371977034
2097,0.20528627932071686,0.9442941546440125,0.8777580857276917,0.883367121219635,0.1462874116031718
2098,0.20465290546417236,0.9444631934165955,0.8772508502006531,0.883367121219635,0.11214952614322907
2099,0.20371775329113007,0.9448013305664062,0.8777580857276917,0.8846348524093628,0.06929823800040359
2100,0.20086945593357086,0.9441251158714294,0.8764899969100952,0.8836206793785095,0.07008641078328617
2101,0.20459136366844177,0.9437869787216187,0.8764899969100952,0.8843812942504883,0.06331318805158145
2102,0.2045595496892929,0.9442941546440125,0.8759827613830566,0.883367121219635,0.08811408190315155
2103,0.204684317111969,0.944378674030304,0.8772508502006531,0.8836206793785095,0.07758778967261498
2104,0.20449700951576233,0.9445477724075317,0.8769972324371338,0.8836206793785095,0.06574303709420411
2105,0.2045798897743225,0.9444631934165955,0.8775044679641724,0.8820993900299072,0.08536836665882493
2106,0.20729057490825653,0.9429416656494141,0.8797869682312012,0.883874237537384,0.12136871640236033
2107,0.2030690759420395,0.9436179399490356,0.8797869682312012,0.882860004901886,0.16455473524993675
2108,0.20394739508628845,0.9431952834129333,0.8797869682312012,0.8823529481887817,0.1696658232122175
2109,0.20456652343273163,0.9441251158714294,0.8785189390182495,0.8813387155532837,0.14371858144954744
2110,0.20326273143291473,0.9437869787216187,0.8785189390182495,0.8810851573944092,0.09959925880746447
2111,0.2033158540725708,0.9446322917938232,0.8795334100723267,0.8803245425224304,0.06610422847274806
2112,0.20573307573795319,0.9429416656494141,0.8769972324371338,0.8823529481887817,0.10472165233600408
2113,0.20521634817123413,0.9431952834129333,0.8795334100723267,0.8818458318710327,0.13505624994616702
2114,0.20438136160373688,0.9431952834129333,0.8777580857276917,0.882860004901886,0.15245960889522533
2115,0.20471803843975067,0.9432798027992249,0.8782653212547302,0.8831135630607605,0.15471386527507078
2116,0.20326833426952362,0.942772626876831,0.8795334100723267,0.8820993900299072,0.13537745086917977
2117,0.20514127612113953,0.9441251158714294,0.8772508502006531,0.883874237537384,0.11611193972667634
2118,0.20325732231140137,0.9437024593353271,0.8785189390182495,0.8843812942504883,0.08408816695480938
2119,0.20333649218082428,0.9426035284996033,0.8797869682312012,0.8810851573944092,0.07071536506459325
2120,0.2054000347852707,0.9432798027992249,0.8792797923088074,0.883367121219635,0.140625013245476
2121,0.20435577630996704,0.9432798027992249,0.8815622925758362,0.8820993900299072,0.19028351703335988
2122,0.20495465397834778,0.9429416656494141,0.8790261745452881,0.8843812942504883,0.20153577962889507
2123,0.2035469114780426,0.9429416656494141,0.8790261745452881,0.8831135630607605,0.16317032008508445
2124,0.20439667999744415,0.9438714981079102,0.8780117034912109,0.883874237537384,0.10434540860804928
2125,0.204596608877182,0.9428571462631226,0.8787725567817688,0.882860004901886,0.07276017973716349
2126,0.2038327008485794,0.9430261850357056,0.8785189390182495,0.8831135630607605,0.0992028550170062
2127,0.2035341113805771,0.9440405964851379,0.8800405859947205,0.8843812942504883,0.13483590782758012
2128,0.2031797468662262,0.9446322917938232,0.8810550570487976,0.8831135630607605,0.140184054885571
2129,0.2050408273935318,0.9440405964851379,0.8787725567817688,0.882860004901886,0.14397166728150504
2130,0.20759283006191254,0.9428571462631226,0.8785189390182495,0.8846348524093628,0.14797567380218785
2131,0.20406854152679443,0.9428571462631226,0.8790261745452881,0.8820993900299072,0.1601423382645646
2132,0.20319640636444092,0.9432798027992249,0.8780117034912109,0.8803245425224304,0.17100092911865306
2133,0.20415188372135162,0.9428571462631226,0.8777580857276917,0.8848884105682373,0.16276664715380185
2134,0.20320220291614532,0.9431952834129333,0.8792797923088074,0.8851419687271118,0.11876892828696153
2135,0.2024221122264862,0.9432798027992249,0.8787725567817688,0.882860004901886,0.06733281321796515
2136,0.20334914326667786,0.9437024593353271,0.8762363791465759,0.883367121219635,0.09745914343220542
2137,0.20264120399951935,0.9424344897270203,0.8790261745452881,0.882860004901886,0.1497176907636674
2138,0.20416884124279022,0.9439560174942017,0.8769972324371338,0.8820993900299072,0.1559808264823043
2139,0.20400826632976532,0.9440405964851379,0.8795334100723267,0.8831135630607605,0.1187296049243861
2140,0.20382869243621826,0.9448858499526978,0.8790261745452881,0.8831135630607605,0.07650065737071973
2141,0.20294611155986786,0.9452239871025085,0.8777580857276917,0.8823529481887817,0.056828912336360775
2142,0.2030571699142456,0.9436179399490356,0.8795334100723267,0.8813387155532837,0.07072926969238093
2143,0.2056829184293747,0.9440405964851379,0.8767436146736145,0.8836206793785095,0.10803093810949743
2144,0.20369839668273926,0.9436179399490356,0.8795334100723267,0.8831135630607605,0.1229981839747756
2145,0.20292598009109497,0.9450549483299255,0.8782653212547302,0.8823529481887817,0.1099309871086938
2146,0.203513041138649,0.944378674030304,0.8795334100723267,0.8815922737121582,0.07265511879189865
2147,0.2050061821937561,0.9444631934165955,0.8795334100723267,0.8800709843635559,0.06482631819366004
2148,0.20434698462486267,0.944209635257721,0.8782653212547302,0.8831135630607605,0.09162589443217019
2149,0.20211970806121826,0.9430261850357056,0.8795334100723267,0.8818458318710327,0.1273660322566049
2150,0.2036353200674057,0.9436179399490356,0.8792797923088074,0.883874237537384,0.14839451929415567
2151,0.20285873115062714,0.9429416656494141,0.8800405859947205,0.8820993900299072,0.15304549168248158
2152,0.2035706490278244,0.9434488415718079,0.8802942037582397,0.8826064467430115,0.12910084385850415
2153,0.20151743292808533,0.9441251158714294,0.8802942037582397,0.8826064467430115,0.0816307630297643
2154,0.2038455754518509,0.9432798027992249,0.8787725567817688,0.883874237537384,0.060453296693005365
2155,0.20259509980678558,0.9436179399490356,0.8802942037582397,0.8841277956962585,0.11174285996933322
2156,0.20512975752353668,0.9433643221855164,0.8780117034912109,0.882860004901886,0.15531642500763349
2157,0.20412729680538177,0.9436179399490356,0.8790261745452881,0.8831135630607605,0.16158936899038645
2158,0.2038942575454712,0.9428571462631226,0.8800405859947205,0.882860004901886,0.1509115564660406
2159,0.20366495847702026,0.9432798027992249,0.8792797923088074,0.8823529481887817,0.1094243655286396
2160,0.20415711402893066,0.9432798027992249,0.8782653212547302,0.883874237537384,0.07108173501728159
2161,0.20396648347377777,0.9439560174942017,0.8785189390182495,0.883367121219635,0.10328814016104111
2162,0.20392416417598724,0.9432798027992249,0.8777580857276917,0.8836206793785095,0.1566062352389451
2163,0.20510290563106537,0.9446322917938232,0.8802942037582397,0.882860004901886,0.16868829028897175
2164,0.20344026386737823,0.9430261850357056,0.8782653212547302,0.8836206793785095,0.15922513891158602
2165,0.20438897609710693,0.9441251158714294,0.8810550570487976,0.8831135630607605,0.13722547496333756
2166,0.20081575214862823,0.9433643221855164,0.8785189390182495,0.8820993900299072,0.08948713382352615
2167,0.20358075201511383,0.9434488415718079,0.8772508502006531,0.8823529481887817,0.05636355486536537
2168,0.20429781079292297,0.9440405964851379,0.8792797923088074,0.8815922737121582,0.09109901180840611
2169,0.2035435289144516,0.9442941546440125,0.8772508502006531,0.8831135630607605,0.10333804617397385
2170,0.20297686755657196,0.944209635257721,0.8764899969100952,0.882860004901886,0.0800633630113272
2171,0.2032717764377594,0.9433643221855164,0.8780117034912109,0.883367121219635,0.06296167227031105
2172,0.20289117097854614,0.9446322917938232,0.8777580857276917,0.882860004901886,0.07482448027314847
2173,0.20468145608901978,0.9426880478858948,0.880547821521759,0.882860004901886,0.11091758128843908
2174,0.20105212926864624,0.9441251158714294,0.8764899969100952,0.882860004901886,0.14890743368799345
2175,0.20472608506679535,0.9428571462631226,0.8790261745452881,0.8831135630607605,0.20469583659767232
2176,0.20542944967746735,0.9450549483299255,0.8772508502006531,0.8826064467430115,0.23162137045649453
2177,0.2056008279323578,0.9431952834129333,0.8797869682312012,0.8836206793785095,0.2262487113685568
2178,0.2046414017677307,0.9442941546440125,0.8767436146736145,0.8831135630607605,0.1853264943729307
2179,0.20317716896533966,0.9431107044219971,0.8792797923088074,0.8843812942504883,0.12087945194105273
2180,0.20321950316429138,0.942772626876831,0.8785189390182495,0.8846348524093628,0.0703484290191915
2181,0.20421287417411804,0.9426035284996033,0.8787725567817688,0.8846348524093628,0.07426017712146776
2182,0.20234350860118866,0.9431107044219971,0.8808014392852783,0.883874237537384,0.0954447564500869
2183,0.20359013974666595,0.9437024593353271,0.8785189390182495,0.8841277956962585,0.0957932726096045
2184,0.20215533673763275,0.9436179399490356,0.8787725567817688,0.882860004901886,0.09079435871979316
2185,0.2018575668334961,0.9432798027992249,0.8792797923088074,0.882860004901886,0.0599115780234371
2186,0.2028862088918686,0.9441251158714294,0.8802942037582397,0.8820993900299072,0.06615627625145233
2187,0.20318901538848877,0.9431952834129333,0.8792797923088074,0.8826064467430115,0.07330185537200598
2188,0.20236653089523315,0.9433643221855164,0.8787725567817688,0.8831135630607605,0.07279175547994796
2189,0.20150649547576904,0.9440405964851379,0.8782653212547302,0.8831135630607605,0.06687271907289435
2190,0.20159725844860077,0.9441251158714294,0.8800405859947205,0.8823529481887817,0.06584795243887667
2191,0.2051170915365219,0.9439560174942017,0.8792797923088074,0.883874237537384,0.10148995684356628
2192,0.2031029611825943,0.9436179399490356,0.8792797923088074,0.882860004901886,0.11100071822880468
2193,0.2028989940881729,0.944970428943634,0.8802942037582397,0.883367121219635,0.10752612923639278
2194,0.20135121047496796,0.9437024593353271,0.8797869682312012,0.8810851573944092,0.09354416859893255
2195,0.20259688794612885,0.9428571462631226,0.8795334100723267,0.8815922737121582,0.06973682088989627
2196,0.2047668695449829,0.9436179399490356,0.8802942037582397,0.8846348524093628,0.0698074957688832
2197,0.2030443549156189,0.9437024593353271,0.8790261745452881,0.8841277956962585,0.07102892802753921
2198,0.20254886150360107,0.9431107044219971,0.8782653212547302,0.8818458318710327,0.06962344907077661
2199,0.20483441650867462,0.9426880478858948,0.8795334100723267,0.8826064467430115,0.08241684605028157
2200,0.20382902026176453,0.9432798027992249,0.8790261745452881,0.8848884105682373,0.08547086292564557
2201,0.20436729490756989,0.9426035284996033,0.8797869682312012,0.8831135630607605,0.0915940949870408
2202,0.20362576842308044,0.9434488415718079,0.8797869682312012,0.883874237537384,0.07004192455708537
2203,0.20359742641448975,0.9454776048660278,0.8785189390182495,0.8843812942504883,0.06981145620768624
2204,0.20335140824317932,0.9448858499526978,0.8797869682312012,0.8848884105682373,0.07169908240582851
2205,0.20262381434440613,0.9442941546440125,0.8785189390182495,0.8843812942504883,0.07689350568445251
2206,0.2031429558992386,0.9437024593353271,0.8787725567817688,0.8843812942504883,0.0924891789799903
2207,0.20223385095596313,0.9441251158714294,0.8787725567817688,0.8836206793785095,0.10295546024190715
2208,0.20567834377288818,0.9429416656494141,0.8777580857276917,0.882860004901886,0.13328805036309316
2209,0.20602262020111084,0.9438714981079102,0.8787725567817688,0.8841277956962585,0.15482544949193922
2210,0.2029607743024826,0.9434488415718079,0.8790261745452881,0.883874237537384,0.16769287527196725
2211,0.20467610657215118,0.9439560174942017,0.8795334100723267,0.883367121219635,0.151749739120428
2212,0.20221292972564697,0.9442941546440125,0.8802942037582397,0.8843812942504883,0.1111213297901781
2213,0.20361988246440887,0.9438714981079102,0.8792797923088074,0.8841277956962585,0.06644345987139082
2214,0.2038525491952896,0.945139467716217,0.8777580857276917,0.8826064467430115,0.08191592959653721
2215,0.20523199439048767,0.944378674030304,0.8792797923088074,0.883367121219635,0.12575315212267546
2216,0.20305602252483368,0.9453930854797363,0.8787725567817688,0.883367121219635,0.12045670180836113
2217,0.20186442136764526,0.9444631934165955,0.8787725567817688,0.8831135630607605,0.08025921732778768
2218,0.20272137224674225,0.9433643221855164,0.8808014392852783,0.8831135630607605,0.0637122372739624
2219,0.20219694077968597,0.9433643221855164,0.8795334100723267,0.883874237537384,0.09371706617544612
2220,0.20398157835006714,0.9433643221855164,0.8782653212547302,0.883874237537384,0.12895243848563953
2221,0.20392099022865295,0.9440405964851379,0.8780117034912109,0.883367121219635,0.12772458880073187
2222,0.2021707445383072,0.9419273138046265,0.8782653212547302,0.8826064467430115,0.14191073104409574
2223,0.20404067635536194,0.9430261850357056,0.8792797923088074,0.8836206793785095,0.17907564144330912
2224,0.20598204433918,0.942180871963501,0.8797869682312012,0.8813387155532837,0.210387975401038
2225,0.20453393459320068,0.9435333609580994,0.8785189390182495,0.882860004901886,0.2077557319608534
2226,0.20552776753902435,0.9440405964851379,0.8780117034912109,0.882860004901886,0.1656685003072328
2227,0.2039804607629776,0.944378674030304,0.8792797923088074,0.8836206793785095,0.12048041096674997
2228,0.20406462252140045,0.9439560174942017,0.8785189390182495,0.8836206793785095,0.10803292092912394
2229,0.20448732376098633,0.9437024593353271,0.8785189390182495,0.8818458318710327,0.08331339329710176
2230,0.20186752080917358,0.9437024593353271,0.8792797923088074,0.8820993900299072,0.0667068804995776
2231,0.20311807096004486,0.942772626876831,0.8802942037582397,0.882860004901886,0.05696868467030778
2232,0.203875333070755,0.9438714981079102,0.8792797923088074,0.8836206793785095,0.11344728000215044
2233,0.2049712836742401,0.942772626876831,0.8790261745452881,0.8823529481887817,0.17762980192638758
2234,0.2071831375360489,0.9429416656494141,0.8795334100723267,0.8856490850448608,0.235386036315732
2235,0.20622804760932922,0.9411665201187134,0.8795334100723267,0.8818458318710327,0.27710707164475895
2236,0.2048661857843399,0.9435333609580994,0.8802942037582397,0.8853955268859863,0.26104059819880177
2237,0.20494703948497772,0.9424344897270203,0.8785189390182495,0.882860004901886,0.21337980954147617
2238,0.20399028062820435,0.9431107044219971,0.8785189390182495,0.8846348524093628,0.11630423886135204
2239,0.20379216969013214,0.9430261850357056,0.8810550570487976,0.883874237537384,0.08060269786921774
2240,0.20433439314365387,0.9420963525772095,0.8782653212547302,0.8823529481887817,0.19462168863668924
2241,0.20461316406726837,0.9420963525772095,0.8785189390182495,0.8831135630607605,0.2911982724458606
2242,0.2061450034379959,0.9404902458190918,0.8780117034912109,0.8808315992355347,0.3633372842991475
2243,0.20504455268383026,0.9426880478858948,0.8792797923088074,0.8853955268859863,0.34201839004265194
2244,0.2041574865579605,0.9420963525772095,0.8772508502006531,0.8826064467430115,0.24393446689373838
2245,0.2026725858449936,0.9422653913497925,0.8785189390182495,0.8818458318710327,0.09820410571114464
2246,0.20436447858810425,0.9431952834129333,0.8795334100723267,0.8848884105682373,0.1420143993428512
2247,0.20427076518535614,0.9408283829689026,0.8780117034912109,0.8810851573944092,0.2826171734957916
2248,0.20668937265872955,0.9422653913497925,0.8775044679641724,0.883874237537384,0.3248688521356477
2249,0.20496618747711182,0.9428571462631226,0.8785189390182495,0.8831135630607605,0.2797414966281147
2250,0.20467890799045563,0.9432798027992249,0.8782653212547302,0.8836206793785095,0.15493209123489568
2251,0.20362508296966553,0.9432798027992249,0.8795334100723267,0.8831135630607605,0.06938222355909157
2252,0.20417746901512146,0.9405748248100281,0.8795334100723267,0.8826064467430115,0.17654364711699605
2253,0.20439040660858154,0.9426035284996033,0.8808014392852783,0.8846348524093628,0.24474099690646556
2254,0.2053612768650055,0.9436179399490356,0.880547821521759,0.8841277956962585,0.23455167575640182
2255,0.20807942748069763,0.9448858499526978,0.8780117034912109,0.8836206793785095,0.145931967059283
2256,0.20345614850521088,0.944209635257721,0.8782653212547302,0.8836206793785095,0.07236814884884113
2257,0.20270968973636627,0.9417582154273987,0.8785189390182495,0.8831135630607605,0.1256146492358403
2258,0.20292741060256958,0.9419273138046265,0.8790261745452881,0.883367121219635,0.18325931908349719
2259,0.20487940311431885,0.9423499703407288,0.8772508502006531,0.882860004901886,0.18529134407990597
2260,0.20443250238895416,0.9433643221855164,0.8785189390182495,0.8836206793785095,0.1476830914754576
2261,0.20372727513313293,0.944209635257721,0.8800405859947205,0.8843812942504883,0.08855621310814953
2262,0.20272944867610931,0.9423499703407288,0.8787725567817688,0.883367121219635,0.09319898712941269
2263,0.20537126064300537,0.9430261850357056,0.8797869682312012,0.8831135630607605,0.18662836720111478
2264,0.2044582962989807,0.9410820007324219,0.8767436146736145,0.8815922737121582,0.22509227925853137
2265,0.20385918021202087,0.9434488415718079,0.8787725567817688,0.8820993900299072,0.20396931243395036
2266,0.203327015042305,0.944209635257721,0.8795334100723267,0.8826064467430115,0.12696156218694535
2267,0.2047569900751114,0.9428571462631226,0.8797869682312012,0.8820993900299072,0.06585818218856797
2268,0.20237241685390472,0.944209635257721,0.8790261745452881,0.883367121219635,0.11943442744817365
2269,0.20603114366531372,0.9431952834129333,0.8787725567817688,0.8820993900299072,0.17168834445843217
2270,0.20564605295658112,0.9430261850357056,0.8787725567817688,0.8836206793785095,0.1999581938556832
2271,0.20409265160560608,0.9424344897270203,0.8787725567817688,0.882860004901886,0.1793568692317167
2272,0.20415866374969482,0.9437024593353271,0.8769972324371338,0.8831135630607605,0.14043472365814658
2273,0.20417408645153046,0.9441251158714294,0.8777580857276917,0.8826064467430115,0.07727118735425158
2274,0.20286811888217926,0.9433643221855164,0.8785189390182495,0.8843812942504883,0.06398619342306139
2275,0.20483162999153137,0.9439560174942017,0.8759827613830566,0.8836206793785095,0.1153346896155398
2276,0.20366834104061127,0.9432798027992249,0.8787725567817688,0.8820993900299072,0.1507485144650593
2277,0.20510368049144745,0.9437869787216187,0.8759827613830566,0.8823529481887817,0.14548780041447917
2278,0.20415210723876953,0.9438714981079102,0.8767436146736145,0.8841277956962585,0.09763014264674666
2279,0.20334818959236145,0.9433643221855164,0.8772508502006531,0.8836206793785095,0.07723753491259218
2280,0.20353683829307556,0.9431107044219971,0.8767436146736145,0.883367121219635,0.1499210360184823
2281,0.20655620098114014,0.9425190091133118,0.8785189390182495,0.8823529481887817,0.21351197405188402
2282,0.20488202571868896,0.9438714981079102,0.8772508502006531,0.8841277956962585,0.2271619061116698
2283,0.20377321541309357,0.9439560174942017,0.8795334100723267,0.883367121219635,0.19477940750405934
2284,0.2022949606180191,0.9437024593353271,0.8767436146736145,0.8841277956962585,0.12801163409172314
2285,0.20347458124160767,0.9435333609580994,0.8772508502006531,0.883874237537384,0.06231621805809683
2286,0.2038593590259552,0.942180871963501,0.8797869682312012,0.8846348524093628,0.10628938909275516
2287,0.20360073447227478,0.9444631934165955,0.8764899969100952,0.883874237537384,0.13983379200484156
2288,0.20517991483211517,0.9436179399490356,0.8775044679641724,0.8851419687271118,0.15000639634907617
2289,0.20579780638217926,0.9441251158714294,0.8780117034912109,0.8831135630607605,0.10319093868805687
2290,0.2048654705286026,0.9436179399490356,0.8790261745452881,0.8823529481887817,0.07269088833646763
2291,0.20405007898807526,0.9425190091133118,0.8787725567817688,0.8836206793785095,0.08755979992083848
2292,0.20458191633224487,0.9435333609580994,0.8785189390182495,0.8823529481887817,0.08107582853131237
2293,0.2044525295495987,0.9432798027992249,0.8792797923088074,0.883874237537384,0.12637150977274295
2294,0.2040688693523407,0.9440405964851379,0.8790261745452881,0.883367121219635,0.1445976139623855
2295,0.2045535147190094,0.944378674030304,0.8797869682312012,0.8841277956962585,0.13927702774940268
2296,0.2029959112405777,0.9442941546440125,0.8800405859947205,0.883367121219635,0.09965663357793139
2297,0.20491112768650055,0.9432798027992249,0.8785189390182495,0.883367121219635,0.06540391222005916
2298,0.20393894612789154,0.9431107044219971,0.8802942037582397,0.8846348524093628,0.09479978736561807
2299,0.2065316140651703,0.9428571462631226,0.8782653212547302,0.8826064467430115,0.1413237512390603
2300,0.20433799922466278,0.944209635257721,0.880547821521759,0.8841277956962585,0.14585089370476864
2301,0.20118480920791626,0.9439560174942017,0.880547821521759,0.8848884105682373,0.08900279092153965
2302,0.2039753496646881,0.944209635257721,0.8795334100723267,0.883874237537384,0.07752813560753066
2303,0.20391841232776642,0.942772626876831,0.8777580857276917,0.8843812942504883,0.10253684026042899
2304,0.20527556538581848,0.9429416656494141,0.8800405859947205,0.8848884105682373,0.14469574291631224
2305,0.20461979508399963,0.9425190091133118,0.8780117034912109,0.8848884105682373,0.1549070368984315
2306,0.20253615081310272,0.9434488415718079,0.8797869682312012,0.882860004901886,0.13854994962911543
2307,0.20471780002117157,0.9439560174942017,0.8802942037582397,0.8846348524093628,0.11011159384025421
2308,0.2048688679933548,0.9433643221855164,0.8800405859947205,0.8836206793785095,0.06521553964006524
2309,0.20386654138565063,0.9431952834129333,0.8800405859947205,0.8846348524093628,0.12434511623516134
2310,0.2046269327402115,0.9415891766548157,0.8813086748123169,0.882860004901886,0.1948729010261432
2311,0.20410311222076416,0.9425190091133118,0.8810550570487976,0.8841277956962585,0.2318078065919978
2312,0.20447979867458344,0.941842794418335,0.8780117034912109,0.8820993900299072,0.21433648539145153
2313,0.2046976536512375,0.9431952834129333,0.8775044679641724,0.883367121219635,0.1459048559063368
2314,0.20485897362232208,0.9428571462631226,0.8772508502006531,0.8841277956962585,0.08184704688835512
2315,0.20371848344802856,0.944378674030304,0.8797869682312012,0.8841277956962585,0.0700223682346342
2316,0.20311549305915833,0.9436179399490356,0.8785189390182495,0.883367121219635,0.10688608180569556
2317,0.202285036444664,0.9431952834129333,0.8772508502006531,0.8823529481887817,0.10574871954886232
2318,0.203682079911232,0.9439560174942017,0.8787725567817688,0.8831135630607605,0.09971449114679684
2319,0.20237232744693756,0.9437024593353271,0.8795334100723267,0.8841277956962585,0.08624169740848318
2320,0.20253947377204895,0.942011833190918,0.8782653212547302,0.8831135630607605,0.05726817204095881
2321,0.204214945435524,0.9446322917938232,0.8797869682312012,0.883874237537384,0.0894396712138464
2322,0.20428982377052307,0.9445477724075317,0.8792797923088074,0.882860004901886,0.06989198016843963
2323,0.20160037279129028,0.9440405964851379,0.8795334100723267,0.8823529481887817,0.08971141111518027
2324,0.20348551869392395,0.9428571462631226,0.8795334100723267,0.8823529481887817,0.07551367230878671
2325,0.202286958694458,0.9436179399490356,0.8792797923088074,0.8815922737121582,0.07291113421082171
2326,0.20295940339565277,0.9429416656494141,0.8775044679641724,0.8831135630607605,0.0804050558125557
2327,0.20309482514858246,0.9430261850357056,0.8787725567817688,0.883367121219635,0.0748009575417994
2328,0.20196814835071564,0.9426035284996033,0.8782653212547302,0.8826064467430115,0.11415235345458899
2329,0.20265279710292816,0.9431107044219971,0.8780117034912109,0.8823529481887817,0.12833168708417345
2330,0.20363278687000275,0.9426880478858948,0.8787725567817688,0.8836206793785095,0.1398287498219298
2331,0.20428620278835297,0.9437024593353271,0.8787725567817688,0.8826064467430115,0.13483963529983636
2332,0.20402087271213531,0.9436179399490356,0.8797869682312012,0.8843812942504883,0.1133850002610308
2333,0.20246732234954834,0.9437869787216187,0.880547821521759,0.8836206793785095,0.08975940082917568
2334,0.2037879079580307,0.9442941546440125,0.8802942037582397,0.8843812942504883,0.06668921309194922
2335,0.20215150713920593,0.9426035284996033,0.8790261745452881,0.8856490850448608,0.07354527556183736
2336,0.2047075778245926,0.9431952834129333,0.880547821521759,0.883874237537384,0.0971354515493516
2337,0.20446279644966125,0.9429416656494141,0.8790261745452881,0.8853955268859863,0.1218025976293724
2338,0.20434831082820892,0.9431952834129333,0.8797869682312012,0.8831135630607605,0.11958451995513829
2339,0.20250418782234192,0.9439560174942017,0.8795334100723267,0.8846348524093628,0.10097607598384113
2340,0.20384491980075836,0.9437024593353271,0.8792797923088074,0.8846348524093628,0.07753945278440455
2341,0.20310956239700317,0.944209635257721,0.8790261745452881,0.8836206793785095,0.06712531184437404
2342,0.20261304080486298,0.9428571462631226,0.8785189390182495,0.883367121219635,0.08043808079057312
2343,0.20438413321971893,0.9440405964851379,0.8800405859947205,0.8818458318710327,0.13136595300608256
2344,0.2049260288476944,0.9433643221855164,0.8775044679641724,0.883367121219635,0.1544868124559267
2345,0.20360523462295532,0.9448858499526978,0.8785189390182495,0.8818458318710327,0.15021054713089999
2346,0.20217986404895782,0.9442941546440125,0.8787725567817688,0.882860004901886,0.12130201661531849
2347,0.204143688082695,0.9448013305664062,0.8797869682312012,0.883874237537384,0.08067926353451513
2348,0.20475736260414124,0.9447168111801147,0.8777580857276917,0.8818458318710327,0.06737347237779917
2349,0.20306318998336792,0.9437869787216187,0.8785189390182495,0.8823529481887817,0.10694873977575726
2350,0.2029237598180771,0.9431952834129333,0.8772508502006531,0.8836206793785095,0.14969511008746667
2351,0.20265713334083557,0.9440405964851379,0.8772508502006531,0.8826064467430115,0.17754623176085083
2352,0.2049930840730667,0.9440405964851379,0.8777580857276917,0.8823529481887817,0.17539983708321413
2353,0.20407439768314362,0.9437869787216187,0.8797869682312012,0.882860004901886,0.11973908565815468
2354,0.20275895297527313,0.9442941546440125,0.8782653212547302,0.883367121219635,0.06919865913136904
2355,0.20250028371810913,0.9437869787216187,0.8787725567817688,0.8843812942504883,0.11821767940699335
2356,0.2034890055656433,0.9425190091133118,0.8777580857276917,0.8800709843635559,0.22108393976150206
2357,0.205886572599411,0.9430261850357056,0.8792797923088074,0.8856490850448608,0.29546993592611553
2358,0.20738187432289124,0.9426880478858948,0.8762363791465759,0.8803245425224304,0.3125563745760155
2359,0.208136647939682,0.9433643221855164,0.8795334100723267,0.8836206793785095,0.2838519599419379
2360,0.20593148469924927,0.9432798027992249,0.8790261745452881,0.8823529481887817,0.23308954066737328
2361,0.20386344194412231,0.9439560174942017,0.8787725567817688,0.8841277956962585,0.15426303780245004
2362,0.20248477160930634,0.9437024593353271,0.8787725567817688,0.883874237537384,0.09027134757508697
2363,0.20295071601867676,0.9437024593353271,0.8785189390182495,0.8815922737121582,0.06192481834470424
2364,0.20357242226600647,0.9429416656494141,0.8785189390182495,0.8843812942504883,0.11633455215593727
2365,0.2047020047903061,0.9428571462631226,0.8775044679641724,0.8803245425224304,0.18631376966992605
2366,0.2047259658575058,0.9437024593353271,0.8795334100723267,0.8841277956962585,0.23220827924482826
2367,0.2057981640100479,0.9428571462631226,0.8795334100723267,0.8820993900299072,0.2162573268055858
2368,0.2028665840625763,0.9442941546440125,0.8795334100723267,0.882860004901886,0.13354327868496982
2369,0.2024497240781784,0.9436179399490356,0.8787725567817688,0.8820993900299072,0.06122321840495545
2370,0.2024911493062973,0.9422653913497925,0.8777580857276917,0.8826064467430115,0.10247226678253771
2371,0.20380637049674988,0.9425190091133118,0.8795334100723267,0.8836206793785095,0.15700814391107637
2372,0.2038751244544983,0.942772626876831,0.8780117034912109,0.8826064467430115,0.1878148039025634
2373,0.20350097119808197,0.9426035284996033,0.8800405859947205,0.8831135630607605,0.1778092200140735
2374,0.2024436593055725,0.9424344897270203,0.880547821521759,0.8808315992355347,0.13978788310021537
2375,0.2040349841117859,0.9442941546440125,0.880547821521759,0.8826064467430115,0.10035953118833901
2376,0.20264534652233124,0.9441251158714294,0.8792797923088074,0.882860004901886,0.07923585236637175
2377,0.2051933854818344,0.9452239871025085,0.8800405859947205,0.883874237537384,0.059351883226092805
2378,0.20281726121902466,0.9438714981079102,0.8792797923088074,0.8818458318710327,0.07743048885758397
2379,0.2028905600309372,0.9426035284996033,0.8777580857276917,0.8815922737121582,0.15929173654061102
2380,0.2047126740217209,0.9425190091133118,0.8792797923088074,0.8841277956962585,0.2277663051084702
2381,0.203380286693573,0.9428571462631226,0.8767436146736145,0.8810851573944092,0.23720907552652618
2382,0.20453205704689026,0.944209635257721,0.8785189390182495,0.8818458318710327,0.18813705223895796
2383,0.20400770008563995,0.9445477724075317,0.8785189390182495,0.8826064467430115,0.12190472970889227
2384,0.2028912603855133,0.9447168111801147,0.8780117034912109,0.8818458318710327,0.08168757560743722
2385,0.20261909067630768,0.9436179399490356,0.8767436146736145,0.8813387155532837,0.06506849048708231
2386,0.203623428940773,0.942772626876831,0.8785189390182495,0.8823529481887817,0.09173211713494313
2387,0.20171906054019928,0.9431952834129333,0.8757292032241821,0.8815922737121582,0.09280923952820193
2388,0.20346896350383759,0.9429416656494141,0.8772508502006531,0.8823529481887817,0.06812630718081326
2389,0.2028106153011322,0.9434488415718079,0.8775044679641724,0.8823529481887817,0.07814632980598547
2390,0.20225459337234497,0.9431952834129333,0.8780117034912109,0.8836206793785095,0.0569472981056657
2391,0.20468948781490326,0.9448013305664062,0.8782653212547302,0.8841277956962585,0.0862541893287343
2392,0.20175644755363464,0.9444631934165955,0.8787725567817688,0.882860004901886,0.0910001513677117
2393,0.2023349553346634,0.9436179399490356,0.8787725567817688,0.8826064467430115,0.08895826097288964
2394,0.20268720388412476,0.9445477724075317,0.8790261745452881,0.8820993900299072,0.08089293576435425
2395,0.20350980758666992,0.9445477724075317,0.8802942037582397,0.8831135630607605,0.06212609448473275
2396,0.20337900519371033,0.9441251158714294,0.8797869682312012,0.8831135630607605,0.0813686713693538
2397,0.20106014609336853,0.9424344897270203,0.8790261745452881,0.8823529481887817,0.14023263630544164
2398,0.20448777079582214,0.9426880478858948,0.8790261745452881,0.8810851573944092,0.21405598023345235
2399,0.206698939204216,0.9419273138046265,0.8790261745452881,0.8793103098869324,0.27498784390376785
2400,0.2044224590063095,0.9436179399490356,0.8800405859947205,0.883874237537384,0.2696202806129215
