epoch,loss,train_acc,val_acc,test_acc,gradient_norm
1,1.1061843633651733,0.6315299868583679,0.6294699907302856,0.6206896305084229,0.1915230939509449
2,1.0245527029037476,0.6842772364616394,0.6847578287124634,0.679513156414032,0.17596110598289344
3,0.9374273419380188,0.6937447190284729,0.6908445358276367,0.6899086833000183,0.18710449075558339
4,0.8736552596092224,0.7028740644454956,0.6974385380744934,0.6977687478065491,0.18158679450992696
5,0.8200114965438843,0.7109889984130859,0.7058078050613403,0.7079107165336609,0.17074250494107546
6,0.7699044346809387,0.7229078412055969,0.7169668078422546,0.7180527448654175,0.1626420896254432
7,0.7280020117759705,0.7441251277923584,0.7334517240524292,0.735040545463562,0.15668823774972548
8,0.684821605682373,0.7660185694694519,0.7580522894859314,0.7563387155532837,0.15528754805934816
9,0.6457217931747437,0.7943364381790161,0.7846817374229431,0.7794117331504822,0.15439613606373295
10,0.607718825340271,0.8239222168922424,0.8080142140388489,0.8083164095878601,0.1532780920233807
11,0.5717676281929016,0.8507184982299805,0.8328683972358704,0.8331642746925354,0.15069161313465254
12,0.5384639501571655,0.8765004277229309,0.8572153449058533,0.8564908504486084,0.14608915229389552
13,0.5064231157302856,0.8957734704017639,0.874714732170105,0.8724644780158997,0.1402280893949869
14,0.4781327247619629,0.9104818105697632,0.8876490592956543,0.882860004901886,0.13265937526884858
15,0.44818976521492004,0.920710027217865,0.8944966197013855,0.8924949169158936,0.12508210216565288
16,0.42122533917427063,0.9271343946456909,0.8957647085189819,0.8935090899467468,0.11774463105664698
17,0.3965488076210022,0.9321216940879822,0.8995689153671265,0.897819459438324,0.11024186284826366
18,0.3727317750453949,0.9367709159851074,0.9023586511611938,0.9031440019607544,0.10370229532830443
19,0.35339629650115967,0.9432798027992249,0.9051483869552612,0.9054259657859802,0.0957850210198625
20,0.33434221148490906,0.9480135440826416,0.906670093536377,0.9059330224990845,0.09027402174951868
21,0.317487895488739,0.9524091482162476,0.9097134470939636,0.9089756608009338,0.08462484890696008
22,0.29930198192596436,0.9559594392776489,0.9117423892021179,0.9132859706878662,0.08025757291523136
23,0.28378716111183167,0.9599323868751526,0.9099670648574829,0.9127788543701172,0.0762641409236363
24,0.26873937249183655,0.9626373648643494,0.9112351536750793,0.914553701877594,0.07332653362167636
25,0.25529664754867554,0.9671174883842468,0.9160537719726562,0.9168356657028198,0.071179246915746
26,0.24276602268218994,0.9696534276008606,0.9163073897361755,0.9175963401794434,0.06757869257520936
27,0.23162469267845154,0.9745562076568604,0.9203652143478394,0.9201318025588989,0.06639924863945013
28,0.22025896608829498,0.9775148034095764,0.9223941564559937,0.9198782444000244,0.06332210783979748
29,0.2087627649307251,0.9803888201713562,0.9221405386924744,0.9193711876869202,0.06378251742185741
30,0.1975313127040863,0.9828402400016785,0.9223941564559937,0.9193711876869202,0.061463435932954426
31,0.1913226693868637,0.9847844243049622,0.9180827140808105,0.9153143763542175,0.06180240398272399
32,0.18390944600105286,0.9857142567634583,0.9190971851348877,0.9178498983383179,0.06267886459556699
33,0.17400768399238586,0.9879966378211975,0.9213796854019165,0.9221602082252502,0.0629516013537169
34,0.16505002975463867,0.9894336462020874,0.9234086275100708,0.9231744408607483,0.06068136652741901
35,0.16186770796775818,0.9912933111190796,0.9241694211959839,0.9236814975738525,0.06394073285231146
36,0.15618479251861572,0.9918850064277649,0.9234086275100708,0.9257099032402039,0.06413054972144726
37,0.14882086217403412,0.9934065937995911,0.9221405386924744,0.9241886138916016,0.06561018309282578
38,0.14338891208171844,0.9921386241912842,0.9203652143478394,0.9226673245429993,0.06456141677536938
39,0.14386437833309174,0.9934911131858826,0.9234086275100708,0.9231744408607483,0.06524741017651005
40,0.1385999172925949,0.9939137697219849,0.9277200698852539,0.9267241358757019,0.06504955148885654
41,0.13304586708545685,0.994843602180481,0.9236622452735901,0.9297667145729065,0.06505538777651053
42,0.12923407554626465,0.994843602180481,0.9221405386924744,0.929006040096283,0.0639236344522491
43,0.1250201165676117,0.9955198764801025,0.9244230389595032,0.9287525415420532,0.06387432498267902
44,0.12384480237960815,0.995773434638977,0.9239158630371094,0.9282454252243042,0.06701826302138969
45,0.12214667350053787,0.9961115717887878,0.9216333031654358,0.9249492883682251,0.06633723423729654
46,0.1191304475069046,0.9971259236335754,0.9249302744865417,0.9257099032402039,0.06503025592329989
47,0.11336410045623779,0.9977176785469055,0.9234086275100708,0.9254563450813293,0.06475145316009931
48,0.11123111099004745,0.9975485801696777,0.9229013919830322,0.9246957302093506,0.06294297760006888
49,0.11000390350818634,0.9970414042472839,0.9274664521217346,0.929513156414032,0.06302724941362349
50,0.10547930747270584,0.9974640607833862,0.9279736876487732,0.9277383089065552,0.05923493062475414
51,0.10657280683517456,0.9981403350830078,0.9287344813346863,0.9315415620803833,0.06753070980277354
52,0.10201800614595413,0.997633159160614,0.9272128343582153,0.9277383089065552,0.06205927355396004
53,0.10383632779121399,0.997802197933197,0.9259447455406189,0.9262170195579529,0.06964924394323856
54,0.10288549959659576,0.99797123670578,0.9239158630371094,0.9262170195579529,0.06805754659209161
55,0.09742274880409241,0.997633159160614,0.9226477742195129,0.9236814975738525,0.06377943382139763
56,0.0980975404381752,0.9978867173194885,0.9216333031654358,0.9264705777168274,0.06618333372642571
57,0.09582629054784775,0.9983093738555908,0.9241694211959839,0.9277383089065552,0.06478047198180323
58,0.09230764210224152,0.9980557560920715,0.9264519810676575,0.9279918670654297,0.06490122228975956
59,0.09438067674636841,0.9983938932418823,0.925183892250061,0.930020272731781,0.06573848561638665
60,0.08997799456119537,0.9985629916191101,0.9249302744865417,0.9312880039215088,0.06325994831755201
61,0.08978825807571411,0.9990701675415039,0.9277200698852539,0.929006040096283,0.061444371717091925
62,0.08808761835098267,0.9991546869277954,0.928480863571167,0.9272311925888062,0.05995339581592049
63,0.09113958477973938,0.9990701675415039,0.926959216594696,0.9272311925888062,0.06454800817071671
64,0.08439463376998901,0.9991546869277954,0.9279736876487732,0.929006040096283,0.0587673360152893
65,0.08379165828227997,0.9989010691642761,0.9287344813346863,0.9284989833831787,0.06014008031974227
66,0.08146080374717712,0.9987320303916931,0.9279736876487732,0.9274847507476807,0.05879799258613115
67,0.08470964431762695,0.9989856481552124,0.9277200698852539,0.9317951202392578,0.06715157759711134
68,0.07932016253471375,0.9989856481552124,0.9272128343582153,0.9307808876037598,0.060388678621608446
69,0.07950703054666519,0.9990701675415039,0.9256911277770996,0.9315415620803833,0.060097442209133656
70,0.07818826287984848,0.9988165497779846,0.9272128343582153,0.9269776940345764,0.06061152691506521
71,0.07827882468700409,0.9987320303916931,0.9274664521217346,0.9264705777168274,0.060784114460285955
72,0.07969928532838821,0.9989856481552124,0.9279736876487732,0.9249492883682251,0.06058559292220099
73,0.07537546008825302,0.9989856481552124,0.9289880990982056,0.9249492883682251,0.060007061113645385
74,0.07512374967336655,0.9989010691642761,0.9264519810676575,0.9264705777168274,0.061883461464454004
75,0.0745805874466896,0.9989010691642761,0.9289880990982056,0.9272311925888062,0.06382411122226295
76,0.07531169801950455,0.9989856481552124,0.930256187915802,0.9279918670654297,0.06166583461295623
77,0.07513336837291718,0.9989856481552124,0.9292417168617249,0.9282454252243042,0.0646922681782303
78,0.0726996436715126,0.9990701675415039,0.9297489523887634,0.9272311925888062,0.060201719981563435
79,0.07239137589931488,0.9989856481552124,0.9274664521217346,0.9254563450813293,0.06101385881777185
80,0.07155168056488037,0.9989010691642761,0.9254375100135803,0.9257099032402039,0.06121820231360795
81,0.07030035555362701,0.9991546869277954,0.9282272458076477,0.9259634613990784,0.06098689847211581
82,0.07086583226919174,0.9989010691642761,0.9287344813346863,0.9241886138916016,0.06303127930281832
83,0.07285058498382568,0.9989856481552124,0.9272128343582153,0.9246957302093506,0.06430827399761468
84,0.07073760032653809,0.9992392063140869,0.9256911277770996,0.9272311925888062,0.06516212396940269
85,0.06893591582775116,0.9991546869277954,0.9254375100135803,0.9307808876037598,0.06276454853245803
86,0.06765828281641006,0.9992392063140869,0.9226477742195129,0.929513156414032,0.06085608445552065
87,0.06931009143590927,0.9992392063140869,0.9244230389595032,0.9269776940345764,0.06098953094073335
88,0.06923932582139969,0.9991546869277954,0.925183892250061,0.929513156414032,0.0649958939120399
89,0.06945791840553284,0.9990701675415039,0.9234086275100708,0.9282454252243042,0.06556740920108631
90,0.06759893894195557,0.9994083046913147,0.9234086275100708,0.9292595982551575,0.06448694401936796
91,0.06811346858739853,0.9994083046913147,0.9236622452735901,0.9254563450813293,0.06435148773739652
92,0.06695250421762466,0.9992392063140869,0.925183892250061,0.9246957302093506,0.06481808156760312
93,0.06691905856132507,0.9992392063140869,0.9267055988311768,0.9236814975738525,0.06643069074768868
94,0.06725113838911057,0.9992392063140869,0.9274664521217346,0.9257099032402039,0.06789579223227242
95,0.06491947919130325,0.9990701675415039,0.9282272458076477,0.9262170195579529,0.06713512621602248
96,0.06649354845285416,0.9993237257003784,0.9279736876487732,0.9252028465270996,0.06634480780913767
97,0.06530625373125076,0.9994928240776062,0.9287344813346863,0.929006040096283,0.062470137720125475
98,0.06581078469753265,0.9994928240776062,0.928480863571167,0.93052738904953,0.06706695479317037
99,0.06472849100828171,0.9994928240776062,0.926959216594696,0.9267241358757019,0.06391158945805217
100,0.0629967451095581,0.9992392063140869,0.9259447455406189,0.9272311925888062,0.06538224687623825
101,0.06313465535640717,0.9993237257003784,0.9241694211959839,0.9264705777168274,0.06356689617465135
102,0.06535109132528305,0.9994083046913147,0.9277200698852539,0.9287525415420532,0.06828667339541318
103,0.06195628643035889,0.9994083046913147,0.9282272458076477,0.9254563450813293,0.06292530960946931
104,0.0626220628619194,0.9995773434638977,0.9264519810676575,0.9252028465270996,0.06546334379529367
105,0.06180691719055176,0.9993237257003784,0.9259447455406189,0.9249492883682251,0.06272725305010264
106,0.06169120594859123,0.9993237257003784,0.9277200698852539,0.9254563450813293,0.06487883482262458
107,0.06080793961882591,0.9994083046913147,0.9325386881828308,0.9259634613990784,0.05862184698152251
108,0.06091475859284401,0.9994928240776062,0.9310170412063599,0.9282454252243042,0.0624083179223288
109,0.061581939458847046,0.9994083046913147,0.9289880990982056,0.9257099032402039,0.06417643231416889
110,0.062081027776002884,0.9993237257003784,0.9272128343582153,0.9257099032402039,0.065892079376258
111,0.05901231989264488,0.9995773434638977,0.9279736876487732,0.9231744408607483,0.06498686190905814
112,0.05875607952475548,0.9994928240776062,0.9287344813346863,0.9241886138916016,0.060407378534792305
113,0.06150592118501663,0.9994928240776062,0.9287344813346863,0.9241886138916016,0.06796044263583306
114,0.059376392513513565,0.9992392063140869,0.928480863571167,0.9244421720504761,0.06294981854387471
115,0.05749683082103729,0.9995773434638977,0.9312706589698792,0.923935055732727,0.06312291131069908
116,0.057455576956272125,0.9994928240776062,0.9294953346252441,0.9229208827018738,0.060855423289888584
117,0.057036470621824265,0.9994928240776062,0.9279736876487732,0.9241886138916016,0.06244159078317959
118,0.055614542216062546,0.9996618628501892,0.9254375100135803,0.9244421720504761,0.05936351421398004
119,0.05952256917953491,0.999830961227417,0.9226477742195129,0.9221602082252502,0.06638747833835797
120,0.0565590001642704,0.9997463822364807,0.919350802898407,0.9252028465270996,0.06521171263892925
121,0.06022781878709793,0.9997463822364807,0.9239158630371094,0.9236814975738525,0.06672142646474334
122,0.05788539722561836,0.9996618628501892,0.925183892250061,0.9241886138916016,0.06431223279777037
123,0.05697052553296089,0.9995773434638977,0.9241694211959839,0.9249492883682251,0.0630005757678502
124,0.05656521022319794,0.9994928240776062,0.9282272458076477,0.9246957302093506,0.062286291127665525
125,0.055970970541238785,0.9993237257003784,0.9317778944969177,0.9269776940345764,0.06433510230368722
126,0.05828581377863884,0.9994928240776062,0.9310170412063599,0.9269776940345764,0.06562993407212417
127,0.05745842307806015,0.9993237257003784,0.9305098056793213,0.9279918670654297,0.06994982632799975
128,0.05557490885257721,0.9992392063140869,0.9310170412063599,0.929006040096283,0.06266463112471755
129,0.0552835687994957,0.9994928240776062,0.9322850704193115,0.9287525415420532,0.06351373623054989
130,0.056212373077869415,0.9994083046913147,0.9310170412063599,0.9292595982551575,0.06417941173470318
131,0.05250685289502144,0.9994083046913147,0.9287344813346863,0.9279918670654297,0.059451013847886175
132,0.053538136184215546,0.9994083046913147,0.9261983633041382,0.9224137663841248,0.06199769938739
133,0.056246351450681686,0.9994083046913147,0.925183892250061,0.9252028465270996,0.0636919244358271
134,0.056608233600854874,0.9994928240776062,0.9244230389595032,0.9264705777168274,0.07012484786321878
135,0.052973344922065735,0.9996618628501892,0.9264519810676575,0.9262170195579529,0.0626584110566889
136,0.05444452539086342,0.9996618628501892,0.9261983633041382,0.9279918670654297,0.0646830750055661
137,0.055736154317855835,0.9996618628501892,0.9282272458076477,0.9274847507476807,0.06683040993854637
138,0.05595490708947182,0.9995773434638977,0.926959216594696,0.9264705777168274,0.06877426034425752
139,0.05434016138315201,0.9995773434638977,0.9264519810676575,0.9274847507476807,0.06394578733117207
140,0.051649611443281174,0.9994928240776062,0.9274664521217346,0.9246957302093506,0.05935373274395418
141,0.055555570870637894,0.9994928240776062,0.9272128343582153,0.9267241358757019,0.07142189333941706
142,0.05413295328617096,0.9992392063140869,0.9231550097465515,0.9246957302093506,0.06369961717625053
143,0.05486560985445976,0.9991546869277954,0.9272128343582153,0.9257099032402039,0.07183768956283057
144,0.054849445819854736,0.9995773434638977,0.9267055988311768,0.9254563450813293,0.06697563728097916
145,0.05340087041258812,0.9994928240776062,0.9264519810676575,0.923935055732727,0.06210406111276546
146,0.054108913987874985,0.9995773434638977,0.9282272458076477,0.9246957302093506,0.06599897325455305
147,0.0529668964445591,0.9994928240776062,0.9307634234428406,0.9254563450813293,0.0597054397420915
148,0.05237053707242012,0.9994083046913147,0.9315242767333984,0.9262170195579529,0.06141959542299642
149,0.052093494683504105,0.9997463822364807,0.9315242767333984,0.9277383089065552,0.062681231260616
150,0.05105040222406387,0.9997463822364807,0.9300025701522827,0.9264705777168274,0.06138800160567484
151,0.050158943980932236,0.9997463822364807,0.9259447455406189,0.9277383089065552,0.05984009359978441
152,0.05176735669374466,0.9995773434638977,0.925183892250061,0.9274847507476807,0.06142429802105739
153,0.054430264979600906,0.9997463822364807,0.9272128343582153,0.9284989833831787,0.06925925546027022
154,0.05072537437081337,0.9995773434638977,0.9256911277770996,0.9284989833831787,0.06371260175216187
155,0.052202753722667694,0.9997463822364807,0.9259447455406189,0.9287525415420532,0.06672792464345352
156,0.05203784257173538,0.9997463822364807,0.9254375100135803,0.9272311925888062,0.06600145724528908
157,0.04962315037846565,0.9996618628501892,0.9244230389595032,0.9267241358757019,0.06462158480943322
158,0.05130523443222046,0.9997463822364807,0.9264519810676575,0.9277383089065552,0.06610192578092561
159,0.050949133932590485,0.9996618628501892,0.9267055988311768,0.9249492883682251,0.06213404928703052
160,0.05161137878894806,0.999830961227417,0.9264519810676575,0.9267241358757019,0.06411789567076151
161,0.05267741158604622,0.9997463822364807,0.9272128343582153,0.9262170195579529,0.0652688667167792
162,0.05133146047592163,0.9994928240776062,0.9274664521217346,0.9244421720504761,0.06371021649767152
163,0.0501018650829792,0.9995773434638977,0.9297489523887634,0.9249492883682251,0.06466621046363848
164,0.050905462354421616,0.9995773434638977,0.926959216594696,0.9246957302093506,0.06453757329581683
165,0.05188453570008278,0.9995773434638977,0.9259447455406189,0.9257099032402039,0.06342667905773539
166,0.0519963875412941,0.9994083046913147,0.9272128343582153,0.9267241358757019,0.06745331026141883
167,0.05179871991276741,0.9997463822364807,0.9300025701522827,0.923935055732727,0.06711287658925867
168,0.04740304499864578,0.9996618628501892,0.9294953346252441,0.9252028465270996,0.05923696295057495
169,0.048795465379953384,0.9994928240776062,0.9264519810676575,0.9259634613990784,0.06214345068606953
170,0.049145955592393875,0.9999154806137085,0.9282272458076477,0.9277383089065552,0.06455085115580655
171,0.05045808479189873,0.999830961227417,0.9272128343582153,0.9254563450813293,0.0670561405153421
172,0.04968293756246567,0.9996618628501892,0.9234086275100708,0.9259634613990784,0.06639749285383317
173,0.04962485283613205,0.9995773434638977,0.9236622452735901,0.9249492883682251,0.06838229304244711
174,0.052423298358917236,0.9995773434638977,0.9264519810676575,0.9259634613990784,0.06900162054341141
175,0.051742859184741974,0.9995773434638977,0.9259447455406189,0.9264705777168274,0.06844358422528547
176,0.047202400863170624,0.9996618628501892,0.926959216594696,0.9277383089065552,0.06436590397009324
177,0.05090130865573883,0.9994928240776062,0.9254375100135803,0.9274847507476807,0.06857273481242808
178,0.05098111182451248,0.9996618628501892,0.9256911277770996,0.9244421720504761,0.06756198781116518
179,0.04936744645237923,0.9997463822364807,0.9272128343582153,0.9241886138916016,0.06193931595422579
180,0.04990425705909729,0.9995773434638977,0.928480863571167,0.9236814975738525,0.06690326619910045
181,0.04841732606291771,0.9995773434638977,0.9244230389595032,0.9252028465270996,0.06324535348678836
182,0.05019587650895119,0.9996618628501892,0.9256911277770996,0.9254563450813293,0.06742780633082547
183,0.0503527969121933,0.9997463822364807,0.9256911277770996,0.9272311925888062,0.06678567165874168
184,0.049001969397068024,0.9997463822364807,0.9282272458076477,0.9262170195579529,0.0598666215600967
185,0.048378363251686096,0.9997463822364807,0.9279736876487732,0.9264705777168274,0.06411989162905546
186,0.049924787133932114,0.9996618628501892,0.9259447455406189,0.9249492883682251,0.06255523336908614
187,0.05096226558089256,0.9997463822364807,0.9259447455406189,0.9254563450813293,0.06956917219534771
188,0.04842493310570717,0.9997463822364807,0.9259447455406189,0.9259634613990784,0.06231869394272613
189,0.049568310379981995,0.9997463822364807,0.9261983633041382,0.9226673245429993,0.06732546554947741
190,0.04863187298178673,0.9996618628501892,0.9254375100135803,0.9226673245429993,0.06136491417448686
191,0.0492083802819252,0.9997463822364807,0.9241694211959839,0.9236814975738525,0.06223388958356268
192,0.050258420407772064,0.9999154806137085,0.9249302744865417,0.9244421720504761,0.06606396281276354
193,0.04938298091292381,0.999830961227417,0.9226477742195129,0.9254563450813293,0.06452457702615205
194,0.04892934113740921,0.9994928240776062,0.9264519810676575,0.9259634613990784,0.0635275772093733
195,0.0478646345436573,0.9995773434638977,0.9272128343582153,0.9274847507476807,0.0602764348624527
196,0.04781092330813408,0.999830961227417,0.9267055988311768,0.9287525415420532,0.06528259351435381
197,0.04943791776895523,0.9994928240776062,0.9292417168617249,0.9279918670654297,0.06857777762174176
198,0.04637627676129341,0.9994083046913147,0.9300025701522827,0.9279918670654297,0.06253566604099704
199,0.04685765504837036,0.9994928240776062,0.9282272458076477,0.9274847507476807,0.06328456063552616
200,0.05006689578294754,0.9994928240776062,0.9282272458076477,0.9274847507476807,0.06597883783167942
201,0.04760205000638962,0.9995773434638977,0.9259447455406189,0.9267241358757019,0.061792283318333974
202,0.05077708512544632,0.9996618628501892,0.9256911277770996,0.9269776940345764,0.0676997459894224
203,0.04746716842055321,0.9996618628501892,0.9246766567230225,0.9254563450813293,0.06316439098127931
204,0.0488019622862339,0.9997463822364807,0.9246766567230225,0.9262170195579529,0.06337463031083908
205,0.04883350059390068,0.9995773434638977,0.9264519810676575,0.9259634613990784,0.06671601401888681
206,0.04808173328638077,0.9996618628501892,0.9259447455406189,0.9259634613990784,0.0647714734408553
207,0.04955439642071724,0.9997463822364807,0.9259447455406189,0.9264705777168274,0.06838598424961516
208,0.04782664775848389,0.9996618628501892,0.9256911277770996,0.9234279990196228,0.06374747067309534
209,0.04655211791396141,0.999830961227417,0.9267055988311768,0.9269776940345764,0.06510108177537917
210,0.05075583606958389,0.9999154806137085,0.9277200698852539,0.9277383089065552,0.06790731828494942
211,0.0488557368516922,0.999830961227417,0.9259447455406189,0.9272311925888062,0.06263979658362673
212,0.04653448238968849,0.999830961227417,0.9279736876487732,0.9284989833831787,0.05997906893290126
213,0.04661194980144501,0.9995773434638977,0.9294953346252441,0.9274847507476807,0.05915444754549395
214,0.046620287001132965,0.9994928240776062,0.9274664521217346,0.9257099032402039,0.061135614000222015
215,0.04815293103456497,0.9997463822364807,0.9267055988311768,0.9254563450813293,0.06532621985635878
216,0.04776699095964432,0.9999154806137085,0.9274664521217346,0.9302738308906555,0.06655491674055633
217,0.04633159190416336,0.999830961227417,0.925183892250061,0.929513156414032,0.06282655975967164
218,0.046895839273929596,0.9997463822364807,0.9254375100135803,0.9241886138916016,0.06478304759036589
219,0.04892728850245476,0.9997463822364807,0.9254375100135803,0.9269776940345764,0.06532410604001286
220,0.048708923161029816,0.9997463822364807,0.9279736876487732,0.929513156414032,0.07025553678846803
221,0.04570620507001877,0.9994928240776062,0.9297489523887634,0.929513156414032,0.05932639371189504
222,0.04578932747244835,0.9994083046913147,0.9279736876487732,0.9292595982551575,0.06570892485450529
223,0.044266581535339355,0.9994083046913147,0.9244230389595032,0.9279918670654297,0.06047941979034321
224,0.04750410094857216,0.9995773434638977,0.9282272458076477,0.9284989833831787,0.0707415724266987
225,0.047176431864500046,0.9997463822364807,0.9254375100135803,0.9241886138916016,0.06428030118933116
226,0.04745318740606308,0.999830961227417,0.9267055988311768,0.9229208827018738,0.0662565706272913
227,0.04850038141012192,0.9997463822364807,0.9249302744865417,0.9262170195579529,0.06689707027267851
228,0.044936198741197586,0.9996618628501892,0.9239158630371094,0.9272311925888062,0.05992996012384297
229,0.04674806818366051,0.999830961227417,0.9256911277770996,0.9282454252243042,0.0677511438127182
230,0.04639092832803726,0.9999154806137085,0.9277200698852539,0.9252028465270996,0.0640520571249439
231,0.046529386192560196,0.999830961227417,0.9259447455406189,0.9262170195579529,0.0642809519331331
232,0.04633325710892677,0.9996618628501892,0.9256911277770996,0.9272311925888062,0.06503165150098444
233,0.046200353652238846,0.9995773434638977,0.926959216594696,0.9310344457626343,0.06851441390196043
234,0.04596123844385147,0.9997463822364807,0.9259447455406189,0.929006040096283,0.06602312588290116
235,0.04610498622059822,0.9994928240776062,0.9261983633041382,0.9269776940345764,0.06443735457297856
236,0.04574594646692276,0.9995773434638977,0.9239158630371094,0.9269776940345764,0.06547581096158504
237,0.048700932413339615,0.9996618628501892,0.9256911277770996,0.9262170195579529,0.065140075932042
238,0.04665432497859001,0.9994083046913147,0.9239158630371094,0.9264705777168274,0.06452979218150887
239,0.04599646106362343,0.9996618628501892,0.9249302744865417,0.9262170195579529,0.06268057323223816
240,0.0460156686604023,0.9996618628501892,0.9256911277770996,0.9257099032402039,0.06568716678572104
241,0.0454191118478775,0.9997463822364807,0.9267055988311768,0.9262170195579529,0.06340504278588653
242,0.0474669523537159,0.9997463822364807,0.928480863571167,0.9262170195579529,0.06729517061886431
243,0.046426620334386826,0.9997463822364807,0.9300025701522827,0.9241886138916016,0.06501580305678353
244,0.044680096209049225,0.9997463822364807,0.9289880990982056,0.923935055732727,0.06253939907578178
245,0.04804033413529396,0.999830961227417,0.9297489523887634,0.9244421720504761,0.0625765178142564
246,0.04732631891965866,0.9996618628501892,0.9274664521217346,0.9264705777168274,0.06388480702304439
247,0.04643956944346428,0.9996618628501892,0.926959216594696,0.929513156414032,0.06691554025373576
248,0.04705117270350456,0.999830961227417,0.9246766567230225,0.929513156414032,0.06417351410778929
249,0.045897167176008224,0.999830961227417,0.9256911277770996,0.9269776940345764,0.06385070687091493
250,0.04544352740049362,0.999830961227417,0.9244230389595032,0.9252028465270996,0.06716682294998058
251,0.045460645109415054,0.9997463822364807,0.9264519810676575,0.9259634613990784,0.06648660557785827
252,0.04421992972493172,0.9997463822364807,0.9267055988311768,0.9254563450813293,0.05931679271336876
253,0.04702497646212578,0.999830961227417,0.9256911277770996,0.9267241358757019,0.06724650462235356
254,0.04519926756620407,0.9997463822364807,0.9264519810676575,0.9257099032402039,0.06315718255156505
255,0.04751569777727127,0.9996618628501892,0.9249302744865417,0.9262170195579529,0.06558974825432316
256,0.045399755239486694,0.999830961227417,0.9264519810676575,0.9267241358757019,0.060705034897520604
257,0.04439433664083481,0.999830961227417,0.9274664521217346,0.9287525415420532,0.0610765635432198
258,0.04520321637392044,0.999830961227417,0.9256911277770996,0.9279918670654297,0.06317957190562712
259,0.04710007086396217,0.9997463822364807,0.9244230389595032,0.9277383089065552,0.06482851744731188
260,0.045688875019550323,0.999830961227417,0.9246766567230225,0.9267241358757019,0.06329560481507387
261,0.04391293600201607,0.9997463822364807,0.9229013919830322,0.9262170195579529,0.06262265370623148
262,0.043747708201408386,0.999830961227417,0.9208724498748779,0.9262170195579529,0.0619536233652916
263,0.04426548257470131,0.999830961227417,0.9226477742195129,0.9254563450813293,0.06795945391005138
264,0.045192375779151917,0.999830961227417,0.9231550097465515,0.9244421720504761,0.062225975323214354
265,0.04592026025056839,0.9999154806137085,0.9256911277770996,0.9252028465270996,0.06717372670431977
266,0.044428568333387375,0.9996618628501892,0.9221405386924744,0.9264705777168274,0.06381392312503623
267,0.04709315672516823,0.9997463822364807,0.9234086275100708,0.9259634613990784,0.06723952702184094
268,0.04444604367017746,0.9997463822364807,0.9249302744865417,0.9241886138916016,0.06205594786128201
269,0.04740013927221298,0.9997463822364807,0.9254375100135803,0.9272311925888062,0.06882670229288948
270,0.04594552516937256,0.9994083046913147,0.9261983633041382,0.9249492883682251,0.06781072926005823
271,0.04501688852906227,0.9994928240776062,0.9246766567230225,0.9259634613990784,0.06584314640828341
272,0.04326210916042328,0.9994083046913147,0.9246766567230225,0.9282454252243042,0.06148045593944653
273,0.04681282117962837,0.9994083046913147,0.9259447455406189,0.929006040096283,0.0663601868028401
274,0.045229554176330566,0.9994083046913147,0.9231550097465515,0.929006040096283,0.06431335355352451
275,0.04226977005600929,0.9995773434638977,0.9206188321113586,0.9279918670654297,0.060743652896019754
276,0.046184442937374115,0.9997463822364807,0.9229013919830322,0.9282454252243042,0.0651005188368648
277,0.0456698052585125,0.9996618628501892,0.9231550097465515,0.929513156414032,0.06345025353786954
278,0.04376082494854927,0.999830961227417,0.9254375100135803,0.9287525415420532,0.06198180708895049
279,0.04671318829059601,0.9997463822364807,0.9261983633041382,0.9262170195579529,0.06310848840708674
280,0.045549944043159485,0.9999154806137085,0.9244230389595032,0.9264705777168274,0.06269991742262641
281,0.04264254495501518,0.999830961227417,0.9267055988311768,0.9257099032402039,0.060741024787375954
282,0.04320146143436432,1.0,0.9274664521217346,0.9259634613990784,0.05991450463895093
283,0.043698061257600784,0.9999154806137085,0.9249302744865417,0.9272311925888062,0.06262607675766345
284,0.04464850202202797,0.9999154806137085,0.9254375100135803,0.9277383089065552,0.06104575326130059
285,0.045313283801078796,0.9999154806137085,0.9261983633041382,0.9269776940345764,0.06335744411342165
286,0.04416337236762047,1.0,0.9231550097465515,0.9267241358757019,0.06093987530194265
287,0.04585123807191849,0.9999154806137085,0.9221405386924744,0.9279918670654297,0.06983084745268504
288,0.043736740946769714,0.9997463822364807,0.9206188321113586,0.9284989833831787,0.06325333428020473
289,0.04536828398704529,0.9995773434638977,0.9183363318443298,0.929006040096283,0.06779017946438957
290,0.04356972128152847,0.9995773434638977,0.9221405386924744,0.9272311925888062,0.06382317960186622
291,0.043216023594141006,1.0,0.9229013919830322,0.9279918670654297,0.05976616075202765
292,0.0445093959569931,1.0,0.9211260676383972,0.9269776940345764,0.060437708946612774
293,0.044336456805467606,0.9999154806137085,0.9229013919830322,0.9252028465270996,0.06509664223199758
294,0.04336366802453995,0.9999154806137085,0.9256911277770996,0.9287525415420532,0.061924596931495206
295,0.04303973913192749,0.999830961227417,0.9249302744865417,0.9272311925888062,0.06503450794024543
296,0.04487929120659828,0.999830961227417,0.9239158630371094,0.9284989833831787,0.06677932429254234
297,0.0453077033162117,0.9997463822364807,0.9254375100135803,0.9249492883682251,0.0693546773129578
298,0.0431831069290638,0.999830961227417,0.9279736876487732,0.929513156414032,0.06310141953973875
299,0.043841805309057236,0.999830961227417,0.9297489523887634,0.9272311925888062,0.06301329261032966
300,0.0466129370033741,0.999830961227417,0.928480863571167,0.9249492883682251,0.0683303383476605
301,0.04249580204486847,0.9996618628501892,0.9272128343582153,0.9272311925888062,0.062551160551356
302,0.04439671337604523,0.9997463822364807,0.925183892250061,0.9272311925888062,0.0664384913538582
303,0.044628359377384186,0.999830961227417,0.9277200698852539,0.9269776940345764,0.0649961998007055
304,0.041343409568071365,0.9997463822364807,0.9279736876487732,0.9269776940345764,0.061016412636024066
305,0.04319392889738083,0.9995773434638977,0.9264519810676575,0.9264705777168274,0.06355236396149185
306,0.04475435987114906,0.999830961227417,0.9239158630371094,0.9269776940345764,0.06525237244362063
307,0.04500459134578705,0.9996618628501892,0.9246766567230225,0.9272311925888062,0.06716319318434817
308,0.044371817260980606,0.9995773434638977,0.9272128343582153,0.929006040096283,0.06511249164289777
309,0.04352570325136185,0.9995773434638977,0.9282272458076477,0.929513156414032,0.06363831648258236
310,0.04478549212217331,0.9997463822364807,0.926959216594696,0.929513156414032,0.06510361931018875
311,0.042878810316324234,0.9999154806137085,0.9274664521217346,0.9307808876037598,0.06171770157358231
312,0.04459996148943901,0.9997463822364807,0.9282272458076477,0.9272311925888062,0.06105223866480819
313,0.044542595744132996,0.999830961227417,0.9282272458076477,0.9279918670654297,0.06432255545589245
314,0.04296807944774628,0.9999154806137085,0.9256911277770996,0.9264705777168274,0.06355711332033112
315,0.04235999658703804,1.0,0.9246766567230225,0.923935055732727,0.062005044734961594
316,0.04111548140645027,0.999830961227417,0.9267055988311768,0.9249492883682251,0.06478356192122292
317,0.04473968967795372,0.9997463822364807,0.928480863571167,0.9241886138916016,0.06585493588948932
318,0.04553849995136261,0.9996618628501892,0.9267055988311768,0.9241886138916016,0.06778687536485484
319,0.04845588654279709,0.9999154806137085,0.9287344813346863,0.9234279990196228,0.07237465744099898
320,0.04364590346813202,0.9999154806137085,0.9300025701522827,0.9244421720504761,0.06500107314214489
321,0.043005041778087616,0.9996618628501892,0.9289880990982056,0.9254563450813293,0.06484987720497046
322,0.04354940354824066,0.9996618628501892,0.9264519810676575,0.9254563450813293,0.06341245721701527
323,0.045383110642433167,0.9996618628501892,0.9261983633041382,0.9274847507476807,0.06645339740359113
324,0.04318258911371231,0.9999154806137085,0.9267055988311768,0.9284989833831787,0.06178691143581779
325,0.04580037295818329,0.9999154806137085,0.928480863571167,0.9284989833831787,0.06431276047265716
326,0.04676893353462219,0.999830961227417,0.9277200698852539,0.9262170195579529,0.06963470505205924
327,0.04292231425642967,0.9996618628501892,0.9289880990982056,0.9254563450813293,0.06372238740498035
328,0.04622908681631088,0.9996618628501892,0.930256187915802,0.9282454252243042,0.07199926035349405
329,0.04305347800254822,0.9994928240776062,0.9300025701522827,0.9252028465270996,0.06203295706668105
330,0.04351401701569557,0.9996618628501892,0.9279736876487732,0.9246957302093506,0.06455933963250672
331,0.04399457946419716,0.9996618628501892,0.9264519810676575,0.9262170195579529,0.06266642634746791
332,0.04607461765408516,0.999830961227417,0.9256911277770996,0.9249492883682251,0.06818382101686889
333,0.044217757880687714,0.999830961227417,0.9254375100135803,0.9244421720504761,0.06653147423257234
334,0.04471296817064285,0.9996618628501892,0.9259447455406189,0.9254563450813293,0.06593900940510472
335,0.044320810586214066,0.9999154806137085,0.9239158630371094,0.9252028465270996,0.06620161256956704
336,0.04465970769524574,1.0,0.9246766567230225,0.93052738904953,0.06549653034158202
337,0.0446590892970562,1.0,0.9244230389595032,0.9282454252243042,0.07151859241748162
338,0.04339652135968208,0.9997463822364807,0.9274664521217346,0.9302738308906555,0.06342196304958035
339,0.04261382296681404,0.9999154806137085,0.9289880990982056,0.9277383089065552,0.06342533195145961
340,0.0448688380420208,0.999830961227417,0.9274664521217346,0.9267241358757019,0.06669451426069384
341,0.0429871566593647,0.9999154806137085,0.9287344813346863,0.9264705777168274,0.06240395051611492
342,0.04314543306827545,0.999830961227417,0.928480863571167,0.9274847507476807,0.06753693711852661
343,0.0414474792778492,0.9999154806137085,0.9279736876487732,0.9244421720504761,0.06284395957678772
344,0.04386358708143234,0.9999154806137085,0.9282272458076477,0.9219066500663757,0.06436490820844143
345,0.04228581115603447,0.9999154806137085,0.926959216594696,0.9236814975738525,0.06280959921538992
346,0.045387133955955505,1.0,0.9264519810676575,0.923935055732727,0.06710197674261847
347,0.043798137456178665,0.9999154806137085,0.9261983633041382,0.9231744408607483,0.06562956815259188
348,0.04294969514012337,0.999830961227417,0.9279736876487732,0.9252028465270996,0.06504959797230843
349,0.04431973025202751,0.999830961227417,0.9264519810676575,0.9272311925888062,0.0648564683068621
350,0.04237298667430878,0.999830961227417,0.9274664521217346,0.9282454252243042,0.06484679259762895
351,0.04493740573525429,0.9997463822364807,0.9264519810676575,0.9267241358757019,0.0654169361908073
352,0.04261932149529457,0.9997463822364807,0.9264519810676575,0.9274847507476807,0.06418443767234136
353,0.04340169206261635,0.9997463822364807,0.9239158630371094,0.9279918670654297,0.06178781970339973
354,0.04445628821849823,0.999830961227417,0.9226477742195129,0.9249492883682251,0.06532876895293656
355,0.04435119032859802,0.9999154806137085,0.9226477742195129,0.9277383089065552,0.0731427151289518
356,0.04330146685242653,0.9999154806137085,0.9234086275100708,0.929513156414032,0.06329818981947047
357,0.04283048212528229,0.9999154806137085,0.925183892250061,0.9287525415420532,0.06451045507244718
358,0.04348193481564522,0.999830961227417,0.9261983633041382,0.9274847507476807,0.06094829116828632
359,0.04457256570458412,0.9997463822364807,0.9267055988311768,0.9292595982551575,0.06471524862700717
360,0.04305121302604675,0.9997463822364807,0.9315242767333984,0.9279918670654297,0.06258852642319335
361,0.04474976286292076,0.999830961227417,0.9322850704193115,0.9272311925888062,0.06721877898188942
362,0.046661123633384705,0.9997463822364807,0.9274664521217346,0.9262170195579529,0.0717059780453289
363,0.04299968108534813,0.999830961227417,0.9287344813346863,0.9236814975738525,0.06025853828373984
364,0.0445421040058136,0.9999154806137085,0.9261983633041382,0.9252028465270996,0.0679837183608953
365,0.04132379963994026,0.9997463822364807,0.9254375100135803,0.9267241358757019,0.06082486310841512
366,0.04273054748773575,0.999830961227417,0.9246766567230225,0.9252028465270996,0.06651900812338091
367,0.043181162327528,0.9999154806137085,0.9256911277770996,0.9244421720504761,0.06567217508453875
368,0.04461585357785225,0.9999154806137085,0.9244230389595032,0.9236814975738525,0.06920526010661342
369,0.04459257423877716,0.9997463822364807,0.9229013919830322,0.9221602082252502,0.06548696871980246
370,0.04307596758008003,0.9999154806137085,0.925183892250061,0.9254563450813293,0.0676353499493609
371,0.0410916805267334,0.999830961227417,0.9272128343582153,0.9264705777168274,0.06078893615932841
372,0.04331670701503754,0.9993237257003784,0.9259447455406189,0.9249492883682251,0.06151155499554624
373,0.04392362758517265,0.9999154806137085,0.9297489523887634,0.9252028465270996,0.07182289294060985
374,0.04153556749224663,1.0,0.928480863571167,0.9236814975738525,0.06033386655695303
375,0.04407646507024765,0.9999154806137085,0.9317778944969177,0.9224137663841248,0.06779816582738254
376,0.041129495948553085,0.9995773434638977,0.9297489523887634,0.9221602082252502,0.06220271922916792
377,0.04186147078871727,0.9994928240776062,0.9294953346252441,0.9241886138916016,0.06546859573159705
378,0.04560956358909607,0.9995773434638977,0.9300025701522827,0.9244421720504761,0.07030791721972778
379,0.042322322726249695,0.9996618628501892,0.9272128343582153,0.9254563450813293,0.06662076755424179
380,0.04427305981516838,0.9999154806137085,0.9272128343582153,0.9254563450813293,0.07365156513974631
381,0.042800042778253555,0.9997463822364807,0.9259447455406189,0.9262170195579529,0.06290354628052043
382,0.04641855135560036,0.9999154806137085,0.9272128343582153,0.9241886138916016,0.07930635694600255
383,0.04284588620066643,0.999830961227417,0.9297489523887634,0.9252028465270996,0.06412054164535634
384,0.04165734723210335,0.9999154806137085,0.9287344813346863,0.9246957302093506,0.06379657813996145
385,0.043299321085214615,0.9996618628501892,0.928480863571167,0.9249492883682251,0.0668286708181119
386,0.0426139310002327,0.9997463822364807,0.9226477742195129,0.9254563450813293,0.062111563802250094
387,0.04408901184797287,0.9996618628501892,0.9236622452735901,0.9257099032402039,0.06990855703628236
388,0.04345231503248215,0.9997463822364807,0.9244230389595032,0.9249492883682251,0.0680411899231364
389,0.04508143290877342,0.9997463822364807,0.9249302744865417,0.9229208827018738,0.06519749331648789
390,0.043382588773965836,0.9997463822364807,0.9244230389595032,0.9224137663841248,0.06316758102482285
391,0.04341191425919533,0.9999154806137085,0.9239158630371094,0.9234279990196228,0.06504923282804957
392,0.043315283954143524,0.9999154806137085,0.9229013919830322,0.9241886138916016,0.06500720317599121
393,0.04379723221063614,0.999830961227417,0.9267055988311768,0.9264705777168274,0.06662901030652094
394,0.04206302389502525,0.9996618628501892,0.9279736876487732,0.9257099032402039,0.06396119934541085
395,0.044509466737508774,0.999830961227417,0.9282272458076477,0.9264705777168274,0.06824452566406468
396,0.04407418146729469,0.999830961227417,0.9279736876487732,0.9284989833831787,0.06702853262055243
397,0.04375438392162323,0.9999154806137085,0.9249302744865417,0.9282454252243042,0.06869183616786348
398,0.04281444847583771,0.9999154806137085,0.928480863571167,0.9277383089065552,0.0652559611815926
399,0.042334966361522675,0.9994928240776062,0.928480863571167,0.9264705777168274,0.06587908121223145
400,0.04267183318734169,0.9994928240776062,0.9267055988311768,0.9229208827018738,0.06119178704047742
401,0.045159731060266495,1.0,0.9259447455406189,0.9229208827018738,0.06791158903542993
402,0.043978527188301086,1.0,0.9272128343582153,0.9249492883682251,0.0653093048962898
403,0.04368726164102554,1.0,0.925183892250061,0.9254563450813293,0.06597788114728502
404,0.04201514273881912,0.9999154806137085,0.9226477742195129,0.9236814975738525,0.06347356289165793
405,0.0424388125538826,0.9999154806137085,0.9190971851348877,0.9213995933532715,0.06287203467449369
406,0.04420040175318718,0.9999154806137085,0.9190971851348877,0.9203853607177734,0.06531709015393378
407,0.04141060635447502,1.0,0.9216333031654358,0.9203853607177734,0.06141305060080021
408,0.044591274112463,0.999830961227417,0.9223941564559937,0.9226673245429993,0.06587721813151812
409,0.042650170624256134,0.9999154806137085,0.9249302744865417,0.9236814975738525,0.06453365804374109
410,0.04252250865101814,1.0,0.925183892250061,0.9224137663841248,0.06312107221756157
411,0.04574175924062729,0.9999154806137085,0.9234086275100708,0.921653151512146,0.06931736929495617
412,0.042145635932683945,0.9999154806137085,0.9236622452735901,0.9224137663841248,0.06627093600025095
413,0.04038947448134422,0.999830961227417,0.925183892250061,0.9229208827018738,0.061530726042236306
414,0.04307762160897255,0.999830961227417,0.9292417168617249,0.9231744408607483,0.06570932780020168
415,0.04286134988069534,0.9997463822364807,0.9261983633041382,0.9221602082252502,0.06227678859190013
416,0.04184417799115181,0.999830961227417,0.925183892250061,0.9234279990196228,0.06287618311853835
417,0.04428448900580406,0.999830961227417,0.9264519810676575,0.9231744408607483,0.06714495844494159
418,0.04151218757033348,0.999830961227417,0.9264519810676575,0.9226673245429993,0.06366258166128246
419,0.040936779230833054,0.999830961227417,0.9261983633041382,0.9221602082252502,0.0629613075384961
420,0.041659511625766754,0.9997463822364807,0.9241694211959839,0.9224137663841248,0.06547832986971443
421,0.04141020029783249,0.9997463822364807,0.9249302744865417,0.9252028465270996,0.0619378670601715
422,0.0425565168261528,0.999830961227417,0.9249302744865417,0.9282454252243042,0.06453132746374612
423,0.04205610230565071,0.999830961227417,0.9246766567230225,0.9272311925888062,0.06344373645421002
424,0.04170636087656021,0.999830961227417,0.9264519810676575,0.9287525415420532,0.06365297293608364
425,0.04174382612109184,0.9997463822364807,0.9259447455406189,0.9287525415420532,0.06108080540766281
426,0.04112992808222771,0.999830961227417,0.9267055988311768,0.9267241358757019,0.06386130186354347
427,0.04288019984960556,0.999830961227417,0.9267055988311768,0.9274847507476807,0.06896770768276306
428,0.04070371389389038,0.999830961227417,0.9264519810676575,0.9287525415420532,0.06241280042429593
429,0.04076205939054489,0.9997463822364807,0.9272128343582153,0.9277383089065552,0.06145983156963378
430,0.042357176542282104,0.9997463822364807,0.9279736876487732,0.9282454252243042,0.061359593895398426
431,0.04315708577632904,0.9997463822364807,0.9256911277770996,0.9274847507476807,0.06353962004696131
432,0.04199640452861786,0.9999154806137085,0.9256911277770996,0.9284989833831787,0.06600500180677754
433,0.04260868579149246,1.0,0.9264519810676575,0.9267241358757019,0.06373705987261798
434,0.04182835668325424,0.9999154806137085,0.9264519810676575,0.9246957302093506,0.06536012171410698
435,0.04143098369240761,0.9999154806137085,0.9246766567230225,0.9259634613990784,0.06295476075084032
436,0.04190073162317276,0.999830961227417,0.9259447455406189,0.9262170195579529,0.06469927095284517
437,0.04162387549877167,0.9999154806137085,0.9267055988311768,0.9252028465270996,0.0628445964890825
438,0.04142434522509575,1.0,0.9254375100135803,0.9264705777168274,0.06501230902124865
439,0.042030900716781616,0.999830961227417,0.9259447455406189,0.9257099032402039,0.06423162276587806
440,0.04251065477728844,0.999830961227417,0.926959216594696,0.9246957302093506,0.0622848321039126
441,0.04262654855847359,0.999830961227417,0.9274664521217346,0.9279918670654297,0.06910231691260271
442,0.04261612519621849,0.9999154806137085,0.9249302744865417,0.929513156414032,0.0638527970760516
443,0.04316316545009613,0.9997463822364807,0.9274664521217346,0.929006040096283,0.06285517704638265
444,0.043751005083322525,0.9997463822364807,0.926959216594696,0.9274847507476807,0.06460340674169057
445,0.04201551899313927,0.999830961227417,0.9274664521217346,0.9252028465270996,0.06307492471681501
446,0.043355148285627365,0.999830961227417,0.9259447455406189,0.9246957302093506,0.0655979757295308
447,0.04303489625453949,1.0,0.9256911277770996,0.9224137663841248,0.06593842082201692
448,0.043559081852436066,0.9999154806137085,0.926959216594696,0.9272311925888062,0.06371824094601669
449,0.04291161894798279,0.9996618628501892,0.9241694211959839,0.9274847507476807,0.06688181543531833
450,0.042779140174388885,0.9997463822364807,0.9229013919830322,0.9272311925888062,0.06595441988150172
451,0.04241453856229782,0.999830961227417,0.9229013919830322,0.9267241358757019,0.06730895377792522
452,0.04329809173941612,0.9999154806137085,0.925183892250061,0.9267241358757019,0.06878370887019586
453,0.04160887748003006,1.0,0.9261983633041382,0.9274847507476807,0.06508066641875479
454,0.04071390628814697,0.9997463822364807,0.9229013919830322,0.9262170195579529,0.05962147071812578
455,0.04388691484928131,1.0,0.9216333031654358,0.9226673245429993,0.06982629377995428
456,0.043437182903289795,1.0,0.9223941564559937,0.9221602082252502,0.06377085520586732
457,0.04399842396378517,0.9999154806137085,0.9229013919830322,0.9234279990196228,0.06803870540599932
458,0.04093960300087929,0.999830961227417,0.9261983633041382,0.9257099032402039,0.06392505882727689
459,0.042758092284202576,0.9999154806137085,0.9312706589698792,0.923935055732727,0.06605121698968557
460,0.04415516555309296,0.9997463822364807,0.9294953346252441,0.9229208827018738,0.06796938963539981
461,0.043703582137823105,0.9997463822364807,0.926959216594696,0.9231744408607483,0.06558082037214204
462,0.041469719260931015,0.9999154806137085,0.9282272458076477,0.9213995933532715,0.06133431504759324
463,0.04187658801674843,0.999830961227417,0.928480863571167,0.9231744408607483,0.061720364528236434
464,0.04063331335783005,0.9997463822364807,0.9282272458076477,0.9236814975738525,0.06595992973050407
465,0.04178307205438614,0.9995773434638977,0.9277200698852539,0.9221602082252502,0.06080484041841334
466,0.04138939827680588,0.9996618628501892,0.9272128343582153,0.9234279990196228,0.06971638531055929
467,0.04200594127178192,0.9997463822364807,0.9292417168617249,0.9221602082252502,0.06685159121327655
468,0.04103038087487221,0.999830961227417,0.9287344813346863,0.9213995933532715,0.06627915783339676
469,0.04072307050228119,0.999830961227417,0.9279736876487732,0.9244421720504761,0.06459038259848879
470,0.04122066870331764,0.999830961227417,0.9282272458076477,0.9234279990196228,0.06281514649317385
471,0.042761996388435364,0.9999154806137085,0.9249302744865417,0.9244421720504761,0.06836314289759117
472,0.042173586785793304,1.0,0.9239158630371094,0.9254563450813293,0.061438096437010155
473,0.04329937323927879,1.0,0.9264519810676575,0.9254563450813293,0.06885485237024694
474,0.04328865185379982,1.0,0.9282272458076477,0.9213995933532715,0.06696713035574417
475,0.04223380237817764,1.0,0.9264519810676575,0.9219066500663757,0.06561491214151088
476,0.04205714911222458,0.9999154806137085,0.9267055988311768,0.9249492883682251,0.06634498884599929
477,0.04103917255997658,0.9999154806137085,0.9259447455406189,0.9252028465270996,0.0624495181872867
478,0.04142635315656662,1.0,0.9274664521217346,0.9241886138916016,0.06458534734602965
479,0.04135848954319954,1.0,0.9272128343582153,0.923935055732727,0.06345893497328466
480,0.0399460606276989,0.9999154806137085,0.9277200698852539,0.9244421720504761,0.06011773776031651
481,0.043901629745960236,0.999830961227417,0.928480863571167,0.9269776940345764,0.06526453249217938
482,0.04119901731610298,0.999830961227417,0.9279736876487732,0.9244421720504761,0.0628174234917842
483,0.040195126086473465,0.999830961227417,0.926959216594696,0.9254563450813293,0.059758357103823614
484,0.041601646691560745,0.9997463822364807,0.9287344813346863,0.9234279990196228,0.0635414960332811
485,0.04058543220162392,0.9999154806137085,0.9294953346252441,0.923935055732727,0.0626513213952661
486,0.04205315560102463,0.999830961227417,0.9292417168617249,0.9267241358757019,0.06443501032759281
487,0.040741126984357834,0.999830961227417,0.9292417168617249,0.9272311925888062,0.06328269383416267
488,0.04143914580345154,0.9996618628501892,0.9292417168617249,0.9287525415420532,0.06353667875541182
489,0.04135378077626228,0.999830961227417,0.9279736876487732,0.9282454252243042,0.06797468569429421
490,0.04212203994393349,0.9995773434638977,0.9274664521217346,0.9244421720504761,0.06425046082951127
491,0.0420854389667511,0.9996618628501892,0.9249302744865417,0.9224137663841248,0.06514780461098163
492,0.0443737767636776,0.9999154806137085,0.925183892250061,0.9236814975738525,0.07211525407549252
493,0.04230203106999397,0.9997463822364807,0.9244230389595032,0.9246957302093506,0.0704587638031426
494,0.04267324134707451,0.999830961227417,0.928480863571167,0.9272311925888062,0.0737513351079556
495,0.03867862746119499,0.999830961227417,0.9277200698852539,0.9241886138916016,0.06222216486349005
496,0.03995949774980545,0.999830961227417,0.9277200698852539,0.9259634613990784,0.06622692683237753
497,0.04223727062344551,0.9997463822364807,0.9279736876487732,0.9236814975738525,0.06573710749817095
498,0.04241746664047241,0.9999154806137085,0.9289880990982056,0.923935055732727,0.06958722030328895
499,0.04437410458922386,1.0,0.9292417168617249,0.923935055732727,0.07205426171571364
500,0.04205656796693802,1.0,0.9294953346252441,0.9241886138916016,0.0695977374232784
501,0.043850552290678024,1.0,0.9282272458076477,0.921146035194397,0.07284116504484903
502,0.041833966970443726,0.999830961227417,0.926959216594696,0.9231744408607483,0.06664358004041476
503,0.043612584471702576,0.9995773434638977,0.9264519810676575,0.9229208827018738,0.07000033326502171
504,0.042275868356227875,0.9999154806137085,0.9256911277770996,0.9226673245429993,0.06496447083581154
505,0.04332109913229942,0.999830961227417,0.928480863571167,0.9241886138916016,0.06713189402081088
506,0.04277684912085533,0.9996618628501892,0.930256187915802,0.9224137663841248,0.06821972771030968
507,0.041945382952690125,0.999830961227417,0.9300025701522827,0.9224137663841248,0.06790804063705817
508,0.042176391929388046,0.999830961227417,0.9279736876487732,0.9241886138916016,0.06264362019905571
509,0.041343268007040024,0.9999154806137085,0.9287344813346863,0.9259634613990784,0.06454309216442838
510,0.04325045645236969,0.9997463822364807,0.9300025701522827,0.9272311925888062,0.06781362626508187
511,0.04180716723203659,0.999830961227417,0.9315242767333984,0.9246957302093506,0.06361334633611583
512,0.043623246252536774,0.9999154806137085,0.9322850704193115,0.9262170195579529,0.06643367868110721
513,0.042133886367082596,0.9999154806137085,0.930256187915802,0.9254563450813293,0.06292001097979089
514,0.03957013040781021,0.9999154806137085,0.928480863571167,0.9241886138916016,0.06276983081641777
515,0.04228835925459862,0.9999154806137085,0.9292417168617249,0.9221602082252502,0.06528928735326352
516,0.041029032319784164,0.9999154806137085,0.9274664521217346,0.921653151512146,0.0635339945005543
517,0.040499038994312286,0.9999154806137085,0.9259447455406189,0.9246957302093506,0.06103296071254567
518,0.04076226055622101,0.999830961227417,0.9223941564559937,0.9262170195579529,0.0627148230728676
519,0.040094874799251556,0.9997463822364807,0.9223941564559937,0.9259634613990784,0.05987416687848853
520,0.041794631630182266,0.9999154806137085,0.9231550097465515,0.9236814975738525,0.06466745193480891
521,0.04093489050865173,1.0,0.9216333031654358,0.9244421720504761,0.062337704946638414
522,0.04151218384504318,0.999830961227417,0.9226477742195129,0.9241886138916016,0.06371210053500388
523,0.04285930469632149,0.999830961227417,0.9213796854019165,0.9236814975738525,0.06515802673522725
524,0.043644730001688004,0.9995773434638977,0.9241694211959839,0.9284989833831787,0.07048612345120545
525,0.040548957884311676,0.9995773434638977,0.9267055988311768,0.9264705777168274,0.06491263009826415
526,0.042451802641153336,0.9997463822364807,0.9287344813346863,0.9262170195579529,0.06764378174479443
527,0.04144587740302086,0.9995773434638977,0.9300025701522827,0.9246957302093506,0.06329243337014677
528,0.04246258735656738,0.9997463822364807,0.9279736876487732,0.921146035194397,0.06775253402992855
529,0.04195364564657211,0.999830961227417,0.9312706589698792,0.923935055732727,0.06983637835759823
530,0.0410090833902359,0.999830961227417,0.9307634234428406,0.9252028465270996,0.06230823526402897
531,0.04192746430635452,0.9999154806137085,0.9325386881828308,0.9259634613990784,0.06496175623939653
532,0.042367905378341675,0.9997463822364807,0.9300025701522827,0.9254563450813293,0.06579643215845304
533,0.04215354099869728,0.9997463822364807,0.9292417168617249,0.9231744408607483,0.06542130882735993
534,0.04260322451591492,0.9995773434638977,0.9287344813346863,0.9221602082252502,0.06725733753081828
535,0.043640684336423874,0.9997463822364807,0.9254375100135803,0.9221602082252502,0.06461283992953455
536,0.04211015626788139,0.9999154806137085,0.9249302744865417,0.9213995933532715,0.06626614666181221
537,0.04158581420779228,0.9997463822364807,0.9267055988311768,0.921146035194397,0.061086391536785585
538,0.044453974813222885,0.999830961227417,0.9259447455406189,0.9221602082252502,0.06587892061246653
539,0.043021805584430695,0.9997463822364807,0.9261983633041382,0.9226673245429993,0.06636832891343182
540,0.042589880526065826,0.9996618628501892,0.9254375100135803,0.9224137663841248,0.06492010023558693
541,0.04324977472424507,0.9996618628501892,0.9223941564559937,0.921146035194397,0.06598736576745155
542,0.04171618074178696,0.9999154806137085,0.919350802898407,0.9203853607177734,0.06439084682068283
543,0.043213605880737305,0.9999154806137085,0.9221405386924744,0.9208924770355225,0.06742207004097656
544,0.03973995894193649,0.9999154806137085,0.9213796854019165,0.9208924770355225,0.05968151429088591
545,0.04496122896671295,0.9999154806137085,0.919350802898407,0.921146035194397,0.07010945327779297
546,0.04344688355922699,0.999830961227417,0.9190971851348877,0.9219066500663757,0.0644174486023869
547,0.043047867715358734,0.999830961227417,0.9211260676383972,0.9221602082252502,0.06713103225847444
548,0.04291830211877823,0.9999154806137085,0.9216333031654358,0.9181033968925476,0.06332966439627846
549,0.04030642658472061,0.999830961227417,0.9221405386924744,0.921653151512146,0.06380512476001864
550,0.04485468566417694,0.999830961227417,0.9216333031654358,0.9229208827018738,0.0648212934568001
551,0.04214617982506752,0.999830961227417,0.9231550097465515,0.9254563450813293,0.06452178071792727
552,0.04044388234615326,0.999830961227417,0.9221405386924744,0.9272311925888062,0.06093009437458214
553,0.039947062730789185,0.999830961227417,0.9211260676383972,0.9272311925888062,0.06207731066281778
554,0.04141785204410553,0.999830961227417,0.9239158630371094,0.9279918670654297,0.06335299336490612
555,0.04191335663199425,1.0,0.9287344813346863,0.9264705777168274,0.0639721610608643
556,0.041376370936632156,0.9999154806137085,0.9307634234428406,0.9259634613990784,0.06545505230388461
557,0.043070580810308456,0.999830961227417,0.9289880990982056,0.9252028465270996,0.06617039358926628
558,0.04132353514432907,0.9997463822364807,0.9282272458076477,0.921146035194397,0.06332244915913984
559,0.041277091950178146,0.999830961227417,0.9267055988311768,0.921146035194397,0.06824354079342222
560,0.043755315244197845,0.9997463822364807,0.926959216594696,0.9219066500663757,0.07090630566314583
561,0.040895700454711914,0.9995773434638977,0.9264519810676575,0.9213995933532715,0.06345066543600576
562,0.04278683289885521,0.9997463822364807,0.9239158630371094,0.920638918876648,0.06403640073674095
563,0.04323767498135567,0.999830961227417,0.9244230389595032,0.921653151512146,0.0652500964291456
564,0.04233507439494133,0.9999154806137085,0.9246766567230225,0.921653151512146,0.06710491080356691
565,0.04280120134353638,0.9999154806137085,0.9223941564559937,0.9259634613990784,0.062481812229005805
566,0.04212658107280731,0.9999154806137085,0.9223941564559937,0.9236814975738525,0.06463221891192919
567,0.04055926576256752,0.9999154806137085,0.9213796854019165,0.9231744408607483,0.06150479460887595
568,0.04309524595737457,0.9999154806137085,0.9261983633041382,0.9221602082252502,0.07528687777383056
569,0.03938017785549164,0.999830961227417,0.9256911277770996,0.9229208827018738,0.05952851413245827
570,0.04287128895521164,0.9997463822364807,0.9259447455406189,0.9254563450813293,0.06791804507581668
571,0.04145573079586029,0.9999154806137085,0.926959216594696,0.9244421720504761,0.06426772216594041
572,0.04413158446550369,1.0,0.9267055988311768,0.9252028465270996,0.07054206036897111
573,0.0413987897336483,0.9999154806137085,0.9292417168617249,0.9269776940345764,0.06143697364562258
574,0.04144928231835365,0.9999154806137085,0.9289880990982056,0.9254563450813293,0.060731707891258355
575,0.04163769260048866,0.999830961227417,0.9300025701522827,0.9244421720504761,0.06434806378973502
576,0.042563680559396744,1.0,0.9297489523887634,0.9272311925888062,0.06736577086314607
577,0.04222911596298218,1.0,0.9287344813346863,0.9259634613990784,0.06644079883254585
578,0.04057648032903671,0.9999154806137085,0.9289880990982056,0.9229208827018738,0.06141115762708194
579,0.041917163878679276,0.9997463822364807,0.9272128343582153,0.9226673245429993,0.06425027116025131
580,0.04248470440506935,0.999830961227417,0.9261983633041382,0.9254563450813293,0.06565166173203446
581,0.04104248806834221,1.0,0.9231550097465515,0.9262170195579529,0.06069402659646131
582,0.04262782633304596,0.999830961227417,0.9218869209289551,0.9262170195579529,0.06945678253473725
583,0.04232916980981827,0.9994928240776062,0.9236622452735901,0.9249492883682251,0.06422459533889947
584,0.04355515167117119,0.999830961227417,0.9216333031654358,0.9229208827018738,0.06738946318497224
585,0.040018096566200256,0.999830961227417,0.9236622452735901,0.9244421720504761,0.06006800556422143
586,0.04238425940275192,0.9997463822364807,0.9229013919830322,0.9241886138916016,0.06494927951341348
587,0.04171227291226387,0.999830961227417,0.9254375100135803,0.9257099032402039,0.06696700643726844
588,0.04210503399372101,0.999830961227417,0.926959216594696,0.9267241358757019,0.06506690321515682
589,0.04028986766934395,0.9999154806137085,0.9254375100135803,0.9257099032402039,0.060328958496575186
590,0.04163500294089317,0.9999154806137085,0.9246766567230225,0.9236814975738525,0.06586430557844843
591,0.03948003798723221,0.9999154806137085,0.9236622452735901,0.9241886138916016,0.06030475407632262
592,0.04172053188085556,0.9999154806137085,0.9216333031654358,0.9249492883682251,0.06766664855740782
593,0.04037466272711754,0.9999154806137085,0.9211260676383972,0.9234279990196228,0.05890182824844774
594,0.042587317526340485,1.0,0.9221405386924744,0.9244421720504761,0.06799270188416688
595,0.04236795753240585,0.9999154806137085,0.9244230389595032,0.923935055732727,0.0665425026125836
596,0.041328269988298416,0.9999154806137085,0.9229013919830322,0.9229208827018738,0.06456619286253298
597,0.04229876771569252,0.9999154806137085,0.9244230389595032,0.9244421720504761,0.06698754830956405
598,0.04271464794874191,0.9999154806137085,0.9246766567230225,0.9257099032402039,0.06421878998312683
599,0.04366707801818848,0.9999154806137085,0.9229013919830322,0.9264705777168274,0.06800247195608705
600,0.03994248807430267,0.9999154806137085,0.9226477742195129,0.9241886138916016,0.06266731983417508
601,0.042468659579753876,0.999830961227417,0.9218869209289551,0.923935055732727,0.06498062127040742
602,0.04239845648407936,0.999830961227417,0.9236622452735901,0.9236814975738525,0.07321146776210695
603,0.04195846617221832,0.9997463822364807,0.9236622452735901,0.9241886138916016,0.06310563662439508
604,0.042271096259355545,0.9997463822364807,0.9254375100135803,0.9257099032402039,0.06903849760859024
605,0.04322715476155281,0.9994928240776062,0.9267055988311768,0.9254563450813293,0.06896384469316044
606,0.04236016795039177,0.999830961227417,0.9282272458076477,0.9284989833831787,0.0672603208835774
607,0.04111366719007492,0.9999154806137085,0.9294953346252441,0.9246957302093506,0.06399867474329525
608,0.04480189085006714,0.9999154806137085,0.9305098056793213,0.9259634613990784,0.07104764808551552
609,0.044582441449165344,1.0,0.9267055988311768,0.9246957302093506,0.0721235610101901
610,0.041190046817064285,1.0,0.9264519810676575,0.9257099032402039,0.06566980709459254
611,0.04222729802131653,0.999830961227417,0.9241694211959839,0.9224137663841248,0.06833237431156866
612,0.041921451687812805,0.9996618628501892,0.9274664521217346,0.9234279990196228,0.07248754301415228
613,0.043741218745708466,0.9996618628501892,0.9289880990982056,0.9249492883682251,0.06958860641268318
614,0.04271010309457779,0.9995773434638977,0.9254375100135803,0.921146035194397,0.07087792597754772
615,0.04318608343601227,0.9995773434638977,0.9261983633041382,0.9246957302093506,0.06873032715539144
616,0.043005913496017456,0.9997463822364807,0.9241694211959839,0.9224137663841248,0.06955816486965864
617,0.040933988988399506,0.9999154806137085,0.9234086275100708,0.9257099032402039,0.06258297507894102
618,0.043390076607465744,1.0,0.9267055988311768,0.9254563450813293,0.0666280042450447
619,0.04138270765542984,1.0,0.925183892250061,0.9252028465270996,0.06250258494877792
620,0.043220411986112595,0.9999154806137085,0.9264519810676575,0.923935055732727,0.06845361251458325
621,0.04181116819381714,0.9999154806137085,0.9256911277770996,0.9257099032402039,0.06772107751325915
622,0.04126102849841118,0.9999154806137085,0.9264519810676575,0.9249492883682251,0.06489245676886979
623,0.04178326949477196,0.9999154806137085,0.9277200698852539,0.9231744408607483,0.06654857727108181
624,0.04088820144534111,0.9997463822364807,0.9246766567230225,0.9229208827018738,0.061009477879904184
625,0.04391976445913315,0.9996618628501892,0.925183892250061,0.9219066500663757,0.06688897235397089
626,0.04096367582678795,0.9994928240776062,0.9221405386924744,0.9257099032402039,0.06351971334681596
627,0.04236737638711929,0.9995773434638977,0.9221405386924744,0.9229208827018738,0.0636250497162229
628,0.04086344316601753,0.9996618628501892,0.9231550097465515,0.9259634613990784,0.061593370724031773
629,0.039680130779743195,0.9996618628501892,0.9221405386924744,0.9252028465270996,0.05962864668717729
630,0.04094181954860687,0.9997463822364807,0.9246766567230225,0.923935055732727,0.06312900254561311
631,0.041410669684410095,0.9997463822364807,0.9267055988311768,0.9241886138916016,0.06142461360870813
632,0.041769977658987045,0.9999154806137085,0.9287344813346863,0.9257099032402039,0.0653330220431398
633,0.04128364473581314,0.9999154806137085,0.9274664521217346,0.9254563450813293,0.0616132097671443
634,0.04300960525870323,0.9999154806137085,0.926959216594696,0.923935055732727,0.06571261033250078
635,0.04043760150671005,0.9999154806137085,0.9221405386924744,0.9234279990196228,0.06079079067840142
636,0.04012919217348099,0.9996618628501892,0.9218869209289551,0.9201318025588989,0.05936661665762101
637,0.0430465005338192,0.9997463822364807,0.9246766567230225,0.9193711876869202,0.06764396041315891
638,0.04022500663995743,0.999830961227417,0.9254375100135803,0.9231744408607483,0.05910975193536648
639,0.04092516005039215,0.999830961227417,0.9244230389595032,0.9241886138916016,0.06682375557674722
640,0.04150838404893875,0.9997463822364807,0.9231550097465515,0.9246957302093506,0.06373437603014588
641,0.03941644728183746,0.9997463822364807,0.9272128343582153,0.923935055732727,0.06127208527701766
642,0.04030658304691315,0.9999154806137085,0.926959216594696,0.9246957302093506,0.061658382207430446
643,0.04116816446185112,0.9999154806137085,0.9246766567230225,0.9252028465270996,0.06572251877572338
644,0.03931140899658203,1.0,0.9274664521217346,0.9231744408607483,0.06264818992764723
645,0.04068543016910553,1.0,0.9261983633041382,0.9226673245429993,0.06214431077006752
646,0.04037812352180481,1.0,0.9234086275100708,0.9231744408607483,0.06346950977860245
647,0.042222004383802414,0.999830961227417,0.9249302744865417,0.9234279990196228,0.06592044978805126
648,0.04395923763513565,0.9997463822364807,0.9236622452735901,0.9226673245429993,0.06842231983105844
649,0.039728257805109024,0.999830961227417,0.9264519810676575,0.923935055732727,0.06268448803587817
650,0.04133035987615585,0.999830961227417,0.9261983633041382,0.9224137663841248,0.0645776113874313
651,0.04050399363040924,0.999830961227417,0.9249302744865417,0.9236814975738525,0.06645550524390954
652,0.040407996624708176,0.9995773434638977,0.9226477742195129,0.923935055732727,0.06038641400177697
653,0.04000920429825783,0.999830961227417,0.9259447455406189,0.9249492883682251,0.06623524697253289
654,0.04008113220334053,0.9999154806137085,0.9239158630371094,0.9229208827018738,0.06533815237941609
655,0.04210282489657402,0.9999154806137085,0.9226477742195129,0.9236814975738525,0.06526196098935012
656,0.04061278700828552,0.999830961227417,0.9216333031654358,0.9267241358757019,0.06297846721259029
657,0.04266904294490814,1.0,0.9226477742195129,0.9254563450813293,0.07036908050505059
658,0.040643882006406784,0.9999154806137085,0.9234086275100708,0.9267241358757019,0.06252330983231132
659,0.04239676520228386,1.0,0.926959216594696,0.9267241358757019,0.06741760375961997
660,0.03916235640645027,0.9994928240776062,0.9231550097465515,0.9252028465270996,0.058779791104087015
661,0.04240379482507706,0.9997463822364807,0.925183892250061,0.9246957302093506,0.07311431401531136
662,0.04395025968551636,0.9997463822364807,0.9267055988311768,0.9213995933532715,0.07088310949329993
663,0.040810808539390564,0.9995773434638977,0.9274664521217346,0.9224137663841248,0.06769827835489675
664,0.03930358216166496,0.9996618628501892,0.9259447455406189,0.9213995933532715,0.06185255931510131
665,0.04059484973549843,0.9996618628501892,0.9274664521217346,0.9236814975738525,0.06641591965077563
666,0.04185909777879715,0.9999154806137085,0.9267055988311768,0.9213995933532715,0.06908898583865501
667,0.04047985002398491,0.9999154806137085,0.9261983633041382,0.9219066500663757,0.06528149214487951
668,0.04190658777952194,1.0,0.9236622452735901,0.9224137663841248,0.06942738049625265
669,0.040531862527132034,1.0,0.9226477742195129,0.9236814975738525,0.06275867575980501
670,0.04215874895453453,1.0,0.9208724498748779,0.9224137663841248,0.06725527159681081
671,0.04036930575966835,1.0,0.9229013919830322,0.9224137663841248,0.06113626170121308
672,0.04312003776431084,1.0,0.9206188321113586,0.923935055732727,0.06880909875442476
673,0.04239828884601593,0.9999154806137085,0.9239158630371094,0.9226673245429993,0.06787130169844538
674,0.040733806788921356,1.0,0.9246766567230225,0.9226673245429993,0.0654889122061136
675,0.040912315249443054,0.9996618628501892,0.9249302744865417,0.921146035194397,0.06634774781459928
676,0.04133465513586998,0.9994928240776062,0.9244230389595032,0.9196247458457947,0.06666930103648623
677,0.040172990411520004,0.9996618628501892,0.9236622452735901,0.921146035194397,0.0621878408879446
678,0.04079760983586311,0.9996618628501892,0.9231550097465515,0.9244421720504761,0.06557993590116153
679,0.04097992926836014,0.9995773434638977,0.9236622452735901,0.9241886138916016,0.061486543092263125
680,0.039258770644664764,0.9996618628501892,0.9246766567230225,0.923935055732727,0.06291498004662859
681,0.044687576591968536,0.9997463822364807,0.9272128343582153,0.9257099032402039,0.06809938482876234
682,0.0439661368727684,0.999830961227417,0.9256911277770996,0.9269776940345764,0.06750086101783849
683,0.042488664388656616,0.9997463822364807,0.9234086275100708,0.9254563450813293,0.06716678133222134
684,0.04063539206981659,0.9999154806137085,0.9229013919830322,0.9262170195579529,0.06368259871892333
685,0.04303640127182007,1.0,0.9256911277770996,0.9257099032402039,0.06922825500528448
686,0.04119086638092995,1.0,0.9274664521217346,0.9267241358757019,0.06199079114583944
687,0.04307549074292183,1.0,0.9241694211959839,0.9264705777168274,0.06753835076620543
688,0.043111059814691544,1.0,0.9254375100135803,0.9252028465270996,0.0692752011023712
689,0.04041200503706932,0.999830961227417,0.9261983633041382,0.9246957302093506,0.06416957037835425
690,0.041421569883823395,0.9997463822364807,0.9249302744865417,0.9257099032402039,0.06353928368381852
691,0.041997022926807404,0.9996618628501892,0.9256911277770996,0.921146035194397,0.06219673610779503
692,0.04303986206650734,0.9997463822364807,0.9274664521217346,0.9224137663841248,0.06886849491981628
693,0.04279899597167969,0.9995773434638977,0.9259447455406189,0.923935055732727,0.06859200580431647
694,0.04040016233921051,0.9999154806137085,0.9256911277770996,0.9252028465270996,0.065395148236967
695,0.04114247113466263,0.9999154806137085,0.9249302744865417,0.9246957302093506,0.06463281391086145
696,0.041986919939517975,0.999830961227417,0.9234086275100708,0.9234279990196228,0.06495354550740624
697,0.042880404740571976,0.999830961227417,0.9223941564559937,0.9224137663841248,0.06920386908876115
698,0.04095788672566414,0.9995773434638977,0.919350802898407,0.9224137663841248,0.06394098953502524
699,0.043815240263938904,0.9997463822364807,0.9231550097465515,0.921653151512146,0.0721171388408298
700,0.04096531495451927,0.9997463822364807,0.9229013919830322,0.9221602082252502,0.0661047557341312
701,0.04058622196316719,0.999830961227417,0.9221405386924744,0.9221602082252502,0.06438696067568762
702,0.044001828879117966,0.999830961227417,0.9216333031654358,0.9246957302093506,0.0679144690268153
703,0.040956396609544754,0.9997463822364807,0.9229013919830322,0.9246957302093506,0.0627329626676607
704,0.04242239147424698,0.9999154806137085,0.9221405386924744,0.9259634613990784,0.06937519780481671
705,0.04243827983736992,0.999830961227417,0.9211260676383972,0.9259634613990784,0.06345033941895861
706,0.04224470257759094,0.9999154806137085,0.9221405386924744,0.9241886138916016,0.06590217024965131
707,0.04168320447206497,0.999830961227417,0.9246766567230225,0.9244421720504761,0.06380666307880335
708,0.043187595903873444,0.9996618628501892,0.9261983633041382,0.9241886138916016,0.06839536304373256
709,0.039387013763189316,0.9997463822364807,0.9264519810676575,0.9254563450813293,0.06374424453791824
710,0.04093047231435776,0.999830961227417,0.9256911277770996,0.9257099032402039,0.0640974178711033
711,0.04321543499827385,0.9999154806137085,0.9246766567230225,0.9252028465270996,0.0726240078934351
712,0.04155624285340309,0.999830961227417,0.9244230389595032,0.9246957302093506,0.06542809042215607
713,0.04102569445967674,0.9997463822364807,0.9236622452735901,0.9246957302093506,0.06888313105216506
714,0.04201512783765793,0.999830961227417,0.9272128343582153,0.9241886138916016,0.06996749976892408
715,0.042960815131664276,0.9999154806137085,0.9256911277770996,0.9229208827018738,0.06950011406583274
716,0.04063650965690613,0.9997463822364807,0.9216333031654358,0.923935055732727,0.06623349509982687
717,0.043227750808000565,0.9994928240776062,0.9231550097465515,0.9249492883682251,0.06799143616129431
718,0.03935129567980766,0.9996618628501892,0.9244230389595032,0.9269776940345764,0.06409785837151
719,0.04351384937763214,0.9999154806137085,0.9254375100135803,0.9257099032402039,0.07054263342730055
720,0.03947553038597107,1.0,0.9234086275100708,0.9241886138916016,0.057664263567790114
721,0.04141109809279442,0.999830961227417,0.9229013919830322,0.9229208827018738,0.06654793808234694
722,0.03969421982765198,0.999830961227417,0.9211260676383972,0.9231744408607483,0.0628819677094018
723,0.044530224055051804,0.9999154806137085,0.9231550097465515,0.9241886138916016,0.06930317067452604
724,0.04240588843822479,0.999830961227417,0.9246766567230225,0.923935055732727,0.06608424201555572
725,0.039988040924072266,0.999830961227417,0.925183892250061,0.9203853607177734,0.06392956992662396
726,0.041891973465681076,0.9997463822364807,0.9279736876487732,0.9219066500663757,0.0674989071823846
727,0.040266115218400955,0.9996618628501892,0.9264519810676575,0.9229208827018738,0.06563484418085395
728,0.04273770749568939,0.999830961227417,0.9256911277770996,0.9262170195579529,0.06780792452597662
729,0.04251471906900406,0.9997463822364807,0.9256911277770996,0.9267241358757019,0.06691179990197331
730,0.04340548813343048,0.9995773434638977,0.9287344813346863,0.929006040096283,0.06931897827465369
731,0.04197012260556221,0.9995773434638977,0.9272128343582153,0.9302738308906555,0.0650404787307461
732,0.03990612179040909,0.9997463822364807,0.9289880990982056,0.9287525415420532,0.06137410249631006
733,0.03980028256773949,0.9996618628501892,0.930256187915802,0.9284989833831787,0.06083299483675249
734,0.039665427058935165,1.0,0.928480863571167,0.9272311925888062,0.060098196690545676
735,0.044000085443258286,1.0,0.9274664521217346,0.9241886138916016,0.06889126291785805
736,0.04229142516851425,0.999830961227417,0.9292417168617249,0.9257099032402039,0.0670417474926194
737,0.03997443988919258,0.999830961227417,0.928480863571167,0.9231744408607483,0.0619278729761971
738,0.04044526070356369,0.9999154806137085,0.9292417168617249,0.9236814975738525,0.0632148252086053
739,0.042729075998067856,1.0,0.928480863571167,0.9234279990196228,0.06647365180006538
740,0.038197118788957596,0.9999154806137085,0.9294953346252441,0.9234279990196228,0.057623923399941546
741,0.040741752833127975,0.999830961227417,0.9282272458076477,0.9241886138916016,0.06455986094342057
742,0.039891719818115234,0.999830961227417,0.9261983633041382,0.9244421720504761,0.06621316421748015
743,0.041174523532390594,0.9999154806137085,0.9264519810676575,0.9231744408607483,0.06409977660890684
744,0.04055001214146614,0.9999154806137085,0.9246766567230225,0.9269776940345764,0.06525803494860194
745,0.039921365678310394,0.9999154806137085,0.9261983633041382,0.9259634613990784,0.0653051078803702
746,0.04232899472117424,0.999830961227417,0.9279736876487732,0.9259634613990784,0.06964272695645374
747,0.04060930386185646,0.9999154806137085,0.9307634234428406,0.9267241358757019,0.06464603414057365
748,0.04222862422466278,0.9997463822364807,0.9325386881828308,0.9264705777168274,0.06815757637668235
749,0.041442468762397766,0.9997463822364807,0.9282272458076477,0.9231744408607483,0.06524112419715992
750,0.04004616290330887,0.9995773434638977,0.9256911277770996,0.9241886138916016,0.060317097932378556
751,0.041522108018398285,0.9995773434638977,0.9279736876487732,0.9267241358757019,0.06897854300289773
752,0.039457425475120544,0.9997463822364807,0.9282272458076477,0.9244421720504761,0.06317851611536549
753,0.03906523436307907,0.9997463822364807,0.928480863571167,0.9244421720504761,0.058878316548779154
754,0.04105730727314949,0.999830961227417,0.9267055988311768,0.9257099032402039,0.06974186779179192
755,0.04235021024942398,0.999830961227417,0.9234086275100708,0.9259634613990784,0.06749553374109582
756,0.039627160876989365,1.0,0.9221405386924744,0.9213995933532715,0.06497533889345082
757,0.0402238704264164,0.9999154806137085,0.9241694211959839,0.920638918876648,0.06545585212707287
758,0.038705479353666306,0.9999154806137085,0.9246766567230225,0.920638918876648,0.061256784929269885
759,0.04041632264852524,0.9997463822364807,0.925183892250061,0.9236814975738525,0.07215099592725754
760,0.04076681658625603,0.9995773434638977,0.9208724498748779,0.9241886138916016,0.06415486736907539
761,0.040735695511102676,0.9997463822364807,0.9229013919830322,0.9252028465270996,0.06934445419735369
762,0.03795348107814789,0.9996618628501892,0.9264519810676575,0.9264705777168274,0.0594737098390222
763,0.04419047012925148,0.999830961227417,0.9277200698852539,0.9257099032402039,0.07749586517963614
764,0.042740125209093094,0.9999154806137085,0.9254375100135803,0.9241886138916016,0.06928918645680043
765,0.03987674415111542,0.9999154806137085,0.9244230389595032,0.9229208827018738,0.06501582834332846
766,0.03922145813703537,1.0,0.9287344813346863,0.9241886138916016,0.06932574829224257
767,0.04092363640666008,1.0,0.9310170412063599,0.9262170195579529,0.06950462676573937
768,0.040725018829107285,0.9997463822364807,0.928480863571167,0.9277383089065552,0.06631042711915196
769,0.04039059579372406,0.999830961227417,0.9259447455406189,0.9249492883682251,0.06179346371376794
770,0.040736328810453415,0.9997463822364807,0.9282272458076477,0.9246957302093506,0.06562198685395687
771,0.04309236630797386,1.0,0.926959216594696,0.9246957302093506,0.06368921821713218
772,0.04072617366909981,1.0,0.9310170412063599,0.9244421720504761,0.06722373314590102
773,0.03949451446533203,0.999830961227417,0.9307634234428406,0.9236814975738525,0.06575217000228939
774,0.03931723162531853,0.999830961227417,0.9254375100135803,0.9249492883682251,0.06357436431900088
775,0.04217823967337608,0.999830961227417,0.9259447455406189,0.923935055732727,0.06980907802364629
776,0.04298792779445648,0.999830961227417,0.9261983633041382,0.9234279990196228,0.0728498420849566
777,0.04140578210353851,0.999830961227417,0.9272128343582153,0.9244421720504761,0.066580604791255
778,0.042483191937208176,0.999830961227417,0.9289880990982056,0.9259634613990784,0.07095712831560913
779,0.04030546545982361,0.9997463822364807,0.9267055988311768,0.923935055732727,0.060390973428288745
780,0.040449146181344986,0.9997463822364807,0.9259447455406189,0.921146035194397,0.06221358633409057
781,0.040674593299627304,0.9999154806137085,0.9294953346252441,0.9213995933532715,0.06490929880290279
782,0.04014009237289429,0.9999154806137085,0.9277200698852539,0.921146035194397,0.0639751745569578
783,0.04151555895805359,0.9999154806137085,0.9289880990982056,0.921146035194397,0.06365594708078721
784,0.040860988199710846,1.0,0.9267055988311768,0.920638918876648,0.06481152819890282
785,0.03811785578727722,1.0,0.9256911277770996,0.9213995933532715,0.06237965217307794
786,0.0414196215569973,1.0,0.928480863571167,0.9219066500663757,0.06985264297005546
787,0.04045378044247627,0.9999154806137085,0.9261983633041382,0.9224137663841248,0.06163229247409024
788,0.04120747372508049,0.999830961227417,0.9264519810676575,0.9219066500663757,0.06671963059114985
789,0.03969013690948486,0.9999154806137085,0.926959216594696,0.921653151512146,0.06340523701952205
790,0.03751624748110771,1.0,0.9272128343582153,0.9234279990196228,0.059144384721443524
791,0.04200808331370354,0.9999154806137085,0.9274664521217346,0.9236814975738525,0.0670054214833088
792,0.040842387825250626,0.999830961227417,0.9279736876487732,0.9267241358757019,0.06680112360504475
793,0.04121930152177811,0.999830961227417,0.9254375100135803,0.9269776940345764,0.06478291705531752
794,0.041675809770822525,0.999830961227417,0.9254375100135803,0.9269776940345764,0.06532763573389004
795,0.0417693629860878,0.9997463822364807,0.926959216594696,0.9252028465270996,0.06638557036433507
796,0.03955112025141716,0.9997463822364807,0.9277200698852539,0.9241886138916016,0.059314869080053595
797,0.03881741687655449,0.9999154806137085,0.926959216594696,0.9241886138916016,0.06174714564739995
798,0.03955812379717827,0.999830961227417,0.9244230389595032,0.923935055732727,0.06192931086193201
799,0.04054942727088928,0.9999154806137085,0.9256911277770996,0.9241886138916016,0.06613324589792201
800,0.04172961413860321,0.9999154806137085,0.925183892250061,0.9249492883682251,0.06384447944809132
801,0.041811589151620865,0.999830961227417,0.9267055988311768,0.9244421720504761,0.06693088268254369
802,0.03867349028587341,0.9999154806137085,0.9236622452735901,0.9249492883682251,0.061945368613377655
803,0.04111884906888008,0.9999154806137085,0.9234086275100708,0.9259634613990784,0.06347480955478432
804,0.04088425636291504,0.9999154806137085,0.9239158630371094,0.9257099032402039,0.06410971344200554
805,0.03991936892271042,0.9999154806137085,0.9246766567230225,0.9236814975738525,0.0644312264916236
806,0.039174459874629974,0.9999154806137085,0.9239158630371094,0.9234279990196228,0.06226425490471531
807,0.03971302881836891,0.999830961227417,0.9234086275100708,0.923935055732727,0.0646008837027347
808,0.03995664417743683,0.9999154806137085,0.9218869209289551,0.9229208827018738,0.06628536388703392
809,0.039750922471284866,0.9999154806137085,0.9229013919830322,0.9234279990196228,0.0648083913208174
810,0.040601734071969986,1.0,0.9213796854019165,0.9259634613990784,0.0642922150255081
811,0.041973840445280075,0.999830961227417,0.9254375100135803,0.9244421720504761,0.06893041864685426
812,0.04096471890807152,0.9996618628501892,0.9282272458076477,0.9231744408607483,0.06269624952834664
813,0.04214813932776451,0.9999154806137085,0.9267055988311768,0.9241886138916016,0.06595631384662179
814,0.039019182324409485,0.999830961227417,0.9294953346252441,0.9226673245429993,0.06306128329760118
815,0.04017068073153496,0.9999154806137085,0.930256187915802,0.9244421720504761,0.06461861388945818
816,0.04092387482523918,1.0,0.926959216594696,0.9246957302093506,0.06629665574035207
817,0.043473366647958755,0.999830961227417,0.9279736876487732,0.9244421720504761,0.06991393227250133
818,0.04058647155761719,0.9999154806137085,0.9272128343582153,0.9226673245429993,0.06267061566027281
819,0.03945590555667877,0.9999154806137085,0.9277200698852539,0.9224137663841248,0.06561446957921255
820,0.041465334594249725,0.9999154806137085,0.9289880990982056,0.9219066500663757,0.06871662920016812
821,0.04117490351200104,1.0,0.9297489523887634,0.9241886138916016,0.06144562185121246
822,0.042907871305942535,1.0,0.9289880990982056,0.9259634613990784,0.06755577890492614
823,0.04209369793534279,1.0,0.9297489523887634,0.9267241358757019,0.06922655281975298
824,0.04028163105249405,1.0,0.9322850704193115,0.9259634613990784,0.06194156625113642
825,0.04108628258109093,0.9999154806137085,0.9279736876487732,0.9246957302093506,0.06489490225150349
826,0.04005769267678261,0.9999154806137085,0.9292417168617249,0.9231744408607483,0.0630140544274048
827,0.039969753473997116,0.9999154806137085,0.9274664521217346,0.9234279990196228,0.06330157374953577
828,0.04210377112030983,0.9999154806137085,0.9294953346252441,0.9221602082252502,0.06793515226852447
829,0.041389986872673035,1.0,0.9300025701522827,0.9221602082252502,0.06476640578948323
830,0.038869936019182205,0.9999154806137085,0.9277200698852539,0.9229208827018738,0.05915520558649069
831,0.04055475443601608,0.9999154806137085,0.9277200698852539,0.9259634613990784,0.06111924615674565
832,0.04086233302950859,0.999830961227417,0.9264519810676575,0.9254563450813293,0.0598359379382922
833,0.04052702337503433,0.999830961227417,0.9274664521217346,0.9221602082252502,0.06419484249034588
834,0.04201161861419678,0.9999154806137085,0.9264519810676575,0.9226673245429993,0.06859336339147731
835,0.03931477665901184,0.9999154806137085,0.9279736876487732,0.9224137663841248,0.061875525108349955
836,0.04180257022380829,0.9999154806137085,0.9282272458076477,0.9229208827018738,0.0679644290266328
837,0.040663473308086395,0.9999154806137085,0.9289880990982056,0.9224137663841248,0.06473400102346065
838,0.041858937591314316,0.9999154806137085,0.9292417168617249,0.9236814975738525,0.06862143293583348
839,0.038388803601264954,0.9999154806137085,0.9254375100135803,0.9221602082252502,0.05859378154661217
840,0.040622957050800323,0.9999154806137085,0.9244230389595032,0.9254563450813293,0.06593054384774252
841,0.04024118557572365,0.999830961227417,0.9213796854019165,0.9241886138916016,0.06307806972363882
842,0.044233549386262894,0.999830961227417,0.9261983633041382,0.9254563450813293,0.06909629210437361
843,0.04109383746981621,0.999830961227417,0.9272128343582153,0.9252028465270996,0.06263057090066831
844,0.0412466786801815,0.9996618628501892,0.9267055988311768,0.9236814975738525,0.06485764965887415
845,0.04123753309249878,0.999830961227417,0.9244230389595032,0.9229208827018738,0.06505662270003175
846,0.04158387705683708,0.9999154806137085,0.9254375100135803,0.9241886138916016,0.06589387775551345
847,0.041692886501550674,0.9999154806137085,0.925183892250061,0.9241886138916016,0.06834692904915467
848,0.03804967179894447,1.0,0.9223941564559937,0.9264705777168274,0.058939418350623704
849,0.038760386407375336,0.999830961227417,0.9239158630371094,0.9257099032402039,0.059871338179229176
850,0.04054688662290573,0.9999154806137085,0.9254375100135803,0.9231744408607483,0.0637834232630606
851,0.041213054209947586,0.9999154806137085,0.925183892250061,0.9221602082252502,0.06689218585484072
852,0.042297910898923874,0.9999154806137085,0.9267055988311768,0.9252028465270996,0.06850879533831064
853,0.04003487899899483,0.999830961227417,0.9259447455406189,0.923935055732727,0.0653391545406712
854,0.03968456760048866,0.9999154806137085,0.9241694211959839,0.9236814975738525,0.06575837762356754
855,0.03979327529668808,0.999830961227417,0.9244230389595032,0.9246957302093506,0.06265834991305809
856,0.04092741012573242,0.9997463822364807,0.9231550097465515,0.9249492883682251,0.06755554457442393
857,0.04142441600561142,0.999830961227417,0.9234086275100708,0.9284989833831787,0.06656171259801345
858,0.04202456772327423,0.9996618628501892,0.925183892250061,0.9267241358757019,0.06593354700177083
859,0.039693474769592285,0.9995773434638977,0.9249302744865417,0.9254563450813293,0.06146138539213518
860,0.039032869040966034,0.999830961227417,0.9249302744865417,0.9249492883682251,0.06319635242073383
861,0.04006066545844078,0.999830961227417,0.9239158630371094,0.9282454252243042,0.06160861226079878
862,0.041066303849220276,0.9999154806137085,0.9241694211959839,0.930020272731781,0.06903048991531383
863,0.04272034391760826,0.9999154806137085,0.9256911277770996,0.9272311925888062,0.06903536009227544
864,0.041807204484939575,0.9999154806137085,0.9259447455406189,0.929006040096283,0.06452141523401636
865,0.041632186621427536,1.0,0.9287344813346863,0.9279918670654297,0.06377716220934815
866,0.041489552706480026,1.0,0.9282272458076477,0.9274847507476807,0.06541050643533128
867,0.04141438379883766,0.9999154806137085,0.9259447455406189,0.9272311925888062,0.06534650346409279
868,0.041875943541526794,0.999830961227417,0.9198580384254456,0.9264705777168274,0.0674675117995033
869,0.04019373655319214,0.999830961227417,0.9201115965843201,0.9254563450813293,0.06858060341124006
870,0.03976846858859062,0.999830961227417,0.9206188321113586,0.9252028465270996,0.062211169047016505
871,0.043215613812208176,0.9999154806137085,0.9244230389595032,0.9246957302093506,0.06707716181205531
872,0.04119705408811569,1.0,0.9239158630371094,0.9229208827018738,0.06556224828547738
873,0.04154462739825249,0.9999154806137085,0.9249302744865417,0.9219066500663757,0.06314013091125993
874,0.042173441499471664,0.999830961227417,0.9231550097465515,0.9198782444000244,0.06980001207238029
875,0.04031896963715553,0.999830961227417,0.9239158630371094,0.9198782444000244,0.06483599428611274
876,0.041053712368011475,0.9999154806137085,0.9246766567230225,0.9213995933532715,0.06277250536858632
877,0.040523674339056015,0.9999154806137085,0.9256911277770996,0.9241886138916016,0.06550742457374273
878,0.04143751412630081,1.0,0.9234086275100708,0.9244421720504761,0.06342297128820151
879,0.041398752480745316,0.9999154806137085,0.9254375100135803,0.9236814975738525,0.06910425081314005
880,0.04025978967547417,0.9999154806137085,0.9244230389595032,0.9262170195579529,0.062135873411636615
881,0.04075371474027634,0.9999154806137085,0.9246766567230225,0.9236814975738525,0.06477260993464963
882,0.03838200122117996,0.999830961227417,0.9239158630371094,0.921653151512146,0.06156179431478897
883,0.040564581751823425,0.9999154806137085,0.9264519810676575,0.9249492883682251,0.06623449997812589
884,0.04166030511260033,1.0,0.926959216594696,0.9244421720504761,0.06794537459994245
885,0.04216797649860382,0.999830961227417,0.9282272458076477,0.923935055732727,0.07052731602595566
886,0.03923727944493294,0.9997463822364807,0.9322850704193115,0.9213995933532715,0.06198155394713706
887,0.04271641746163368,0.9999154806137085,0.9307634234428406,0.9219066500663757,0.0696254719137147
888,0.041645318269729614,1.0,0.9289880990982056,0.9201318025588989,0.06385380778300269
889,0.040290869772434235,1.0,0.9300025701522827,0.9201318025588989,0.06323171412522298
890,0.04248011112213135,0.9997463822364807,0.9287344813346863,0.9219066500663757,0.06730904075615798
891,0.042574141174554825,0.9997463822364807,0.9289880990982056,0.9229208827018738,0.06538473823419073
892,0.04236965626478195,0.9999154806137085,0.9289880990982056,0.9264705777168274,0.06359576733832109
893,0.04043865203857422,1.0,0.926959216594696,0.9257099032402039,0.06208265772168466
894,0.041725900024175644,1.0,0.9272128343582153,0.9257099032402039,0.06452359669257005
895,0.041494447737932205,1.0,0.9267055988311768,0.9254563450813293,0.06458253337768058
896,0.03950539976358414,1.0,0.9254375100135803,0.9246957302093506,0.0611741413020048
897,0.038882769644260406,1.0,0.9254375100135803,0.9267241358757019,0.06022736682214066
898,0.040232330560684204,1.0,0.9236622452735901,0.9269776940345764,0.06350890901717483
899,0.04051283001899719,1.0,0.9241694211959839,0.9252028465270996,0.05898529683468351
900,0.040139246731996536,1.0,0.9223941564559937,0.9259634613990784,0.06198649877785246
901,0.03955666720867157,1.0,0.9226477742195129,0.9257099032402039,0.061027762047101385
902,0.040933556854724884,0.999830961227417,0.9241694211959839,0.9264705777168274,0.06712909057441693
903,0.0418173149228096,0.999830961227417,0.925183892250061,0.9274847507476807,0.0633019681258656
904,0.03987853229045868,1.0,0.925183892250061,0.9241886138916016,0.06328465654013325
905,0.039456672966480255,0.9999154806137085,0.9223941564559937,0.9262170195579529,0.06465426378254568
906,0.038545988500118256,0.9999154806137085,0.9236622452735901,0.9262170195579529,0.06284065411039987
907,0.040432337671518326,0.999830961227417,0.9256911277770996,0.9259634613990784,0.06295991878134784
908,0.04019788280129433,0.999830961227417,0.9236622452735901,0.9234279990196228,0.06277061614389422
909,0.039648160338401794,0.9999154806137085,0.9223941564559937,0.9234279990196228,0.06191568000139829
910,0.04053906723856926,0.999830961227417,0.9231550097465515,0.9234279990196228,0.06404513858449724
911,0.039731334894895554,0.999830961227417,0.9216333031654358,0.9272311925888062,0.06382947553526518
912,0.04110848903656006,0.9997463822364807,0.9218869209289551,0.9246957302093506,0.06648307123810897
913,0.04279742389917374,0.9999154806137085,0.9216333031654358,0.9244421720504761,0.06557499497881493
914,0.0404728464782238,1.0,0.925183892250061,0.9229208827018738,0.06451096578700974
915,0.038055554032325745,0.9999154806137085,0.925183892250061,0.9234279990196228,0.057167703458870574
916,0.04105425253510475,0.999830961227417,0.9256911277770996,0.9219066500663757,0.06404835996469643
917,0.04041968286037445,0.999830961227417,0.9274664521217346,0.9241886138916016,0.0659137083841485
918,0.04165041446685791,0.999830961227417,0.926959216594696,0.9234279990196228,0.06590397813710197
919,0.04114893823862076,1.0,0.9279736876487732,0.9236814975738525,0.06623870291330743
920,0.04056781902909279,0.9999154806137085,0.9272128343582153,0.9231744408607483,0.06271778893963591
921,0.03995123133063316,0.9999154806137085,0.9241694211959839,0.9244421720504761,0.0650311625305446
922,0.040977947413921356,0.999830961227417,0.9236622452735901,0.9234279990196228,0.06730328403252625
923,0.04095884785056114,0.999830961227417,0.9223941564559937,0.9226673245429993,0.06502209253229323
924,0.04236988350749016,0.999830961227417,0.9229013919830322,0.9221602082252502,0.06690004495886975
925,0.04141663759946823,0.9999154806137085,0.9239158630371094,0.921146035194397,0.0636200993390414
926,0.04026581346988678,0.9997463822364807,0.9234086275100708,0.9244421720504761,0.06471021305635226
927,0.04119126498699188,0.9996618628501892,0.925183892250061,0.9234279990196228,0.06264177386224432
928,0.04158365726470947,0.999830961227417,0.9282272458076477,0.9257099032402039,0.06856625840193083
929,0.040602125227451324,0.9997463822364807,0.9267055988311768,0.9259634613990784,0.06650199934407733
930,0.04191667214035988,0.9997463822364807,0.9249302744865417,0.9234279990196228,0.06400448559772914
931,0.0398683026432991,0.9997463822364807,0.9236622452735901,0.9221602082252502,0.06607306174332678
932,0.04056352376937866,0.999830961227417,0.9236622452735901,0.9221602082252502,0.06519760260228827
933,0.042521532624959946,0.9999154806137085,0.9223941564559937,0.9231744408607483,0.0675904434739308
934,0.04152773320674896,1.0,0.9231550097465515,0.9224137663841248,0.06311570521123597
935,0.04176350310444832,0.9999154806137085,0.9259447455406189,0.9246957302093506,0.06916432009589403
936,0.04283753037452698,0.9999154806137085,0.926959216594696,0.9249492883682251,0.0660373211284299
937,0.04091676324605942,1.0,0.9272128343582153,0.9254563450813293,0.06432287753732657
938,0.04270341619849205,1.0,0.9259447455406189,0.9249492883682251,0.0664622270620792
939,0.04067244753241539,0.999830961227417,0.9264519810676575,0.9249492883682251,0.06419506799935505
940,0.04265465959906578,0.999830961227417,0.9256911277770996,0.9279918670654297,0.06602416182242704
941,0.04231344535946846,0.9999154806137085,0.9229013919830322,0.9279918670654297,0.06132697557357016
942,0.042829230427742004,0.999830961227417,0.9234086275100708,0.9279918670654297,0.06942949786090995
943,0.040907055139541626,0.9999154806137085,0.9244230389595032,0.9257099032402039,0.06382687106323066
944,0.04309001937508583,0.9999154806137085,0.9226477742195129,0.9262170195579529,0.06887636228617389
945,0.039246976375579834,0.9999154806137085,0.9234086275100708,0.921653151512146,0.0602433234913724
946,0.042269181460142136,1.0,0.9226477742195129,0.921653151512146,0.06361095234127798
947,0.03930522873997688,1.0,0.9226477742195129,0.9231744408607483,0.062157676751697914
948,0.03994010016322136,0.9999154806137085,0.9236622452735901,0.923935055732727,0.06382592911385465
949,0.04060458019375801,0.999830961227417,0.9256911277770996,0.9267241358757019,0.06296168845527603
950,0.040120191872119904,1.0,0.9259447455406189,0.9272311925888062,0.06135191044553274
951,0.04077843204140663,0.9999154806137085,0.9261983633041382,0.9252028465270996,0.06417429417845454
952,0.040729228407144547,0.9999154806137085,0.9259447455406189,0.9246957302093506,0.06580038281066243
953,0.041069891303777695,0.9999154806137085,0.926959216594696,0.9246957302093506,0.06507812489722478
954,0.038409795612096786,0.9999154806137085,0.926959216594696,0.9257099032402039,0.06197343251930523
955,0.04005380719900131,0.9997463822364807,0.9287344813346863,0.9257099032402039,0.06590622062535158
956,0.03865136206150055,0.9999154806137085,0.9272128343582153,0.9262170195579529,0.058030692034967274
957,0.040499985218048096,0.999830961227417,0.9259447455406189,0.9249492883682251,0.061911095839251355
958,0.03818320855498314,0.999830961227417,0.9267055988311768,0.9234279990196228,0.05897405819082383
959,0.039382655173540115,0.9996618628501892,0.926959216594696,0.9236814975738525,0.0638384044057363
960,0.04055717587471008,0.9997463822364807,0.926959216594696,0.9231744408607483,0.06183140961288929
961,0.039098046720027924,0.9999154806137085,0.926959216594696,0.923935055732727,0.06185172173402488
962,0.041199661791324615,0.999830961227417,0.9256911277770996,0.9213995933532715,0.06390479370129479
963,0.03895870968699455,0.9997463822364807,0.9256911277770996,0.920638918876648,0.0630860668206506
964,0.037344951182603836,0.9997463822364807,0.9236622452735901,0.920638918876648,0.062245277493477226
965,0.03948965296149254,0.9999154806137085,0.9256911277770996,0.9221602082252502,0.06398180817599383
966,0.04123285785317421,1.0,0.9259447455406189,0.9196247458457947,0.0710148253014671
967,0.03965101018548012,0.9999154806137085,0.9246766567230225,0.9224137663841248,0.06455989894299691
968,0.03955276310443878,0.9999154806137085,0.9264519810676575,0.9272311925888062,0.07173214707717675
969,0.03856012597680092,0.999830961227417,0.926959216594696,0.9277383089065552,0.06224650253953417
970,0.04027485102415085,0.9999154806137085,0.9277200698852539,0.9279918670654297,0.06458157894034541
971,0.039962589740753174,1.0,0.9256911277770996,0.9267241358757019,0.06364602743826939
972,0.04016721248626709,1.0,0.9292417168617249,0.9244421720504761,0.06565031408273853
973,0.04211776703596115,0.999830961227417,0.9267055988311768,0.9236814975738525,0.06753116736699291
974,0.04115905612707138,1.0,0.9234086275100708,0.9226673245429993,0.06441986303330437
975,0.04128408432006836,1.0,0.9241694211959839,0.921653151512146,0.06612786898217031
976,0.040729936212301254,0.9997463822364807,0.9244230389595032,0.9249492883682251,0.06707383237764701
977,0.04278186336159706,0.9996618628501892,0.9246766567230225,0.9226673245429993,0.06596447447899259
978,0.04136807098984718,0.9994928240776062,0.9246766567230225,0.9236814975738525,0.06503106612127887
979,0.045355793088674545,0.999830961227417,0.9261983633041382,0.9226673245429993,0.07160199716414822
980,0.04253891855478287,0.9999154806137085,0.9229013919830322,0.9213995933532715,0.06663584479315483
981,0.04228730872273445,0.9999154806137085,0.9221405386924744,0.9219066500663757,0.06736342370137048
982,0.0417308546602726,0.9999154806137085,0.9221405386924744,0.9201318025588989,0.0644058150940953
983,0.04181952029466629,0.9999154806137085,0.9213796854019165,0.9219066500663757,0.06785067656055625
984,0.040313784033060074,0.9999154806137085,0.9239158630371094,0.9198782444000244,0.06498956112298261
985,0.04250907897949219,0.999830961227417,0.9244230389595032,0.921146035194397,0.06925827942678996
986,0.04283342510461807,0.9997463822364807,0.9264519810676575,0.9236814975738525,0.07005077328070626
987,0.03838295117020607,0.9995773434638977,0.9264519810676575,0.9254563450813293,0.06089871309836439
988,0.04130594804883003,0.9997463822364807,0.9254375100135803,0.9267241358757019,0.06538213286022748
989,0.04101857542991638,0.9997463822364807,0.9256911277770996,0.9236814975738525,0.06421513602543241
990,0.04282951354980469,0.999830961227417,0.9267055988311768,0.9259634613990784,0.0697916930909895
991,0.04037747532129288,0.999830961227417,0.9261983633041382,0.9249492883682251,0.06154692823654753
992,0.0418037585914135,0.9997463822364807,0.925183892250061,0.923935055732727,0.06462074219965017
993,0.04199013486504555,0.999830961227417,0.925183892250061,0.9264705777168274,0.06817401042543338
994,0.04123806953430176,0.9999154806137085,0.9254375100135803,0.9279918670654297,0.06572737626833657
995,0.03944475203752518,0.999830961227417,0.9221405386924744,0.9252028465270996,0.061875974278454565
996,0.04112710431218147,0.9999154806137085,0.9226477742195129,0.9254563450813293,0.06647792486949779
997,0.0399337075650692,0.9999154806137085,0.9211260676383972,0.9264705777168274,0.062084761837123734
998,0.040805600583553314,0.999830961227417,0.919350802898407,0.9254563450813293,0.0638435922909561
999,0.04062385857105255,0.9999154806137085,0.9221405386924744,0.921653151512146,0.06435362764761955
1000,0.04165536165237427,0.9999154806137085,0.925183892250061,0.9229208827018738,0.06943284238108825
1001,0.03936199098825455,0.999830961227417,0.9254375100135803,0.9246957302093506,0.06071175860553084
1002,0.04158258065581322,1.0,0.9236622452735901,0.9231744408607483,0.06912941122243166
1003,0.04102678596973419,0.9999154806137085,0.9218869209289551,0.9201318025588989,0.06782200610641827
1004,0.03891720250248909,1.0,0.9218869209289551,0.9224137663841248,0.06455763104618562
1005,0.043007269501686096,1.0,0.9239158630371094,0.9246957302093506,0.07056859718472074
1006,0.0412033312022686,0.9996618628501892,0.9246766567230225,0.9229208827018738,0.06428660312088369
1007,0.04454720392823219,0.9999154806137085,0.9246766567230225,0.9224137663841248,0.07434443875061725
1008,0.03990766033530235,0.9997463822364807,0.9218869209289551,0.9219066500663757,0.0610198261885287
1009,0.04052576422691345,0.999830961227417,0.925183892250061,0.9231744408607483,0.06848788673374176
1010,0.038742486387491226,0.9999154806137085,0.9229013919830322,0.9234279990196228,0.06095572154244251
1011,0.042497944086790085,0.9997463822364807,0.9231550097465515,0.9257099032402039,0.06819288904384282
1012,0.041886236518621445,0.9997463822364807,0.9211260676383972,0.929513156414032,0.06706520529338911
1013,0.04079746827483177,0.9996618628501892,0.919350802898407,0.9262170195579529,0.0645183713760118
1014,0.04114414006471634,0.9997463822364807,0.9229013919830322,0.9274847507476807,0.06701759048068119
1015,0.04091198742389679,0.999830961227417,0.9244230389595032,0.923935055732727,0.06546480036895716
1016,0.041174761950969696,0.9999154806137085,0.9259447455406189,0.9244421720504761,0.07030648354186425
1017,0.040706098079681396,0.999830961227417,0.9272128343582153,0.923935055732727,0.06455475099989502
1018,0.040513843297958374,0.9999154806137085,0.930256187915802,0.9219066500663757,0.06464020290972976
1019,0.04015689343214035,1.0,0.9277200698852539,0.9234279990196228,0.06512739949139487
1020,0.04018530994653702,1.0,0.9241694211959839,0.9208924770355225,0.06471993016256727
1021,0.041127678006887436,0.9999154806137085,0.9246766567230225,0.921653151512146,0.06734455701399493
1022,0.039124492555856705,0.9999154806137085,0.9234086275100708,0.9213995933532715,0.06207433864357194
1023,0.03937670961022377,0.999830961227417,0.9246766567230225,0.9221602082252502,0.06213468331603637
1024,0.04113760590553284,1.0,0.9254375100135803,0.923935055732727,0.06661348105335663
1025,0.04023589566349983,0.9999154806137085,0.926959216594696,0.9262170195579529,0.0647553466429408
1026,0.04127947613596916,0.999830961227417,0.9300025701522827,0.9244421720504761,0.06868884010660001
1027,0.03935525566339493,0.999830961227417,0.926959216594696,0.9241886138916016,0.05983896574871607
1028,0.0389733761548996,0.999830961227417,0.9261983633041382,0.9262170195579529,0.06330874417885064
1029,0.038443759083747864,0.999830961227417,0.9297489523887634,0.9252028465270996,0.0606328375220646
1030,0.040110066533088684,0.9999154806137085,0.9292417168617249,0.923935055732727,0.06618088115615747
1031,0.040179237723350525,0.9999154806137085,0.932031512260437,0.9229208827018738,0.06255802366268194
1032,0.03912261500954628,0.999830961227417,0.9287344813346863,0.920638918876648,0.0640977909410439
1033,0.03974898159503937,0.999830961227417,0.9289880990982056,0.9213995933532715,0.0612574280493055
1034,0.03790135681629181,0.999830961227417,0.9256911277770996,0.9221602082252502,0.059138246926012154
1035,0.039717383682727814,0.9999154806137085,0.9261983633041382,0.9254563450813293,0.0630430208161026
1036,0.04006790742278099,0.9999154806137085,0.9292417168617249,0.9241886138916016,0.0637176402474673
1037,0.0391259603202343,0.9999154806137085,0.9282272458076477,0.9252028465270996,0.06434674360879725
1038,0.03816442936658859,0.9999154806137085,0.9300025701522827,0.9279918670654297,0.0610617878804341
1039,0.039116229861974716,0.9999154806137085,0.9305098056793213,0.9262170195579529,0.060179548261604675
1040,0.040028028190135956,0.999830961227417,0.9317778944969177,0.9267241358757019,0.06403656537689677
1041,0.040013089776039124,0.9999154806137085,0.9297489523887634,0.9257099032402039,0.06630649150005218
1042,0.039494533091783524,1.0,0.9297489523887634,0.9257099032402039,0.05936040869326141
1043,0.042006418108940125,0.9999154806137085,0.9277200698852539,0.9236814975738525,0.06442572091816332
1044,0.039912622421979904,0.9999154806137085,0.9297489523887634,0.9226673245429993,0.06430655643707213
1045,0.03859425708651543,1.0,0.9310170412063599,0.9244421720504761,0.06456208844013098
1046,0.038743577897548676,0.9999154806137085,0.9287344813346863,0.9241886138916016,0.0617280913924793
1047,0.038058262318372726,1.0,0.9287344813346863,0.921653151512146,0.06085010039986244
1048,0.039877038449048996,0.9999154806137085,0.9289880990982056,0.9213995933532715,0.0618187609899961
1049,0.040600843727588654,1.0,0.9259447455406189,0.9252028465270996,0.06526814448400556
1050,0.03930346667766571,0.9999154806137085,0.9282272458076477,0.9246957302093506,0.06413116998269934
1051,0.038243893533945084,0.9999154806137085,0.9282272458076477,0.9229208827018738,0.06270829581864983
1052,0.03922677040100098,0.999830961227417,0.9279736876487732,0.9226673245429993,0.06391291847808617
1053,0.041419386863708496,0.9999154806137085,0.9254375100135803,0.9231744408607483,0.07162084834231025
1054,0.040854986757040024,0.9996618628501892,0.9267055988311768,0.9208924770355225,0.06547348127779608
1055,0.04006940871477127,0.999830961227417,0.9264519810676575,0.921653151512146,0.07048254002939675
1056,0.040037792176008224,0.9996618628501892,0.9259447455406189,0.9267241358757019,0.06310363794227214
1057,0.04105839505791664,0.9996618628501892,0.9226477742195129,0.9264705777168274,0.062051581424841074
1058,0.040885891765356064,0.9997463822364807,0.9229013919830322,0.9262170195579529,0.06596884540860294
1059,0.04095807671546936,0.9997463822364807,0.9246766567230225,0.9244421720504761,0.07328840806502952
1060,0.0413515605032444,0.9997463822364807,0.9241694211959839,0.923935055732727,0.06447031731006422
1061,0.043587248772382736,0.9997463822364807,0.9292417168617249,0.9236814975738525,0.07581415400358998
1062,0.040505070239305496,0.999830961227417,0.9282272458076477,0.9246957302093506,0.06577677842684079
1063,0.04188377037644386,0.999830961227417,0.9287344813346863,0.9262170195579529,0.07082994703643372
1064,0.04102648049592972,0.9996618628501892,0.930256187915802,0.9257099032402039,0.06724327728034174
1065,0.041500914841890335,0.999830961227417,0.9287344813346863,0.9264705777168274,0.06877316004827357
1066,0.04149463027715683,0.9999154806137085,0.926959216594696,0.923935055732727,0.06397013777007267
1067,0.042339127510786057,0.999830961227417,0.9287344813346863,0.921146035194397,0.06714956945266742
1068,0.04278174787759781,0.9999154806137085,0.926959216594696,0.9193711876869202,0.07445273943306943
1069,0.041683096438646317,0.999830961227417,0.9267055988311768,0.9196247458457947,0.06684678981092677
1070,0.04275785759091377,1.0,0.9287344813346863,0.9203853607177734,0.07093254860607091
1071,0.04181374981999397,0.9999154806137085,0.9272128343582153,0.920638918876648,0.06770858117868438
1072,0.04336661472916603,0.9999154806137085,0.9261983633041382,0.921653151512146,0.07389987926894068
1073,0.040106356143951416,0.9999154806137085,0.928480863571167,0.9219066500663757,0.06601013345735973
1074,0.041733890771865845,0.9999154806137085,0.9267055988311768,0.9231744408607483,0.06413320014807387
1075,0.042812198400497437,0.999830961227417,0.9254375100135803,0.923935055732727,0.06947994575137699
1076,0.04247518256306648,0.999830961227417,0.9246766567230225,0.9241886138916016,0.06729361537160039
1077,0.0425758957862854,0.9999154806137085,0.9261983633041382,0.9249492883682251,0.0693937575350297
1078,0.04060087725520134,0.9999154806137085,0.9229013919830322,0.9224137663841248,0.06324600920623663
1079,0.04272543638944626,0.9999154806137085,0.9223941564559937,0.9229208827018738,0.06982417143489827
1080,0.04300734028220177,0.999830961227417,0.9241694211959839,0.9244421720504761,0.06540932048589856
1081,0.040414322167634964,0.9999154806137085,0.9267055988311768,0.9231744408607483,0.06368236260655859
1082,0.04134969413280487,0.999830961227417,0.9294953346252441,0.9221602082252502,0.06626366706844554
1083,0.040468730032444,0.999830961227417,0.9279736876487732,0.9234279990196228,0.06005829401464917
1084,0.03973275050520897,0.9999154806137085,0.9267055988311768,0.9229208827018738,0.06188784409634013
1085,0.04034968465566635,0.999830961227417,0.9254375100135803,0.9234279990196228,0.06215617345605188
1086,0.04207175597548485,0.9999154806137085,0.9259447455406189,0.9236814975738525,0.06835294413799561
1087,0.04049728438258171,0.9999154806137085,0.9272128343582153,0.9249492883682251,0.06376727234207705
1088,0.039827875792980194,0.9997463822364807,0.9279736876487732,0.9254563450813293,0.0634956906134614
1089,0.0390738807618618,0.999830961227417,0.9279736876487732,0.9226673245429993,0.057929603297258686
1090,0.04057076573371887,0.9996618628501892,0.9282272458076477,0.923935055732727,0.06211808334681182
1091,0.039698682725429535,0.999830961227417,0.9267055988311768,0.9259634613990784,0.06368213221317419
1092,0.037599559873342514,0.9997463822364807,0.9256911277770996,0.9262170195579529,0.05785135269424
1093,0.04198312759399414,0.999830961227417,0.9254375100135803,0.9277383089065552,0.06810932754427695
1094,0.03922482952475548,0.9996618628501892,0.9272128343582153,0.9264705777168274,0.06046502889712243
1095,0.040029481053352356,0.999830961227417,0.9254375100135803,0.9259634613990784,0.06113139132942747
1096,0.03965992480516434,0.9999154806137085,0.925183892250061,0.9249492883682251,0.06348116643723731
1097,0.04021797701716423,0.999830961227417,0.9226477742195129,0.9221602082252502,0.061267869670759284
1098,0.03987186402082443,0.9999154806137085,0.9246766567230225,0.9229208827018738,0.06601796623586778
1099,0.03860200569033623,1.0,0.9277200698852539,0.9246957302093506,0.06489635264643144
1100,0.03965895622968674,1.0,0.9249302744865417,0.921653151512146,0.06417106575413872
1101,0.04033587500452995,1.0,0.9259447455406189,0.9234279990196228,0.06602371253049487
1102,0.03901531919836998,1.0,0.9256911277770996,0.9224137663841248,0.0641302253338881
1103,0.037619203329086304,0.999830961227417,0.9211260676383972,0.9208924770355225,0.06185948677796284
1104,0.04122330620884895,0.9999154806137085,0.9236622452735901,0.9224137663841248,0.06712608164151646
1105,0.041600301861763,0.9999154806137085,0.9256911277770996,0.9226673245429993,0.07136074866126865
1106,0.03939327225089073,0.9999154806137085,0.9259447455406189,0.9219066500663757,0.06578542998649918
1107,0.04111117497086525,0.999830961227417,0.9267055988311768,0.9252028465270996,0.0713787161838617
1108,0.041524019092321396,0.999830961227417,0.9254375100135803,0.9226673245429993,0.06573509402402528
1109,0.04085416719317436,0.999830961227417,0.9277200698852539,0.9231744408607483,0.06467944922023883
1110,0.039819877594709396,0.999830961227417,0.9261983633041382,0.9213995933532715,0.06477495174505153
1111,0.041232798248529434,0.9999154806137085,0.925183892250061,0.921653151512146,0.06658002368657732
1112,0.03722310811281204,0.999830961227417,0.926959216594696,0.9226673245429993,0.06066830744032813
1113,0.041812799870967865,0.999830961227417,0.928480863571167,0.9234279990196228,0.06925115744891133
1114,0.040588874369859695,0.9999154806137085,0.9297489523887634,0.921146035194397,0.06620110021821236
1115,0.042330510914325714,0.9997463822364807,0.9289880990982056,0.9234279990196228,0.07039246878811385
1116,0.04038676992058754,0.999830961227417,0.9294953346252441,0.9259634613990784,0.0685680090368706
1117,0.04012766852974892,0.9999154806137085,0.9289880990982056,0.923935055732727,0.06548588534004998
1118,0.040179766714572906,0.9997463822364807,0.9305098056793213,0.9249492883682251,0.06455264279427031
1119,0.03989573195576668,0.9996618628501892,0.925183892250061,0.9224137663841248,0.06322086616938684
1120,0.043098095804452896,0.9997463822364807,0.9246766567230225,0.9213995933532715,0.06746822769870202
1121,0.043399907648563385,0.9999154806137085,0.9261983633041382,0.9213995933532715,0.06908683462659077
1122,0.039646826684474945,0.999830961227417,0.9264519810676575,0.921146035194397,0.06452293533719242
1123,0.041154760867357254,0.999830961227417,0.9267055988311768,0.9213995933532715,0.06405556293993331
1124,0.04235457628965378,0.9999154806137085,0.9241694211959839,0.921146035194397,0.06100015008775749
1125,0.040382612496614456,0.9997463822364807,0.925183892250061,0.9234279990196228,0.06451907425787509
1126,0.04108680039644241,0.999830961227417,0.9254375100135803,0.9236814975738525,0.06557315415358674
1127,0.039895329624414444,0.999830961227417,0.9277200698852539,0.923935055732727,0.06321706407928715
1128,0.038098644465208054,1.0,0.9261983633041382,0.9236814975738525,0.059366780887458816
1129,0.04212801903486252,0.9996618628501892,0.9277200698852539,0.9231744408607483,0.07037128396617764
1130,0.04128769412636757,0.9997463822364807,0.9279736876487732,0.9219066500663757,0.06523742713176538
1131,0.04257018119096756,0.999830961227417,0.928480863571167,0.920638918876648,0.07432970123279846
1132,0.04080471023917198,0.999830961227417,0.930256187915802,0.9226673245429993,0.06524667056347425
1133,0.04160596430301666,0.999830961227417,0.9289880990982056,0.9231744408607483,0.06483130416577963
1134,0.04233018308877945,1.0,0.9307634234428406,0.9224137663841248,0.06573615937203671
1135,0.04131363332271576,1.0,0.9305098056793213,0.9234279990196228,0.06892484230297048
1136,0.03953781723976135,1.0,0.9289880990982056,0.9249492883682251,0.06114349215216003
1137,0.03933911770582199,0.9999154806137085,0.9297489523887634,0.9254563450813293,0.06090303001189687
1138,0.0410444401204586,0.999830961227417,0.9294953346252441,0.9234279990196228,0.06526808512285305
1139,0.04056430235505104,0.999830961227417,0.9282272458076477,0.920638918876648,0.06326602645022998
1140,0.04131969064474106,0.9999154806137085,0.9249302744865417,0.9236814975738525,0.06268936313197317
1141,0.04083634167909622,0.9997463822364807,0.9236622452735901,0.9244421720504761,0.06323246387260852
1142,0.04111483320593834,0.9996618628501892,0.9246766567230225,0.9226673245429993,0.06470724103930159
1143,0.041058171540498734,0.9996618628501892,0.9241694211959839,0.921146035194397,0.06776242286765453
1144,0.03937602415680885,0.9996618628501892,0.9249302744865417,0.9203853607177734,0.0613822155698245
1145,0.03978244960308075,0.999830961227417,0.9246766567230225,0.921653151512146,0.06423116258222586
1146,0.04070509597659111,0.9995773434638977,0.9244230389595032,0.9219066500663757,0.0619600448199425
1147,0.040288589894771576,0.9997463822364807,0.9241694211959839,0.9201318025588989,0.06623519157881184
1148,0.041099339723587036,0.999830961227417,0.9241694211959839,0.9201318025588989,0.0609681429589962
1149,0.03974934667348862,0.9999154806137085,0.926959216594696,0.9229208827018738,0.06378049712098739
1150,0.03947091102600098,0.999830961227417,0.925183892250061,0.9241886138916016,0.06855774539174082
1151,0.04105726629495621,0.999830961227417,0.9274664521217346,0.9241886138916016,0.06521432819023285
1152,0.04133598506450653,0.9997463822364807,0.9272128343582153,0.9262170195579529,0.06387560225925534
1153,0.03948191553354263,0.999830961227417,0.9279736876487732,0.9282454252243042,0.06406702715127265
1154,0.03970241919159889,0.9999154806137085,0.9274664521217346,0.9279918670654297,0.06329178050088931
1155,0.04105948656797409,0.9999154806137085,0.9267055988311768,0.9269776940345764,0.06415347784122606
1156,0.03991894796490669,0.9999154806137085,0.9256911277770996,0.9252028465270996,0.059389634521317375
1157,0.03934216499328613,0.999830961227417,0.9279736876487732,0.9244421720504761,0.06285874435952214
1158,0.042213182896375656,0.999830961227417,0.9294953346252441,0.9234279990196228,0.06673076281139363
1159,0.041768401861190796,0.9999154806137085,0.9277200698852539,0.9226673245429993,0.06794801297568985
1160,0.04115758091211319,1.0,0.9279736876487732,0.9252028465270996,0.06550536004173894
1161,0.042516350746154785,1.0,0.9279736876487732,0.930020272731781,0.06607080217681624
1162,0.041647475212812424,1.0,0.9297489523887634,0.9269776940345764,0.06875544621453406
1163,0.04134492576122284,1.0,0.9289880990982056,0.9257099032402039,0.06390206680467204
1164,0.04073400795459747,1.0,0.9310170412063599,0.9262170195579529,0.06483916981080971
1165,0.039709270000457764,1.0,0.9312706589698792,0.9262170195579529,0.06378447546067319
1166,0.041216325014829636,1.0,0.9325386881828308,0.9267241358757019,0.06547295579677108
1167,0.04019912704825401,1.0,0.9322850704193115,0.9287525415420532,0.06739923978873508
1168,0.03948443755507469,0.9999154806137085,0.9325386881828308,0.9272311925888062,0.06372308428768389
1169,0.038684286177158356,0.999830961227417,0.9322850704193115,0.9274847507476807,0.060965805224733334
1170,0.04180747643113136,0.9999154806137085,0.9315242767333984,0.9246957302093506,0.06703963870074184
1171,0.038495708256959915,0.9999154806137085,0.9312706589698792,0.9246957302093506,0.06248935734375717
1172,0.04172058776021004,0.9999154806137085,0.9338067770004272,0.9231744408607483,0.06591539282528261
1173,0.03955001011490822,0.9999154806137085,0.9338067770004272,0.9249492883682251,0.06205600135994123
1174,0.04042939841747284,0.999830961227417,0.9300025701522827,0.9236814975738525,0.0649809083866541
1175,0.04213573783636093,0.9997463822364807,0.9294953346252441,0.9279918670654297,0.06975701802127023
1176,0.04208999499678612,0.999830961227417,0.9254375100135803,0.9257099032402039,0.06536394498649274
1177,0.042046431452035904,0.999830961227417,0.9226477742195129,0.923935055732727,0.0677152646651023
1178,0.04094802215695381,0.9999154806137085,0.9239158630371094,0.9236814975738525,0.06751849382621547
1179,0.04036164656281471,0.9999154806137085,0.9279736876487732,0.9241886138916016,0.06759343677136462
1180,0.0405290424823761,0.999830961227417,0.9274664521217346,0.9213995933532715,0.06640694229435447
1181,0.041355427354574203,0.9997463822364807,0.9272128343582153,0.9226673245429993,0.06594832669727141
1182,0.0424809604883194,0.999830961227417,0.9261983633041382,0.9219066500663757,0.06616748276091158
1183,0.04191897064447403,1.0,0.9264519810676575,0.9249492883682251,0.06892235214684303
1184,0.04023789241909981,0.9999154806137085,0.9259447455406189,0.9226673245429993,0.06274406416954442
1185,0.03882240504026413,0.9999154806137085,0.9236622452735901,0.9236814975738525,0.05899030588007619
1186,0.0405285507440567,0.9999154806137085,0.9254375100135803,0.9252028465270996,0.06275554268448767
1187,0.040523093193769455,0.999830961227417,0.9254375100135803,0.9252028465270996,0.06367736458736928
1188,0.039221104234457016,1.0,0.925183892250061,0.9241886138916016,0.06755975567395714
1189,0.040392450988292694,0.9999154806137085,0.9274664521217346,0.9241886138916016,0.06262702264505829
1190,0.04006216675043106,0.9999154806137085,0.9279736876487732,0.923935055732727,0.06267432468910965
1191,0.04131365939974785,0.9997463822364807,0.9261983633041382,0.9229208827018738,0.06236695635724686
1192,0.04052158072590828,0.999830961227417,0.9264519810676575,0.9226673245429993,0.064529227358177
1193,0.04221644997596741,0.9997463822364807,0.9264519810676575,0.9259634613990784,0.06685436046225765
1194,0.04079221189022064,0.9995773434638977,0.9264519810676575,0.9229208827018738,0.06204739658978851
1195,0.04012780264019966,0.9996618628501892,0.9244230389595032,0.9224137663841248,0.06317068011182245
1196,0.0394672192633152,0.999830961227417,0.9246766567230225,0.9229208827018738,0.0658436091714715
1197,0.04120023176074028,0.9999154806137085,0.9274664521217346,0.9229208827018738,0.06669124867595258
1198,0.039937686175107956,0.9999154806137085,0.9267055988311768,0.9262170195579529,0.06282994441440129
1199,0.041302334517240524,0.9997463822364807,0.9267055988311768,0.9267241358757019,0.06791553426902892
1200,0.04054981842637062,0.9997463822364807,0.926959216594696,0.9229208827018738,0.06736470217586532
1201,0.04028087109327316,0.999830961227417,0.9289880990982056,0.9224137663841248,0.06639752685329525
1202,0.04013853147625923,0.9997463822364807,0.9254375100135803,0.921653151512146,0.06541895213276207
1203,0.039155181497335434,0.9996618628501892,0.9287344813346863,0.9196247458457947,0.06481196059719455
1204,0.04138163849711418,0.9997463822364807,0.9289880990982056,0.920638918876648,0.06612236928793148
1205,0.03952167555689812,0.9997463822364807,0.9277200698852539,0.9203853607177734,0.061897216633108834
1206,0.041618380695581436,0.999830961227417,0.9259447455406189,0.9196247458457947,0.06822507851897135
1207,0.03925934061408043,0.999830961227417,0.9241694211959839,0.9173427820205688,0.06259664928344605
1208,0.0394633412361145,0.9999154806137085,0.9249302744865417,0.9173427820205688,0.06454737641212331
1209,0.040738966315984726,0.9999154806137085,0.9256911277770996,0.9173427820205688,0.06511101369093314
1210,0.04355025663971901,0.999830961227417,0.9277200698852539,0.9178498983383179,0.06873377944015499
1211,0.042030468583106995,0.9996618628501892,0.9297489523887634,0.9208924770355225,0.06559207006823614
1212,0.03959273546934128,0.9994928240776062,0.9287344813346863,0.9213995933532715,0.06336840123920133
1213,0.03992791846394539,0.9999154806137085,0.9294953346252441,0.9208924770355225,0.06287233098776837
1214,0.041958678513765335,0.9999154806137085,0.9282272458076477,0.9219066500663757,0.06495720225573912
1215,0.03990890085697174,0.9994083046913147,0.9259447455406189,0.9219066500663757,0.061877715612157075
1216,0.0425243116915226,0.9997463822364807,0.9267055988311768,0.9208924770355225,0.07139823948229526
1217,0.041040919721126556,0.999830961227417,0.9272128343582153,0.921146035194397,0.06408509470956748
1218,0.04186480492353439,1.0,0.9261983633041382,0.9208924770355225,0.06550170270424523
1219,0.04078874737024307,1.0,0.9246766567230225,0.9221602082252502,0.06513315366698935
1220,0.04072339087724686,1.0,0.9236622452735901,0.920638918876648,0.06665507807620201
1221,0.03907819464802742,0.9999154806137085,0.9259447455406189,0.9208924770355225,0.06135956343356312
1222,0.03958412632346153,0.9999154806137085,0.9264519810676575,0.9229208827018738,0.0597680639666613
1223,0.03873089700937271,0.999830961227417,0.926959216594696,0.9226673245429993,0.06186102469116265
1224,0.038590386509895325,0.999830961227417,0.9254375100135803,0.9221602082252502,0.06419226769514055
1225,0.0402517206966877,0.9999154806137085,0.9244230389595032,0.9229208827018738,0.06309744808954669
1226,0.0407806895673275,0.9999154806137085,0.9239158630371094,0.9221602082252502,0.061934220127345604
1227,0.03896132856607437,0.9999154806137085,0.9246766567230225,0.9249492883682251,0.061563997123916206
1228,0.039669498801231384,1.0,0.9267055988311768,0.9246957302093506,0.06111467852196888
1229,0.041547127068042755,0.999830961227417,0.9294953346252441,0.923935055732727,0.06711677981741693
1230,0.041125793009996414,0.9999154806137085,0.9300025701522827,0.9254563450813293,0.06524946962317486
1231,0.04118622466921806,0.9999154806137085,0.9292417168617249,0.9262170195579529,0.0629455601843029
1232,0.038276106119155884,0.9999154806137085,0.9294953346252441,0.9229208827018738,0.06123437678947109
1233,0.04039335623383522,0.999830961227417,0.926959216594696,0.9236814975738525,0.06406300937103042
1234,0.03951158747076988,0.9999154806137085,0.9277200698852539,0.9252028465270996,0.06713927799393977
1235,0.04077237844467163,0.999830961227417,0.9259447455406189,0.9231744408607483,0.06291619977037127
1236,0.040933914482593536,0.9999154806137085,0.9279736876487732,0.9231744408607483,0.06631724589639194
1237,0.04125932604074478,1.0,0.9261983633041382,0.9224137663841248,0.06691827275111925
1238,0.04086446762084961,0.9999154806137085,0.9254375100135803,0.9226673245429993,0.06446481529248642
1239,0.03984193503856659,0.9999154806137085,0.9256911277770996,0.9229208827018738,0.06305239810169
1240,0.03859838470816612,0.999830961227417,0.9289880990982056,0.9188640713691711,0.06368988959892252
1241,0.03903810679912567,0.9997463822364807,0.932031512260437,0.9213995933532715,0.062289855037834706
1242,0.03986521437764168,0.9997463822364807,0.9307634234428406,0.9234279990196228,0.06462746936062276
1243,0.03941285237669945,0.999830961227417,0.9322850704193115,0.9219066500663757,0.06290192810917247
1244,0.043597932904958725,0.999830961227417,0.9287344813346863,0.923935055732727,0.0701688846078854
1245,0.04246792197227478,0.9999154806137085,0.9264519810676575,0.9224137663841248,0.06553063982617371
1246,0.03930484503507614,0.999830961227417,0.925183892250061,0.9234279990196228,0.06408435609054727
1247,0.0397229939699173,0.9999154806137085,0.9254375100135803,0.9241886138916016,0.06519562311810462
1248,0.03941268101334572,0.9999154806137085,0.9282272458076477,0.9259634613990784,0.06261491999020366
1249,0.0406353697180748,0.9999154806137085,0.9294953346252441,0.9252028465270996,0.06606322886529199
1250,0.03941355645656586,1.0,0.932031512260437,0.9259634613990784,0.06529038835268675
1251,0.041088007390499115,0.9999154806137085,0.9330459237098694,0.9236814975738525,0.06226676059769093
1252,0.03879024088382721,1.0,0.9322850704193115,0.9244421720504761,0.06244186238415799
1253,0.04060887172818184,1.0,0.930256187915802,0.9259634613990784,0.06446629504800747
1254,0.039711493998765945,0.999830961227417,0.9300025701522827,0.9272311925888062,0.06696728120887027
1255,0.039444539695978165,0.999830961227417,0.9312706589698792,0.9244421720504761,0.06539359680311181
1256,0.04136556759476662,0.9995773434638977,0.9310170412063599,0.923935055732727,0.06668783245585201
1257,0.03911750391125679,0.9996618628501892,0.9297489523887634,0.9221602082252502,0.06700980212850345
1258,0.04106968641281128,0.9997463822364807,0.9277200698852539,0.921146035194397,0.06780401711591381
1259,0.041235409677028656,0.9999154806137085,0.9264519810676575,0.921146035194397,0.06945583444643688
1260,0.0400906577706337,0.9999154806137085,0.9287344813346863,0.9219066500663757,0.06994012350034123
1261,0.04106082767248154,0.999830961227417,0.926959216594696,0.921653151512146,0.06791052359489204
1262,0.0429147332906723,0.9999154806137085,0.9274664521217346,0.9181033968925476,0.07138395331586583
1263,0.04186391085386276,0.9999154806137085,0.9261983633041382,0.9208924770355225,0.0667731023705111
1264,0.04114493727684021,0.9999154806137085,0.9241694211959839,0.9213995933532715,0.07011404837983026
1265,0.04231007769703865,0.9999154806137085,0.9282272458076477,0.9219066500663757,0.07189728216553835
1266,0.04181016609072685,0.999830961227417,0.930256187915802,0.9259634613990784,0.06963218074537851
1267,0.039178088307380676,0.9999154806137085,0.9300025701522827,0.9241886138916016,0.06585172870266046
1268,0.04090891778469086,0.9999154806137085,0.9277200698852539,0.9224137663841248,0.0661061081841902
1269,0.040008366107940674,0.999830961227417,0.9289880990982056,0.921146035194397,0.06494288718788431
1270,0.040066417306661606,0.999830961227417,0.926959216594696,0.9229208827018738,0.06585094438039772
1271,0.04231974482536316,0.9999154806137085,0.9282272458076477,0.9226673245429993,0.06787513349271002
1272,0.042148932814598083,0.9997463822364807,0.9272128343582153,0.9231744408607483,0.06296185133652653
1273,0.0391215980052948,0.9996618628501892,0.9221405386924744,0.9221602082252502,0.06341977547735324
1274,0.03967677429318428,0.9996618628501892,0.9234086275100708,0.9231744408607483,0.0628123837862621
1275,0.042149804532527924,0.9999154806137085,0.9234086275100708,0.9226673245429993,0.06947178163491645
1276,0.03898710012435913,0.9999154806137085,0.9239158630371094,0.9241886138916016,0.06075137402672776
1277,0.03972321376204491,0.999830961227417,0.9259447455406189,0.9259634613990784,0.0661538797484678
1278,0.03776518255472183,0.999830961227417,0.9272128343582153,0.923935055732727,0.06287000199225444
1279,0.04035854712128639,0.9999154806137085,0.925183892250061,0.9241886138916016,0.06964588464005127
1280,0.039930667728185654,0.9999154806137085,0.9249302744865417,0.9252028465270996,0.06788190474591961
1281,0.04165884479880333,0.9996618628501892,0.925183892250061,0.9252028465270996,0.06735313434423423
1282,0.03917830064892769,0.9997463822364807,0.926959216594696,0.9244421720504761,0.06315641002867553
1283,0.03855171799659729,0.999830961227417,0.9267055988311768,0.9213995933532715,0.062353448720276025
1284,0.03818705677986145,0.9995773434638977,0.9267055988311768,0.9203853607177734,0.06450799775952058
1285,0.040712106972932816,0.9997463822364807,0.9254375100135803,0.9188640713691711,0.06566975434525378
1286,0.040534745901823044,0.9997463822364807,0.926959216594696,0.921653151512146,0.06833546674221815
1287,0.04105222970247269,0.9997463822364807,0.9289880990982056,0.921146035194397,0.06513422695620162
1288,0.041859835386276245,0.9996618628501892,0.9289880990982056,0.920638918876648,0.06914562098601774
1289,0.03893361613154411,0.9995773434638977,0.9300025701522827,0.9203853607177734,0.059979115602451206
1290,0.04268341138958931,0.9997463822364807,0.9267055988311768,0.921146035194397,0.07061355151010414
1291,0.03801080584526062,0.999830961227417,0.9294953346252441,0.9188640713691711,0.06165336315809357
1292,0.04235268756747246,0.999830961227417,0.9322850704193115,0.9198782444000244,0.07109440201599627
1293,0.04018614441156387,0.999830961227417,0.9272128343582153,0.9226673245429993,0.06409948356653299
1294,0.038642678409814835,0.999830961227417,0.9254375100135803,0.9226673245429993,0.0652050310089498
1295,0.04106353595852852,0.9996618628501892,0.925183892250061,0.9219066500663757,0.06435797214261191
1296,0.038752056658267975,0.9997463822364807,0.9272128343582153,0.921146035194397,0.06657339180288618
1297,0.042768873274326324,0.9999154806137085,0.9256911277770996,0.9229208827018738,0.07101180559120353
1298,0.041230954229831696,0.999830961227417,0.9241694211959839,0.9259634613990784,0.06431391992271883
1299,0.04152044653892517,0.9999154806137085,0.9244230389595032,0.9254563450813293,0.06829340552236648
1300,0.041036833077669144,0.9999154806137085,0.9267055988311768,0.9234279990196228,0.06515554505125114
1301,0.04327034577727318,0.999830961227417,0.9256911277770996,0.921146035194397,0.06972117657054885
1302,0.03902965039014816,0.9997463822364807,0.9249302744865417,0.9213995933532715,0.0628432010100256
1303,0.04047663137316704,0.9997463822364807,0.9267055988311768,0.9226673245429993,0.06651616558654593
1304,0.04009103402495384,0.9997463822364807,0.9267055988311768,0.921146035194397,0.06425983810430945
1305,0.040873218327760696,0.999830961227417,0.9279736876487732,0.921653151512146,0.06521966738047547
1306,0.040027473121881485,0.999830961227417,0.9292417168617249,0.9221602082252502,0.06153653158853788
1307,0.03967304155230522,0.9997463822364807,0.9294953346252441,0.9246957302093506,0.06107355793240306
1308,0.04220080003142357,0.9996618628501892,0.9292417168617249,0.9246957302093506,0.0717033759305089
1309,0.04085846245288849,0.999830961227417,0.9300025701522827,0.923935055732727,0.0683501698797535
1310,0.04119638353586197,0.9999154806137085,0.9312706589698792,0.920638918876648,0.06677577711267683
1311,0.04268711060285568,0.999830961227417,0.9287344813346863,0.9208924770355225,0.06743529741122281
1312,0.04242853820323944,1.0,0.9282272458076477,0.9234279990196228,0.06755427029308592
1313,0.04033907875418663,0.9997463822364807,0.9307634234428406,0.9226673245429993,0.06391402973453442
1314,0.04109613224864006,0.999830961227417,0.932031512260437,0.9219066500663757,0.06795675982246649
1315,0.03794829174876213,0.9997463822364807,0.9297489523887634,0.920638918876648,0.05850849758157004
1316,0.043520815670490265,0.999830961227417,0.9317778944969177,0.921653151512146,0.06770266025018264
1317,0.03981921821832657,0.9999154806137085,0.9307634234428406,0.9231744408607483,0.06218762064388323
1318,0.04098879545927048,0.9999154806137085,0.9289880990982056,0.9257099032402039,0.06368586455265104
1319,0.04091905802488327,0.999830961227417,0.9274664521217346,0.9254563450813293,0.06445112945175338
1320,0.03886130824685097,0.9997463822364807,0.9277200698852539,0.9241886138916016,0.05794475031377781
1321,0.041632767766714096,0.9999154806137085,0.9246766567230225,0.9244421720504761,0.06670127559370177
1322,0.04179346188902855,0.9999154806137085,0.9223941564559937,0.9259634613990784,0.06754903976683667
1323,0.03851238638162613,0.9999154806137085,0.9241694211959839,0.9262170195579529,0.059291771270715596
1324,0.041343118995428085,1.0,0.9264519810676575,0.9257099032402039,0.06511339508851988
1325,0.04197220131754875,1.0,0.9249302744865417,0.9244421720504761,0.06911560998043652
1326,0.04157958924770355,1.0,0.9241694211959839,0.9229208827018738,0.06776445721516794
1327,0.041242972016334534,0.9999154806137085,0.9272128343582153,0.9244421720504761,0.06518750355437351
1328,0.03966645151376724,0.999830961227417,0.9279736876487732,0.9252028465270996,0.061541952696879336
1329,0.040202200412750244,0.999830961227417,0.9259447455406189,0.923935055732727,0.06842842257385916
1330,0.040241826325654984,1.0,0.9239158630371094,0.9241886138916016,0.06567235832920557
1331,0.041092295199632645,1.0,0.925183892250061,0.9241886138916016,0.07041079654971143
1332,0.0414825938642025,0.999830961227417,0.9282272458076477,0.9226673245429993,0.06628914233578774
1333,0.03942354768514633,0.999830961227417,0.9282272458076477,0.9213995933532715,0.06674516747342055
1334,0.03998003527522087,0.9999154806137085,0.928480863571167,0.9226673245429993,0.06240897355312142
1335,0.042162615805864334,0.9999154806137085,0.930256187915802,0.9241886138916016,0.06683463297156296
1336,0.04088461399078369,0.999830961227417,0.9297489523887634,0.9267241358757019,0.066276265798034
1337,0.03910588100552559,0.9997463822364807,0.9300025701522827,0.9246957302093506,0.061588885064858934
1338,0.04271303117275238,0.999830961227417,0.9310170412063599,0.9264705777168274,0.06952473006717526
1339,0.04148261621594429,0.999830961227417,0.932031512260437,0.9259634613990784,0.06401920304220532
1340,0.0398661307990551,0.9999154806137085,0.9292417168617249,0.9284989833831787,0.0693064044151258
1341,0.03881896659731865,1.0,0.9277200698852539,0.9229208827018738,0.06113683746809791
1342,0.03930323198437691,1.0,0.9282272458076477,0.9244421720504761,0.06598988752285471
1343,0.03897382318973541,1.0,0.9254375100135803,0.9246957302093506,0.06025987267370232
1344,0.04017108306288719,0.9999154806137085,0.9236622452735901,0.9226673245429993,0.06229215157899794
1345,0.04113437980413437,0.9999154806137085,0.9223941564559937,0.9236814975738525,0.06704510241414414
1346,0.03992876410484314,0.999830961227417,0.9234086275100708,0.9249492883682251,0.06488142963135665
1347,0.040665265172719955,0.999830961227417,0.9234086275100708,0.921653151512146,0.06442182895856922
1348,0.040040962398052216,0.999830961227417,0.9221405386924744,0.9244421720504761,0.06198434284546
1349,0.042633067816495895,0.9999154806137085,0.9244230389595032,0.9231744408607483,0.06922973738786223
1350,0.04067641869187355,0.999830961227417,0.9259447455406189,0.921653151512146,0.05858327741861237
1351,0.04172436520457268,1.0,0.9226477742195129,0.9226673245429993,0.06603740985727881
1352,0.04015474393963814,0.9999154806137085,0.9223941564559937,0.9241886138916016,0.06002086665590014
1353,0.04155999794602394,0.999830961227417,0.9241694211959839,0.9259634613990784,0.0682638032435403
1354,0.04106423258781433,0.999830961227417,0.9236622452735901,0.9252028465270996,0.06673502223218032
1355,0.04016716033220291,0.999830961227417,0.9231550097465515,0.923935055732727,0.06354802994565696
1356,0.03961687907576561,0.9997463822364807,0.9261983633041382,0.9274847507476807,0.07012612474925646
1357,0.03933257237076759,0.999830961227417,0.9254375100135803,0.9262170195579529,0.06224661866176184
1358,0.0426260344684124,0.9996618628501892,0.9264519810676575,0.9244421720504761,0.07026686990997512
1359,0.03630755841732025,0.9999154806137085,0.9264519810676575,0.9234279990196228,0.0582594254511527
1360,0.039664242416620255,1.0,0.9241694211959839,0.9241886138916016,0.06672046712297766
1361,0.04049687087535858,1.0,0.9229013919830322,0.9259634613990784,0.06570069520741212
1362,0.04003502428531647,0.9999154806137085,0.9226477742195129,0.9246957302093506,0.06364296749321591
1363,0.03946083039045334,0.9999154806137085,0.9249302744865417,0.9252028465270996,0.06717644574749988
1364,0.03839875012636185,0.999830961227417,0.9231550097465515,0.9254563450813293,0.06092353136434964
1365,0.04068855941295624,0.9999154806137085,0.9226477742195129,0.923935055732727,0.0675196504625661
1366,0.04144960269331932,0.9999154806137085,0.9239158630371094,0.9244421720504761,0.06463371359041335
1367,0.039683736860752106,1.0,0.9254375100135803,0.9234279990196228,0.06611282252190916
1368,0.04156440868973732,1.0,0.9256911277770996,0.9244421720504761,0.06780451072887923
1369,0.039276402443647385,0.999830961227417,0.925183892250061,0.9274847507476807,0.06137118945458339
1370,0.040476538240909576,0.9999154806137085,0.9244230389595032,0.9252028465270996,0.06231643572778008
1371,0.037716154009103775,0.9999154806137085,0.926959216594696,0.9267241358757019,0.06265921715421623
1372,0.03998063877224922,0.9999154806137085,0.9272128343582153,0.9284989833831787,0.06372498658137672
1373,0.04026290774345398,0.9999154806137085,0.925183892250061,0.9259634613990784,0.06566563179312167
1374,0.0402495339512825,0.9999154806137085,0.9246766567230225,0.9252028465270996,0.06382418557881345
1375,0.03841828554868698,0.9999154806137085,0.9267055988311768,0.9231744408607483,0.06235886364310156
1376,0.03871162608265877,0.9999154806137085,0.9267055988311768,0.9236814975738525,0.06082932480947752
1377,0.03985864296555519,0.9999154806137085,0.9267055988311768,0.921653151512146,0.06411904471714536
1378,0.038781676441431046,0.9999154806137085,0.9289880990982056,0.921653151512146,0.06525897452930149
1379,0.04119465872645378,0.9999154806137085,0.9244230389595032,0.9229208827018738,0.06573024606625429
1380,0.040477365255355835,0.9999154806137085,0.9231550097465515,0.9224137663841248,0.06731947597003494
1381,0.04211708530783653,0.999830961227417,0.9239158630371094,0.9213995933532715,0.06993744164065051
1382,0.039641425013542175,0.999830961227417,0.9287344813346863,0.9221602082252502,0.0664942387088691
1383,0.04064464196562767,1.0,0.9244230389595032,0.9267241358757019,0.0655388149872693
1384,0.040747448801994324,0.999830961227417,0.9272128343582153,0.9269776940345764,0.0679130083849591
1385,0.04013381898403168,0.9999154806137085,0.9279736876487732,0.9236814975738525,0.06519478904176741
1386,0.03927560895681381,1.0,0.9305098056793213,0.9257099032402039,0.06452373646552106
1387,0.03948459029197693,0.999830961227417,0.9292417168617249,0.9244421720504761,0.06239955651031552
1388,0.04080943018198013,0.9997463822364807,0.9277200698852539,0.9246957302093506,0.06373078472933072
1389,0.04255202040076256,0.9997463822364807,0.9279736876487732,0.9254563450813293,0.06984699017871648
1390,0.040233027189970016,0.999830961227417,0.9277200698852539,0.9254563450813293,0.06478731248123688
1391,0.0414842888712883,0.9999154806137085,0.925183892250061,0.9259634613990784,0.06768270798521832
1392,0.04497738555073738,1.0,0.9256911277770996,0.9287525415420532,0.07127294784130314
1393,0.03939475119113922,1.0,0.9267055988311768,0.9262170195579529,0.06272946321414548
1394,0.04223242402076721,0.9999154806137085,0.9274664521217346,0.9277383089065552,0.06838983196941353
1395,0.0410933680832386,0.9999154806137085,0.9272128343582153,0.9267241358757019,0.0639477560883662
1396,0.04118421673774719,0.9999154806137085,0.9274664521217346,0.9267241358757019,0.06909133749204091
1397,0.04034033790230751,0.9999154806137085,0.9277200698852539,0.9279918670654297,0.06441478585980147
1398,0.041575368493795395,0.9999154806137085,0.9300025701522827,0.9267241358757019,0.0683648625514595
1399,0.04045039042830467,0.9999154806137085,0.9287344813346863,0.9307808876037598,0.06093946681298788
1400,0.041539087891578674,0.999830961227417,0.9264519810676575,0.929006040096283,0.0630796583800461
1401,0.04057799279689789,0.999830961227417,0.9277200698852539,0.9277383089065552,0.06601583192010174
1402,0.03894347697496414,0.9999154806137085,0.9297489523887634,0.9282454252243042,0.06207265709991768
1403,0.03796441853046417,0.9997463822364807,0.9312706589698792,0.9264705777168274,0.058224102838668065
1404,0.03973386064171791,0.9999154806137085,0.9312706589698792,0.9272311925888062,0.06319633991805736
1405,0.04156927019357681,0.9995773434638977,0.932031512260437,0.9257099032402039,0.06492421318962287
1406,0.039649125188589096,0.9997463822364807,0.9279736876487732,0.9277383089065552,0.06418826175695638
1407,0.041315823793411255,0.999830961227417,0.9256911277770996,0.9279918670654297,0.06516257319069287
1408,0.039110418409109116,0.999830961227417,0.9244230389595032,0.9277383089065552,0.06145292798943517
1409,0.03948807343840599,0.9999154806137085,0.9241694211959839,0.9302738308906555,0.06694834921308815
1410,0.04321044683456421,0.999830961227417,0.9274664521217346,0.93052738904953,0.06798607902055359
1411,0.04335949197411537,0.9994928240776062,0.9261983633041382,0.9284989833831787,0.06962051400332635
1412,0.04010220617055893,0.9996618628501892,0.9261983633041382,0.9257099032402039,0.063371560817492
1413,0.04034700617194176,0.999830961227417,0.9259447455406189,0.929513156414032,0.07121772751210903
1414,0.038801830261945724,0.999830961227417,0.9282272458076477,0.9287525415420532,0.06255598757498305
1415,0.04055222123861313,0.9996618628501892,0.928480863571167,0.9277383089065552,0.06547032027118344
1416,0.041466787457466125,0.9997463822364807,0.9264519810676575,0.9259634613990784,0.07136141242558107
1417,0.04123765975236893,0.9997463822364807,0.9256911277770996,0.930020272731781,0.06616255407660902
1418,0.04059569537639618,0.999830961227417,0.9246766567230225,0.9292595982551575,0.06354564382796624
1419,0.03796831890940666,0.9999154806137085,0.9294953346252441,0.9272311925888062,0.06522937882604973
1420,0.0394502654671669,0.9999154806137085,0.9277200698852539,0.9264705777168274,0.06399797751832019
1421,0.04151109978556633,0.9999154806137085,0.9254375100135803,0.9272311925888062,0.06772372863585575
1422,0.04190891981124878,0.999830961227417,0.9241694211959839,0.9257099032402039,0.06998520461604478
1423,0.04156595095992088,0.9997463822364807,0.9279736876487732,0.9231744408607483,0.07224164190796317
1424,0.041237879544496536,0.9996618628501892,0.9274664521217346,0.9234279990196228,0.06411800318024449
1425,0.04002775251865387,0.9996618628501892,0.9279736876487732,0.9213995933532715,0.06458652795046345
1426,0.04154651612043381,0.999830961227417,0.9282272458076477,0.921146035194397,0.06659319683224484
1427,0.04088747873902321,0.999830961227417,0.9282272458076477,0.923935055732727,0.06698302615558362
1428,0.03827578201889992,0.9999154806137085,0.9297489523887634,0.9246957302093506,0.05911373199020167
1429,0.040639396756887436,0.999830961227417,0.930256187915802,0.9267241358757019,0.06293236586882879
1430,0.04174760356545448,0.9999154806137085,0.926959216594696,0.9249492883682251,0.06296343446706551
1431,0.04164747893810272,1.0,0.9274664521217346,0.9264705777168274,0.06298948274755216
1432,0.03997940942645073,0.999830961227417,0.9254375100135803,0.9257099032402039,0.06556401044099047
1433,0.03957077115774155,0.9999154806137085,0.9267055988311768,0.9264705777168274,0.06323247179783392
1434,0.043429527431726456,0.9999154806137085,0.9261983633041382,0.9262170195579529,0.06883967526776907
1435,0.04207829385995865,0.999830961227417,0.9256911277770996,0.9274847507476807,0.06721170238129878
1436,0.03944377601146698,0.999830961227417,0.9236622452735901,0.9254563450813293,0.06364360270416566
1437,0.04416493698954582,0.9997463822364807,0.9226477742195129,0.9234279990196228,0.06961607139340444
1438,0.040039755403995514,0.999830961227417,0.9198580384254456,0.9236814975738525,0.06266733764351239
1439,0.04202841594815254,0.999830961227417,0.9218869209289551,0.9219066500663757,0.06787531026783722
1440,0.04164149612188339,0.9999154806137085,0.9229013919830322,0.923935055732727,0.06700993648995181
1441,0.0369480699300766,0.9999154806137085,0.9234086275100708,0.923935055732727,0.05842141230783019
1442,0.04193601757287979,0.9999154806137085,0.9254375100135803,0.9224137663841248,0.06949725808396613
1443,0.041303280740976334,0.9999154806137085,0.9246766567230225,0.9254563450813293,0.06610876840794604
1444,0.041653119027614594,1.0,0.9239158630371094,0.9267241358757019,0.06537352143858435
1445,0.041397497057914734,1.0,0.9229013919830322,0.9254563450813293,0.06910632258490854
1446,0.04082333296537399,0.9999154806137085,0.9234086275100708,0.9249492883682251,0.06785494326450885
1447,0.043518539518117905,0.9999154806137085,0.9244230389595032,0.9252028465270996,0.07056301106721931
1448,0.04056554287672043,0.999830961227417,0.9254375100135803,0.9249492883682251,0.06255596086521296
1449,0.040862973779439926,0.9997463822364807,0.9244230389595032,0.9231744408607483,0.06035313290606789
1450,0.04183164983987808,0.9996618628501892,0.9239158630371094,0.921146035194397,0.0652143664447594
1451,0.04360252618789673,0.9997463822364807,0.9259447455406189,0.9229208827018738,0.06667573471481925
1452,0.03954361379146576,0.9999154806137085,0.926959216594696,0.923935055732727,0.06367613023393229
1453,0.04099515825510025,0.999830961227417,0.9264519810676575,0.9259634613990784,0.06518957585078146
1454,0.04157300665974617,0.9995773434638977,0.9261983633041382,0.9272311925888062,0.06774221762124365
1455,0.04077312722802162,0.9994928240776062,0.9259447455406189,0.9262170195579529,0.06292382378498683
1456,0.039577435702085495,0.9996618628501892,0.925183892250061,0.9272311925888062,0.06364032161879132
1457,0.039822280406951904,0.999830961227417,0.9254375100135803,0.9254563450813293,0.06340115691948073
1458,0.04260370135307312,0.9997463822364807,0.9272128343582153,0.9279918670654297,0.06906570355224673
1459,0.041316479444503784,0.999830961227417,0.9282272458076477,0.9272311925888062,0.06599297162584815
1460,0.03899248316884041,1.0,0.9259447455406189,0.9262170195579529,0.0601875767275102
1461,0.04284338280558586,0.999830961227417,0.9300025701522827,0.9267241358757019,0.06599271733573059
1462,0.04143940284848213,0.9994928240776062,0.9305098056793213,0.9236814975738525,0.06288470271814096
1463,0.037358932197093964,0.9997463822364807,0.9305098056793213,0.923935055732727,0.05761994569969998
1464,0.040853992104530334,0.999830961227417,0.930256187915802,0.9224137663841248,0.06368420523984987
1465,0.04057176038622856,0.999830961227417,0.9282272458076477,0.923935055732727,0.06275792664906138
1466,0.0414779856801033,0.999830961227417,0.9261983633041382,0.9241886138916016,0.06768004396269639
1467,0.0412997342646122,0.999830961227417,0.9264519810676575,0.9246957302093506,0.06540520338136682
1468,0.0401492714881897,0.9997463822364807,0.9272128343582153,0.9231744408607483,0.06145092101801295
1469,0.03940998390316963,0.999830961227417,0.9244230389595032,0.9226673245429993,0.06484131076588691
1470,0.03943915292620659,0.999830961227417,0.9259447455406189,0.9244421720504761,0.06349267398537438
1471,0.03867495432496071,0.9997463822364807,0.9241694211959839,0.9264705777168274,0.061257197249424376
1472,0.04031724855303764,0.999830961227417,0.9259447455406189,0.9279918670654297,0.06658829198442934
1473,0.039692431688308716,0.999830961227417,0.9241694211959839,0.9259634613990784,0.061459531037862246
1474,0.04084758460521698,0.999830961227417,0.9259447455406189,0.9257099032402039,0.06277587782678916
1475,0.040167488157749176,0.9995773434638977,0.9241694211959839,0.9254563450813293,0.06238668045495884
1476,0.039520397782325745,0.999830961227417,0.9264519810676575,0.9246957302093506,0.06417849537869473
1477,0.04392271116375923,0.9999154806137085,0.9259447455406189,0.9254563450813293,0.06797821761762783
1478,0.04001184180378914,0.9999154806137085,0.9267055988311768,0.9241886138916016,0.061569997266295994
1479,0.0410858578979969,0.999830961227417,0.9272128343582153,0.9229208827018738,0.06393090132031612
1480,0.03903984650969505,0.999830961227417,0.9279736876487732,0.9241886138916016,0.059614101676557514
1481,0.040347013622522354,0.9995773434638977,0.9287344813346863,0.9269776940345764,0.06204486684223166
1482,0.039107922464609146,0.999830961227417,0.9282272458076477,0.9269776940345764,0.05842102387747195
1483,0.03879311680793762,0.999830961227417,0.9292417168617249,0.9269776940345764,0.06100787730373219
1484,0.04075946286320686,0.9997463822364807,0.9287344813346863,0.9264705777168274,0.06063104344067746
1485,0.041790325194597244,0.999830961227417,0.9267055988311768,0.9264705777168274,0.06528669051197226
1486,0.03679526224732399,0.9999154806137085,0.9267055988311768,0.9277383089065552,0.05998414816651537
1487,0.04314058646559715,0.999830961227417,0.9274664521217346,0.9287525415420532,0.07225489771966323
1488,0.03750518336892128,0.9997463822364807,0.9261983633041382,0.9274847507476807,0.056603340735548076
1489,0.040962353348731995,0.999830961227417,0.9274664521217346,0.9274847507476807,0.06744804763858928
1490,0.040386371314525604,0.9997463822364807,0.9246766567230225,0.929513156414032,0.06106667184405352
1491,0.04036314785480499,0.9996618628501892,0.9239158630371094,0.9264705777168274,0.06152454350584595
1492,0.04054699465632439,0.9996618628501892,0.925183892250061,0.9252028465270996,0.0691121761470425
1493,0.03945699334144592,0.999830961227417,0.926959216594696,0.9252028465270996,0.06247232869539691
1494,0.03973779082298279,1.0,0.9264519810676575,0.9262170195579529,0.06236451287280115
1495,0.03968781605362892,1.0,0.9236622452735901,0.9249492883682251,0.06396092802413268
1496,0.03988604247570038,0.9999154806137085,0.9234086275100708,0.9254563450813293,0.06803784578205758
1497,0.040153730660676956,0.9999154806137085,0.9274664521217346,0.9257099032402039,0.06559900449431418
1498,0.04127947613596916,0.9999154806137085,0.9256911277770996,0.9246957302093506,0.06742435089637704
1499,0.04003775864839554,0.9999154806137085,0.9249302744865417,0.9241886138916016,0.06556448232178858
1500,0.04028066620230675,0.9999154806137085,0.9246766567230225,0.9231744408607483,0.06469369412664581
1501,0.039322465658187866,1.0,0.9249302744865417,0.9236814975738525,0.06258224637271499
1502,0.04223422333598137,1.0,0.9264519810676575,0.9252028465270996,0.0656346702316456
1503,0.0389300100505352,0.999830961227417,0.9277200698852539,0.9244421720504761,0.060813648090792025
1504,0.04102099686861038,0.9999154806137085,0.926959216594696,0.9264705777168274,0.0660206486448498
1505,0.039310209453105927,0.9999154806137085,0.9272128343582153,0.9221602082252502,0.06604759381177087
1506,0.04098561033606529,0.999830961227417,0.9267055988311768,0.9236814975738525,0.06882684099758082
1507,0.04382595047354698,0.9997463822364807,0.9289880990982056,0.9267241358757019,0.06973983367477823
1508,0.038996949791908264,0.999830961227417,0.9292417168617249,0.9254563450813293,0.0633149070892315
1509,0.03783030807971954,0.9999154806137085,0.9300025701522827,0.9234279990196228,0.059529711728371015
1510,0.041645318269729614,1.0,0.9289880990982056,0.9259634613990784,0.06168291219602725
1511,0.03980283811688423,0.9999154806137085,0.9259447455406189,0.9264705777168274,0.06153267558920091
1512,0.04029479995369911,0.9999154806137085,0.9261983633041382,0.9249492883682251,0.061899168470873116
1513,0.04271246865391731,0.9999154806137085,0.9261983633041382,0.9249492883682251,0.06454779378171624
1514,0.0404665544629097,0.9996618628501892,0.9229013919830322,0.9236814975738525,0.06130035559896286
1515,0.04003853723406792,0.9997463822364807,0.9256911277770996,0.9229208827018738,0.06436739850080006
1516,0.04034653306007385,0.999830961227417,0.9264519810676575,0.9236814975738525,0.06235676162968124
1517,0.03841539844870567,1.0,0.9261983633041382,0.9234279990196228,0.06345362844476193
1518,0.04127146676182747,1.0,0.9261983633041382,0.9259634613990784,0.06484413046020526
1519,0.041259922087192535,1.0,0.9282272458076477,0.9236814975738525,0.0693056056579492
1520,0.038483720272779465,0.9999154806137085,0.9289880990982056,0.9236814975738525,0.060072796161601896
1521,0.040057361125946045,1.0,0.9294953346252441,0.9252028465270996,0.06985122930385546
1522,0.04060344025492668,0.9999154806137085,0.9267055988311768,0.9279918670654297,0.06505369009171068
1523,0.0408916138112545,0.999830961227417,0.9305098056793213,0.9302738308906555,0.06471492749704047
1524,0.03882870078086853,0.9999154806137085,0.9279736876487732,0.9317951202392578,0.06010120579913246
1525,0.040515124797821045,1.0,0.9267055988311768,0.9269776940345764,0.06741076819504237
1526,0.04233797639608383,0.9999154806137085,0.9244230389595032,0.9272311925888062,0.06733618841923357
1527,0.04231449216604233,1.0,0.9226477742195129,0.9262170195579529,0.06988946683858921
1528,0.042346883565187454,0.9997463822364807,0.9261983633041382,0.9254563450813293,0.07121937873124347
1529,0.0398995578289032,0.999830961227417,0.9236622452735901,0.9224137663841248,0.06365386439484179
1530,0.04120553657412529,0.9997463822364807,0.9241694211959839,0.920638918876648,0.07407177785987186
1531,0.03757961839437485,0.9995773434638977,0.9244230389595032,0.9186105132102966,0.06210819890154746
1532,0.04281629994511604,0.999830961227417,0.9223941564559937,0.9186105132102966,0.07804346886223959
1533,0.04217594489455223,0.999830961227417,0.925183892250061,0.9163285493850708,0.0646478907804697
1534,0.0413811095058918,0.9996618628501892,0.9272128343582153,0.9183569550514221,0.06843592079109426
1535,0.04325757548213005,0.9996618628501892,0.9274664521217346,0.9246957302093506,0.070344815743895
1536,0.041086770594120026,0.9995773434638977,0.9274664521217346,0.9252028465270996,0.06882154864157693
1537,0.041370172053575516,0.9997463822364807,0.9246766567230225,0.9234279990196228,0.07011971959623976
1538,0.042820144444704056,0.999830961227417,0.9244230389595032,0.9234279990196228,0.06932291277286966
1539,0.04360928386449814,0.9999154806137085,0.9226477742195129,0.9224137663841248,0.07640099440895529
1540,0.03973905369639397,0.999830961227417,0.9208724498748779,0.9213995933532715,0.062637693756065
1541,0.04101405665278435,0.9999154806137085,0.9241694211959839,0.9208924770355225,0.06835830629900627
1542,0.03972619026899338,0.9999154806137085,0.9254375100135803,0.9213995933532715,0.06082827708509211
1543,0.04150000214576721,1.0,0.926959216594696,0.9229208827018738,0.06804927500869218
1544,0.037278201431035995,0.999830961227417,0.9256911277770996,0.9229208827018738,0.05893216283572203
1545,0.03921247646212578,0.9995773434638977,0.925183892250061,0.9244421720504761,0.06106552209823089
1546,0.04246555268764496,0.9997463822364807,0.9272128343582153,0.9236814975738525,0.06838753595313397
1547,0.039551638066768646,0.9999154806137085,0.9267055988311768,0.9246957302093506,0.06560144814373553
1548,0.039869293570518494,0.9999154806137085,0.9256911277770996,0.9252028465270996,0.06068938585094338
1549,0.039746712893247604,0.9999154806137085,0.9229013919830322,0.9249492883682251,0.06140922836325382
1550,0.03922870010137558,0.9999154806137085,0.9249302744865417,0.9272311925888062,0.06083749480568377
1551,0.040055062621831894,0.9999154806137085,0.9272128343582153,0.9269776940345764,0.06529867663475301
1552,0.04103686660528183,0.9999154806137085,0.928480863571167,0.9267241358757019,0.06349210763710714
1553,0.039582978934049606,0.9999154806137085,0.9261983633041382,0.9287525415420532,0.06446318475298299
1554,0.039089418947696686,0.9999154806137085,0.9261983633041382,0.9249492883682251,0.0646639470109433
1555,0.0403413400053978,1.0,0.9246766567230225,0.9249492883682251,0.06688660184634533
1556,0.03780702129006386,1.0,0.9279736876487732,0.9264705777168274,0.06087482317960252
1557,0.03868965432047844,1.0,0.9277200698852539,0.9257099032402039,0.061226938688456696
1558,0.03821899741888046,1.0,0.925183892250061,0.9241886138916016,0.061204269980595596
1559,0.039667535573244095,1.0,0.9261983633041382,0.9246957302093506,0.06479034495939921
1560,0.03754081949591637,1.0,0.925183892250061,0.9203853607177734,0.05701333917359254
1561,0.040398817509412766,1.0,0.9254375100135803,0.9219066500663757,0.0681311021887449
1562,0.04073071852326393,0.999830961227417,0.9249302744865417,0.9213995933532715,0.06741289514192314
1563,0.037018585950136185,0.9997463822364807,0.9234086275100708,0.9234279990196228,0.059182769756597885
1564,0.03704862296581268,0.999830961227417,0.9249302744865417,0.9241886138916016,0.06176514769292399
1565,0.03844717517495155,0.9999154806137085,0.9239158630371094,0.9249492883682251,0.06390464118805121
1566,0.03777763992547989,0.999830961227417,0.9231550097465515,0.9244421720504761,0.06302485092196096
1567,0.03741917386651039,0.999830961227417,0.9267055988311768,0.9246957302093506,0.06076918168989136
1568,0.03860212117433548,0.9999154806137085,0.9259447455406189,0.9246957302093506,0.060753884499603075
1569,0.038642603904008865,0.999830961227417,0.9249302744865417,0.9224137663841248,0.06669320835147291
1570,0.0389552004635334,0.9999154806137085,0.9231550097465515,0.9236814975738525,0.06354285972269272
1571,0.03878166526556015,0.9997463822364807,0.9244230389595032,0.9231744408607483,0.06561065767385263
1572,0.0380883663892746,0.9996618628501892,0.9254375100135803,0.9241886138916016,0.06331461874303437
1573,0.03886649012565613,0.9997463822364807,0.9261983633041382,0.9236814975738525,0.06467340067057044
1574,0.03968770429491997,0.9996618628501892,0.9272128343582153,0.9254563450813293,0.06504448983687013
1575,0.04011482000350952,0.999830961227417,0.9277200698852539,0.9231744408607483,0.06501953369773178
1576,0.04122164100408554,0.9999154806137085,0.9289880990982056,0.9221602082252502,0.06706105072743643
1577,0.03984132036566734,0.999830961227417,0.9297489523887634,0.9236814975738525,0.06575660333064597
1578,0.03986677527427673,0.9999154806137085,0.9289880990982056,0.9231744408607483,0.06285583905818204
1579,0.04088577255606651,0.9999154806137085,0.930256187915802,0.923935055732727,0.06443158578703784
1580,0.038590721786022186,1.0,0.9300025701522827,0.921653151512146,0.061606342839469565
1581,0.04115770757198334,1.0,0.925183892250061,0.9221602082252502,0.06793448486049095
1582,0.04294819012284279,0.9999154806137085,0.9259447455406189,0.9252028465270996,0.06879504057746645
1583,0.03991472348570824,0.9999154806137085,0.9259447455406189,0.9259634613990784,0.06628666461109027
1584,0.0390719398856163,0.9996618628501892,0.9287344813346863,0.9259634613990784,0.06747188991806993
1585,0.03845400735735893,0.999830961227417,0.9272128343582153,0.9234279990196228,0.061045970111525766
1586,0.041140638291835785,0.9997463822364807,0.9249302744865417,0.9244421720504761,0.06676223432614928
1587,0.04154524207115173,0.999830961227417,0.9231550097465515,0.9252028465270996,0.0673867129246605
1588,0.04056405648589134,0.999830961227417,0.9249302744865417,0.9234279990196228,0.06602025711674714
1589,0.039918337017297745,0.9997463822364807,0.9234086275100708,0.9219066500663757,0.06360963572608837
1590,0.04137963056564331,0.9999154806137085,0.9213796854019165,0.921653151512146,0.06712573205561698
1591,0.039788082242012024,1.0,0.9239158630371094,0.9219066500663757,0.06438983257135572
1592,0.04031725972890854,1.0,0.9254375100135803,0.9246957302093506,0.061802604655544074
1593,0.041371505707502365,0.999830961227417,0.925183892250061,0.9272311925888062,0.06788758175484175
1594,0.03973006457090378,0.9997463822364807,0.9229013919830322,0.9231744408607483,0.0628149668368195
1595,0.040448106825351715,0.999830961227417,0.9249302744865417,0.9241886138916016,0.06626814896670966
1596,0.04140947759151459,0.9996618628501892,0.9241694211959839,0.9224137663841248,0.06325829479088342
1597,0.04026099294424057,0.9996618628501892,0.9226477742195129,0.9246957302093506,0.06140952740468659
1598,0.040529765188694,0.9999154806137085,0.9249302744865417,0.9262170195579529,0.06495171432902294
1599,0.038517240434885025,1.0,0.9272128343582153,0.9262170195579529,0.0609575031730983
1600,0.04190359637141228,1.0,0.926959216594696,0.9259634613990784,0.06442821116889003
1601,0.04184814915060997,1.0,0.9261983633041382,0.9244421720504761,0.06643763508768526
1602,0.03893497213721275,0.9999154806137085,0.9249302744865417,0.9246957302093506,0.06495672639388263
1603,0.04139881581068039,0.9999154806137085,0.9261983633041382,0.9262170195579529,0.06812652371495001
1604,0.04150637611746788,0.9999154806137085,0.9282272458076477,0.9272311925888062,0.06680126214996453
1605,0.03877229616045952,0.999830961227417,0.9282272458076477,0.9234279990196228,0.059786268774844414
1606,0.04059184715151787,0.999830961227417,0.9282272458076477,0.9229208827018738,0.06273738160411552
1607,0.042117055505514145,1.0,0.928480863571167,0.9249492883682251,0.06602763732763277
1608,0.039789628237485886,0.999830961227417,0.9292417168617249,0.9264705777168274,0.0624038976860295
1609,0.04039842635393143,0.9999154806137085,0.926959216594696,0.9272311925888062,0.06541992772780242
1610,0.04125883802771568,0.9999154806137085,0.925183892250061,0.9272311925888062,0.06420117178536122
1611,0.040338966995477676,0.999830961227417,0.9226477742195129,0.9246957302093506,0.06300744451132548
1612,0.039564963430166245,0.9999154806137085,0.9216333031654358,0.9249492883682251,0.06396887636250125
1613,0.04135378822684288,0.999830961227417,0.9223941564559937,0.9257099032402039,0.06593281337791439
1614,0.04135827720165253,0.9997463822364807,0.9211260676383972,0.9262170195579529,0.06693015549159272
1615,0.03927112743258476,0.9997463822364807,0.9231550097465515,0.9274847507476807,0.062434487394099465
1616,0.04034031555056572,0.9996618628501892,0.9264519810676575,0.9284989833831787,0.0670838834888776
1617,0.03932812809944153,0.999830961227417,0.9223941564559937,0.9257099032402039,0.06204225672285932
1618,0.04125553369522095,0.9999154806137085,0.9246766567230225,0.9274847507476807,0.07254403406131388
1619,0.04039747267961502,0.9999154806137085,0.9259447455406189,0.923935055732727,0.06457619466143497
1620,0.04440952092409134,1.0,0.9279736876487732,0.9264705777168274,0.07541983341203597
1621,0.03889395296573639,0.999830961227417,0.9282272458076477,0.9246957302093506,0.060483395118644
1622,0.04238150641322136,0.9996618628501892,0.9274664521217346,0.9229208827018738,0.06770350327443346
1623,0.04282134398818016,0.999830961227417,0.9274664521217346,0.9231744408607483,0.06898021269490888
1624,0.04236467182636261,0.9999154806137085,0.9277200698852539,0.9236814975738525,0.06312985219540676
1625,0.04138563945889473,0.999830961227417,0.9264519810676575,0.9234279990196228,0.06576193082508472
1626,0.039673496037721634,0.999830961227417,0.9259447455406189,0.921146035194397,0.059667494371235995
1627,0.04129711538553238,0.999830961227417,0.9256911277770996,0.9234279990196228,0.06611173702458854
1628,0.03892592340707779,0.999830961227417,0.9289880990982056,0.9257099032402039,0.06243810932661978
1629,0.04087209329009056,0.999830961227417,0.9274664521217346,0.9252028465270996,0.06532963165569333
1630,0.04111787676811218,0.9999154806137085,0.9277200698852539,0.9246957302093506,0.0628482336926881
1631,0.039116885513067245,0.9999154806137085,0.9272128343582153,0.9236814975738525,0.06204628278131324
1632,0.038646843284368515,0.9997463822364807,0.9272128343582153,0.9262170195579529,0.06344438435693384
1633,0.04140676185488701,0.999830961227417,0.9287344813346863,0.9272311925888062,0.06535486044152426
1634,0.040026117116212845,0.999830961227417,0.9267055988311768,0.9274847507476807,0.06079768654326746
1635,0.04006149247288704,0.999830961227417,0.9239158630371094,0.9277383089065552,0.06401304951672236
1636,0.0397566482424736,1.0,0.926959216594696,0.9257099032402039,0.06067845786757314
1637,0.04069036245346069,1.0,0.9267055988311768,0.9262170195579529,0.06260784332321111
1638,0.038329701870679855,1.0,0.9264519810676575,0.9264705777168274,0.06023978197250777
1639,0.038744889199733734,1.0,0.925183892250061,0.9244421720504761,0.06099696607608681
1640,0.03956356272101402,0.9999154806137085,0.928480863571167,0.9234279990196228,0.06298555563401381
1641,0.039440035820007324,0.9999154806137085,0.9264519810676575,0.923935055732727,0.06403847938589675
1642,0.040616780519485474,0.9999154806137085,0.9282272458076477,0.9236814975738525,0.06354705862896508
1643,0.03984149172902107,0.999830961227417,0.9277200698852539,0.9249492883682251,0.06712980890567223
1644,0.038337234407663345,0.9997463822364807,0.9254375100135803,0.923935055732727,0.06119707755331894
1645,0.040960073471069336,0.9999154806137085,0.9254375100135803,0.9244421720504761,0.06606191267556957
1646,0.03861643373966217,0.9999154806137085,0.9229013919830322,0.9249492883682251,0.05945384817910478
1647,0.038866665214300156,1.0,0.9203652143478394,0.9272311925888062,0.06209501815300199
1648,0.041025519371032715,1.0,0.9221405386924744,0.9267241358757019,0.06587334068729123
1649,0.03865179792046547,0.9999154806137085,0.9239158630371094,0.9264705777168274,0.064366205950167
1650,0.03957919031381607,0.9999154806137085,0.9254375100135803,0.9254563450813293,0.06412111894609726
1651,0.03818812221288681,0.9999154806137085,0.9236622452735901,0.9236814975738525,0.05917968127882079
1652,0.038376376032829285,0.9999154806137085,0.9216333031654358,0.9229208827018738,0.06475679926821587
1653,0.040850505232810974,0.9999154806137085,0.9236622452735901,0.9234279990196228,0.06520010654722297
1654,0.04030384495854378,0.999830961227417,0.9256911277770996,0.9246957302093506,0.06760073235188253
1655,0.04261868819594383,0.9999154806137085,0.9236622452735901,0.9252028465270996,0.06852490220822015
1656,0.04066326096653938,0.9999154806137085,0.9246766567230225,0.9249492883682251,0.06531447888140567
1657,0.040301986038684845,0.999830961227417,0.9272128343582153,0.9254563450813293,0.06559839361647617
1658,0.039574675261974335,0.9997463822364807,0.9297489523887634,0.9246957302093506,0.0631660278836281
1659,0.0418449304997921,0.999830961227417,0.9307634234428406,0.9259634613990784,0.06696709125372934
1660,0.03951285034418106,0.9997463822364807,0.9287344813346863,0.9249492883682251,0.061869102941681076
1661,0.040476586669683456,0.999830961227417,0.9305098056793213,0.9267241358757019,0.06335025092276825
1662,0.04032052308320999,0.999830961227417,0.9267055988311768,0.9244421720504761,0.06336631323244481
1663,0.04379073902964592,0.999830961227417,0.9274664521217346,0.9246957302093506,0.06617338018463764
1664,0.042135097086429596,0.999830961227417,0.9289880990982056,0.9246957302093506,0.0702201691726799
1665,0.041906971484422684,0.9997463822364807,0.9289880990982056,0.9287525415420532,0.06882715375449472
1666,0.041347287595272064,0.9999154806137085,0.9297489523887634,0.9277383089065552,0.07271997163982065
1667,0.04028869420289993,0.999830961227417,0.9279736876487732,0.9246957302093506,0.06246081855021752
1668,0.03987607732415199,0.999830961227417,0.9256911277770996,0.9236814975738525,0.06461904262433639
1669,0.04246249794960022,0.9997463822364807,0.9272128343582153,0.9229208827018738,0.06740897142684162
1670,0.042170919477939606,0.999830961227417,0.9259447455406189,0.9252028465270996,0.06923821720638175
1671,0.0386262945830822,0.9997463822364807,0.9287344813346863,0.9234279990196228,0.059681652453016334
1672,0.04249430075287819,0.999830961227417,0.9287344813346863,0.9244421720504761,0.068998755687396
1673,0.04175914451479912,0.999830961227417,0.9234086275100708,0.9226673245429993,0.06789654439602741
1674,0.04135937616229057,0.999830961227417,0.9279736876487732,0.9213995933532715,0.07260961380473893
1675,0.04212144389748573,0.9999154806137085,0.9277200698852539,0.9193711876869202,0.06955328197473441
1676,0.03978576883673668,0.999830961227417,0.9272128343582153,0.9208924770355225,0.06617718334749735
1677,0.04054422676563263,0.9999154806137085,0.9261983633041382,0.9241886138916016,0.06714972746465232
1678,0.040695298463106155,0.9997463822364807,0.9274664521217346,0.9224137663841248,0.06766150062468466
1679,0.040479376912117004,0.9999154806137085,0.9305098056793213,0.9236814975738525,0.06804072355112016
1680,0.04015875607728958,0.9996618628501892,0.9287344813346863,0.9221602082252502,0.06163175613351323
1681,0.041872527450323105,0.9997463822364807,0.9272128343582153,0.9219066500663757,0.06841888035750163
1682,0.03953320533037186,0.999830961227417,0.9279736876487732,0.9229208827018738,0.06253271773515143
1683,0.041735291481018066,0.9997463822364807,0.928480863571167,0.9252028465270996,0.06529688054752117
1684,0.04276680946350098,0.9999154806137085,0.9261983633041382,0.9269776940345764,0.06709870269686556
1685,0.03995737060904503,0.999830961227417,0.9246766567230225,0.9269776940345764,0.06418838620026754
1686,0.039183661341667175,1.0,0.9226477742195129,0.9257099032402039,0.0631377342679436
1687,0.04027562215924263,0.9999154806137085,0.9246766567230225,0.9246957302093506,0.06376591929932009
1688,0.03910153731703758,1.0,0.9244230389595032,0.9241886138916016,0.06628316365653464
1689,0.03955915570259094,0.9999154806137085,0.9244230389595032,0.9249492883682251,0.06387722987696227
1690,0.039153091609478,0.9999154806137085,0.9264519810676575,0.9231744408607483,0.0640761512846948
1691,0.04004330933094025,0.9999154806137085,0.9261983633041382,0.9229208827018738,0.0626385697988052
1692,0.04157734289765358,0.9999154806137085,0.9261983633041382,0.9224137663841248,0.06747320129858787
1693,0.04339374229311943,1.0,0.9277200698852539,0.9236814975738525,0.07049467136941404
1694,0.03978052735328674,1.0,0.9292417168617249,0.9231744408607483,0.06175108259346321
1695,0.04065005108714104,0.9999154806137085,0.9292417168617249,0.9249492883682251,0.062305312373888484
1696,0.04033355414867401,0.9999154806137085,0.9297489523887634,0.9246957302093506,0.06214125010113433
1697,0.042697612196207047,0.9997463822364807,0.9289880990982056,0.9234279990196228,0.06545836739529626
1698,0.04037782922387123,0.999830961227417,0.9289880990982056,0.9244421720504761,0.06622879742317139
1699,0.04067383334040642,0.999830961227417,0.9294953346252441,0.9246957302093506,0.06339095802541658
1700,0.04097677022218704,0.999830961227417,0.9300025701522827,0.9236814975738525,0.06508018430304613
1701,0.03891195356845856,0.9999154806137085,0.9254375100135803,0.9257099032402039,0.06133048231703787
1702,0.038911279290914536,0.9999154806137085,0.9241694211959839,0.921146035194397,0.0610980608444419
1703,0.04038253799080849,0.999830961227417,0.9249302744865417,0.9196247458457947,0.06241018618870666
1704,0.040124449878931046,0.9997463822364807,0.9249302744865417,0.9208924770355225,0.06246493075047109
1705,0.04049896448850632,0.9996618628501892,0.9259447455406189,0.9213995933532715,0.06407022558352418
1706,0.039706893265247345,0.9996618628501892,0.9272128343582153,0.9221602082252502,0.06243990654762078
1707,0.0397220142185688,0.9997463822364807,0.9292417168617249,0.9196247458457947,0.06274878685392013
1708,0.04184529557824135,0.9997463822364807,0.9294953346252441,0.9213995933532715,0.06827231948379395
1709,0.0403667613863945,0.9997463822364807,0.9272128343582153,0.9236814975738525,0.06352004853032009
1710,0.04035773128271103,0.9996618628501892,0.9282272458076477,0.9224137663841248,0.0703248655570877
1711,0.03906140476465225,0.999830961227417,0.9264519810676575,0.9224137663841248,0.06509933833833646
1712,0.04231792688369751,0.9999154806137085,0.9282272458076477,0.9257099032402039,0.0710383490769894
1713,0.03971710428595543,0.999830961227417,0.9274664521217346,0.9264705777168274,0.06475510554095944
1714,0.04113262891769409,0.999830961227417,0.928480863571167,0.9262170195579529,0.0708896814374608
1715,0.039264921098947525,0.999830961227417,0.9312706589698792,0.9262170195579529,0.0613165910937261
1716,0.03940838202834129,0.9996618628501892,0.9307634234428406,0.9257099032402039,0.06366499097353275
1717,0.04075312614440918,0.9996618628501892,0.9264519810676575,0.9246957302093506,0.06937191350851857
1718,0.040992170572280884,0.9997463822364807,0.928480863571167,0.9213995933532715,0.06443810617106575
1719,0.040001384913921356,0.9999154806137085,0.9300025701522827,0.9213995933532715,0.06391679620487944
1720,0.04030120000243187,0.999830961227417,0.9261983633041382,0.921653151512146,0.06480673979476873
1721,0.040402382612228394,0.9999154806137085,0.9272128343582153,0.9198782444000244,0.06618130385360577
1722,0.03929929807782173,0.9999154806137085,0.9287344813346863,0.9198782444000244,0.06150045985577498
1723,0.040141768753528595,0.9997463822364807,0.926959216594696,0.9236814975738525,0.06601551131925101
1724,0.04054073616862297,0.9997463822364807,0.9274664521217346,0.9234279990196228,0.06267675339636936
1725,0.0410386361181736,0.9999154806137085,0.9244230389595032,0.923935055732727,0.06621976707291469
1726,0.03903520107269287,0.9997463822364807,0.9264519810676575,0.9231744408607483,0.06264192490483239
1727,0.04209785908460617,0.9997463822364807,0.9239158630371094,0.9234279990196228,0.06538751818541143
1728,0.03950535133481026,0.9996618628501892,0.9231550097465515,0.9203853607177734,0.061264140375002406
1729,0.04051947593688965,0.9999154806137085,0.9264519810676575,0.921653151512146,0.06595656995830947
1730,0.041802722960710526,1.0,0.9272128343582153,0.9213995933532715,0.06515841472658271
1731,0.04204553738236427,1.0,0.9261983633041382,0.9213995933532715,0.06926732448861661
1732,0.03811268508434296,0.999830961227417,0.9254375100135803,0.9221602082252502,0.06122048844918394
1733,0.040316540747880936,0.999830961227417,0.9274664521217346,0.921653151512146,0.061309689990487845
1734,0.040283091366291046,0.9999154806137085,0.9267055988311768,0.9226673245429993,0.06385800805980374
1735,0.04200005531311035,1.0,0.9267055988311768,0.9229208827018738,0.06920638569313363
1736,0.040468327701091766,0.9999154806137085,0.9249302744865417,0.9231744408607483,0.06099202552344186
1737,0.039214011281728745,1.0,0.9231550097465515,0.9234279990196228,0.06116400796970291
1738,0.039560604840517044,0.999830961227417,0.9249302744865417,0.9241886138916016,0.06287233684277464
1739,0.04193756356835365,0.9999154806137085,0.9234086275100708,0.9231744408607483,0.06556386368176279
1740,0.040395621210336685,0.999830961227417,0.9244230389595032,0.9246957302093506,0.06628164353613704
1741,0.03890432044863701,0.9999154806137085,0.9234086275100708,0.923935055732727,0.06106141543082116
1742,0.0401088185608387,0.9997463822364807,0.9264519810676575,0.9272311925888062,0.06739544693331734
1743,0.0409853495657444,0.9997463822364807,0.9264519810676575,0.9282454252243042,0.06592995593572651
1744,0.04116817191243172,0.999830961227417,0.9267055988311768,0.9274847507476807,0.07089697049537699
1745,0.038331039249897,0.9997463822364807,0.9254375100135803,0.923935055732727,0.06263154816799198
1746,0.04344828054308891,0.999830961227417,0.9249302744865417,0.9249492883682251,0.07450508387712645
1747,0.039419542998075485,0.9999154806137085,0.925183892250061,0.9249492883682251,0.061694118714963324
1748,0.038883861154317856,0.9999154806137085,0.9259447455406189,0.9241886138916016,0.061439105117948915
1749,0.041847482323646545,0.9999154806137085,0.9264519810676575,0.9257099032402039,0.06652166802466754
1750,0.04160191863775253,0.9997463822364807,0.9234086275100708,0.9264705777168274,0.06611664617907323
1751,0.04078148677945137,0.9997463822364807,0.9256911277770996,0.9259634613990784,0.06500338077426834
1752,0.04093347117304802,0.9996618628501892,0.9249302744865417,0.9246957302093506,0.06439907261891441
1753,0.03970082104206085,0.9996618628501892,0.926959216594696,0.9231744408607483,0.0647799054967799
1754,0.03882469981908798,0.999830961227417,0.9267055988311768,0.9241886138916016,0.06025121676103556
1755,0.03777826949954033,1.0,0.9282272458076477,0.9234279990196228,0.0599695523068402
1756,0.038632288575172424,1.0,0.932031512260437,0.9236814975738525,0.0645764584587727
1757,0.04096266254782677,1.0,0.9322850704193115,0.9224137663841248,0.06551294574700049
1758,0.04016267880797386,0.999830961227417,0.932031512260437,0.9236814975738525,0.06644293662399867
1759,0.04064532741904259,1.0,0.9317778944969177,0.9236814975738525,0.06465150287531007
1760,0.038637179881334305,1.0,0.928480863571167,0.9231744408607483,0.06145685089999023
1761,0.03915760666131973,0.999830961227417,0.9279736876487732,0.9246957302093506,0.06305043193511471
1762,0.03858942911028862,1.0,0.9277200698852539,0.9264705777168274,0.060581647380220434
1763,0.039857346564531326,1.0,0.9277200698852539,0.9236814975738525,0.06471869368210023
1764,0.03906594216823578,1.0,0.928480863571167,0.9244421720504761,0.0664692028765678
1765,0.036971498280763626,0.999830961227417,0.9294953346252441,0.9246957302093506,0.05904640336128385
1766,0.037728507071733475,0.9996618628501892,0.9305098056793213,0.9249492883682251,0.06072382292752752
1767,0.039494987577199936,0.9996618628501892,0.9315242767333984,0.9236814975738525,0.06304743088981792
1768,0.04144727811217308,0.9997463822364807,0.9300025701522827,0.9259634613990784,0.06875319807504608
1769,0.03792611509561539,0.999830961227417,0.928480863571167,0.9274847507476807,0.061733104986847025
1770,0.04014343023300171,0.9999154806137085,0.9297489523887634,0.9269776940345764,0.06127052168161163
1771,0.04011445865035057,0.999830961227417,0.9282272458076477,0.9262170195579529,0.06397700799450216
1772,0.03648245334625244,0.999830961227417,0.9264519810676575,0.9252028465270996,0.05827555256550828
1773,0.042044319212436676,0.999830961227417,0.925183892250061,0.9254563450813293,0.06860665806741044
1774,0.038551390171051025,0.9997463822364807,0.9264519810676575,0.9272311925888062,0.061964807133091
1775,0.0406368188560009,0.9996618628501892,0.9267055988311768,0.9287525415420532,0.0665204954157923
1776,0.03891754150390625,0.9997463822364807,0.9300025701522827,0.9302738308906555,0.063772950070706
1777,0.03952508419752121,0.9999154806137085,0.9272128343582153,0.9274847507476807,0.062397169341109865
1778,0.03810792788863182,1.0,0.9256911277770996,0.9262170195579529,0.06183136760136668
1779,0.039487604051828384,1.0,0.925183892250061,0.9254563450813293,0.06685413283944248
1780,0.040895916521549225,1.0,0.9264519810676575,0.9236814975738525,0.0666712005595693
1781,0.03848380967974663,1.0,0.9272128343582153,0.923935055732727,0.06068982365301911
1782,0.04182583838701248,1.0,0.9282272458076477,0.923935055732727,0.07259668133824167
1783,0.03938635066151619,0.999830961227417,0.928480863571167,0.9252028465270996,0.06362992234728652
1784,0.04175272583961487,0.999830961227417,0.9279736876487732,0.9221602082252502,0.06527013592061719
1785,0.04001900553703308,0.9997463822364807,0.9244230389595032,0.9226673245429993,0.06633425341277792
1786,0.04118159040808678,1.0,0.9244230389595032,0.9236814975738525,0.06936519317496465
1787,0.04044211655855179,0.999830961227417,0.9241694211959839,0.9231744408607483,0.0639811176015523
1788,0.04116198047995567,0.9996618628501892,0.9226477742195129,0.9226673245429993,0.06843624060929022
1789,0.04141932353377342,0.9999154806137085,0.9244230389595032,0.923935055732727,0.06882094796653998
1790,0.040412187576293945,0.9999154806137085,0.9256911277770996,0.9236814975738525,0.06404170979510834
1791,0.04063354805111885,1.0,0.9277200698852539,0.9229208827018738,0.06157499341822108
1792,0.041924528777599335,1.0,0.9297489523887634,0.9264705777168274,0.06597133498667697
1793,0.04045847803354263,0.9999154806137085,0.928480863571167,0.9259634613990784,0.06293782832192485
1794,0.040682800114154816,0.9999154806137085,0.9287344813346863,0.923935055732727,0.0647442717231645
1795,0.04101185500621796,0.9999154806137085,0.9282272458076477,0.9252028465270996,0.06716616386872652
1796,0.04059114307165146,0.9999154806137085,0.9272128343582153,0.9252028465270996,0.06421540744220709
1797,0.03967588022351265,0.999830961227417,0.9272128343582153,0.9246957302093506,0.06466034147843293
1798,0.04161743447184563,0.999830961227417,0.9249302744865417,0.9236814975738525,0.06919627955912702
1799,0.04154420271515846,0.9997463822364807,0.9239158630371094,0.9229208827018738,0.06518484215650178
1800,0.04075263813138008,0.9999154806137085,0.9256911277770996,0.9249492883682251,0.06702094652834056
1801,0.038769710808992386,0.999830961227417,0.9256911277770996,0.9257099032402039,0.0654158577191329
1802,0.04040614143013954,0.9999154806137085,0.9267055988311768,0.9264705777168274,0.06394065290967266
1803,0.03994140774011612,0.999830961227417,0.9256911277770996,0.9262170195579529,0.06409236826387897
1804,0.040030937641859055,0.999830961227417,0.9259447455406189,0.9282454252243042,0.06489414245975599
1805,0.03890913352370262,0.9996618628501892,0.9267055988311768,0.9282454252243042,0.062351856787435225
1806,0.04053487256169319,0.999830961227417,0.9261983633041382,0.929006040096283,0.06424549940559285
1807,0.040700774639844894,0.9999154806137085,0.9279736876487732,0.9274847507476807,0.06669364906433566
1808,0.04017576575279236,0.9997463822364807,0.926959216594696,0.9272311925888062,0.06528488055082964
1809,0.041182126849889755,0.9999154806137085,0.926959216594696,0.9264705777168274,0.06532179548943354
1810,0.04023190215229988,0.9999154806137085,0.9277200698852539,0.9272311925888062,0.0666331517776267
1811,0.041377436369657516,0.9997463822364807,0.9294953346252441,0.9277383089065552,0.06443912542439269
1812,0.0411001592874527,0.9999154806137085,0.9292417168617249,0.923935055732727,0.06616446604653246
1813,0.03967159613966942,0.9996618628501892,0.9279736876487732,0.9259634613990784,0.06441411574307354
1814,0.03837321326136589,0.9996618628501892,0.9277200698852539,0.9264705777168274,0.06312848486762289
1815,0.04107026755809784,0.9995773434638977,0.9274664521217346,0.9272311925888062,0.06383369656406732
1816,0.043279025703668594,0.9995773434638977,0.9256911277770996,0.9267241358757019,0.07078157572425417
1817,0.041358526796102524,0.9994928240776062,0.9244230389595032,0.9213995933532715,0.06779014432321034
1818,0.039263635873794556,0.9995773434638977,0.9259447455406189,0.9221602082252502,0.061747039216781666
1819,0.04156790301203728,0.9999154806137085,0.9289880990982056,0.9236814975738525,0.06929955881967127
1820,0.03931581228971481,0.9999154806137085,0.9267055988311768,0.9234279990196228,0.06046050730982506
1821,0.04245546832680702,1.0,0.9272128343582153,0.9264705777168274,0.06699469588786319
1822,0.040294941514730453,0.999830961227417,0.9267055988311768,0.9269776940345764,0.06408640107024435
1823,0.038684096187353134,0.9997463822364807,0.9234086275100708,0.9254563450813293,0.06112235563143562
1824,0.03949451446533203,0.999830961227417,0.925183892250061,0.9267241358757019,0.0663407570105955
1825,0.0391526073217392,0.9996618628501892,0.926959216594696,0.9252028465270996,0.059718949453480524
1826,0.03910759091377258,0.9996618628501892,0.9282272458076477,0.9249492883682251,0.061660859959619084
1827,0.04135811701416969,0.9999154806137085,0.9272128343582153,0.9254563450813293,0.06368157619486291
1828,0.038648586720228195,1.0,0.9254375100135803,0.9254563450813293,0.0641172730647082
1829,0.03773171827197075,1.0,0.9241694211959839,0.9267241358757019,0.06123252644043174
1830,0.04217611998319626,0.9999154806137085,0.925183892250061,0.9249492883682251,0.06794646492971225
1831,0.04279860481619835,1.0,0.9274664521217346,0.9219066500663757,0.07094089861847076
1832,0.03874969482421875,0.9997463822364807,0.9294953346252441,0.9226673245429993,0.058457749657733885
1833,0.04048989713191986,0.9999154806137085,0.9272128343582153,0.9213995933532715,0.06271732084048236
1834,0.040365029126405716,0.9999154806137085,0.9264519810676575,0.9203853607177734,0.06488625646833845
1835,0.039491258561611176,0.9999154806137085,0.926959216594696,0.9213995933532715,0.06385484579256547
1836,0.03971075639128685,0.999830961227417,0.9274664521217346,0.921653151512146,0.06297041025388343
1837,0.041071392595767975,0.9999154806137085,0.9272128343582153,0.9208924770355225,0.06716423558409153
1838,0.03901151940226555,0.999830961227417,0.9261983633041382,0.921146035194397,0.0632127972807106
1839,0.040842995047569275,0.9999154806137085,0.9234086275100708,0.9201318025588989,0.06512588916781376
1840,0.03940310329198837,1.0,0.9234086275100708,0.9231744408607483,0.060659743661114755
1841,0.03905839845538139,0.9999154806137085,0.9241694211959839,0.9221602082252502,0.06127712826315336
1842,0.04129061475396156,0.9999154806137085,0.9249302744865417,0.9244421720504761,0.06790732590148069
1843,0.039826542139053345,1.0,0.9261983633041382,0.923935055732727,0.06374496505066657
1844,0.03949422016739845,1.0,0.9274664521217346,0.9224137663841248,0.06329512240091963
1845,0.038519226014614105,0.999830961227417,0.926959216594696,0.9219066500663757,0.0617606216296247
1846,0.03958439081907272,0.9996618628501892,0.926959216594696,0.921146035194397,0.06058127276690953
1847,0.043041031807661057,0.9997463822364807,0.9274664521217346,0.9226673245429993,0.07265817631407562
1848,0.03835881128907204,0.9999154806137085,0.9264519810676575,0.9236814975738525,0.05980057829427065
1849,0.04081866517663002,1.0,0.9229013919830322,0.9226673245429993,0.06618671050350142
1850,0.04330276697874069,1.0,0.9256911277770996,0.9244421720504761,0.0747345091119758
1851,0.038836851716041565,0.9996618628501892,0.928480863571167,0.9219066500663757,0.05928533374832445
1852,0.041734255850315094,0.9995773434638977,0.9287344813346863,0.9231744408607483,0.06712076058280925
1853,0.04066324234008789,0.9994928240776062,0.9294953346252441,0.9224137663841248,0.06707833550026433
1854,0.03936343640089035,0.9997463822364807,0.9287344813346863,0.9234279990196228,0.06167152047642278
1855,0.04017482325434685,0.9999154806137085,0.9282272458076477,0.9241886138916016,0.06438711903765774
1856,0.04216960817575455,0.9999154806137085,0.9287344813346863,0.9244421720504761,0.06927180338760729
1857,0.040774136781692505,0.9999154806137085,0.928480863571167,0.9254563450813293,0.0641369087465939
1858,0.041211169213056564,0.999830961227417,0.9264519810676575,0.9267241358757019,0.06876867871339683
1859,0.04320860654115677,0.9997463822364807,0.9244230389595032,0.9252028465270996,0.07125850336295343
1860,0.04082728177309036,0.9997463822364807,0.9267055988311768,0.9244421720504761,0.06804060268505238
1861,0.04111580550670624,0.999830961227417,0.9239158630371094,0.9274847507476807,0.0677643964094342
1862,0.041234906762838364,0.999830961227417,0.9216333031654358,0.9269776940345764,0.0677790952389897
1863,0.041191477328538895,1.0,0.9226477742195129,0.9259634613990784,0.06562273787383971
1864,0.03910573944449425,1.0,0.9244230389595032,0.9249492883682251,0.062363899135617226
1865,0.043333180248737335,0.9997463822364807,0.9254375100135803,0.9249492883682251,0.0704633379972838
1866,0.04305533319711685,0.9999154806137085,0.9267055988311768,0.9257099032402039,0.07154363578668783
1867,0.04070413112640381,0.9999154806137085,0.926959216594696,0.9259634613990784,0.06452779123455876
1868,0.04217871278524399,0.999830961227417,0.926959216594696,0.9279918670654297,0.06497157707074781
1869,0.03993900865316391,0.999830961227417,0.9289880990982056,0.9246957302093506,0.06499369023269774
1870,0.03901813551783562,0.999830961227417,0.9267055988311768,0.9241886138916016,0.062244567905546735
1871,0.040308959782123566,0.9999154806137085,0.9249302744865417,0.9236814975738525,0.0637494528081403
1872,0.041594117879867554,0.9997463822364807,0.928480863571167,0.9244421720504761,0.06561065564999888
1873,0.03890206664800644,0.9997463822364807,0.9256911277770996,0.9244421720504761,0.0588505346458889
1874,0.04004588723182678,0.9997463822364807,0.9254375100135803,0.9241886138916016,0.06217851911803499
1875,0.040095288306474686,0.9997463822364807,0.9241694211959839,0.920638918876648,0.061670822214325446
1876,0.041092678904533386,0.9999154806137085,0.9229013919830322,0.9183569550514221,0.06267091999150988
1877,0.0392657071352005,0.9999154806137085,0.9236622452735901,0.9183569550514221,0.06120177193502816
1878,0.03907111659646034,0.9999154806137085,0.925183892250061,0.9229208827018738,0.06013185790779598
1879,0.03813619539141655,0.9999154806137085,0.9279736876487732,0.9236814975738525,0.058083079394004096
1880,0.041661083698272705,0.9999154806137085,0.925183892250061,0.9224137663841248,0.06592827333844657
1881,0.03835223242640495,0.999830961227417,0.9267055988311768,0.921653151512146,0.06094961444612498
1882,0.03914206847548485,0.999830961227417,0.9259447455406189,0.9252028465270996,0.06279487185873651
1883,0.03932585567235947,0.9999154806137085,0.9267055988311768,0.9246957302093506,0.06268352079372336
1884,0.03855717182159424,0.9997463822364807,0.9254375100135803,0.9234279990196228,0.06353765655567603
1885,0.040880825370550156,0.999830961227417,0.926959216594696,0.9254563450813293,0.062219201105963226
1886,0.04022252932190895,0.999830961227417,0.9259447455406189,0.9249492883682251,0.06425140631160324
1887,0.038669146597385406,1.0,0.926959216594696,0.9236814975738525,0.05932514275847099
1888,0.03857920318841934,1.0,0.9249302744865417,0.9213995933532715,0.06016036947168763
1889,0.037997230887413025,0.9999154806137085,0.925183892250061,0.921653151512146,0.0609112237547564
1890,0.03839125111699104,0.999830961227417,0.9264519810676575,0.9213995933532715,0.06191467782310003
1891,0.03794994205236435,0.9999154806137085,0.9272128343582153,0.923935055732727,0.06104378668669565
1892,0.03696627542376518,1.0,0.9289880990982056,0.9254563450813293,0.06100114998965228
1893,0.039788808673620224,1.0,0.9256911277770996,0.9234279990196228,0.06182801877190203
1894,0.03982778638601303,1.0,0.9244230389595032,0.9208924770355225,0.06648735037420096
1895,0.03883814439177513,0.999830961227417,0.9244230389595032,0.9208924770355225,0.06380897130344727
1896,0.03914717957377434,0.9996618628501892,0.9239158630371094,0.9213995933532715,0.06147515983012425
1897,0.03904062882065773,0.9994928240776062,0.9241694211959839,0.9213995933532715,0.0633135620606297
1898,0.040713969618082047,0.999830961227417,0.9254375100135803,0.9241886138916016,0.06714465628039096
1899,0.04174831137061119,0.9999154806137085,0.9256911277770996,0.9208924770355225,0.06987743593914096
1900,0.03925657272338867,0.9999154806137085,0.925183892250061,0.9221602082252502,0.0676125381850227
1901,0.04215708002448082,0.999830961227417,0.9221405386924744,0.921146035194397,0.06894064127189116
1902,0.040509264916181564,1.0,0.9259447455406189,0.9226673245429993,0.06766168726261508
1903,0.0400724783539772,1.0,0.926959216594696,0.921653151512146,0.06189171528792439
1904,0.04109079763293266,0.999830961227417,0.9246766567230225,0.9213995933532715,0.06529271482740091
1905,0.040821634232997894,0.9999154806137085,0.9241694211959839,0.9236814975738525,0.06784834950246843
1906,0.038809143006801605,0.9999154806137085,0.9213796854019165,0.920638918876648,0.06229116973846347
1907,0.0420759841799736,0.9999154806137085,0.9244230389595032,0.9236814975738525,0.0760306702298314
1908,0.04177333787083626,0.999830961227417,0.9264519810676575,0.9257099032402039,0.06552646594199878
1909,0.039282284677028656,0.999830961227417,0.9267055988311768,0.9262170195579529,0.06310628015364418
1910,0.03989685699343681,1.0,0.9254375100135803,0.9236814975738525,0.06204379899352372
1911,0.041830770671367645,0.9999154806137085,0.9254375100135803,0.923935055732727,0.06619132310414606
1912,0.04268255457282066,0.9999154806137085,0.9287344813346863,0.9254563450813293,0.06836283117710867
1913,0.040084969252347946,0.9999154806137085,0.9267055988311768,0.9246957302093506,0.061770587780715355
1914,0.040530312806367874,0.9999154806137085,0.9282272458076477,0.9257099032402039,0.0640235934442632
1915,0.0392376184463501,0.999830961227417,0.9264519810676575,0.9224137663841248,0.06211604042564155
1916,0.043354470282793045,0.999830961227417,0.9267055988311768,0.923935055732727,0.0694131673672238
1917,0.04124933108687401,0.9999154806137085,0.9254375100135803,0.9244421720504761,0.06530821851971158
1918,0.04044989496469498,0.9995773434638977,0.9282272458076477,0.9249492883682251,0.06329325451093513
1919,0.03986486420035362,0.9995773434638977,0.926959216594696,0.9254563450813293,0.061219852022864
1920,0.04385078698396683,0.999830961227417,0.925183892250061,0.9279918670654297,0.07011270145752137
1921,0.04416856914758682,0.9997463822364807,0.9246766567230225,0.9287525415420532,0.06817635169937658
1922,0.04164585471153259,0.9996618628501892,0.9256911277770996,0.9262170195579529,0.06811304678749971
1923,0.04134490340948105,0.9997463822364807,0.9239158630371094,0.9249492883682251,0.06602444429565947
1924,0.0424286387860775,0.9999154806137085,0.9239158630371094,0.9259634613990784,0.07157037469478007
1925,0.041088398545980453,1.0,0.9267055988311768,0.9274847507476807,0.0640761300363228
1926,0.04014349356293678,1.0,0.9272128343582153,0.9257099032402039,0.06380004575153826
1927,0.043080925941467285,1.0,0.9256911277770996,0.9272311925888062,0.07137874263587546
1928,0.04133477061986923,1.0,0.9244230389595032,0.9254563450813293,0.061044131945233886
1929,0.03906368836760521,0.9999154806137085,0.9216333031654358,0.9279918670654297,0.06142037141824153
1930,0.043482668697834015,1.0,0.9239158630371094,0.9272311925888062,0.06818679112365075
1931,0.039095595479011536,0.9999154806137085,0.9254375100135803,0.9257099032402039,0.06155152525436752
1932,0.03941992297768593,1.0,0.9259447455406189,0.9259634613990784,0.058981735157954254
1933,0.03953542560338974,0.9999154806137085,0.9244230389595032,0.9269776940345764,0.06353549332030821
1934,0.03905933350324631,0.9999154806137085,0.9246766567230225,0.9252028465270996,0.060831505612960836
1935,0.040427569299936295,0.999830961227417,0.9226477742195129,0.9236814975738525,0.06468817557012545
1936,0.042815715074539185,0.9999154806137085,0.9229013919830322,0.9231744408607483,0.06981540311135878
1937,0.03924846276640892,0.9999154806137085,0.9231550097465515,0.9219066500663757,0.06146869288294898
1938,0.038792744278907776,0.9999154806137085,0.9256911277770996,0.921653151512146,0.06194084875003011
1939,0.04015185683965683,0.999830961227417,0.9264519810676575,0.9221602082252502,0.062393352373643234
1940,0.039541274309158325,0.9997463822364807,0.9279736876487732,0.9231744408607483,0.062058370288899975
1941,0.040593456476926804,0.9999154806137085,0.9300025701522827,0.9244421720504761,0.06096584308595435
1942,0.04113147407770157,0.9999154806137085,0.9310170412063599,0.9231744408607483,0.06593766162517346
1943,0.03894945979118347,0.9999154806137085,0.9282272458076477,0.923935055732727,0.05674412693973771
1944,0.03738712891936302,0.9999154806137085,0.9267055988311768,0.921653151512146,0.06005463918772258
1945,0.03827352821826935,0.999830961227417,0.9254375100135803,0.9221602082252502,0.059054529405808
1946,0.03842176869511604,0.9997463822364807,0.9249302744865417,0.9229208827018738,0.0611403009255037
1947,0.03941958770155907,0.9994928240776062,0.9216333031654358,0.9226673245429993,0.06235161106853467
1948,0.0389363057911396,0.999830961227417,0.9211260676383972,0.9198782444000244,0.06239643503772042
1949,0.03828573226928711,0.9997463822364807,0.9208724498748779,0.921653151512146,0.06408493514710524
1950,0.03912883996963501,0.9999154806137085,0.9218869209289551,0.9231744408607483,0.06339026413707721
1951,0.038171134889125824,0.9999154806137085,0.9206188321113586,0.923935055732727,0.06181934896976726
1952,0.03956686705350876,0.999830961227417,0.9221405386924744,0.921653151512146,0.0635644912892243
1953,0.04016077145934105,0.999830961227417,0.9267055988311768,0.9219066500663757,0.06356416807823896
1954,0.03962235525250435,0.9997463822364807,0.9264519810676575,0.9234279990196228,0.06504123625545727
1955,0.03958170488476753,0.9997463822364807,0.9234086275100708,0.9241886138916016,0.06260526875667889
1956,0.041473522782325745,0.9999154806137085,0.925183892250061,0.9201318025588989,0.07069426710269154
1957,0.03775216266512871,0.999830961227417,0.9272128343582153,0.9208924770355225,0.06271140712530089
1958,0.039715107530355453,0.9996618628501892,0.9279736876487732,0.9224137663841248,0.06227792560162419
1959,0.04195219278335571,0.9997463822364807,0.9282272458076477,0.9259634613990784,0.06855412230931837
1960,0.04116722196340561,0.999830961227417,0.925183892250061,0.9229208827018738,0.06764286491206208
1961,0.04128042608499527,0.999830961227417,0.9254375100135803,0.9226673245429993,0.06587923722731479
1962,0.04011218994855881,1.0,0.9256911277770996,0.9226673245429993,0.06680188509909712
1963,0.04135630279779434,0.999830961227417,0.926959216594696,0.9236814975738525,0.06730958943120686
1964,0.04300720989704132,0.9999154806137085,0.9223941564559937,0.9219066500663757,0.06703900494024026
1965,0.04251531511545181,0.9999154806137085,0.9226477742195129,0.9221602082252502,0.06711100631616711
1966,0.039625849574804306,0.999830961227417,0.9259447455406189,0.920638918876648,0.06064964197915808
1967,0.03998309001326561,0.999830961227417,0.9277200698852539,0.9219066500663757,0.06589566952627181
1968,0.041540056467056274,0.9997463822364807,0.9261983633041382,0.9234279990196228,0.06538852757237013
1969,0.041291408240795135,0.9999154806137085,0.926959216594696,0.923935055732727,0.06439486502635834
1970,0.04088359326124191,0.999830961227417,0.9277200698852539,0.9234279990196228,0.06459501769642671
1971,0.04220085218548775,0.9999154806137085,0.9292417168617249,0.9252028465270996,0.06308181523278719
1972,0.03936247155070305,1.0,0.9289880990982056,0.9252028465270996,0.06096208318066315
1973,0.04075056314468384,1.0,0.928480863571167,0.9257099032402039,0.06289666364204738
1974,0.04064977914094925,1.0,0.9264519810676575,0.9257099032402039,0.06142504928063944
1975,0.040313154458999634,1.0,0.9254375100135803,0.9257099032402039,0.0625401233084385
1976,0.038518570363521576,1.0,0.9267055988311768,0.9267241358757019,0.0602631506106977
1977,0.040524207055568695,0.9999154806137085,0.9254375100135803,0.9249492883682251,0.062181295251271224
1978,0.03883054479956627,0.9999154806137085,0.9272128343582153,0.9252028465270996,0.060858694200165736
1979,0.040042538195848465,1.0,0.9264519810676575,0.9277383089065552,0.06136229125205413
1980,0.04028327390551567,0.9997463822364807,0.9277200698852539,0.930020272731781,0.06534272261711256
1981,0.039627961814403534,0.999830961227417,0.9277200698852539,0.9284989833831787,0.06441071648961856
1982,0.039124537259340286,0.9999154806137085,0.9274664521217346,0.9252028465270996,0.06144490527126894
1983,0.041701555252075195,0.9999154806137085,0.9279736876487732,0.9269776940345764,0.0648857347242174
1984,0.04072660952806473,1.0,0.9254375100135803,0.9254563450813293,0.06439942252205122
1985,0.039752133190631866,1.0,0.9261983633041382,0.9244421720504761,0.06413868054349887
1986,0.03875533863902092,1.0,0.9261983633041382,0.923935055732727,0.058667671111713955
1987,0.039554938673973083,0.9999154806137085,0.9267055988311768,0.9246957302093506,0.060438009263365323
1988,0.03918808698654175,0.9999154806137085,0.9274664521217346,0.9254563450813293,0.06069104948484957
1989,0.040243830531835556,0.999830961227417,0.9267055988311768,0.9226673245429993,0.06359043191878155
1990,0.040107060223817825,1.0,0.9264519810676575,0.9244421720504761,0.06526043251474438
1991,0.04117053374648094,1.0,0.9279736876487732,0.9224137663841248,0.06801535373491728
1992,0.03999781236052513,1.0,0.928480863571167,0.9224137663841248,0.06401870217441273
1993,0.038914524018764496,1.0,0.9267055988311768,0.9234279990196228,0.06377193122283734
1994,0.040024641901254654,1.0,0.9264519810676575,0.9259634613990784,0.06055173234243961
1995,0.039962757378816605,1.0,0.925183892250061,0.9244421720504761,0.06368980581961198
1996,0.044797979295253754,1.0,0.9236622452735901,0.9229208827018738,0.07274913057113332
1997,0.04182827100157738,0.9999154806137085,0.9234086275100708,0.9208924770355225,0.06880858103399815
1998,0.041295044124126434,1.0,0.9259447455406189,0.9221602082252502,0.06692161827274941
1999,0.039660416543483734,0.9999154806137085,0.9249302744865417,0.9224137663841248,0.06401293611713864
2000,0.04063744470477104,0.9997463822364807,0.9261983633041382,0.9213995933532715,0.0658889448738538
2001,0.04260154440999031,0.9997463822364807,0.928480863571167,0.9229208827018738,0.0700524286372419
2002,0.038759805262088776,0.999830961227417,0.9259447455406189,0.9226673245429993,0.06120074032988538
2003,0.04122500121593475,0.999830961227417,0.9267055988311768,0.9236814975738525,0.06670129460477181
2004,0.03929528594017029,0.9999154806137085,0.9289880990982056,0.9249492883682251,0.06561328993099913
2005,0.04098808392882347,0.9999154806137085,0.9282272458076477,0.923935055732727,0.06500021035632528
2006,0.03987142816185951,1.0,0.926959216594696,0.9221602082252502,0.06411825410356817
2007,0.04120765998959541,1.0,0.9249302744865417,0.9229208827018738,0.06710781677355587
2008,0.042446885257959366,1.0,0.9259447455406189,0.9241886138916016,0.06816388828682647
2009,0.04080821946263313,1.0,0.9277200698852539,0.9234279990196228,0.06840177440582512
2010,0.039327993988990784,1.0,0.925183892250061,0.9231744408607483,0.06237592462895692
2011,0.040192656219005585,0.9999154806137085,0.9211260676383972,0.923935055732727,0.06315442261341449
2012,0.041486043483018875,0.9997463822364807,0.9229013919830322,0.9262170195579529,0.06911259407774453
2013,0.042020395398139954,0.9995773434638977,0.9249302744865417,0.9224137663841248,0.07110953832324807
2014,0.04177975654602051,0.9995773434638977,0.9239158630371094,0.9219066500663757,0.07215761181506233
2015,0.04058948904275894,0.9997463822364807,0.9239158630371094,0.921146035194397,0.06651645226650098
2016,0.04015554487705231,0.999830961227417,0.9239158630371094,0.9183569550514221,0.062233283298443375
2017,0.041953373700380325,0.999830961227417,0.9256911277770996,0.9219066500663757,0.06930144601077692
2018,0.04079936444759369,1.0,0.925183892250061,0.9219066500663757,0.06407385177838952
2019,0.042416758835315704,0.9999154806137085,0.9267055988311768,0.9241886138916016,0.06669866058638817
2020,0.04020819440484047,0.9997463822364807,0.9256911277770996,0.9252028465270996,0.0634860244458847
2021,0.04034991189837456,0.999830961227417,0.9274664521217346,0.9244421720504761,0.06381356610767398
2022,0.039853285998106,0.9999154806137085,0.9259447455406189,0.9249492883682251,0.06248776753620785
2023,0.041313886642456055,0.9999154806137085,0.9287344813346863,0.9254563450813293,0.06639563361975113
2024,0.03974663466215134,1.0,0.9310170412063599,0.9231744408607483,0.06066697947795035
2025,0.03926672041416168,0.9999154806137085,0.9261983633041382,0.9221602082252502,0.06356918318906014
2026,0.042417097836732864,0.9997463822364807,0.9264519810676575,0.9254563450813293,0.06844503031922074
2027,0.040087465196847916,0.9995773434638977,0.926959216594696,0.9244421720504761,0.0627277859657648
2028,0.04134400188922882,0.999830961227417,0.9264519810676575,0.9226673245429993,0.06937317870049914
2029,0.03725199028849602,1.0,0.9267055988311768,0.9229208827018738,0.05992744192951425
2030,0.039317481219768524,1.0,0.9282272458076477,0.921146035194397,0.06271855104070627
2031,0.038014933466911316,1.0,0.926959216594696,0.921653151512146,0.060253182684703234
2032,0.04001526162028313,1.0,0.9279736876487732,0.9203853607177734,0.06417391804737381
2033,0.04005435109138489,1.0,0.9241694211959839,0.921653151512146,0.06064779804470559
2034,0.03930031135678291,1.0,0.9226477742195129,0.923935055732727,0.06056823201785243
2035,0.04170737415552139,1.0,0.9259447455406189,0.9226673245429993,0.06617244130014398
2036,0.03904469683766365,0.999830961227417,0.9261983633041382,0.920638918876648,0.06259818977454497
2037,0.04099678248167038,0.999830961227417,0.9277200698852539,0.9219066500663757,0.06625159264827656
2038,0.042300302535295486,0.999830961227417,0.925183892250061,0.9203853607177734,0.06824551717556436
2039,0.039587609469890594,0.9999154806137085,0.925183892250061,0.9198782444000244,0.06352083475918195
2040,0.03946990147233009,0.9999154806137085,0.9277200698852539,0.9201318025588989,0.06726446383886295
2041,0.040254827588796616,0.9997463822364807,0.9259447455406189,0.9198782444000244,0.06583347105760647
2042,0.03873828053474426,0.9996618628501892,0.9274664521217346,0.9249492883682251,0.06381647900517769
2043,0.04138704389333725,0.9997463822364807,0.9272128343582153,0.9229208827018738,0.06943612689491636
2044,0.04004500433802605,0.9997463822364807,0.9267055988311768,0.9252028465270996,0.06666275279596927
2045,0.0427161268889904,0.999830961227417,0.9274664521217346,0.9244421720504761,0.06834911542424499
2046,0.04046645388007164,0.999830961227417,0.9231550097465515,0.9229208827018738,0.0627494302780223
2047,0.04356034845113754,0.9999154806137085,0.9241694211959839,0.923935055732727,0.07093344275984362
2048,0.04295888915657997,0.9999154806137085,0.925183892250061,0.9236814975738525,0.06915659309451669
2049,0.043592989444732666,0.9999154806137085,0.9259447455406189,0.921146035194397,0.07152972086329284
2050,0.03898061066865921,1.0,0.9267055988311768,0.9229208827018738,0.06030491589741017
2051,0.044230345636606216,1.0,0.9277200698852539,0.9234279990196228,0.07531952326627689
2052,0.03927334398031235,1.0,0.926959216594696,0.9257099032402039,0.06040210383062931
2053,0.039582159370183945,1.0,0.9254375100135803,0.9277383089065552,0.06315075730701049
2054,0.04209078103303909,0.999830961227417,0.928480863571167,0.9279918670654297,0.07295342818265939
2055,0.040031030774116516,0.9999154806137085,0.9277200698852539,0.9272311925888062,0.06130495605536793
2056,0.04142863303422928,0.9999154806137085,0.9272128343582153,0.9267241358757019,0.07496603706978004
2057,0.03980066254734993,0.9999154806137085,0.9277200698852539,0.9269776940345764,0.0641530194459686
2058,0.04149205610156059,0.999830961227417,0.9259447455406189,0.9267241358757019,0.06281737907390157
2059,0.04059786722064018,0.999830961227417,0.9272128343582153,0.9262170195579529,0.06738394901441082
2060,0.04109805077314377,0.9999154806137085,0.9231550097465515,0.9257099032402039,0.06372620339293444
2061,0.03989160433411598,0.9999154806137085,0.9239158630371094,0.923935055732727,0.06868906444498714
2062,0.04180101677775383,0.999830961227417,0.9279736876487732,0.9229208827018738,0.07132441784511327
2063,0.04047686979174614,0.9999154806137085,0.9272128343582153,0.9226673245429993,0.06579338672144067
2064,0.03963224217295647,0.9999154806137085,0.9277200698852539,0.9203853607177734,0.06470362863509965
2065,0.04191150143742561,0.9999154806137085,0.928480863571167,0.9221602082252502,0.06632909499157622
2066,0.039030104875564575,0.999830961227417,0.9287344813346863,0.9203853607177734,0.0612206990482018
2067,0.04000693932175636,0.999830961227417,0.9264519810676575,0.9241886138916016,0.06698131511210113
2068,0.038662269711494446,1.0,0.9246766567230225,0.9257099032402039,0.06107721271547809
2069,0.04005363583564758,0.9999154806137085,0.926959216594696,0.9246957302093506,0.06578670151822841
2070,0.03908740356564522,0.9999154806137085,0.9261983633041382,0.9252028465270996,0.059691581569754154
2071,0.03829466551542282,0.999830961227417,0.9256911277770996,0.9246957302093506,0.05979366571725514
2072,0.041069503873586655,0.999830961227417,0.9259447455406189,0.9282454252243042,0.06287272621581765
2073,0.04071493446826935,0.999830961227417,0.9244230389595032,0.929513156414032,0.06730902579136785
2074,0.03979741036891937,0.999830961227417,0.9254375100135803,0.9274847507476807,0.0630397786676109
2075,0.039274170994758606,0.9999154806137085,0.928480863571167,0.9257099032402039,0.0634460739393649
2076,0.04077574983239174,0.999830961227417,0.9289880990982056,0.9267241358757019,0.06514900626402555
2077,0.0399106927216053,0.999830961227417,0.9279736876487732,0.9262170195579529,0.06084711878278265
2078,0.03741557151079178,0.9997463822364807,0.9272128343582153,0.9252028465270996,0.0596746327914348
2079,0.04148944839835167,0.9996618628501892,0.9272128343582153,0.9262170195579529,0.06738641394288952
2080,0.04126220941543579,1.0,0.9279736876487732,0.9279918670654297,0.06995391261294039
2081,0.0379364900290966,0.9999154806137085,0.9267055988311768,0.9259634613990784,0.05917271416113295
2082,0.04069937393069267,1.0,0.9264519810676575,0.9224137663841248,0.0678683117721637
2083,0.04043639823794365,1.0,0.9256911277770996,0.9257099032402039,0.061363571782502846
2084,0.03991089016199112,1.0,0.9279736876487732,0.9262170195579529,0.06830698483317506
2085,0.04117196425795555,1.0,0.9256911277770996,0.9274847507476807,0.06860553464464335
2086,0.03760824725031853,0.9999154806137085,0.9234086275100708,0.9287525415420532,0.05717825601932966
2087,0.04089270159602165,0.9999154806137085,0.9249302744865417,0.9279918670654297,0.06786261619518054
2088,0.0428684763610363,1.0,0.9229013919830322,0.9297667145729065,0.06649708878781314
2089,0.0394526943564415,0.9999154806137085,0.9223941564559937,0.9292595982551575,0.06413209240569567
2090,0.042144183069467545,0.999830961227417,0.9221405386924744,0.9272311925888062,0.06785340879943728
2091,0.03947270289063454,0.9997463822364807,0.9231550097465515,0.9277383089065552,0.06385289283135721
2092,0.04116786643862724,0.999830961227417,0.9244230389595032,0.9279918670654297,0.0676638820994914
2093,0.03935950994491577,0.9999154806137085,0.9282272458076477,0.9297667145729065,0.06147159689189305
2094,0.04186481237411499,0.9999154806137085,0.9272128343582153,0.9284989833831787,0.06863191539345177
2095,0.03824261575937271,0.999830961227417,0.9244230389595032,0.9269776940345764,0.05985352412588246
2096,0.039518021047115326,0.9997463822364807,0.9261983633041382,0.9277383089065552,0.06023541011544955
2097,0.04023495316505432,0.999830961227417,0.9261983633041382,0.9257099032402039,0.062458988888247934
2098,0.042338430881500244,0.999830961227417,0.925183892250061,0.9249492883682251,0.06656878698579183
2099,0.041703205555677414,0.9999154806137085,0.9254375100135803,0.920638918876648,0.0660621287806534
2100,0.04077969118952751,0.9997463822364807,0.9294953346252441,0.9226673245429993,0.06183037579192763
2101,0.03711390867829323,0.9996618628501892,0.9294953346252441,0.9221602082252502,0.05969034196989341
2102,0.040308330208063126,0.9999154806137085,0.9261983633041382,0.9221602082252502,0.06542380525068553
2103,0.04346621409058571,1.0,0.9254375100135803,0.9246957302093506,0.06822538748949666
2104,0.04238869994878769,0.9999154806137085,0.9267055988311768,0.9254563450813293,0.07059009555194219
2105,0.042419422417879105,0.999830961227417,0.9259447455406189,0.9274847507476807,0.0666839919356617
2106,0.041347648948431015,0.9999154806137085,0.9246766567230225,0.93052738904953,0.06701366846666827
2107,0.04102589562535286,0.999830961227417,0.9226477742195129,0.929513156414032,0.06416017780906032
2108,0.04139496013522148,0.9999154806137085,0.9246766567230225,0.93052738904953,0.06770129337463232
2109,0.040679626166820526,0.9999154806137085,0.9267055988311768,0.9287525415420532,0.061917969469138495
2110,0.039677444845438004,0.999830961227417,0.926959216594696,0.9279918670654297,0.06306429367343724
2111,0.0389287956058979,0.9996618628501892,0.9259447455406189,0.9274847507476807,0.05736595407435203
2112,0.040577687323093414,0.999830961227417,0.9267055988311768,0.9279918670654297,0.0655239948299851
2113,0.03962930664420128,0.999830961227417,0.9223941564559937,0.9241886138916016,0.06420131051957867
2114,0.03733154013752937,0.999830961227417,0.925183892250061,0.9246957302093506,0.05920667259595306
2115,0.03981747478246689,0.999830961227417,0.9249302744865417,0.9262170195579529,0.06351580138457466
2116,0.04375861957669258,1.0,0.9274664521217346,0.9254563450813293,0.06903308195591457
2117,0.042029041796922684,0.9999154806137085,0.9289880990982056,0.9244421720504761,0.0672168857660841
2118,0.040457192808389664,1.0,0.9287344813346863,0.9234279990196228,0.06791668447345095
2119,0.03965827077627182,0.9999154806137085,0.9297489523887634,0.9234279990196228,0.06101436568416689
2120,0.04080843925476074,0.999830961227417,0.9274664521217346,0.9229208827018738,0.06994270216937008
2121,0.04019451141357422,0.9997463822364807,0.9264519810676575,0.9201318025588989,0.06291964827678422
2122,0.03916974365711212,0.999830961227417,0.925183892250061,0.9229208827018738,0.0616636661413563
2123,0.042646247893571854,0.999830961227417,0.9277200698852539,0.9231744408607483,0.07032155818648327
2124,0.04070406034588814,0.9999154806137085,0.9279736876487732,0.9236814975738525,0.06332303518115255
2125,0.04165860265493393,1.0,0.9272128343582153,0.9246957302093506,0.06825384534083946
2126,0.04034609720110893,1.0,0.9272128343582153,0.9236814975738525,0.061602005914070126
2127,0.04228634014725685,1.0,0.9282272458076477,0.9231744408607483,0.06708658214084195
2128,0.041753996163606644,0.999830961227417,0.9249302744865417,0.9264705777168274,0.06396703361402845
2129,0.04038124904036522,0.9996618628501892,0.9274664521217346,0.9241886138916016,0.061295276583722885
2130,0.04138951748609543,0.9997463822364807,0.9254375100135803,0.9236814975738525,0.0657964854158467
2131,0.03926342353224754,0.9997463822364807,0.9264519810676575,0.9252028465270996,0.06333478648419907
2132,0.0390152670443058,0.999830961227417,0.9261983633041382,0.9236814975738525,0.061709773414677184
2133,0.0394749790430069,0.9997463822364807,0.9239158630371094,0.9224137663841248,0.06235794192478919
2134,0.0426427461206913,1.0,0.9231550097465515,0.9236814975738525,0.06643277369619749
2135,0.0417734831571579,1.0,0.9231550097465515,0.923935055732727,0.0676918852258306
2136,0.04083913937211037,0.9999154806137085,0.9221405386924744,0.9249492883682251,0.06492326239108438
2137,0.04041235148906708,0.9997463822364807,0.9241694211959839,0.9254563450813293,0.0665017378323751
2138,0.038634780794382095,0.9997463822364807,0.9221405386924744,0.9262170195579529,0.06362388270367234
2139,0.043063316494226456,0.9997463822364807,0.9231550097465515,0.9259634613990784,0.06847739014091116
2140,0.038655590265989304,0.999830961227417,0.9229013919830322,0.929513156414032,0.05896411314216967
2141,0.03996819257736206,0.9999154806137085,0.9216333031654358,0.929006040096283,0.06177782445914888
2142,0.040944863110780716,0.999830961227417,0.9249302744865417,0.9262170195579529,0.06828249420948494
2143,0.04081219434738159,0.9999154806137085,0.925183892250061,0.9267241358757019,0.06265340242287684
2144,0.04083763808012009,0.9999154806137085,0.9277200698852539,0.9252028465270996,0.06758933317900817
2145,0.04023853689432144,1.0,0.9254375100135803,0.9264705777168274,0.06337111916728293
2146,0.038995400071144104,1.0,0.9254375100135803,0.9252028465270996,0.0622138826988533
2147,0.03863314911723137,0.9999154806137085,0.9254375100135803,0.923935055732727,0.0587981200230412
2148,0.041221797466278076,0.9999154806137085,0.9244230389595032,0.9254563450813293,0.06370498463257537
2149,0.03924473375082016,0.9999154806137085,0.9231550097465515,0.9249492883682251,0.061750693611486905
2150,0.039357833564281464,0.9999154806137085,0.9234086275100708,0.9244421720504761,0.0621364679166391
2151,0.03760089725255966,1.0,0.9234086275100708,0.9287525415420532,0.05957172860686346
2152,0.04037340357899666,1.0,0.9239158630371094,0.9272311925888062,0.06448876517244626
2153,0.038792356848716736,0.9999154806137085,0.9236622452735901,0.9277383089065552,0.06402588920851482
2154,0.038262125104665756,0.999830961227417,0.9213796854019165,0.9252028465270996,0.06070058149754126
2155,0.03930528461933136,0.9999154806137085,0.9234086275100708,0.9249492883682251,0.06381720439943894
2156,0.03930922970175743,0.999830961227417,0.9226477742195129,0.9224137663841248,0.06518955179461988
2157,0.04025177285075188,0.9999154806137085,0.925183892250061,0.920638918876648,0.06518273859267383
2158,0.03937559202313423,0.999830961227417,0.9261983633041382,0.920638918876648,0.06114787928816273
2159,0.041562341153621674,0.999830961227417,0.9279736876487732,0.9196247458457947,0.06585059553421496
2160,0.040824610739946365,0.9999154806137085,0.9297489523887634,0.921146035194397,0.06617233510634676
2161,0.041133832186460495,0.999830961227417,0.9315242767333984,0.921146035194397,0.06184735158292339
2162,0.04208996146917343,0.9997463822364807,0.9292417168617249,0.9236814975738525,0.0670946541861056
2163,0.04009318724274635,0.9997463822364807,0.9310170412063599,0.9262170195579529,0.064610112887149
2164,0.04224971681833267,0.9999154806137085,0.9307634234428406,0.9264705777168274,0.06861737213652391
2165,0.040511541068553925,0.999830961227417,0.9289880990982056,0.9257099032402039,0.06406558046713046
2166,0.03953607752919197,0.999830961227417,0.9264519810676575,0.9269776940345764,0.06286576445355381
2167,0.03905746340751648,0.999830961227417,0.9264519810676575,0.9277383089065552,0.0624870414621357
2168,0.038537923246622086,0.9999154806137085,0.9244230389595032,0.9259634613990784,0.06137836156524227
2169,0.0392463281750679,1.0,0.9256911277770996,0.9244421720504761,0.06170830886005846
2170,0.03942522779107094,0.9999154806137085,0.9254375100135803,0.9234279990196228,0.06054789381515349
2171,0.04025134816765785,0.999830961227417,0.9236622452735901,0.9244421720504761,0.06347442624649108
2172,0.04096302390098572,0.9999154806137085,0.9259447455406189,0.9262170195579529,0.061716226287192075
2173,0.039796531200408936,1.0,0.9249302744865417,0.9252028465270996,0.06033682135401252
2174,0.04086083918809891,1.0,0.9241694211959839,0.9254563450813293,0.0660383696267575
2175,0.0374566912651062,1.0,0.9249302744865417,0.9254563450813293,0.05953214123251617
2176,0.041561149060726166,0.9999154806137085,0.9244230389595032,0.9252028465270996,0.06924815565086491
2177,0.03949910029768944,1.0,0.9264519810676575,0.9272311925888062,0.06465775181373153
2178,0.03927049785852432,0.9999154806137085,0.9274664521217346,0.9279918670654297,0.06046398444377911
2179,0.039527732878923416,0.9999154806137085,0.9287344813346863,0.9249492883682251,0.0644367698688886
2180,0.039333198219537735,0.999830961227417,0.9289880990982056,0.9224137663841248,0.06194197833359719
2181,0.044982973486185074,0.999830961227417,0.9287344813346863,0.9241886138916016,0.07227964704817301
2182,0.04073905199766159,0.9999154806137085,0.9267055988311768,0.9226673245429993,0.06340095043302987
2183,0.03832206130027771,0.9999154806137085,0.9241694211959839,0.9226673245429993,0.06308022271822046
2184,0.0402587354183197,1.0,0.9229013919830322,0.9221602082252502,0.06435702058068211
2185,0.04210234805941582,1.0,0.9226477742195129,0.923935055732727,0.07453731894599662
2186,0.039205651730298996,1.0,0.9201115965843201,0.9208924770355225,0.06067040298347778
2187,0.040807247161865234,1.0,0.9231550097465515,0.9234279990196228,0.06643869080285802
2188,0.040425434708595276,1.0,0.9259447455406189,0.9241886138916016,0.06445691570302485
2189,0.04098275303840637,1.0,0.9279736876487732,0.9226673245429993,0.06825693663406307
2190,0.038702890276908875,0.9999154806137085,0.9259447455406189,0.9193711876869202,0.06308587145632932
2191,0.04131859913468361,0.9999154806137085,0.9256911277770996,0.9198782444000244,0.06497047942481662
2192,0.03964417800307274,0.9999154806137085,0.9289880990982056,0.9201318025588989,0.06327930643404454
2193,0.03879376873373985,0.9999154806137085,0.9307634234428406,0.9219066500663757,0.060248759142167034
2194,0.03834477812051773,0.9999154806137085,0.9294953346252441,0.9231744408607483,0.062003273007763246
2195,0.040219563990831375,0.999830961227417,0.9287344813346863,0.9234279990196228,0.06430940802613316
2196,0.03701932728290558,0.9999154806137085,0.9287344813346863,0.923935055732727,0.057448842507895365
2197,0.04019508510828018,0.999830961227417,0.9287344813346863,0.9246957302093506,0.06773626315515727
2198,0.03880893811583519,0.999830961227417,0.9264519810676575,0.9241886138916016,0.06377390534912468
2199,0.03792962431907654,0.999830961227417,0.9274664521217346,0.923935055732727,0.06168969587533041
2200,0.03955376520752907,0.999830961227417,0.9261983633041382,0.9267241358757019,0.06424523579148873
2201,0.03958094120025635,0.999830961227417,0.9267055988311768,0.9252028465270996,0.06605191360153928
2202,0.040254343301057816,0.999830961227417,0.9249302744865417,0.9259634613990784,0.06555346520111822
2203,0.041631363332271576,0.999830961227417,0.9254375100135803,0.9254563450813293,0.06707275118362314
2204,0.03830631077289581,0.9999154806137085,0.9264519810676575,0.9254563450813293,0.06292323278208554
2205,0.04021185263991356,0.9999154806137085,0.9289880990982056,0.9252028465270996,0.06430394147844024
2206,0.039699651300907135,0.9996618628501892,0.9305098056793213,0.9277383089065552,0.06690375368103786
2207,0.03903161361813545,0.999830961227417,0.930256187915802,0.9264705777168274,0.06385814873859293
2208,0.03871271759271622,0.999830961227417,0.9261983633041382,0.9236814975738525,0.06355076595333106
2209,0.03940364345908165,0.9999154806137085,0.9264519810676575,0.9221602082252502,0.06682835521316349
2210,0.03807741403579712,0.9999154806137085,0.9261983633041382,0.9236814975738525,0.06274952315233945
2211,0.0406172089278698,0.999830961227417,0.9287344813346863,0.9249492883682251,0.06686037732581669
2212,0.038750726729631424,0.9999154806137085,0.9292417168617249,0.9274847507476807,0.06542655082248344
2213,0.03898328170180321,0.999830961227417,0.9294953346252441,0.9277383089065552,0.06079898482265893
2214,0.04087284207344055,0.9997463822364807,0.9305098056793213,0.929006040096283,0.06912512714962397
2215,0.039278142154216766,0.9999154806137085,0.9310170412063599,0.9272311925888062,0.062244462342353694
2216,0.04030255973339081,0.9999154806137085,0.9305098056793213,0.9264705777168274,0.06598107971494727
2217,0.0384100005030632,0.999830961227417,0.9274664521217346,0.9267241358757019,0.060712061105954396
2218,0.04333237186074257,1.0,0.9289880990982056,0.9262170195579529,0.07565860594458532
2219,0.03878830745816231,0.999830961227417,0.9277200698852539,0.9279918670654297,0.06152361959917522
2220,0.0410817414522171,0.999830961227417,0.9274664521217346,0.9282454252243042,0.06551478248718627
2221,0.04213367775082588,0.9999154806137085,0.9259447455406189,0.9262170195579529,0.07055382355323254
2222,0.03844185918569565,1.0,0.9272128343582153,0.9254563450813293,0.06334206383787565
2223,0.04036793112754822,0.9999154806137085,0.925183892250061,0.9259634613990784,0.0651845304383743
2224,0.041897859424352646,0.9997463822364807,0.9261983633041382,0.9246957302093506,0.06385050601301712
2225,0.0405166856944561,0.9997463822364807,0.9249302744865417,0.9249492883682251,0.0654873279990455
2226,0.04082717001438141,0.9997463822364807,0.9259447455406189,0.923935055732727,0.06323897578810053
2227,0.03899320214986801,0.999830961227417,0.9267055988311768,0.9231744408607483,0.06468279011765098
2228,0.040737319737672806,0.9999154806137085,0.9256911277770996,0.9226673245429993,0.0653636279366861
2229,0.04361287131905556,0.9999154806137085,0.9254375100135803,0.9231744408607483,0.07010438899350048
2230,0.03856116905808449,0.999830961227417,0.9216333031654358,0.9226673245429993,0.0607297280844975
2231,0.04176376760005951,0.999830961227417,0.9216333031654358,0.9213995933532715,0.06768561802464661
2232,0.040005337446928024,0.9997463822364807,0.9223941564559937,0.9224137663841248,0.06367492391721058
2233,0.04052101448178291,0.999830961227417,0.9236622452735901,0.9229208827018738,0.06453369413390551
2234,0.03880585730075836,1.0,0.9234086275100708,0.9226673245429993,0.061776618691421856
2235,0.037281546741724014,1.0,0.9226477742195129,0.9221602082252502,0.056783507560033905
2236,0.03955748304724693,0.9999154806137085,0.9226477742195129,0.9244421720504761,0.059097566071087675
2237,0.04080292209982872,0.9999154806137085,0.9231550097465515,0.9226673245429993,0.06755498294967045
2238,0.04050179943442345,0.9997463822364807,0.9239158630371094,0.9246957302093506,0.06755241979610006
2239,0.040146004408597946,0.9997463822364807,0.9261983633041382,0.9252028465270996,0.06261895375912489
2240,0.03815096616744995,0.999830961227417,0.9256911277770996,0.9241886138916016,0.06430906895391095
2241,0.04095205292105675,0.9997463822364807,0.9236622452735901,0.9236814975738525,0.06427444408985834
2242,0.03709588944911957,0.999830961227417,0.9236622452735901,0.9219066500663757,0.058288205513324566
2243,0.03948826715350151,0.9997463822364807,0.9244230389595032,0.9203853607177734,0.06251683703744283
2244,0.04096037149429321,0.999830961227417,0.9267055988311768,0.9234279990196228,0.0634920459448971
2245,0.04242729768157005,1.0,0.9264519810676575,0.921653151512146,0.06733001218874625
2246,0.03797363117337227,0.9999154806137085,0.9241694211959839,0.9231744408607483,0.06285356131691942
2247,0.03857526183128357,0.9997463822364807,0.9223941564559937,0.9224137663841248,0.06217600607851431
2248,0.03889206424355507,0.9997463822364807,0.9236622452735901,0.9254563450813293,0.06087188553781926
2249,0.04023340344429016,0.9999154806137085,0.9223941564559937,0.9246957302093506,0.06534267127702546
2250,0.04048987105488777,1.0,0.9239158630371094,0.9231744408607483,0.06625923480721303
2251,0.04047282412648201,0.9999154806137085,0.9246766567230225,0.9231744408607483,0.06705119296856935
2252,0.03939036279916763,0.999830961227417,0.9256911277770996,0.9229208827018738,0.06180170300479032
2253,0.040347322821617126,1.0,0.9254375100135803,0.9219066500663757,0.0665783416736073
2254,0.04009241238236427,0.9999154806137085,0.9274664521217346,0.921653151512146,0.06620498018124468
2255,0.039743803441524506,0.9997463822364807,0.9277200698852539,0.9196247458457947,0.06281912570847156
2256,0.040021635591983795,0.999830961227417,0.9261983633041382,0.9208924770355225,0.06325265120853611
2257,0.04183216020464897,0.999830961227417,0.9256911277770996,0.9229208827018738,0.06843278913275003
2258,0.04224706441164017,0.999830961227417,0.9249302744865417,0.9244421720504761,0.06731721923091469
2259,0.041448015719652176,0.9999154806137085,0.928480863571167,0.9234279990196228,0.06787455266761577
2260,0.04142110049724579,0.9999154806137085,0.928480863571167,0.9246957302093506,0.06558067287563661
2261,0.04121093824505806,0.9999154806137085,0.9246766567230225,0.9234279990196228,0.06563997230054629
2262,0.04031706228852272,0.999830961227417,0.925183892250061,0.9244421720504761,0.06575150971810656
2263,0.03823777660727501,0.999830961227417,0.9267055988311768,0.9234279990196228,0.058985263501189246
2264,0.043502628803253174,0.999830961227417,0.9261983633041382,0.9246957302093506,0.07051770678024051
2265,0.0422222800552845,0.9999154806137085,0.9226477742195129,0.9252028465270996,0.06544720111659647
2266,0.04264780133962631,0.9996618628501892,0.9241694211959839,0.9252028465270996,0.06986187161162774
2267,0.040057096630334854,0.999830961227417,0.9236622452735901,0.9259634613990784,0.059796597336815964
2268,0.03847980126738548,0.9997463822364807,0.925183892250061,0.9254563450813293,0.05891100754242606
2269,0.04355166479945183,0.9997463822364807,0.9223941564559937,0.9272311925888062,0.06836221982860106
2270,0.04071362689137459,0.9996618628501892,0.9249302744865417,0.9269776940345764,0.06432727984507325
2271,0.04180455580353737,0.9999154806137085,0.9206188321113586,0.9292595982551575,0.0661180105072065
2272,0.04076492786407471,1.0,0.9206188321113586,0.9274847507476807,0.06258634537383038
2273,0.04141770303249359,1.0,0.9218869209289551,0.9262170195579529,0.06605953281927683
2274,0.04170384630560875,0.999830961227417,0.9249302744865417,0.9236814975738525,0.06783872699168068
2275,0.03958972543478012,0.9997463822364807,0.9249302744865417,0.9226673245429993,0.06512244915311434
2276,0.039615996181964874,0.9999154806137085,0.9254375100135803,0.9254563450813293,0.0631150218256041
2277,0.038047414273023605,1.0,0.9229013919830322,0.9249492883682251,0.06275313378798397
2278,0.04148657247424126,0.9999154806137085,0.9236622452735901,0.9259634613990784,0.06502632992684963
2279,0.0410771481692791,0.9999154806137085,0.9249302744865417,0.9231744408607483,0.0666497418618633
2280,0.04113136976957321,0.9999154806137085,0.925183892250061,0.921146035194397,0.0676038964291022
2281,0.03858835622668266,0.9999154806137085,0.9277200698852539,0.921146035194397,0.06330759752301149
2282,0.04078197851777077,0.9997463822364807,0.9272128343582153,0.9208924770355225,0.06399639037446007
2283,0.03838855400681496,0.9997463822364807,0.9294953346252441,0.9254563450813293,0.061125309014997374
2284,0.040658630430698395,0.999830961227417,0.9282272458076477,0.9274847507476807,0.06458346032249367
2285,0.04150419309735298,0.9997463822364807,0.9297489523887634,0.929006040096283,0.06777629579202907
2286,0.041229087859392166,0.999830961227417,0.9277200698852539,0.9262170195579529,0.06350247923703711
2287,0.04014100506901741,0.9997463822364807,0.9256911277770996,0.9274847507476807,0.06650399063407295
2288,0.03991972282528877,0.9997463822364807,0.9244230389595032,0.9246957302093506,0.062171071185798864
2289,0.04121264070272446,0.9997463822364807,0.9274664521217346,0.9246957302093506,0.07195861642842626
2290,0.04070771858096123,0.9996618628501892,0.925183892250061,0.9264705777168274,0.06384632252995198
2291,0.041009608656167984,0.9996618628501892,0.9256911277770996,0.9279918670654297,0.06724559599392063
2292,0.04094124585390091,0.9999154806137085,0.9256911277770996,0.929006040096283,0.06677649194429566
2293,0.041079938411712646,0.9997463822364807,0.926959216594696,0.9264705777168274,0.06650335288698132
2294,0.0407387800514698,0.9999154806137085,0.926959216594696,0.9213995933532715,0.06358076374558662
2295,0.0380912609398365,1.0,0.9223941564559937,0.9229208827018738,0.06100727398297241
2296,0.041978925466537476,1.0,0.9244230389595032,0.9252028465270996,0.07223496350859945
2297,0.04245610535144806,1.0,0.9259447455406189,0.9267241358757019,0.0668610239941214
2298,0.03998490422964096,1.0,0.9254375100135803,0.9262170195579529,0.06344013794559046
2299,0.039028674364089966,0.9999154806137085,0.9231550097465515,0.9246957302093506,0.0632960796711024
2300,0.042225927114486694,0.999830961227417,0.9226477742195129,0.9229208827018738,0.06730798893968581
2301,0.04141813889145851,0.9999154806137085,0.9264519810676575,0.9241886138916016,0.0694870431673856
2302,0.040335968136787415,0.9999154806137085,0.9249302744865417,0.920638918876648,0.06507850013989926
2303,0.04106437414884567,1.0,0.9229013919830322,0.9213995933532715,0.06840711471990991
2304,0.038871172815561295,0.9999154806137085,0.9254375100135803,0.9213995933532715,0.0632068984852844
2305,0.03812042996287346,0.999830961227417,0.9249302744865417,0.9203853607177734,0.059754143527426584
2306,0.04074718803167343,0.9999154806137085,0.9259447455406189,0.9229208827018738,0.06822401019737154
2307,0.04099094122648239,0.999830961227417,0.9292417168617249,0.9234279990196228,0.06358666947092109
2308,0.03829456493258476,0.9999154806137085,0.9267055988311768,0.9231744408607483,0.06204208328594886
2309,0.03832758218050003,0.9999154806137085,0.9259447455406189,0.9257099032402039,0.061118540385299645
2310,0.03909561038017273,0.9997463822364807,0.9254375100135803,0.9252028465270996,0.0625434863159852
2311,0.04136514663696289,0.9999154806137085,0.9244230389595032,0.9241886138916016,0.06722356417909062
2312,0.03980477526783943,0.9999154806137085,0.925183892250061,0.9226673245429993,0.06330503084187754
2313,0.03932739049196243,0.999830961227417,0.9226477742195129,0.9208924770355225,0.06272563404541913
2314,0.037561431527137756,0.999830961227417,0.9218869209289551,0.923935055732727,0.059592878486852185
2315,0.04105439782142639,0.999830961227417,0.9239158630371094,0.9244421720504761,0.06617715291590133
2316,0.04157426580786705,1.0,0.9239158630371094,0.9236814975738525,0.0674384501941841
2317,0.03997012972831726,0.999830961227417,0.9221405386924744,0.9226673245429993,0.0652778161430103
2318,0.04021134972572327,0.999830961227417,0.9208724498748779,0.9257099032402039,0.06796363574834831
2319,0.042088981717824936,0.9995773434638977,0.9229013919830322,0.9254563450813293,0.06668887492460045
2320,0.04151630774140358,0.9999154806137085,0.9272128343582153,0.930020272731781,0.07016348904875574
2321,0.03932887688279152,0.9997463822364807,0.9274664521217346,0.9277383089065552,0.05917428724018578
2322,0.03770189732313156,0.9997463822364807,0.9282272458076477,0.9279918670654297,0.06233487853995463
2323,0.04352842643857002,0.9997463822364807,0.9287344813346863,0.9272311925888062,0.06974814401539754
2324,0.03887474164366722,0.9997463822364807,0.9274664521217346,0.9272311925888062,0.059142051307842426
2325,0.0396825447678566,0.999830961227417,0.9287344813346863,0.9244421720504761,0.0659795881479127
2326,0.039400823414325714,0.9999154806137085,0.9272128343582153,0.9249492883682251,0.062165690447135616
2327,0.04323168098926544,1.0,0.9294953346252441,0.9241886138916016,0.07246295873588979
2328,0.04177670180797577,1.0,0.9279736876487732,0.9241886138916016,0.06623206818396309
2329,0.03919854015111923,0.9999154806137085,0.9307634234428406,0.9259634613990784,0.06425029773542316
2330,0.041221264749765396,0.999830961227417,0.9300025701522827,0.9264705777168274,0.0618804212223323
2331,0.040338244289159775,0.999830961227417,0.9297489523887634,0.9282454252243042,0.06187718842009432
2332,0.03939664736390114,0.9999154806137085,0.9274664521217346,0.9274847507476807,0.062083271304634806
2333,0.039458997547626495,0.9999154806137085,0.9277200698852539,0.9284989833831787,0.06122508805009672
2334,0.041480544954538345,0.9999154806137085,0.9267055988311768,0.9254563450813293,0.0675444479238703
2335,0.037790343165397644,0.9999154806137085,0.9256911277770996,0.9259634613990784,0.06072734162544577
2336,0.03972696140408516,0.9999154806137085,0.925183892250061,0.9254563450813293,0.06439778903146899
2337,0.03976236656308174,0.9999154806137085,0.9256911277770996,0.9224137663841248,0.06414454129664943
2338,0.03987156227231026,0.9999154806137085,0.9294953346252441,0.9221602082252502,0.06611209810524518
2339,0.04039885848760605,0.9999154806137085,0.9277200698852539,0.9234279990196228,0.06287156296040025
2340,0.037230633199214935,0.9999154806137085,0.9292417168617249,0.9234279990196228,0.05937433302155879
2341,0.039482537657022476,1.0,0.928480863571167,0.9254563450813293,0.06292051276090563
2342,0.03973224759101868,1.0,0.9310170412063599,0.9272311925888062,0.059693807791413867
2343,0.03865610808134079,1.0,0.9294953346252441,0.9269776940345764,0.06096053724866917
2344,0.03688782826066017,0.9999154806137085,0.9264519810676575,0.9264705777168274,0.05894882213117079
2345,0.038481712341308594,0.9999154806137085,0.9256911277770996,0.9267241358757019,0.06194519005179454
2346,0.0391203947365284,0.9999154806137085,0.9256911277770996,0.923935055732727,0.06494108449039648
2347,0.03687603771686554,1.0,0.9221405386924744,0.9246957302093506,0.057865231362012125
2348,0.037330105900764465,0.9997463822364807,0.926959216594696,0.9269776940345764,0.06348762255021798
2349,0.04080495983362198,1.0,0.9264519810676575,0.9279918670654297,0.0676501044815531
2350,0.039857931435108185,1.0,0.926959216594696,0.9264705777168274,0.06844497532117295
2351,0.039557598531246185,0.9999154806137085,0.926959216594696,0.9267241358757019,0.06906535840880511
2352,0.03830595687031746,1.0,0.9259447455406189,0.9249492883682251,0.06023841620024281
2353,0.04045923426747322,1.0,0.9256911277770996,0.9264705777168274,0.06782070224357685
2354,0.04327012971043587,0.999830961227417,0.9274664521217346,0.9279918670654297,0.07019893930298178
2355,0.03998979181051254,0.9996618628501892,0.9267055988311768,0.9274847507476807,0.06357685503178508
2356,0.040126483887434006,0.9999154806137085,0.9259447455406189,0.9282454252243042,0.06614502901851584
2357,0.04071975499391556,1.0,0.9244230389595032,0.9264705777168274,0.06318643888296738
2358,0.04016314446926117,0.9999154806137085,0.9231550097465515,0.9252028465270996,0.0658183427841063
2359,0.03883287310600281,0.9997463822364807,0.9239158630371094,0.9244421720504761,0.061951995016029
2360,0.04307452589273453,1.0,0.9226477742195129,0.9257099032402039,0.07071439712602028
2361,0.04073402285575867,0.9999154806137085,0.9249302744865417,0.9262170195579529,0.06419690403350456
2362,0.04090340808033943,0.999830961227417,0.925183892250061,0.9257099032402039,0.06402520535318712
2363,0.038691356778144836,0.999830961227417,0.9249302744865417,0.9241886138916016,0.06323427004506459
2364,0.04007301852107048,0.9999154806137085,0.9244230389595032,0.9246957302093506,0.06539450207607607
2365,0.03829299658536911,0.999830961227417,0.9229013919830322,0.9231744408607483,0.060312479093182755
2366,0.04033175855875015,0.999830961227417,0.9246766567230225,0.9241886138916016,0.0689316840669547
2367,0.03881603851914406,0.999830961227417,0.9249302744865417,0.9262170195579529,0.062811615858933
2368,0.042027633637189865,0.999830961227417,0.9244230389595032,0.9269776940345764,0.06935091605979511
2369,0.03909915313124657,0.9999154806137085,0.9256911277770996,0.9244421720504761,0.06147781745705054
2370,0.04193742945790291,0.9999154806137085,0.9259447455406189,0.9219066500663757,0.06879749340906008
2371,0.041055817157030106,0.999830961227417,0.9246766567230225,0.9236814975738525,0.061903141307269774
2372,0.04053543508052826,0.9996618628501892,0.9277200698852539,0.9226673245429993,0.0663282164010174
2373,0.03840082883834839,0.999830961227417,0.932031512260437,0.9208924770355225,0.06124810097474853
2374,0.04011872038245201,1.0,0.9307634234428406,0.923935055732727,0.0628544398205816
2375,0.03942922130227089,1.0,0.9282272458076477,0.9231744408607483,0.06501556281925129
2376,0.03753867745399475,0.9997463822364807,0.9274664521217346,0.9234279990196228,0.06775411945640844
2377,0.03958255797624588,0.9999154806137085,0.9246766567230225,0.9221602082252502,0.06388746748792971
2378,0.04101957380771637,0.9999154806137085,0.9241694211959839,0.921146035194397,0.06489976561685555
2379,0.040474895387887955,0.9999154806137085,0.9223941564559937,0.9236814975738525,0.06473144456288978
2380,0.04084872454404831,0.9999154806137085,0.9249302744865417,0.9219066500663757,0.06440486342703858
2381,0.03970508277416229,0.9999154806137085,0.9246766567230225,0.9208924770355225,0.05945984955611535
2382,0.039094775915145874,0.9999154806137085,0.9259447455406189,0.9224137663841248,0.058957103695953604
2383,0.03756587207317352,1.0,0.9267055988311768,0.9219066500663757,0.05683804122804074
2384,0.04008862376213074,1.0,0.926959216594696,0.9219066500663757,0.06261360431078324
2385,0.040457721799612045,0.9999154806137085,0.926959216594696,0.9229208827018738,0.065840819496663
2386,0.03921174630522728,0.999830961227417,0.9264519810676575,0.9252028465270996,0.06650158964828336
2387,0.042130306363105774,0.999830961227417,0.9292417168617249,0.9249492883682251,0.07409634165653432
2388,0.0385187491774559,0.9999154806137085,0.9274664521217346,0.9274847507476807,0.06144340441877179
2389,0.03965456783771515,0.9997463822364807,0.9289880990982056,0.9277383089065552,0.06632781771216825
2390,0.03958170488476753,0.9997463822364807,0.928480863571167,0.9277383089065552,0.06525820314411632
2391,0.040451522916555405,0.9997463822364807,0.9272128343582153,0.9282454252243042,0.06343328573095727
2392,0.039611782878637314,0.9996618628501892,0.9246766567230225,0.929006040096283,0.061688853790395654
2393,0.04141915217041969,0.999830961227417,0.9213796854019165,0.9262170195579529,0.06525321528501322
2394,0.0401875376701355,0.9999154806137085,0.9208724498748779,0.9257099032402039,0.06324994028414414
2395,0.0407535657286644,0.999830961227417,0.9241694211959839,0.9226673245429993,0.06415921574205503
2396,0.04037746787071228,0.9999154806137085,0.9249302744865417,0.9236814975738525,0.0652953401000815
2397,0.038726288825273514,0.9999154806137085,0.9226477742195129,0.9229208827018738,0.06003749688073075
2398,0.04206959903240204,0.9999154806137085,0.9249302744865417,0.9231744408607483,0.06931183847209045
2399,0.038072291761636734,0.9999154806137085,0.9289880990982056,0.923935055732727,0.059660643097508785
2400,0.039292577654123306,0.9999154806137085,0.9287344813346863,0.923935055732727,0.06450173578990945
