epoch,loss,train_acc,val_acc,test_acc,gradient_norm
1,2.886399030685425,0.3589026927947998,0.3642983138561249,0.3662033975124359,0.2263116496057509
2,2.7530293464660645,0.389791876077652,0.39342454075813293,0.39422017335891724,0.20549882584366158
3,2.6614723205566406,0.39648452401161194,0.3978376090526581,0.40216192603111267,0.19158127382750842
4,2.595916748046875,0.3965580463409424,0.39916151762008667,0.40436798334121704,0.18164482483571856
5,2.5429298877716064,0.3950871527194977,0.39938217401504517,0.40348556637763977,0.1722409900918014
6,2.496138334274292,0.3944987952709198,0.395410418510437,0.40304434299468994,0.16331061609350417
7,2.4547321796417236,0.3959696888923645,0.39496910572052,0.40458858013153076,0.15451008176738198
8,2.414257287979126,0.39758768677711487,0.3951897621154785,0.4052504003047943,0.14616764636169838
9,2.3757078647613525,0.3992057144641876,0.396293044090271,0.4059121906757355,0.13801908304496294
10,2.3403375148773193,0.40244171023368835,0.40070608258247375,0.4087800681591034,0.13057888050949015
11,2.306260108947754,0.4055306315422058,0.40203002095222473,0.4125303328037262,0.12413254461997068
12,2.27217173576355,0.40979626774787903,0.4068843722343445,0.415177583694458,0.11802215789231248
13,2.240856409072876,0.41641539335250854,0.4139452874660492,0.42047208547592163,0.11251870474191653
14,2.2089903354644775,0.4209752082824707,0.41902029514312744,0.42841386795043945,0.10788351831649881
15,2.178148031234741,0.42656466364860535,0.4236540198326111,0.4339289665222168,0.10334476222671615
16,2.152365207672119,0.4321541488170624,0.4298323094844818,0.43944409489631653,0.09965293895255767
17,2.1239280700683594,0.4375229775905609,0.43424537777900696,0.4442973732948303,0.09590156785814793
18,2.0974903106689453,0.44245052337646484,0.44196823239326477,0.4478270411491394,0.09269946279882145
19,2.0711123943328857,0.4472309947013855,0.44505736231803894,0.4537833631038666,0.08956639563614818
20,2.0461604595184326,0.4516437351703644,0.45057371258735657,0.46260756254196167,0.08645943414811612
21,2.0221524238586426,0.45708611607551575,0.4547661244869232,0.46856388449668884,0.08355252933869724
22,1.997018814086914,0.46171948313713074,0.46204766631126404,0.4742995798587799,0.08100477909738563
23,1.972036600112915,0.47047141194343567,0.4677846431732178,0.47849106788635254,0.0788257457014484
24,1.9466760158538818,0.47973817586898804,0.47771403193473816,0.4879770576953888,0.07672617318754889
25,1.9241878986358643,0.48628371953964233,0.48543688654899597,0.4934921860694885,0.07490411952772803
26,1.9002773761749268,0.49665367603302,0.49536627531051636,0.5014339089393616,0.07320704332229745
27,1.877472162246704,0.5040082335472107,0.5030891299247742,0.5091550946235657,0.07150388526154987
28,1.8553292751312256,0.5111421346664429,0.5083848237991333,0.5162144303321838,0.06993399382173864
29,1.832149624824524,0.5177612900733948,0.5150043964385986,0.5219501256942749,0.06828888170549478
30,1.8107898235321045,0.5242332816123962,0.5214033722877502,0.5283476710319519,0.06695552250419194
31,1.7871768474578857,0.5278370380401611,0.5253751277923584,0.5316567420959473,0.06558237124615095
32,1.7665122747421265,0.532102644443512,0.5271403193473816,0.5329803824424744,0.06432780903659438
33,1.74705970287323,0.5373979210853577,0.5342012643814087,0.5373924374580383,0.06355850199231866
34,1.7269811630249023,0.5432080626487732,0.5392762422561646,0.5422457456588745,0.062837233624115
35,1.7083858251571655,0.5456350445747375,0.5423654317855835,0.5470990538597107,0.06199677706917609
36,1.6884914636611938,0.5490916967391968,0.5454545617103577,0.5521729588508606,0.06147556059908193
37,1.6692485809326172,0.5529160499572754,0.5467784404754639,0.5541583895683289,0.06105787807959995
38,1.653993010520935,0.5560050010681152,0.5498676300048828,0.5592322945594788,0.06015230128525216
39,1.6345163583755493,0.5586526393890381,0.553839385509491,0.5649680495262146,0.05959173163345563
40,1.6167997121810913,0.5621092915534973,0.5560458898544312,0.5678358674049377,0.05978442917721043
41,1.600487470626831,0.5666691064834595,0.5593556761741638,0.5707037448883057,0.058881970668086495
42,1.5843127965927124,0.5709347724914551,0.5617828965187073,0.5742334127426147,0.06020724887448926
43,1.5699363946914673,0.5752003788948059,0.564210057258606,0.5786454677581787,0.059176748141024256
44,1.5538796186447144,0.5785834789276123,0.5672991871833801,0.5812927484512329,0.06053644184625433
45,1.5380895137786865,0.5826284885406494,0.5677404999732971,0.5863666534423828,0.060176925900987784
46,1.5246987342834473,0.5859380960464478,0.5739188194274902,0.5903375148773193,0.06163052008455775
47,1.5069997310638428,0.5910862684249878,0.5765666365623474,0.5923229455947876,0.06209094325868481
48,1.4959759712219238,0.5964550971984863,0.582524299621582,0.5967350602149963,0.06467830879567449
49,1.4828908443450928,0.5999117493629456,0.5851721167564392,0.599823534488678,0.06631580914492212
50,1.4680274724960327,0.6043980121612549,0.5909091234207153,0.6024707555770874,0.06696837740826818
51,1.4584449529647827,0.6067515015602112,0.5931156277656555,0.6060004234313965,0.07104765339484538
52,1.4459121227264404,0.6138118505477905,0.5995145440101624,0.6048974394798279,0.07547346543564117
53,1.433302402496338,0.613076388835907,0.5955427885055542,0.6095300912857056,0.09245093186400516
54,1.4247539043426514,0.6221960783004761,0.606354832649231,0.6179130673408508,0.11547966663161198
55,1.4166394472122192,0.6183716654777527,0.5995145440101624,0.6128391623497009,0.14337396376133738
56,1.406223177909851,0.6270501017570496,0.6116504669189453,0.622766375541687,0.1505357697744834
57,1.3936004638671875,0.6310951113700867,0.6120917797088623,0.623428225517273,0.12604461504913853
58,1.3858083486557007,0.6324189305305481,0.6105472445487976,0.6251930594444275,0.1293782216041028
59,1.3749030828475952,0.6394057273864746,0.6244483590126038,0.6282814741134644,0.12701285234172488
60,1.3631646633148193,0.6423475742340088,0.6206972599029541,0.6304875612258911,0.11617936629115194
61,1.3567289113998413,0.6410973072052002,0.6229038238525391,0.6335760354995728,0.12265685541991539
62,1.345224380493164,0.6456571221351624,0.6262136101722717,0.6348996162414551,0.09900700440563244
63,1.337278962135315,0.6497756838798523,0.6242277026176453,0.6371057033538818,0.11166766557015623
64,1.328114628791809,0.6542619466781616,0.6334951519966125,0.6448268294334412,0.14184615610935625
65,1.3171443939208984,0.6549974083900452,0.6310679912567139,0.6452680230140686,0.11595778103970865
66,1.3079818487167358,0.659704327583313,0.6323918700218201,0.6437237858772278,0.09384618701196082
67,1.3038893938064575,0.6603662371635437,0.6357016563415527,0.6494595408439636,0.11456850791315126
68,1.297261357307434,0.6647054553031921,0.6352604031562805,0.6490183472633362,0.12253324181871608
69,1.2842134237289429,0.6658821702003479,0.6412180066108704,0.6503419280052185,0.1106381604559218
70,1.2798644304275513,0.6647054553031921,0.6394528150558472,0.6494595408439636,0.11947545261976109
71,1.2725951671600342,0.6696329712867737,0.6427626013755798,0.6532098054885864,0.13831274583892794
72,1.2680145502090454,0.6680150032043457,0.6394528150558472,0.6529892086982727,0.1582008984565442
73,1.260298728942871,0.6733838319778442,0.6469550132751465,0.654974639415741,0.16978525556026328
74,1.2559916973114014,0.6714716553688049,0.6418799757957458,0.6569600701332092,0.18850774156600905
75,1.2487032413482666,0.6744134426116943,0.6484995484352112,0.6602691411972046,0.1949911068275747
76,1.2429752349853516,0.6733838319778442,0.646293044090271,0.660710334777832,0.16124261344482033
77,1.2373673915863037,0.6761785745620728,0.6507061123847961,0.6629164218902588,0.14926749593416636
78,1.229116439819336,0.6784584522247314,0.6502647995948792,0.6609309315681458,0.12412242448577387
79,1.2227411270141602,0.679635226726532,0.6504854559898376,0.6620339751243591,0.14160229214122474
80,1.2166674137115479,0.6823564171791077,0.6535745859146118,0.6629164218902588,0.16473968206987843
81,1.2152023315429688,0.6794145703315735,0.6498234868049622,0.6618133783340454,0.18333490620062165
82,1.205263614654541,0.6850040555000305,0.6568843722343445,0.660710334777832,0.17749971675339318
83,1.199379801750183,0.685886561870575,0.6546778678894043,0.6677696704864502,0.15229454625257313
84,1.193636417388916,0.6866220235824585,0.6582083106040955,0.667107880115509,0.1209819400927731
85,1.185282588005066,0.6888284087181091,0.6590909361839294,0.6655636429786682,0.12516445965428946
86,1.1833735704421997,0.6895638704299927,0.6548985242843628,0.6695345044136047,0.12818078748797238
87,1.1805295944213867,0.6898580193519592,0.6635040044784546,0.6686521172523499,0.13856132087661663
88,1.173233985900879,0.6909612417221069,0.658870279788971,0.6704169511795044,0.1472885275766346
89,1.170057773590088,0.6939765810966492,0.6659311652183533,0.6684315204620361,0.16300737678822153
90,1.1647874116897583,0.6941972374916077,0.6626213788986206,0.6728435754776001,0.16565963684412605
91,1.1648602485656738,0.6981686949729919,0.668358325958252,0.6719611883163452,0.1918778600318856
92,1.1551982164382935,0.6974332332611084,0.6621800661087036,0.6728435754776001,0.18135772742853057
93,1.1560955047607422,0.7009634375572205,0.6646072268486023,0.6719611883163452,0.17950941993708822
94,1.1475220918655396,0.7005221843719482,0.6692409515380859,0.6743878126144409,0.17653207316983052
95,1.1469815969467163,0.7051555514335632,0.6740953326225281,0.6748290657997131,0.16228609787165568
96,1.13899827003479,0.7022872567176819,0.6703442335128784,0.6790205240249634,0.14558742022848298
97,1.134997010231018,0.7047142386436462,0.6745366454124451,0.6785793304443359,0.12908163312495702
98,1.1306977272033691,0.7024343609809875,0.6738746762275696,0.6768144965171814,0.15583200591612895
99,1.1310250759124756,0.7061116099357605,0.6729920506477356,0.6801235675811768,0.18106625004772703
100,1.1294376850128174,0.7070677280426025,0.6743159890174866,0.6794617176055908,0.21117596970097394
101,1.1289764642715454,0.7122894525527954,0.675419270992279,0.6805647611618042,0.19888623109084794
102,1.1168127059936523,0.7130984663963318,0.6787290573120117,0.6832119822502136,0.16322485735864467
103,1.113113284111023,0.7153048515319824,0.6782877445220947,0.6818884015083313,0.15641163274155842
104,1.110939621925354,0.7112598419189453,0.6751986145973206,0.6823295950889587,0.21248362509666727
105,1.1132358312606812,0.7123630046844482,0.6789497137069702,0.6776968836784363,0.2508706622469686
106,1.1089065074920654,0.7141281366348267,0.6785084009170532,0.6836532354354858,0.2681047537219161
107,1.1066750288009644,0.7164815664291382,0.6844660043716431,0.6827707886695862,0.23966123497993538
108,1.101548671722412,0.7171434760093689,0.6789497137069702,0.6889477372169495,0.21166137830144874
109,1.0990585088729858,0.7197911143302917,0.6835834383964539,0.6867417097091675,0.2053991997801743
110,1.0967698097229004,0.7215562462806702,0.6864519119262695,0.6887271404266357,0.19742436199666274
111,1.0864429473876953,0.7208207845687866,0.6838040947914124,0.6900507211685181,0.14475506652743156
112,1.08431077003479,0.7215562462806702,0.6882171034812927,0.6869623064994812,0.15740524190924293
113,1.0802695751190186,0.7203059196472168,0.6831421256065369,0.6913743615150452,0.1803393718889954
114,1.0785183906555176,0.7255277037620544,0.6884377598762512,0.6920362114906311,0.20574597445065304
115,1.0756638050079346,0.7242773771286011,0.6873345375061035,0.6968894600868225,0.1822257821375159
116,1.0739340782165527,0.7222916483879089,0.6873345375061035,0.6904919743537903,0.1599096735740038
117,1.0758979320526123,0.7255277037620544,0.6926301717758179,0.6960070729255676,0.16429696565611532
118,1.0770258903503418,0.726336658000946,0.6910856366157532,0.6955658793449402,0.15948023613274728
119,1.0660898685455322,0.7246451377868652,0.6888790726661682,0.6949040293693542,0.14225538453027378
120,1.0636816024780273,0.7261160612106323,0.6906443238258362,0.6957864761352539,0.13374764026799899
121,1.0615007877349854,0.7296462655067444,0.6895410418510437,0.6984336972236633,0.12619120506332812
122,1.0568575859069824,0.727881133556366,0.6897616982460022,0.697110116481781,0.13527028416295608
123,1.0549640655517578,0.7272927761077881,0.6924095153808594,0.6953452825546265,0.14389462687238128
124,1.0535088777542114,0.7265573143959045,0.6860105991363525,0.6946834325790405,0.17670320917527774
125,1.0561105012893677,0.727881133556366,0.6924095153808594,0.6924774050712585,0.22086052324689598
126,1.0509439706802368,0.7247922420501709,0.687113881111145,0.6898301243782043,0.2631316088317282
127,1.0552177429199219,0.7289843559265137,0.6924095153808594,0.6898301243782043,0.3164943455426686
128,1.055503249168396,0.7254541516304016,0.6893203854560852,0.6918155550956726,0.33548871912072226
129,1.0492403507232666,0.7294256091117859,0.6954987049102783,0.695124626159668,0.29052989171218696
130,1.042418122291565,0.7297197580337524,0.6952780485153198,0.6984336972236633,0.181149669674756
131,1.0352798700332642,0.7269250750541687,0.6882171034812927,0.6953452825546265,0.14544217738328122
132,1.04465651512146,0.7281017899513245,0.6917476058006287,0.690712571144104,0.27117764055887444
133,1.0436676740646362,0.724203884601593,0.685348629951477,0.6975513100624084,0.3473198605523888
134,1.043406367301941,0.7317790389060974,0.6939541101455688,0.6988749504089355,0.2839821613121885
135,1.0338748693466187,0.7319261431694031,0.6926301717758179,0.6975513100624084,0.15374489488907458
136,1.030424952507019,0.7279546856880188,0.6893203854560852,0.6955658793449402,0.22946022012690437
137,1.0349992513656616,0.7339118719100952,0.6972638964653015,0.6960070729255676,0.3085297529680469
138,1.0311870574951172,0.7317790389060974,0.6908649802207947,0.6997573375701904,0.26055620222721126
139,1.0242840051651,0.7330293655395508,0.6921888589859009,0.7028458118438721,0.15000439109454322
140,1.025827407836914,0.7346473336219788,0.696601927280426,0.7004191875457764,0.16121656745407015
141,1.0226012468338013,0.7343531847000122,0.6930714845657349,0.7032870054244995,0.1845265880629698
142,1.0209559202194214,0.7358976006507874,0.6985878348350525,0.7026252150535583,0.168310654880969
143,1.019457221031189,0.7352356910705566,0.6957193613052368,0.7008603811264038,0.1472041627676684
144,1.0148711204528809,0.7356034517288208,0.6959400177001953,0.703728199005127,0.1396108221116064
145,1.0155960321426392,0.7352356910705566,0.6954987049102783,0.697110116481781,0.14721106171908935
146,1.0141619443893433,0.7365595102310181,0.6924095153808594,0.7041694521903992,0.15880905746494264
147,1.0114258527755737,0.738103985786438,0.698808491230011,0.7030664086341858,0.14622586337716084
148,1.0110639333724976,0.7376627326011658,0.698367178440094,0.7028458118438721,0.1510894901638588
149,1.0124045610427856,0.7356034517288208,0.69748455286026,0.7026252150535583,0.13830408019024662
150,1.002929925918579,0.7375156283378601,0.6968225836753845,0.7006397843360901,0.13638773234418175
151,1.0082342624664307,0.7376627326011658,0.698367178440094,0.7046106457710266,0.12837526772749894
152,1.001824140548706,0.7375891804695129,0.6985878348350525,0.7010809779167175,0.15132787096765996
153,1.0035381317138672,0.7362653613090515,0.6977052092552185,0.7032870054244995,0.1565026489335569
154,1.0016565322875977,0.7386923432350159,0.699691116809845,0.7024046182632446,0.15193229161158364
155,0.9994781613349915,0.73906010389328,0.6952780485153198,0.7032870054244995,0.14153818323486364
156,0.9982224106788635,0.7374420762062073,0.6977052092552185,0.7021840214729309,0.15293550211759308
157,0.9957602024078369,0.7394278049468994,0.6985878348350525,0.705051839351654,0.1493678613920845
158,0.9980753064155579,0.7405309677124023,0.7018976211547852,0.7059342861175537,0.1632178541850252
159,0.9931609630584717,0.7382510900497437,0.6954987049102783,0.7001985311508179,0.1575603262410217
160,0.9919369220733643,0.7395749092102051,0.6999117732048035,0.7008603811264038,0.17468375733612226
161,0.9917559027671814,0.7375891804695129,0.696601927280426,0.7024046182632446,0.18974819609666627
162,0.9964056015014648,0.738103985786438,0.7005736827850342,0.6979925036430359,0.20618632076606422
163,0.9922901391983032,0.7361182570457458,0.6963812708854675,0.7013015747070312,0.24199009909629482
164,0.9955572485923767,0.7364859580993652,0.697043240070343,0.692918598651886,0.2695042087588897
165,0.9949098229408264,0.7344266772270203,0.6957193613052368,0.7010809779167175,0.29619700931269183
166,0.9938661456108093,0.7417077422142029,0.7014563083648682,0.7019633650779724,0.26337058969502347
167,0.9876751899719238,0.7385452389717102,0.698367178440094,0.701522171497345,0.20923193156230194
168,0.9856207966804504,0.7372949719429016,0.6948367357254028,0.7032870054244995,0.19372180740939235
169,0.9881615042686462,0.742737352848053,0.699249804019928,0.7004191875457764,0.2209030779792062
170,0.987286388874054,0.7391335964202881,0.6999117732048035,0.7039488554000854,0.22883716487474257
171,0.9863073229789734,0.741119384765625,0.7058693766593933,0.7019633650779724,0.22807192507028215
172,0.989881157875061,0.7377362847328186,0.699691116809845,0.7026252150535583,0.27063655855795277
173,0.9817662239074707,0.7413399815559387,0.7016769647598267,0.7030664086341858,0.2929785003629266
174,0.9816044569015503,0.7383246421813965,0.698367178440094,0.7043900489807129,0.26533015016947503
175,0.9829763174057007,0.7422225475311279,0.7010149955749512,0.7017427682876587,0.23837884751954402
176,0.980872631072998,0.7428844571113586,0.7016769647598267,0.707257866859436,0.19387605221770204
177,0.9777122139930725,0.7425166964530945,0.6977052092552185,0.7041694521903992,0.15811260301655652
178,0.9766794443130493,0.7446495294570923,0.7038835287094116,0.7021840214729309,0.19662350133628603
179,0.9755870699882507,0.7403103709220886,0.7007943391799927,0.7046106457710266,0.20083913096660147
180,0.9771837592124939,0.7431786060333252,0.7034422159194946,0.7054930329322815,0.23239756918390017
181,0.9758206009864807,0.7424432039260864,0.7010149955749512,0.7068166732788086,0.20420948703240974
182,0.9693214297294617,0.7440611720085144,0.7041041254997253,0.707919716835022,0.171251581181938
183,0.9688505530357361,0.7439140677452087,0.7021182775497437,0.7048312425613403,0.16231505885922498
184,0.9683144688606262,0.7447230815887451,0.7034422159194946,0.70571368932724,0.1563010146449777
185,0.9708348512649536,0.7453849911689758,0.7043247818946838,0.7030664086341858,0.19382367560793926
186,0.9658084511756897,0.7422960996627808,0.6990291476249695,0.7030664086341858,0.17339892182363087
187,0.9660307765007019,0.7456056475639343,0.7071933150291443,0.7021840214729309,0.18953178833632786
188,0.9621435403823853,0.744796633720398,0.7027802467346191,0.7054930329322815,0.18958649913266296
189,0.9641057252883911,0.7461940050125122,0.7076346278190613,0.7032870054244995,0.19738325547221694
190,0.9645407795906067,0.7441347241401672,0.7036628723144531,0.7041694521903992,0.20808820520446575
191,0.9625990390777588,0.7470765709877014,0.7060900330543518,0.7054930329322815,0.20433923072007484
192,0.9646719694137573,0.7424432039260864,0.7052074074745178,0.7054930329322815,0.195639207364694
193,0.9623889923095703,0.7461204528808594,0.7076346278190613,0.7035076022148132,0.17805859952523811
194,0.9604664444923401,0.7456791996955872,0.7018976211547852,0.7081403136253357,0.17230024422756127
195,0.9608892202377319,0.7481061816215515,0.7065313458442688,0.7041694521903992,0.17974816356293757
196,0.9589000344276428,0.7433257102966309,0.7060900330543518,0.7063754796981812,0.20588523869357514
197,0.9616912007331848,0.7458997964859009,0.7069726586341858,0.7008603811264038,0.2539246268224768
198,0.9557360410690308,0.7440611720085144,0.7047660946846008,0.7076991200447083,0.2639852684043221
199,0.9589930176734924,0.7488416433334351,0.709179162979126,0.7065960764884949,0.2522320366239762
200,0.9565221667289734,0.7472971677780151,0.7049867510795593,0.707257866859436,0.20125244174271018
201,0.9521459341049194,0.7453849911689758,0.7093998193740845,0.7074785232543945,0.1373916016983585
202,0.9519613981246948,0.7495035529136658,0.7107237577438354,0.7074785232543945,0.1624395354357841
203,0.9532676935195923,0.7450172901153564,0.7047660946846008,0.7039488554000854,0.20883635892637625
204,0.9545227289199829,0.7453849911689758,0.7093998193740845,0.7024046182632446,0.26128955007514454
205,0.9556044340133667,0.7456791996955872,0.7065313458442688,0.7063754796981812,0.26816759312514915
206,0.9573847055435181,0.7484003901481628,0.7118270397186279,0.7046106457710266,0.2618209474531729
207,0.952396035194397,0.7466352581977844,0.7076346278190613,0.707257866859436,0.23533962621265442
208,0.9519903659820557,0.7481797337532043,0.708737850189209,0.7030664086341858,0.20728388046235122
209,0.9529936909675598,0.7498713135719299,0.7063106894493103,0.7068166732788086,0.19833631215953998
210,0.9464499354362488,0.7500919103622437,0.708737850189209,0.7054930329322815,0.17951440077986983
211,0.9495070576667786,0.7495771050453186,0.708296537399292,0.7107875943183899,0.1735738569486777
212,0.9468718767166138,0.7503125667572021,0.7074139714241028,0.7070372700691223,0.16099578095255182
213,0.9461097121238708,0.7507538199424744,0.7065313458442688,0.7088021039962769,0.15773983387778556
214,0.94972163438797,0.7480326294898987,0.7098411321640015,0.7105669379234314,0.18868075254592181
215,0.9488509297370911,0.7503125667572021,0.710503101348877,0.7092433571815491,0.20273481940155497
216,0.9466468095779419,0.7456056475639343,0.709179162979126,0.711449384689331,0.2345610085677047
217,0.9443002939224243,0.7493564486503601,0.7067520022392273,0.699316143989563,0.2709943341185437
218,0.9477338790893555,0.7443553805351257,0.7069726586341858,0.7065960764884949,0.3142686880146309
219,0.9515095949172974,0.7500919103622437,0.7113857269287109,0.7076991200447083,0.34711959751037924
220,0.9484199285507202,0.7461204528808594,0.7049867510795593,0.707257866859436,0.33615295861602384
221,0.9463808536529541,0.7484739422798157,0.7116063833236694,0.7134348154067993,0.2476488809089273
222,0.94218909740448,0.752004086971283,0.708296537399292,0.707919716835022,0.1802229575614379
223,0.9449417591094971,0.744796633720398,0.7030009031295776,0.7081403136253357,0.25357034298491976
224,0.9551915526390076,0.747370719909668,0.7058693766593933,0.7008603811264038,0.37515585145499547
225,0.955527126789093,0.7492094039916992,0.7032215595245361,0.7116699814796448,0.3896547455325052
226,0.9436712265014648,0.7495771050453186,0.7107237577438354,0.7118905782699585,0.2731383987635926
227,0.9390917420387268,0.7491358518600464,0.7069726586341858,0.7085815072059631,0.15781413117036727
228,0.9480984210968018,0.7472971677780151,0.7045454382896423,0.7088021039962769,0.274328595034673
229,0.9476248025894165,0.7495035529136658,0.7124889492988586,0.7039488554000854,0.36543838034381504
230,0.9445211887359619,0.7502390146255493,0.7118270397186279,0.7110081911087036,0.318978087800717
231,0.9392004013061523,0.7514157295227051,0.709620475769043,0.711449384689331,0.1779523208082392
232,0.9406858682632446,0.7523718476295471,0.7076346278190613,0.7039488554000854,0.21479897689560776
233,0.9449598789215088,0.7464882135391235,0.71006178855896,0.7085815072059631,0.32095888774540354
234,0.9433100819587708,0.7500919103622437,0.7129302620887756,0.7085815072059631,0.33143216187744884
235,0.942233145236969,0.7531073093414307,0.7122682929039001,0.7149790525436401,0.26257600504639733
236,0.9353624582290649,0.7522247433662415,0.7122682929039001,0.7134348154067993,0.1659164426737878
237,0.9350853562355042,0.7523718476295471,0.7111650705337524,0.7068166732788086,0.2157887164890219
238,0.9386019110679626,0.752004086971283,0.71006178855896,0.7123317718505859,0.26223164437121127
239,0.933724045753479,0.7548723816871643,0.7124889492988586,0.7110081911087036,0.23355239639470304
240,0.9305005669593811,0.7542840242385864,0.7122682929039001,0.7107875943183899,0.1995066715235758
241,0.929871678352356,0.7541369199752808,0.7146955132484436,0.7132142186164856,0.16073713262439188
242,0.9355935454368591,0.7573729157447815,0.7131509184837341,0.7112287878990173,0.1657810418228141
243,0.9362004995346069,0.7547988295555115,0.7113857269287109,0.7182881236076355,0.21766112849119493
244,0.9333527684211731,0.7552401423454285,0.7118270397186279,0.713655412197113,0.1765521640345088
245,0.931821346282959,0.7551665902137756,0.7138128876686096,0.7132142186164856,0.16099177739425116
246,0.9304717183113098,0.7544311285018921,0.7116063833236694,0.7138760089874268,0.1636598741526193
247,0.9292799830436707,0.7545046806335449,0.7102824449539185,0.7132142186164856,0.16316366393494788
248,0.9337876439094543,0.7535485625267029,0.7131509184837341,0.7138760089874268,0.18481849245697396
249,0.928504467010498,0.7557549476623535,0.7140335440635681,0.7125524282455444,0.1717497409788965
250,0.9211397767066956,0.7568581104278564,0.7140335440635681,0.7145378589630127,0.1404905250560642
251,0.9221930503845215,0.7567845582962036,0.7131509184837341,0.713655412197113,0.1509213467932553
252,0.9281920790672302,0.7564904093742371,0.7120476961135864,0.7156408429145813,0.15331040267032134
253,0.9237528443336487,0.7565639615058899,0.7116063833236694,0.7158614993095398,0.17884238309261263
254,0.9286556839942932,0.7570052146911621,0.7102824449539185,0.7129936218261719,0.2022326564366038
255,0.9261545538902283,0.7586232423782349,0.7071933150291443,0.7174056768417358,0.20365185705949496
256,0.9258328080177307,0.7584025859832764,0.7085171937942505,0.7154202461242676,0.18760034558551053
257,0.9255713820457458,0.7564904093742371,0.7124889492988586,0.7134348154067993,0.18630098320796673
258,0.9211952686309814,0.7562697529792786,0.71006178855896,0.7140966057777405,0.15848272160002988
259,0.9223589301109314,0.758108377456665,0.7151368260383606,0.7151996493339539,0.16729155189057301
260,0.9248619079589844,0.7567110061645508,0.710944414138794,0.7176263332366943,0.18274259440788984
261,0.9234108924865723,0.7580348253250122,0.7111650705337524,0.7138760089874268,0.19828672801301056
262,0.9266075491905212,0.7578142285346985,0.7098411321640015,0.7149790525436401,0.2010932502594461
263,0.9252574443817139,0.7584761381149292,0.7113857269287109,0.7121111750602722,0.1747680433271357
264,0.92197585105896,0.7564904093742371,0.7129302620887756,0.7138760089874268,0.1700613957842231
265,0.9230627417564392,0.75759357213974,0.7116063833236694,0.7134348154067993,0.14683990730036553
266,0.9180068373680115,0.7577406764030457,0.7133715748786926,0.7129936218261719,0.1507964131495205
267,0.9203930497169495,0.7564904093742371,0.7102824449539185,0.7151996493339539,0.17502138551676794
268,0.9216348528862,0.7586967349052429,0.7127096056938171,0.7132142186164856,0.17900650677886773
269,0.9195101261138916,0.7582554817199707,0.7107237577438354,0.7176263332366943,0.19790656801916148
270,0.9198316931724548,0.7590644955635071,0.7124889492988586,0.7127730250358582,0.21125971978326247
271,0.9192591309547424,0.7552401423454285,0.7138128876686096,0.7154202461242676,0.2423344920600314
272,0.9207700490951538,0.755534291267395,0.709179162979126,0.7083609104156494,0.2620640952608737
273,0.9214310050010681,0.7577406764030457,0.7102824449539185,0.7167438864707947,0.28460058799951843
274,0.9237608313560486,0.7605354189872742,0.7124889492988586,0.7151996493339539,0.2844556384706608
275,0.9201675653457642,0.7560490965843201,0.7151368260383606,0.7178469300270081,0.25364565996757177
276,0.917917013168335,0.760608971118927,0.7177846431732178,0.7182881236076355,0.21217751788888728
277,0.9191826581954956,0.7614179253578186,0.7144748568534851,0.7182881236076355,0.1852604638530238
278,0.91819828748703,0.7589909434318542,0.7133715748786926,0.7116699814796448,0.1952150845292514
279,0.9188027381896973,0.7589909434318542,0.7138128876686096,0.7169644832611084,0.22844467605293706
280,0.9179372191429138,0.7592851519584656,0.7155781388282776,0.7163026928901672,0.24517004174148987
281,0.9197784662246704,0.7550930380821228,0.7111650705337524,0.7151996493339539,0.25488077814084525
282,0.9201982617378235,0.761123776435852,0.7124889492988586,0.7167438864707947,0.23979756747224454
283,0.9183332324028015,0.7597999572753906,0.7144748568534851,0.7209353446960449,0.1973140969113715
284,0.9142835736274719,0.758549690246582,0.7142542004585266,0.7129936218261719,0.17037107167940463
285,0.9178215265274048,0.7594321966171265,0.7133715748786926,0.7158614993095398,0.18734520894800405
286,0.916377604007721,0.7616385817527771,0.7155781388282776,0.7163026928901672,0.16947400609729246
287,0.9147749543190002,0.7591380476951599,0.7146955132484436,0.7189499139785767,0.19180772304360777
288,0.914059042930603,0.7595057487487793,0.7113857269287109,0.713655412197113,0.19567624935805578
289,0.912797212600708,0.7617856860160828,0.7129302620887756,0.7202735543251038,0.20645364071509792
290,0.9147684574127197,0.7591380476951599,0.7085171937942505,0.7156408429145813,0.22075384984452234
291,0.9159294366836548,0.7584025859832764,0.7118270397186279,0.7211560010910034,0.23775127798007636
292,0.9135241508483887,0.7562697529792786,0.7140335440635681,0.7140966057777405,0.28914123345699416
293,0.9235649108886719,0.7544311285018921,0.708737850189209,0.7110081911087036,0.34068913778206417
294,0.9250212907791138,0.7589909434318542,0.7098411321640015,0.707919716835022,0.3203748330337086
295,0.9168930053710938,0.7558284997940063,0.7138128876686096,0.7160820960998535,0.2947516092696167
296,0.9170048832893372,0.7573729157447815,0.7133715748786926,0.7147584557533264,0.27083497976935533
297,0.9151505827903748,0.7603147625923157,0.7169020175933838,0.7167438864707947,0.24030543660804773
298,0.9100929498672485,0.76016765832901,0.7151368260383606,0.7207147479057312,0.17251269961637508
299,0.912163257598877,0.7620798349380493,0.7180052995681763,0.7163026928901672,0.19585930536110394
300,0.9141344428062439,0.7589173913002014,0.7153574824333191,0.7202735543251038,0.2562644162873773
301,0.9175757169723511,0.7595793008804321,0.7113857269287109,0.7121111750602722,0.31024625127758193
302,0.9142393469810486,0.7572994232177734,0.7089585065841675,0.7169644832611084,0.3233689712927812
303,0.9122943878173828,0.7630359530448914,0.7171226739883423,0.7187293171882629,0.2661691214438123
304,0.9105143547058105,0.7647275328636169,0.7169020175933838,0.7151996493339539,0.17954541607975297
305,0.9106569886207581,0.7603147625923157,0.7142542004585266,0.716523289680481,0.1732062341988243
306,0.9101296663284302,0.7604618668556213,0.7131509184837341,0.7145378589630127,0.22210659010106842
307,0.9111571311950684,0.7568581104278564,0.7111650705337524,0.7187293171882629,0.2545650447511062
308,0.9114053845405579,0.7635507583618164,0.7188879251480103,0.7147584557533264,0.25302161383611743
309,0.908983588218689,0.7605354189872742,0.7162400484085083,0.7180675268173218,0.252230961549421
310,0.9084872603416443,0.7606825232505798,0.7153574824333191,0.714317262172699,0.19811798576831904
311,0.9124549031257629,0.760608971118927,0.7166813611984253,0.7145378589630127,0.1618701139260861
312,0.9057070016860962,0.7616385817527771,0.7153574824333191,0.7180675268173218,0.17745140307136487
313,0.910298228263855,0.760608971118927,0.7133715748786926,0.7154202461242676,0.22651960949910055
314,0.9142829179763794,0.7589909434318542,0.7098411321640015,0.7196117639541626,0.27637492749179715
315,0.9079093933105469,0.7611973285675049,0.7135922312736511,0.7154202461242676,0.2667996714446193
316,0.9137723445892334,0.762668251991272,0.7160194516181946,0.7189499139785767,0.21659053908418788
317,0.9025235772132874,0.7620063424110413,0.7180052995681763,0.7187293171882629,0.1735874107699755
318,0.904550313949585,0.7632566094398499,0.7184466123580933,0.716523289680481,0.1507757693585392
319,0.9058632254600525,0.762226939201355,0.7171226739883423,0.7196117639541626,0.15821842961494598
320,0.905911922454834,0.7642862200737,0.7188879251480103,0.7204941511154175,0.1660443586139393
321,0.9063141345977783,0.7633301615715027,0.7153574824333191,0.7189499139785767,0.17711528101552831
322,0.9032264947891235,0.7608295679092407,0.7127096056938171,0.7160820960998535,0.1730439478372526
323,0.9071837067604065,0.7630359530448914,0.7102824449539185,0.7191705107688904,0.19337492324743033
324,0.9060271978378296,0.7645068764686584,0.7166813611984253,0.7215971946716309,0.19366659972002573
325,0.9057309627532959,0.7644333243370056,0.7164607048034668,0.7209353446960449,0.20039739313402805
326,0.9027015566825867,0.7653158903121948,0.7197705507278442,0.7180675268173218,0.18865374370243485
327,0.9017117023468018,0.7646539807319641,0.7184466123580933,0.7191705107688904,0.17629872346845707
328,0.9054990410804749,0.7624475955963135,0.7199912071228027,0.7196117639541626,0.17270911133568156
329,0.8988283276557922,0.7632566094398499,0.7155781388282776,0.7182881236076355,0.15613013872537648
330,0.9057416915893555,0.7632566094398499,0.7135922312736511,0.7215971946716309,0.18166286596480422
331,0.9015375971794128,0.7650216817855835,0.7173433303833008,0.7156408429145813,0.1944120973500583
332,0.9071635603904724,0.7609766721725464,0.7169020175933838,0.722258985042572,0.23204150293390305
333,0.9084000587463379,0.7620063424110413,0.7122682929039001,0.7112287878990173,0.3002263148794885
334,0.910943865776062,0.7558284997940063,0.7124889492988586,0.7147584557533264,0.37672285589353616
335,0.9113046526908875,0.7609766721725464,0.7133715748786926,0.7110081911087036,0.415424665390219
336,0.9133347868919373,0.7595793008804321,0.7138128876686096,0.7176263332366943,0.37535577569585427
337,0.9046356081962585,0.7592851519584656,0.7169020175933838,0.7189499139785767,0.2406285214149756
338,0.8999921083450317,0.7623740434646606,0.7160194516181946,0.7178469300270081,0.17515445241172306
339,0.9061049818992615,0.7588438391685486,0.7127096056938171,0.714317262172699,0.26806053056820484
340,0.9072318077087402,0.758108377456665,0.7133715748786926,0.7085815072059631,0.3494491715817907
341,0.9119203686714172,0.759652853012085,0.7164607048034668,0.7196117639541626,0.34548948236748434
342,0.906791627407074,0.7636978626251221,0.7197705507278442,0.7207147479057312,0.259627547810923
343,0.9036121964454651,0.762226939201355,0.7135922312736511,0.7158614993095398,0.19894233616309892
344,0.904711127281189,0.7629624009132385,0.7193292379379272,0.7209353446960449,0.2265729098678463
345,0.9051325917243958,0.7640656232833862,0.7175639867782593,0.7158614993095398,0.24332296396044584
346,0.9069284200668335,0.7623004913330078,0.7151368260383606,0.7189499139785767,0.2519269521478648
347,0.9048342704772949,0.7629624009132385,0.7144748568534851,0.7185087203979492,0.26986749363851115
348,0.9020077586174011,0.7634036540985107,0.7140335440635681,0.7202735543251038,0.2827300442243835
349,0.904784619808197,0.7621533870697021,0.7191085815429688,0.7189499139785767,0.22937385405743696
350,0.9012656807899475,0.7639185190200806,0.7224183678627014,0.7167438864707947,0.16754998622507347
351,0.9028339982032776,0.7628152966499329,0.7164607048034668,0.7211560010910034,0.16800653085075073
352,0.9057949185371399,0.7625946998596191,0.7171226739883423,0.7189499139785767,0.2175255773060093
353,0.8984105587005615,0.7638449668884277,0.7157987952232361,0.7207147479057312,0.22933638050769856
354,0.8996511697769165,0.7643597722053528,0.7210944294929504,0.7231414318084717,0.1961768736432296
355,0.8982037901878357,0.7633301615715027,0.7173433303833008,0.7207147479057312,0.15691148524262832
356,0.8972129225730896,0.7623004913330078,0.7162400484085083,0.7204941511154175,0.15568947071755218
357,0.8943143486976624,0.7639185190200806,0.7206531167030334,0.7211560010910034,0.18301947716279945
358,0.8998382687568665,0.7661248445510864,0.7208737730979919,0.7227001786231995,0.18304126672927573
359,0.8987748026847839,0.7642862200737,0.7217563986778259,0.7191705107688904,0.17586945003168036
360,0.8975642919540405,0.7640656232833862,0.7157987952232361,0.72005295753479,0.16076478413106485
361,0.8941623568534851,0.7661248445510864,0.7199912071228027,0.7204941511154175,0.16113881254407578
362,0.9028526544570923,0.765242338180542,0.7208737730979919,0.7207147479057312,0.16838338187210602
363,0.8992694616317749,0.7633301615715027,0.7173433303833008,0.7187293171882629,0.1822378343623935
364,0.8976780772209167,0.7628152966499329,0.7188879251480103,0.7240238189697266,0.20561575138948412
365,0.9027010798454285,0.7658306956291199,0.7173433303833008,0.7187293171882629,0.19144255954553308
366,0.9008233547210693,0.765757143497467,0.7186672687530518,0.7215971946716309,0.18632454831448458
367,0.897553563117981,0.7672280669212341,0.7188879251480103,0.7185087203979492,0.1585594172469548
368,0.8984507322311401,0.7639920711517334,0.7151368260383606,0.7193911671638489,0.15855431304296708
369,0.8922122716903687,0.7632566094398499,0.7182259559631348,0.7138760089874268,0.19258930361663543
370,0.9009200930595398,0.7656835913658142,0.7180052995681763,0.716523289680481,0.1957958187753204
371,0.8980588316917419,0.7669338583946228,0.7202118635177612,0.7211560010910034,0.182206313312811
372,0.8942384123802185,0.7662719488143921,0.7202118635177612,0.7187293171882629,0.14847567479493898
373,0.8976157307624817,0.7658306956291199,0.7188879251480103,0.7198323607444763,0.17256027735209195
374,0.8970544338226318,0.7649481296539307,0.7191085815429688,0.7202735543251038,0.16123327259393821
375,0.8944190740585327,0.7638449668884277,0.7151368260383606,0.7231414318084717,0.18475730278421812
376,0.8967236876487732,0.7642862200737,0.7191085815429688,0.7151996493339539,0.2163372884222664
377,0.8986856341362,0.7613444328308105,0.7120476961135864,0.7185087203979492,0.263648511206912
378,0.8985356092453003,0.7614179253578186,0.7160194516181946,0.7107875943183899,0.34193970071800206
379,0.9045863747596741,0.7547988295555115,0.7131509184837341,0.7191705107688904,0.4279026518072508
380,0.9058131575584412,0.7615650296211243,0.7173433303833008,0.7134348154067993,0.44549295185782545
381,0.9012939929962158,0.7644333243370056,0.7215357422828674,0.7207147479057312,0.32622121280544375
382,0.8940150141716003,0.762668251991272,0.7197705507278442,0.7204941511154175,0.19323251274225728
383,0.9010756611824036,0.7628152966499329,0.7180052995681763,0.7081403136253357,0.26048037872176383
384,0.9050042033195496,0.7517099380493164,0.7120476961135864,0.7149790525436401,0.3903292869169629
385,0.9155361652374268,0.7595793008804321,0.7166813611984253,0.7090227603912354,0.4945608665458121
386,0.9108787775039673,0.7639920711517334,0.7199912071228027,0.7215971946716309,0.4373344508704831
387,0.8992790579795837,0.7636978626251221,0.7173433303833008,0.7204941511154175,0.22400737059580372
388,0.9022724032402039,0.7615650296211243,0.7186672687530518,0.710125744342804,0.266923094995653
389,0.9053305387496948,0.7526659965515137,0.7093998193740845,0.7158614993095398,0.4638298456947739
390,0.9168363213539124,0.7618592381477356,0.7195498943328857,0.7158614993095398,0.5054535766798562
391,0.9079809188842773,0.7642126679420471,0.7191085815429688,0.7213765978813171,0.3396429971993066
392,0.9005340337753296,0.7600206136703491,0.7131509184837341,0.716523289680481,0.24824717731531917
393,0.9070485234260559,0.76274174451828,0.7153574824333191,0.7116699814796448,0.33187903033709004
394,0.9048883318901062,0.7641391158103943,0.7171226739883423,0.7240238189697266,0.3454820737477605
395,0.8974850177764893,0.7630359530448914,0.7226390242576599,0.7218177914619446,0.21756796832277206
396,0.8990873694419861,0.7625211477279663,0.7219770550727844,0.7169644832611084,0.18986167006336507
397,0.8967150449752808,0.7637714147567749,0.7155781388282776,0.72005295753479,0.1771381428905965
398,0.8967432975769043,0.7641391158103943,0.7153574824333191,0.7163026928901672,0.18403530907364893
399,0.8972882032394409,0.7634036540985107,0.7169020175933838,0.7202735543251038,0.20864467957363295
400,0.8975460529327393,0.7639920711517334,0.7180052995681763,0.7191705107688904,0.18729633988084438
401,0.8994945883750916,0.7650952339172363,0.7180052995681763,0.72005295753479,0.159752955433892
402,0.8959267735481262,0.7650952339172363,0.7120476961135864,0.7213765978813171,0.16594927680149332
403,0.8980296850204468,0.7672280669212341,0.7206531167030334,0.7211560010910034,0.16473621370169533
404,0.8999630212783813,0.7655364871025085,0.7221977114677429,0.7202735543251038,0.17089519823362195
405,0.8923238515853882,0.7655364871025085,0.7217563986778259,0.7209353446960449,0.17531462905134063
406,0.8928927183151245,0.7656100392341614,0.7202118635177612,0.72005295753479,0.15487218704579334
407,0.8927362561225891,0.7646539807319641,0.7208737730979919,0.7185087203979492,0.15037944525440725
408,0.8947687745094299,0.7664190530776978,0.7191085815429688,0.7202735543251038,0.15864693587104012
409,0.8898732662200928,0.7676693201065063,0.7171226739883423,0.7191705107688904,0.14160590577508464
410,0.8897193074226379,0.7669338583946228,0.7188879251480103,0.72005295753479,0.14175671085219874
411,0.8917123675346375,0.7667132616043091,0.7184466123580933,0.7207147479057312,0.13930163198156803
412,0.8926113247871399,0.7663455009460449,0.7166813611984253,0.7227001786231995,0.15050367581537505
413,0.8903941512107849,0.7643597722053528,0.7140335440635681,0.7187293171882629,0.1579638555977697
414,0.892695426940918,0.7656835913658142,0.7173433303833008,0.7211560010910034,0.15342648114557775
415,0.8886439800262451,0.7677428722381592,0.7186672687530518,0.7189499139785767,0.16903924348497562
416,0.8894270062446594,0.765757143497467,0.7160194516181946,0.7215971946716309,0.17561546731000924
417,0.8919400572776794,0.7661248445510864,0.7160194516181946,0.716523289680481,0.18949875486807133
418,0.8953402638435364,0.7677428722381592,0.7193292379379272,0.7224795818328857,0.179500636420106
419,0.8868553638458252,0.765757143497467,0.7166813611984253,0.7185087203979492,0.17179078770302827
420,0.8915613889694214,0.7650952339172363,0.7215357422828674,0.7156408429145813,0.19219158936593264
421,0.8889115452766418,0.7681106328964233,0.7206531167030334,0.7251268625259399,0.1725711132211572
422,0.8890578746795654,0.7670809626579285,0.7199912071228027,0.7185087203979492,0.16649407460185917
423,0.8913035988807678,0.7664926052093506,0.7206531167030334,0.7238032221794128,0.17587101835073765
424,0.8935989737510681,0.7683312296867371,0.7206531167030334,0.7235826253890991,0.16256554523848182
425,0.8909125924110413,0.7659777998924255,0.7191085815429688,0.7193911671638489,0.1695549583317707
426,0.8936104774475098,0.7645068764686584,0.7213150858879089,0.7185087203979492,0.18049134684277487
427,0.8884865045547485,0.7673751711845398,0.7208737730979919,0.7176263332366943,0.18736378475787815
428,0.8885777592658997,0.7631095051765442,0.7149161696434021,0.7235826253890991,0.2128066886165311
429,0.8899654150009155,0.7688460350036621,0.7191085815429688,0.722920835018158,0.22897728800427075
430,0.8881524801254272,0.7681841254234314,0.7199912071228027,0.7257886528968811,0.19243742444443887
431,0.8904150128364563,0.7648745775222778,0.7195498943328857,0.7213765978813171,0.17585076185586268
432,0.8870252966880798,0.7688460350036621,0.7228596806526184,0.7196117639541626,0.17794131243907096
433,0.8919920325279236,0.7679635286331177,0.7175639867782593,0.7202735543251038,0.14922920188969144
434,0.8942561149597168,0.7637714147567749,0.7171226739883423,0.7191705107688904,0.21125090915605121
435,0.8923907279968262,0.7608295679092407,0.7151368260383606,0.7198323607444763,0.3100910367850783
436,0.8928748965263367,0.7624475955963135,0.7186672687530518,0.7132142186164856,0.37191275255007405
437,0.8974007964134216,0.7608295679092407,0.7157987952232361,0.722258985042572,0.4144188838321913
438,0.900172233581543,0.7674486637115479,0.7224183678627014,0.7213765978813171,0.374161914423727
439,0.8922168612480164,0.7664926052093506,0.7206531167030334,0.7193911671638489,0.2570361628172345
440,0.8919890522956848,0.7621533870697021,0.7127096056938171,0.7213765978813171,0.20720233580404815
441,0.8974703550338745,0.7653894424438477,0.7166813611984253,0.7125524282455444,0.24943598121620053
442,0.8970693349838257,0.762668251991272,0.7160194516181946,0.7204941511154175,0.34605762442532273
443,0.8962510824203491,0.7656835913658142,0.7193292379379272,0.7121111750602722,0.40086671967373105
444,0.8955561518669128,0.765757143497467,0.7146955132484436,0.7171850800514221,0.34222130338872514
445,0.8926903009414673,0.7658306956291199,0.7213150858879089,0.7260092496871948,0.22476374097150967
446,0.8882837295532227,0.7659042477607727,0.7182259559631348,0.7158614993095398,0.21938609156368807
447,0.8970116972923279,0.7568581104278564,0.7151368260383606,0.7171850800514221,0.32948378368647024
448,0.8996292948722839,0.7639920711517334,0.7213150858879089,0.7088021039962769,0.3854505986577406
449,0.8969460725784302,0.7613444328308105,0.7155781388282776,0.7189499139785767,0.36318392921710957
450,0.8949112892150879,0.7638449668884277,0.7193292379379272,0.7213765978813171,0.27995574528222134
451,0.8947314023971558,0.7661248445510864,0.7210944294929504,0.7149790525436401,0.2478506696884155
452,0.8958314657211304,0.7603883147239685,0.7131509184837341,0.7180675268173218,0.27801361381919787
453,0.8943687081336975,0.7607560157775879,0.7197705507278442,0.7163026928901672,0.4030606193115508
454,0.9022008180618286,0.7631095051765442,0.7171226739883423,0.7189499139785767,0.37218340506007774
455,0.8953123092651367,0.7592115998268127,0.7122682929039001,0.7154202461242676,0.21827808714516517
456,0.8999491930007935,0.76016765832901,0.7188879251480103,0.7140966057777405,0.36063080481946813
457,0.9002861976623535,0.7625211477279663,0.7171226739883423,0.72005295753479,0.32479890248798093
458,0.8956714868545532,0.7595057487487793,0.7153574824333191,0.7116699814796448,0.2555163217100061
459,0.9044057726860046,0.7586967349052429,0.7184466123580933,0.7227001786231995,0.36369855341499724
460,0.8977970480918884,0.76016765832901,0.7149161696434021,0.7220383882522583,0.23153242995271373
461,0.8942437171936035,0.7602412104606628,0.7153574824333191,0.716523289680481,0.22951997628504478
462,0.8967054486274719,0.7613444328308105,0.7215357422828674,0.7196117639541626,0.3575500676939425
463,0.8926493525505066,0.7584761381149292,0.7177846431732178,0.7220383882522583,0.2580094130151315
464,0.8939875364303589,0.7565639615058899,0.7124889492988586,0.7167438864707947,0.23932027731219382
465,0.9086203575134277,0.7614179253578186,0.7173433303833008,0.7211560010910034,0.35488003589395284
466,0.895964503288269,0.7614914774894714,0.7149161696434021,0.7202735543251038,0.2432734341197697
467,0.9024193286895752,0.7618592381477356,0.7175639867782593,0.7178469300270081,0.23761591867162207
468,0.903117835521698,0.7638449668884277,0.7217563986778259,0.7189499139785767,0.30335678836596197
469,0.8930244445800781,0.7640656232833862,0.7226390242576599,0.7227001786231995,0.2112248139199553
470,0.8921283483505249,0.7634772062301636,0.7184466123580933,0.7160820960998535,0.21388664399334253
471,0.8926985263824463,0.7632566094398499,0.7193292379379272,0.7220383882522583,0.2407114281143374
472,0.8931584358215332,0.762668251991272,0.7224183678627014,0.7198323607444763,0.1806163890465677
473,0.8960989713668823,0.7628888487815857,0.720432460308075,0.7178469300270081,0.1883111042605288
474,0.8960564732551575,0.7680370807647705,0.7213150858879089,0.7227001786231995,0.2095948015282847
475,0.8893327713012695,0.7673751711845398,0.7195498943328857,0.7233620285987854,0.17865652253161218
476,0.886497974395752,0.7634036540985107,0.7182259559631348,0.7191705107688904,0.1721496002468463
477,0.8898289799690247,0.7649481296539307,0.7188879251480103,0.7215971946716309,0.17427898911244905
478,0.8859025835990906,0.7681841254234314,0.7195498943328857,0.7249062657356262,0.15497880401097375
479,0.8917838335037231,0.7666397094726562,0.7208737730979919,0.7227001786231995,0.1537306019000912
480,0.8881581425666809,0.7639185190200806,0.7177846431732178,0.7246856689453125,0.16289284584796798
481,0.8847331404685974,0.76686030626297,0.7197705507278442,0.7196117639541626,0.1692309541229591
482,0.8846015334129333,0.7681106328964233,0.7199912071228027,0.7227001786231995,0.15414765489438015
483,0.8871780037879944,0.7663455009460449,0.720432460308075,0.7209353446960449,0.16307370994177658
484,0.8883127570152283,0.7642862200737,0.7184466123580933,0.7156408429145813,0.16960017353536733
485,0.8861744403839111,0.767301619052887,0.7182259559631348,0.7231414318084717,0.17621032210884718
486,0.8874073624610901,0.7663455009460449,0.7193292379379272,0.7191705107688904,0.1853759176274691
487,0.8864142298698425,0.7661248445510864,0.7193292379379272,0.7198323607444763,0.17135716978976318
488,0.8847870230674744,0.7670809626579285,0.7206531167030334,0.7174056768417358,0.16101816620644122
489,0.8889945149421692,0.7679635286331177,0.720432460308075,0.7215971946716309,0.16441834477895348
490,0.8914657235145569,0.7672280669212341,0.7169020175933838,0.7238032221794128,0.15801378137573846
491,0.8853899240493774,0.7669338583946228,0.7184466123580933,0.716523289680481,0.17702914018908955
492,0.8885766863822937,0.7667867541313171,0.7180052995681763,0.7224795818328857,0.193616652338064
493,0.8856823444366455,0.7698021531105042,0.7171226739883423,0.7213765978813171,0.17166875764029704
494,0.8855896592140198,0.7697286009788513,0.7210944294929504,0.7224795818328857,0.1553520033018364
495,0.8832507729530334,0.7670074105262756,0.7184466123580933,0.722920835018158,0.14681310764551134
496,0.8828914165496826,0.7675957679748535,0.7239629626274109,0.7191705107688904,0.1700560467000605
497,0.8884586095809937,0.7651687860488892,0.720432460308075,0.7233620285987854,0.20109288731739464
498,0.8879098296165466,0.7681106328964233,0.7226390242576599,0.7249062657356262,0.1831210813621871
499,0.8815093040466309,0.7670074105262756,0.7199912071228027,0.722258985042572,0.16616493285135034
500,0.8838379979133606,0.7671545147895813,0.7228596806526184,0.7209353446960449,0.15188429368813522
501,0.882000207901001,0.7683312296867371,0.7241836190223694,0.7231414318084717,0.15350148916578832
502,0.8839915990829468,0.7670074105262756,0.7213150858879089,0.7246856689453125,0.1636276226886353
503,0.8842564225196838,0.7685518860816956,0.7235216498374939,0.7218177914619446,0.17893809679562736
504,0.8824138641357422,0.7670074105262756,0.7180052995681763,0.7233620285987854,0.16830561056885873
505,0.8872993588447571,0.7695079445838928,0.7228596806526184,0.7198323607444763,0.16551503263635137
506,0.8840298652648926,0.7676693201065063,0.7210944294929504,0.722920835018158,0.1809200154489166
507,0.882002055644989,0.7703169584274292,0.7193292379379272,0.7189499139785767,0.18103331304794953
508,0.8883411884307861,0.7678899765014648,0.7182259559631348,0.7182881236076355,0.21839014855896674
509,0.8887686133384705,0.7682576775550842,0.7208737730979919,0.7132142186164856,0.2317827357139324
510,0.8821547031402588,0.764801025390625,0.7166813611984253,0.7178469300270081,0.2268692135021388
511,0.88824063539505,0.76686030626297,0.7195498943328857,0.7211560010910034,0.21133712119318773
512,0.882885754108429,0.765757143497467,0.7219770550727844,0.7174056768417358,0.181222676299749
513,0.8831766247749329,0.7647275328636169,0.7140335440635681,0.7196117639541626,0.19643515969225836
514,0.888176679611206,0.7676693201065063,0.7208737730979919,0.7167438864707947,0.2646377232107745
515,0.8848560452461243,0.7650216817855835,0.7173433303833008,0.7185087203979492,0.29624867315157605
516,0.8898165822029114,0.7643597722053528,0.720432460308075,0.714317262172699,0.3023637112716055
517,0.8868945837020874,0.7638449668884277,0.7182259559631348,0.7211560010910034,0.2964265508787871
518,0.8835433125495911,0.7656835913658142,0.7197705507278442,0.7191705107688904,0.26873603183053124
519,0.890324056148529,0.7670074105262756,0.7217563986778259,0.7224795818328857,0.24429291767436126
520,0.8871468901634216,0.7688460350036621,0.7230803370475769,0.7215971946716309,0.23000959250683087
521,0.8857333064079285,0.7686254382133484,0.7246248722076416,0.722258985042572,0.20715955327701183
522,0.8876819610595703,0.7683312296867371,0.720432460308075,0.722258985042572,0.18295912688209875
523,0.8795869946479797,0.7681841254234314,0.720432460308075,0.7204941511154175,0.19661431466717358
524,0.8861671686172485,0.764801025390625,0.7164607048034668,0.7244650721549988,0.2559653710524452
525,0.8832823634147644,0.7649481296539307,0.7184466123580933,0.7125524282455444,0.26081663479324463
526,0.88868647813797,0.7636243104934692,0.7153574824333191,0.7246856689453125,0.29268242140857154
527,0.891975462436676,0.7658306956291199,0.7217563986778259,0.7156408429145813,0.3276100703705439
528,0.8827767372131348,0.7630359530448914,0.7199912071228027,0.7176263332366943,0.3212989117448452
529,0.8908370137214661,0.7669338583946228,0.7188879251480103,0.7185087203979492,0.27377619240472045
530,0.8856507539749146,0.7667867541313171,0.7199912071228027,0.7220383882522583,0.17744513859327726
531,0.8833125233650208,0.7623004913330078,0.7149161696434021,0.7218177914619446,0.20264087011715515
532,0.8892332911491394,0.7642126679420471,0.7239629626274109,0.714317262172699,0.30720210444480883
533,0.8895867466926575,0.7582554817199707,0.7127096056938171,0.7207147479057312,0.38992628998026907
534,0.8925644755363464,0.7649481296539307,0.7175639867782593,0.7132142186164856,0.41658962274452394
535,0.8946658372879028,0.7651687860488892,0.7221977114677429,0.7238032221794128,0.34594669145136064
536,0.8870752453804016,0.7646539807319641,0.7175639867782593,0.7209353446960449,0.18389002225793485
537,0.8855119943618774,0.7644333243370056,0.7202118635177612,0.7107875943183899,0.21905225438686013
538,0.8863000273704529,0.7615650296211243,0.7162400484085083,0.7171850800514221,0.3618104281202094
539,0.8941966891288757,0.7650216817855835,0.7164607048034668,0.7158614993095398,0.41226570319859895
540,0.8872412443161011,0.7641391158103943,0.7160194516181946,0.7185087203979492,0.31409636981600936
541,0.8830136656761169,0.7623004913330078,0.7175639867782593,0.7185087203979492,0.19211099717597227
542,0.8907627463340759,0.7664190530776978,0.7213150858879089,0.7134348154067993,0.27400367788077373
543,0.8927803039550781,0.7603883147239685,0.7157987952232361,0.7204941511154175,0.3733879540666701
544,0.892320454120636,0.7644333243370056,0.7210944294929504,0.7167438864707947,0.4181356793374766
545,0.891125500202179,0.7653894424438477,0.7235216498374939,0.7246856689453125,0.33341435271782854
546,0.8849450349807739,0.7628152966499329,0.7157987952232361,0.7182881236076355,0.18091057420397824
547,0.8893148899078369,0.7630359530448914,0.7197705507278442,0.7103463411331177,0.2727785078048868
548,0.8885250687599182,0.7617856860160828,0.7162400484085083,0.7211560010910034,0.369147057869871
549,0.8922707438468933,0.7617856860160828,0.7188879251480103,0.714317262172699,0.3489097831033686
550,0.893659770488739,0.7634036540985107,0.7206531167030334,0.7213765978813171,0.34674530910944423
551,0.8945733308792114,0.765757143497467,0.7186672687530518,0.7198323607444763,0.25391898432766796
552,0.8883532285690308,0.7623004913330078,0.7173433303833008,0.7094639539718628,0.2734418934922689
553,0.8966116905212402,0.7632566094398499,0.7186672687530518,0.7224795818328857,0.41807970202763
554,0.8914148211479187,0.7632566094398499,0.7195498943328857,0.7231414318084717,0.2559793407511229
555,0.8915026783943176,0.7599470615386963,0.7164607048034668,0.711449384689331,0.20677674068654772
556,0.8941721320152283,0.7632566094398499,0.7281553745269775,0.7238032221794128,0.37856199027276366
557,0.8899537324905396,0.7625211477279663,0.7235216498374939,0.7182881236076355,0.24981603747820705
558,0.8894006609916687,0.7606825232505798,0.7146955132484436,0.7125524282455444,0.20720151930311717
559,0.8917985558509827,0.764801025390625,0.7208737730979919,0.7220383882522583,0.3268720356657844
560,0.8837328553199768,0.76686030626297,0.7217563986778259,0.7202735543251038,0.22773756314759727
561,0.8845633864402771,0.7653158903121948,0.720432460308075,0.7191705107688904,0.1915280606579547
562,0.8906989693641663,0.7661248445510864,0.7173433303833008,0.7238032221794128,0.23506784765590363
563,0.8846946358680725,0.7638449668884277,0.720432460308075,0.7198323607444763,0.21354204319515946
564,0.8865180611610413,0.7675222158432007,0.7199912071228027,0.7233620285987854,0.2165293371624213
565,0.8875566124916077,0.7711995244026184,0.7230803370475769,0.7240238189697266,0.19958327481160953
566,0.8812696933746338,0.76686030626297,0.7213150858879089,0.7182881236076355,0.17786544977346905
567,0.8828384876251221,0.7636243104934692,0.7162400484085083,0.7220383882522583,0.21161484618815957
568,0.8842117786407471,0.7667132616043091,0.7169020175933838,0.7235826253890991,0.23319929485097657
569,0.8867000937461853,0.7675222158432007,0.7197705507278442,0.7211560010910034,0.17353607475325517
570,0.8804091811180115,0.7667132616043091,0.7188879251480103,0.7204941511154175,0.18059943398794015
571,0.8838069438934326,0.767816424369812,0.7221977114677429,0.7182881236076355,0.21465799191329787
572,0.8776822686195374,0.7672280669212341,0.7193292379379272,0.7213765978813171,0.1893415674098794
573,0.8798813819885254,0.7670074105262756,0.7213150858879089,0.7196117639541626,0.1728106638660311
574,0.8828892111778259,0.7691402435302734,0.7226390242576599,0.7202735543251038,0.162836642683987
575,0.8807129859924316,0.7675957679748535,0.7235216498374939,0.72005295753479,0.15795205327141768
576,0.8781232237815857,0.7660513520240784,0.7217563986778259,0.7180675268173218,0.15774223511486185
577,0.8833057284355164,0.7675222158432007,0.7250661849975586,0.7198323607444763,0.17454265088226553
578,0.8790987133979797,0.76686030626297,0.7199912071228027,0.7198323607444763,0.16968183304535236
579,0.8807134032249451,0.7659777998924255,0.7191085815429688,0.7191705107688904,0.1624432683182763
580,0.8835137486457825,0.7684047818183899,0.7206531167030334,0.7242444157600403,0.2071687104714699
581,0.8816298842430115,0.7694344520568848,0.7241836190223694,0.7215971946716309,0.2099284381772416
582,0.881910502910614,0.7691402435302734,0.7206531167030334,0.7231414318084717,0.1826924798774756
583,0.8823955059051514,0.7664190530776978,0.7202118635177612,0.7220383882522583,0.1601845097737266
584,0.8816061019897461,0.7681841254234314,0.7235216498374939,0.7187293171882629,0.17598685890780652
585,0.8788779973983765,0.7679635286331177,0.7202118635177612,0.7244650721549988,0.18092387622547407
586,0.8753727078437805,0.767301619052887,0.7241836190223694,0.7174056768417358,0.19680252249478095
587,0.8771692514419556,0.7669338583946228,0.7202118635177612,0.7242444157600403,0.20482462518410363
588,0.8791126608848572,0.7699492573738098,0.7215357422828674,0.7215971946716309,0.1896601397666867
589,0.8796566724777222,0.7689931392669678,0.7217563986778259,0.7215971946716309,0.20070485259290713
590,0.8785032033920288,0.7676693201065063,0.7164607048034668,0.72005295753479,0.17545163926748658
591,0.8783143758773804,0.7670809626579285,0.7186672687530518,0.7196117639541626,0.16750125045341643
592,0.881643533706665,0.7649481296539307,0.7206531167030334,0.722258985042572,0.2670938818047805
593,0.884289026260376,0.7675957679748535,0.7239629626274109,0.7167438864707947,0.26982668586138425
594,0.8806511759757996,0.7631095051765442,0.7166813611984253,0.7154202461242676,0.22793346159453964
595,0.8859860301017761,0.762668251991272,0.7208737730979919,0.716523289680481,0.3435490255915478
596,0.8891162872314453,0.7645804286003113,0.7164607048034668,0.7171850800514221,0.30121760681279486
597,0.883415937423706,0.762668251991272,0.7149161696434021,0.7138760089874268,0.19254674755624646
598,0.8848121762275696,0.7631095051765442,0.7210944294929504,0.7189499139785767,0.34114227039923173
599,0.8870674967765808,0.7670809626579285,0.720432460308075,0.7213765978813171,0.3005452124470379
600,0.8848683834075928,0.7620798349380493,0.7133715748786926,0.7140966057777405,0.2070574127124646
601,0.8924857378005981,0.7620798349380493,0.7177846431732178,0.7185087203979492,0.3770510329494935
602,0.8878060579299927,0.7647275328636169,0.7195498943328857,0.7207147479057312,0.28563243970793467
603,0.886911928653717,0.7618592381477356,0.7184466123580933,0.7149790525436401,0.22279003439117182
604,0.8964858055114746,0.7642126679420471,0.7241836190223694,0.7246856689453125,0.38684558383034406
605,0.8860554099082947,0.7660513520240784,0.7235216498374939,0.7204941511154175,0.23176965667667607
606,0.8830389380455017,0.7609031200408936,0.7120476961135864,0.7191705107688904,0.2529418818216001
607,0.8899533152580261,0.7636978626251221,0.7210944294929504,0.7193911671638489,0.38275526807834753
608,0.8893092274665833,0.7667867541313171,0.7224183678627014,0.7240238189697266,0.23803456653560884
609,0.8830932378768921,0.7620798349380493,0.7173433303833008,0.7156408429145813,0.21680449187667775
610,0.8853156566619873,0.7659777998924255,0.7241836190223694,0.7193911671638489,0.2994730294323358
611,0.8833433985710144,0.7670809626579285,0.7219770550727844,0.7257886528968811,0.18814667764690368
612,0.8856272101402283,0.7650952339172363,0.7175639867782593,0.7207147479057312,0.2150731545462838
613,0.8853753805160522,0.7628152966499329,0.7208737730979919,0.7189499139785767,0.2655892324596007
614,0.8848662972450256,0.7666397094726562,0.720432460308075,0.7240238189697266,0.18786524586458248
615,0.8810072541236877,0.7661248445510864,0.7182259559631348,0.7176263332366943,0.1971060777405398
616,0.8849579095840454,0.7667867541313171,0.7208737730979919,0.7242444157600403,0.24974985918943815
617,0.8832674026489258,0.7676693201065063,0.7219770550727844,0.7240238189697266,0.19389275803799993
618,0.8808190226554871,0.7686254382133484,0.7213150858879089,0.7198323607444763,0.1723673894153366
619,0.8810170888900757,0.7662719488143921,0.7186672687530518,0.7220383882522583,0.22199731549687685
620,0.8790556192398071,0.7684047818183899,0.7252868413925171,0.7211560010910034,0.1725973974336948
621,0.881413996219635,0.7693608999252319,0.7228596806526184,0.722920835018158,0.17646321316458372
622,0.881770670413971,0.7699492573738098,0.7208737730979919,0.722258985042572,0.20962402437216268
623,0.8810986876487732,0.765757143497467,0.7199912071228027,0.7178469300270081,0.1768609309446704
624,0.8842504024505615,0.7660513520240784,0.7173433303833008,0.7215971946716309,0.18506644098138178
625,0.8813671469688416,0.768772542476654,0.7226390242576599,0.7202735543251038,0.20729044569202298
626,0.8790072202682495,0.7667867541313171,0.7219770550727844,0.7213765978813171,0.17878099792290852
627,0.8759635090827942,0.7661983966827393,0.7224183678627014,0.7151996493339539,0.17713293628483032
628,0.8801076412200928,0.7666397094726562,0.7224183678627014,0.72005295753479,0.17000679911611216
629,0.8797627687454224,0.7676693201065063,0.7230803370475769,0.72005295753479,0.14081692412226113
630,0.8775975108146667,0.7689931392669678,0.7226390242576599,0.714317262172699,0.17100131855005454
631,0.8756881356239319,0.7673751711845398,0.7177846431732178,0.7196117639541626,0.1929301226838325
632,0.8788005709648132,0.7695814967155457,0.7244042158126831,0.7189499139785767,0.19474346194744374
633,0.8775576949119568,0.7681106328964233,0.7224183678627014,0.722258985042572,0.20289330087139515
634,0.8825044631958008,0.7674486637115479,0.7226390242576599,0.7191705107688904,0.18288746164096634
635,0.8747125864028931,0.768772542476654,0.7195498943328857,0.7235826253890991,0.1714861163539615
636,0.8743113875389099,0.7670074105262756,0.7210944294929504,0.722258985042572,0.14946329017668097
637,0.8754990100860596,0.7680370807647705,0.7226390242576599,0.7189499139785767,0.1757249537942572
638,0.875994086265564,0.7695079445838928,0.7230803370475769,0.7231414318084717,0.16284184125458115
639,0.8774745464324951,0.7709053158760071,0.7197705507278442,0.7187293171882629,0.19448867844723736
640,0.8788097500801086,0.7666397094726562,0.7188879251480103,0.7215971946716309,0.22630060030380025
641,0.8813715577125549,0.7650216817855835,0.7195498943328857,0.7140966057777405,0.25869881109412407
642,0.8820335268974304,0.7650216817855835,0.7175639867782593,0.7227001786231995,0.28829453829287716
643,0.8783083558082581,0.7639920711517334,0.7206531167030334,0.7140966057777405,0.31102489334453776
644,0.8795806765556335,0.7647275328636169,0.7184466123580933,0.7196117639541626,0.3217480778726534
645,0.8851310014724731,0.76686030626297,0.7193292379379272,0.714317262172699,0.3154837039669508
646,0.8863198757171631,0.7665661573410034,0.7169020175933838,0.7193911671638489,0.28345271788307913
647,0.8791967034339905,0.7669338583946228,0.7197705507278442,0.7191705107688904,0.24031054636766333
648,0.8788002133369446,0.7692137956619263,0.7199912071228027,0.7238032221794128,0.19233878603781296
649,0.8793576955795288,0.7695079445838928,0.7217563986778259,0.7213765978813171,0.1762598745274115
650,0.8763838410377502,0.7681841254234314,0.7199912071228027,0.7204941511154175,0.1915158219807874
651,0.8799643516540527,0.7670809626579285,0.7195498943328857,0.7231414318084717,0.187180041479115
652,0.8783704042434692,0.7691402435302734,0.7226390242576599,0.7158614993095398,0.20170632127573665
653,0.883762001991272,0.7678899765014648,0.7175639867782593,0.7213765978813171,0.2234096716562945
654,0.8828824758529663,0.7680370807647705,0.7191085815429688,0.7163026928901672,0.24477137731199097
655,0.8785106539726257,0.7644333243370056,0.7224183678627014,0.7215971946716309,0.27764394855883845
656,0.8827508091926575,0.7669338583946228,0.7217563986778259,0.7174056768417358,0.2750679030328551
657,0.8811560273170471,0.76686030626297,0.7180052995681763,0.7213765978813171,0.2781856781391644
658,0.880411684513092,0.7681841254234314,0.7221977114677429,0.72005295753479,0.31405184958606563
659,0.8823380470275879,0.764801025390625,0.7166813611984253,0.7209353446960449,0.3158885887887847
660,0.8806200623512268,0.7670809626579285,0.7197705507278442,0.7149790525436401,0.2966261716166295
661,0.8805302977561951,0.7671545147895813,0.7177846431732178,0.7231414318084717,0.2595868281279176
662,0.8781661987304688,0.7673751711845398,0.7206531167030334,0.7209353446960449,0.2077526300838231
663,0.8795870542526245,0.7661248445510864,0.7188879251480103,0.7196117639541626,0.1774090277178581
664,0.8815100789070129,0.7656100392341614,0.720432460308075,0.7266710996627808,0.21137014811091503
665,0.883702278137207,0.7693608999252319,0.7213150858879089,0.7187293171882629,0.24370980779611498
666,0.8802555203437805,0.762226939201355,0.7127096056938171,0.7235826253890991,0.26879940254319257
667,0.8871454000473022,0.762226939201355,0.7166813611984253,0.7118905782699585,0.3791206467405903
668,0.8878981471061707,0.7634036540985107,0.7199912071228027,0.722920835018158,0.4305705139327069
669,0.8858637809753418,0.7661983966827393,0.7164607048034668,0.714317262172699,0.34468537141437483
670,0.8854696154594421,0.7654629349708557,0.7180052995681763,0.7174056768417358,0.34235257069094804
671,0.8858094811439514,0.7641391158103943,0.7186672687530518,0.7202735543251038,0.2577861426260125
672,0.8811648488044739,0.76274174451828,0.7160194516181946,0.7112287878990173,0.24293726644706332
673,0.8905744552612305,0.7597999572753906,0.7153574824333191,0.7198323607444763,0.43274567588209817
674,0.8905273079872131,0.7620798349380493,0.7173433303833008,0.7134348154067993,0.3459048490829464
675,0.8908650279045105,0.7636978626251221,0.7191085815429688,0.7182881236076355,0.334240734898063
676,0.8879420161247253,0.7680370807647705,0.7219770550727844,0.7235826253890991,0.3634469846286795
677,0.882309079170227,0.762668251991272,0.7171226739883423,0.7158614993095398,0.18161309458562463
678,0.8852458000183105,0.7639185190200806,0.7118270397186279,0.7220383882522583,0.30537617665153516
679,0.893520712852478,0.7669338583946228,0.7210944294929504,0.7178469300270081,0.36311356145782825
680,0.8855550289154053,0.7609766721725464,0.7186672687530518,0.7185087203979492,0.2732164281151422
681,0.8801884651184082,0.7636243104934692,0.7193292379379272,0.7178469300270081,0.2609037352741598
682,0.882568895816803,0.7679635286331177,0.7239629626274109,0.7231414318084717,0.24095313339101115
683,0.8791584968566895,0.7674486637115479,0.7166813611984253,0.7235826253890991,0.17378493930385203
684,0.8823016285896301,0.7659042477607727,0.7195498943328857,0.7178469300270081,0.21694014940839546
685,0.8803166747093201,0.764801025390625,0.7206531167030334,0.7215971946716309,0.21532651447213863
686,0.8816313743591309,0.7675222158432007,0.7208737730979919,0.722258985042572,0.2059337886610167
687,0.8764733076095581,0.7684783339500427,0.7230803370475769,0.7211560010910034,0.1784031648908871
688,0.8747290968894958,0.7643597722053528,0.7184466123580933,0.7227001786231995,0.16684432575359998
689,0.8798705339431763,0.7648745775222778,0.7224183678627014,0.7178469300270081,0.21679658399088608
690,0.8841741681098938,0.7666397094726562,0.7184466123580933,0.7209353446960449,0.2064612420987036
691,0.8765732049942017,0.7659777998924255,0.7175639867782593,0.7187293171882629,0.17742512018020762
692,0.8776824474334717,0.7642862200737,0.7182259559631348,0.7174056768417358,0.1826856555109569
693,0.876369833946228,0.76686030626297,0.7188879251480103,0.7215971946716309,0.1817207471057991
694,0.8748335838317871,0.7683312296867371,0.7186672687530518,0.7209353446960449,0.1587545737074613
695,0.8769055008888245,0.7689195871353149,0.7224183678627014,0.7238032221794128,0.2301278809849212
696,0.8772903084754944,0.7683312296867371,0.7230803370475769,0.7196117639541626,0.1891738150582388
697,0.8739164471626282,0.7665661573410034,0.7166813611984253,0.7178469300270081,0.1665029466627407
698,0.8792725205421448,0.764801025390625,0.7221977114677429,0.72005295753479,0.2194737421706609
699,0.8795723915100098,0.7642862200737,0.7246248722076416,0.7174056768417358,0.16854171611163402
700,0.8818124532699585,0.7688460350036621,0.7182259559631348,0.7204941511154175,0.17780539090205677
701,0.8801401257514954,0.7681106328964233,0.7219770550727844,0.7213765978813171,0.24840953353386827
702,0.876054048538208,0.7676693201065063,0.720432460308075,0.72005295753479,0.1909260962934502
703,0.8746837973594666,0.7658306956291199,0.7177846431732178,0.7185087203979492,0.1631011923076454
704,0.8819472193717957,0.767301619052887,0.7197705507278442,0.7240238189697266,0.25685256747907004
705,0.8786484003067017,0.7656100392341614,0.7160194516181946,0.7218177914619446,0.17508539838423967
706,0.8790156245231628,0.7681841254234314,0.7160194516181946,0.7209353446960449,0.17959590494989708
707,0.8783465623855591,0.7676693201065063,0.7235216498374939,0.7213765978813171,0.259233943825169
708,0.873918354511261,0.765757143497467,0.7213150858879089,0.7204941511154175,0.19167417481928367
709,0.8778372406959534,0.7659777998924255,0.7171226739883423,0.7182881236076355,0.16889907848120664
710,0.8777235150337219,0.7681841254234314,0.7219770550727844,0.7191705107688904,0.2444460575089843
711,0.8791819214820862,0.7678899765014648,0.7175639867782593,0.7224795818328857,0.1859669108459692
712,0.8727121949195862,0.7659777998924255,0.7142542004585266,0.72005295753479,0.17620749047157083
713,0.8799538016319275,0.7685518860816956,0.7210944294929504,0.7218177914619446,0.23677289512507546
714,0.8752855062484741,0.7670074105262756,0.7235216498374939,0.7202735543251038,0.1764342173448969
715,0.8764588236808777,0.7648745775222778,0.7171226739883423,0.7182881236076355,0.18877588126806205
716,0.8764303922653198,0.7662719488143921,0.7221977114677429,0.7213765978813171,0.22053838780258558
717,0.8738796710968018,0.7672280669212341,0.7215357422828674,0.72005295753479,0.19239149831467037
718,0.8727834224700928,0.7670809626579285,0.7184466123580933,0.7187293171882629,0.21172342772596328
719,0.8802496194839478,0.7686254382133484,0.7241836190223694,0.7196117639541626,0.22846729291563678
720,0.8762730956077576,0.7673751711845398,0.7175639867782593,0.7209353446960449,0.20154974457208794
721,0.879913330078125,0.7667867541313171,0.7186672687530518,0.7160820960998535,0.20600613118276692
722,0.8806543350219727,0.7634772062301636,0.7195498943328857,0.722258985042572,0.28900221892021993
723,0.8867654204368591,0.7661248445510864,0.7199912071228027,0.7189499139785767,0.3311608274124749
724,0.8802739381790161,0.7623740434646606,0.7142542004585266,0.7204941511154175,0.3432006219432893
725,0.8845314979553223,0.7615650296211243,0.7133715748786926,0.710125744342804,0.42575233929616146
726,0.8881556391716003,0.7623004913330078,0.7219770550727844,0.7198323607444763,0.37501003048163206
727,0.8882906436920166,0.7642126679420471,0.7173433303833008,0.7110081911087036,0.29475305395849966
728,0.8877968788146973,0.7614914774894714,0.7186672687530518,0.7185087203979492,0.36891016120800635
729,0.8832809329032898,0.7630359530448914,0.7184466123580933,0.7171850800514221,0.2790789994144897
730,0.8774812817573547,0.7670074105262756,0.7164607048034668,0.7202735543251038,0.25530962082769937
731,0.8862365484237671,0.7654629349708557,0.7226390242576599,0.7204941511154175,0.32106644616977614
732,0.8827719688415527,0.7621533870697021,0.7215357422828674,0.7123317718505859,0.21042578610417675
733,0.8812453746795654,0.7659777998924255,0.7155781388282776,0.7176263332366943,0.23299452291888478
734,0.8831434845924377,0.7678899765014648,0.7237423062324524,0.7189499139785767,0.28614718802144806
735,0.8796637058258057,0.760608971118927,0.7164607048034668,0.7171850800514221,0.2569080085541346
736,0.8836158514022827,0.7649481296539307,0.7213150858879089,0.7147584557533264,0.2775447776803559
737,0.8771595358848572,0.7681106328964233,0.7177846431732178,0.7182881236076355,0.2215744012525959
738,0.8825216889381409,0.7659042477607727,0.7193292379379272,0.7224795818328857,0.18657558026783133
739,0.8809176087379456,0.7667867541313171,0.7202118635177612,0.7147584557533264,0.22214310488587488
740,0.8823239803314209,0.7615650296211243,0.7157987952232361,0.7196117639541626,0.28186953940810566
741,0.8840817213058472,0.7623004913330078,0.7219770550727844,0.7110081911087036,0.40772219393582
742,0.8884510397911072,0.7651687860488892,0.7173433303833008,0.7198323607444763,0.40174546809715667
743,0.8737870454788208,0.7653894424438477,0.7169020175933838,0.7204941511154175,0.2766572337018627
744,0.8806147575378418,0.7660513520240784,0.7237423062324524,0.7193911671638489,0.24871993119904184
745,0.8764386177062988,0.7597999572753906,0.7177846431732178,0.7215971946716309,0.2842316973432917
746,0.8832830786705017,0.7634036540985107,0.7210944294929504,0.7121111750602722,0.3852461423079601
747,0.8828104734420776,0.7643597722053528,0.7180052995681763,0.722920835018158,0.3513821758632802
748,0.8805924654006958,0.7671545147895813,0.7188879251480103,0.7198323607444763,0.19616475046795018
749,0.8737131953239441,0.7689931392669678,0.7237423062324524,0.7160820960998535,0.20176898553137665
750,0.8804672360420227,0.7638449668884277,0.7182259559631348,0.7185087203979492,0.3275451163460306
751,0.8847752213478088,0.7629624009132385,0.7155781388282776,0.7151996493339539,0.3438475099943073
752,0.8795720338821411,0.7661248445510864,0.7171226739883423,0.7167438864707947,0.25332557001745515
753,0.8815440535545349,0.7675222158432007,0.7162400484085083,0.7189499139785767,0.1646122932648568
754,0.8805675506591797,0.7638449668884277,0.7188879251480103,0.7147584557533264,0.24811807649156611
755,0.8822149634361267,0.7666397094726562,0.7177846431732178,0.7244650721549988,0.3183666974652608
756,0.881048321723938,0.7681841254234314,0.7184466123580933,0.72005295753479,0.29159431200287506
757,0.8778975605964661,0.7660513520240784,0.7173433303833008,0.7211560010910034,0.25269707688574766
758,0.8776476383209229,0.7660513520240784,0.7184466123580933,0.722258985042572,0.16167702247501836
759,0.8760265707969666,0.7681841254234314,0.7197705507278442,0.7171850800514221,0.1900133462925194
760,0.8788431882858276,0.7653158903121948,0.7169020175933838,0.7215971946716309,0.2718212544805366
761,0.8769376873970032,0.7645068764686584,0.7188879251480103,0.7149790525436401,0.2609895660199263
762,0.8878182172775269,0.7682576775550842,0.7186672687530518,0.7220383882522583,0.2577241926316553
763,0.874255359172821,0.7674486637115479,0.7219770550727844,0.7224795818328857,0.1950975366691564
764,0.8780872225761414,0.767816424369812,0.7202118635177612,0.7189499139785767,0.1665838609951929
765,0.8726249933242798,0.7688460350036621,0.7171226739883423,0.7220383882522583,0.16709799706807268
766,0.8802886009216309,0.7673751711845398,0.7191085815429688,0.7182881236076355,0.20053125258674154
767,0.878984808921814,0.7666397094726562,0.7199912071228027,0.722258985042572,0.23552063194642525
768,0.8783551454544067,0.7695079445838928,0.7206531167030334,0.7156408429145813,0.23928187529684558
769,0.8808057904243469,0.7680370807647705,0.7184466123580933,0.7204941511154175,0.21041140263594466
770,0.8730623722076416,0.7673751711845398,0.7169020175933838,0.7207147479057312,0.16043257234838715
771,0.8772123456001282,0.7693608999252319,0.7215357422828674,0.716523289680481,0.17965468375563975
772,0.8820376992225647,0.7675957679748535,0.7140335440635681,0.7182881236076355,0.24381785529214975
773,0.8800501823425293,0.76686030626297,0.7186672687530518,0.7145378589630127,0.29907389942036183
774,0.8779274821281433,0.7683312296867371,0.7199912071228027,0.7227001786231995,0.28275447064965864
775,0.8754937052726746,0.7696550488471985,0.7224183678627014,0.7178469300270081,0.20913436889399317
776,0.8750103712081909,0.7683312296867371,0.7219770550727844,0.7180675268173218,0.16765313353370956
777,0.8738842010498047,0.7675957679748535,0.7195498943328857,0.7207147479057312,0.19661633232060122
778,0.8787539601325989,0.7675222158432007,0.7210944294929504,0.7204941511154175,0.20414424504238485
779,0.8742026090621948,0.76686030626297,0.7180052995681763,0.7198323607444763,0.20034246791427046
780,0.8714925646781921,0.7659777998924255,0.7233009934425354,0.7187293171882629,0.20894372123514887
781,0.8714390993118286,0.7681106328964233,0.7177846431732178,0.7227001786231995,0.19418427246284398
782,0.8776592016220093,0.7680370807647705,0.720432460308075,0.7182881236076355,0.19978078797798807
783,0.874038577079773,0.7655364871025085,0.7169020175933838,0.7218177914619446,0.19261080695519267
784,0.8837003707885742,0.7677428722381592,0.7186672687530518,0.72005295753479,0.18709182896764315
785,0.8756905198097229,0.7689931392669678,0.720432460308075,0.722258985042572,0.18135098395933685
786,0.8724842667579651,0.7686989903450012,0.7268314361572266,0.7204941511154175,0.1538153330191521
787,0.8757162094116211,0.7670809626579285,0.7197705507278442,0.7211560010910034,0.16922978935104213
788,0.8723111152648926,0.7653158903121948,0.7219770550727844,0.716523289680481,0.16977242373334725
789,0.8774915933609009,0.7662719488143921,0.7248455286026001,0.716523289680481,0.16791064488159535
790,0.8773393034934998,0.7670074105262756,0.7182259559631348,0.7215971946716309,0.1937802004313987
791,0.874772310256958,0.7686989903450012,0.7226390242576599,0.7160820960998535,0.2386630092858599
792,0.877074122428894,0.7628888487815857,0.7135922312736511,0.7207147479057312,0.31541745968384255
793,0.8807531595230103,0.7653894424438477,0.7195498943328857,0.7121111750602722,0.38970431841203923
794,0.8836713433265686,0.7625211477279663,0.7173433303833008,0.7224795818328857,0.4175131285521788
795,0.8786448240280151,0.7670074105262756,0.7202118635177612,0.7160820960998535,0.3618959210886267
796,0.8765389323234558,0.7670809626579285,0.7195498943328857,0.7167438864707947,0.21084598018667056
797,0.8720843195915222,0.7641391158103943,0.7188879251480103,0.7180675268173218,0.2034830321363139
798,0.882777750492096,0.7633301615715027,0.7215357422828674,0.7096845507621765,0.33817413609559516
799,0.8885796666145325,0.758549690246582,0.7107237577438354,0.7176263332366943,0.5092510916848658
800,0.8980523943901062,0.7653894424438477,0.7173433303833008,0.7149790525436401,0.5735252808861151
801,0.8862806558609009,0.7667867541313171,0.7171226739883423,0.7193911671638489,0.3919264836766648
802,0.875286340713501,0.7625211477279663,0.7162400484085083,0.7187293171882629,0.196390208800673
803,0.8846025466918945,0.7586967349052429,0.7144748568534851,0.7061548829078674,0.3522088346081371
804,0.8908247947692871,0.7553136348724365,0.7080759406089783,0.7151996493339539,0.5405862356382414
805,0.8935381174087524,0.7645068764686584,0.7191085815429688,0.7147584557533264,0.5300079479611783
806,0.8880083560943604,0.7624475955963135,0.7182259559631348,0.7178469300270081,0.33870570696727825
807,0.8816752433776855,0.7603883147239685,0.7157987952232361,0.7209353446960449,0.21904290694507653
808,0.8863752484321594,0.7663455009460449,0.7197705507278442,0.7140966057777405,0.34440633965539186
809,0.8858342170715332,0.7670074105262756,0.7197705507278442,0.72005295753479,0.34144330783395094
810,0.8794980049133301,0.7634772062301636,0.7197705507278442,0.7171850800514221,0.22874455438925356
811,0.878673791885376,0.7660513520240784,0.7191085815429688,0.716523289680481,0.18929418893052066
812,0.8804163336753845,0.7675222158432007,0.7173433303833008,0.72005295753479,0.2420856132992429
813,0.8788704872131348,0.7670074105262756,0.720432460308075,0.7196117639541626,0.28259405314505404
814,0.8778824806213379,0.7630359530448914,0.7215357422828674,0.7253474593162537,0.24459479273405715
815,0.8744919896125793,0.7641391158103943,0.7138128876686096,0.7187293171882629,0.15948327497382947
816,0.886468231678009,0.7676693201065063,0.7224183678627014,0.7160820960998535,0.224491487045543
817,0.8835291266441345,0.7655364871025085,0.7193292379379272,0.7218177914619446,0.25199760433215274
818,0.8763249516487122,0.7659042477607727,0.7197705507278442,0.7182881236076355,0.20743964037105858
819,0.8766555190086365,0.7681106328964233,0.7175639867782593,0.7196117639541626,0.16410439202703347
820,0.8748623132705688,0.7670809626579285,0.7173433303833008,0.7189499139785767,0.16612843884968395
821,0.8786402344703674,0.7675222158432007,0.7224183678627014,0.7180675268173218,0.17947984943986187
822,0.8742687106132507,0.7684783339500427,0.7226390242576599,0.7174056768417358,0.155601887306205
823,0.8749071955680847,0.7671545147895813,0.7224183678627014,0.7220383882522583,0.16222812199439587
824,0.8764469027519226,0.7677428722381592,0.7237423062324524,0.7169644832611084,0.17813917012780028
825,0.879509687423706,0.7680370807647705,0.7195498943328857,0.7185087203979492,0.17761480030214036
826,0.8725321292877197,0.767816424369812,0.7213150858879089,0.7196117639541626,0.17856849742184822
827,0.8759133815765381,0.7670809626579285,0.7186672687530518,0.7207147479057312,0.1743849386102539
828,0.8736047744750977,0.7666397094726562,0.7180052995681763,0.7202735543251038,0.1415143864328475
829,0.8739942908287048,0.7691402435302734,0.7219770550727844,0.7187293171882629,0.16592825477731196
830,0.8720611929893494,0.7674486637115479,0.7224183678627014,0.7209353446960449,0.15901121245653935
831,0.8767609000205994,0.7686254382133484,0.7199912071228027,0.7202735543251038,0.15743216545046093
832,0.8758426904678345,0.7675222158432007,0.7191085815429688,0.7215971946716309,0.19228475743789797
833,0.8738971948623657,0.7670074105262756,0.7224183678627014,0.7204941511154175,0.17780078424304735
834,0.8758374452590942,0.7665661573410034,0.7235216498374939,0.7215971946716309,0.15481082465058407
835,0.8770188689231873,0.7675222158432007,0.7221977114677429,0.72005295753479,0.18654486388562178
836,0.8757645487785339,0.7670074105262756,0.7206531167030334,0.7167438864707947,0.16771913031076008
837,0.878007173538208,0.7648745775222778,0.7144748568534851,0.7231414318084717,0.19418644541981064
838,0.8744149208068848,0.7677428722381592,0.7250661849975586,0.7185087203979492,0.2581765829865626
839,0.8787522912025452,0.7662719488143921,0.7180052995681763,0.722920835018158,0.27009841975780996
840,0.8793175220489502,0.7690666913986206,0.7210944294929504,0.7182881236076355,0.2793732374797552
841,0.8803870677947998,0.7677428722381592,0.7180052995681763,0.7227001786231995,0.28886733195158126
842,0.8746579885482788,0.7653894424438477,0.7235216498374939,0.7178469300270081,0.23448907293004556
843,0.8747400045394897,0.7671545147895813,0.7195498943328857,0.7198323607444763,0.21435817977682614
844,0.8737474083900452,0.76686030626297,0.7208737730979919,0.7178469300270081,0.22119254536356234
845,0.8703555464744568,0.7650216817855835,0.7180052995681763,0.7174056768417358,0.17469198007238987
846,0.8739411234855652,0.7643597722053528,0.7144748568534851,0.7189499139785767,0.16973879485950172
847,0.8746950626373291,0.767301619052887,0.7193292379379272,0.72005295753479,0.2567414859571227
848,0.8813621401786804,0.7660513520240784,0.7173433303833008,0.7191705107688904,0.2252162364977663
849,0.8737032413482666,0.7658306956291199,0.7162400484085083,0.7145378589630127,0.20826843148032545
850,0.8784492015838623,0.7659042477607727,0.7177846431732178,0.7187293171882629,0.31521145175044385
851,0.8797392249107361,0.7688460350036621,0.7221977114677429,0.7174056768417358,0.28079209885068473
852,0.8789399862289429,0.7620063424110413,0.7173433303833008,0.7154202461242676,0.23261751551488843
853,0.8805607557296753,0.7642862200737,0.7219770550727844,0.7182881236076355,0.33695816512856164
854,0.8829165101051331,0.7675957679748535,0.7213150858879089,0.7215971946716309,0.25069224832537884
855,0.8780890703201294,0.7631095051765442,0.7146955132484436,0.7151996493339539,0.20803227777103414
856,0.8801865577697754,0.7612708806991577,0.720432460308075,0.7147584557533264,0.3362580210737346
857,0.8794409036636353,0.7649481296539307,0.7215357422828674,0.7224795818328857,0.26874007709082104
858,0.8804953098297119,0.7647275328636169,0.7206531167030334,0.7167438864707947,0.2374829173782643
859,0.8858858942985535,0.7663455009460449,0.7206531167030334,0.7238032221794128,0.3094010303201003
860,0.8764345645904541,0.7650216817855835,0.7213150858879089,0.7198323607444763,0.19649351190115308
861,0.87798011302948,0.7661248445510864,0.7180052995681763,0.7145378589630127,0.23445413475570598
862,0.8784098029136658,0.7654629349708557,0.7224183678627014,0.7233620285987854,0.314537832823736
863,0.88236004114151,0.765242338180542,0.7177846431732178,0.7176263332366943,0.26392325059788335
864,0.8754211664199829,0.7651687860488892,0.7155781388282776,0.7215971946716309,0.2412179411854189
865,0.8778713941574097,0.7664190530776978,0.720432460308075,0.7202735543251038,0.2817847454630671
866,0.8758575320243835,0.7649481296539307,0.7193292379379272,0.7156408429145813,0.21251887589378604
867,0.8810678124427795,0.7634036540985107,0.7118270397186279,0.7202735543251038,0.2182993681869669
868,0.8817771077156067,0.7655364871025085,0.7199912071228027,0.716523289680481,0.30556078709952555
869,0.8783392906188965,0.7656835913658142,0.7175639867782593,0.7193911671638489,0.30949791626193274
870,0.8782768249511719,0.7653894424438477,0.7193292379379272,0.7103463411331177,0.3131625371800604
871,0.875994861125946,0.7647275328636169,0.7157987952232361,0.7163026928901672,0.2655941286701822
872,0.8715050220489502,0.7679635286331177,0.7213150858879089,0.7196117639541626,0.18843543044258992
873,0.8759195804595947,0.7695814967155457,0.7208737730979919,0.7189499139785767,0.1795010325880673
874,0.8736753463745117,0.7630359530448914,0.7157987952232361,0.7204941511154175,0.23218239203017255
875,0.8778039216995239,0.7658306956291199,0.7206531167030334,0.7151996493339539,0.29567837476831077
876,0.8789931535720825,0.7684047818183899,0.7184466123580933,0.7255680561065674,0.2790405650887683
877,0.8741853833198547,0.7643597722053528,0.7160194516181946,0.7176263332366943,0.196041861453252
878,0.8829827308654785,0.7689931392669678,0.7228596806526184,0.7189499139785767,0.25992468768908233
879,0.878579318523407,0.7661248445510864,0.7208737730979919,0.7215971946716309,0.2439587213738846
880,0.8775561451911926,0.7642862200737,0.7166813611984253,0.7127730250358582,0.22882145977016513
881,0.8843832015991211,0.765242338180542,0.7191085815429688,0.7189499139785767,0.2925922794176254
882,0.8780010342597961,0.7650952339172363,0.7191085815429688,0.7193911671638489,0.21605509599500464
883,0.8752427697181702,0.7650952339172363,0.7164607048034668,0.7191705107688904,0.20535862762601106
884,0.8828341960906982,0.7667132616043091,0.7195498943328857,0.7207147479057312,0.2572193534874916
885,0.873412013053894,0.7648745775222778,0.7193292379379272,0.7180675268173218,0.16487022736771728
886,0.8746535778045654,0.7656100392341614,0.7127096056938171,0.7215971946716309,0.188827398656588
887,0.8790534138679504,0.7675222158432007,0.7224183678627014,0.7207147479057312,0.22054392592983577
888,0.8749352693557739,0.7680370807647705,0.7213150858879089,0.7204941511154175,0.16573950538466736
889,0.879099428653717,0.7677428722381592,0.7199912071228027,0.72005295753479,0.17912616499032538
890,0.876205325126648,0.7656100392341614,0.7230803370475769,0.7202735543251038,0.1882702673677943
891,0.8773471117019653,0.7672280669212341,0.7182259559631348,0.7235826253890991,0.19599773155249442
892,0.8758186101913452,0.7660513520240784,0.7180052995681763,0.7178469300270081,0.22616077850478453
893,0.8783186674118042,0.7658306956291199,0.7142542004585266,0.7189499139785767,0.1933303262215426
894,0.8763689398765564,0.7656835913658142,0.7221977114677429,0.7147584557533264,0.2632429588515166
895,0.8768670558929443,0.7670074105262756,0.7171226739883423,0.7202735543251038,0.24727463095659732
896,0.8723123073577881,0.7654629349708557,0.7160194516181946,0.7189499139785767,0.20752390667569048
897,0.8788022398948669,0.7624475955963135,0.7169020175933838,0.7163026928901672,0.28580401028373836
898,0.875022828578949,0.7677428722381592,0.7191085815429688,0.7193911671638489,0.2309862860000033
899,0.8756101727485657,0.7664190530776978,0.7175639867782593,0.7145378589630127,0.1739403622550434
900,0.8851832151412964,0.7638449668884277,0.7180052995681763,0.7193911671638489,0.3152402301028084
901,0.8775729537010193,0.7673751711845398,0.7228596806526184,0.7180675268173218,0.243106787652458
902,0.8756828308105469,0.7667867541313171,0.7127096056938171,0.7215971946716309,0.2173575353337114
903,0.8813321590423584,0.7666397094726562,0.7197705507278442,0.7169644832611084,0.31170830087483226
904,0.8766292333602905,0.7639185190200806,0.7171226739883423,0.7218177914619446,0.2521285609181651
905,0.8817756772041321,0.7640656232833862,0.7175639867782593,0.7110081911087036,0.2829098086356004
906,0.8778849244117737,0.7651687860488892,0.720432460308075,0.72005295753479,0.3127690013577402
907,0.8775180578231812,0.7676693201065063,0.7226390242576599,0.7176263332366943,0.24563338201567994
908,0.8768963813781738,0.7675957679748535,0.7155781388282776,0.722258985042572,0.22159313913514558
909,0.8750637769699097,0.7658306956291199,0.720432460308075,0.7209353446960449,0.2149085411809924
910,0.8712597489356995,0.7641391158103943,0.7217563986778259,0.7182881236076355,0.16449105848551432
911,0.8739268183708191,0.7637714147567749,0.7135922312736511,0.72005295753479,0.17533069816547367
912,0.8770546913146973,0.7663455009460449,0.7199912071228027,0.7191705107688904,0.22920228599925074
913,0.8774253726005554,0.7680370807647705,0.7191085815429688,0.7253474593162537,0.22957902004945085
914,0.8755517601966858,0.7641391158103943,0.7169020175933838,0.7185087203979492,0.2709425489639052
915,0.8775835037231445,0.7634772062301636,0.7175639867782593,0.7191705107688904,0.29102500117963853
916,0.8773687481880188,0.767301619052887,0.7206531167030334,0.7154202461242676,0.2549830174134002
917,0.8749972581863403,0.7659042477607727,0.7182259559631348,0.7207147479057312,0.2598180194253412
918,0.8724170923233032,0.7699492573738098,0.720432460308075,0.7211560010910034,0.24561841051191058
919,0.878666341304779,0.764801025390625,0.7186672687530518,0.7198323607444763,0.21925699534734436
920,0.8720384836196899,0.7664190530776978,0.7182259559631348,0.7196117639541626,0.17315097434581037
921,0.876685380935669,0.7683312296867371,0.7217563986778259,0.7189499139785767,0.16704227207263447
922,0.877214252948761,0.7670074105262756,0.7188879251480103,0.7215971946716309,0.23162505864548028
923,0.8758401870727539,0.7649481296539307,0.720432460308075,0.7132142186164856,0.2536905731980664
924,0.8795062303543091,0.7645804286003113,0.7206531167030334,0.7187293171882629,0.26951750866002144
925,0.879837691783905,0.7676693201065063,0.7237423062324524,0.7182881236076355,0.23663500534190451
926,0.8770776391029358,0.76686030626297,0.7169020175933838,0.7193911671638489,0.2362721627435644
927,0.8743941187858582,0.7665661573410034,0.7202118635177612,0.7204941511154175,0.2402522917516212
928,0.8793033957481384,0.7659777998924255,0.7177846431732178,0.7235826253890991,0.19158097740558747
929,0.879977285861969,0.7661983966827393,0.7182259559631348,0.7182881236076355,0.17308117917985585
930,0.8720001578330994,0.7641391158103943,0.7173433303833008,0.7211560010910034,0.2057340371186089
931,0.8729113936424255,0.7670074105262756,0.7153574824333191,0.722920835018158,0.20055558494665052
932,0.8753284215927124,0.7684047818183899,0.7197705507278442,0.7187293171882629,0.20359512528741883
933,0.8722798228263855,0.7672280669212341,0.7195498943328857,0.7187293171882629,0.15854169303266805
934,0.8750402927398682,0.7696550488471985,0.7146955132484436,0.7224795818328857,0.15870231205522892
935,0.8715973496437073,0.7691402435302734,0.7213150858879089,0.7218177914619446,0.17737941922011177
936,0.8767130970954895,0.7693608999252319,0.7186672687530518,0.7198323607444763,0.18337683894985674
937,0.8717575073242188,0.7685518860816956,0.7195498943328857,0.7209353446960449,0.21537701966053127
938,0.8753552436828613,0.768772542476654,0.720432460308075,0.7187293171882629,0.19936519708525707
939,0.8767309188842773,0.7660513520240784,0.7166813611984253,0.7198323607444763,0.19047318662479426
940,0.8711378574371338,0.7664926052093506,0.720432460308075,0.7154202461242676,0.21156571196978768
941,0.8721214532852173,0.7654629349708557,0.7149161696434021,0.7207147479057312,0.25507836717687443
942,0.8741363286972046,0.7636978626251221,0.7169020175933838,0.7125524282455444,0.30180175183676106
943,0.8773349523544312,0.7623004913330078,0.7151368260383606,0.7204941511154175,0.3369210697737813
944,0.8774269819259644,0.7681841254234314,0.720432460308075,0.7158614993095398,0.36206709862420167
945,0.8779186010360718,0.7616385817527771,0.7195498943328857,0.7174056768417358,0.36201653943369755
946,0.875483512878418,0.7681106328964233,0.7164607048034668,0.7151996493339539,0.32583833439006626
947,0.8690357804298401,0.7683312296867371,0.7206531167030334,0.7180675268173218,0.2795497228040231
948,0.8790100812911987,0.7673751711845398,0.7270520925521851,0.7156408429145813,0.2513013713740359
949,0.8737963438034058,0.7681106328964233,0.7180052995681763,0.7253474593162537,0.24449348417718111
950,0.8747178912162781,0.7664190530776978,0.7208737730979919,0.7176263332366943,0.2261943538332844
951,0.8744515180587769,0.7661983966827393,0.7186672687530518,0.7189499139785767,0.22251544622667646
952,0.8724274635314941,0.7670074105262756,0.7157987952232361,0.72005295753479,0.1855265107398977
953,0.8780225515365601,0.7681841254234314,0.7239629626274109,0.7189499139785767,0.19465736345700832
954,0.8738664984703064,0.7659777998924255,0.7188879251480103,0.7242444157600403,0.26369447114604355
955,0.876276969909668,0.7654629349708557,0.7166813611984253,0.7138760089874268,0.3270344836864413
956,0.8787246346473694,0.7618592381477356,0.7124889492988586,0.7191705107688904,0.36345832789283156
957,0.8757915496826172,0.76686030626297,0.7215357422828674,0.714317262172699,0.3692328475680087
958,0.8759915828704834,0.7644333243370056,0.7173433303833008,0.72005295753479,0.34831793440546993
959,0.8739917874336243,0.7677428722381592,0.720432460308075,0.7242444157600403,0.28022955789453424
960,0.8749710321426392,0.7650952339172363,0.7226390242576599,0.7187293171882629,0.1995602314160622
961,0.8756018877029419,0.7642126679420471,0.7116063833236694,0.7182881236076355,0.19506901033462062
962,0.8788279891014099,0.7670074105262756,0.7160194516181946,0.7134348154067993,0.24476824637675665
963,0.8738159537315369,0.764801025390625,0.7153574824333191,0.7171850800514221,0.3189552405940874
964,0.8781417012214661,0.767816424369812,0.7210944294929504,0.7147584557533264,0.3518153234793013
965,0.8770031929016113,0.7645068764686584,0.7157987952232361,0.7171850800514221,0.3408314440834003
966,0.8735869526863098,0.7642862200737,0.7210944294929504,0.7147584557533264,0.27338347060862683
967,0.873596727848053,0.767301619052887,0.7180052995681763,0.7180675268173218,0.20640320509258217
968,0.8747246265411377,0.7650216817855835,0.7169020175933838,0.72005295753479,0.1841102126135783
969,0.8789125680923462,0.7665661573410034,0.7230803370475769,0.7154202461242676,0.24395249214009623
970,0.8766819834709167,0.7632566094398499,0.7164607048034668,0.7198323607444763,0.3457543275753412
971,0.879927396774292,0.7655364871025085,0.7164607048034668,0.7112287878990173,0.4052799044446549
972,0.8849737644195557,0.7642862200737,0.7144748568534851,0.7169644832611084,0.4132625687145357
973,0.8755715489387512,0.7663455009460449,0.7195498943328857,0.7154202461242676,0.30595633154053026
974,0.8758492469787598,0.7650216817855835,0.7171226739883423,0.7189499139785767,0.19369042390266428
975,0.8744204044342041,0.7663455009460449,0.7180052995681763,0.7218177914619446,0.19422012990131152
976,0.8749149441719055,0.7656835913658142,0.7199912071228027,0.7127730250358582,0.27696837172169275
977,0.8783154487609863,0.7632566094398499,0.7149161696434021,0.7211560010910034,0.37049442829450907
978,0.876836359500885,0.7679635286331177,0.7197705507278442,0.714317262172699,0.3769147815128351
979,0.8771626949310303,0.7661248445510864,0.7195498943328857,0.72005295753479,0.3174674769872474
980,0.8717203140258789,0.7656100392341614,0.7195498943328857,0.7209353446960449,0.20245796572126107
981,0.8736727237701416,0.7678899765014648,0.7233009934425354,0.7215971946716309,0.17688928601800902
982,0.8771777153015137,0.7671545147895813,0.7175639867782593,0.7204941511154175,0.21057155980565812
983,0.8814024329185486,0.7670809626579285,0.7237423062324524,0.7180675268173218,0.26172586645876256
984,0.8730446696281433,0.7665661573410034,0.7202118635177612,0.722258985042572,0.2624903879697155
985,0.8751040101051331,0.767816424369812,0.7188879251480103,0.7167438864707947,0.2016142091120545
986,0.8736129999160767,0.7681106328964233,0.7173433303833008,0.7202735543251038,0.16956717791365217
987,0.8737018704414368,0.7664190530776978,0.7140335440635681,0.7220383882522583,0.19328914775900927
988,0.8747220635414124,0.7663455009460449,0.7206531167030334,0.7156408429145813,0.24798722585693475
989,0.8740371465682983,0.7649481296539307,0.7180052995681763,0.7209353446960449,0.28547206123358365
990,0.8755733966827393,0.7659042477607727,0.7208737730979919,0.7185087203979492,0.25053011440803297
991,0.8772611021995544,0.7663455009460449,0.7215357422828674,0.7191705107688904,0.23528541248295712
992,0.879356861114502,0.7648745775222778,0.7155781388282776,0.7163026928901672,0.1799507978380907
993,0.8740538358688354,0.7669338583946228,0.7197705507278442,0.7204941511154175,0.16776469805079697
994,0.871877908706665,0.7655364871025085,0.720432460308075,0.7180675268173218,0.18096133173838583
995,0.8699687123298645,0.7650216817855835,0.7173433303833008,0.714317262172699,0.1905053109885758
996,0.8753630518913269,0.7638449668884277,0.7120476961135864,0.7174056768417358,0.260725947602785
997,0.873725175857544,0.7680370807647705,0.7215357422828674,0.7129936218261719,0.30697809415669863
998,0.8774538636207581,0.7647275328636169,0.7171226739883423,0.72005295753479,0.29943268175892174
999,0.874495804309845,0.7663455009460449,0.7184466123580933,0.7180675268173218,0.2598143433912829
1000,0.876197338104248,0.7681841254234314,0.720432460308075,0.7198323607444763,0.19631299023072257
1001,0.8717803955078125,0.7670074105262756,0.7213150858879089,0.7202735543251038,0.17336092050220087
1002,0.8724929690361023,0.7660513520240784,0.7206531167030334,0.7163026928901672,0.18692894218241163
1003,0.8728567361831665,0.7663455009460449,0.7166813611984253,0.7191705107688904,0.20643644782601706
1004,0.873251736164093,0.7678899765014648,0.7206531167030334,0.7171850800514221,0.2403526842875242
1005,0.8701905608177185,0.7619327902793884,0.7188879251480103,0.722920835018158,0.25191199309485107
1006,0.8775491118431091,0.7674486637115479,0.7239629626274109,0.7182881236076355,0.23441357460482012
1007,0.8721378445625305,0.7633301615715027,0.7151368260383606,0.7167438864707947,0.20773348065549596
1008,0.8749499917030334,0.7662719488143921,0.7182259559631348,0.7209353446960449,0.2309002604256142
1009,0.8784101009368896,0.767301619052887,0.7182259559631348,0.7171850800514221,0.19622596764488115
1010,0.8766767382621765,0.7661983966827393,0.7162400484085083,0.7196117639541626,0.1865460218461978
1011,0.8738618493080139,0.767816424369812,0.7257281541824341,0.7169644832611084,0.21146673584366354
1012,0.8711665868759155,0.7661248445510864,0.7202118635177612,0.72005295753479,0.19558564415189866
1013,0.8738539218902588,0.7664190530776978,0.7193292379379272,0.7185087203979492,0.18930417614794826
1014,0.8715308308601379,0.7642862200737,0.7149161696434021,0.7220383882522583,0.17644553389172493
1015,0.8766633868217468,0.7653158903121948,0.7224183678627014,0.7176263332366943,0.1992488124132293
1016,0.8740935325622559,0.7674486637115479,0.7228596806526184,0.7189499139785767,0.17437781554133924
1017,0.873042106628418,0.7667867541313171,0.7169020175933838,0.7147584557533264,0.17290100361714764
1018,0.8718929886817932,0.7661248445510864,0.7195498943328857,0.7169644832611084,0.1935836765404392
1019,0.8741036653518677,0.7679635286331177,0.7199912071228027,0.7233620285987854,0.17710312514895005
1020,0.874976396560669,0.7659042477607727,0.7186672687530518,0.7174056768417358,0.18787398223099852
1021,0.8788714408874512,0.7665661573410034,0.7173433303833008,0.7220383882522583,0.24123626079223973
1022,0.8716553449630737,0.7641391158103943,0.7184466123580933,0.7167438864707947,0.2465255113957227
1023,0.8795019388198853,0.7659777998924255,0.7142542004585266,0.72005295753479,0.2533775915979649
1024,0.8773429989814758,0.76686030626297,0.7191085815429688,0.7103463411331177,0.3627241692409416
1025,0.8815817832946777,0.7603883147239685,0.7131509184837341,0.7193911671638489,0.4552985378838006
1026,0.8818950653076172,0.764801025390625,0.7180052995681763,0.7121111750602722,0.41964763662559446
1027,0.8800380825996399,0.7658306956291199,0.7177846431732178,0.7211560010910034,0.40830615400884857
1028,0.8805517554283142,0.7641391158103943,0.7197705507278442,0.7193911671638489,0.2863086997057396
1029,0.8768113255500793,0.7663455009460449,0.7184466123580933,0.7182881236076355,0.22232715422465557
1030,0.8811213374137878,0.765242338180542,0.7210944294929504,0.7211560010910034,0.3054466973852368
1031,0.8768459558486938,0.7625211477279663,0.7195498943328857,0.7103463411331177,0.2751529747788698
1032,0.8794045448303223,0.7614914774894714,0.710503101348877,0.7182881236076355,0.30880685787478296
1033,0.8800967931747437,0.764801025390625,0.7188879251480103,0.7149790525436401,0.37529406635405854
1034,0.8757800459861755,0.7612708806991577,0.7169020175933838,0.7169644832611084,0.2722998702941559
1035,0.8718482851982117,0.7636243104934692,0.7169020175933838,0.7169644832611084,0.22528940920815307
1036,0.8722686767578125,0.7659777998924255,0.720432460308075,0.7182881236076355,0.2769904521445718
1037,0.8769204020500183,0.7650952339172363,0.7155781388282776,0.7196117639541626,0.2330560829200711
1038,0.875092089176178,0.7641391158103943,0.7160194516181946,0.7140966057777405,0.27049731243775865
1039,0.8783733248710632,0.765757143497467,0.7193292379379272,0.72005295753479,0.2985282133190672
1040,0.8765763640403748,0.7659042477607727,0.7210944294929504,0.7193911671638489,0.22538415802473555
1041,0.8788660168647766,0.7653894424438477,0.7162400484085083,0.7182881236076355,0.20787133635173635
1042,0.874970555305481,0.765757143497467,0.7182259559631348,0.7218177914619446,0.18462270666232108
1043,0.8747628331184387,0.7659042477607727,0.7228596806526184,0.7193911671638489,0.1666622703320221
1044,0.8724055290222168,0.765757143497467,0.7186672687530518,0.7193911671638489,0.20016381054772764
1045,0.8730552196502686,0.7683312296867371,0.7233009934425354,0.7182881236076355,0.21311540421137454
1046,0.8794665932655334,0.7648745775222778,0.7175639867782593,0.7233620285987854,0.2040460103981893
1047,0.8798853158950806,0.7673751711845398,0.7184466123580933,0.7178469300270081,0.19882694475795906
1048,0.8758907318115234,0.7680370807647705,0.7186672687530518,0.722258985042572,0.18143885924054026
1049,0.874347448348999,0.7645068764686584,0.7171226739883423,0.7196117639541626,0.16855666114295567
1050,0.8712623715400696,0.767816424369812,0.7191085815429688,0.72005295753479,0.17768621931926884
1051,0.8744701147079468,0.7681841254234314,0.7210944294929504,0.7178469300270081,0.17243271815670483
1052,0.8748649954795837,0.7660513520240784,0.7164607048034668,0.7196117639541626,0.16910418580470357
1053,0.871472179889679,0.7703169584274292,0.7210944294929504,0.7180675268173218,0.1988661156699551
1054,0.8722490072250366,0.7653894424438477,0.7160194516181946,0.7185087203979492,0.23623277062756515
1055,0.8759806752204895,0.7686989903450012,0.7226390242576599,0.716523289680481,0.26726456763165224
1056,0.8740843534469604,0.7672280669212341,0.7162400484085083,0.722920835018158,0.27719120213893333
1057,0.8677743673324585,0.7656835913658142,0.7182259559631348,0.7145378589630127,0.25140186642123263
1058,0.876197099685669,0.7661248445510864,0.7199912071228027,0.7231414318084717,0.27042756338446544
1059,0.876230001449585,0.7665661573410034,0.7206531167030334,0.7180675268173218,0.24940898523765392
1060,0.8737354278564453,0.7637714147567749,0.7146955132484436,0.72005295753479,0.22011111374655917
1061,0.8786459565162659,0.7644333243370056,0.7199912071228027,0.7145378589630127,0.2825638879365874
1062,0.8741506934165955,0.7664190530776978,0.7184466123580933,0.7187293171882629,0.2594380548812355
1063,0.8727031946182251,0.7649481296539307,0.7149161696434021,0.7145378589630127,0.20228051305182213
1064,0.8747785091400146,0.7656835913658142,0.7193292379379272,0.7224795818328857,0.27077398008218256
1065,0.8788450360298157,0.7674486637115479,0.7195498943328857,0.7213765978813171,0.2382342650447155
1066,0.8724479079246521,0.7659777998924255,0.7127096056938171,0.7134348154067993,0.1642668346134445
1067,0.8751656413078308,0.7630359530448914,0.7193292379379272,0.713655412197113,0.27749573298117003
1068,0.8705412745475769,0.764801025390625,0.7180052995681763,0.722258985042572,0.2341605931503658
1069,0.8708338141441345,0.7642862200737,0.7182259559631348,0.714317262172699,0.24725298665500064
1070,0.8800972104072571,0.7639920711517334,0.7166813611984253,0.7213765978813171,0.37706690128032244
1071,0.8779345154762268,0.7647275328636169,0.7215357422828674,0.7138760089874268,0.3280329594265721
1072,0.8767884373664856,0.7659777998924255,0.7160194516181946,0.7176263332366943,0.30214567747449855
1073,0.8755221366882324,0.7675957679748535,0.7199912071228027,0.7187293171882629,0.31334829187316565
1074,0.8745207786560059,0.7640656232833862,0.7197705507278442,0.7207147479057312,0.19804164162395926
1075,0.8744572997093201,0.7645068764686584,0.7171226739883423,0.7182881236076355,0.2011232058626516
1076,0.878882110118866,0.7654629349708557,0.7210944294929504,0.7096845507621765,0.29004207251896424
1077,0.8754516839981079,0.763183057308197,0.7146955132484436,0.7138760089874268,0.37665125298802843
1078,0.8877573013305664,0.7667867541313171,0.7193292379379272,0.7110081911087036,0.4526356827725159
1079,0.8783724904060364,0.7634772062301636,0.7169020175933838,0.7185087203979492,0.4074610847003232
1080,0.8781144022941589,0.7651687860488892,0.7184466123580933,0.7178469300270081,0.2559892981679703
1081,0.8762025833129883,0.7661248445510864,0.7195498943328857,0.714317262172699,0.18203242018269486
1082,0.8749736547470093,0.7570787668228149,0.7135922312736511,0.7178469300270081,0.32550470866064746
1083,0.8859251141548157,0.762668251991272,0.7195498943328857,0.7092433571815491,0.4868119875349737
1084,0.8863887786865234,0.7653894424438477,0.7151368260383606,0.7202735543251038,0.4911893066403559
1085,0.8839470148086548,0.7606825232505798,0.7151368260383606,0.7151996493339539,0.38872529199221906
1086,0.8778115510940552,0.7655364871025085,0.7153574824333191,0.7138760089874268,0.26692419106287585
1087,0.8734754920005798,0.7636978626251221,0.7155781388282776,0.7185087203979492,0.2755979593584312
1088,0.8807882070541382,0.7634036540985107,0.7199912071228027,0.7092433571815491,0.4442014469062573
1089,0.8790473937988281,0.7631095051765442,0.7124889492988586,0.7213765978813171,0.40023963141116753
1090,0.8741958737373352,0.7661248445510864,0.7202118635177612,0.722258985042572,0.25351685288601783
1091,0.8761065006256104,0.7659777998924255,0.7195498943328857,0.7129936218261719,0.20300774771428737
1092,0.8779472708702087,0.7636243104934692,0.7142542004585266,0.7163026928901672,0.270288567889989
1093,0.87489914894104,0.7680370807647705,0.7213150858879089,0.7145378589630127,0.33676559167445874
1094,0.8783656358718872,0.7656100392341614,0.7195498943328857,0.722258985042572,0.301598455151355
1095,0.8772655725479126,0.7648745775222778,0.7188879251480103,0.7178469300270081,0.19969441435890045
1096,0.880576491355896,0.7675957679748535,0.7226390242576599,0.7163026928901672,0.17746840594711769
1097,0.8730876445770264,0.7649481296539307,0.7188879251480103,0.7187293171882629,0.23778824635074317
1098,0.8732461333274841,0.7666397094726562,0.7202118635177612,0.7118905782699585,0.2899047932568153
1099,0.87468421459198,0.7664190530776978,0.7173433303833008,0.7178469300270081,0.26670248068593544
1100,0.8743671774864197,0.7659042477607727,0.7173433303833008,0.7185087203979492,0.17744242448806397
1101,0.8747891187667847,0.7663455009460449,0.7206531167030334,0.714317262172699,0.15858348527225422
1102,0.8740335702896118,0.7656835913658142,0.7162400484085083,0.7198323607444763,0.1984176789939417
1103,0.8760935068130493,0.7694344520568848,0.7230803370475769,0.713655412197113,0.24655112890844846
1104,0.8714011311531067,0.7679635286331177,0.7210944294929504,0.7202735543251038,0.24831909273366132
1105,0.8743800520896912,0.76686030626297,0.7188879251480103,0.7182881236076355,0.18472074064758984
1106,0.870233416557312,0.7667867541313171,0.7202118635177612,0.7145378589630127,0.17067788097493886
1107,0.8711897730827332,0.7690666913986206,0.7197705507278442,0.7187293171882629,0.17097618946820828
1108,0.874933660030365,0.7704640626907349,0.7193292379379272,0.7176263332366943,0.162026377927816
1109,0.8715496063232422,0.767816424369812,0.7186672687530518,0.7202735543251038,0.16465468986746057
1110,0.8671246767044067,0.7664926052093506,0.7155781388282776,0.7202735543251038,0.15236921063164774
1111,0.8679850101470947,0.7647275328636169,0.7177846431732178,0.7204941511154175,0.14012122774087246
1112,0.8683241605758667,0.7659777998924255,0.7146955132484436,0.7160820960998535,0.18064609019655264
1113,0.8712007403373718,0.7683312296867371,0.7182259559631348,0.7182881236076355,0.18039812078411405
1114,0.8716092705726624,0.7683312296867371,0.7182259559631348,0.722258985042572,0.15494748175671202
1115,0.8683967590332031,0.7641391158103943,0.7199912071228027,0.7169644832611084,0.1658899986994734
1116,0.8738965392112732,0.7686989903450012,0.7188879251480103,0.7207147479057312,0.16386822229205203
1117,0.8696454167366028,0.7689931392669678,0.7169020175933838,0.7213765978813171,0.16064573275922855
1118,0.8717716336250305,0.7677428722381592,0.7208737730979919,0.7180675268173218,0.16191858708993662
1119,0.8698749542236328,0.7664926052093506,0.7146955132484436,0.7191705107688904,0.17964760237319616
1120,0.8747755289077759,0.7670074105262756,0.7208737730979919,0.7180675268173218,0.19507155354985636
1121,0.8746160268783569,0.7671545147895813,0.7199912071228027,0.7196117639541626,0.19045872860396798
1122,0.8769057393074036,0.7676693201065063,0.7206531167030334,0.7182881236076355,0.1841258392456659
1123,0.8778252005577087,0.7643597722053528,0.7171226739883423,0.7176263332366943,0.16980553313396712
1124,0.8740392327308655,0.7671545147895813,0.7171226739883423,0.7167438864707947,0.17947388905449016
1125,0.8752745985984802,0.7666397094726562,0.7180052995681763,0.7189499139785767,0.1747369012743084
1126,0.8733628988265991,0.76686030626297,0.7182259559631348,0.7196117639541626,0.1623463533359551
1127,0.8703417778015137,0.764801025390625,0.7173433303833008,0.7185087203979492,0.1714110743365558
1128,0.8707382082939148,0.7654629349708557,0.7184466123580933,0.7154202461242676,0.21639332349846122
1129,0.8747941851615906,0.7660513520240784,0.7173433303833008,0.7231414318084717,0.2156895988433115
1130,0.874133825302124,0.7676693201065063,0.7208737730979919,0.7145378589630127,0.24508931237281198
1131,0.8739824295043945,0.7619327902793884,0.7151368260383606,0.7178469300270081,0.2864698559804667
1132,0.8818288445472717,0.7662719488143921,0.7206531167030334,0.7180675268173218,0.31653409820945394
1133,0.8778067231178284,0.7677428722381592,0.7149161696434021,0.722258985042572,0.3181094604028457
1134,0.8765400052070618,0.7639920711517334,0.7173433303833008,0.7147584557533264,0.2601994073887229
1135,0.8743900656700134,0.7667132616043091,0.7184466123580933,0.7220383882522583,0.23984259561351384
1136,0.8711470365524292,0.7660513520240784,0.7219770550727844,0.7178469300270081,0.22457960476683833
1137,0.8740577101707458,0.7671545147895813,0.7182259559631348,0.7196117639541626,0.19866088300902512
1138,0.8758321404457092,0.7671545147895813,0.7202118635177612,0.7182881236076355,0.16164234472891625
1139,0.8705610036849976,0.7679635286331177,0.7241836190223694,0.7174056768417358,0.17045844994112294
1140,0.8729010224342346,0.7662719488143921,0.7177846431732178,0.7191705107688904,0.18164664789344692
1141,0.8702608346939087,0.7678899765014648,0.7213150858879089,0.7174056768417358,0.20153369843194413
1142,0.8781178593635559,0.7682576775550842,0.7226390242576599,0.7202735543251038,0.19215313896624345
1143,0.8727347254753113,0.7655364871025085,0.7195498943328857,0.7174056768417358,0.20151494118276836
1144,0.8747084140777588,0.7667132616043091,0.7208737730979919,0.722920835018158,0.18528320995891315
1145,0.8690548539161682,0.7693608999252319,0.7215357422828674,0.7191705107688904,0.15966470980547237
1146,0.8748466372489929,0.7661983966827393,0.7235216498374939,0.7182881236076355,0.18487263153590164
1147,0.8745177984237671,0.7669338583946228,0.7224183678627014,0.7204941511154175,0.1777972801731187
1148,0.876517117023468,0.7670074105262756,0.7241836190223694,0.7218177914619446,0.16809052205638214
1149,0.8713692426681519,0.7653158903121948,0.7173433303833008,0.7196117639541626,0.20142665846661753
1150,0.8702114224433899,0.7660513520240784,0.7186672687530518,0.7147584557533264,0.22181498991140366
1151,0.877561628818512,0.7659042477607727,0.7173433303833008,0.7211560010910034,0.27595132724059773
1152,0.8727023601531982,0.764801025390625,0.7173433303833008,0.7158614993095398,0.2966268223224953
1153,0.8765312433242798,0.7638449668884277,0.7173433303833008,0.7209353446960449,0.24150033728286663
1154,0.8796595335006714,0.7646539807319641,0.7215357422828674,0.7174056768417358,0.3097491510689456
1155,0.8716760873794556,0.7633301615715027,0.7186672687530518,0.7160820960998535,0.28891202587237996
1156,0.8743264675140381,0.765242338180542,0.7142542004585266,0.7125524282455444,0.23313181234153027
1157,0.8781377673149109,0.7645804286003113,0.7184466123580933,0.7174056768417358,0.31213001558433245
1158,0.8758268356323242,0.7655364871025085,0.7199912071228027,0.7176263332366943,0.2511285005984939
1159,0.8759084939956665,0.7636978626251221,0.7171226739883423,0.7149790525436401,0.22036141018507127
1160,0.8822320103645325,0.7628152966499329,0.7224183678627014,0.7163026928901672,0.3362827620000552
1161,0.8769475817680359,0.7623740434646606,0.7210944294929504,0.7154202461242676,0.2614828771695949
1162,0.8737428188323975,0.7642126679420471,0.7195498943328857,0.7140966057777405,0.21414010248317422
1163,0.8796870708465576,0.7658306956291199,0.7250661849975586,0.7182881236076355,0.33470583649479774
1164,0.8751845359802246,0.7613444328308105,0.7197705507278442,0.7178469300270081,0.24276299197010395
1165,0.879683792591095,0.7644333243370056,0.7164607048034668,0.7132142186164856,0.2534974851790008
1166,0.8833710551261902,0.7642126679420471,0.7155781388282776,0.7227001786231995,0.3269613810439229
1167,0.8783018589019775,0.763183057308197,0.7184466123580933,0.7107875943183899,0.3089681130544918
1168,0.875483512878418,0.7624475955963135,0.7120476961135864,0.716523289680481,0.29088947512992824
1169,0.8821762800216675,0.7662719488143921,0.7217563986778259,0.7198323607444763,0.3194178458215131
1170,0.8786999583244324,0.7655364871025085,0.7193292379379272,0.7207147479057312,0.2177099737876866
1171,0.8760059475898743,0.7646539807319641,0.7151368260383606,0.7167438864707947,0.1900907279904881
1172,0.8755055069923401,0.7643597722053528,0.7208737730979919,0.7202735543251038,0.2886810366816046
1173,0.8754944205284119,0.7664190530776978,0.7186672687530518,0.7202735543251038,0.24664266830415557
1174,0.8743707537651062,0.7632566094398499,0.7153574824333191,0.7149790525436401,0.23170822443608222
1175,0.8809155225753784,0.7675222158432007,0.7184466123580933,0.7202735543251038,0.2622791431969205
1176,0.8760997653007507,0.7670074105262756,0.7182259559631348,0.7204941511154175,0.19872593773853142
1177,0.8723857402801514,0.7644333243370056,0.7166813611984253,0.7145378589630127,0.16696848554287788
1178,0.879697322845459,0.7654629349708557,0.7191085815429688,0.7202735543251038,0.27834295068479725
1179,0.8855991959571838,0.7653894424438477,0.7217563986778259,0.7171850800514221,0.2611852102814603
1180,0.8723722696304321,0.7631095051765442,0.7122682929039001,0.7147584557533264,0.2568787200714972
1181,0.8764842748641968,0.7679635286331177,0.7186672687530518,0.7215971946716309,0.3089940080323482
1182,0.873949408531189,0.7640656232833862,0.7226390242576599,0.7227001786231995,0.21172755476256866
1183,0.870502233505249,0.7628888487815857,0.7144748568534851,0.7169644832611084,0.20177895446456268
1184,0.8788638710975647,0.7658306956291199,0.7217563986778259,0.7151996493339539,0.2599758965216703
1185,0.8784804344177246,0.7661983966827393,0.7177846431732178,0.7187293171882629,0.21930747873970952
1186,0.8788803219795227,0.7650216817855835,0.7144748568534851,0.7140966057777405,0.24144632638938257
1187,0.877375602722168,0.7650216817855835,0.7182259559631348,0.7151996493339539,0.243343497867689
1188,0.8734981417655945,0.7673751711845398,0.7228596806526184,0.7207147479057312,0.1899713361685332
1189,0.874683141708374,0.7692873477935791,0.7235216498374939,0.7207147479057312,0.18828912232295025
1190,0.8693240284919739,0.7660513520240784,0.7177846431732178,0.7191705107688904,0.17738273272844823
1191,0.8745242953300476,0.7662719488143921,0.7182259559631348,0.7204941511154175,0.16921273273861145
1192,0.8700474500656128,0.767816424369812,0.7197705507278442,0.7160820960998535,0.16913948315210556
1193,0.8708293437957764,0.7645804286003113,0.7182259559631348,0.7149790525436401,0.1799518035313116
1194,0.8732789754867554,0.7664190530776978,0.7213150858879089,0.7182881236076355,0.18081299260523107
1195,0.8743900656700134,0.7684783339500427,0.7195498943328857,0.7193911671638489,0.19443078900681368
1196,0.8727396726608276,0.7665661573410034,0.7193292379379272,0.7171850800514221,0.1759141647352085
1197,0.8750994801521301,0.7689195871353149,0.7213150858879089,0.7187293171882629,0.1775201191714072
1198,0.8661416172981262,0.7671545147895813,0.7230803370475769,0.7209353446960449,0.20772810982810477
1199,0.8670379519462585,0.764801025390625,0.7188879251480103,0.7160820960998535,0.16908990989856942
1200,0.8742362260818481,0.7661248445510864,0.7180052995681763,0.72005295753479,0.1728501245635714
1201,0.8704272508621216,0.7661248445510864,0.7206531167030334,0.7167438864707947,0.17722991458897985
1202,0.8695200681686401,0.7662719488143921,0.7184466123580933,0.7163026928901672,0.17800986430435098
1203,0.8695610165596008,0.7628152966499329,0.7144748568534851,0.7174056768417358,0.17785859855820468
1204,0.8740811944007874,0.7659042477607727,0.7202118635177612,0.7154202461242676,0.17974951422314706
1205,0.8706774115562439,0.7646539807319641,0.7160194516181946,0.722258985042572,0.2148624367336103
1206,0.8719145059585571,0.7664926052093506,0.7215357422828674,0.713655412197113,0.24329160997808938
1207,0.875845193862915,0.7632566094398499,0.7153574824333191,0.7182881236076355,0.29151941989290675
1208,0.8724884390830994,0.7650216817855835,0.7177846431732178,0.7125524282455444,0.33798047618568566
1209,0.8755488395690918,0.7619327902793884,0.710503101348877,0.7169644832611084,0.39541727511798636
1210,0.8737519979476929,0.7633301615715027,0.7186672687530518,0.7076991200447083,0.45296994609351576
1211,0.8809633851051331,0.7614179253578186,0.7151368260383606,0.7178469300270081,0.5193016827443703
1212,0.8822245001792908,0.7656100392341614,0.720432460308075,0.7105669379234314,0.4660040768591958
1213,0.8814164400100708,0.7664926052093506,0.7213150858879089,0.7231414318084717,0.334428848992361
1214,0.8686259388923645,0.7659777998924255,0.7177846431732178,0.7167438864707947,0.20722695585871206
1215,0.873796284198761,0.7650216817855835,0.7197705507278442,0.7138760089874268,0.2307204431352469
1216,0.8812813758850098,0.7624475955963135,0.7153574824333191,0.7167438864707947,0.3610586013345199
1217,0.8819562196731567,0.7638449668884277,0.7166813611984253,0.7123317718505859,0.44827129550256006
1218,0.8809560537338257,0.7633301615715027,0.7157987952232361,0.7189499139785767,0.42518729441280045
1219,0.8770751953125,0.7649481296539307,0.7202118635177612,0.722258985042572,0.2856745674825042
1220,0.8743124008178711,0.7673751711845398,0.7228596806526184,0.7191705107688904,0.15931146932833185
1221,0.876288890838623,0.7609766721725464,0.7184466123580933,0.7196117639541626,0.27240761347036047
1222,0.8758729100227356,0.7653894424438477,0.7210944294929504,0.7163026928901672,0.385106580649794
1223,0.8776703476905823,0.7641391158103943,0.7195498943328857,0.7204941511154175,0.38627376985069267
1224,0.8763222694396973,0.7655364871025085,0.7160194516181946,0.7180675268173218,0.29425198364809185
1225,0.8766623139381409,0.7642862200737,0.7213150858879089,0.7149790525436401,0.18258823590444603
1226,0.871849000453949,0.7656835913658142,0.7169020175933838,0.7202735543251038,0.2261327921647381
1227,0.8729165196418762,0.7667867541313171,0.7199912071228027,0.7134348154067993,0.29288978386645387
1228,0.8722167611122131,0.763183057308197,0.7160194516181946,0.7182881236076355,0.28507423629950035
1229,0.8751496076583862,0.7695079445838928,0.7244042158126831,0.7191705107688904,0.26021540421120143
1230,0.874089241027832,0.7692137956619263,0.7237423062324524,0.722258985042572,0.17900840432241424
1231,0.8676148653030396,0.7638449668884277,0.7146955132484436,0.7189499139785767,0.18414151840767828
1232,0.8735753297805786,0.7661983966827393,0.7215357422828674,0.7145378589630127,0.21590693773168973
1233,0.8696627616882324,0.7681106328964233,0.7213150858879089,0.7209353446960449,0.2206033115371636
1234,0.8739334344863892,0.7694344520568848,0.7244042158126831,0.7176263332366943,0.20453187471482592
1235,0.8690105080604553,0.7656100392341614,0.7217563986778259,0.72005295753479,0.17702605889043982
1236,0.8728779554367065,0.7674486637115479,0.7171226739883423,0.7182881236076355,0.15090346158855256
1237,0.872145414352417,0.768772542476654,0.7195498943328857,0.7132142186164856,0.1910140973597803
1238,0.876846969127655,0.7661983966827393,0.7195498943328857,0.7149790525436401,0.2810020060973305
1239,0.8771231770515442,0.7653158903121948,0.7219770550727844,0.7116699814796448,0.31867949741706436
1240,0.8720038533210754,0.7651687860488892,0.7169020175933838,0.7207147479057312,0.32557664400478603
1241,0.8743429780006409,0.7677428722381592,0.7206531167030334,0.7151996493339539,0.28564220709244115
1242,0.8690474629402161,0.7667867541313171,0.7210944294929504,0.7174056768417358,0.21643883593030208
1243,0.8714509010314941,0.7682576775550842,0.7197705507278442,0.7209353446960449,0.16907380660797952
1244,0.875076174736023,0.7691402435302734,0.7199912071228027,0.714317262172699,0.20644183506696723
1245,0.8745108842849731,0.7649481296539307,0.7193292379379272,0.7193911671638489,0.21400468976734852
1246,0.872706413269043,0.7675957679748535,0.7191085815429688,0.7167438864707947,0.21298972000112598
1247,0.8722020387649536,0.7669338583946228,0.7149161696434021,0.7224795818328857,0.22885426749460552
1248,0.8728395104408264,0.7660513520240784,0.7208737730979919,0.7156408429145813,0.19442230028551574
1249,0.8699252605438232,0.7639185190200806,0.7202118635177612,0.7169644832611084,0.1745998148645993
1250,0.8701834678649902,0.7649481296539307,0.7184466123580933,0.7204941511154175,0.14641693167627445
1251,0.8715401887893677,0.7683312296867371,0.7184466123580933,0.716523289680481,0.17291461291481455
1252,0.872499942779541,0.7661983966827393,0.7177846431732178,0.7211560010910034,0.20978439996318674
1253,0.8710986375808716,0.7662719488143921,0.7153574824333191,0.7116699814796448,0.2483785870682338
1254,0.8738356232643127,0.7639920711517334,0.7107237577438354,0.7163026928901672,0.31726416015950426
1255,0.8739950656890869,0.765757143497467,0.7180052995681763,0.714317262172699,0.3468096684608188
1256,0.8785701394081116,0.7646539807319641,0.7177846431732178,0.7187293171882629,0.34017505137719584
1257,0.8766328692436218,0.7690666913986206,0.7230803370475769,0.7158614993095398,0.30259033663316576
1258,0.8764727711677551,0.7681841254234314,0.7208737730979919,0.7227001786231995,0.2670213857164225
1259,0.8718074560165405,0.7661248445510864,0.7177846431732178,0.7189499139785767,0.190851656746597
1260,0.8724483251571655,0.762226939201355,0.7197705507278442,0.7174056768417358,0.170324170211227
1261,0.8748738169670105,0.7669338583946228,0.7182259559631348,0.7204941511154175,0.21578154137102087
1262,0.8709006309509277,0.7663455009460449,0.7202118635177612,0.7121111750602722,0.24846790960013762
1263,0.8682319521903992,0.7653158903121948,0.7153574824333191,0.716523289680481,0.26442877083768745
1264,0.8741958141326904,0.7674486637115479,0.7202118635177612,0.7145378589630127,0.304537758473226
1265,0.873853862285614,0.7636243104934692,0.7208737730979919,0.7193911671638489,0.34544617177151127
1266,0.8787966370582581,0.7700228095054626,0.7217563986778259,0.7193911671638489,0.3233034616711396
1267,0.8708456754684448,0.7650952339172363,0.7171226739883423,0.7182881236076355,0.25106838227061096
1268,0.8726097941398621,0.7636978626251221,0.7215357422828674,0.7178469300270081,0.1781335160731395
1269,0.8691575527191162,0.7690666913986206,0.7202118635177612,0.7196117639541626,0.17766581339501963
1270,0.8725367784500122,0.7677428722381592,0.7217563986778259,0.7198323607444763,0.19430045180609729
1271,0.873098611831665,0.7681106328964233,0.7226390242576599,0.716523289680481,0.17860229057694124
1272,0.8718562722206116,0.7681841254234314,0.7197705507278442,0.7160820960998535,0.1743236846266152
1273,0.8722684979438782,0.7669338583946228,0.7127096056938171,0.7209353446960449,0.17768145064069396
1274,0.8737571239471436,0.7670074105262756,0.7184466123580933,0.7125524282455444,0.21589531081028268
1275,0.8737567663192749,0.76274174451828,0.7138128876686096,0.7176263332366943,0.3056144283199395
1276,0.8758497834205627,0.7663455009460449,0.7175639867782593,0.7127730250358582,0.35913046171334956
1277,0.8739555478096008,0.7663455009460449,0.7127096056938171,0.7207147479057312,0.3484948635033352
1278,0.8763832449913025,0.7665661573410034,0.7146955132484436,0.7158614993095398,0.29610517298821604
1279,0.8713144659996033,0.7663455009460449,0.7195498943328857,0.7180675268173218,0.20679545061998475
1280,0.8701571226119995,0.7671545147895813,0.7177846431732178,0.7207147479057312,0.14962642318255095
1281,0.8678985834121704,0.7659777998924255,0.7151368260383606,0.7125524282455444,0.1981353537688648
1282,0.874781608581543,0.7620798349380493,0.7153574824333191,0.7154202461242676,0.2797426664063577
1283,0.8738068342208862,0.7656835913658142,0.7182259559631348,0.7103463411331177,0.349592123233661
1284,0.8790771961212158,0.765757143497467,0.7149161696434021,0.7178469300270081,0.3789144631775766
1285,0.8712080121040344,0.767301619052887,0.7219770550727844,0.7167438864707947,0.3414435618634019
1286,0.8741205930709839,0.7629624009132385,0.7151368260383606,0.7189499139785767,0.2724219801820998
1287,0.872535228729248,0.765242338180542,0.7173433303833008,0.7149790525436401,0.2028182959718066
1288,0.872312068939209,0.769875705242157,0.7219770550727844,0.7189499139785767,0.1776831262023793
1289,0.8710232377052307,0.7661248445510864,0.7186672687530518,0.7187293171882629,0.19598882883007368
1290,0.8773592710494995,0.7659042477607727,0.7191085815429688,0.710125744342804,0.2678901994038281
1291,0.8760878443717957,0.7608295679092407,0.7111650705337524,0.7167438864707947,0.34609326115076555
1292,0.8761301636695862,0.7638449668884277,0.7193292379379272,0.7147584557533264,0.39186009465288313
1293,0.8805710673332214,0.7659042477607727,0.7180052995681763,0.722920835018158,0.3572956560416831
1294,0.8747869729995728,0.7654629349708557,0.7171226739883423,0.7211560010910034,0.22563083768086278
1295,0.8719398379325867,0.7675957679748535,0.7199912071228027,0.7123317718505859,0.2140563912171796
1296,0.8757880330085754,0.762226939201355,0.7149161696434021,0.7167438864707947,0.3063185799866578
1297,0.8791046738624573,0.7630359530448914,0.7162400484085083,0.7081403136253357,0.3925678683078116
1298,0.8834998607635498,0.761123776435852,0.7173433303833008,0.7167438864707947,0.4493831065633359
1299,0.8810489177703857,0.7665661573410034,0.7230803370475769,0.7151996493339539,0.40004712553395855
1300,0.8750767111778259,0.7636978626251221,0.7164607048034668,0.7154202461242676,0.23795149744559527
1301,0.8734246492385864,0.7620063424110413,0.7149161696434021,0.7198323607444763,0.22213648581038536
1302,0.8746330142021179,0.7645068764686584,0.7175639867782593,0.7167438864707947,0.24805395997565377
1303,0.8771317005157471,0.7637714147567749,0.7120476961135864,0.7191705107688904,0.25915258068614166
1304,0.878899335861206,0.7645804286003113,0.7208737730979919,0.7140966057777405,0.3180623602492785
1305,0.8750784993171692,0.7646539807319641,0.7197705507278442,0.72005295753479,0.2801368782872082
1306,0.8725900650024414,0.7653894424438477,0.7140335440635681,0.7185087203979492,0.21814660091501875
1307,0.8750995993614197,0.7628888487815857,0.7191085815429688,0.7171850800514221,0.23964425941891426
1308,0.8720691204071045,0.763183057308197,0.7210944294929504,0.7233620285987854,0.1921682808895607
1309,0.8776412010192871,0.7667132616043091,0.7215357422828674,0.7174056768417358,0.22882280196388854
1310,0.8744120001792908,0.7645804286003113,0.7166813611984253,0.7209353446960449,0.270725716592634
1311,0.8720139265060425,0.7629624009132385,0.7173433303833008,0.7118905782699585,0.20039630240852704
1312,0.874805212020874,0.76686030626297,0.7195498943328857,0.7176263332366943,0.20191657938265842
1313,0.8715657591819763,0.7669338583946228,0.7195498943328857,0.72005295753479,0.1982294661292833
1314,0.8709018230438232,0.765757143497467,0.7199912071228027,0.7160820960998535,0.1802036167909676
1315,0.8744536638259888,0.7638449668884277,0.7129302620887756,0.7196117639541626,0.24102840092366087
1316,0.8741827607154846,0.7666397094726562,0.7195498943328857,0.7156408429145813,0.25342555441856285
1317,0.8744574785232544,0.7683312296867371,0.7213150858879089,0.7198323607444763,0.20238001693712193
1318,0.8750603795051575,0.7675957679748535,0.7199912071228027,0.716523289680481,0.18037518758018464
1319,0.873936653137207,0.7677428722381592,0.7195498943328857,0.7156408429145813,0.1665925295524976
1320,0.8723905682563782,0.7659042477607727,0.7177846431732178,0.7189499139785767,0.1859389457695964
1321,0.8739848732948303,0.7676693201065063,0.7195498943328857,0.716523289680481,0.18119092098794484
1322,0.8761464953422546,0.7663455009460449,0.7177846431732178,0.7182881236076355,0.1720040427407408
1323,0.8755027651786804,0.7653158903121948,0.7193292379379272,0.7185087203979492,0.18567374208228105
1324,0.8778403997421265,0.7662719488143921,0.7166813611984253,0.716523289680481,0.18975607431234393
1325,0.8728873133659363,0.7653158903121948,0.7133715748786926,0.7178469300270081,0.17257427718770546
1326,0.8717721104621887,0.7633301615715027,0.7202118635177612,0.7151996493339539,0.2431346548061841
1327,0.8794693946838379,0.7669338583946228,0.7186672687530518,0.7211560010910034,0.2629869918056201
1328,0.8729298710823059,0.7670074105262756,0.7195498943328857,0.7174056768417358,0.237903431378787
1329,0.8738106489181519,0.7661248445510864,0.7191085815429688,0.7202735543251038,0.2485511488970931
1330,0.8697358965873718,0.7678899765014648,0.7237423062324524,0.7149790525436401,0.2257051596015872
1331,0.8736838102340698,0.7624475955963135,0.7157987952232361,0.7171850800514221,0.21908104162371717
1332,0.8707948923110962,0.7646539807319641,0.7177846431732178,0.7169644832611084,0.24442861497488924
1333,0.8768118023872375,0.7672280669212341,0.7193292379379272,0.7191705107688904,0.2025303903411287
1334,0.8702625632286072,0.7640656232833862,0.7118270397186279,0.7156408429145813,0.17770343841804975
1335,0.8761504292488098,0.7653158903121948,0.7177846431732178,0.7116699814796448,0.2861763301171553
1336,0.8727499842643738,0.7670809626579285,0.7173433303833008,0.7187293171882629,0.26652771714199197
1337,0.8771448135375977,0.7661248445510864,0.7171226739883423,0.7129936218261719,0.2636280704466015
1338,0.8794354200363159,0.7633301615715027,0.7180052995681763,0.7156408429145813,0.30604430156961493
1339,0.8729310035705566,0.7642862200737,0.7193292379379272,0.7167438864707947,0.2235842427146045
1340,0.8713101744651794,0.7642862200737,0.7111650705337524,0.7187293171882629,0.20377489854884148
1341,0.874791145324707,0.7653158903121948,0.7210944294929504,0.7224795818328857,0.2532566453568167
1342,0.8749772906303406,0.7656100392341614,0.7215357422828674,0.7169644832611084,0.2063185441701368
1343,0.8738377690315247,0.7650952339172363,0.7133715748786926,0.7182881236076355,0.22226102265214684
1344,0.8747207522392273,0.7628152966499329,0.7210944294929504,0.7121111750602722,0.30979654101221615
1345,0.8780073523521423,0.7639185190200806,0.7162400484085083,0.7182881236076355,0.2730481434275169
1346,0.8804493546485901,0.7678899765014648,0.7177846431732178,0.7169644832611084,0.25068769333418334
1347,0.8708122372627258,0.7658306956291199,0.7186672687530518,0.7189499139785767,0.23616067069318297
1348,0.8716834783554077,0.7632566094398499,0.7173433303833008,0.7160820960998535,0.21683159828471815
1349,0.8746371269226074,0.7639185190200806,0.7153574824333191,0.716523289680481,0.20206291179373018
1350,0.8719704151153564,0.7684047818183899,0.7188879251480103,0.72005295753479,0.20822170460190068
1351,0.8754714131355286,0.7672280669212341,0.7246248722076416,0.7174056768417358,0.20195085455469208
1352,0.8724521398544312,0.7641391158103943,0.7175639867782593,0.7180675268173218,0.21250889223737307
1353,0.8741496205329895,0.7667867541313171,0.7219770550727844,0.7213765978813171,0.25009092603749805
1354,0.8727322220802307,0.7677428722381592,0.7171226739883423,0.7187293171882629,0.24717172462775389
1355,0.8708841800689697,0.7663455009460449,0.7151368260383606,0.7149790525436401,0.2216875223199174
1356,0.8714552521705627,0.7655364871025085,0.7202118635177612,0.7196117639541626,0.20297628455513636
1357,0.87015300989151,0.7659042477607727,0.720432460308075,0.7193911671638489,0.21092118851346814
1358,0.8706978559494019,0.7640656232833862,0.7224183678627014,0.7123317718505859,0.20955510433553876
1359,0.874333918094635,0.7630359530448914,0.7171226739883423,0.7158614993095398,0.23520851671962384
1360,0.869330108165741,0.767301619052887,0.7191085815429688,0.7189499139785767,0.236304179922279
1361,0.8726587295532227,0.76686030626297,0.7157987952232361,0.7191705107688904,0.1944277019098338
1362,0.8691855669021606,0.765242338180542,0.7166813611984253,0.7191705107688904,0.2093084128415036
1363,0.8751997947692871,0.7670809626579285,0.7186672687530518,0.7174056768417358,0.21485615730106555
1364,0.8728958964347839,0.7663455009460449,0.7157987952232361,0.7167438864707947,0.19672462865663345
1365,0.8724952936172485,0.7633301615715027,0.7180052995681763,0.7163026928901672,0.23900274096884425
1366,0.8750447630882263,0.7658306956291199,0.7175639867782593,0.7121111750602722,0.2233023061792958
1367,0.8703255653381348,0.7663455009460449,0.7169020175933838,0.7174056768417358,0.17936218760930064
1368,0.8749681115150452,0.7642862200737,0.7195498943328857,0.7182881236076355,0.21485716927460738
1369,0.8753342628479004,0.7669338583946228,0.7195498943328857,0.7185087203979492,0.2362959716255355
1370,0.8731236457824707,0.767816424369812,0.7184466123580933,0.7178469300270081,0.19115524918931961
1371,0.8755558729171753,0.7675222158432007,0.7184466123580933,0.7145378589630127,0.2674737476703703
1372,0.8777915835380554,0.764801025390625,0.7160194516181946,0.7176263332366943,0.27507263299584916
1373,0.873220682144165,0.7636243104934692,0.7135922312736511,0.7132142186164856,0.25856728131768436
1374,0.8778935670852661,0.7641391158103943,0.7164607048034668,0.7185087203979492,0.35622212784723356
1375,0.8766830563545227,0.7653158903121948,0.7206531167030334,0.7125524282455444,0.33007266872721763
1376,0.8794748783111572,0.7643597722053528,0.7129302620887756,0.7167438864707947,0.29462570453169024
1377,0.8746910095214844,0.7646539807319641,0.7182259559631348,0.7171850800514221,0.29574170883201417
1378,0.8770983219146729,0.763183057308197,0.7180052995681763,0.7156408429145813,0.23763357056948017
1379,0.8670780658721924,0.7634772062301636,0.7140335440635681,0.7174056768417358,0.2228212435895901
1380,0.8780921697616577,0.7641391158103943,0.720432460308075,0.7112287878990173,0.3325099341072714
1381,0.8769657611846924,0.7650952339172363,0.7169020175933838,0.7191705107688904,0.36598452443366886
1382,0.8828080296516418,0.7636978626251221,0.7133715748786926,0.7099051475524902,0.35962038068678637
1383,0.8801922798156738,0.7643597722053528,0.7173433303833008,0.7167438864707947,0.32947633104282376
1384,0.8692595362663269,0.7664190530776978,0.7226390242576599,0.7178469300270081,0.258099375505899
1385,0.8731133341789246,0.7651687860488892,0.7166813611984253,0.7092433571815491,0.18359795978740773
1386,0.8797135353088379,0.7632566094398499,0.7131509184837341,0.7180675268173218,0.267683424056846
1387,0.8756629228591919,0.7656835913658142,0.7202118635177612,0.711449384689331,0.2843687153494663
1388,0.8779664039611816,0.7605354189872742,0.7157987952232361,0.7176263332366943,0.37462150572084796
1389,0.880385160446167,0.7617121338844299,0.7169020175933838,0.7116699814796448,0.41655030682468136
1390,0.8777738213539124,0.7664926052093506,0.7144748568534851,0.7171850800514221,0.3194768099851115
1391,0.8766076564788818,0.7651687860488892,0.7140335440635681,0.7189499139785767,0.20920705688726957
1392,0.8834848999977112,0.7625946998596191,0.7197705507278442,0.7085815072059631,0.2866140390168595
1393,0.8765233159065247,0.7623004913330078,0.7169020175933838,0.714317262172699,0.3674736183922925
1394,0.8816790580749512,0.7692137956619263,0.7217563986778259,0.7125524282455444,0.3566294085286449
1395,0.877368688583374,0.7684783339500427,0.7173433303833008,0.7180675268173218,0.28867448828790787
1396,0.8718083500862122,0.7632566094398499,0.7151368260383606,0.72005295753479,0.18403993791489068
1397,0.879342794418335,0.7686254382133484,0.7210944294929504,0.713655412197113,0.19725007034078987
1398,0.8752799034118652,0.7675222158432007,0.7182259559631348,0.7193911671638489,0.2510029566927805
1399,0.8748161196708679,0.7644333243370056,0.7202118635177612,0.7081403136253357,0.265054523745363
1400,0.8748995661735535,0.7653158903121948,0.7124889492988586,0.7176263332366943,0.27567534231464874
1401,0.8713096380233765,0.7654629349708557,0.7173433303833008,0.716523289680481,0.26565700297240924
1402,0.8734427094459534,0.7650216817855835,0.7199912071228027,0.716523289680481,0.16969216205217477
1403,0.8770083785057068,0.7646539807319641,0.7138128876686096,0.7176263332366943,0.21036612558908202
1404,0.8712126612663269,0.7656835913658142,0.7202118635177612,0.7123317718505859,0.28185466270770776
1405,0.8738774061203003,0.7636243104934692,0.7160194516181946,0.7147584557533264,0.256186337631824
1406,0.876947820186615,0.7658306956291199,0.7184466123580933,0.7158614993095398,0.2451284259979556
1407,0.8752736449241638,0.7675222158432007,0.7217563986778259,0.716523289680481,0.18939329105700536
1408,0.871321439743042,0.7645068764686584,0.7182259559631348,0.7169644832611084,0.1878591627884416
1409,0.8726564645767212,0.765242338180542,0.7164607048034668,0.7129936218261719,0.2583956719778112
1410,0.8731772899627686,0.7650952339172363,0.7193292379379272,0.7196117639541626,0.2653137990216313
1411,0.8708236813545227,0.7642862200737,0.7213150858879089,0.7218177914619446,0.23265225961716954
1412,0.8692572712898254,0.7677428722381592,0.7193292379379272,0.7171850800514221,0.20407100861717142
1413,0.872037947177887,0.7669338583946228,0.7171226739883423,0.7207147479057312,0.1810090020713789
1414,0.8695215582847595,0.7667867541313171,0.7210944294929504,0.7169644832611084,0.23264152436358024
1415,0.8724185824394226,0.7645068764686584,0.7142542004585266,0.7171850800514221,0.2779522049399237
1416,0.8737557530403137,0.7677428722381592,0.7164607048034668,0.7185087203979492,0.2577622930145775
1417,0.8730155825614929,0.7680370807647705,0.7162400484085083,0.7227001786231995,0.2215961669226321
1418,0.8695257306098938,0.7650952339172363,0.7180052995681763,0.7196117639541626,0.17526549523760562
1419,0.8759839534759521,0.7677428722381592,0.7210944294929504,0.7154202461242676,0.167709966718231
1420,0.8755171298980713,0.765242338180542,0.7160194516181946,0.7204941511154175,0.24196281197624922
1421,0.869011402130127,0.7664926052093506,0.7191085815429688,0.7127730250358582,0.3092096920182111
1422,0.868573784828186,0.7641391158103943,0.7169020175933838,0.7174056768417358,0.31782371153023287
1423,0.8776609301567078,0.7665661573410034,0.7202118635177612,0.7149790525436401,0.30447336491553295
1424,0.8734354376792908,0.7661248445510864,0.7206531167030334,0.7182881236076355,0.26548701874426567
1425,0.874466061592102,0.7656835913658142,0.7208737730979919,0.7176263332366943,0.19794777759077478
1426,0.8736249208450317,0.7659042477607727,0.7202118635177612,0.7176263332366943,0.15542933704994352
1427,0.8723312616348267,0.7655364871025085,0.7177846431732178,0.7202735543251038,0.19917169344168456
1428,0.8739935755729675,0.7648745775222778,0.7217563986778259,0.7132142186164856,0.21202226446508024
1429,0.8711471557617188,0.7643597722053528,0.7153574824333191,0.7187293171882629,0.22742440361479158
1430,0.8750892281532288,0.7684047818183899,0.7208737730979919,0.7160820960998535,0.20446448805648593
1431,0.8691498041152954,0.7660513520240784,0.7144748568534851,0.7209353446960449,0.2135754778981784
1432,0.8727095723152161,0.7665661573410034,0.7191085815429688,0.7145378589630127,0.2217813664115953
1433,0.8735535144805908,0.7681106328964233,0.7188879251480103,0.7215971946716309,0.22026261264997482
1434,0.8723582625389099,0.7664190530776978,0.7202118635177612,0.716523289680481,0.21146287631216776
1435,0.8736575841903687,0.7653158903121948,0.7186672687530518,0.7202735543251038,0.22535318919476446
1436,0.8726810216903687,0.7691402435302734,0.7213150858879089,0.7171850800514221,0.23649888892431264
1437,0.8679749369621277,0.765242338180542,0.7164607048034668,0.7196117639541626,0.24876328446976628
1438,0.8744397759437561,0.76686030626297,0.7144748568534851,0.7132142186164856,0.2646710580630713
1439,0.8738558292388916,0.7650952339172363,0.7144748568534851,0.7209353446960449,0.2538880593576601
1440,0.8689258694648743,0.770390510559082,0.7202118635177612,0.714317262172699,0.24465190274686824
1441,0.8736169934272766,0.7663455009460449,0.7140335440635681,0.7215971946716309,0.2475298855127438
1442,0.8733555674552917,0.7661983966827393,0.7215357422828674,0.7158614993095398,0.25163716862839847
1443,0.8752085566520691,0.7661983966827393,0.7133715748786926,0.7198323607444763,0.22148286672406167
1444,0.8688066601753235,0.765757143497467,0.7155781388282776,0.7158614993095398,0.20960940279856946
1445,0.8748486042022705,0.7695814967155457,0.7182259559631348,0.7209353446960449,0.18999813391425419
1446,0.8738238215446472,0.7666397094726562,0.7155781388282776,0.7213765978813171,0.17453056007343082
1447,0.8737438917160034,0.7664190530776978,0.7144748568534851,0.7118905782699585,0.2162587650953735
1448,0.8747654557228088,0.7660513520240784,0.7157987952232361,0.7191705107688904,0.27958048277441894
1449,0.8734694719314575,0.7684783339500427,0.7175639867782593,0.7138760089874268,0.32059140776770495
1450,0.8761588931083679,0.7647275328636169,0.7160194516181946,0.7174056768417358,0.32202683573407875
1451,0.8703441023826599,0.7645804286003113,0.7224183678627014,0.7140966057777405,0.27765319886027634
1452,0.8759293556213379,0.7669338583946228,0.7175639867782593,0.7220383882522583,0.25571651937602535
1453,0.8749457597732544,0.7661248445510864,0.7208737730979919,0.7158614993095398,0.24955007076446445
1454,0.874542236328125,0.765757143497467,0.7162400484085083,0.7182881236076355,0.2481206379801433
1455,0.8722389936447144,0.7656835913658142,0.7191085815429688,0.7151996493339539,0.23141368419615127
1456,0.8729812502861023,0.7630359530448914,0.7173433303833008,0.7191705107688904,0.250081958886421
1457,0.8741076588630676,0.7678899765014648,0.7164607048034668,0.7147584557533264,0.24602846767674494
1458,0.8708488345146179,0.7634772062301636,0.7153574824333191,0.7182881236076355,0.21946118475357765
1459,0.8702453970909119,0.7621533870697021,0.7180052995681763,0.7145378589630127,0.18363390856704687
1460,0.8717585206031799,0.7662719488143921,0.7235216498374939,0.713655412197113,0.2081373332597673
1461,0.8764787912368774,0.7670074105262756,0.7208737730979919,0.7191705107688904,0.2531739923682439
1462,0.874625563621521,0.7654629349708557,0.7173433303833008,0.7121111750602722,0.3052744354528901
1463,0.8780204057693481,0.7630359530448914,0.7142542004585266,0.716523289680481,0.4087893085762847
1464,0.8765193223953247,0.7650952339172363,0.7160194516181946,0.7110081911087036,0.4087023503565619
1465,0.8790501952171326,0.7639185190200806,0.7171226739883423,0.7180675268173218,0.3298585819770695
1466,0.8729656934738159,0.7658306956291199,0.7184466123580933,0.7218177914619446,0.23727700587478878
1467,0.87835294008255,0.7664190530776978,0.7188879251480103,0.7132142186164856,0.19888996824479602
1468,0.8771876692771912,0.7597264051437378,0.7135922312736511,0.7167438864707947,0.3432104812999818
1469,0.876377522945404,0.7613444328308105,0.7151368260383606,0.7090227603912354,0.45316039157333493
1470,0.8856164216995239,0.7641391158103943,0.7171226739883423,0.7231414318084717,0.48816277470331076
1471,0.8817030191421509,0.7667132616043091,0.7202118635177612,0.72005295753479,0.3470100486794719
1472,0.8773354887962341,0.7634036540985107,0.7224183678627014,0.7169644832611084,0.18898988783317974
1473,0.8728491067886353,0.7605354189872742,0.7131509184837341,0.7191705107688904,0.26370948391108956
1474,0.8779590725898743,0.7650952339172363,0.7206531167030334,0.714317262172699,0.38747756490431184
1475,0.8796383738517761,0.7638449668884277,0.7160194516181946,0.7171850800514221,0.42483002769320527
1476,0.8758562803268433,0.7635507583618164,0.7144748568534851,0.7185087203979492,0.3197902121737282
1477,0.8752259612083435,0.7634772062301636,0.7177846431732178,0.7147584557533264,0.2375014349481033
1478,0.8774523138999939,0.7635507583618164,0.7157987952232361,0.7202735543251038,0.22752000676227335
1479,0.8724609613418579,0.7630359530448914,0.720432460308075,0.7151996493339539,0.31298722175474003
1480,0.8789678812026978,0.7637714147567749,0.7164607048034668,0.7187293171882629,0.31815407307582844
1481,0.8774935603141785,0.764801025390625,0.7202118635177612,0.7189499139785767,0.2586553506658618
1482,0.8725757002830505,0.7649481296539307,0.7193292379379272,0.7154202461242676,0.16249172854537822
1483,0.873531699180603,0.7623740434646606,0.7153574824333191,0.7211560010910034,0.20775734833708617
1484,0.8744060397148132,0.7645804286003113,0.7193292379379272,0.7132142186164856,0.2852785492687329
1485,0.8717253804206848,0.7663455009460449,0.7162400484085083,0.7198323607444763,0.2837236934336882
1486,0.8745139241218567,0.7673751711845398,0.7195498943328857,0.716523289680481,0.19929150105866433
1487,0.8684782981872559,0.7661983966827393,0.7208737730979919,0.7156408429145813,0.16456332730628245
1488,0.8749603033065796,0.7688460350036621,0.7188879251480103,0.7174056768417358,0.1828234076016253
1489,0.8688949942588806,0.7675222158432007,0.7208737730979919,0.7180675268173218,0.18329347303781982
1490,0.8770352602005005,0.7658306956291199,0.7182259559631348,0.7213765978813171,0.226218960079345
1491,0.8731985688209534,0.765242338180542,0.7184466123580933,0.7149790525436401,0.2139075490829872
1492,0.8749008774757385,0.7646539807319641,0.7155781388282776,0.7187293171882629,0.21888800993557173
1493,0.8776727318763733,0.7676693201065063,0.7230803370475769,0.7180675268173218,0.19332254688530806
1494,0.8720873594284058,0.7660513520240784,0.7184466123580933,0.7167438864707947,0.16190244901724243
1495,0.8710452914237976,0.7664926052093506,0.7195498943328857,0.7182881236076355,0.17064795844501737
1496,0.8692348003387451,0.7675222158432007,0.7186672687530518,0.7198323607444763,0.16454744704274593
1497,0.8713083267211914,0.7671545147895813,0.7215357422828674,0.7178469300270081,0.16914294367557733
1498,0.8719844222068787,0.7664190530776978,0.7188879251480103,0.7178469300270081,0.17675437918975354
1499,0.8763630390167236,0.7676693201065063,0.7230803370475769,0.7169644832611084,0.23379327088991786
1500,0.8738813996315002,0.7659777998924255,0.7166813611984253,0.7218177914619446,0.2673499130512797
1501,0.8737173080444336,0.7650216817855835,0.7191085815429688,0.7125524282455444,0.27611850060002824
1502,0.8744345903396606,0.7658306956291199,0.7171226739883423,0.7171850800514221,0.24930435550588062
1503,0.8731734156608582,0.7667132616043091,0.7191085815429688,0.7156408429145813,0.19522517868369854
1504,0.874441385269165,0.7636978626251221,0.7118270397186279,0.7160820960998535,0.19413398058035108
1505,0.8740262389183044,0.7655364871025085,0.7138128876686096,0.7174056768417358,0.19239128897025035
1506,0.8694698810577393,0.7684783339500427,0.7206531167030334,0.7154202461242676,0.1773798610063303
1507,0.8731241822242737,0.7650216817855835,0.7188879251480103,0.7178469300270081,0.24999659590552592
1508,0.8754018545150757,0.7640656232833862,0.7199912071228027,0.7107875943183899,0.29684866901967827
1509,0.8713661432266235,0.7616385817527771,0.7113857269287109,0.7180675268173218,0.31607237839550517
1510,0.8779791593551636,0.7639920711517334,0.7219770550727844,0.7094639539718628,0.35629100680704145
1511,0.8759106993675232,0.7625211477279663,0.7224183678627014,0.7178469300270081,0.34319134696044995
1512,0.8744755387306213,0.76686030626297,0.7206531167030334,0.7196117639541626,0.28066311991547577
1513,0.8756127953529358,0.7645804286003113,0.7197705507278442,0.7213765978813171,0.271828078906205
1514,0.8691638708114624,0.7638449668884277,0.7173433303833008,0.7154202461242676,0.2051911900223228
1515,0.8728556632995605,0.7658306956291199,0.7175639867782593,0.7167438864707947,0.18150203229063264
1516,0.8710254430770874,0.7631095051765442,0.7202118635177612,0.7147584557533264,0.2223450092284712
1517,0.8745743632316589,0.7655364871025085,0.7208737730979919,0.7196117639541626,0.18800773983869387
1518,0.8770003914833069,0.7656835913658142,0.7138128876686096,0.7215971946716309,0.17415380842363926
1519,0.8722100257873535,0.76274174451828,0.7180052995681763,0.7167438864707947,0.252991631420558
1520,0.8740448951721191,0.7644333243370056,0.7177846431732178,0.7171850800514221,0.2287486561102089
1521,0.8659641146659851,0.7643597722053528,0.7135922312736511,0.7174056768417358,0.19663672332708132
1522,0.8741086721420288,0.7654629349708557,0.7202118635177612,0.7198323607444763,0.2631974274420379
1523,0.8753944635391235,0.7653158903121948,0.7182259559631348,0.722920835018158,0.21159871521761978
1524,0.8707766532897949,0.7643597722053528,0.7186672687530518,0.7132142186164856,0.17236767964310679
1525,0.8775498270988464,0.7659042477607727,0.7210944294929504,0.7163026928901672,0.2670601177321168
1526,0.8783389925956726,0.7684783339500427,0.7202118635177612,0.716523289680481,0.21520846305288416
1527,0.8754550814628601,0.7650216817855835,0.7122682929039001,0.7198323607444763,0.18506113937377136
1528,0.8759738802909851,0.7636978626251221,0.7177846431732178,0.7129936218261719,0.31790576786808955
1529,0.8787493705749512,0.7679635286331177,0.7171226739883423,0.7178469300270081,0.2952214310091439
1530,0.8734617829322815,0.7647275328636169,0.7162400484085083,0.7125524282455444,0.2150152218264008
1531,0.8757943511009216,0.7642862200737,0.7180052995681763,0.7169644832611084,0.3202370100816406
1532,0.8722037076950073,0.7665661573410034,0.7182259559631348,0.7187293171882629,0.2422140342999748
1533,0.8730389475822449,0.7635507583618164,0.7133715748786926,0.7163026928901672,0.209727561343323
1534,0.8772093057632446,0.7641391158103943,0.7169020175933838,0.72005295753479,0.3225368349694428
1535,0.8751410841941833,0.7642126679420471,0.7206531167030334,0.7151996493339539,0.23947797228016063
1536,0.874097466468811,0.7659777998924255,0.7146955132484436,0.7193911671638489,0.25680234562128745
1537,0.8782069087028503,0.7645068764686584,0.7215357422828674,0.716523289680481,0.3277157012403746
1538,0.8748234510421753,0.7637714147567749,0.7193292379379272,0.72005295753479,0.2367508518231005
1539,0.8756992816925049,0.7653158903121948,0.7149161696434021,0.714317262172699,0.22954027861022128
1540,0.8765624761581421,0.7634036540985107,0.7186672687530518,0.7189499139785767,0.2698352065595098
1541,0.8734301924705505,0.7659777998924255,0.7175639867782593,0.7169644832611084,0.21057557760760343
1542,0.874427855014801,0.7659777998924255,0.7155781388282776,0.7187293171882629,0.20811483958598018
1543,0.8739352226257324,0.7642862200737,0.7166813611984253,0.7193911671638489,0.21203558762406766
1544,0.8748810887336731,0.7650216817855835,0.7199912071228027,0.7167438864707947,0.22176278082307585
1545,0.8702537417411804,0.7650952339172363,0.7177846431732178,0.7176263332366943,0.21331347278844393
1546,0.8724417686462402,0.7633301615715027,0.7180052995681763,0.7176263332366943,0.17238979788457995
1547,0.8756297826766968,0.7670809626579285,0.720432460308075,0.7154202461242676,0.19400089625580955
1548,0.8677425980567932,0.7642862200737,0.7191085815429688,0.716523289680481,0.1978948491552318
1549,0.8731567859649658,0.7667132616043091,0.720432460308075,0.7218177914619446,0.19456280292063013
1550,0.8683996200561523,0.7640656232833862,0.7175639867782593,0.7202735543251038,0.16719549076500498
1551,0.8678566217422485,0.7617121338844299,0.7140335440635681,0.7132142186164856,0.18765376187263538
1552,0.8690586686134338,0.7661983966827393,0.7157987952232361,0.7160820960998535,0.2127265387112561
1553,0.8732609748840332,0.7669338583946228,0.7138128876686096,0.7185087203979492,0.20198390940786995
1554,0.874142587184906,0.7638449668884277,0.7162400484085083,0.7105669379234314,0.21494756325393574
1555,0.8754010796546936,0.7661248445510864,0.7191085815429688,0.7185087203979492,0.2563062689358434
1556,0.8726000189781189,0.7659777998924255,0.7169020175933838,0.716523289680481,0.21414218353898778
1557,0.8721308708190918,0.7655364871025085,0.7127096056938171,0.7123317718505859,0.14816853757726606
1558,0.8756875991821289,0.7673751711845398,0.7171226739883423,0.7191705107688904,0.21609985883058314
1559,0.8701003193855286,0.7684783339500427,0.7215357422828674,0.7145378589630127,0.21089285503558428
1560,0.872481644153595,0.7617121338844299,0.7151368260383606,0.716523289680481,0.25682323203361723
1561,0.8791239857673645,0.7637714147567749,0.720432460308075,0.7110081911087036,0.330326488386662
1562,0.8724042177200317,0.7642862200737,0.7175639867782593,0.7163026928901672,0.3573117143808388
1563,0.8756054639816284,0.7659042477607727,0.7188879251480103,0.7123317718505859,0.3185970085811593
1564,0.878792941570282,0.7648745775222778,0.7195498943328857,0.7215971946716309,0.28018924680664237
1565,0.8678073287010193,0.7625211477279663,0.7186672687530518,0.7185087203979492,0.2000011624603934
1566,0.8744866251945496,0.7641391158103943,0.7157987952232361,0.7147584557533264,0.16824117801187322
1567,0.8765192031860352,0.7617856860160828,0.7208737730979919,0.7149790525436401,0.2533362114952781
1568,0.8785228729248047,0.7608295679092407,0.7191085815429688,0.7112287878990173,0.3405128426960998
1569,0.8828388452529907,0.7607560157775879,0.7118270397186279,0.7167438864707947,0.42300491781533034
1570,0.8807969689369202,0.7638449668884277,0.7188879251480103,0.7118905782699585,0.40964792948380063
1571,0.8786486387252808,0.763183057308197,0.7149161696434021,0.7185087203979492,0.3238065551617861
1572,0.8732578754425049,0.7667867541313171,0.7177846431732178,0.7191705107688904,0.2231176519876853
1573,0.872215986251831,0.7658306956291199,0.7197705507278442,0.7121111750602722,0.21181892596849133
1574,0.8760343194007874,0.760608971118927,0.7142542004585266,0.716523289680481,0.35978017970684
1575,0.8846116662025452,0.763183057308197,0.7155781388282776,0.710125744342804,0.39633093271556263
1576,0.8772901296615601,0.7641391158103943,0.7151368260383606,0.7147584557533264,0.34188971731620393
1577,0.8772509098052979,0.7638449668884277,0.7171226739883423,0.7178469300270081,0.27380323714263083
1578,0.881109893321991,0.7633301615715027,0.7177846431732178,0.7123317718505859,0.27293684370820565
1579,0.8814122676849365,0.758108377456665,0.7138128876686096,0.7160820960998535,0.4046099382268635
1580,0.8822152018547058,0.76686030626297,0.7177846431732178,0.7169644832611084,0.460250180156732
1581,0.8759625554084778,0.7675222158432007,0.7191085815429688,0.7209353446960449,0.32275695666786447
1582,0.8777719736099243,0.7603883147239685,0.7122682929039001,0.7167438864707947,0.21308212847991329
1583,0.8776220083236694,0.7648745775222778,0.7199912071228027,0.7112287878990173,0.31858203192513884
1584,0.8781065344810486,0.7633301615715027,0.7135922312736511,0.7215971946716309,0.3447435608865986
1585,0.8737409114837646,0.7656835913658142,0.7186672687530518,0.7134348154067993,0.30546592685908225
1586,0.8780096769332886,0.7638449668884277,0.7166813611984253,0.7156408429145813,0.21134919375238945
1587,0.8734855651855469,0.7645804286003113,0.7202118635177612,0.7156408429145813,0.2055801744972784
1588,0.8712496161460876,0.7653158903121948,0.7224183678627014,0.711449384689331,0.22722873414859818
1589,0.8732729554176331,0.7645804286003113,0.7162400484085083,0.7169644832611084,0.22898163909939664
1590,0.8760563135147095,0.7672280669212341,0.7184466123580933,0.7134348154067993,0.2078534864148286
1591,0.8754165172576904,0.7659042477607727,0.7175639867782593,0.7151996493339539,0.1780075655515261
1592,0.8707229495048523,0.7664926052093506,0.7186672687530518,0.7187293171882629,0.18610396807624158
1593,0.8715316653251648,0.7639920711517334,0.7217563986778259,0.7185087203979492,0.17033510463761156
1594,0.8690699338912964,0.7636243104934692,0.7191085815429688,0.7180675268173218,0.18314643929994656
1595,0.8711289167404175,0.76686030626297,0.7182259559631348,0.7218177914619446,0.17549999488662466
1596,0.8721507787704468,0.7648745775222778,0.7226390242576599,0.7191705107688904,0.16590663394852068
1597,0.8728191256523132,0.7666397094726562,0.7197705507278442,0.7145378589630127,0.18254054073951922
1598,0.8736699819564819,0.7656100392341614,0.7144748568534851,0.7187293171882629,0.17515211024062116
1599,0.8748157620429993,0.7662719488143921,0.7157987952232361,0.7180675268173218,0.2043216112984169
1600,0.8749202489852905,0.7656835913658142,0.7188879251480103,0.7174056768417358,0.20308037261224332
1601,0.8748250603675842,0.7642862200737,0.7120476961135864,0.7180675268173218,0.1820486257589426
1602,0.8732165694236755,0.7633301615715027,0.7191085815429688,0.7147584557533264,0.2352632284369776
1603,0.8751695156097412,0.765757143497467,0.7175639867782593,0.72005295753479,0.23675683981589088
1604,0.875153124332428,0.7646539807319641,0.7177846431732178,0.7154202461242676,0.20689997386182676
1605,0.873688817024231,0.7623740434646606,0.7184466123580933,0.7167438864707947,0.26206451093678945
1606,0.8748889565467834,0.7628152966499329,0.7202118635177612,0.7147584557533264,0.2271189107138858
1607,0.8729920983314514,0.7636978626251221,0.7146955132484436,0.7180675268173218,0.20705327402758456
1608,0.8781386017799377,0.7643597722053528,0.7199912071228027,0.7211560010910034,0.24862464639322057
1609,0.8727002739906311,0.7659042477607727,0.7193292379379272,0.7174056768417358,0.193595182469241
1610,0.8735026717185974,0.7653158903121948,0.7140335440635681,0.7202735543251038,0.17812168369041262
1611,0.8730279207229614,0.7641391158103943,0.7155781388282776,0.7207147479057312,0.21002814433987954
1612,0.8729276061058044,0.7650952339172363,0.7233009934425354,0.7167438864707947,0.18000164323738377
1613,0.8685806393623352,0.7680370807647705,0.7173433303833008,0.72005295753479,0.19530607706553582
1614,0.8682702779769897,0.7623004913330078,0.7138128876686096,0.716523289680481,0.20344137644286872
1615,0.8746210932731628,0.7678899765014648,0.7151368260383606,0.7182881236076355,0.20880937670324182
1616,0.8767102360725403,0.767816424369812,0.7182259559631348,0.7185087203979492,0.19702428240362174
1617,0.8716468214988708,0.7636243104934692,0.7202118635177612,0.7171850800514221,0.15838828724060466
1618,0.8785194158554077,0.7649481296539307,0.7193292379379272,0.7215971946716309,0.21719215681054194
1619,0.8756038546562195,0.7633301615715027,0.7177846431732178,0.7163026928901672,0.2143839963383047
1620,0.8746742010116577,0.7647275328636169,0.7197705507278442,0.7149790525436401,0.2086606150873281
1621,0.8704937696456909,0.7650952339172363,0.7233009934425354,0.7156408429145813,0.20116335354350023
1622,0.8775392770767212,0.7642862200737,0.7199912071228027,0.7193911671638489,0.1920411478425885
1623,0.8768620491027832,0.7655364871025085,0.7169020175933838,0.7182881236076355,0.20508935478416693
1624,0.8738758563995361,0.76686030626297,0.7228596806526184,0.7160820960998535,0.18722769185193341
1625,0.8722445964813232,0.7649481296539307,0.7173433303833008,0.7189499139785767,0.22578373816957842
1626,0.8760365843772888,0.765757143497467,0.7215357422828674,0.7132142186164856,0.258972342961655
1627,0.8733327388763428,0.7639920711517334,0.7166813611984253,0.7193911671638489,0.28844835222979864
1628,0.8725977540016174,0.7671545147895813,0.7162400484085083,0.7145378589630127,0.28048237540499243
1629,0.8774614930152893,0.7643597722053528,0.7153574824333191,0.716523289680481,0.27777815783153476
1630,0.8758601546287537,0.7625946998596191,0.7219770550727844,0.7125524282455444,0.2638643321380701
1631,0.8800037503242493,0.7643597722053528,0.7171226739883423,0.72005295753479,0.29164588246227346
1632,0.8738023042678833,0.7665661573410034,0.7182259559631348,0.7151996493339539,0.3054010064151433
1633,0.8793832659721375,0.76686030626297,0.7164607048034668,0.7233620285987854,0.28073542103758536
1634,0.872691810131073,0.7656100392341614,0.7228596806526184,0.7167438864707947,0.22849760673208516
1635,0.8723474144935608,0.7654629349708557,0.7197705507278442,0.7202735543251038,0.1811225130049196
1636,0.8745157718658447,0.7650216817855835,0.7169020175933838,0.7193911671638489,0.17441886994343547
1637,0.8732858896255493,0.7650952339172363,0.7166813611984253,0.7107875943183899,0.22793972822395134
1638,0.8705236315727234,0.7617121338844299,0.7138128876686096,0.716523289680481,0.34054264891478125
1639,0.8768672943115234,0.76274174451828,0.7188879251480103,0.7110081911087036,0.42642606513499653
1640,0.8799095153808594,0.7609031200408936,0.7144748568534851,0.7158614993095398,0.4515000963124769
1641,0.8767541646957397,0.7665661573410034,0.7210944294929504,0.7134348154067993,0.37595151118787895
1642,0.8744510412216187,0.767816424369812,0.7188879251480103,0.7112287878990173,0.23060652536494552
1643,0.8738117814064026,0.7605354189872742,0.7144748568534851,0.7140966057777405,0.22546494691001084
1644,0.8816606402397156,0.7661248445510864,0.7221977114677429,0.7140966057777405,0.3653781050740641
1645,0.8800786733627319,0.7630359530448914,0.7180052995681763,0.7207147479057312,0.40765748655590217
1646,0.8716005086898804,0.762668251991272,0.7210944294929504,0.7127730250358582,0.3229911351401671
1647,0.871466875076294,0.7675222158432007,0.7228596806526184,0.7196117639541626,0.22213524188309794
1648,0.8759539127349854,0.7634772062301636,0.7144748568534851,0.7198323607444763,0.2715385610956225
1649,0.8796874284744263,0.7653894424438477,0.7184466123580933,0.711449384689331,0.3439986535426924
1650,0.8786451816558838,0.7649481296539307,0.7157987952232361,0.72005295753479,0.3710470005441222
1651,0.8778978586196899,0.7650952339172363,0.7217563986778259,0.7158614993095398,0.32482745639399707
1652,0.8754428625106812,0.7664926052093506,0.7210944294929504,0.713655412197113,0.19956384612380587
1653,0.8764887452125549,0.7682576775550842,0.7208737730979919,0.7218177914619446,0.19203477320398799
1654,0.8761119246482849,0.7653894424438477,0.7173433303833008,0.7140966057777405,0.25086568348581634
1655,0.8793966770172119,0.7635507583618164,0.7093998193740845,0.7163026928901672,0.29207110016416993
1656,0.8742911219596863,0.76686030626297,0.7197705507278442,0.7151996493339539,0.3158968324155611
1657,0.8730942606925964,0.7641391158103943,0.7202118635177612,0.7185087203979492,0.3028115086052635
1658,0.8741177320480347,0.7647275328636169,0.7175639867782593,0.7156408429145813,0.24707568450165074
1659,0.8731037378311157,0.7653158903121948,0.7186672687530518,0.7151996493339539,0.20549656632371469
1660,0.872161865234375,0.7642862200737,0.7173433303833008,0.7163026928901672,0.18619302337063487
1661,0.8754326105117798,0.7658306956291199,0.7182259559631348,0.713655412197113,0.2588080599960169
1662,0.8743090033531189,0.7664926052093506,0.7160194516181946,0.72005295753479,0.2703683094331711
1663,0.8690755367279053,0.7644333243370056,0.7197705507278442,0.7154202461242676,0.2146939583835768
1664,0.8722010254859924,0.7659777998924255,0.7188879251480103,0.713655412197113,0.18442808545846356
1665,0.8724951148033142,0.7632566094398499,0.7149161696434021,0.7169644832611084,0.2619317951527337
1666,0.8763948678970337,0.7638449668884277,0.7171226739883423,0.7110081911087036,0.3696012201548173
1667,0.8742852210998535,0.7645804286003113,0.7153574824333191,0.7193911671638489,0.38161668411062877
1668,0.8724645972251892,0.7655364871025085,0.7213150858879089,0.7180675268173218,0.2864896623840128
1669,0.8710509538650513,0.7658306956291199,0.7237423062324524,0.7127730250358582,0.1748588689370178
1670,0.8719980716705322,0.7667867541313171,0.7177846431732178,0.7169644832611084,0.2346284871728261
1671,0.8774755597114563,0.7661248445510864,0.7184466123580933,0.7129936218261719,0.32802266883427195
1672,0.8752112984657288,0.7633301615715027,0.7182259559631348,0.72005295753479,0.3555936570976168
1673,0.8723828196525574,0.7653894424438477,0.7153574824333191,0.7158614993095398,0.27194265804986145
1674,0.8700717091560364,0.7646539807319641,0.7166813611984253,0.7105669379234314,0.2175980587125278
1675,0.8694771528244019,0.7631095051765442,0.7182259559631348,0.7176263332366943,0.29789528980128216
1676,0.8778360486030579,0.7666397094726562,0.7197705507278442,0.713655412197113,0.3308602172171491
1677,0.8748487234115601,0.7608295679092407,0.7142542004585266,0.7140966057777405,0.373876059732296
1678,0.8774253726005554,0.7665661573410034,0.7195498943328857,0.716523289680481,0.3049394527420528
1679,0.8722215890884399,0.7667867541313171,0.7237423062324524,0.7167438864707947,0.19171955265299742
1680,0.8717513084411621,0.7607560157775879,0.7153574824333191,0.7193911671638489,0.26050907137826584
1681,0.8746086359024048,0.7632566094398499,0.7177846431732178,0.7182881236076355,0.2983000671188967
1682,0.8704268336296082,0.7661983966827393,0.7162400484085083,0.7246856689453125,0.2680973699704069
1683,0.871587336063385,0.7612708806991577,0.7144748568534851,0.7182881236076355,0.22296201285279596
1684,0.8742241859436035,0.7656835913658142,0.7171226739883423,0.7140966057777405,0.25038656432628065
1685,0.8743181228637695,0.7661983966827393,0.7169020175933838,0.7209353446960449,0.29268400733263483
1686,0.8743919730186462,0.7618592381477356,0.7184466123580933,0.7127730250358582,0.2815735438012083
1687,0.8735557794570923,0.7600941061973572,0.7157987952232361,0.7158614993095398,0.22005432396741734
1688,0.8695809841156006,0.7666397094726562,0.7186672687530518,0.7209353446960449,0.20223754817409595
1689,0.870016872882843,0.7658306956291199,0.7191085815429688,0.7202735543251038,0.19290359483907868
1690,0.8722848296165466,0.7628152966499329,0.7175639867782593,0.7169644832611084,0.20170874562660912
1691,0.8741800785064697,0.7651687860488892,0.7226390242576599,0.7151996493339539,0.19273560474374382
1692,0.8706186413764954,0.7661983966827393,0.7197705507278442,0.7182881236076355,0.1937557700710761
1693,0.8729571104049683,0.767816424369812,0.720432460308075,0.7174056768417358,0.18276540700170446
1694,0.8724642395973206,0.7638449668884277,0.7191085815429688,0.7167438864707947,0.16292595758381528
1695,0.8724985718727112,0.7667132616043091,0.7197705507278442,0.722258985042572,0.17179285674842712
1696,0.8713746666908264,0.7682576775550842,0.7199912071228027,0.7180675268173218,0.16223927987135506
1697,0.8733938336372375,0.7665661573410034,0.7182259559631348,0.7176263332366943,0.18360091196872397
1698,0.8713170886039734,0.767816424369812,0.7230803370475769,0.7171850800514221,0.16942691645965435
1699,0.8682924509048462,0.7673751711845398,0.7186672687530518,0.7207147479057312,0.15807339005205823
1700,0.8703185319900513,0.7670074105262756,0.7180052995681763,0.7211560010910034,0.15884400630779222
1701,0.8666741251945496,0.7662719488143921,0.7217563986778259,0.7169644832611084,0.1785918497069336
1702,0.8716602325439453,0.7653158903121948,0.7162400484085083,0.7196117639541626,0.19403251361682017
1703,0.8773242831230164,0.764801025390625,0.7215357422828674,0.7123317718505859,0.20492367791536956
1704,0.8756625056266785,0.7685518860816956,0.7177846431732178,0.7187293171882629,0.2019080131219569
1705,0.8687358498573303,0.7681106328964233,0.7230803370475769,0.7191705107688904,0.19397193657312525
1706,0.870486855506897,0.7677428722381592,0.720432460308075,0.7149790525436401,0.18673044362249439
1707,0.8759826421737671,0.7670074105262756,0.7171226739883423,0.7171850800514221,0.16548819841373982
1708,0.8733068704605103,0.7653894424438477,0.7186672687530518,0.7158614993095398,0.1871097955126899
1709,0.8724908232688904,0.76686030626297,0.7153574824333191,0.7189499139785767,0.20520362687676644
1710,0.868835985660553,0.7653894424438477,0.7182259559631348,0.7160820960998535,0.20143818409981273
1711,0.8721782565116882,0.7648745775222778,0.7197705507278442,0.7174056768417358,0.2515502533781196
1712,0.8674423098564148,0.7660513520240784,0.7177846431732178,0.7132142186164856,0.25472229956051373
1713,0.8726387619972229,0.7636978626251221,0.7153574824333191,0.7211560010910034,0.25330753200600764
1714,0.8764901161193848,0.7660513520240784,0.7175639867782593,0.7167438864707947,0.2986762332898602
1715,0.8779541850090027,0.7644333243370056,0.7153574824333191,0.7209353446960449,0.3093967558090489
1716,0.8740811347961426,0.7625211477279663,0.7164607048034668,0.7160820960998535,0.28300225077360247
1717,0.8823134899139404,0.7603883147239685,0.7195498943328857,0.716523289680481,0.34803950730211036
1718,0.8728436827659607,0.7659042477607727,0.7195498943328857,0.7147584557533264,0.276124507059787
1719,0.868585467338562,0.7632566094398499,0.7124889492988586,0.7171850800514221,0.19309643829225462
1720,0.874127984046936,0.761123776435852,0.7162400484085083,0.7211560010910034,0.3266835748016205
1721,0.876483142375946,0.764801025390625,0.7177846431732178,0.713655412197113,0.24014645506893517
1722,0.874373733997345,0.7646539807319641,0.7140335440635681,0.7187293171882629,0.26180832431682327
1723,0.8787619471549988,0.7647275328636169,0.7202118635177612,0.7149790525436401,0.3585630128009179
1724,0.873401939868927,0.7645804286003113,0.7230803370475769,0.7204941511154175,0.2794517360204288
1725,0.8723522424697876,0.7662719488143921,0.7153574824333191,0.7202735543251038,0.22835310902032638
1726,0.8758460879325867,0.7673751711845398,0.7188879251480103,0.7160820960998535,0.249589621618358
1727,0.8749663829803467,0.7666397094726562,0.7149161696434021,0.7180675268173218,0.2056085787848611
1728,0.8727290034294128,0.7650952339172363,0.7153574824333191,0.7182881236076355,0.2286460302480274
1729,0.8720296025276184,0.7678899765014648,0.7153574824333191,0.7220383882522583,0.23989724847108146
1730,0.8719830513000488,0.7650952339172363,0.7193292379379272,0.7154202461242676,0.19579624495515024
1731,0.8732463121414185,0.7659777998924255,0.7193292379379272,0.7160820960998535,0.17048584616710383
1732,0.8708046078681946,0.7665661573410034,0.7177846431732178,0.7189499139785767,0.1779119945971134
1733,0.8664955496788025,0.7650952339172363,0.7157987952232361,0.7169644832611084,0.17016681626659663
1734,0.874636173248291,0.7641391158103943,0.7173433303833008,0.7189499139785767,0.15587471723534624
1735,0.866479218006134,0.76686030626297,0.7171226739883423,0.7213765978813171,0.18145903142396397
1736,0.8696776628494263,0.7645068764686584,0.7215357422828674,0.7160820960998535,0.22855237445367935
1737,0.8726504445075989,0.7650952339172363,0.7160194516181946,0.7171850800514221,0.2503603087802852
1738,0.8729123473167419,0.7675222158432007,0.7193292379379272,0.7163026928901672,0.24841413546032937
1739,0.8747028708457947,0.7645804286003113,0.7186672687530518,0.7180675268173218,0.21968217833593817
1740,0.8742967247962952,0.7650216817855835,0.7226390242576599,0.713655412197113,0.2170522653581789
1741,0.8723135590553284,0.7689195871353149,0.7226390242576599,0.7215971946716309,0.22552859559154054
1742,0.8702739477157593,0.767816424369812,0.7202118635177612,0.7191705107688904,0.18651234934123706
1743,0.8712947368621826,0.7660513520240784,0.7155781388282776,0.7156408429145813,0.191096525821967
1744,0.8702061176300049,0.7673751711845398,0.7180052995681763,0.7211560010910034,0.20934224305861093
1745,0.8751541972160339,0.7683312296867371,0.7202118635177612,0.7202735543251038,0.2138222078548497
1746,0.8707288503646851,0.7634772062301636,0.7127096056938171,0.7191705107688904,0.22028282876593555
1747,0.8748077750205994,0.7645068764686584,0.7202118635177612,0.7094639539718628,0.26499837180632707
1748,0.8742624521255493,0.7648745775222778,0.7124889492988586,0.7193911671638489,0.33002082089485973
1749,0.8766055107116699,0.7638449668884277,0.7186672687530518,0.7147584557533264,0.3352757617378935
1750,0.8766927123069763,0.7637714147567749,0.7186672687530518,0.7160820960998535,0.2634317923346027
1751,0.8698092699050903,0.7684783339500427,0.7151368260383606,0.7204941511154175,0.2151469680768387
1752,0.8763073086738586,0.7679635286331177,0.7197705507278442,0.7169644832611084,0.20060909710316893
1753,0.8702588677406311,0.7614914774894714,0.7164607048034668,0.7193911671638489,0.28605988834180723
1754,0.8754253387451172,0.7650216817855835,0.7157987952232361,0.7129936218261719,0.3661343011141211
1755,0.8706803917884827,0.7631095051765442,0.7122682929039001,0.7163026928901672,0.37251938503263593
1756,0.8777557611465454,0.7639920711517334,0.7219770550727844,0.7147584557533264,0.32671823187136867
1757,0.8702154159545898,0.7660513520240784,0.7241836190223694,0.7154202461242676,0.2189724810068243
1758,0.8693523406982422,0.764801025390625,0.7129302620887756,0.7163026928901672,0.16189997435630618
1759,0.8753567934036255,0.7653158903121948,0.7210944294929504,0.7140966057777405,0.26172579901615156
1760,0.8734267950057983,0.76274174451828,0.720432460308075,0.7193911671638489,0.3212283201232785
1761,0.876495897769928,0.7650216817855835,0.7197705507278442,0.713655412197113,0.3617249974960526
1762,0.8722617626190186,0.7674486637115479,0.720432460308075,0.7227001786231995,0.32933143384392416
1763,0.8746559619903564,0.7678899765014648,0.7191085815429688,0.7218177914619446,0.2046581579340796
1764,0.8742140531539917,0.7648745775222778,0.7206531167030334,0.7145378589630127,0.1717429556811225
1765,0.8763375282287598,0.7649481296539307,0.7149161696434021,0.7209353446960449,0.284622371238246
1766,0.8776819109916687,0.7671545147895813,0.7195498943328857,0.711449384689331,0.3579917971297713
1767,0.8779301047325134,0.7617121338844299,0.7144748568534851,0.7167438864707947,0.3724053131690568
1768,0.8736048340797424,0.7667867541313171,0.7213150858879089,0.7147584557533264,0.3396958360966584
1769,0.8745331764221191,0.7658306956291199,0.7182259559631348,0.7187293171882629,0.24789709343546068
1770,0.8723298907279968,0.7650216817855835,0.7157987952232361,0.7174056768417358,0.17693484515050034
1771,0.8815878033638,0.7655364871025085,0.7202118635177612,0.7094639539718628,0.3146567331973064
1772,0.8766588568687439,0.7615650296211243,0.7153574824333191,0.7149790525436401,0.39102608764562086
1773,0.8799070119857788,0.7677428722381592,0.7186672687530518,0.7129936218261719,0.3793038360465821
1774,0.874688446521759,0.7662719488143921,0.7193292379379272,0.7178469300270081,0.3026272534709616
1775,0.8733914494514465,0.7623004913330078,0.7160194516181946,0.7156408429145813,0.17910421844940888
1776,0.8739684820175171,0.7636978626251221,0.7188879251480103,0.7156408429145813,0.2535564582330258
1777,0.8718054294586182,0.7636978626251221,0.7175639867782593,0.7191705107688904,0.32220970853122016
1778,0.8773883581161499,0.765757143497467,0.7246248722076416,0.7156408429145813,0.26986486199464316
1779,0.8731012940406799,0.7662719488143921,0.7202118635177612,0.7176263332366943,0.20052601930783745
1780,0.876933217048645,0.7645068764686584,0.7215357422828674,0.7180675268173218,0.23791331315545325
1781,0.8774710893630981,0.7660513520240784,0.7202118635177612,0.7167438864707947,0.228527950483095
1782,0.8746801018714905,0.7620798349380493,0.7129302620887756,0.7163026928901672,0.23713372778135858
1783,0.8674671053886414,0.7649481296539307,0.7199912071228027,0.7189499139785767,0.22167529858868468
1784,0.8729262948036194,0.7684783339500427,0.7219770550727844,0.7218177914619446,0.17631738755687507
1785,0.8705654144287109,0.7666397094726562,0.7173433303833008,0.7182881236076355,0.19451316865250093
1786,0.8728358149528503,0.7645804286003113,0.7182259559631348,0.7151996493339539,0.18012978056625775
1787,0.8766844868659973,0.7664926052093506,0.7157987952232361,0.7227001786231995,0.20682131650667704
1788,0.8723470568656921,0.7667867541313171,0.7215357422828674,0.7174056768417358,0.21397075736993365
1789,0.8723691701889038,0.7656100392341614,0.7182259559631348,0.7176263332366943,0.2155562741601676
1790,0.8745315074920654,0.7664926052093506,0.7186672687530518,0.7167438864707947,0.2078031065333645
1791,0.8735789060592651,0.7654629349708557,0.720432460308075,0.7182881236076355,0.19050453047609717
1792,0.8712112307548523,0.7667132616043091,0.7206531167030334,0.72005295753479,0.1732173251550971
1793,0.8726581931114197,0.7696550488471985,0.7191085815429688,0.7209353446960449,0.1666270931797617
1794,0.8719631433486938,0.767816424369812,0.7175639867782593,0.7185087203979492,0.18369924164147114
1795,0.867644727230072,0.7681106328964233,0.7193292379379272,0.7180675268173218,0.15715015221015957
1796,0.8682151436805725,0.768772542476654,0.7193292379379272,0.72005295753479,0.1622376613042136
1797,0.874060869216919,0.7661248445510864,0.7173433303833008,0.7132142186164856,0.15239155551974487
1798,0.8692936301231384,0.767301619052887,0.7177846431732178,0.7189499139785767,0.19365224999630093
1799,0.8709205985069275,0.765757143497467,0.7180052995681763,0.7171850800514221,0.19674316044747747
1800,0.8717713952064514,0.7650952339172363,0.7146955132484436,0.7167438864707947,0.20359366047816566
1801,0.8729742169380188,0.7666397094726562,0.7193292379379272,0.7178469300270081,0.19639360494937327
1802,0.8710646033287048,0.7681106328964233,0.7171226739883423,0.7207147479057312,0.18023599242770139
1803,0.8719971179962158,0.7656100392341614,0.7142542004585266,0.7145378589630127,0.15623125726637374
1804,0.8674768209457397,0.7642862200737,0.7173433303833008,0.716523289680481,0.16781782395866682
1805,0.8719525933265686,0.7648745775222778,0.7197705507278442,0.7154202461242676,0.16949939288598456
1806,0.8746600151062012,0.7677428722381592,0.7217563986778259,0.7196117639541626,0.16518224801615713
1807,0.8732404112815857,0.7674486637115479,0.7177846431732178,0.7156408429145813,0.1811622345876555
1808,0.871949315071106,0.7664190530776978,0.7186672687530518,0.7189499139785767,0.19137672828071575
1809,0.8712207078933716,0.7637714147567749,0.7142542004585266,0.7196117639541626,0.2002352802846755
1810,0.8752602934837341,0.7689931392669678,0.7210944294929504,0.7151996493339539,0.2392813406416171
1811,0.8758772611618042,0.7656100392341614,0.7193292379379272,0.7235826253890991,0.29180173641748564
1812,0.8771616816520691,0.7642862200737,0.7149161696434021,0.713655412197113,0.2900372483406866
1813,0.8757632970809937,0.765242338180542,0.7149161696434021,0.7204941511154175,0.26709159795417997
1814,0.8732582926750183,0.7659777998924255,0.7199912071228027,0.7178469300270081,0.23952600383463601
1815,0.8716017603874207,0.7669338583946228,0.7206531167030334,0.7147584557533264,0.202129858227577
1816,0.8720355033874512,0.7629624009132385,0.7093998193740845,0.7127730250358582,0.24711481615480663
1817,0.8803527355194092,0.7628152966499329,0.7120476961135864,0.705051839351654,0.43932164284932484
1818,0.8847420811653137,0.7584761381149292,0.710944414138794,0.7145378589630127,0.5912211634163935
1819,0.8887879252433777,0.7639185190200806,0.7157987952232361,0.7121111750602722,0.5820442329169317
1820,0.8789738416671753,0.7634036540985107,0.7182259559631348,0.7140966057777405,0.3888193533528706
1821,0.8731010556221008,0.7598735094070435,0.7151368260383606,0.7149790525436401,0.23114450467334982
1822,0.8803120851516724,0.7642862200737,0.7228596806526184,0.7099051475524902,0.4018215279756858
1823,0.8792919516563416,0.760608971118927,0.7193292379379272,0.7147584557533264,0.4686627430963449
1824,0.8760520219802856,0.7620798349380493,0.7195498943328857,0.7151996493339539,0.35700046377523176
1825,0.8778830170631409,0.7648745775222778,0.7171226739883423,0.7171850800514221,0.22379776996742898
1826,0.876588761806488,0.7619327902793884,0.7133715748786926,0.7151996493339539,0.2952594019835517
1827,0.8804136514663696,0.7633301615715027,0.7208737730979919,0.7118905782699585,0.3534829271294333
1828,0.8780572414398193,0.7697286009788513,0.7197705507278442,0.7235826253890991,0.3513494372042645
1829,0.8705299496650696,0.7656835913658142,0.7155781388282776,0.7207147479057312,0.2256903897133255
1830,0.8758828639984131,0.7635507583618164,0.7171226739883423,0.7123317718505859,0.18919238294078403
1831,0.8769811987876892,0.7647275328636169,0.7166813611984253,0.716523289680481,0.3004364329048029
1832,0.8725139498710632,0.7644333243370056,0.7208737730979919,0.714317262172699,0.3052686809760782
1833,0.8760512471199036,0.7650216817855835,0.7202118635177612,0.7207147479057312,0.28881205129064713
1834,0.8732971549034119,0.7643597722053528,0.7173433303833008,0.7182881236076355,0.2154086202248283
1835,0.877021312713623,0.7633301615715027,0.7140335440635681,0.7123317718505859,0.19003868236075808
1836,0.8723857998847961,0.7670074105262756,0.7169020175933838,0.7209353446960449,0.2533903580356268
1837,0.8703932166099548,0.765242338180542,0.7202118635177612,0.714317262172699,0.20557601578780876
1838,0.8746585845947266,0.7628152966499329,0.7175639867782593,0.7191705107688904,0.22310441123934358
1839,0.8721886277198792,0.7656100392341614,0.7157987952232361,0.7174056768417358,0.20553804880898197
1840,0.8690726161003113,0.76686030626297,0.7193292379379272,0.714317262172699,0.15484593669430338
1841,0.8723427057266235,0.7655364871025085,0.7166813611984253,0.7204941511154175,0.19606047596408296
1842,0.8718698620796204,0.7649481296539307,0.7199912071228027,0.7167438864707947,0.20341587703115124
1843,0.870575487613678,0.7664190530776978,0.7182259559631348,0.7189499139785767,0.20016041199235304
1844,0.8699462413787842,0.7673751711845398,0.7188879251480103,0.7193911671638489,0.1728093378700149
1845,0.8695391416549683,0.7667132616043091,0.7206531167030334,0.713655412197113,0.15703065562733218
1846,0.8707922697067261,0.7648745775222778,0.7228596806526184,0.7180675268173218,0.19280222873544992
1847,0.8656786680221558,0.7662719488143921,0.7221977114677429,0.7169644832611084,0.1876815265011756
1848,0.8676409721374512,0.764801025390625,0.7144748568534851,0.7163026928901672,0.18703547651996677
1849,0.8792261481285095,0.7645068764686584,0.7173433303833008,0.7167438864707947,0.23216955686234075
1850,0.8696399331092834,0.7667867541313171,0.7217563986778259,0.7176263332366943,0.19270889406633798
1851,0.8698253631591797,0.7661248445510864,0.7184466123580933,0.7167438864707947,0.17026718791299875
1852,0.8719388842582703,0.7661983966827393,0.7215357422828674,0.716523289680481,0.2188651227540005
1853,0.8688803315162659,0.7656835913658142,0.7188879251480103,0.7227001786231995,0.19447873591609274
1854,0.8705108165740967,0.7637714147567749,0.7175639867782593,0.7163026928901672,0.17600730303415346
1855,0.877194881439209,0.7654629349708557,0.7197705507278442,0.7191705107688904,0.21981657782142072
1856,0.8681783676147461,0.7667867541313171,0.720432460308075,0.7202735543251038,0.16862529882396743
1857,0.8711856603622437,0.7670809626579285,0.7195498943328857,0.7187293171882629,0.17644292397149347
1858,0.8719075918197632,0.7673751711845398,0.7166813611984253,0.7189499139785767,0.1868567586320463
1859,0.8678871989250183,0.7661983966827393,0.7199912071228027,0.7140966057777405,0.23069308269396618
1860,0.8746910095214844,0.7625211477279663,0.7146955132484436,0.72005295753479,0.3122291325151135
1861,0.875460684299469,0.7637714147567749,0.7195498943328857,0.7132142186164856,0.3228442865641418
1862,0.8757874369621277,0.7656835913658142,0.7151368260383606,0.7167438864707947,0.272748572626791
1863,0.8726250529289246,0.7686254382133484,0.7237423062324524,0.7129936218261719,0.22037874012051703
1864,0.8723610043525696,0.7653894424438477,0.7191085815429688,0.7189499139785767,0.21394584864765087
1865,0.8696135878562927,0.7645804286003113,0.7197705507278442,0.7171850800514221,0.18918116396717796
1866,0.8704819679260254,0.7653158903121948,0.7131509184837341,0.7198323607444763,0.20769721800262017
1867,0.8704708814620972,0.7648745775222778,0.7180052995681763,0.7127730250358582,0.17869008608824674
1868,0.8699098825454712,0.7661248445510864,0.7210944294929504,0.7180675268173218,0.17236336208775702
1869,0.8739558458328247,0.7664926052093506,0.7177846431732178,0.7180675268173218,0.17488687963139998
1870,0.8724544644355774,0.7658306956291199,0.7166813611984253,0.7123317718505859,0.19057528419593753
1871,0.8674861192703247,0.7664190530776978,0.7184466123580933,0.7187293171882629,0.2164053329089396
1872,0.8680558800697327,0.7693608999252319,0.7184466123580933,0.7193911671638489,0.20617841096136677
1873,0.8725219964981079,0.7642126679420471,0.71006178855896,0.7163026928901672,0.205619539277907
1874,0.8712143301963806,0.7667132616043091,0.7160194516181946,0.7171850800514221,0.2073177870255229
1875,0.871207594871521,0.7676693201065063,0.7199912071228027,0.7176263332366943,0.16707416144986953
1876,0.8714388012886047,0.7649481296539307,0.7169020175933838,0.7154202461242676,0.18138221317412354
1877,0.8707525730133057,0.7666397094726562,0.7202118635177612,0.7099051475524902,0.19958031873892823
1878,0.8726159334182739,0.7651687860488892,0.7171226739883423,0.7180675268173218,0.23028134708001766
1879,0.8746035695075989,0.7674486637115479,0.7230803370475769,0.7151996493339539,0.2472555809119617
1880,0.8704134821891785,0.7664926052093506,0.7186672687530518,0.7189499139785767,0.273176277356255
1881,0.8731439709663391,0.7653894424438477,0.7184466123580933,0.7158614993095398,0.25644731486099637
1882,0.8694108724594116,0.7650952339172363,0.7175639867782593,0.716523289680481,0.22831721462161045
1883,0.8702688217163086,0.7671545147895813,0.7182259559631348,0.7171850800514221,0.20692448595460672
1884,0.8709191083908081,0.7676693201065063,0.7202118635177612,0.7167438864707947,0.16142305498767598
1885,0.8689779043197632,0.7669338583946228,0.7197705507278442,0.7149790525436401,0.18867380322743574
1886,0.872632622718811,0.769875705242157,0.7210944294929504,0.7156408429145813,0.20986423605553234
1887,0.8741822242736816,0.7656100392341614,0.7127096056938171,0.7180675268173218,0.195519220201101
1888,0.8708548545837402,0.7651687860488892,0.7171226739883423,0.7134348154067993,0.21302817142937436
1889,0.8685690760612488,0.7656100392341614,0.7175639867782593,0.7185087203979492,0.25193063205046023
1890,0.8733811974525452,0.7675957679748535,0.7195498943328857,0.7125524282455444,0.29046423145402256
1891,0.8699640035629272,0.7646539807319641,0.7149161696434021,0.7180675268173218,0.30107157297173465
1892,0.879298746585846,0.7676693201065063,0.7184466123580933,0.7138760089874268,0.28046190387213454
1893,0.8752841353416443,0.7681841254234314,0.7177846431732178,0.72005295753479,0.2088902418083376
1894,0.8707364797592163,0.76274174451828,0.7153574824333191,0.7180675268173218,0.1932775205841378
1895,0.8710755109786987,0.7659042477607727,0.7186672687530518,0.7090227603912354,0.24733573377426266
1896,0.8756570219993591,0.7600206136703491,0.7127096056938171,0.7198323607444763,0.35241892537948316
1897,0.8801297545433044,0.7640656232833862,0.7138128876686096,0.707919716835022,0.43856318245879894
1898,0.879946231842041,0.7631095051765442,0.7146955132484436,0.72005295753479,0.4587154764942418
1899,0.8745601773262024,0.7643597722053528,0.7226390242576599,0.7147584557533264,0.4086732256456403
1900,0.8740950226783752,0.7665661573410034,0.7210944294929504,0.7171850800514221,0.2853317283309849
1901,0.8745923638343811,0.7638449668884277,0.7140335440635681,0.7209353446960449,0.18973628615161264
1902,0.8740473985671997,0.7633301615715027,0.7197705507278442,0.7116699814796448,0.28997107046612475
1903,0.8711662888526917,0.7645804286003113,0.7177846431732178,0.7202735543251038,0.35546071826527126
1904,0.8773493766784668,0.7666397094726562,0.7162400484085083,0.7154202461242676,0.31586653722455954
1905,0.8710073232650757,0.7623004913330078,0.7157987952232361,0.713655412197113,0.2591719595056161
1906,0.8746699094772339,0.7638449668884277,0.7177846431732178,0.7189499139785767,0.21569791992753767
1907,0.8735136389732361,0.7635507583618164,0.7169020175933838,0.7147584557533264,0.26674394882072566
1908,0.8767271637916565,0.7625946998596191,0.7138128876686096,0.7182881236076355,0.3729590196764275
1909,0.8772805333137512,0.7653158903121948,0.7160194516181946,0.7116699814796448,0.36544587395515776
1910,0.8726288080215454,0.7654629349708557,0.7153574824333191,0.7158614993095398,0.2854163389598043
1911,0.8739929795265198,0.7642862200737,0.7180052995681763,0.7182881236076355,0.2621695210123159
1912,0.8743250370025635,0.7631095051765442,0.7215357422828674,0.7107875943183899,0.26834790442770473
1913,0.8819347620010376,0.7605354189872742,0.7144748568534851,0.7193911671638489,0.39923166415806005
1914,0.8770583868026733,0.7664190530776978,0.7173433303833008,0.7189499139785767,0.41146796225122934
1915,0.8727317452430725,0.7646539807319641,0.7175639867782593,0.7176263332366943,0.2584731586030609
1916,0.8735122084617615,0.7630359530448914,0.7127096056938171,0.716523289680481,0.19838946043902125
1917,0.8736280798912048,0.7688460350036621,0.7184466123580933,0.7145378589630127,0.2592234333209962
1918,0.8712738752365112,0.7625211477279663,0.7151368260383606,0.7160820960998535,0.28815774386395676
1919,0.8688874244689941,0.7634772062301636,0.7175639867782593,0.7140966057777405,0.29348925808877097
1920,0.8748458027839661,0.7664190530776978,0.7169020175933838,0.7204941511154175,0.26275104424313656
1921,0.8784052133560181,0.7650952339172363,0.7197705507278442,0.7187293171882629,0.17013236502686202
1922,0.8684777617454529,0.7642126679420471,0.720432460308075,0.7105669379234314,0.21867638307752424
1923,0.8770335912704468,0.7625946998596191,0.7146955132484436,0.7178469300270081,0.32602876479641923
1924,0.874497652053833,0.7662719488143921,0.7197705507278442,0.7207147479057312,0.30622241848193354
1925,0.8733959197998047,0.7645804286003113,0.7246248722076416,0.7196117639541626,0.19488566943963612
1926,0.8743618130683899,0.7664926052093506,0.7217563986778259,0.7189499139785767,0.19388035013134808
1927,0.8765862584114075,0.7669338583946228,0.7213150858879089,0.7138760089874268,0.29506199742149125
1928,0.8757576942443848,0.7623740434646606,0.7140335440635681,0.7163026928901672,0.330522346060679
1929,0.8690019249916077,0.7653894424438477,0.7217563986778259,0.7160820960998535,0.2739597158653579
1930,0.8711494207382202,0.7686254382133484,0.7193292379379272,0.7169644832611084,0.16552977489619722
1931,0.8737651705741882,0.764801025390625,0.7184466123580933,0.7182881236076355,0.21554871664837633
1932,0.8703376650810242,0.7664190530776978,0.7266107797622681,0.7163026928901672,0.22611240533440832
1933,0.8786203265190125,0.7670074105262756,0.7186672687530518,0.7187293171882629,0.22240160088024083
1934,0.8719749450683594,0.7664926052093506,0.7219770550727844,0.7176263332366943,0.20775169421804007
1935,0.8671070337295532,0.7654629349708557,0.7206531167030334,0.7182881236076355,0.1733010347985105
1936,0.8731949925422668,0.7659777998924255,0.7164607048034668,0.7176263332366943,0.18271753200167526
1937,0.8740476369857788,0.7640656232833862,0.7169020175933838,0.7174056768417358,0.1875409497012714
1938,0.8702332973480225,0.7656100392341614,0.7149161696434021,0.7193911671638489,0.2031304348393021
1939,0.8683130741119385,0.7671545147895813,0.7177846431732178,0.7171850800514221,0.1802305627956528
1940,0.8664125204086304,0.7634036540985107,0.7171226739883423,0.7176263332366943,0.19353122050241023
1941,0.8724711537361145,0.7675957679748535,0.7160194516181946,0.7160820960998535,0.17844500944610298
1942,0.873149573802948,0.7675222158432007,0.7206531167030334,0.7158614993095398,0.1722423331782409
1943,0.874276340007782,0.769875705242157,0.7180052995681763,0.7202735543251038,0.2012103052759206
1944,0.8736075162887573,0.76686030626297,0.7177846431732178,0.7151996493339539,0.20015137272177663
1945,0.8738712668418884,0.7648745775222778,0.7140335440635681,0.7189499139785767,0.20884047241345186
1946,0.87389075756073,0.767816424369812,0.7184466123580933,0.7198323607444763,0.20421555836117766
1947,0.8735557198524475,0.7671545147895813,0.7157987952232361,0.7196117639541626,0.17456437520187695
1948,0.8704611659049988,0.767816424369812,0.7221977114677429,0.7189499139785767,0.18014110998907454
1949,0.870674192905426,0.7653894424438477,0.7182259559631348,0.7193911671638489,0.18776873507616174
1950,0.872165858745575,0.7653894424438477,0.7171226739883423,0.7158614993095398,0.1715686766187948
1951,0.8772997260093689,0.768772542476654,0.7191085815429688,0.7180675268173218,0.1728154143160463
1952,0.871907651424408,0.767816424369812,0.7149161696434021,0.7178469300270081,0.1648686297142223
1953,0.8673988580703735,0.7667132616043091,0.7162400484085083,0.7140966057777405,0.187596698027293
1954,0.8708851933479309,0.7666397094726562,0.7131509184837341,0.7189499139785767,0.24238147069718544
1955,0.8747803568840027,0.7653894424438477,0.7175639867782593,0.7116699814796448,0.2810946308992939
1956,0.8750901818275452,0.7655364871025085,0.7140335440635681,0.7176263332366943,0.270215721634328
1957,0.8742290735244751,0.7675222158432007,0.7160194516181946,0.7171850800514221,0.2281145236384252
1958,0.8741700053215027,0.7667132616043091,0.7175639867782593,0.7154202461242676,0.17014934246656188
1959,0.8746456503868103,0.7653894424438477,0.7169020175933838,0.7224795818328857,0.18891869682365814
1960,0.8691648840904236,0.7694344520568848,0.7182259559631348,0.7151996493339539,0.23205091973826433
1961,0.8728687763214111,0.7672280669212341,0.7166813611984253,0.7224795818328857,0.27896276929364333
1962,0.8752267956733704,0.7666397094726562,0.7171226739883423,0.714317262172699,0.3006748279316587
1963,0.8720656633377075,0.7655364871025085,0.7166813611984253,0.7193911671638489,0.2736127264801941
1964,0.8680472373962402,0.7649481296539307,0.7191085815429688,0.7191705107688904,0.25132709353989835
1965,0.8705059885978699,0.7645804286003113,0.7175639867782593,0.7185087203979492,0.19890488924470603
1966,0.8727710843086243,0.7654629349708557,0.7142542004585266,0.7167438864707947,0.18387999448641046
1967,0.8730511665344238,0.7689931392669678,0.7171226739883423,0.7224795818328857,0.18553155764065954
1968,0.8683732151985168,0.7667867541313171,0.7153574824333191,0.7207147479057312,0.172306735697631
1969,0.8719257116317749,0.7650952339172363,0.7202118635177612,0.7167438864707947,0.21074733612184252
1970,0.8696064352989197,0.7686989903450012,0.7180052995681763,0.7235826253890991,0.21821329713926424
1971,0.8773483633995056,0.7685518860816956,0.7197705507278442,0.7171850800514221,0.18975615218366673
1972,0.8660564422607422,0.7650216817855835,0.7186672687530518,0.7138760089874268,0.17058443011307514
1973,0.8693095445632935,0.7684783339500427,0.7173433303833008,0.7191705107688904,0.18057928687899308
1974,0.8762375116348267,0.7684783339500427,0.7208737730979919,0.7193911671638489,0.19322884152277237
1975,0.8734027743339539,0.7597264051437378,0.7173433303833008,0.7171850800514221,0.2599553616423424
1976,0.8754363656044006,0.7659777998924255,0.7162400484085083,0.7158614993095398,0.29236449631484074
1977,0.8735538721084595,0.7666397094726562,0.7133715748786926,0.716523289680481,0.285965478863181
1978,0.8768377900123596,0.7619327902793884,0.7177846431732178,0.7123317718505859,0.2919993973802121
1979,0.8731079697608948,0.7662719488143921,0.7195498943328857,0.7196117639541626,0.28766542471735707
1980,0.8742318153381348,0.7695079445838928,0.7237423062324524,0.7187293171882629,0.24428976403210081
1981,0.8717722296714783,0.7650216817855835,0.7177846431732178,0.7187293171882629,0.20145798841883705
1982,0.8702777028083801,0.7665661573410034,0.7177846431732178,0.7174056768417358,0.20604463861986724
1983,0.8743541836738586,0.7666397094726562,0.7195498943328857,0.7163026928901672,0.18447471274830318
1984,0.8729320168495178,0.7650216817855835,0.7169020175933838,0.7189499139785767,0.187379987191682
1985,0.8708668351173401,0.7664926052093506,0.7210944294929504,0.7125524282455444,0.24702524957609828
1986,0.8745529651641846,0.7643597722053528,0.7113857269287109,0.7187293171882629,0.2553766353975508
1987,0.8738317489624023,0.7639185190200806,0.7149161696434021,0.7129936218261719,0.24022635831412115
1988,0.8733419179916382,0.7649481296539307,0.7173433303833008,0.7176263332366943,0.23235114291921707
1989,0.8753475546836853,0.7692873477935791,0.720432460308075,0.7189499139785767,0.20774450683706117
1990,0.8743779063224792,0.7661248445510864,0.7162400484085083,0.7207147479057312,0.21244696146448458
1991,0.8729092478752136,0.765242338180542,0.7213150858879089,0.7160820960998535,0.22112906535665436
1992,0.872887134552002,0.7671545147895813,0.7195498943328857,0.7189499139785767,0.21991240017048946
1993,0.8778652548789978,0.7659777998924255,0.7175639867782593,0.7156408429145813,0.19097036854766572
1994,0.8749263882637024,0.7633301615715027,0.7208737730979919,0.7189499139785767,0.2122372608540285
1995,0.8736898303031921,0.7656100392341614,0.7177846431732178,0.7198323607444763,0.20101830339960883
1996,0.8777362704277039,0.7669338583946228,0.7208737730979919,0.7154202461242676,0.20482671682190604
1997,0.8756203055381775,0.7646539807319641,0.7157987952232361,0.7171850800514221,0.2650302190552237
1998,0.8741267919540405,0.7656100392341614,0.7186672687530518,0.7134348154067993,0.29604565540644234
1999,0.8757491707801819,0.7629624009132385,0.710944414138794,0.7187293171882629,0.3226580692363474
2000,0.87566739320755,0.7637714147567749,0.7186672687530518,0.7083609104156494,0.3739773020602052
2001,0.8734411597251892,0.76274174451828,0.7169020175933838,0.7160820960998535,0.31711018053858664
2002,0.8756425380706787,0.765757143497467,0.7164607048034668,0.7154202461242676,0.2260239897315816
2003,0.8721075654029846,0.7667867541313171,0.7208737730979919,0.7178469300270081,0.21541675062019122
2004,0.8719738721847534,0.7632566094398499,0.7202118635177612,0.7174056768417358,0.1706107225336853
2005,0.8787547945976257,0.7648745775222778,0.7206531167030334,0.7147584557533264,0.21561185175258912
2006,0.8710634708404541,0.7642862200737,0.7191085815429688,0.7145378589630127,0.23704911994110006
2007,0.8766259551048279,0.7659042477607727,0.7180052995681763,0.7182881236076355,0.2023423771938928
2008,0.8708906173706055,0.7656100392341614,0.7186672687530518,0.7169644832611084,0.2023734653778947
2009,0.8734963536262512,0.7655364871025085,0.7184466123580933,0.7189499139785767,0.2221351309349557
2010,0.8699195981025696,0.767301619052887,0.7224183678627014,0.7138760089874268,0.20135058828666944
2011,0.8723441958427429,0.765757143497467,0.7171226739883423,0.7182881236076355,0.1974831961450496
2012,0.870977520942688,0.7653894424438477,0.7171226739883423,0.7174056768417358,0.1883821201927706
2013,0.8740034103393555,0.7676693201065063,0.7202118635177612,0.7129936218261719,0.19029224151673582
2014,0.8656923174858093,0.7686989903450012,0.7202118635177612,0.7218177914619446,0.19307517018979836
2015,0.8744292855262756,0.7664926052093506,0.7217563986778259,0.7174056768417358,0.22129948375720948
2016,0.8697207570075989,0.7663455009460449,0.7175639867782593,0.7176263332366943,0.22554870738418356
2017,0.8705147504806519,0.7660513520240784,0.7131509184837341,0.7145378589630127,0.19294309651857702
2018,0.8740525245666504,0.7633301615715027,0.7199912071228027,0.7189499139785767,0.21017853751820398
2019,0.8721028566360474,0.7665661573410034,0.7235216498374939,0.7191705107688904,0.21253177183926888
2020,0.8710110187530518,0.7667132616043091,0.7217563986778259,0.7154202461242676,0.18270005562030192
2021,0.870283305644989,0.7648745775222778,0.7169020175933838,0.7185087203979492,0.21052710055674562
2022,0.8697275519371033,0.76686030626297,0.7166813611984253,0.7149790525436401,0.23736246091565633
2023,0.8787348866462708,0.7664926052093506,0.7177846431732178,0.72005295753479,0.23711095162293974
2024,0.8722053170204163,0.765757143497467,0.720432460308075,0.7132142186164856,0.20451421781323548
2025,0.8737346529960632,0.7666397094726562,0.7164607048034668,0.7132142186164856,0.2220623342933559
2026,0.8739014267921448,0.7647275328636169,0.7164607048034668,0.7204941511154175,0.19208097189830814
2027,0.8742162585258484,0.7623740434646606,0.7166813611984253,0.7118905782699585,0.2551567655409398
2028,0.8760451078414917,0.7650952339172363,0.7138128876686096,0.716523289680481,0.3924636836371051
2029,0.882257878780365,0.7648745775222778,0.7157987952232361,0.7123317718505859,0.4328023542372129
2030,0.8755747079849243,0.7615650296211243,0.7142542004585266,0.7176263332366943,0.373425487920782
2031,0.872050404548645,0.7675222158432007,0.7173433303833008,0.7182881236076355,0.289287817934741
2032,0.8705518245697021,0.7659777998924255,0.7206531167030334,0.7140966057777405,0.20232854508465842
2033,0.8721276521682739,0.7632566094398499,0.7162400484085083,0.7193911671638489,0.2369766895165052
2034,0.8714923858642578,0.767301619052887,0.7195498943328857,0.713655412197113,0.31330811134916814
2035,0.8774420022964478,0.7650952339172363,0.7135922312736511,0.7180675268173218,0.3700607150644666
2036,0.8740941882133484,0.7667132616043091,0.7177846431732178,0.7127730250358582,0.3246650703196432
2037,0.8760087490081787,0.7654629349708557,0.7184466123580933,0.7132142186164856,0.2226152216075586
2038,0.8708681464195251,0.7643597722053528,0.7166813611984253,0.7156408429145813,0.22757461945639698
2039,0.8800947666168213,0.7635507583618164,0.7153574824333191,0.7085815072059631,0.35899108635055815
2040,0.8788318634033203,0.7612708806991577,0.7162400484085083,0.7147584557533264,0.42720942009476953
2041,0.8827332258224487,0.7647275328636169,0.7226390242576599,0.7129936218261719,0.3994537900439647
2042,0.8770405054092407,0.7664926052093506,0.7169020175933838,0.7204941511154175,0.3139657687330183
2043,0.8686922192573547,0.7628152966499329,0.7169020175933838,0.7174056768417358,0.1884054242111183
2044,0.8678892850875854,0.765757143497467,0.7224183678627014,0.716523289680481,0.19184545399064382
2045,0.8681637644767761,0.7648745775222778,0.7151368260383606,0.7235826253890991,0.22373146010725153
2046,0.8754540681838989,0.7637714147567749,0.7173433303833008,0.716523289680481,0.23339791954380856
2047,0.8720957636833191,0.7644333243370056,0.7162400484085083,0.7180675268173218,0.2038362792609896
2048,0.8722581267356873,0.7685518860816956,0.7166813611984253,0.7246856689453125,0.19985054629594035
2049,0.8731389045715332,0.7655364871025085,0.7186672687530518,0.7163026928901672,0.2063345124910254
2050,0.8731508851051331,0.7653894424438477,0.7129302620887756,0.7174056768417358,0.2024330280932243
2051,0.8687878251075745,0.7695814967155457,0.720432460308075,0.7163026928901672,0.21985954404735564
2052,0.8749801516532898,0.7659042477607727,0.7202118635177612,0.7196117639541626,0.19880551831810303
2053,0.8699576258659363,0.7661248445510864,0.7177846431732178,0.7189499139785767,0.18797972865495804
2054,0.8742053508758545,0.7681841254234314,0.7180052995681763,0.7207147479057312,0.19537454927519357
2055,0.8731499910354614,0.762668251991272,0.7164607048034668,0.7156408429145813,0.19661857132925373
2056,0.8673285841941833,0.7650952339172363,0.7182259559631348,0.713655412197113,0.2244464972074085
2057,0.8749474287033081,0.7655364871025085,0.7157987952232361,0.7154202461242676,0.24513043942419915
2058,0.8716673254966736,0.7665661573410034,0.7153574824333191,0.7189499139785767,0.208828767362788
2059,0.8685680627822876,0.7659042477607727,0.7173433303833008,0.72005295753479,0.1819336775204515
2060,0.8709540367126465,0.7670074105262756,0.7157987952232361,0.7174056768417358,0.22809142154599096
2061,0.8707982897758484,0.7684047818183899,0.7177846431732178,0.7169644832611084,0.19944478002676194
2062,0.8722540140151978,0.767301619052887,0.7169020175933838,0.7187293171882629,0.18250378992572863
2063,0.8746369481086731,0.7658306956291199,0.7162400484085083,0.7180675268173218,0.22844630323855786
2064,0.8772352933883667,0.7659777998924255,0.7193292379379272,0.7176263332366943,0.2376871888587922
2065,0.8719773888587952,0.7637714147567749,0.7151368260383606,0.7187293171882629,0.19063944074738748
2066,0.8655677437782288,0.7675222158432007,0.7208737730979919,0.7160820960998535,0.20308790631545412
2067,0.8751324415206909,0.7661983966827393,0.7155781388282776,0.7204941511154175,0.23981775005492384
2068,0.8728774189949036,0.7659777998924255,0.7175639867782593,0.7160820960998535,0.1998930812939421
2069,0.8714326024055481,0.7635507583618164,0.7127096056938171,0.7202735543251038,0.21132329692183505
2070,0.8722647428512573,0.7645804286003113,0.7180052995681763,0.7149790525436401,0.2530118712114985
2071,0.8702664971351624,0.7659042477607727,0.7160194516181946,0.7116699814796448,0.19763882196439214
2072,0.8726350665092468,0.7655364871025085,0.7116063833236694,0.7176263332366943,0.18539425639951596
2073,0.8757653832435608,0.7637714147567749,0.7202118635177612,0.7134348154067993,0.29941060731196495
2074,0.8820573091506958,0.7639920711517334,0.7131509184837341,0.7158614993095398,0.3479626569114088
2075,0.8739219307899475,0.762668251991272,0.7157987952232361,0.7105669379234314,0.34046753582962985
2076,0.8784657716751099,0.7620063424110413,0.7171226739883423,0.7176263332366943,0.41442992413166835
2077,0.8766852021217346,0.7666397094726562,0.7217563986778259,0.7158614993095398,0.3421606185132241
2078,0.8748974204063416,0.7646539807319641,0.7169020175933838,0.7129936218261719,0.23333086633710665
2079,0.8811298608779907,0.76274174451828,0.7157987952232361,0.7189499139785767,0.329866703187405
2080,0.8772932887077332,0.763183057308197,0.7175639867782593,0.7110081911087036,0.31444691441699046
2081,0.8800870180130005,0.7619327902793884,0.7118270397186279,0.7145378589630127,0.3875986422828951
2082,0.8849105834960938,0.765757143497467,0.7217563986778259,0.7167438864707947,0.4657613611505966
2083,0.8805768489837646,0.7635507583618164,0.7177846431732178,0.7178469300270081,0.3092909804105542
2084,0.8755692839622498,0.765242338180542,0.7149161696434021,0.7169644832611084,0.21650101802881988
2085,0.8762797117233276,0.7656100392341614,0.7182259559631348,0.7156408429145813,0.2970588428900993
2086,0.8719549775123596,0.7631095051765442,0.7175639867782593,0.7213765978813171,0.2551712584868192
2087,0.8699598908424377,0.7643597722053528,0.7171226739883423,0.7149790525436401,0.28516826207316476
2088,0.8746047019958496,0.765757143497467,0.7162400484085083,0.7193911671638489,0.2796057108025816
2089,0.8724445700645447,0.7642126679420471,0.7173433303833008,0.7191705107688904,0.1557192673578479
2090,0.8714977502822876,0.7646539807319641,0.7175639867782593,0.7121111750602722,0.20867702735124463
2091,0.8730916380882263,0.7666397094726562,0.7142542004585266,0.7182881236076355,0.24877962111764942
2092,0.8728185296058655,0.7660513520240784,0.7184466123580933,0.7171850800514221,0.1966564832767493
2093,0.8718685507774353,0.7646539807319641,0.7195498943328857,0.7134348154067993,0.18712050357877064
2094,0.8709302544593811,0.7646539807319641,0.7208737730979919,0.7180675268173218,0.17364483271932596
2095,0.8700714111328125,0.7646539807319641,0.7195498943328857,0.7174056768417358,0.1796025637758838
2096,0.8695016503334045,0.7659042477607727,0.7157987952232361,0.7189499139785767,0.19757595188489557
2097,0.8678885102272034,0.7664926052093506,0.7169020175933838,0.7132142186164856,0.18549066615383158
2098,0.8673908710479736,0.765757143497467,0.7142542004585266,0.7178469300270081,0.1609753998320702
2099,0.8691197037696838,0.767301619052887,0.7149161696434021,0.7220383882522583,0.17609160109543565
2100,0.8720430731773376,0.7686254382133484,0.7206531167030334,0.7189499139785767,0.18144785165295904
2101,0.8715614676475525,0.7670809626579285,0.7151368260383606,0.7182881236076355,0.16893976751899462
2102,0.8711028099060059,0.7662719488143921,0.7173433303833008,0.716523289680481,0.17342911035904324
2103,0.865949273109436,0.7662719488143921,0.7188879251480103,0.7202735543251038,0.1611413082464903
2104,0.8704477548599243,0.7686254382133484,0.7177846431732178,0.714317262172699,0.16070704504968739
2105,0.8698979616165161,0.7667132616043091,0.7202118635177612,0.7207147479057312,0.17718886689542945
2106,0.868980348110199,0.7667132616043091,0.720432460308075,0.7198323607444763,0.17839715482885002
2107,0.8678011298179626,0.7665661573410034,0.7184466123580933,0.7213765978813171,0.1706898013910563
2108,0.8681910634040833,0.7674486637115479,0.7208737730979919,0.7207147479057312,0.15622818573842087
2109,0.868457019329071,0.7688460350036621,0.7193292379379272,0.7171850800514221,0.15825497876332184
2110,0.8691967129707336,0.7666397094726562,0.7153574824333191,0.7204941511154175,0.1639244673590971
2111,0.8722427487373352,0.7649481296539307,0.7208737730979919,0.7176263332366943,0.1902760018053104
2112,0.8704051375389099,0.7645804286003113,0.7138128876686096,0.7198323607444763,0.2294430403003164
2113,0.874053955078125,0.7653158903121948,0.7162400484085083,0.7107875943183899,0.2407392220535316
2114,0.87342768907547,0.7639920711517334,0.7164607048034668,0.7158614993095398,0.28820942954767476
2115,0.8716423511505127,0.7670074105262756,0.7175639867782593,0.7138760089874268,0.2778441574927513
2116,0.8700454831123352,0.7628152966499329,0.7133715748786926,0.713655412197113,0.26874967194037047
2117,0.8702581524848938,0.7656835913658142,0.7199912071228027,0.7138760089874268,0.2380945641995628
2118,0.8734884262084961,0.7674486637115479,0.7197705507278442,0.7180675268173218,0.1873669320360155
2119,0.8682313561439514,0.7636243104934692,0.7138128876686096,0.7193911671638489,0.15570116765588507
2120,0.8733649253845215,0.7661248445510864,0.7166813611984253,0.7121111750602722,0.2506700716978208
2121,0.8721305727958679,0.7630359530448914,0.7151368260383606,0.7160820960998535,0.352567349527323
2122,0.8735730648040771,0.7642862200737,0.7153574824333191,0.7125524282455444,0.367943122221843
2123,0.8759423494338989,0.7642126679420471,0.7162400484085083,0.7185087203979492,0.37258067310130405
2124,0.8714896440505981,0.7672280669212341,0.7191085815429688,0.7145378589630127,0.3168400613091498
2125,0.871966540813446,0.7653894424438477,0.7135922312736511,0.7169644832611084,0.24778613076881192
2126,0.8746375441551208,0.762668251991272,0.7186672687530518,0.7163026928901672,0.25974450187125153
2127,0.8700645565986633,0.7688460350036621,0.7219770550727844,0.7180675268173218,0.2329537740617208
2128,0.872049868106842,0.7650216817855835,0.7131509184837341,0.7191705107688904,0.20936885313006956
2129,0.8749493360519409,0.7644333243370056,0.7166813611984253,0.713655412197113,0.3485140116174253
2130,0.8734097480773926,0.7661983966827393,0.7175639867782593,0.7176263332366943,0.3042365502065172
2131,0.8730735182762146,0.7651687860488892,0.7173433303833008,0.7151996493339539,0.25205926862148076
2132,0.8736096620559692,0.7661983966827393,0.7173433303833008,0.7167438864707947,0.2866401597228012
2133,0.8688094019889832,0.765757143497467,0.7206531167030334,0.7207147479057312,0.1891565623458262
2134,0.873749315738678,0.765757143497467,0.7208737730979919,0.7121111750602722,0.23255486802172773
2135,0.880593478679657,0.7637714147567749,0.720432460308075,0.7187293171882629,0.3059137079307236
2136,0.8728598356246948,0.767301619052887,0.7210944294929504,0.7154202461242676,0.23195181377429314
2137,0.8705352544784546,0.7665661573410034,0.7155781388282776,0.7180675268173218,0.19976802624188753
2138,0.8694413304328918,0.7631095051765442,0.7169020175933838,0.7154202461242676,0.23262515668093117
2139,0.8742376565933228,0.7676693201065063,0.7180052995681763,0.7185087203979492,0.22033048822487272
2140,0.8664642572402954,0.76686030626297,0.7219770550727844,0.7167438864707947,0.2007175233365429
2141,0.8749628067016602,0.7641391158103943,0.7160194516181946,0.7149790525436401,0.21311522500557523
2142,0.8745558261871338,0.7643597722053528,0.7173433303833008,0.7125524282455444,0.2163974232217383
2143,0.8665770292282104,0.7643597722053528,0.7135922312736511,0.7198323607444763,0.21498494417570532
2144,0.867184579372406,0.762668251991272,0.7188879251480103,0.7140966057777405,0.21094225676267422
2145,0.8700435161590576,0.7670074105262756,0.7166813611984253,0.7163026928901672,0.19888251595435955
2146,0.8670063018798828,0.7655364871025085,0.7146955132484436,0.7207147479057312,0.16947043090737077
2147,0.8748577237129211,0.7683312296867371,0.7213150858879089,0.7178469300270081,0.2037827941840214
2148,0.8683672547340393,0.7634772062301636,0.7164607048034668,0.7211560010910034,0.24231195933599184
2149,0.8643618822097778,0.7625946998596191,0.7144748568534851,0.7140966057777405,0.241790750901493
2150,0.8739141821861267,0.7661248445510864,0.7162400484085083,0.7156408429145813,0.24243690460939943
2151,0.8699923157691956,0.7637714147567749,0.7153574824333191,0.7202735543251038,0.19878781860495315
2152,0.8718069195747375,0.7661248445510864,0.7188879251480103,0.7178469300270081,0.19007397072423202
2153,0.8689811825752258,0.7659777998924255,0.7135922312736511,0.7191705107688904,0.23174355834104365
2154,0.8678069114685059,0.7650952339172363,0.720432460308075,0.7134348154067993,0.2618738332441232
2155,0.8725770115852356,0.765242338180542,0.7133715748786926,0.7191705107688904,0.26382312309617745
2156,0.8690863251686096,0.7664190530776978,0.7188879251480103,0.7189499139785767,0.22974446724528994
2157,0.8685041666030884,0.7684783339500427,0.7166813611984253,0.7202735543251038,0.16555451565541876
2158,0.8732984066009521,0.7648745775222778,0.7162400484085083,0.7196117639541626,0.16752338636090547
2159,0.8691543936729431,0.7658306956291199,0.7206531167030334,0.7154202461242676,0.18848092871648203
2160,0.8723421692848206,0.7666397094726562,0.7177846431732178,0.7198323607444763,0.20760890805738297
2161,0.871130645275116,0.7664926052093506,0.7206531167030334,0.7147584557533264,0.21738384391900417
2162,0.8709195256233215,0.7664926052093506,0.7175639867782593,0.7169644832611084,0.19527325792897354
2163,0.8701896667480469,0.7662719488143921,0.7184466123580933,0.7151996493339539,0.1734015158943461
2164,0.874197244644165,0.7642862200737,0.7169020175933838,0.7123317718505859,0.16708546023052964
2165,0.8678439259529114,0.7644333243370056,0.7157987952232361,0.7176263332366943,0.18667512690474988
2166,0.8746626973152161,0.7667867541313171,0.7162400484085083,0.72005295753479,0.1614949800137051
2167,0.8750214576721191,0.7659042477607727,0.7193292379379272,0.7189499139785767,0.17363220961209244
2168,0.8677601218223572,0.7642862200737,0.7182259559631348,0.714317262172699,0.19025585507946768
2169,0.8690208196640015,0.7669338583946228,0.7171226739883423,0.7169644832611084,0.2080726586031869
2170,0.8720387816429138,0.7694344520568848,0.7224183678627014,0.716523289680481,0.21522278916179796
2171,0.8702322244644165,0.765242338180542,0.7188879251480103,0.7169644832611084,0.19917721901095436
2172,0.8678594827651978,0.7682576775550842,0.7162400484085083,0.7163026928901672,0.19453836832860702
2173,0.8707395792007446,0.7654629349708557,0.7199912071228027,0.7158614993095398,0.17622874383298665
2174,0.8716671466827393,0.7674486637115479,0.7193292379379272,0.7189499139785767,0.19019353992233495
2175,0.8733959197998047,0.7670074105262756,0.7188879251480103,0.7171850800514221,0.17742134317011463
2176,0.8714455366134644,0.7630359530448914,0.7146955132484436,0.7187293171882629,0.19449530439598076
2177,0.873895525932312,0.7648745775222778,0.7206531167030334,0.7163026928901672,0.264557687835424
2178,0.8778374195098877,0.7636243104934692,0.7157987952232361,0.7163026928901672,0.39250485174707206
2179,0.8778591156005859,0.7653894424438477,0.7188879251480103,0.7127730250358582,0.4455952373535458
2180,0.8736387491226196,0.7642862200737,0.7144748568534851,0.7202735543251038,0.4278312879776817
2181,0.8786050081253052,0.7639920711517334,0.7160194516181946,0.7154202461242676,0.36857700718903164
2182,0.876436710357666,0.7659042477607727,0.7153574824333191,0.7182881236076355,0.2716968789260481
2183,0.8718425631523132,0.7644333243370056,0.7199912071228027,0.7189499139785767,0.18905629201508511
2184,0.8733635544776917,0.7610502243041992,0.7173433303833008,0.7129936218261719,0.2228299789433595
2185,0.8748311996459961,0.7607560157775879,0.7169020175933838,0.7134348154067993,0.3225507997295841
2186,0.8744266033172607,0.7645068764686584,0.7171226739883423,0.7125524282455444,0.32915487665876464
2187,0.8787493109703064,0.7618592381477356,0.7144748568534851,0.7191705107688904,0.34855264772517613
2188,0.874642550945282,0.7664190530776978,0.7219770550727844,0.7158614993095398,0.3206894718571305
2189,0.8740105032920837,0.7686254382133484,0.7219770550727844,0.7207147479057312,0.2231414219478296
2190,0.8706966042518616,0.7634772062301636,0.7153574824333191,0.7169644832611084,0.2020885986906081
2191,0.86808180809021,0.7635507583618164,0.7217563986778259,0.7145378589630127,0.2883189130907958
2192,0.8797742128372192,0.7655364871025085,0.7157987952232361,0.7209353446960449,0.3059412219356891
2193,0.8728449940681458,0.76274174451828,0.7149161696434021,0.7110081911087036,0.2986843682105565
2194,0.877484917640686,0.7618592381477356,0.7186672687530518,0.7163026928901672,0.32020835444760215
2195,0.8718857765197754,0.7664190530776978,0.7195498943328857,0.7207147479057312,0.25962713373314433
2196,0.8721177577972412,0.7646539807319641,0.7140335440635681,0.7169644832611084,0.21602272606333436
2197,0.8746505975723267,0.7616385817527771,0.7177846431732178,0.7178469300270081,0.36047806066562116
2198,0.8780614733695984,0.7654629349708557,0.7186672687530518,0.7156408429145813,0.292314882414591
2199,0.8716202974319458,0.7600941061973572,0.710944414138794,0.7151996493339539,0.29397448814453475
2200,0.8768989443778992,0.7634772062301636,0.7142542004585266,0.7151996493339539,0.4074769514223743
2201,0.8743175268173218,0.7623004913330078,0.7177846431732178,0.7182881236076355,0.2508339890050892
2202,0.873469889163971,0.7645068764686584,0.7153574824333191,0.7171850800514221,0.22381068015135658
2203,0.8736643195152283,0.7675222158432007,0.7171226739883423,0.7154202461242676,0.25727157355665303
2204,0.8765639066696167,0.7641391158103943,0.7144748568534851,0.7171850800514221,0.3270816808261891
2205,0.870141327381134,0.7651687860488892,0.7175639867782593,0.7127730250358582,0.34421902101320245
2206,0.8741912841796875,0.7656100392341614,0.7199912071228027,0.7196117639541626,0.206542665970888
2207,0.8693549633026123,0.7650952339172363,0.7177846431732178,0.7185087203979492,0.21770546742006097
2208,0.875694215297699,0.7646539807319641,0.7175639867782593,0.714317262172699,0.2869174098949898
2209,0.8782767057418823,0.7646539807319641,0.7127096056938171,0.7198323607444763,0.3235018367018958
2210,0.8706931471824646,0.7658306956291199,0.7221977114677429,0.7156408429145813,0.29954660649613574
2211,0.8723497986793518,0.7625946998596191,0.7213150858879089,0.7138760089874268,0.18085623531682649
2212,0.8746125102043152,0.7642126679420471,0.7111650705337524,0.7185087203979492,0.19990980202643205
2213,0.8733261227607727,0.7672280669212341,0.7195498943328857,0.7163026928901672,0.29327739714515655
2214,0.8741148710250854,0.7653894424438477,0.7186672687530518,0.722258985042572,0.26726556358536463
2215,0.8721124529838562,0.7636978626251221,0.7202118635177612,0.7176263332366943,0.2462746989972556
2216,0.8731260895729065,0.7642126679420471,0.7177846431732178,0.7134348154067993,0.24410234370962447
2217,0.8702262043952942,0.7649481296539307,0.7138128876686096,0.7187293171882629,0.19067033763439398
2218,0.8741112947463989,0.7659777998924255,0.7191085815429688,0.7145378589630127,0.22071709170988785
2219,0.8782755136489868,0.7614179253578186,0.7180052995681763,0.7187293171882629,0.28681549315695326
2220,0.8728164434432983,0.7660513520240784,0.7208737730979919,0.7185087203979492,0.2844171228560008
2221,0.8715299367904663,0.7675957679748535,0.7193292379379272,0.7171850800514221,0.22399639518209763
2222,0.8700625896453857,0.7656835913658142,0.7169020175933838,0.7171850800514221,0.1600038238933536
2223,0.8725566267967224,0.7670074105262756,0.7197705507278442,0.7138760089874268,0.21086213950649593
2224,0.8667900562286377,0.7678899765014648,0.7230803370475769,0.72005295753479,0.22194287492598097
2225,0.8692960739135742,0.7660513520240784,0.7263901233673096,0.7169644832611084,0.19843381869743498
2226,0.8678473234176636,0.7659042477607727,0.7230803370475769,0.72005295753479,0.180831609783184
2227,0.8676909804344177,0.7670809626579285,0.7206531167030334,0.7213765978813171,0.1649486276439598
2228,0.8693459033966064,0.7681106328964233,0.7221977114677429,0.7151996493339539,0.19805201092062688
2229,0.8737034797668457,0.764801025390625,0.7164607048034668,0.7149790525436401,0.19329832286764465
2230,0.8708557486534119,0.7641391158103943,0.7193292379379272,0.7191705107688904,0.18537922422714828
2231,0.8739532232284546,0.7661248445510864,0.7182259559631348,0.7196117639541626,0.17470495270434494
2232,0.8645381331443787,0.7640656232833862,0.7144748568534851,0.7160820960998535,0.17392296975386218
2233,0.8766160011291504,0.7665661573410034,0.7230803370475769,0.7103463411331177,0.2272013319576394
2234,0.872175395488739,0.7670809626579285,0.7206531167030334,0.7202735543251038,0.2693921227126589
2235,0.8748545050621033,0.767301619052887,0.7208737730979919,0.7156408429145813,0.24997478296579112
2236,0.874142587184906,0.7667132616043091,0.7166813611984253,0.7163026928901672,0.22853501097051987
2237,0.8693803548812866,0.765242338180542,0.7153574824333191,0.7178469300270081,0.19903349699778983
2238,0.8690017461776733,0.7666397094726562,0.7215357422828674,0.7156408429145813,0.15437225450888664
2239,0.8705332279205322,0.767816424369812,0.7195498943328857,0.7193911671638489,0.17308657178257056
2240,0.8702744245529175,0.7669338583946228,0.7175639867782593,0.7204941511154175,0.18845935733974606
2241,0.8708270788192749,0.7653894424438477,0.7155781388282776,0.7204941511154175,0.18660410294081883
2242,0.8708085417747498,0.7656100392341614,0.7155781388282776,0.7149790525436401,0.1662122793568771
2243,0.8712412118911743,0.7664190530776978,0.7180052995681763,0.7171850800514221,0.1759623645192111
2244,0.8698340058326721,0.7667132616043091,0.7146955132484436,0.7198323607444763,0.1841642682687407
2245,0.8736968636512756,0.7658306956291199,0.7182259559631348,0.7134348154067993,0.21085803742228343
2246,0.8729532361030579,0.7620798349380493,0.7171226739883423,0.7160820960998535,0.2681538317091494
2247,0.8710649013519287,0.7688460350036621,0.7230803370475769,0.7167438864707947,0.2619678436797362
2248,0.8736769556999207,0.7642126679420471,0.7180052995681763,0.7182881236076355,0.26504564049152424
2249,0.8754512071609497,0.7644333243370056,0.720432460308075,0.7110081911087036,0.26348991158527135
2250,0.8745482563972473,0.7653894424438477,0.7160194516181946,0.716523289680481,0.273744217736461
2251,0.8701474070549011,0.7659042477607727,0.7180052995681763,0.7167438864707947,0.20574973516092898
2252,0.872016966342926,0.7648745775222778,0.7213150858879089,0.7147584557533264,0.1755751745437798
2253,0.8705859780311584,0.7646539807319641,0.7157987952232361,0.7191705107688904,0.22954254652040837
2254,0.873970091342926,0.7656835913658142,0.720432460308075,0.7112287878990173,0.24743034056194113
2255,0.8684884905815125,0.7645068764686584,0.7184466123580933,0.7167438864707947,0.273957624004116
2256,0.8736022114753723,0.7658306956291199,0.7188879251480103,0.7134348154067993,0.25858587931987087
2257,0.8714644908905029,0.7656835913658142,0.7173433303833008,0.7151996493339539,0.21091868040814257
2258,0.8746982216835022,0.7656100392341614,0.7171226739883423,0.7182881236076355,0.16696710858012015
2259,0.8746256828308105,0.7675222158432007,0.7197705507278442,0.7129936218261719,0.211529460288207
2260,0.8719483017921448,0.7647275328636169,0.7153574824333191,0.7182881236076355,0.24657457862407978
2261,0.8751745223999023,0.7637714147567749,0.7135922312736511,0.7110081911087036,0.3260189542873293
2262,0.8831017017364502,0.7642126679420471,0.7124889492988586,0.7171850800514221,0.3846415974332215
2263,0.8721590042114258,0.7653158903121948,0.7180052995681763,0.7158614993095398,0.33493220617736164
2264,0.8684555292129517,0.7670809626579285,0.7208737730979919,0.7171850800514221,0.23705958597069762
2265,0.8746129274368286,0.7642862200737,0.7193292379379272,0.7191705107688904,0.21262578902535606
2266,0.8713117241859436,0.7634772062301636,0.7199912071228027,0.7094639539718628,0.2787560615554181
2267,0.873358428478241,0.7640656232833862,0.7146955132484436,0.7198323607444763,0.3359593380248733
2268,0.8754466772079468,0.765242338180542,0.7157987952232361,0.7103463411331177,0.3378184219778563
2269,0.8713256120681763,0.7610502243041992,0.709620475769043,0.7178469300270081,0.2914335691256021
2270,0.8759576678276062,0.7635507583618164,0.7195498943328857,0.7182881236076355,0.3470385283277459
2271,0.884425699710846,0.7661248445510864,0.7202118635177612,0.7140966057777405,0.2914998960628687
2272,0.881109893321991,0.7595057487487793,0.7138128876686096,0.7174056768417358,0.28563198170035586
2273,0.8827943801879883,0.764801025390625,0.7171226739883423,0.7147584557533264,0.41658550760133817
2274,0.8754993081092834,0.762226939201355,0.7182259559631348,0.7154202461242676,0.3731207188799896
2275,0.880385160446167,0.7639920711517334,0.7202118635177612,0.7156408429145813,0.3066681216772022
2276,0.8824746608734131,0.764801025390625,0.7188879251480103,0.7163026928901672,0.24398718177192694
2277,0.8753635883331299,0.7635507583618164,0.7157987952232361,0.7189499139785767,0.25410066185895636
2278,0.8751230835914612,0.7648745775222778,0.7199912071228027,0.7125524282455444,0.267217622187804
2279,0.8759833574295044,0.7630359530448914,0.7138128876686096,0.7171850800514221,0.2565178951882533
2280,0.875528872013092,0.7650952339172363,0.7202118635177612,0.7140966057777405,0.25258902592906396
2281,0.8732293844223022,0.770390510559082,0.7213150858879089,0.7213765978813171,0.20390609031596107
2282,0.8786013126373291,0.7633301615715027,0.7131509184837341,0.7158614993095398,0.229074702161671
2283,0.8719540238380432,0.7630359530448914,0.7177846431732178,0.7147584557533264,0.2688746752160942
2284,0.8704694509506226,0.7647275328636169,0.7142542004585266,0.72005295753479,0.222844488314823
2285,0.8737919330596924,0.7620798349380493,0.7173433303833008,0.7132142186164856,0.2567431116050047
2286,0.8729544281959534,0.7653158903121948,0.7173433303833008,0.7191705107688904,0.23625795361930846
2287,0.8684602379798889,0.767816424369812,0.7171226739883423,0.7196117639541626,0.1700844723528764
2288,0.8695669174194336,0.7656100392341614,0.7215357422828674,0.7160820960998535,0.20771941800620503
2289,0.8708271384239197,0.765757143497467,0.7171226739883423,0.7185087203979492,0.21350407184098752
2290,0.866176187992096,0.7665661573410034,0.7191085815429688,0.7163026928901672,0.20627085768394537
2291,0.8705074191093445,0.767301619052887,0.7129302620887756,0.7169644832611084,0.19278225935325777
2292,0.869536817073822,0.7666397094726562,0.7144748568534851,0.7176263332366943,0.1606627686416604
2293,0.8691065907478333,0.7664190530776978,0.7193292379379272,0.713655412197113,0.17230804010412806
2294,0.8714007139205933,0.7643597722053528,0.7166813611984253,0.7185087203979492,0.1981940144692279
2295,0.8738117814064026,0.7672280669212341,0.7166813611984253,0.7151996493339539,0.19276782030280312
2296,0.8719722032546997,0.7676693201065063,0.7162400484085083,0.7182881236076355,0.22477374771079053
2297,0.8695577383041382,0.7693608999252319,0.7219770550727844,0.7198323607444763,0.20050793903189218
2298,0.8692954182624817,0.7676693201065063,0.7215357422828674,0.7176263332366943,0.14336598663757752
2299,0.8735644221305847,0.7659777998924255,0.7180052995681763,0.7189499139785767,0.1938431493283
2300,0.8668037056922913,0.7675957679748535,0.7173433303833008,0.7163026928901672,0.19695268186189346
2301,0.8683407306671143,0.7683312296867371,0.7191085815429688,0.7178469300270081,0.16593471781580318
2302,0.866740882396698,0.767816424369812,0.7197705507278442,0.7196117639541626,0.15912840733828196
2303,0.8743503093719482,0.7679635286331177,0.7191085815429688,0.7189499139785767,0.19318005270366786
2304,0.8701305985450745,0.7647275328636169,0.7175639867782593,0.7196117639541626,0.18941669624284416
2305,0.8730508089065552,0.7650952339172363,0.7184466123580933,0.7185087203979492,0.1946158096984528
2306,0.8706350922584534,0.7684047818183899,0.7160194516181946,0.7224795818328857,0.18366716942113734
2307,0.8718962073326111,0.7649481296539307,0.7206531167030334,0.7132142186164856,0.20134347970507588
2308,0.8678172826766968,0.7676693201065063,0.7175639867782593,0.7211560010910034,0.20147385782671284
2309,0.8726078271865845,0.7669338583946228,0.7175639867782593,0.7213765978813171,0.1587694920824526
2310,0.871358335018158,0.7643597722053528,0.7184466123580933,0.7129936218261719,0.2007841469554785
2311,0.8715795278549194,0.7629624009132385,0.7107237577438354,0.7163026928901672,0.3353577981883326
2312,0.8786314725875854,0.7635507583618164,0.7166813611984253,0.7081403136253357,0.4370868039626457
2313,0.8758032321929932,0.7607560157775879,0.7155781388282776,0.7149790525436401,0.46939235018255354
2314,0.8739506006240845,0.7659042477607727,0.7195498943328857,0.7149790525436401,0.359502820283096
2315,0.8731566667556763,0.7665661573410034,0.7195498943328857,0.714317262172699,0.19380316899265906
2316,0.871328592300415,0.7631095051765442,0.7146955132484436,0.7176263332366943,0.24933943843164166
2317,0.8771865367889404,0.7629624009132385,0.7140335440635681,0.7118905782699585,0.3722269952956626
2318,0.8766694068908691,0.7621533870697021,0.7166813611984253,0.7145378589630127,0.40901823798417375
2319,0.8745061755180359,0.7638449668884277,0.7215357422828674,0.7169644832611084,0.319295078328609
2320,0.8693523406982422,0.7637714147567749,0.7175639867782593,0.7158614993095398,0.18715115848074157
2321,0.8778865337371826,0.7602412104606628,0.7140335440635681,0.7154202461242676,0.30052838008507543
2322,0.8791099190711975,0.7635507583618164,0.7173433303833008,0.7099051475524902,0.41975466024305447
2323,0.878448486328125,0.765242338180542,0.7169020175933838,0.7209353446960449,0.42246154971202554
2324,0.8761099576950073,0.7662719488143921,0.7213150858879089,0.7191705107688904,0.29928972614833343
2325,0.873864471912384,0.7645068764686584,0.720432460308075,0.7140966057777405,0.1672645603099663
2326,0.8735689520835876,0.7642126679420471,0.7127096056938171,0.7180675268173218,0.28454761240470494
2327,0.879000723361969,0.7645804286003113,0.7173433303833008,0.7110081911087036,0.37889849106260315
2328,0.8723772168159485,0.7642126679420471,0.7144748568534851,0.7202735543251038,0.36524907653242245
2329,0.8713719844818115,0.76686030626297,0.7193292379379272,0.7218177914619446,0.2660451402610233
2330,0.8686202764511108,0.7656100392341614,0.7195498943328857,0.7149790525436401,0.1754829150400842
2331,0.8761770129203796,0.7634036540985107,0.7149161696434021,0.7174056768417358,0.2802659825368418
2332,0.877201497554779,0.7655364871025085,0.7191085815429688,0.7134348154067993,0.350276430732713
2333,0.8719449043273926,0.7661983966827393,0.7188879251480103,0.7171850800514221,0.2823920359341661
2334,0.8750375509262085,0.7666397094726562,0.7151368260383606,0.714317262172699,0.21400812429901556
2335,0.8716542720794678,0.7623740434646606,0.7184466123580933,0.7129936218261719,0.212639842065851
2336,0.8693909049034119,0.7620063424110413,0.7149161696434021,0.7176263332366943,0.26744524355755067
2337,0.872143566608429,0.7636243104934692,0.7195498943328857,0.7156408429145813,0.29745402950710714
2338,0.8721102476119995,0.7658306956291199,0.7180052995681763,0.7149790525436401,0.22361608406831013
2339,0.8700966238975525,0.7642126679420471,0.7164607048034668,0.7185087203979492,0.18254297816084197
2340,0.8715084791183472,0.765242338180542,0.7191085815429688,0.7145378589630127,0.2074150105441068
2341,0.8719216585159302,0.7651687860488892,0.7173433303833008,0.7178469300270081,0.2224203125828689
2342,0.8693085312843323,0.7679635286331177,0.7173433303833008,0.7160820960998535,0.24196812213857302
2343,0.875396728515625,0.7639185190200806,0.7182259559631348,0.7182881236076355,0.21898594059673437
2344,0.8705041408538818,0.7654629349708557,0.7202118635177612,0.7185087203979492,0.17894905501193015
2345,0.8693628311157227,0.7684047818183899,0.7193292379379272,0.7171850800514221,0.16251896857105674
2346,0.871022641658783,0.7645804286003113,0.7162400484085083,0.7178469300270081,0.16364011673155104
2347,0.8716815114021301,0.767301619052887,0.7208737730979919,0.7154202461242676,0.21767300047152663
2348,0.8671895265579224,0.7686989903450012,0.7184466123580933,0.7209353446960449,0.20842157076949142
2349,0.8708942532539368,0.7667867541313171,0.7197705507278442,0.7180675268173218,0.1986428823176451
2350,0.8673565983772278,0.7655364871025085,0.7186672687530518,0.7202735543251038,0.224605724995722
2351,0.8720629215240479,0.7654629349708557,0.7171226739883423,0.7147584557533264,0.2076625739709871
2352,0.8703169226646423,0.7645068764686584,0.7153574824333191,0.7169644832611084,0.1643022470873397
2353,0.8690328001976013,0.7673751711845398,0.7197705507278442,0.7198323607444763,0.2150214759342487
2354,0.8684741258621216,0.7677428722381592,0.720432460308075,0.7191705107688904,0.1888926819566127
2355,0.8723223805427551,0.7664926052093506,0.7157987952232361,0.7174056768417358,0.18359663015194913
2356,0.8726488947868347,0.7653894424438477,0.7182259559631348,0.7176263332366943,0.21001536477724567
2357,0.870824933052063,0.7646539807319641,0.7177846431732178,0.7171850800514221,0.16577882181106626
2358,0.8682242631912231,0.7656100392341614,0.7151368260383606,0.7134348154067993,0.17739818204474572
2359,0.8668696284294128,0.7658306956291199,0.7166813611984253,0.7158614993095398,0.2027339141792963
2360,0.867638885974884,0.7676693201065063,0.7155781388282776,0.7160820960998535,0.17464308657756464
2361,0.8722509741783142,0.7661983966827393,0.7155781388282776,0.7160820960998535,0.18398074268610834
2362,0.8676429986953735,0.7645804286003113,0.7169020175933838,0.713655412197113,0.20418477850258263
2363,0.8660440444946289,0.7665661573410034,0.7182259559631348,0.7187293171882629,0.20782568067655316
2364,0.8690407872200012,0.767301619052887,0.7151368260383606,0.7182881236076355,0.19294983366214352
2365,0.8699644207954407,0.764801025390625,0.7160194516181946,0.7116699814796448,0.27217160838001864
2366,0.8740617632865906,0.7636978626251221,0.7171226739883423,0.7211560010910034,0.3379616263537349
2367,0.8754358291625977,0.7663455009460449,0.7213150858879089,0.7105669379234314,0.35701638572197714
2368,0.8747588396072388,0.7611973285675049,0.7142542004585266,0.7151996493339539,0.32439074963808434
2369,0.8694576621055603,0.7675957679748535,0.7250661849975586,0.7149790525436401,0.25190780422578607
2370,0.869621992111206,0.7685518860816956,0.7226390242576599,0.7176263332366943,0.1771758151156684
2371,0.8717348575592041,0.7648745775222778,0.7124889492988586,0.7158614993095398,0.16563027980056388
2372,0.8709286451339722,0.765757143497467,0.7195498943328857,0.7138760089874268,0.241798079958116
2373,0.8755908608436584,0.7665661573410034,0.7188879251480103,0.7193911671638489,0.2656653642336195
2374,0.8741876482963562,0.7637714147567749,0.7197705507278442,0.7090227603912354,0.2859690679237065
2375,0.8745602369308472,0.7647275328636169,0.7146955132484436,0.7189499139785767,0.2890324427574346
2376,0.8737292289733887,0.7678899765014648,0.7195498943328857,0.7174056768417358,0.20286210173849206
2377,0.8735770583152771,0.7670809626579285,0.7180052995681763,0.7116699814796448,0.17893009020281814
2378,0.8696573376655579,0.764801025390625,0.7166813611984253,0.7187293171882629,0.23299563895880004
2379,0.8747501969337463,0.7677428722381592,0.7177846431732178,0.7145378589630127,0.25342484239880486
2380,0.8741258978843689,0.7659777998924255,0.7149161696434021,0.7189499139785767,0.27208010971515556
2381,0.8757657408714294,0.7662719488143921,0.7221977114677429,0.714317262172699,0.22896368360983663
2382,0.8715881109237671,0.7685518860816956,0.7186672687530518,0.7218177914619446,0.19317130685826173
2383,0.8711186051368713,0.7666397094726562,0.7149161696434021,0.7160820960998535,0.19139857736379287
2384,0.8679510951042175,0.7636978626251221,0.7180052995681763,0.7107875943183899,0.17077393837684432
2385,0.8665764331817627,0.7661248445510864,0.7206531167030334,0.7176263332366943,0.20090613649781522
2386,0.872674286365509,0.7666397094726562,0.7215357422828674,0.7178469300270081,0.22211554666647343
2387,0.8755735158920288,0.7628888487815857,0.7146955132484436,0.7125524282455444,0.17041536081739728
2388,0.8713415861129761,0.762226939201355,0.7171226739883423,0.7140966057777405,0.2886877173400005
2389,0.8726720213890076,0.7661248445510864,0.7191085815429688,0.7160820960998535,0.26613692573812475
2390,0.8729820847511292,0.760608971118927,0.7116063833236694,0.7140966057777405,0.19293368672894393
2391,0.8807647228240967,0.7634772062301636,0.7175639867782593,0.7145378589630127,0.3635172921289779
2392,0.8764157295227051,0.7645804286003113,0.7166813611984253,0.7169644832611084,0.2618308797919189
2393,0.8727086186408997,0.7656835913658142,0.7116063833236694,0.7158614993095398,0.21656368835820114
2394,0.8776675462722778,0.7659777998924255,0.7215357422828674,0.7163026928901672,0.3147036997742885
2395,0.8720176815986633,0.7645804286003113,0.7146955132484436,0.7178469300270081,0.2337620410699307
2396,0.87355637550354,0.7656835913658142,0.7173433303833008,0.7169644832611084,0.2449746524797797
2397,0.8753242492675781,0.7667867541313171,0.7173433303833008,0.7198323607444763,0.23217908738398668
2398,0.872485876083374,0.7642862200737,0.7166813611984253,0.7180675268173218,0.16716486706446979
2399,0.8696326017379761,0.7649481296539307,0.7173433303833008,0.7174056768417358,0.19603627014972902
2400,0.8697159290313721,0.7661983966827393,0.7173433303833008,0.7163026928901672,0.180708819334513
