epoch,loss,train_acc,val_acc,test_acc,gradient_norm
1,2.899069309234619,0.13826578855514526,0.138128861784935,0.1383190006017685,0.21415524463233604
2,2.846066474914551,0.18040743470191956,0.18468667566776276,0.1886168122291565,0.20570391454123677
3,2.7782034873962402,0.10818562656641006,0.10767872631549835,0.1131700873374939,0.19702786813584156
4,2.693765640258789,0.18165771663188934,0.18446601927280426,0.17913082242012024,0.22566316080672708
5,2.581313371658325,0.1656983196735382,0.16924095153808594,0.1698654294013977,0.18097971347932099
6,2.5032081604003906,0.1876884549856186,0.1888790875673294,0.1899404376745224,0.15450620958444883
7,2.4423322677612305,0.1898212879896164,0.19461606442928314,0.1899404376745224,0.1239885733497115
8,2.3994531631469727,0.19291019439697266,0.19969108700752258,0.1950143426656723,0.10621363450067534
9,2.35927414894104,0.2167389839887619,0.2246248871088028,0.22192808985710144,0.09285843292390429
10,2.3231306076049805,0.25608590245246887,0.26147395372390747,0.2669313848018646,0.09285801254634979
11,2.2859957218170166,0.28035596013069153,0.28684908151626587,0.29009485244750977,0.09450917978217875
12,2.251331090927124,0.30602338910102844,0.3100176453590393,0.3132583200931549,0.1048638254422153
13,2.214442253112793,0.3275722563266754,0.33406883478164673,0.33377453684806824,0.10425773580884923
14,2.176464080810547,0.3438993990421295,0.34995588660240173,0.35671740770339966,0.10888920871893093
15,2.143702983856201,0.3611826002597809,0.36694616079330444,0.3688506484031677,0.12164807653254064
16,2.1091115474700928,0.37044936418533325,0.37422770261764526,0.37701302766799927,0.11532498714747963
17,2.0772669315338135,0.38251084089279175,0.3876875638961792,0.3860577940940857,0.11516252185075607
18,2.0467851161956787,0.3904537856578827,0.40070608258247375,0.39554378390312195,0.11743536766845841
19,2.0150814056396484,0.3958226144313812,0.40136805176734924,0.3964262008666992,0.11067169272708297
20,1.9856876134872437,0.40288299322128296,0.40953221917152405,0.4023825228214264,0.11194736524786358
21,1.952676773071289,0.41200265288352966,0.4150485396385193,0.40833884477615356,0.10497305327176885
22,1.9278115034103394,0.4141354560852051,0.41902029514312744,0.4125303328037262,0.1190572453235568
23,1.8978551626205444,0.4208281338214874,0.42718446254730225,0.4178248345851898,0.1082735033883608
24,1.8726307153701782,0.4298742413520813,0.4320388436317444,0.42488420009613037,0.11370761612998681
25,1.8447248935699463,0.4368610680103302,0.4415269196033478,0.43084052205085754,0.10542401721361788
26,1.8176997900009155,0.45267337560653687,0.4565313458442688,0.4487094581127167,0.09947568653362396
27,1.7922173738479614,0.4696624279022217,0.4721977114677429,0.46459299325942993,0.10526994166548197
28,1.7594623565673828,0.47657570242881775,0.47837600111961365,0.47496140003204346,0.1002685628844103
29,1.7451303005218506,0.4756931662559509,0.4825684130191803,0.4718729257583618,0.14312660615083772
30,1.7282640933990479,0.48312127590179443,0.4889673590660095,0.4804764986038208,0.15656364443109802
31,1.6885672807693481,0.4830477237701416,0.4898499548435211,0.486432820558548,0.10703046579904915
32,1.6898281574249268,0.48547473549842834,0.4889673590660095,0.4820207357406616,0.17500512531571316
33,1.6615267992019653,0.491064190864563,0.4933803975582123,0.48753586411476135,0.13591832790592673
34,1.635155200958252,0.4979039430618286,0.4988967478275299,0.49525701999664307,0.12290773402227895
35,1.6158641576766968,0.5051113963127136,0.5059576630592346,0.500330924987793,0.14423031917739018
36,1.59641432762146,0.5065823197364807,0.5068402290344238,0.5029781460762024,0.10688897046482458
37,1.5771392583847046,0.5098183155059814,0.5099294185638428,0.5100374817848206,0.12002297291058221
38,1.5681617259979248,0.5099654197692871,0.510811984539032,0.50672847032547,0.12729052140316263
39,1.5382733345031738,0.5145252346992493,0.5136805176734924,0.5069490671157837,0.10183199402722143
40,1.532029390335083,0.5230565667152405,0.5251544713973999,0.5208471417427063,0.1374636778003822
41,1.5060981512069702,0.5208501815795898,0.5255957841873169,0.5197440981864929,0.1147483637133784
42,1.5030227899551392,0.5197470188140869,0.5209620594978333,0.5111405253410339,0.1627131091497949
43,1.4944361448287964,0.5234978199005127,0.5207414031028748,0.5122435688972473,0.17379800827442587
44,1.468246340751648,0.5249687433242798,0.5249338150024414,0.5206265449523926,0.1248615150160439
45,1.4729806184768677,0.5272486805915833,0.5278022885322571,0.5217295289039612,0.2060516225696509
46,1.4484610557556152,0.5227623581886292,0.5220653414726257,0.5181998610496521,0.11915747946395211
47,1.4536786079406738,0.5301904678344727,0.5291262269020081,0.5226119756698608,0.21379685912597757
48,1.438743233680725,0.5268809199333191,0.5258164405822754,0.5208471417427063,0.1528848071922756
49,1.4498536586761475,0.5481356382369995,0.5447925925254822,0.5351864099502563,0.38342695919431075
50,1.4698677062988281,0.5489445924758911,0.5505295991897583,0.5413633584976196,0.28061199736466713
51,1.4588344097137451,0.5476207733154297,0.5419241189956665,0.5393779277801514,0.31951675951632985
52,1.4280961751937866,0.543281614780426,0.5386143326759338,0.5336421728134155,0.19867506238988797
53,1.4175970554351807,0.5452673435211182,0.542144775390625,0.5327597856521606,0.14896718997290878
54,1.4070627689361572,0.5763036012649536,0.5732568502426147,0.5687183141708374,0.14914780427817043
55,1.3943488597869873,0.5824078917503357,0.5703883767127991,0.574012815952301,0.14717714377045313
56,1.3848180770874023,0.5834375023841858,0.5703883767127991,0.5711449384689331,0.14990748616416402
57,1.3726376295089722,0.5823343396186829,0.5717122554779053,0.5729097723960876,0.11580485141529966
58,1.3619539737701416,0.5806427597999573,0.5743601322174072,0.5746746063232422,0.115997359615284
59,1.3553026914596558,0.58226078748703,0.5774492621421814,0.5755570530891418,0.1578691318559822
60,1.3384660482406616,0.5925571918487549,0.5847308039665222,0.5828369855880737,0.11739362789926965
61,1.3357049226760864,0.6057218313217163,0.5953221321105957,0.5958526730537415,0.12383203116733466
62,1.3195586204528809,0.6082223653793335,0.5977493524551392,0.5971762537956238,0.11233355155117976
63,1.2982136011123657,0.6082959175109863,0.5997352004051208,0.5987204909324646,0.12880818428035634
64,1.2875590324401855,0.6469809412956238,0.6409973502159119,0.6397529244422913,0.1261226241405256
65,1.2804516553878784,0.6552180647850037,0.646293044090271,0.646371066570282,0.11089463766179102
66,1.2728403806686401,0.6663234233856201,0.6641659140586853,0.6580631136894226,0.17403841299761408
67,1.2569010257720947,0.6781643033027649,0.6707855463027954,0.6688727140426636,0.16472815123429058
68,1.2470186948776245,0.6862543225288391,0.6769638061523438,0.6816678047180176,0.13648019557005922
69,1.2244739532470703,0.7067000269889832,0.6943954229354858,0.6915949583053589,0.16142467613355838
70,1.218984842300415,0.7129513621330261,0.697043240070343,0.6940216422080994,0.15996124590098032
71,1.1955344676971436,0.7227329611778259,0.708296537399292,0.7054930329322815,0.11646311222910136
72,1.1847004890441895,0.7253805994987488,0.7129302620887756,0.7107875943183899,0.14685427384808067
73,1.1672223806381226,0.7256747484207153,0.7131509184837341,0.7107875943183899,0.16535870751726903
74,1.149910807609558,0.733985424041748,0.7142542004585266,0.7149790525436401,0.14409765118851844
75,1.1357052326202393,0.7260425090789795,0.7135922312736511,0.7088021039962769,0.16679348124172236
76,1.1278730630874634,0.7214826941490173,0.7069726586341858,0.7048312425613403,0.219768877855665
77,1.1236377954483032,0.7581819295883179,0.7409532070159912,0.7319656014442444,0.220595911873571
78,1.0957858562469482,0.7475913763046265,0.7334510087966919,0.7253474593162537,0.18790807514710986
79,1.0785102844238281,0.7350150942802429,0.7210944294929504,0.7145378589630127,0.24084685213995055
80,1.1129509210586548,0.7316319942474365,0.7164607048034668,0.7154202461242676,0.5031511389796168
81,1.146545648574829,0.6896374225616455,0.6747573018074036,0.673505425453186,0.7200485088736192
82,1.260549545288086,0.6905199885368347,0.6716681718826294,0.6743878126144409,0.6462492210806751
83,1.2177730798721313,0.6974332332611084,0.6815975308418274,0.6812265515327454,0.29210589540773524
84,1.2030051946640015,0.7006692290306091,0.6890997290611267,0.6851974725723267,0.2705581726074094
85,1.1669083833694458,0.7243509292602539,0.710944414138794,0.701522171497345,0.2681289116410841
86,1.1554263830184937,0.7256012558937073,0.7093998193740845,0.7041694521903992,0.27421258242493446
87,1.126749038696289,0.7300139665603638,0.7135922312736511,0.7083609104156494,0.18700299837159617
88,1.1091126203536987,0.7314848899841309,0.7157987952232361,0.7132142186164856,0.18557645019307642
89,1.096619725227356,0.7338383197784424,0.7162400484085083,0.7158614993095398,0.15350926333118886
90,1.069990634918213,0.7484739422798157,0.7305825352668762,0.7273328900337219,0.14381457316066612
91,1.0679621696472168,0.7648745775222778,0.7488967180252075,0.7377012968063354,0.16855394100025034
92,1.041312336921692,0.7632566094398499,0.7431597709655762,0.7434370517730713,0.141220092773444
93,1.0274327993392944,0.7597264051437378,0.7413945198059082,0.7403485774993896,0.16230238220406373
94,1.0120617151260376,0.780098557472229,0.7610326409339905,0.7542466521263123,0.13671961500967691
95,0.9940736889839172,0.7840700149536133,0.7610326409339905,0.7582175135612488,0.15033533181760866
96,0.9852612614631653,0.7851731777191162,0.7650043964385986,0.7564526796340942,0.13828023116303148
97,0.9602475762367249,0.7922335863113403,0.7714033722877502,0.7657181024551392,0.13433649245068643
98,0.9459487795829773,0.7951753735542297,0.7760370969772339,0.771674394607544,0.11374372597153656
99,0.9427672624588013,0.7978965640068054,0.7822153568267822,0.7738804221153259,0.13378473358826135
100,0.9182206392288208,0.7993674874305725,0.7837599515914917,0.7736598253250122,0.11996931263544011
101,0.9036517143249512,0.8091490864753723,0.7842012643814087,0.778071939945221,0.14569220769069832
102,0.891252338886261,0.8110612630844116,0.7842012643814087,0.7789543271064758,0.1277773807915293
103,0.8965725302696228,0.8091490864753723,0.789496898651123,0.7802779674530029,0.16120060479909445
104,0.879316508769989,0.8120173215866089,0.790820837020874,0.7851312756538391,0.1410079242246199
105,0.8660752773284912,0.8151062726974487,0.791703462600708,0.7877784967422485,0.11640014329896663
106,0.8670207858085632,0.8180480599403381,0.7934686541557312,0.7915288209915161,0.14069645428295793
107,0.8468484878540039,0.8240788578987122,0.7950132489204407,0.7919700145721436,0.11629132731740538
108,0.8451170325279236,0.8258439302444458,0.7963371872901917,0.7913082242012024,0.12657326420778944
109,0.8371208310127258,0.8251820206642151,0.7985436916351318,0.7961614727973938,0.14255713532255898
110,0.8298317790031433,0.8270206451416016,0.801632821559906,0.7977057099342346,0.1283511905591713
111,0.8106968402862549,0.8276825547218323,0.80251544713974,0.7957202792167664,0.13630581835910713
112,0.8130859732627869,0.8234169483184814,0.7992056608200073,0.794617235660553,0.14132630765711804
113,0.8105900883674622,0.8297418355941772,0.8045013546943665,0.8023384213447571,0.16715470561906945
114,0.7960875630378723,0.8340810537338257,0.8093556761741638,0.803220808506012,0.16255318850527664
115,0.7829931378364563,0.8345223069190979,0.8091350197792053,0.8054268956184387,0.15592150397161503
116,0.7823978662490845,0.8340810537338257,0.8089144229888916,0.8069711327552795,0.1381241945379785
117,0.7747983932495117,0.8374641537666321,0.8078111410140991,0.8067505359649658,0.1548666287416297
118,0.7644262313842773,0.8387144207954407,0.8102383017539978,0.8071917295455933,0.15224968374246242
119,0.7631133794784546,0.8362873792648315,0.8056045770645142,0.7994705438613892,0.20173539704643748
120,0.7604362964630127,0.8363609313964844,0.8051632642745972,0.8014559745788574,0.1742510525323694
121,0.7541018724441528,0.8400382399559021,0.8097969889640808,0.8049856424331665,0.16906489515024442
122,0.7508689761161804,0.8435684442520142,0.8120035529136658,0.805206298828125,0.20042257714899436
123,0.7339410781860352,0.84062659740448,0.8100176453590393,0.7990293502807617,0.18410764567073443
124,0.7529155611991882,0.8402588963508606,0.8091350197792053,0.8063092827796936,0.27509333326486796
125,0.7461795210838318,0.8323894739151001,0.7976610660552979,0.7970439195632935,0.30764729063015944
126,0.7784124612808228,0.8360667824745178,0.8062665462493896,0.7992499470710754,0.3608886447170277
127,0.7359570860862732,0.8379054069519043,0.8104589581489563,0.8034414649009705,0.24752855142128108
128,0.7705916166305542,0.8135617971420288,0.7864077687263489,0.7820428013801575,0.6227045264492577
129,0.8515685200691223,0.8049569725990295,0.7740511894226074,0.7683653235435486,0.5781331649983843
130,0.9060335159301758,0.8213576674461365,0.7888349294662476,0.787999153137207,0.59930312199996
131,0.8184888958930969,0.8389350771903992,0.8084731101989746,0.8041032552719116,0.5074106334497998
132,0.786802351474762,0.8284180164337158,0.8027361035346985,0.7979263067245483,0.42409104997136776
133,0.7679513096809387,0.8337868452072144,0.8040600419044495,0.8043238520622253,0.3088001950068106
134,0.7709447145462036,0.8345223069190979,0.802956759929657,0.8076329231262207,0.2533619791032608
135,0.7576990127563477,0.8519526124000549,0.8254633545875549,0.819545567035675,0.2871283828799591
136,0.7233898639678955,0.8543796539306641,0.8259046673774719,0.8210898041725159,0.21925985773343187
137,0.7245745658874512,0.8640140891075134,0.8358340859413147,0.8268254995346069,0.30881778176623315
138,0.7039616107940674,0.8592336177825928,0.8331862688064575,0.8250606656074524,0.1940372235121313
139,0.7100222110748291,0.8685004115104675,0.8448808789253235,0.8352084755897522,0.22750222787716148
140,0.680299699306488,0.8711480498313904,0.843777596950531,0.8343260884284973,0.20489713641736507
141,0.6729097962379456,0.8700448274612427,0.8444395661354065,0.8396205902099609,0.2086906770248127
142,0.6668834686279297,0.8758549690246582,0.842894971370697,0.8405029773712158,0.23383027586016392
143,0.6534267067909241,0.8817386031150818,0.8457634449005127,0.8433708548545837,0.2404450746705492
144,0.6405590176582336,0.880047082901001,0.8492939472198486,0.8420472145080566,0.1682729762551832
145,0.636832058429718,0.8815914988517761,0.8512797951698303,0.8446944952011108,0.20789907405555844
146,0.6179261207580566,0.8773994445800781,0.8479700088500977,0.8422678112983704,0.1487293000638782
147,0.6199377179145813,0.8875486850738525,0.8578993678092957,0.8495477437973022,0.1852326807280936
148,0.6025469899177551,0.888210654258728,0.8578993678092957,0.851753830909729,0.15574181793552258
149,0.5933481454849243,0.8864455223083496,0.8519417643547058,0.8508713841438293,0.15289101004408065
150,0.5880930423736572,0.8878428936004639,0.8528243899345398,0.8495477437973022,0.15217169511325054
151,0.5775675773620605,0.8904169797897339,0.85503089427948,0.8510919809341431,0.13574521277722654
152,0.5674402117729187,0.8876222372055054,0.853706955909729,0.8497684001922607,0.1440620717316747
153,0.5635575652122498,0.8943148851394653,0.8592233061790466,0.8559452891349792,0.14150594466275762
154,0.5634065270423889,0.9022578597068787,0.8616504669189453,0.8643282651901245,0.16114145042646666
155,0.5519229173660278,0.9071118235588074,0.8684907555580139,0.8680785298347473,0.14385383228759116
156,0.5479593873023987,0.9060086607933044,0.8704766035079956,0.8665342926979065,0.1543453719549477
157,0.5401820540428162,0.9096124172210693,0.8740070462226868,0.8707258105278015,0.14576861241995429
158,0.5349035263061523,0.9124071598052979,0.8766549229621887,0.872490644454956,0.1574762050227587
159,0.5353475213050842,0.9179230332374573,0.8777581453323364,0.8780057430267334,0.1732003946614047
160,0.52655029296875,0.9152753949165344,0.8759929537773132,0.8762409090995789,0.14998798023986568
161,0.5243213176727295,0.9119658470153809,0.873345136642456,0.8749172687530518,0.180903005621846
162,0.5163090229034424,0.9171876311302185,0.8773168921470642,0.8797705769538879,0.18068171588892443
163,0.5112550854682922,0.9165992140769958,0.8779788017272949,0.8777851462364197,0.18736324378951189
164,0.5142483115196228,0.9121129512786865,0.8735657334327698,0.875358521938324,0.1966054368996959
165,0.5035580992698669,0.9151283502578735,0.8757722973823547,0.8740348815917969,0.2601652063565778
166,0.5014247298240662,0.9171876311302185,0.8781994581222534,0.8786675333976746,0.2675075665437329
167,0.5029626488685608,0.9183643460273743,0.8795233964920044,0.8795499801635742,0.2218691733779621
168,0.5110509395599365,0.9177759885787964,0.8773168921470642,0.8788881897926331,0.24220465405389657
169,0.5074112415313721,0.9167463183403015,0.8755516409873962,0.8766821026802063,0.28120778706821936
170,0.49636152386665344,0.9205707311630249,0.8799647092819214,0.8771233558654785,0.24637302234057223
171,0.48297959566116333,0.9178495407104492,0.8804060220718384,0.875358521938324,0.19658422289139907
172,0.5042573809623718,0.9193204045295715,0.8826125264167786,0.8780057430267334,0.30662055285858203
173,0.4959504008293152,0.9207177758216858,0.8786407709121704,0.8806530237197876,0.3190911501160705
174,0.49505361914634705,0.920644223690033,0.8790820837020874,0.8773439526557922,0.2900993789133891
175,0.4854578375816345,0.9168198704719543,0.8740070462226868,0.8720494508743286,0.27486047110361383
176,0.5102668404579163,0.9213061332702637,0.8815093040466309,0.8782263398170471,0.36328322395787543
177,0.48424458503723145,0.9089505076408386,0.8676081299781799,0.8652107119560242,0.2819613417367193
178,0.5051459670066833,0.9175553321838379,0.8746690154075623,0.8757997155189514,0.2760355136720032
179,0.46872809529304504,0.9218945503234863,0.8775375485420227,0.8828590512275696,0.22654312669871504
180,0.5120306015014648,0.8993160128593445,0.8592233061790466,0.8557246923446655,0.4714981717944027
181,0.5193161368370056,0.918584942817688,0.8823918700218201,0.8786675333976746,0.4339662259021248
182,0.5125717520713806,0.9237331748008728,0.8863636255264282,0.8830796480178833,0.4013975959562538
183,0.48162275552749634,0.9084357023239136,0.8704766035079956,0.8627840280532837,0.2562455426922854
184,0.5155459046363831,0.9104214310646057,0.8669461607933044,0.8680785298347473,0.5405728441930607
185,0.561669111251831,0.8990218043327332,0.8596646189689636,0.8588131666183472,0.670418929492732
186,0.5414260625839233,0.9095388650894165,0.8748896718025208,0.8713876008987427,0.39604243883075585
187,0.5112655758857727,0.9130690693855286,0.8729038238525391,0.8707258105278015,0.34152044374716906
188,0.5195082426071167,0.9187320470809937,0.8801853656768799,0.8786675333976746,0.3722257632791133
189,0.5057149529457092,0.928292989730835,0.8887908458709717,0.8885947465896606,0.29630880042557334
190,0.4951897859573364,0.9321173429489136,0.8907766938209534,0.8914626240730286,0.26643923676238873
191,0.4912412464618683,0.9291020035743713,0.8890115022659302,0.8910214304924011,0.23136588303745728
192,0.4708069860935211,0.9310877323150635,0.8921006321907043,0.8938892483711243,0.23188658143719026
193,0.46743330359458923,0.9328528046607971,0.8943071365356445,0.898301362991333,0.21532120908576466
194,0.4659181237220764,0.9339560270309448,0.8934245705604553,0.8976395726203918,0.234857276531937
195,0.46591806411743164,0.9360153079032898,0.897616982460022,0.8963159322738647,0.2198848711377529
196,0.44916656613349915,0.9371184706687927,0.8965137004852295,0.8985219597816467,0.17672872238097215
197,0.45846933126449585,0.9382216334342957,0.8989408612251282,0.9000661969184875,0.24139136889818275
198,0.4411377012729645,0.9383687376976013,0.9009267687797546,0.9013898372650146,0.18637249678675852
199,0.4358038604259491,0.9374861717224121,0.8998234868049622,0.9016104340553284,0.19394715073035415
200,0.4423271119594574,0.9376332759857178,0.9002647995948792,0.9016104340553284,0.25470151117590495
201,0.4356344938278198,0.9399132132530212,0.8978375792503357,0.9011692404747009,0.20753106130797921
202,0.4327350854873657,0.9410163760185242,0.8969550132751465,0.8991837501525879,0.21856228280415899
203,0.4271821081638336,0.9418253898620605,0.8973963260650635,0.9024928212165833,0.20458330281808204
204,0.4302414655685425,0.9424872994422913,0.8987202048301697,0.8987425565719604,0.21420301394439403
205,0.42357370257377625,0.9424872994422913,0.9009267687797546,0.898301362991333,0.23378740139556364
206,0.4243936240673065,0.943664014339447,0.8991615176200867,0.9007279872894287,0.21964571962353813
207,0.42355599999427795,0.9433698654174805,0.9013680815696716,0.9033752679824829,0.22072099671925915
208,0.4136126935482025,0.9422666430473328,0.8993821740150452,0.8996250033378601,0.19497057358748623
209,0.40727362036705017,0.9435169696807861,0.9000441431999207,0.9013898372650146,0.18387427554128402
210,0.41127753257751465,0.9440317749977112,0.8996028304100037,0.8985219597816467,0.19376703681507415
211,0.40732628107070923,0.9441788792610168,0.9029126167297363,0.9002867937088013,0.1687624809752751
212,0.412202388048172,0.9459439516067505,0.906663715839386,0.902713418006897,0.20536131436477667
213,0.4052296578884125,0.9448407888412476,0.906222403049469,0.9020516276359558,0.1843768912325841
214,0.4075794219970703,0.9457968473434448,0.9051191806793213,0.9029340744018555,0.18834868736664964
215,0.3903742730617523,0.9449878334999084,0.9018093347549438,0.902713418006897,0.1588939958617124
216,0.39520204067230225,0.9459439516067505,0.9026919603347778,0.9040370583534241,0.1780001441536971
217,0.3968104124069214,0.9469000697135925,0.9051191806793213,0.9058018922805786,0.18808002168620988
218,0.38941964507102966,0.9475619792938232,0.9044572114944458,0.90469890832901,0.16738804534001475
219,0.3906799554824829,0.948297381401062,0.9007061123847961,0.9040370583534241,0.20061223617099005
220,0.39197614789009094,0.9489592909812927,0.9011474251747131,0.9044783115386963,0.21205198854787272
221,0.3937858045101166,0.948223888874054,0.9068843722343445,0.9051401019096375,0.20524222010221202
222,0.38646334409713745,0.9463852047920227,0.9022506475448608,0.9033752679824829,0.21517236280113303
223,0.3894555866718292,0.9494006037712097,0.906222403049469,0.9062431454658508,0.22557109197158637
224,0.387010782957077,0.9476354718208313,0.9068843722343445,0.9031546711921692,0.1672486059592168
225,0.3960517346858978,0.9434434175491333,0.8982788920402527,0.8963159322738647,0.2830376933954921
226,0.4179299771785736,0.9442523717880249,0.897616982460022,0.8987425565719604,0.38278949104134413
227,0.4077596366405487,0.9383687376976013,0.8960723876953125,0.8943305015563965,0.438538078723959
228,0.41531914472579956,0.9463116526603699,0.9015887379646301,0.9009485840797424,0.386137609977814
229,0.3970053791999817,0.9411634802818298,0.8969550132751465,0.8991837501525879,0.217350679065774
230,0.4107300639152527,0.9437375664710999,0.9022506475448608,0.9018310308456421,0.30797376362003237
231,0.39638400077819824,0.9439582228660583,0.9015887379646301,0.9013898372650146,0.27335148306166335
232,0.4053817093372345,0.9464587569236755,0.9033539295196533,0.9058018922805786,0.24029195557520414
233,0.3954162299633026,0.9458703994750977,0.9004854559898376,0.9049195051193237,0.24384943126187095
234,0.40587565302848816,0.9473413228988647,0.9035745859146118,0.9031546711921692,0.31470722489953007
235,0.39234060049057007,0.9453555941581726,0.9055604934692383,0.9029340744018555,0.29381771963030967
236,0.3942563235759735,0.9469000697135925,0.9064430594444275,0.9035958647727966,0.22611880710770968
237,0.3850754499435425,0.9474884271621704,0.906222403049469,0.9044783115386963,0.20590944525831253
238,0.3938714861869812,0.9474148750305176,0.9033539295196533,0.9020516276359558,0.23902559526152292
239,0.4004673361778259,0.9474884271621704,0.9011474251747131,0.9051401019096375,0.2667788691142538
240,0.3808048665523529,0.9479296803474426,0.9031332731246948,0.902713418006897,0.2139989826350521
241,0.38214659690856934,0.9476354718208313,0.90754634141922,0.9049195051193237,0.22552098013044974
242,0.39406558871269226,0.9471942186355591,0.9057811498641968,0.9049195051193237,0.25868631549411125
243,0.382661372423172,0.9470471143722534,0.9051191806793213,0.9042576551437378,0.21395349441723158
244,0.38596850633621216,0.943664014339447,0.9000441431999207,0.8969777226448059,0.2693905172778583
245,0.3962230086326599,0.9491063952445984,0.9015887379646301,0.900507390499115,0.2780589257907083
246,0.39153170585632324,0.9463852047920227,0.9037952423095703,0.9018310308456421,0.26306185532868204
247,0.40291187167167664,0.946679413318634,0.9026919603347778,0.9031546711921692,0.36753721245288595
248,0.3854028880596161,0.9464587569236755,0.8984995484352112,0.9040370583534241,0.2362220576074886
249,0.38328444957733154,0.9451349377632141,0.8993821740150452,0.9040370583534241,0.25060527260303406
250,0.4055711328983307,0.9400603175163269,0.8973963260650635,0.8976395726203918,0.4072270968331409
251,0.41044461727142334,0.9474148750305176,0.9011474251747131,0.9029340744018555,0.3994328726053161
252,0.3920072615146637,0.9435169696807861,0.897175669670105,0.9007279872894287,0.2405573098294478
253,0.39666134119033813,0.9460910558700562,0.9011474251747131,0.8989631533622742,0.3856064122530935
254,0.39492520689964294,0.9480767846107483,0.9000441431999207,0.9029340744018555,0.30517098520802466
255,0.39843448996543884,0.9483709335327148,0.9020299911499023,0.902713418006897,0.27843546811749753
256,0.38681313395500183,0.9476354718208313,0.9026919603347778,0.9016104340553284,0.24967082158154694
257,0.39280739426612854,0.9460910558700562,0.9029126167297363,0.9016104340553284,0.27920522467269954
258,0.3942468762397766,0.9479296803474426,0.8987202048301697,0.9020516276359558,0.2499656506237671
259,0.3823748230934143,0.9463116526603699,0.8973963260650635,0.902713418006897,0.22594903232640923
260,0.3856634199619293,0.9488857984542847,0.9042365550994873,0.9033752679824829,0.26885425924962736
261,0.38257700204849243,0.9467529654502869,0.9007061123847961,0.8989631533622742,0.22824477068754917
262,0.38718515634536743,0.9488122463226318,0.9051191806793213,0.9035958647727966,0.2615579610326091
263,0.37999075651168823,0.9479296803474426,0.9044572114944458,0.9058018922805786,0.2495766418217938
264,0.3678053915500641,0.9466058611869812,0.9022506475448608,0.9035958647727966,0.18924721189381455
265,0.38368478417396545,0.9490328431129456,0.9064430594444275,0.9058018922805786,0.21146738931952708
266,0.3697516918182373,0.9491799473762512,0.9048985242843628,0.906904935836792,0.17026685598193714
267,0.36860746145248413,0.9514598846435547,0.9033539295196533,0.9035958647727966,0.2190583231130755
268,0.3696788251399994,0.9507244229316711,0.9009267687797546,0.90469890832901,0.20855478428672428
269,0.3662666082382202,0.949253499507904,0.9009267687797546,0.9062431454658508,0.21919788727590692
270,0.38052576780319214,0.9506508708000183,0.906222403049469,0.9064637422561646,0.22551088625104493
271,0.3622816801071167,0.9496212005615234,0.9073256850242615,0.9071255326271057,0.208921705402432
272,0.3730708658695221,0.9498418569564819,0.9051191806793213,0.9042576551437378,0.2091562924281569
273,0.3758266568183899,0.9502831101417542,0.9048985242843628,0.9053606986999512,0.20795864315807897
274,0.35604575276374817,0.9507244229316711,0.8991615176200867,0.9075667262077332,0.20390287298782275
275,0.3741568922996521,0.9464587569236755,0.89496910572052,0.9007279872894287,0.278705309728845
276,0.3825220465660095,0.9496212005615234,0.9033539295196533,0.9055812954902649,0.3242029415920852
277,0.3687146008014679,0.9510921239852905,0.9037952423095703,0.9088903665542603,0.2976448418879744
278,0.364359050989151,0.9501360654830933,0.9013680815696716,0.9073461294174194,0.223695398404359
279,0.3772111237049103,0.9516804814338684,0.9020299911499023,0.9051401019096375,0.3259407411325868
280,0.3750569224357605,0.9521217942237854,0.9073256850242615,0.9066843390464783,0.23524811813356367
281,0.36731261014938354,0.9501360654830933,0.908428966999054,0.9051401019096375,0.256981610429761
282,0.3762839734554291,0.9509450793266296,0.9077669978141785,0.9088903665542603,0.27603569043388326
283,0.3494923710823059,0.9476354718208313,0.8980582356452942,0.9064637422561646,0.16771163163167416
284,0.3710031807422638,0.9485180377960205,0.9077669978141785,0.9099934101104736,0.2766228598972233
285,0.35541611909866333,0.9481503367424011,0.9082083106040955,0.9064637422561646,0.18630870903509641
286,0.3690643608570099,0.9512392282485962,0.9104148149490356,0.9077873229980469,0.24278264629811686
287,0.3623364567756653,0.9496212005615234,0.8996028304100037,0.90469890832901,0.21023167652061048
288,0.3711787760257721,0.9510921239852905,0.9046778678894043,0.90469890832901,0.24996084411805133
289,0.3566763699054718,0.9516804814338684,0.9090909361839294,0.9058018922805786,0.1956194362397582
290,0.3648378551006317,0.9516804814338684,0.9068843722343445,0.9086697697639465,0.2403934258480558
291,0.3730278015136719,0.9496947526931763,0.9015887379646301,0.9077873229980469,0.25667156980019407
292,0.36463043093681335,0.9516069889068604,0.906222403049469,0.9088903665542603,0.21200550233987808
293,0.356317400932312,0.9515334367752075,0.9073256850242615,0.9113170504570007,0.19843048266686125
294,0.3685116767883301,0.9499889612197876,0.9068843722343445,0.9077873229980469,0.29946989307426697
295,0.3759360611438751,0.9534456133842468,0.908428966999054,0.9110963940620422,0.29249276590487827
296,0.34851452708244324,0.9490328431129456,0.9057811498641968,0.9080079793930054,0.19592630706025388
297,0.37312331795692444,0.9473413228988647,0.9060017466545105,0.9040370583534241,0.38625105314781255
298,0.385058730840683,0.9497683048248291,0.9015887379646301,0.9066843390464783,0.3300716390956586
299,0.3773362338542938,0.9530043005943298,0.9057811498641968,0.9066843390464783,0.2530017221415719
300,0.3619278371334076,0.9516069889068604,0.9055604934692383,0.8996250033378601,0.2394751171061514
301,0.37466251850128174,0.9525630474090576,0.9077669978141785,0.9088903665542603,0.2994559161355924
302,0.3531387150287628,0.948223888874054,0.9015887379646301,0.9066843390464783,0.19682803400342977
303,0.3847672641277313,0.9508715271949768,0.9040158987045288,0.9084491729736328,0.26993620618979675
304,0.36478930711746216,0.9524894952774048,0.9046778678894043,0.9077873229980469,0.24563510489759616
305,0.3667749762535095,0.9521217942237854,0.9020299911499023,0.9060224890708923,0.25511079657483027
306,0.36487525701522827,0.9495477080345154,0.8993821740150452,0.9031546711921692,0.23879327167242742
307,0.36942654848098755,0.9485180377960205,0.8987202048301697,0.9031546711921692,0.2812764486279576
308,0.36254647374153137,0.9504302144050598,0.9057811498641968,0.9049195051193237,0.23987031544687104
309,0.37277308106422424,0.952857255935669,0.90754634141922,0.9055812954902649,0.2514762672125912
310,0.36058491468429565,0.9516804814338684,0.9048985242843628,0.9077873229980469,0.22306917987071612
311,0.3707778751850128,0.9514598846435547,0.9057811498641968,0.9102140069007874,0.22775886147233165
312,0.3562437891960144,0.9521953463554382,0.9068843722343445,0.9117582440376282,0.21000646746249654
313,0.3563815653324127,0.9520482420921326,0.90754634141922,0.9099934101104736,0.21230515828912988
314,0.362377792596817,0.951312780380249,0.9064430594444275,0.9097728133201599,0.2230872667772874
315,0.35645559430122375,0.9508715271949768,0.9029126167297363,0.9062431454658508,0.19187481816243507
316,0.35279718041419983,0.9500625133514404,0.9037952423095703,0.9095521569252014,0.22751805647304435
317,0.3633585274219513,0.9529308080673218,0.906222403049469,0.9075667262077332,0.26675584582746503
318,0.3537903428077698,0.952415943145752,0.9082083106040955,0.9104346036911011,0.21201096568543965
319,0.34959447383880615,0.9524894952774048,0.9057811498641968,0.9097728133201599,0.22340135872166658
320,0.34931808710098267,0.9537397623062134,0.9090909361839294,0.9110963940620422,0.1730587937845192
321,0.34798094630241394,0.9553577899932861,0.9093115925788879,0.9099934101104736,0.19771808307894093
322,0.3489046096801758,0.9538133144378662,0.9051191806793213,0.9077873229980469,0.204200562997792
323,0.3509455621242523,0.9552106857299805,0.9093115925788879,0.9097728133201599,0.2225361691430263
324,0.34847843647003174,0.954328179359436,0.9104148149490356,0.9106552004814148,0.19438461989825984
325,0.3517165184020996,0.9512392282485962,0.9093115925788879,0.9062431454658508,0.21310066332186664
326,0.35094496607780457,0.9555048942565918,0.9068843722343445,0.9082285761833191,0.2405051480016929
327,0.3396478295326233,0.9564609527587891,0.9060017466545105,0.9088903665542603,0.2171748303985645
328,0.3478143513202667,0.9547694325447083,0.9093115925788879,0.9106552004814148,0.21333269276174827
329,0.3572578430175781,0.9566816091537476,0.9082083106040955,0.9099934101104736,0.2320315080934944
330,0.3442959785461426,0.9530043005943298,0.9053398370742798,0.9097728133201599,0.19215368766364244
331,0.3537187874317169,0.9544016718864441,0.9060017466545105,0.9051401019096375,0.25668864011727277
332,0.3415500223636627,0.9540339708328247,0.9044572114944458,0.9058018922805786,0.17863606994664966
333,0.3527071475982666,0.9550635814666748,0.908428966999054,0.9108757972717285,0.22318415719048496
334,0.3428943455219269,0.9561668038368225,0.907987654209137,0.9110963940620422,0.22037658275702224
335,0.33871936798095703,0.9563139081001282,0.9095322489738464,0.9099934101104736,0.19324062570702843
336,0.3443668484687805,0.9560196995735168,0.9090909361839294,0.9095521569252014,0.19551490000838015
337,0.3449344038963318,0.9552106857299805,0.9060017466545105,0.9095521569252014,0.19172355732415583
338,0.3515796661376953,0.9535191655158997,0.9064430594444275,0.9099934101104736,0.22572552682030292
339,0.349392294883728,0.9557990431785583,0.9064430594444275,0.909110963344574,0.2437247297367464
340,0.3521149754524231,0.9541810750961304,0.908870279788971,0.9097728133201599,0.2433954231232188
341,0.35912448167800903,0.9556519985198975,0.9077669978141785,0.9119788408279419,0.24428200195650956
342,0.342867374420166,0.9555048942565918,0.9037952423095703,0.906904935836792,0.22359631438176353
343,0.3438557982444763,0.9539604187011719,0.9018093347549438,0.9042576551437378,0.21909415288769218
344,0.3505551218986511,0.9541810750961304,0.9037952423095703,0.9071255326271057,0.2359807222939978
345,0.3494604825973511,0.9546223282814026,0.9053398370742798,0.906904935836792,0.21088156012537013
346,0.3564254939556122,0.9527101516723633,0.9053398370742798,0.9082285761833191,0.26862537583492035
347,0.3485347032546997,0.9527837038040161,0.9077669978141785,0.9073461294174194,0.2399490113122048
348,0.3563306927680969,0.9552106857299805,0.908870279788971,0.9060224890708923,0.2737284437491365
349,0.3460213541984558,0.9526365995407104,0.9060017466545105,0.9097728133201599,0.22451942833649102
350,0.3474403917789459,0.9527101516723633,0.9097529053688049,0.9071255326271057,0.24824059631702547
351,0.3495544195175171,0.9563139081001282,0.9055604934692383,0.9082285761833191,0.24796284413300096
352,0.35692301392555237,0.955431342124939,0.9060017466545105,0.9110963940620422,0.29346144624986087
353,0.35559913516044617,0.9506508708000183,0.9026919603347778,0.9086697697639465,0.2454420567195843
354,0.35988283157348633,0.9544752240180969,0.9029126167297363,0.9082285761833191,0.3090915481667626
355,0.34780213236808777,0.9526365995407104,0.9009267687797546,0.9073461294174194,0.25911132345606197
356,0.364784836769104,0.9540339708328247,0.9035745859146118,0.9099934101104736,0.30919998363772233
357,0.3490324020385742,0.9540339708328247,0.9055604934692383,0.9097728133201599,0.23139169326280554
358,0.35245832800865173,0.9552106857299805,0.9057811498641968,0.9102140069007874,0.24234726189887026
359,0.3622959852218628,0.9550635814666748,0.9053398370742798,0.906904935836792,0.31850812091778774
360,0.3599587082862854,0.955431342124939,0.908870279788971,0.9106552004814148,0.3523407761972438
361,0.350175678730011,0.9549165368080139,0.907105028629303,0.909110963344574,0.23482602845957753
362,0.3478282690048218,0.9557254910469055,0.90754634141922,0.9086697697639465,0.25967826863968513
363,0.3571341633796692,0.961020827293396,0.9115180969238281,0.9150673151016235,0.272925433701066
364,0.341134250164032,0.9597705006599426,0.9154898524284363,0.9141848683357239,0.25145882826735483
365,0.35117027163505554,0.9699933528900146,0.9214475154876709,0.9236708879470825,0.2506865991563067
366,0.34108948707580566,0.9721261858940125,0.9203442335128784,0.9221266508102417,0.22407320496964095
367,0.34576883912086487,0.9705817103385925,0.9212268590927124,0.9243326783180237,0.2870192107431255
368,0.3380204141139984,0.9730823040008545,0.9234333634376526,0.9265387058258057,0.2434332871377712
369,0.3299615681171417,0.9710965752601624,0.9176964163780212,0.9216854572296143,0.19545835145395477
370,0.3414095640182495,0.968228280544281,0.9190202951431274,0.9225678443908691,0.31873372619352663
371,0.3424942195415497,0.9736706614494324,0.9247573018074036,0.9291859865188599,0.2883664328999444
372,0.3288905620574951,0.973376452922821,0.9227713942527771,0.9265387058258057,0.23898831134836296
373,0.33688321709632874,0.9716849327087402,0.9245366454124451,0.9238914847373962,0.3106016078586264
374,0.3383950889110565,0.9727880954742432,0.925419270992279,0.9245532751083374,0.296592430335405
375,0.32794803380966187,0.9730823040008545,0.9185789823532104,0.9260975122451782,0.22981794193601038
376,0.33724430203437805,0.9724939465522766,0.9256399273872375,0.9227884411811829,0.3384862202544941
377,0.3299574553966522,0.9707288146018982,0.9212268590927124,0.9230090379714966,0.313424530104294
378,0.3444194495677948,0.9737442135810852,0.9238746762275696,0.9258769154548645,0.3445055068970925
379,0.323539137840271,0.9745532274246216,0.9260811805725098,0.9267593622207642,0.291428705390474
380,0.3282877504825592,0.9732293486595154,0.9249779582023621,0.927641749382019,0.21099782644256493
381,0.3404213786125183,0.9751415848731995,0.9282877445220947,0.9291859865188599,0.3239986291788824
382,0.31361231207847595,0.973817765712738,0.9276257753372192,0.9294065833091736,0.22895996858240047
383,0.32988211512565613,0.9730087518692017,0.9243159890174866,0.9272005558013916,0.2724545006030175
384,0.3216422200202942,0.973376452922821,0.9218888282775879,0.9289653897285461,0.22044072662717762
385,0.31697097420692444,0.9730823040008545,0.9192409515380859,0.9258769154548645,0.215369498843928
386,0.3313212990760803,0.9744796752929688,0.9236540198326111,0.9280829429626465,0.25435504072264165
387,0.31731536984443665,0.9731558561325073,0.9240953326225281,0.9289653897285461,0.22416532880580936
388,0.32346656918525696,0.9738913178443909,0.9278464317321777,0.9272005558013916,0.24664268147588564
389,0.3136614263057709,0.9738913178443909,0.9251986145973206,0.9272005558013916,0.2085920839702828
390,0.32770586013793945,0.9733029007911682,0.9223300814628601,0.9252151250839233,0.22675658684923466
391,0.3164791464805603,0.9731558561325073,0.9216681718826294,0.9258769154548645,0.2081261680465964
392,0.31973132491111755,0.9739648103713989,0.9271844625473022,0.9294065833091736,0.2783312400259056
393,0.3165552020072937,0.9735971093177795,0.9247573018074036,0.9294065833091736,0.23202374488119978
394,0.3224821090698242,0.9710965752601624,0.9205648899078369,0.9243326783180237,0.280396587622392
395,0.3192743957042694,0.9744061231613159,0.9267431497573853,0.9274211525917053,0.3046841015133383
396,0.30822694301605225,0.9729351997375488,0.9223300814628601,0.9289653897285461,0.2295611701268947
397,0.32049867510795593,0.974920928478241,0.9276257753372192,0.9329362511634827,0.25735351081470126
398,0.3132481575012207,0.9731558561325073,0.9265224933624268,0.9313920140266418,0.218296034760022
399,0.3125724792480469,0.975877046585083,0.9282877445220947,0.9311714172363281,0.2660584401188368
400,0.3168857991695404,0.975435733795166,0.9260811805725098,0.9300683736801147,0.2551375335571124
401,0.3068111538887024,0.9761711955070496,0.9243159890174866,0.9252151250839233,0.20604654516104073
402,0.3166297376155853,0.9771273136138916,0.9251986145973206,0.9258769154548645,0.23128412484959124
403,0.31246235966682434,0.975877046585083,0.9269638061523438,0.9296271800994873,0.22788026365473163
404,0.30761417746543884,0.9747002720832825,0.925419270992279,0.9302890300750732,0.21916010139449757
405,0.3138185143470764,0.9769802093505859,0.9251986145973206,0.9294065833091736,0.23005067096225237
406,0.3145746886730194,0.9769066572189331,0.9260811805725098,0.9307302236557007,0.197354461542997
407,0.3134690225124359,0.9747738242149353,0.9267431497573853,0.9313920140266418,0.23300047337330732
408,0.3035805821418762,0.974920928478241,0.925860583782196,0.929847776889801,0.21820085773928644
409,0.3038443922996521,0.9772008657455444,0.9280670881271362,0.9285241961479187,0.21950255089582638
410,0.30403822660446167,0.9741119146347046,0.925860583782196,0.9269799590110779,0.2336404011517536
411,0.31564781069755554,0.9766124486923218,0.9243159890174866,0.9254357218742371,0.3100278730501691
412,0.30794355273246765,0.9776421189308167,0.9238746762275696,0.9258769154548645,0.21619941615026816
413,0.31331732869148254,0.9704346656799316,0.9240953326225281,0.9236708879470825,0.29942551165197684
414,0.3255962133407593,0.9732293486595154,0.925860583782196,0.9256563186645508,0.29307072444262744
415,0.3081240653991699,0.9742590188980103,0.9240953326225281,0.9249944686889648,0.2178116028787216
416,0.31739386916160583,0.9697727560997009,0.9232127070426941,0.9232296347618103,0.283352872292991
417,0.3263700306415558,0.9735235571861267,0.9276257753372192,0.9269799590110779,0.31732527458889737
418,0.3081955909729004,0.9742590188980103,0.9251986145973206,0.9258769154548645,0.24873010396556894
419,0.3280356824398041,0.9752886295318604,0.9251986145973206,0.9296271800994873,0.34489880435278486
420,0.3021368086338043,0.9721261858940125,0.9181376695632935,0.9272005558013916,0.21329493660286858
421,0.32866302132606506,0.9747738242149353,0.9218888282775879,0.9258769154548645,0.290754960194255
422,0.31453409790992737,0.9735971093177795,0.9245366454124451,0.9294065833091736,0.2797036545056302
423,0.31775417923927307,0.9730087518692017,0.9227713942527771,0.9260975122451782,0.22486721534497373
424,0.32505568861961365,0.9763182997703552,0.9278464317321777,0.9316126108169556,0.3089703413677022
425,0.3104691505432129,0.9740383625030518,0.9240953326225281,0.9283035397529602,0.2113823402808416
426,0.31352490186691284,0.9745532274246216,0.9280670881271362,0.9300683736801147,0.2776622624882934
427,0.30958905816078186,0.9745532274246216,0.9287290573120117,0.929847776889801,0.21704853711140842
428,0.31279242038726807,0.9752151370048523,0.9247573018074036,0.9269799590110779,0.28048982523935245
429,0.3097185492515564,0.9738913178443909,0.9212268590927124,0.9272005558013916,0.2763372476288476
430,0.3166140913963318,0.9757299423217773,0.9245366454124451,0.927641749382019,0.26227361250640874
431,0.30199572443962097,0.9746267199516296,0.9212268590927124,0.9258769154548645,0.23343114384954636
432,0.3127928078174591,0.9752151370048523,0.9278464317321777,0.9285241961479187,0.2841383358685851
433,0.31474587321281433,0.9736706614494324,0.9271844625473022,0.9267593622207642,0.2443686310499121
434,0.3102708160877228,0.9751415848731995,0.9269638061523438,0.9296271800994873,0.25759543916645744
435,0.29770660400390625,0.9780833721160889,0.9296116828918457,0.9291859865188599,0.21022868729968444
436,0.30663129687309265,0.9769802093505859,0.9309355616569519,0.929847776889801,0.22810661605007956
437,0.3072360157966614,0.975435733795166,0.9287290573120117,0.9280829429626465,0.2163871187746527
438,0.30861684679985046,0.9772008657455444,0.9298323392868042,0.929847776889801,0.22321471148163852
439,0.30167585611343384,0.9755828380584717,0.9263018369674683,0.9267593622207642,0.19428740021931684
440,0.29983240365982056,0.9771273136138916,0.9265224933624268,0.9311714172363281,0.21251547999094422
441,0.30884575843811035,0.977495014667511,0.9298323392868042,0.9300683736801147,0.21050015595633897
442,0.3118664622306824,0.9760240912437439,0.9285084009170532,0.9309508204460144,0.22590884641647732
443,0.3082871437072754,0.9769802093505859,0.9285084009170532,0.9311714172363281,0.2066002256591788
444,0.3024677038192749,0.9777892231941223,0.9315975308418274,0.9309508204460144,0.21520758395673542
445,0.305292010307312,0.9766860008239746,0.9291703701019287,0.9296271800994873,0.19709293017014953
446,0.3082225024700165,0.9773479104042053,0.9307149052619934,0.930509626865387,0.23222504682075676
447,0.29474157094955444,0.9746267199516296,0.9285084009170532,0.9285241961479187,0.18697003529407075
448,0.29776591062545776,0.9765389561653137,0.9276257753372192,0.9302890300750732,0.19774997075898668
449,0.3054010570049286,0.9791130423545837,0.9287290573120117,0.9309508204460144,0.2516627662399077
450,0.30106329917907715,0.9761711955070496,0.9260811805725098,0.9307302236557007,0.20611264267751211
451,0.30418190360069275,0.9785246849060059,0.9289497137069702,0.9294065833091736,0.26658261355369217
452,0.2982062101364136,0.9780833721160889,0.9271844625473022,0.929847776889801,0.21044575456453976
453,0.3015303611755371,0.9755092859268188,0.9249779582023621,0.9316126108169556,0.2757274420778189
454,0.31621524691581726,0.9762447476387024,0.9265224933624268,0.9302890300750732,0.33153784626619476
455,0.2993662655353546,0.9760240912437439,0.9278464317321777,0.9291859865188599,0.22389860538266174
456,0.3026317358016968,0.974920928478241,0.9245366454124451,0.9249944686889648,0.2915694448473903
457,0.33543798327445984,0.9764654040336609,0.9229920506477356,0.9296271800994873,0.38164928524767955
458,0.32425934076309204,0.9773479104042053,0.9232127070426941,0.9322744607925415,0.3025452076408798
459,0.3051939308643341,0.9741854667663574,0.9263018369674683,0.9294065833091736,0.24051639267969746
460,0.31440937519073486,0.9753621816635132,0.925860583782196,0.9289653897285461,0.2745742936971647
461,0.30142486095428467,0.9757299423217773,0.9249779582023621,0.9287447929382324,0.26062947240830237
462,0.3144473135471344,0.9722732901573181,0.9249779582023621,0.9236708879470825,0.260696087101047
463,0.3179802894592285,0.9750680327415466,0.9276257753372192,0.9249944686889648,0.32958145635362
464,0.3280255198478699,0.9733029007911682,0.9236540198326111,0.9256563186645508,0.3261388688640901
465,0.3249199092388153,0.9714642763137817,0.9192409515380859,0.9249944686889648,0.28818436475252707
466,0.3200521469116211,0.9750680327415466,0.9251986145973206,0.9313920140266418,0.2692248832042455
467,0.3143075406551361,0.9747002720832825,0.9229920506477356,0.9272005558013916,0.2424774396172777
468,0.31560850143432617,0.9753621816635132,0.9238746762275696,0.9258769154548645,0.26062427702807445
469,0.3214775323867798,0.9760240912437439,0.9227713942527771,0.9278623461723328,0.2472531452674267
470,0.3090458810329437,0.9747002720832825,0.9236540198326111,0.9278623461723328,0.22617297406542322
471,0.3145691752433777,0.9746267199516296,0.9249779582023621,0.9285241961479187,0.23374610774751958
472,0.31498128175735474,0.9752151370048523,0.925860583782196,0.9313920140266418,0.199321280419375
473,0.31592339277267456,0.9760976433753967,0.9276257753372192,0.929847776889801,0.23342580075626543
474,0.3130863308906555,0.9752886295318604,0.9251986145973206,0.9322744607925415,0.2280432768263359
475,0.31215766072273254,0.9755828380584717,0.9263018369674683,0.9344804883003235,0.23392459415502687
476,0.3113234043121338,0.9774214625358582,0.9236540198326111,0.9318332076072693,0.24737940203863118
477,0.2990450859069824,0.9778627753257751,0.9260811805725098,0.930509626865387,0.18445500371940796
478,0.30755865573883057,0.9768331050872803,0.9280670881271362,0.932715654373169,0.23429078601431208
479,0.3070599436759949,0.9766124486923218,0.9296116828918457,0.934039294719696,0.24477884233263972
480,0.3059762120246887,0.9766860008239746,0.9282877445220947,0.9313920140266418,0.2708273980361014
481,0.3102101981639862,0.9750680327415466,0.9282877445220947,0.929847776889801,0.25922221389140787
482,0.3117837905883789,0.9764654040336609,0.9251986145973206,0.9287447929382324,0.24174165478105183
483,0.2946976125240326,0.9773479104042053,0.9269638061523438,0.9300683736801147,0.19485215189653796
484,0.3055746555328369,0.9768331050872803,0.9278464317321777,0.9307302236557007,0.22802772972804536
485,0.30177247524261475,0.9777156710624695,0.9282877445220947,0.9307302236557007,0.2595557515382653
486,0.29131948947906494,0.9772008657455444,0.9249779582023621,0.9278623461723328,0.18336058818616086
487,0.304864764213562,0.9757299423217773,0.925860583782196,0.9322744607925415,0.23506933762737614
488,0.3004017174243927,0.977936327457428,0.9289497137069702,0.934039294719696,0.227027784837797
489,0.3038142919540405,0.9777892231941223,0.9267431497573853,0.9347010850906372,0.22378695369870402
490,0.30870214104652405,0.9740383625030518,0.9232127070426941,0.9272005558013916,0.26899937419676884
491,0.31866756081581116,0.9760976433753967,0.9214475154876709,0.9294065833091736,0.33537579431985554
492,0.3077355623245239,0.975435733795166,0.925419270992279,0.9294065833091736,0.290353666675811
493,0.30488908290863037,0.9748473763465881,0.9232127070426941,0.932715654373169,0.2858173767080649
494,0.30319154262542725,0.9758034944534302,0.9225507378578186,0.9287447929382324,0.22902917806691403
495,0.3041984736919403,0.9772008657455444,0.9278464317321777,0.9324950575828552,0.2605258431381376
496,0.30232053995132446,0.978009819984436,0.9271844625473022,0.9309508204460144,0.2771463816692726
497,0.3051506578922272,0.9780833721160889,0.9207855463027954,0.927641749382019,0.2816269773018705
498,0.3090658485889435,0.9783040285110474,0.9271844625473022,0.9296271800994873,0.25550200339517914
499,0.30056145787239075,0.9760976433753967,0.9278464317321777,0.9313920140266418,0.24039943803019487
500,0.30153411626815796,0.9765389561653137,0.9269638061523438,0.9302890300750732,0.24983559565141106
501,0.3076116442680359,0.9777892231941223,0.9260811805725098,0.9285241961479187,0.2686180572358547
502,0.296232670545578,0.9746267199516296,0.9227713942527771,0.9247738718986511,0.254760296494599
503,0.3165518343448639,0.9783775806427002,0.9287290573120117,0.9309508204460144,0.32503483675586814
504,0.30558255314826965,0.9745532274246216,0.9240953326225281,0.9263181090354919,0.23422224016836302
505,0.3131941854953766,0.9699933528900146,0.9240953326225281,0.9300683736801147,0.36244676930370573
506,0.31340840458869934,0.9761711955070496,0.9269638061523438,0.929847776889801,0.3483744209775943
507,0.30559036135673523,0.9780833721160889,0.9247573018074036,0.9283035397529602,0.2521498231356728
508,0.313310444355011,0.9761711955070496,0.9236540198326111,0.9283035397529602,0.3219251086174599
509,0.3180975914001465,0.9763182997703552,0.9225507378578186,0.9311714172363281,0.3181129362028124
510,0.304174542427063,0.9772743582725525,0.9249779582023621,0.9296271800994873,0.2522535145535422
511,0.30363452434539795,0.9769066572189331,0.9260811805725098,0.9289653897285461,0.22537765545027932
512,0.30898964405059814,0.9772008657455444,0.9285084009170532,0.9294065833091736,0.24335324829909868
513,0.2980329990386963,0.9787452816963196,0.9285084009170532,0.9320538640022278,0.21823936904750846
514,0.2979803681373596,0.9762447476387024,0.9267431497573853,0.9302890300750732,0.2293374884451833
515,0.3126090168952942,0.9759505391120911,0.9271844625473022,0.9309508204460144,0.25017763134970183
516,0.30392059683799744,0.9777892231941223,0.9249779582023621,0.9289653897285461,0.24938024632046857
517,0.29977455735206604,0.9764654040336609,0.9247573018074036,0.9269799590110779,0.21415003729895998
518,0.3058922290802002,0.9771273136138916,0.9278464317321777,0.9320538640022278,0.2465010424137127
519,0.3048487901687622,0.9773479104042053,0.9238746762275696,0.9285241961479187,0.23238245237212637
520,0.30212584137916565,0.9764654040336609,0.9225507378578186,0.9274211525917053,0.23994578768994634
521,0.30328452587127686,0.9772008657455444,0.9243159890174866,0.9294065833091736,0.2325022045167625
522,0.30051934719085693,0.9775685667991638,0.9285084009170532,0.9296271800994873,0.20862501232847777
523,0.3071967363357544,0.9776421189308167,0.9243159890174866,0.9289653897285461,0.2526866298919614
524,0.30503469705581665,0.9775685667991638,0.9236540198326111,0.9269799590110779,0.228298521018527
525,0.29433274269104004,0.975877046585083,0.9267431497573853,0.9289653897285461,0.2174908395155477
526,0.3012239634990692,0.9766124486923218,0.9249779582023621,0.9274211525917053,0.23837662374989788
527,0.30037060379981995,0.9756563901901245,0.9240953326225281,0.9258769154548645,0.2703718703911687
528,0.3010155260562897,0.9772743582725525,0.925860583782196,0.9274211525917053,0.23473661680953822
529,0.2941788136959076,0.9773479104042053,0.9274051189422607,0.9283035397529602,0.20694431408215117
530,0.2982536852359772,0.9765389561653137,0.9256399273872375,0.9296271800994873,0.23750602087389197
531,0.2950400710105896,0.9785246849060059,0.9245366454124451,0.9311714172363281,0.21582915979884046
532,0.3004509508609772,0.9807310104370117,0.9298323392868042,0.929847776889801,0.21665702807346954
533,0.2941801846027374,0.9785982370376587,0.9271844625473022,0.9291859865188599,0.22515347872665134
534,0.29406213760375977,0.9751415848731995,0.9234333634376526,0.9289653897285461,0.21507376426623973
535,0.289018839597702,0.9786717295646667,0.925419270992279,0.9322744607925415,0.21607143534273868
536,0.29780808091163635,0.9797749519348145,0.9291703701019287,0.9311714172363281,0.20026221066188324
537,0.29520848393440247,0.9801426529884338,0.9278464317321777,0.9300683736801147,0.2305889730502015
538,0.3005603849887848,0.9788923859596252,0.9289497137069702,0.9324950575828552,0.26670542960116694
539,0.303228497505188,0.9785982370376587,0.9300529360771179,0.9324950575828552,0.30002953223463
540,0.2900833785533905,0.9781569242477417,0.9315975308418274,0.9316126108169556,0.22437912716169928
541,0.3029857575893402,0.9752151370048523,0.9245366454124451,0.9287447929382324,0.338241178170575
542,0.3182414472103119,0.9780833721160889,0.9265224933624268,0.9324950575828552,0.37788200970978164
543,0.2954982817173004,0.9765389561653137,0.9260811805725098,0.9318332076072693,0.22988731458129133
544,0.31743502616882324,0.9772743582725525,0.9249779582023621,0.929847776889801,0.3852917545112273
545,0.30098751187324524,0.9766860008239746,0.9236540198326111,0.9294065833091736,0.28195092586032733
546,0.31654852628707886,0.9794071912765503,0.9274051189422607,0.9318332076072693,0.3062278905885423
547,0.2944735288619995,0.9769802093505859,0.9274051189422607,0.9296271800994873,0.21818226091268678
548,0.3044471740722656,0.9770537614822388,0.9265224933624268,0.9256563186645508,0.32188462718252386
549,0.2939745783805847,0.9769066572189331,0.9260811805725098,0.9278623461723328,0.2308321199754252
550,0.3077346980571747,0.9787452816963196,0.9293910264968872,0.930509626865387,0.26338201517799464
551,0.3070290982723236,0.9778627753257751,0.9265224933624268,0.9300683736801147,0.22832757398105985
552,0.309333860874176,0.9776421189308167,0.9280670881271362,0.9289653897285461,0.2629900911942608
553,0.2937212288379669,0.9771273136138916,0.9247573018074036,0.9265387058258057,0.23275358093313595
554,0.29391786456108093,0.977936327457428,0.9274051189422607,0.9331568479537964,0.20298821354507224
555,0.3033217489719391,0.9794807434082031,0.9307149052619934,0.9355835318565369,0.23525299411160655
556,0.30219075083732605,0.9781569242477417,0.9278464317321777,0.9285241961479187,0.22119962389039005
557,0.2959073483943939,0.9777892231941223,0.9263018369674683,0.930509626865387,0.2399287115397598
558,0.3063855767250061,0.9788923859596252,0.9267431497573853,0.9311714172363281,0.24150279065057745
559,0.2999601364135742,0.9801426529884338,0.9276257753372192,0.9320538640022278,0.2559509906578894
560,0.2942962050437927,0.978451132774353,0.925419270992279,0.9296271800994873,0.20696301786644464
561,0.30132946372032166,0.9747738242149353,0.9229920506477356,0.9320538640022278,0.3256346049556364
562,0.30563345551490784,0.978009819984436,0.9291703701019287,0.9351422786712646,0.3060183317099369
563,0.2925105690956116,0.9766860008239746,0.9210062026977539,0.9274211525917053,0.2317836824417086
564,0.3168739676475525,0.9616827368736267,0.9108561277389526,0.9141848683357239,0.44624637963678926
565,0.34406235814094543,0.9741119146347046,0.9267431497573853,0.9287447929382324,0.41304481155927564
566,0.3022635877132416,0.9718320369720459,0.9165931344032288,0.9230090379714966,0.2707726574095228
567,0.3402813971042633,0.9750680327415466,0.9240953326225281,0.9291859865188599,0.5061033057867093
568,0.3172978460788727,0.9739648103713989,0.9225507378578186,0.9254357218742371,0.32599257043513474
569,0.32331421971321106,0.9767595529556274,0.9289497137069702,0.9302890300750732,0.30537028008357187
570,0.3099812865257263,0.9763918519020081,0.9229920506477356,0.9302890300750732,0.24972769006170872
571,0.3197483420372009,0.971905529499054,0.9181376695632935,0.9221266508102417,0.42159612598652063
572,0.32919391989707947,0.973376452922821,0.9232127070426941,0.9263181090354919,0.4058245250989182
573,0.31788673996925354,0.9744796752929688,0.9245366454124451,0.9283035397529602,0.2708706874236985
574,0.3110525608062744,0.9757299423217773,0.9269638061523438,0.9302890300750732,0.3438830124678579
575,0.313679963350296,0.9752886295318604,0.9298323392868042,0.9263181090354919,0.25088731067852615
576,0.3060254454612732,0.9755828380584717,0.9307149052619934,0.9254357218742371,0.23765601043305537
577,0.30523791909217834,0.9752151370048523,0.9289497137069702,0.9269799590110779,0.235982491630316
578,0.3039216697216034,0.9746267199516296,0.9265224933624268,0.929847776889801,0.2630326149793183
579,0.29982417821884155,0.9743325710296631,0.9240953326225281,0.9300683736801147,0.21937449875135606
580,0.29532724618911743,0.9736706614494324,0.9256399273872375,0.9256563186645508,0.22514436229422768
581,0.30257564783096313,0.9772008657455444,0.9265224933624268,0.9267593622207642,0.22721920568293355
582,0.3050044775009155,0.9790394902229309,0.925419270992279,0.9265387058258057,0.21823817431214085
583,0.3025674521923065,0.979554295539856,0.9289497137069702,0.9291859865188599,0.22026212481655094
584,0.30565157532691956,0.9768331050872803,0.9249779582023621,0.9302890300750732,0.23888518933242106
585,0.2984433174133301,0.9767595529556274,0.9285084009170532,0.9283035397529602,0.2216089683883016
586,0.29502254724502563,0.9775685667991638,0.9287290573120117,0.9316126108169556,0.2117471544593163
587,0.2989293336868286,0.9770537614822388,0.9278464317321777,0.9285241961479187,0.1947304619110129
588,0.3104356527328491,0.9788923859596252,0.9251986145973206,0.9300683736801147,0.25142338499812417
589,0.29953545331954956,0.9764654040336609,0.9263018369674683,0.9296271800994873,0.25750972673105726
590,0.2995283305644989,0.9769066572189331,0.9285084009170532,0.9302890300750732,0.21675252625272345
591,0.2997136116027832,0.9788188338279724,0.9307149052619934,0.9324950575828552,0.24437793773122457
592,0.30095744132995605,0.9777156710624695,0.9293910264968872,0.9294065833091736,0.23121692727057086
593,0.31580352783203125,0.9755828380584717,0.9282877445220947,0.9296271800994873,0.3149073872102215
594,0.29603156447410583,0.9759505391120911,0.9269638061523438,0.9302890300750732,0.25375095995085983
595,0.29788145422935486,0.9775685667991638,0.9282877445220947,0.9302890300750732,0.2358615244790308
596,0.29824891686439514,0.9769066572189331,0.9296116828918457,0.9300683736801147,0.2341148061253454
597,0.31046709418296814,0.9770537614822388,0.9282877445220947,0.9280829429626465,0.27965071682861664
598,0.2934621274471283,0.9776421189308167,0.9260811805725098,0.9289653897285461,0.24658357414976936
599,0.3013916313648224,0.9764654040336609,0.9269638061523438,0.9307302236557007,0.23009162854515552
600,0.29868215322494507,0.9791130423545837,0.9282877445220947,0.9287447929382324,0.25894326171306936
601,0.3028014898300171,0.9782304763793945,0.9240953326225281,0.9274211525917053,0.23045493357332242
602,0.30462023615837097,0.9755828380584717,0.9247573018074036,0.927641749382019,0.22028417121128333
603,0.29887697100639343,0.9772743582725525,0.9276257753372192,0.9300683736801147,0.21251295031826314
604,0.2935919761657715,0.9775685667991638,0.9309355616569519,0.9316126108169556,0.2161989996573806
605,0.29930639266967773,0.979554295539856,0.9289497137069702,0.9318332076072693,0.23173001825998757
606,0.290164977312088,0.9771273136138916,0.9263018369674683,0.9300683736801147,0.19201234347769622
607,0.2961147129535675,0.9785982370376587,0.9251986145973206,0.929847776889801,0.20361835392444538
608,0.2931872010231018,0.9792601466178894,0.9285084009170532,0.9329362511634827,0.2556037236733095
609,0.2838124930858612,0.9783040285110474,0.9267431497573853,0.9309508204460144,0.18667880144389806
610,0.29395848512649536,0.9792601466178894,0.9291703701019287,0.9289653897285461,0.25062247461596276
611,0.29235005378723145,0.9799220561981201,0.9274051189422607,0.929847776889801,0.19354514981175427
612,0.30475568771362305,0.9782304763793945,0.9287290573120117,0.9300683736801147,0.26739627151157835
613,0.29380810260772705,0.9796278476715088,0.9298323392868042,0.9329362511634827,0.2741663173891296
614,0.2868949770927429,0.9788188338279724,0.9285084009170532,0.9322744607925415,0.2629528150870307
615,0.29945898056030273,0.9771273136138916,0.9287290573120117,0.9313920140266418,0.26303737304382724
616,0.30217406153678894,0.9775685667991638,0.9287290573120117,0.9274211525917053,0.24620102854857454
617,0.29927483201026917,0.9783775806427002,0.925860583782196,0.9278623461723328,0.30141762749858964
618,0.30466383695602417,0.9781569242477417,0.9249779582023621,0.9296271800994873,0.3150024220731468
619,0.3114281892776489,0.9793336391448975,0.9287290573120117,0.929847776889801,0.2619043246951664
620,0.30510202050209045,0.979554295539856,0.9274051189422607,0.9309508204460144,0.26929456952518804
621,0.29940304160118103,0.977495014667511,0.9236540198326111,0.9311714172363281,0.260253445683502
622,0.29942959547042847,0.9791865944862366,0.9302735924720764,0.9338186979293823,0.28204020872064317
623,0.283580482006073,0.9785982370376587,0.9232127070426941,0.9291859865188599,0.24317651602106685
624,0.30456575751304626,0.978009819984436,0.9289497137069702,0.9318332076072693,0.30433492526207934
625,0.2901504933834076,0.9777156710624695,0.9278464317321777,0.9302890300750732,0.22982242914227577
626,0.29619061946868896,0.9781569242477417,0.9256399273872375,0.9294065833091736,0.26253612661169506
627,0.3020954430103302,0.9793336391448975,0.9302735924720764,0.9313920140266418,0.26404115656466953
628,0.2889135479927063,0.9790394902229309,0.9309355616569519,0.9307302236557007,0.23530705478339928
629,0.2879634201526642,0.981025218963623,0.9318181872367859,0.9311714172363281,0.2160587105284303
630,0.2824713885784149,0.9805839657783508,0.9320388436317444,0.9355835318565369,0.24789648206657316
631,0.28847289085388184,0.9785246849060059,0.925860583782196,0.9329362511634827,0.19680127319938204
632,0.2918460965156555,0.9796278476715088,0.9282877445220947,0.9318332076072693,0.21911417728898352
633,0.28512465953826904,0.9801426529884338,0.9278464317321777,0.9335980415344238,0.18686129350838973
634,0.29946476221084595,0.9797749519348145,0.9298323392868042,0.9320538640022278,0.25416615749690885
635,0.3043440878391266,0.9785982370376587,0.9282877445220947,0.9335980415344238,0.24716439736272577
636,0.2988215386867523,0.978009819984436,0.9267431497573853,0.9313920140266418,0.27377934978355806
637,0.2974149286746979,0.978451132774353,0.9269638061523438,0.9309508204460144,0.25360570324106224
638,0.30149394273757935,0.9787452816963196,0.9223300814628601,0.9300683736801147,0.3171338731027044
639,0.3090723752975464,0.9794071912765503,0.9282877445220947,0.9335980415344238,0.3514127944467047
640,0.298501580953598,0.9769802093505859,0.9263018369674683,0.930509626865387,0.25598277821328685
641,0.3009711503982544,0.9783040285110474,0.9247573018074036,0.9353629350662231,0.2895982629098857
642,0.2961668372154236,0.9776421189308167,0.9267431497573853,0.9344804883003235,0.28119222247036374
643,0.30477964878082275,0.9783040285110474,0.9282877445220947,0.9380101561546326,0.26268842196590503
644,0.29941466450691223,0.9788188338279724,0.9251986145973206,0.9322744607925415,0.3062415303460639
645,0.2968340814113617,0.9769802093505859,0.925419270992279,0.9333774447441101,0.27287382006945565
646,0.2984480559825897,0.9777156710624695,0.9289497137069702,0.9329362511634827,0.22857566320472508
647,0.298301100730896,0.9788188338279724,0.9287290573120117,0.9320538640022278,0.3023755550684421
648,0.2935640513896942,0.978451132774353,0.9287290573120117,0.9329362511634827,0.24830872753617433
649,0.2987675666809082,0.9774214625358582,0.9296116828918457,0.929847776889801,0.25221188886598667
650,0.30500805377960205,0.978009819984436,0.9293910264968872,0.9307302236557007,0.2505854274233315
651,0.29629549384117126,0.9776421189308167,0.9269638061523438,0.930509626865387,0.23697944152607506
652,0.29307985305786133,0.9773479104042053,0.9307149052619934,0.929847776889801,0.2354328592110025
653,0.30031952261924744,0.9782304763793945,0.9280670881271362,0.9283035397529602,0.22314326706060414
654,0.2988462746143341,0.9780833721160889,0.9263018369674683,0.9302890300750732,0.24920922853549626
655,0.29920291900634766,0.9766860008239746,0.9260811805725098,0.9291859865188599,0.24865284543621496
656,0.2919522821903229,0.977495014667511,0.9236540198326111,0.9307302236557007,0.22470339724575306
657,0.2972833514213562,0.9782304763793945,0.9309355616569519,0.932715654373169,0.24276724679899295
658,0.2848181128501892,0.9778627753257751,0.9289497137069702,0.9311714172363281,0.18570674050943786
659,0.2925489544868469,0.979554295539856,0.9271844625473022,0.9300683736801147,0.21923908891468719
660,0.2946791648864746,0.9788188338279724,0.9240953326225281,0.9309508204460144,0.20674321486777253
661,0.2984614968299866,0.9787452816963196,0.9251986145973206,0.9333774447441101,0.20479141803541742
662,0.2924096882343292,0.9796278476715088,0.9287290573120117,0.9329362511634827,0.2402224230325223
663,0.30118730664253235,0.9802897572517395,0.9285084009170532,0.9344804883003235,0.26098985510427286
664,0.2918156385421753,0.980069100856781,0.9265224933624268,0.9347010850906372,0.21690487920009247
665,0.2832854092121124,0.9788188338279724,0.9243159890174866,0.9333774447441101,0.22225339561709637
666,0.2864777147769928,0.9771273136138916,0.9280670881271362,0.9329362511634827,0.22664698343461853
667,0.2810628116130829,0.9804368615150452,0.9309355616569519,0.9347010850906372,0.22257592792597236
668,0.28290751576423645,0.9816135764122009,0.9280670881271362,0.9329362511634827,0.2046103402218562
669,0.29042690992355347,0.9791130423545837,0.9263018369674683,0.9294065833091736,0.22028381592519708
670,0.2836301028728485,0.9805839657783508,0.9293910264968872,0.9351422786712646,0.2365914390594457
671,0.2909033000469208,0.9791130423545837,0.9274051189422607,0.9353629350662231,0.19557753737321837
672,0.29046666622161865,0.9797749519348145,0.9282877445220947,0.9347010850906372,0.2537715629140611
673,0.289205402135849,0.979554295539856,0.9267431497573853,0.9366865158081055,0.21106470183427972
674,0.2988322079181671,0.9808045625686646,0.9251986145973206,0.9294065833091736,0.32369951311930983
675,0.3008936047554016,0.9793336391448975,0.9296116828918457,0.9344804883003235,0.3231190156481094
676,0.2921105623245239,0.977936327457428,0.9256399273872375,0.9344804883003235,0.2104818591311919
677,0.3006565570831299,0.9771273136138916,0.9251986145973206,0.9320538640022278,0.2918162813756771
678,0.2927500307559967,0.9769066572189331,0.9274051189422607,0.9324950575828552,0.2760707939670031
679,0.30337977409362793,0.9759505391120911,0.9302735924720764,0.9283035397529602,0.27921135946225445
680,0.29711565375328064,0.9775685667991638,0.9285084009170532,0.9283035397529602,0.24870950358715913
681,0.2939716875553131,0.980069100856781,0.9327008128166199,0.9316126108169556,0.23741192178353965
682,0.29434680938720703,0.9801426529884338,0.9309355616569519,0.932715654373169,0.22054938354576648
683,0.29437023401260376,0.9801426529884338,0.9287290573120117,0.9296271800994873,0.23176445462422784
684,0.2876720428466797,0.9806574583053589,0.9287290573120117,0.9307302236557007,0.2440903203219602
685,0.296904057264328,0.9803633093833923,0.9269638061523438,0.9287447929382324,0.2992111845118751
686,0.2938009202480316,0.9788188338279724,0.9271844625473022,0.9307302236557007,0.2702320021713079
687,0.28980064392089844,0.9776421189308167,0.9287290573120117,0.9300683736801147,0.2612469425087455
688,0.28714776039123535,0.9787452816963196,0.9293910264968872,0.932715654373169,0.22667403445721757
689,0.29403403401374817,0.977936327457428,0.9267431497573853,0.9338186979293823,0.26676465523478676
690,0.29452210664749146,0.978451132774353,0.9287290573120117,0.930509626865387,0.24619129306499196
691,0.2994489073753357,0.9791130423545837,0.9280670881271362,0.930509626865387,0.2510798501706692
692,0.2982271611690521,0.9802162051200867,0.9274051189422607,0.9329362511634827,0.23393207426471468
693,0.2924184203147888,0.9765389561653137,0.9245366454124451,0.9311714172363281,0.2561072787158686
694,0.30156758427619934,0.9780833721160889,0.9265224933624268,0.9291859865188599,0.2957951129553386
695,0.3101958930492401,0.9793336391448975,0.9293910264968872,0.9296271800994873,0.27102586297034675
696,0.2886722683906555,0.9769066572189331,0.9265224933624268,0.9287447929382324,0.2284195576847951
697,0.28738513588905334,0.979554295539856,0.9291703701019287,0.9294065833091736,0.26435221341138987
698,0.3004455864429474,0.9787452816963196,0.9287290573120117,0.9322744607925415,0.2565297844730057
699,0.29605627059936523,0.9772743582725525,0.9293910264968872,0.9302890300750732,0.2489583546016559
700,0.28282982110977173,0.9785982370376587,0.9300529360771179,0.9331568479537964,0.24502983124114552
701,0.29549098014831543,0.9797013998031616,0.9249779582023621,0.9324950575828552,0.24812572847527892
702,0.292490154504776,0.9777156710624695,0.9251986145973206,0.9309508204460144,0.25540899226925995
703,0.2982470989227295,0.9790394902229309,0.9269638061523438,0.934039294719696,0.27086765802180124
704,0.28365203738212585,0.978451132774353,0.9218888282775879,0.9294065833091736,0.24660731778464656
705,0.30485737323760986,0.9797749519348145,0.9274051189422607,0.9338186979293823,0.30373199819559116
706,0.2962781488895416,0.978451132774353,0.9274051189422607,0.9311714172363281,0.2433598603324965
707,0.29018738865852356,0.9793336391448975,0.9309355616569519,0.9342598915100098,0.2733788955553446
708,0.29984426498413086,0.9799955487251282,0.925419270992279,0.9320538640022278,0.25937832872862393
709,0.29937422275543213,0.9810987710952759,0.9256399273872375,0.9278623461723328,0.25511226874168347
710,0.2914706766605377,0.9785982370376587,0.9263018369674683,0.9267593622207642,0.2593434587882561
711,0.29735469818115234,0.9794071912765503,0.9280670881271362,0.9300683736801147,0.2598652408892308
712,0.2933040261268616,0.9782304763793945,0.9315975308418274,0.9311714172363281,0.24290090840238135
713,0.2926938235759735,0.9769802093505859,0.9285084009170532,0.9322744607925415,0.21232866127308775
714,0.3083537817001343,0.9790394902229309,0.9263018369674683,0.929847776889801,0.26661229515917595
715,0.2913300395011902,0.9799955487251282,0.9278464317321777,0.9311714172363281,0.21863163216623194
716,0.28947409987449646,0.9796278476715088,0.9276257753372192,0.932715654373169,0.2277161798358347
717,0.2867032289505005,0.9791130423545837,0.9282877445220947,0.9331568479537964,0.21981668054763867
718,0.2927798330783844,0.9794071912765503,0.9322595000267029,0.9311714172363281,0.23038584185350552
719,0.2797863185405731,0.9778627753257751,0.9311562180519104,0.9333774447441101,0.21367592906353916
720,0.2884598672389984,0.9798485040664673,0.9291703701019287,0.932715654373169,0.24614853041691126
721,0.27915000915527344,0.9778627753257751,0.9304942488670349,0.9331568479537964,0.23787324313888092
722,0.29321321845054626,0.9772743582725525,0.9296116828918457,0.9342598915100098,0.22837035064069536
723,0.2931944727897644,0.978451132774353,0.9318181872367859,0.9307302236557007,0.2582847047911103
724,0.29244503378868103,0.9794807434082031,0.9278464317321777,0.9322744607925415,0.25853035693753634
725,0.2879282832145691,0.9812458753585815,0.9304942488670349,0.9311714172363281,0.22196439385338476
726,0.27739396691322327,0.9797013998031616,0.9240953326225281,0.9307302236557007,0.19223902134966156
727,0.2933700978755951,0.9799955487251282,0.9285084009170532,0.9307302236557007,0.2824302876663606
728,0.2980552017688751,0.9808045625686646,0.9291703701019287,0.9360247254371643,0.2751852341588563
729,0.28826484084129333,0.9803633093833923,0.9271844625473022,0.9353629350662231,0.2577462254109663
730,0.2904423773288727,0.9759505391120911,0.9269638061523438,0.9316126108169556,0.2937912131599873
731,0.2969088852405548,0.980510413646698,0.9291703701019287,0.9335980415344238,0.27437594188644865
732,0.2833561301231384,0.9811723232269287,0.9263018369674683,0.9324950575828552,0.20582424562400983
733,0.2978648245334625,0.9811723232269287,0.9293910264968872,0.932715654373169,0.2904485318130184
734,0.2887883186340332,0.980069100856781,0.9313768744468689,0.9338186979293823,0.2573581939892202
735,0.28693345189094543,0.9796278476715088,0.9304942488670349,0.932715654373169,0.20859267463149808
736,0.29551175236701965,0.9789659380912781,0.9271844625473022,0.9307302236557007,0.3189810080304309
737,0.3074594736099243,0.9785982370376587,0.925860583782196,0.9287447929382324,0.369241745064839
738,0.29389244318008423,0.9777892231941223,0.9267431497573853,0.9311714172363281,0.2735936540934019
739,0.2894255220890045,0.9786717295646667,0.9282877445220947,0.929847776889801,0.28214336005615254
740,0.29017385840415955,0.978451132774353,0.9289497137069702,0.9283035397529602,0.2247326458847684
741,0.3007220923900604,0.9802162051200867,0.9274051189422607,0.930509626865387,0.23858460375378013
742,0.29270392656326294,0.9760976433753967,0.9251986145973206,0.929847776889801,0.22775798640906392
743,0.2981257438659668,0.9788923859596252,0.9271844625473022,0.9316126108169556,0.2869676472340087
744,0.301464706659317,0.9794807434082031,0.9269638061523438,0.9318332076072693,0.31106559320133426
745,0.30416834354400635,0.9771273136138916,0.9280670881271362,0.9335980415344238,0.2859541351958747
746,0.2977079451084137,0.9780833721160889,0.9282877445220947,0.9329362511634827,0.2346764719705597
747,0.2927054464817047,0.9785982370376587,0.9289497137069702,0.9324950575828552,0.23133542375869487
748,0.29929018020629883,0.9768331050872803,0.9280670881271362,0.9335980415344238,0.2748296597488215
749,0.30058422684669495,0.9793336391448975,0.9289497137069702,0.9311714172363281,0.27250293500196826
750,0.2843821942806244,0.979554295539856,0.9245366454124451,0.929847776889801,0.21652236831612054
751,0.2972599267959595,0.9781569242477417,0.925419270992279,0.9296271800994873,0.29053362687564105
752,0.29449334740638733,0.9794807434082031,0.9249779582023621,0.9358041286468506,0.27990855428986233
753,0.29476338624954224,0.9802162051200867,0.9260811805725098,0.9364659190177917,0.23533250223102828
754,0.29965969920158386,0.980069100856781,0.9293910264968872,0.9366865158081055,0.23171617628261187
755,0.28489455580711365,0.9815400242805481,0.9320388436317444,0.9377895593643188,0.2247005551220671
756,0.2871968448162079,0.981025218963623,0.9298323392868042,0.9366865158081055,0.24813574884630285
757,0.28697022795677185,0.9801426529884338,0.9296116828918457,0.9353629350662231,0.19470948875128283
758,0.28884854912757874,0.9780833721160889,0.9313768744468689,0.9324950575828552,0.1914742573192123
759,0.28814247250556946,0.9794807434082031,0.9329214692115784,0.9353629350662231,0.21523673022720494
760,0.2864842414855957,0.9791865944862366,0.9274051189422607,0.9349216818809509,0.1958502243435914
761,0.2917238175868988,0.980510413646698,0.9324801564216614,0.9369071125984192,0.2453269265977066
762,0.2709857225418091,0.981025218963623,0.9324801564216614,0.9369071125984192,0.18424792738883872
763,0.29151812195777893,0.9810987710952759,0.9289497137069702,0.9349216818809509,0.21966996795255841
764,0.28512680530548096,0.9792601466178894,0.9278464317321777,0.9349216818809509,0.2093080831637362
765,0.2877354323863983,0.9804368615150452,0.9318181872367859,0.9349216818809509,0.2516975932707329
766,0.27947062253952026,0.9788923859596252,0.9309355616569519,0.932715654373169,0.1936866325454562
767,0.29090625047683716,0.9808045625686646,0.9287290573120117,0.9349216818809509,0.25016014172182643
768,0.2863823175430298,0.9792601466178894,0.9276257753372192,0.9331568479537964,0.2534233298382419
769,0.2922074794769287,0.9797749519348145,0.9298323392868042,0.9351422786712646,0.2318027224359108
770,0.28377842903137207,0.9797013998031616,0.9298323392868042,0.9344804883003235,0.24805687135109802
771,0.28991734981536865,0.9803633093833923,0.9269638061523438,0.936245322227478,0.2790506082723575
772,0.2823735773563385,0.9816871285438538,0.9296116828918457,0.934039294719696,0.22727048274481254
773,0.28476235270500183,0.9817606806755066,0.9304942488670349,0.9333774447441101,0.2349905260866408
774,0.2905276417732239,0.9796278476715088,0.9271844625473022,0.9358041286468506,0.2638445706699933
775,0.2875704765319824,0.9798485040664673,0.9245366454124451,0.9331568479537964,0.23130955866374786
776,0.28448888659477234,0.9810987710952759,0.9243159890174866,0.9329362511634827,0.2255042812588312
777,0.2792907655239105,0.9783775806427002,0.9260811805725098,0.9318332076072693,0.25755916129600026
778,0.2955859899520874,0.980069100856781,0.9315975308418274,0.9302890300750732,0.3354101155419368
779,0.28937938809394836,0.979554295539856,0.9302735924720764,0.9311714172363281,0.26035793571012533
780,0.2846643030643463,0.9788923859596252,0.9307149052619934,0.9353629350662231,0.24039503856764646
781,0.29962220788002014,0.9791130423545837,0.9287290573120117,0.9318332076072693,0.30438903629467384
782,0.29821762442588806,0.9799955487251282,0.9247573018074036,0.9302890300750732,0.31164726784888214
783,0.29734838008880615,0.9787452816963196,0.9285084009170532,0.9349216818809509,0.314269674370512
784,0.29509493708610535,0.9799220561981201,0.9309355616569519,0.9353629350662231,0.3014407447722563
785,0.2894178032875061,0.9805839657783508,0.9291703701019287,0.9309508204460144,0.2311696587594703
786,0.28780868649482727,0.9797013998031616,0.9280670881271362,0.9324950575828552,0.26408265613012843
787,0.2910500168800354,0.9791865944862366,0.9315975308418274,0.9351422786712646,0.24734660547553697
788,0.28636717796325684,0.9791865944862366,0.9287290573120117,0.9320538640022278,0.2575963163627146
789,0.2887265384197235,0.9756563901901245,0.9256399273872375,0.9318332076072693,0.3188613261179517
790,0.30484500527381897,0.9798485040664673,0.9289497137069702,0.934039294719696,0.312345624360928
791,0.2814998924732208,0.9796278476715088,0.9291703701019287,0.9316126108169556,0.24286870295147922
792,0.2870296835899353,0.9803633093833923,0.9315975308418274,0.9294065833091736,0.2395749757586093
793,0.29017654061317444,0.9803633093833923,0.9278464317321777,0.9313920140266418,0.27121466218679574
794,0.289366751909256,0.9798485040664673,0.9251986145973206,0.929847776889801,0.23445871001909305
795,0.29931989312171936,0.9802897572517395,0.9309355616569519,0.9347010850906372,0.3000094246001983
796,0.27979493141174316,0.9769066572189331,0.9311562180519104,0.9322744607925415,0.2117612881246705
797,0.29317376017570496,0.9794807434082031,0.9291703701019287,0.932715654373169,0.2574940011834809
798,0.2842239439487457,0.9791865944862366,0.9265224933624268,0.9318332076072693,0.23229373050953703
799,0.2905881106853485,0.9812458753585815,0.9309355616569519,0.9316126108169556,0.2391822456656129
800,0.29236647486686707,0.981025218963623,0.9260811805725098,0.9300683736801147,0.23110272158474654
801,0.2854388952255249,0.9801426529884338,0.9251986145973206,0.9331568479537964,0.25364373437300813
802,0.29031381011009216,0.9790394902229309,0.9271844625473022,0.9320538640022278,0.19521094270928072
803,0.2938183844089508,0.9806574583053589,0.9289497137069702,0.9313920140266418,0.23378318877750276
804,0.28164005279541016,0.9802162051200867,0.9265224933624268,0.9333774447441101,0.19297265437543432
805,0.29284536838531494,0.9791865944862366,0.9263018369674683,0.9342598915100098,0.29192426479190003
806,0.2906345725059509,0.9791865944862366,0.9229920506477356,0.9296271800994873,0.2679046607255772
807,0.2922775447368622,0.981025218963623,0.9227713942527771,0.9322744607925415,0.26982748894075076
808,0.2876802384853363,0.975877046585083,0.9227713942527771,0.9274211525917053,0.28269769998471206
809,0.297304630279541,0.981025218963623,0.9269638061523438,0.9316126108169556,0.3090227598823415
810,0.3039439916610718,0.9771273136138916,0.9194616079330444,0.9260975122451782,0.2989073203863943
811,0.30431824922561646,0.9696256518363953,0.9172551035881042,0.9196999669075012,0.3812751335494677
812,0.3162614703178406,0.9746267199516296,0.9221094250679016,0.927641749382019,0.36353454900949567
813,0.29778406023979187,0.9794807434082031,0.9271844625473022,0.932715654373169,0.25073444366569236
814,0.29870858788490295,0.9794807434082031,0.9291703701019287,0.9285241961479187,0.28608395080250304
815,0.2908863127231598,0.9766124486923218,0.9238746762275696,0.9291859865188599,0.2359460763486971
816,0.2970888912677765,0.977495014667511,0.9271844625473022,0.927641749382019,0.2414828200224816
817,0.3047051727771759,0.9793336391448975,0.925860583782196,0.9311714172363281,0.24887325081348752
818,0.2943575978279114,0.9808045625686646,0.9276257753372192,0.9329362511634827,0.2888650373007898
819,0.29166531562805176,0.9785246849060059,0.9271844625473022,0.9331568479537964,0.2436067416754746
820,0.29276180267333984,0.9813193678855896,0.9249779582023621,0.9373483657836914,0.23860400220659972
821,0.2938247621059418,0.9799955487251282,0.9274051189422607,0.9344804883003235,0.23648489516288876
822,0.2949843108654022,0.980069100856781,0.9271844625473022,0.9349216818809509,0.27886633373747227
823,0.299814373254776,0.9810987710952759,0.9256399273872375,0.9353629350662231,0.30600358565527186
824,0.29314228892326355,0.9798485040664673,0.9265224933624268,0.934039294719696,0.22868224638277124
825,0.2959793210029602,0.9792601466178894,0.9274051189422607,0.9349216818809509,0.3266355981018552
826,0.2971380352973938,0.9816135764122009,0.9300529360771179,0.934039294719696,0.3322932431598542
827,0.2805179953575134,0.9814664721488953,0.9296116828918457,0.9338186979293823,0.21648247303983748
828,0.2933475077152252,0.9820548295974731,0.9291703701019287,0.929847776889801,0.33121324276520386
829,0.28956565260887146,0.9798485040664673,0.9289497137069702,0.930509626865387,0.2617275263726918
830,0.2943432629108429,0.9808045625686646,0.9267431497573853,0.9291859865188599,0.24687529593818733
831,0.29210034012794495,0.9794807434082031,0.9265224933624268,0.9280829429626465,0.21406523531636168
832,0.292420357465744,0.9797013998031616,0.9269638061523438,0.929847776889801,0.24230907592375472
833,0.2816685140132904,0.9806574583053589,0.9298323392868042,0.9349216818809509,0.2378315509682947
834,0.29034745693206787,0.9810987710952759,0.9260811805725098,0.9331568479537964,0.2150373202535137
835,0.2900872826576233,0.9822754859924316,0.9285084009170532,0.9338186979293823,0.2684520542659014
836,0.2887539267539978,0.9816871285438538,0.9274051189422607,0.9313920140266418,0.2533669870580547
837,0.29028555750846863,0.9822019338607788,0.9291703701019287,0.9351422786712646,0.29691543619143673
838,0.2779334783554077,0.978009819984436,0.925860583782196,0.932715654373169,0.23203691093414208
839,0.29454609751701355,0.9808781147003174,0.9318181872367859,0.9377895593643188,0.27707671460022343
840,0.28230318427085876,0.9808045625686646,0.9289497137069702,0.9342598915100098,0.23740878086139505
841,0.2962982654571533,0.9804368615150452,0.9276257753372192,0.9364659190177917,0.2783961277260141
842,0.2860662043094635,0.9808045625686646,0.9293910264968872,0.9347010850906372,0.21013947707871997
843,0.2864782512187958,0.9814664721488953,0.9304942488670349,0.9358041286468506,0.24114535062400896
844,0.2784270942211151,0.9817606806755066,0.9278464317321777,0.9342598915100098,0.21010463996389814
845,0.28244590759277344,0.9802162051200867,0.9238746762275696,0.934039294719696,0.23087461143691348
846,0.2859073579311371,0.9805839657783508,0.9285084009170532,0.9331568479537964,0.24176395600200246
847,0.29297327995300293,0.9785246849060059,0.9280670881271362,0.9313920140266418,0.23267077986680024
848,0.2966855764389038,0.981025218963623,0.9285084009170532,0.9351422786712646,0.2711646242773383
849,0.2888892889022827,0.9813929200172424,0.9236540198326111,0.9318332076072693,0.22150803199452299
850,0.2963564991950989,0.9798485040664673,0.9251986145973206,0.9318332076072693,0.2885673311544433
851,0.28930172324180603,0.9792601466178894,0.9263018369674683,0.9322744607925415,0.24552462655515664
852,0.29549914598464966,0.9809516668319702,0.9247573018074036,0.9311714172363281,0.28324798717309785
853,0.2981637716293335,0.9792601466178894,0.925419270992279,0.9313920140266418,0.30319926132827
854,0.29432499408721924,0.9768331050872803,0.9256399273872375,0.9307302236557007,0.270811381422853
855,0.29290971159935,0.9778627753257751,0.9263018369674683,0.9318332076072693,0.23741470288843763
856,0.30881819128990173,0.9732293486595154,0.9214475154876709,0.9256563186645508,0.3922844342823316
857,0.337156742811203,0.9794807434082031,0.9247573018074036,0.9313920140266418,0.46057277010837594
858,0.2896956503391266,0.9748473763465881,0.9176964163780212,0.9258769154548645,0.22979237210982598
859,0.32754355669021606,0.9756563901901245,0.9205648899078369,0.9247738718986511,0.5146085874670167
860,0.30784425139427185,0.9693314433097839,0.9161518216133118,0.9208030104637146,0.2929637290355529
861,0.3488510847091675,0.9777156710624695,0.9236540198326111,0.9302890300750732,0.3998291359954057
862,0.3063623905181885,0.9702140092849731,0.918358325958252,0.9252151250839233,0.2770813790360643
863,0.34496042132377625,0.9771273136138916,0.9243159890174866,0.9320538640022278,0.4233301413501173
864,0.3102947771549225,0.974920928478241,0.9245366454124451,0.929847776889801,0.2840948149277579
865,0.3124014735221863,0.9748473763465881,0.9251986145973206,0.932715654373169,0.28686295802654604
866,0.30978813767433167,0.9755828380584717,0.9247573018074036,0.929847776889801,0.2618179080904382
867,0.31720203161239624,0.9787452816963196,0.9249779582023621,0.9309508204460144,0.24385357344483968
868,0.30641624331474304,0.9768331050872803,0.9225507378578186,0.9320538640022278,0.2455732930505438
869,0.3107413053512573,0.9768331050872803,0.9260811805725098,0.930509626865387,0.24616228432019352
870,0.29629817605018616,0.9755828380584717,0.9274051189422607,0.9267593622207642,0.19787141923669602
871,0.29102879762649536,0.9761711955070496,0.9287290573120117,0.9329362511634827,0.22384223852793705
872,0.296379417181015,0.9759505391120911,0.9243159890174866,0.929847776889801,0.22954071559384506
873,0.2978436052799225,0.977495014667511,0.9293910264968872,0.9311714172363281,0.2280794224187728
874,0.28607800602912903,0.9788923859596252,0.9278464317321777,0.9316126108169556,0.1942441851531792
875,0.29519784450531006,0.9782304763793945,0.9298323392868042,0.9344804883003235,0.24001659708313816
876,0.2905590236186981,0.9774214625358582,0.9269638061523438,0.9311714172363281,0.21163719933468203
877,0.3037863075733185,0.9807310104370117,0.9307149052619934,0.9355835318565369,0.2594644791120378
878,0.28198909759521484,0.9803633093833923,0.9315975308418274,0.9377895593643188,0.22931199365286734
879,0.29539749026298523,0.979554295539856,0.9313768744468689,0.9360247254371643,0.2509675689662574
880,0.28972765803337097,0.9791130423545837,0.9293910264968872,0.9364659190177917,0.23604112052193885
881,0.2847546637058258,0.977936327457428,0.9265224933624268,0.9335980415344238,0.2159187755220331
882,0.29591381549835205,0.9788923859596252,0.925860583782196,0.9349216818809509,0.23243240916223495
883,0.2827455401420593,0.9804368615150452,0.9280670881271362,0.9307302236557007,0.2040242533964918
884,0.28199779987335205,0.9807310104370117,0.9296116828918457,0.9335980415344238,0.20034198548882665
885,0.2768585979938507,0.9806574583053589,0.9309355616569519,0.9331568479537964,0.20590030181519625
886,0.2852742075920105,0.9798485040664673,0.9282877445220947,0.9331568479537964,0.20581671579258246
887,0.2877078056335449,0.9801426529884338,0.9269638061523438,0.9324950575828552,0.2133623117125388
888,0.27994269132614136,0.982128381729126,0.9311562180519104,0.9344804883003235,0.20671989002557478
889,0.2802901864051819,0.981025218963623,0.9271844625473022,0.9333774447441101,0.2299701139815553
890,0.281345009803772,0.9804368615150452,0.9287290573120117,0.9333774447441101,0.23123169346505792
891,0.27241820096969604,0.9797749519348145,0.9276257753372192,0.9331568479537964,0.18704082675417608
892,0.29004034399986267,0.9813193678855896,0.9289497137069702,0.9342598915100098,0.2714782111692277
893,0.2795809209346771,0.9819077849388123,0.9302735924720764,0.9324950575828552,0.18144463536848615
894,0.2750298082828522,0.9824961423873901,0.9300529360771179,0.9322744607925415,0.24394093127201313
895,0.2794191539287567,0.9816135764122009,0.9282877445220947,0.932715654373169,0.218720541796861
896,0.27735790610313416,0.9820548295974731,0.9300529360771179,0.9318332076072693,0.2192797194710093
897,0.2838646173477173,0.9816871285438538,0.9296116828918457,0.9329362511634827,0.22138659109132136
898,0.26576682925224304,0.9812458753585815,0.9298323392868042,0.9333774447441101,0.21622419123379982
899,0.28571629524230957,0.9808781147003174,0.9320388436317444,0.9347010850906372,0.22782526258473
900,0.2727339267730713,0.9826432466506958,0.925860583782196,0.9329362511634827,0.21662558748818644
901,0.2755206823348999,0.983084499835968,0.9274051189422607,0.9353629350662231,0.24443722540510052
902,0.27180537581443787,0.9817606806755066,0.9263018369674683,0.9320538640022278,0.2063355873549352
903,0.2800683379173279,0.9822019338607788,0.9265224933624268,0.9344804883003235,0.2805849408711525
904,0.2807193696498871,0.9808045625686646,0.9260811805725098,0.9313920140266418,0.2525977688428245
905,0.27615252137184143,0.9815400242805481,0.9291703701019287,0.9342598915100098,0.23178437527486528
906,0.277848482131958,0.9822019338607788,0.9311562180519104,0.9342598915100098,0.2473864849320304
907,0.28102466464042664,0.9818342328071594,0.9293910264968872,0.936245322227478,0.2374166815943804
908,0.27474236488342285,0.9801426529884338,0.9282877445220947,0.9373483657836914,0.267189738199506
909,0.28380322456359863,0.9805839657783508,0.9342453479766846,0.9342598915100098,0.25316036039331913
910,0.2868995666503906,0.9822019338607788,0.9300529360771179,0.9311714172363281,0.23775850444102015
911,0.27973684668540955,0.9815400242805481,0.9285084009170532,0.9347010850906372,0.2125161270921691
912,0.278014212846756,0.9819077849388123,0.9289497137069702,0.9347010850906372,0.2221005968695352
913,0.2823200821876526,0.9830109477043152,0.9302735924720764,0.9335980415344238,0.24140701843816434
914,0.2838648557662964,0.981025218963623,0.9276257753372192,0.9344804883003235,0.2156050839604037
915,0.28025466203689575,0.9804368615150452,0.9278464317321777,0.9329362511634827,0.2249334337267235
916,0.2910533547401428,0.9807310104370117,0.9289497137069702,0.9335980415344238,0.23010484111834228
917,0.28178805112838745,0.9802897572517395,0.9280670881271362,0.9322744607925415,0.23990592644131065
918,0.27647507190704346,0.9817606806755066,0.9302735924720764,0.9344804883003235,0.23310170224851282
919,0.27706027030944824,0.982569694519043,0.9324801564216614,0.936245322227478,0.22264360913482123
920,0.27691492438316345,0.9819813370704651,0.9276257753372192,0.9318332076072693,0.23401485028200955
921,0.2830743193626404,0.9828638434410095,0.9263018369674683,0.9329362511634827,0.26193962244915847
922,0.27952834963798523,0.9837464094161987,0.9293910264968872,0.9366865158081055,0.24408438416237735
923,0.27473488450050354,0.982128381729126,0.9313768744468689,0.9335980415344238,0.229953580073364
924,0.2823397219181061,0.9829373955726624,0.9260811805725098,0.9338186979293823,0.2459298852866393
925,0.2829008400440216,0.9809516668319702,0.9274051189422607,0.9316126108169556,0.24692549066821917
926,0.2861190140247345,0.9588144421577454,0.906222403049469,0.9080079793930054,0.3996163618603517
927,0.3714900016784668,0.9667573571205139,0.9126213788986206,0.9144054651260376,0.6152290866734333
928,0.3503729999065399,0.9289548993110657,0.8843777775764465,0.8828590512275696,0.6998375601933583
929,0.4614197909832001,0.9635213613510132,0.9112974405288696,0.9159497022628784,0.647985309861986
930,0.38944438099861145,0.9544752240180969,0.9022506475448608,0.9077873229980469,0.4712723357985658
931,0.41005757451057434,0.931823194026947,0.8762136101722717,0.8795499801635742,0.6067027614849365
932,0.5040726661682129,0.9199088215827942,0.8755516409873962,0.8757997155189514,1.0419592725355735
933,0.6215807795524597,0.8913730978965759,0.8462047576904297,0.8555040955543518,0.9707708874792913
934,0.6453543305397034,0.8956387042999268,0.8592233061790466,0.8552834987640381,0.6587649240568548
935,0.6619242429733276,0.9052731990814209,0.8693733811378479,0.8656519055366516,0.534585856148381
936,0.5875546336174011,0.9136574268341064,0.8724625110626221,0.8782263398170471,0.3948803126313109
937,0.5614907145500183,0.938515841960907,0.89496910572052,0.8974189162254333,0.367930252278864
938,0.5295004844665527,0.9289548993110657,0.883715808391571,0.8892565965652466,0.30233386906530574
939,0.5137203335762024,0.9310877323150635,0.8909973502159119,0.891903817653656,0.3111854592232283
940,0.477944940328598,0.9301316142082214,0.8929832577705383,0.8936686515808105,0.23377398790971154
941,0.4722881019115448,0.9449878334999084,0.9007061123847961,0.9029340744018555,0.24806385848638582
942,0.45944932103157043,0.9495477080345154,0.907987654209137,0.9077873229980469,0.26171200266168115
943,0.4303025007247925,0.9515334367752075,0.908428966999054,0.9099934101104736,0.22275313927461773
944,0.4308590590953827,0.9578583240509033,0.9146072268486023,0.9139642715454102,0.22885395523968532
945,0.40568989515304565,0.9597705006599426,0.9165931344032288,0.9185969829559326,0.20125646165197977
946,0.39691272377967834,0.9621975421905518,0.9199029207229614,0.9203618168830872,0.20846929691347124
947,0.37579572200775146,0.9630065560340881,0.9190202951431274,0.9168321490287781,0.1744270137413584
948,0.3683105707168579,0.9649187326431274,0.9205648899078369,0.9230090379714966,0.17734458865359215
949,0.36668163537979126,0.9653599858283997,0.9214475154876709,0.9225678443908691,0.17491122433124717
950,0.35403189063072205,0.9663896560668945,0.9210062026977539,0.9249944686889648,0.16895557109969192
951,0.35032784938812256,0.9671986103057861,0.9229920506477356,0.9216854572296143,0.1602873525676657
952,0.34521549940109253,0.9690372943878174,0.9274051189422607,0.9247738718986511,0.15207704067532188
953,0.3369784951210022,0.9702140092849731,0.9263018369674683,0.9263181090354919,0.15612867476708878
954,0.3278293311595917,0.9716113805770874,0.9269638061523438,0.9280829429626465,0.155087675156674
955,0.32904747128486633,0.9716113805770874,0.9285084009170532,0.930509626865387,0.1558078004309025
956,0.32101893424987793,0.971905529499054,0.9282877445220947,0.9296271800994873,0.14846606314550406
957,0.3096395432949066,0.9716849327087402,0.9293910264968872,0.9320538640022278,0.13487664232452248
958,0.31211283802986145,0.9727145433425903,0.9293910264968872,0.9320538640022278,0.15649743079470757
959,0.29945066571235657,0.9751415848731995,0.9280670881271362,0.9285241961479187,0.15451802759116565
960,0.3054355978965759,0.975877046585083,0.9315975308418274,0.9313920140266418,0.16712259121790463
961,0.30102014541625977,0.9755092859268188,0.9289497137069702,0.9309508204460144,0.139176612485415
962,0.2938334047794342,0.9757299423217773,0.9298323392868042,0.9316126108169556,0.15156258190164285
963,0.2925817668437958,0.9767595529556274,0.9280670881271362,0.9333774447441101,0.14411394042289824
964,0.2926328480243683,0.9769802093505859,0.9282877445220947,0.934039294719696,0.1481560975896077
965,0.28382939100265503,0.9786717295646667,0.9287290573120117,0.932715654373169,0.15196371898953123
966,0.28305405378341675,0.9782304763793945,0.9320388436317444,0.9329362511634827,0.15211693625001999
967,0.27441301941871643,0.9774214625358582,0.9309355616569519,0.9313920140266418,0.1503231543101206
968,0.28469425439834595,0.978009819984436,0.9320388436317444,0.9329362511634827,0.17538047980314544
969,0.27654287219047546,0.9780833721160889,0.9320388436317444,0.9294065833091736,0.1579968823946744
970,0.2777724266052246,0.9790394902229309,0.9307149052619934,0.9318332076072693,0.1571867186069619
971,0.2806389331817627,0.9794071912765503,0.9318181872367859,0.934039294719696,0.15881205887275912
972,0.27703869342803955,0.9804368615150452,0.9304942488670349,0.9347010850906372,0.14105542955454717
973,0.27324286103248596,0.9806574583053589,0.9304942488670349,0.9349216818809509,0.14852338872777474
974,0.2741014361381531,0.9803633093833923,0.9327008128166199,0.9347010850906372,0.17723317099603358
975,0.27271929383277893,0.9794807434082031,0.9331421256065369,0.9351422786712646,0.14917603473773966
976,0.27419978380203247,0.9794807434082031,0.9282877445220947,0.9322744607925415,0.1641630281019259
977,0.27344268560409546,0.9796278476715088,0.9282877445220947,0.932715654373169,0.17928139513943386
978,0.2673516273498535,0.9812458753585815,0.9278464317321777,0.930509626865387,0.16399748677885576
979,0.2646998465061188,0.9812458753585815,0.9287290573120117,0.9335980415344238,0.18548218308530898
980,0.26457518339157104,0.980510413646698,0.9311562180519104,0.9355835318565369,0.16818223195761972
981,0.27493152022361755,0.9803633093833923,0.9331421256065369,0.9366865158081055,0.1547609749237705
982,0.26690274477005005,0.9810987710952759,0.9342453479766846,0.9353629350662231,0.1756427023517938
983,0.2701851725578308,0.9815400242805481,0.9324801564216614,0.9347010850906372,0.1774712002364771
984,0.2676204442977905,0.9820548295974731,0.9320388436317444,0.9331568479537964,0.18283321889295562
985,0.27166831493377686,0.9822754859924316,0.9307149052619934,0.9324950575828552,0.18755516911792391
986,0.26450315117836,0.9822754859924316,0.925419270992279,0.9338186979293823,0.17249106838842543
987,0.27159205079078674,0.9816135764122009,0.9280670881271362,0.9344804883003235,0.19895481546144358
988,0.27678772807121277,0.9811723232269287,0.9289497137069702,0.9358041286468506,0.19917496893773987
989,0.26936113834381104,0.9822754859924316,0.9311562180519104,0.9329362511634827,0.18502744557863596
990,0.2675703763961792,0.9824225902557373,0.9293910264968872,0.936245322227478,0.20881105782277978
991,0.2626163363456726,0.9804368615150452,0.9291703701019287,0.9344804883003235,0.1810003267405339
992,0.2748855650424957,0.9808781147003174,0.9285084009170532,0.9329362511634827,0.19922425192214535
993,0.2706393897533417,0.9824225902557373,0.9282877445220947,0.932715654373169,0.19747592183836235
994,0.2743770182132721,0.9803633093833923,0.9302735924720764,0.9316126108169556,0.24858708125547047
995,0.2800298035144806,0.9823490381240845,0.9300529360771179,0.9329362511634827,0.2859900929227421
996,0.26966652274131775,0.9831580519676208,0.9338040947914124,0.9353629350662231,0.22721517242710793
997,0.26857197284698486,0.980510413646698,0.9342453479766846,0.9347010850906372,0.19494049460341079
998,0.276376336812973,0.9818342328071594,0.935348629951477,0.9311714172363281,0.23817363546787754
999,0.27759504318237305,0.9824961423873901,0.9327008128166199,0.9335980415344238,0.20155294506956287
1000,0.2721656858921051,0.9826432466506958,0.9313768744468689,0.9331568479537964,0.2451561334143709
1001,0.28043973445892334,0.9824961423873901,0.9311562180519104,0.9324950575828552,0.2579555589323912
1002,0.28185081481933594,0.9815400242805481,0.9296116828918457,0.9322744607925415,0.23656605887163618
1003,0.2828522026538849,0.9816135764122009,0.9333627820014954,0.934039294719696,0.25427628026314814
1004,0.27996981143951416,0.9816871285438538,0.9315975308418274,0.9349216818809509,0.23924103776603084
1005,0.28166311979293823,0.9772008657455444,0.9245366454124451,0.9320538640022278,0.27027969848036765
1006,0.2899813950061798,0.9799955487251282,0.9282877445220947,0.934039294719696,0.2634181362779856
1007,0.2774074673652649,0.9816135764122009,0.9287290573120117,0.9316126108169556,0.25191649421447304
1008,0.2939855456352234,0.9824225902557373,0.9309355616569519,0.9333774447441101,0.29134709192425573
1009,0.28105223178863525,0.9776421189308167,0.9251986145973206,0.9309508204460144,0.2170409091462114
1010,0.295392781496048,0.980069100856781,0.9289497137069702,0.9333774447441101,0.2718582989956494
1011,0.2899765968322754,0.9818342328071594,0.9256399273872375,0.9309508204460144,0.25832476351336564
1012,0.2889572083950043,0.9787452816963196,0.9260811805725098,0.9318332076072693,0.20494463712462946
1013,0.2861989736557007,0.9794071912765503,0.9287290573120117,0.9302890300750732,0.24849208409259085
1014,0.28378280997276306,0.9808045625686646,0.9318181872367859,0.9316126108169556,0.2264471255277127
1015,0.2928701639175415,0.977936327457428,0.9269638061523438,0.9316126108169556,0.2560858601661084
1016,0.29428479075431824,0.9802162051200867,0.9280670881271362,0.9353629350662231,0.2769686717642649
1017,0.2766701579093933,0.979554295539856,0.9289497137069702,0.9320538640022278,0.20003597150282884
1018,0.2859903573989868,0.977936327457428,0.9263018369674683,0.9287447929382324,0.2799521546432399
1019,0.28665608167648315,0.9820548295974731,0.9313768744468689,0.930509626865387,0.2750805218529179
1020,0.28468000888824463,0.9794071912765503,0.925860583782196,0.92411208152771,0.21934724418580945
1021,0.3006764352321625,0.9710965752601624,0.9221094250679016,0.9223472476005554,0.37418728582733046
1022,0.31987684965133667,0.9790394902229309,0.9289497137069702,0.9329362511634827,0.4421695316541711
1023,0.29486149549484253,0.978451132774353,0.9260811805725098,0.9320538640022278,0.2740676549349251
1024,0.30029842257499695,0.9772008657455444,0.9274051189422607,0.9287447929382324,0.3017772456648791
1025,0.2921733856201172,0.9803633093833923,0.9302735924720764,0.9280829429626465,0.2934882723137114
1026,0.30126649141311646,0.9811723232269287,0.9274051189422607,0.9285241961479187,0.25817900149237344
1027,0.28986406326293945,0.981025218963623,0.9293910264968872,0.932715654373169,0.3102026321703219
1028,0.29394927620887756,0.979554295539856,0.9278464317321777,0.9309508204460144,0.247154825721818
1029,0.2933940589427948,0.9792601466178894,0.9282877445220947,0.932715654373169,0.2865816799818633
1030,0.28971225023269653,0.9789659380912781,0.9243159890174866,0.9329362511634827,0.23726346965409986
1031,0.2989434599876404,0.9785982370376587,0.9291703701019287,0.9313920140266418,0.2775845050395684
1032,0.2944973409175873,0.9799220561981201,0.9298323392868042,0.9333774447441101,0.22847525941096752
1033,0.28171390295028687,0.9802897572517395,0.9298323392868042,0.9324950575828552,0.2462544500459335
1034,0.29323679208755493,0.9799955487251282,0.9282877445220947,0.9335980415344238,0.27899026756915124
1035,0.2963508069515228,0.9802897572517395,0.9296116828918457,0.9318332076072693,0.2610917753460807
1036,0.2921554744243622,0.9818342328071594,0.9327008128166199,0.934039294719696,0.2749454229532677
1037,0.2887108325958252,0.9802897572517395,0.9293910264968872,0.9309508204460144,0.22896353376165157
1038,0.28357207775115967,0.9804368615150452,0.9282877445220947,0.9313920140266418,0.2487511385210428
1039,0.28308141231536865,0.9808781147003174,0.9287290573120117,0.9300683736801147,0.22987760033377302
1040,0.2834967076778412,0.9828638434410095,0.9287290573120117,0.929847776889801,0.25084063853983607
1041,0.28464314341545105,0.9801426529884338,0.9256399273872375,0.9331568479537964,0.20832487776752462
1042,0.288849800825119,0.9808045625686646,0.9251986145973206,0.9320538640022278,0.23538158574468035
1043,0.28261250257492065,0.9807310104370117,0.9278464317321777,0.929847776889801,0.19609911549338796
1044,0.27871233224868774,0.9807310104370117,0.9298323392868042,0.932715654373169,0.22630017284601373
1045,0.2851550579071045,0.9803633093833923,0.9274051189422607,0.9320538640022278,0.2380143295141424
1046,0.28280356526374817,0.9822019338607788,0.9278464317321777,0.9300683736801147,0.25596811981722417
1047,0.27636101841926575,0.9819813370704651,0.9287290573120117,0.9335980415344238,0.2270709748703187
1048,0.28014135360717773,0.9815400242805481,0.9263018369674683,0.9344804883003235,0.24237807921460855
1049,0.27405524253845215,0.9810987710952759,0.9247573018074036,0.9309508204460144,0.21394752796770303
1050,0.2937881350517273,0.9812458753585815,0.9274051189422607,0.9316126108169556,0.2679437770109991
1051,0.2833559513092041,0.9819077849388123,0.9291703701019287,0.9353629350662231,0.2395574747653896
1052,0.28837889432907104,0.9806574583053589,0.9271844625473022,0.9331568479537964,0.25067760363687003
1053,0.2919048070907593,0.9789659380912781,0.925419270992279,0.9347010850906372,0.22039512988947282
1054,0.28469154238700867,0.9785246849060059,0.9267431497573853,0.9349216818809509,0.219316669131785
1055,0.2956817150115967,0.9806574583053589,0.9287290573120117,0.93845134973526,0.24209540288144227
1056,0.2808275818824768,0.980069100856781,0.9278464317321777,0.9338186979293823,0.2003928502426102
1057,0.27732840180397034,0.9805839657783508,0.9276257753372192,0.9324950575828552,0.20757354462900332
1058,0.27717822790145874,0.981025218963623,0.9291703701019287,0.934039294719696,0.2040815931917493
1059,0.2889295220375061,0.9819813370704651,0.9307149052619934,0.9333774447441101,0.22232048716868794
1060,0.2871130108833313,0.9827167391777039,0.9289497137069702,0.934039294719696,0.21984501165986176
1061,0.27879008650779724,0.9808781147003174,0.9287290573120117,0.9320538640022278,0.20781718449135686
1062,0.27755314111709595,0.9808045625686646,0.9229920506477356,0.9331568479537964,0.22341862983149635
1063,0.28193825483322144,0.9816871285438538,0.9260811805725098,0.9333774447441101,0.20560607084523094
1064,0.2841661274433136,0.9813193678855896,0.925419270992279,0.9307302236557007,0.20489312666223064
1065,0.2848465144634247,0.9816135764122009,0.9263018369674683,0.929847776889801,0.24405188410991774
1066,0.2740686237812042,0.9816871285438538,0.9249779582023621,0.927641749382019,0.20905516486833592
1067,0.286732941865921,0.9811723232269287,0.9285084009170532,0.9324950575828552,0.22650659642270357
1068,0.2819136381149292,0.9811723232269287,0.9265224933624268,0.9294065833091736,0.22746383319103952
1069,0.2826988697052002,0.9823490381240845,0.9269638061523438,0.9311714172363281,0.2233742160595149
1070,0.27839359641075134,0.9824225902557373,0.9247573018074036,0.9307302236557007,0.2309613037482939
1071,0.2801586985588074,0.9829373955726624,0.9280670881271362,0.932715654373169,0.25416075211014727
1072,0.28077033162117004,0.9811723232269287,0.9249779582023621,0.934039294719696,0.24278998092478488
1073,0.27506715059280396,0.9797013998031616,0.925860583782196,0.9318332076072693,0.20633002386905122
1074,0.28218936920166016,0.9812458753585815,0.9265224933624268,0.9331568479537964,0.23086586332573525
1075,0.27799710631370544,0.9828638434410095,0.9276257753372192,0.9335980415344238,0.25445694957624665
1076,0.28028038144111633,0.9819813370704651,0.9287290573120117,0.929847776889801,0.21524777410868384
1077,0.2806195020675659,0.9808045625686646,0.9260811805725098,0.930509626865387,0.20439547860212873
1078,0.28005707263946533,0.980069100856781,0.9269638061523438,0.9300683736801147,0.23959618560120122
1079,0.27857378125190735,0.9803633093833923,0.9285084009170532,0.9331568479537964,0.20776952978734348
1080,0.28142356872558594,0.9815400242805481,0.9282877445220947,0.9355835318565369,0.211950669379683
1081,0.2845194339752197,0.9830109477043152,0.9298323392868042,0.9344804883003235,0.22015991847254396
1082,0.2776595652103424,0.9819077849388123,0.9293910264968872,0.934039294719696,0.25987710996714164
1083,0.2795335650444031,0.9816135764122009,0.9263018369674683,0.9349216818809509,0.2512756642962006
1084,0.28212177753448486,0.9806574583053589,0.9287290573120117,0.9331568479537964,0.2330489715330177
1085,0.2816784679889679,0.9811723232269287,0.9291703701019287,0.9329362511634827,0.2407898437961448
1086,0.28883102536201477,0.9811723232269287,0.9282877445220947,0.9364659190177917,0.2732114532731665
1087,0.27727100253105164,0.9813929200172424,0.9322595000267029,0.9351422786712646,0.24406693089893727
1088,0.2819523513317108,0.979554295539856,0.9289497137069702,0.9269799590110779,0.2747731858613226
1089,0.2901683747768402,0.9676399230957031,0.9148278832435608,0.9141848683357239,0.42478780541637406
1090,0.3432452976703644,0.9769802093505859,0.9238746762275696,0.9258769154548645,0.5691398624880556
1091,0.30541756749153137,0.9696992039680481,0.9194616079330444,0.9214648008346558,0.45491232982067725
1092,0.3277769982814789,0.9770537614822388,0.9256399273872375,0.92411208152771,0.46712891040251836
1093,0.330893337726593,0.9725674390792847,0.917917013168335,0.9227884411811829,0.48779040201450896
1094,0.34100380539894104,0.9776421189308167,0.925860583782196,0.9291859865188599,0.46692530546656796
1095,0.31882351636886597,0.9760976433753967,0.9274051189422607,0.9260975122451782,0.33168810984260094
1096,0.3317433297634125,0.9742590188980103,0.9247573018074036,0.9243326783180237,0.41128505554420275
1097,0.3214183449745178,0.9721261858940125,0.9210062026977539,0.9287447929382324,0.3056901491544252
1098,0.3209668695926666,0.9753621816635132,0.9291703701019287,0.9280829429626465,0.32962004695362623
1099,0.3053077459335327,0.9772743582725525,0.9320388436317444,0.9285241961479187,0.2678120363597989
1100,0.3135968744754791,0.9751415848731995,0.9271844625473022,0.9296271800994873,0.3268860271179746
1101,0.30772900581359863,0.9743325710296631,0.925860583782196,0.9285241961479187,0.29746846252155745
1102,0.3043937385082245,0.9765389561653137,0.9274051189422607,0.9338186979293823,0.2371695167187131
1103,0.3034589886665344,0.9772743582725525,0.9274051189422607,0.9335980415344238,0.24010700990641284
1104,0.30362316966056824,0.9790394902229309,0.9300529360771179,0.930509626865387,0.26027868985265484
1105,0.2886253297328949,0.9778627753257751,0.9245366454124451,0.9269799590110779,0.23936175435055582
1106,0.3004424273967743,0.9799955487251282,0.9274051189422607,0.9300683736801147,0.29119044050777576
1107,0.2893787622451782,0.981025218963623,0.9285084009170532,0.9316126108169556,0.22962632838643884
1108,0.2798895239830017,0.9799955487251282,0.9302735924720764,0.932715654373169,0.23492784073479298
1109,0.292230486869812,0.9791865944862366,0.9276257753372192,0.9322744607925415,0.2147996376278353
1110,0.29436609148979187,0.9790394902229309,0.9280670881271362,0.9316126108169556,0.22276125656386134
1111,0.2853211462497711,0.9791130423545837,0.9287290573120117,0.9324950575828552,0.21264134818552893
1112,0.29063618183135986,0.9798485040664673,0.9280670881271362,0.9333774447441101,0.20489837641533562
1113,0.28862661123275757,0.9791865944862366,0.9274051189422607,0.9335980415344238,0.23605619000835532
1114,0.276081383228302,0.9804368615150452,0.9274051189422607,0.9335980415344238,0.20603761606494084
1115,0.28184303641319275,0.9801426529884338,0.9274051189422607,0.930509626865387,0.21838034216100125
1116,0.28239062428474426,0.9806574583053589,0.9287290573120117,0.9329362511634827,0.19178374462605338
1117,0.2812408208847046,0.9813929200172424,0.9285084009170532,0.9320538640022278,0.21115745251905152
1118,0.28013402223587036,0.9811723232269287,0.9280670881271362,0.930509626865387,0.21813767186915298
1119,0.2746161222457886,0.9798485040664673,0.9302735924720764,0.9307302236557007,0.25498165868755995
1120,0.27893638610839844,0.9797749519348145,0.9274051189422607,0.934039294719696,0.22795554128303494
1121,0.28370997309684753,0.979554295539856,0.9300529360771179,0.9349216818809509,0.24018928161072872
1122,0.28059548139572144,0.9810987710952759,0.9263018369674683,0.932715654373169,0.21986079690365462
1123,0.2810254991054535,0.9815400242805481,0.9300529360771179,0.9329362511634827,0.2369408850723161
1124,0.2759603261947632,0.9813193678855896,0.9309355616569519,0.9311714172363281,0.21187804437968064
1125,0.2713511288166046,0.982128381729126,0.9302735924720764,0.932715654373169,0.21097979693083618
1126,0.26380982995033264,0.9824961423873901,0.9313768744468689,0.9333774447441101,0.18271303374931747
1127,0.2750297486782074,0.982569694519043,0.9338040947914124,0.9349216818809509,0.21396542139331856
1128,0.27364102005958557,0.982569694519043,0.9318181872367859,0.9320538640022278,0.20143471966943194
1129,0.2722013592720032,0.9809516668319702,0.9302735924720764,0.9296271800994873,0.1914641309767395
1130,0.2696748971939087,0.9802897572517395,0.9304942488670349,0.9316126108169556,0.20584267204023732
1131,0.27891138195991516,0.9805839657783508,0.9327008128166199,0.9329362511634827,0.19100702414866896
1132,0.27349355816841125,0.9811723232269287,0.9307149052619934,0.9331568479537964,0.21610411076973657
1133,0.2680812478065491,0.9818342328071594,0.9318181872367859,0.9302890300750732,0.17742441449236532
1134,0.2813638150691986,0.9818342328071594,0.9311562180519104,0.9331568479537964,0.22182997151852046
1135,0.27947288751602173,0.9816135764122009,0.9278464317321777,0.9353629350662231,0.21433362086257554
1136,0.2760583460330963,0.9819813370704651,0.9293910264968872,0.9322744607925415,0.2283557488337449
1137,0.28008902072906494,0.9822019338607788,0.9274051189422607,0.9347010850906372,0.2275789645987844
1138,0.2717207670211792,0.9834522008895874,0.9322595000267029,0.9318332076072693,0.1960437003100071
1139,0.27398520708084106,0.982569694519043,0.9327008128166199,0.9335980415344238,0.18607332229497653
1140,0.2648671269416809,0.9827167391777039,0.9344660043716431,0.9373483657836914,0.18981232844846868
1141,0.2749069333076477,0.9827167391777039,0.9335834383964539,0.9360247254371643,0.23197298385207393
1142,0.27500221133232117,0.9789659380912781,0.9287290573120117,0.9300683736801147,0.2624019270817097
1143,0.2861519455909729,0.9824961423873901,0.9318181872367859,0.9333774447441101,0.30409199779092555
1144,0.2726837992668152,0.980069100856781,0.9276257753372192,0.929847776889801,0.2609974296442867
1145,0.28405770659446716,0.9778627753257751,0.9282877445220947,0.9269799590110779,0.32020795713180195
1146,0.2860504686832428,0.9806574583053589,0.9300529360771179,0.9329362511634827,0.32251217189975784
1147,0.28248047828674316,0.9810987710952759,0.9300529360771179,0.932715654373169,0.2555937459831183
1148,0.2855222225189209,0.9819077849388123,0.9298323392868042,0.9338186979293823,0.27719110475557346
1149,0.2765485346317291,0.9774214625358582,0.9280670881271362,0.927641749382019,0.21296133548379265
1150,0.2841319739818573,0.9816871285438538,0.9287290573120117,0.9300683736801147,0.24928350376134745
1151,0.2781212329864502,0.9809516668319702,0.9287290573120117,0.9289653897285461,0.2286642682748327
1152,0.2711862325668335,0.9773479104042053,0.9274051189422607,0.9272005558013916,0.22161992457342305
1153,0.2912922501564026,0.9811723232269287,0.9278464317321777,0.9320538640022278,0.2958508239674168
1154,0.2971242666244507,0.9817606806755066,0.925860583782196,0.9313920140266418,0.25861856481551576
1155,0.2835470139980316,0.9799955487251282,0.9269638061523438,0.9269799590110779,0.2753950706885768
1156,0.2873254120349884,0.9811723232269287,0.9263018369674683,0.9311714172363281,0.2547084976862323
1157,0.2921043336391449,0.9823490381240845,0.9276257753372192,0.9351422786712646,0.23365886932200056
1158,0.2821353077888489,0.9822019338607788,0.9324801564216614,0.9386719465255737,0.2671180286265379
1159,0.28242284059524536,0.9816135764122009,0.9274051189422607,0.9329362511634827,0.24401304629443996
1160,0.28345948457717896,0.9814664721488953,0.9285084009170532,0.9302890300750732,0.23254663474926413
1161,0.29576730728149414,0.9783775806427002,0.9269638061523438,0.9287447929382324,0.35338083758639716
1162,0.2968059778213501,0.9781569242477417,0.9315975308418274,0.9291859865188599,0.3708738214118013
1163,0.2790258228778839,0.9785246849060059,0.9298323392868042,0.9331568479537964,0.24515717763359626
1164,0.2937971353530884,0.9792601466178894,0.9291703701019287,0.9302890300750732,0.3515314695286867
1165,0.30541014671325684,0.9823490381240845,0.9300529360771179,0.9338186979293823,0.3314372246147638
1166,0.2911114990711212,0.9830109477043152,0.9320388436317444,0.9309508204460144,0.2797284707944022
1167,0.28804272413253784,0.9807310104370117,0.9280670881271362,0.9316126108169556,0.25054436647112216
1168,0.2917008101940155,0.9797013998031616,0.9291703701019287,0.9338186979293823,0.30269577117674595
1169,0.2847100794315338,0.9802162051200867,0.9298323392868042,0.9347010850906372,0.22793949167670466
1170,0.29137855768203735,0.9814664721488953,0.9304942488670349,0.934039294719696,0.2570747555392817
1171,0.2813335359096527,0.9828638434410095,0.9302735924720764,0.9342598915100098,0.22979814431449896
1172,0.2832373380661011,0.9827902913093567,0.9340247511863708,0.930509626865387,0.25364253395810626
1173,0.2839801013469696,0.9809516668319702,0.9280670881271362,0.9296271800994873,0.24260453588066921
1174,0.2870563566684723,0.9806574583053589,0.9274051189422607,0.9283035397529602,0.23348615785253116
1175,0.2799052596092224,0.9826432466506958,0.9302735924720764,0.9300683736801147,0.22550332723716712
1176,0.2846943140029907,0.9819813370704651,0.9315975308418274,0.9324950575828552,0.24953319917606037
1177,0.2821462154388428,0.980510413646698,0.9271844625473022,0.9338186979293823,0.2050885668115825
1178,0.2812912166118622,0.9799955487251282,0.9287290573120117,0.9329362511634827,0.24864287600098894
1179,0.2839638888835907,0.9816135764122009,0.9263018369674683,0.9322744607925415,0.2117298024437009
1180,0.2757129669189453,0.9812458753585815,0.9291703701019287,0.9322744607925415,0.26461188743138037
1181,0.28503209352493286,0.9822019338607788,0.9300529360771179,0.9316126108169556,0.23521991835618902
1182,0.27660101652145386,0.9818342328071594,0.9282877445220947,0.9320538640022278,0.26359323667541523
1183,0.2749705910682678,0.9805839657783508,0.9271844625473022,0.9311714172363281,0.1992771776870045
1184,0.28915995359420776,0.9815400242805481,0.9296116828918457,0.9335980415344238,0.2686552670819281
1185,0.26483461260795593,0.9813929200172424,0.9298323392868042,0.929847776889801,0.17776598970951338
1186,0.27971476316452026,0.9822019338607788,0.9271844625473022,0.9294065833091736,0.23531176751682875
1187,0.2723792791366577,0.9827167391777039,0.925860583782196,0.9289653897285461,0.19594405289234906
1188,0.2781042754650116,0.9816871285438538,0.9287290573120117,0.9287447929382324,0.23621596415998278
1189,0.2795947790145874,0.9813193678855896,0.9307149052619934,0.9333774447441101,0.2278490556523983
1190,0.2758495509624481,0.9822754859924316,0.9318181872367859,0.9342598915100098,0.247004198908067
1191,0.2731381952762604,0.9830109477043152,0.9298323392868042,0.9347010850906372,0.20644403077994442
1192,0.2675389051437378,0.9813193678855896,0.9291703701019287,0.9324950575828552,0.2207084169751683
1193,0.28977909684181213,0.9824225902557373,0.9298323392868042,0.9320538640022278,0.25751356891277244
1194,0.28617802262306213,0.9811723232269287,0.9298323392868042,0.9324950575828552,0.30051489172135454
1195,0.2771475613117218,0.9807310104370117,0.9287290573120117,0.9331568479537964,0.22858922241703641
1196,0.2792721390724182,0.982128381729126,0.9307149052619934,0.9344804883003235,0.23877482134740993
1197,0.2758023142814636,0.983084499835968,0.9333627820014954,0.9353629350662231,0.21399073787606343
1198,0.2764224410057068,0.9808045625686646,0.9322595000267029,0.9316126108169556,0.24657928093767473
1199,0.2774185836315155,0.981025218963623,0.9320388436317444,0.9318332076072693,0.2446347050529246
1200,0.2805383503437042,0.9819077849388123,0.9335834383964539,0.932715654373169,0.23599930001829586
1201,0.28092989325523376,0.9820548295974731,0.9331421256065369,0.9329362511634827,0.24874872571046452
1202,0.281985878944397,0.9833786487579346,0.9320388436317444,0.9313920140266418,0.22829867260987796
1203,0.2711915969848633,0.9829373955726624,0.9320388436317444,0.9302890300750732,0.25753977251680205
1204,0.2684924900531769,0.9819077849388123,0.9360105991363525,0.9309508204460144,0.20106228867733303
1205,0.2816503345966339,0.9824961423873901,0.9327008128166199,0.9322744607925415,0.25898866004743015
1206,0.2746552526950836,0.9828638434410095,0.9307149052619934,0.9322744607925415,0.20699968167096297
1207,0.27790918946266174,0.980510413646698,0.9313768744468689,0.9300683736801147,0.23355194974757112
1208,0.27133122086524963,0.9824225902557373,0.9318181872367859,0.9302890300750732,0.22625962172737557
1209,0.2816929221153259,0.9824961423873901,0.9320388436317444,0.9313920140266418,0.2864319373107871
1210,0.27455398440361023,0.9813929200172424,0.9331421256065369,0.9318332076072693,0.22217340798388344
1211,0.28105032444000244,0.9829373955726624,0.9315975308418274,0.9338186979293823,0.27152618971784104
1212,0.2776501774787903,0.980510413646698,0.9313768744468689,0.9263181090354919,0.27314118461516473
1213,0.2816610634326935,0.9805839657783508,0.9280670881271362,0.9302890300750732,0.36375208815255383
1214,0.28941401839256287,0.9823490381240845,0.9300529360771179,0.9300683736801147,0.3164643111406542
1215,0.2823987603187561,0.9810987710952759,0.9329214692115784,0.9287447929382324,0.2530405612075078
1216,0.293960839509964,0.9804368615150452,0.9282877445220947,0.9285241961479187,0.3603538327392792
1217,0.30330270528793335,0.9794807434082031,0.9265224933624268,0.9278623461723328,0.3923751810575459
1218,0.28413599729537964,0.9806574583053589,0.9267431497573853,0.9291859865188599,0.2754094361224102
1219,0.3020683228969574,0.9799955487251282,0.9265224933624268,0.9300683736801147,0.3857091925224849
1220,0.3058972656726837,0.9814664721488953,0.9276257753372192,0.9342598915100098,0.34224435456634233
1221,0.2909264862537384,0.9801426529884338,0.9263018369674683,0.9324950575828552,0.28428674975250645
1222,0.30549219250679016,0.9791130423545837,0.9280670881271362,0.9309508204460144,0.34611071676860905
1223,0.2979729473590851,0.9768331050872803,0.9251986145973206,0.9318332076072693,0.24841647391856744
1224,0.29187214374542236,0.9783775806427002,0.9260811805725098,0.9324950575828552,0.2510395629787636
1225,0.28780093789100647,0.9822019338607788,0.9298323392868042,0.9318332076072693,0.22784842080282122
1226,0.28240862488746643,0.9799955487251282,0.9304942488670349,0.9329362511634827,0.24052965457323244
1227,0.2960902154445648,0.9802897572517395,0.9293910264968872,0.9313920140266418,0.24143359825313848
1228,0.2780197262763977,0.9786717295646667,0.9265224933624268,0.927641749382019,0.2151621713855983
1229,0.29020020365715027,0.9805839657783508,0.9289497137069702,0.9302890300750732,0.24950469571348455
1230,0.28234392404556274,0.979554295539856,0.9265224933624268,0.9296271800994873,0.25126694221232276
1231,0.28413593769073486,0.9814664721488953,0.9300529360771179,0.9313920140266418,0.25397526085158567
1232,0.27004474401474,0.9802162051200867,0.9265224933624268,0.9289653897285461,0.22792354384338023
1233,0.2813875675201416,0.980510413646698,0.9282877445220947,0.9311714172363281,0.26465338384200415
1234,0.27958789467811584,0.9797749519348145,0.9285084009170532,0.9307302236557007,0.27014257834431354
1235,0.27247804403305054,0.980069100856781,0.9298323392868042,0.9280829429626465,0.19938745872146696
1236,0.28260308504104614,0.9829373955726624,0.9298323392868042,0.9366865158081055,0.23985647301660515
1237,0.27615758776664734,0.9816871285438538,0.9278464317321777,0.9316126108169556,0.23944143037367424
1238,0.2881576418876648,0.983084499835968,0.9285084009170532,0.9324950575828552,0.2766022383725436
1239,0.2732101082801819,0.9819813370704651,0.9280670881271362,0.9313920140266418,0.19502455724953804
1240,0.28843775391578674,0.9813193678855896,0.9282877445220947,0.9313920140266418,0.35706635776018203
1241,0.28138336539268494,0.9827902913093567,0.9298323392868042,0.9349216818809509,0.30537016478628204
1242,0.28026190400123596,0.9833051562309265,0.9309355616569519,0.9331568479537964,0.2676844791475268
1243,0.2805193066596985,0.9796278476715088,0.9260811805725098,0.9289653897285461,0.24413403663090877
1244,0.2926894724369049,0.9802162051200867,0.9249779582023621,0.9309508204460144,0.33171084012809854
1245,0.28304004669189453,0.9805839657783508,0.9260811805725098,0.9313920140266418,0.247309584905977
1246,0.2831296920776367,0.9794071912765503,0.9267431497573853,0.9338186979293823,0.25603617809158963
1247,0.28800782561302185,0.9838199615478516,0.9322595000267029,0.9358041286468506,0.28440015437487
1248,0.2784784436225891,0.9826432466506958,0.9296116828918457,0.9285241961479187,0.24257727083143002
1249,0.2933354079723358,0.9813929200172424,0.9282877445220947,0.9316126108169556,0.34191403989591557
1250,0.2808738648891449,0.9820548295974731,0.9278464317321777,0.9309508204460144,0.2892002991454342
1251,0.2932755947113037,0.9813929200172424,0.9247573018074036,0.9287447929382324,0.24137592256705961
1252,0.29399365186691284,0.9787452816963196,0.9287290573120117,0.9296271800994873,0.28852504043767163
1253,0.27509579062461853,0.9791865944862366,0.9300529360771179,0.9302890300750732,0.2413590677600772
1254,0.2883390486240387,0.9808045625686646,0.9287290573120117,0.9316126108169556,0.2366771169464194
1255,0.29098835587501526,0.9799955487251282,0.9274051189422607,0.9296271800994873,0.2883595901371468
1256,0.2839879095554352,0.9798485040664673,0.9265224933624268,0.9322744607925415,0.253758318884719
1257,0.28173378109931946,0.9824961423873901,0.9322595000267029,0.9338186979293823,0.2473592940824632
1258,0.2780553698539734,0.9816871285438538,0.9291703701019287,0.929847776889801,0.22885157118022398
1259,0.2786230444908142,0.9780833721160889,0.9238746762275696,0.9300683736801147,0.2534799287022803
1260,0.2868536114692688,0.9797749519348145,0.9287290573120117,0.9329362511634827,0.2572134294228962
1261,0.27466291189193726,0.9797013998031616,0.9280670881271362,0.9338186979293823,0.23111015972965004
1262,0.2908894717693329,0.9808045625686646,0.9296116828918457,0.9318332076072693,0.27701264234515227
1263,0.28054317831993103,0.9794807434082031,0.9269638061523438,0.9267593622207642,0.24204075448149015
1264,0.28145846724510193,0.9805839657783508,0.9298323392868042,0.9302890300750732,0.24139654601930427
1265,0.27349305152893066,0.9819077849388123,0.9309355616569519,0.9291859865188599,0.23060677173387342
1266,0.2898157238960266,0.9824225902557373,0.9298323392868042,0.9316126108169556,0.3117315237134347
1267,0.277850478887558,0.9805839657783508,0.9291703701019287,0.934039294719696,0.21085586452406518
1268,0.2772572636604309,0.982569694519043,0.935789942741394,0.9333774447441101,0.2226741920888074
1269,0.275151789188385,0.9845554232597351,0.935789942741394,0.9324950575828552,0.2172017501126317
1270,0.2733583450317383,0.9827167391777039,0.9360105991363525,0.9329362511634827,0.18811712098698408
1271,0.27357763051986694,0.9822019338607788,0.9335834383964539,0.934039294719696,0.20181593271607465
1272,0.2748761475086212,0.9828638434410095,0.9329214692115784,0.9338186979293823,0.19125983068642555
1273,0.2758885622024536,0.9822019338607788,0.9324801564216614,0.9322744607925415,0.22175886218516339
1274,0.2762241065502167,0.983084499835968,0.9346866607666016,0.9333774447441101,0.2109642632194728
1275,0.2739766240119934,0.9832316040992737,0.9302735924720764,0.9331568479537964,0.21810407330451861
1276,0.28247493505477905,0.9794071912765503,0.9309355616569519,0.9287447929382324,0.2867108103382284
1277,0.2929733395576477,0.981025218963623,0.9335834383964539,0.9324950575828552,0.3072987842222822
1278,0.27412116527557373,0.9788188338279724,0.9296116828918457,0.9291859865188599,0.2103537312853893
1279,0.2907254695892334,0.978451132774353,0.9298323392868042,0.930509626865387,0.31083128370292773
1280,0.28229236602783203,0.9819077849388123,0.9327008128166199,0.9307302236557007,0.27974059839898924
1281,0.289539635181427,0.9801426529884338,0.9280670881271362,0.9313920140266418,0.28741068274414555
1282,0.29451629519462585,0.9794807434082031,0.9298323392868042,0.9300683736801147,0.3262986363739372
1283,0.2793404757976532,0.9816871285438538,0.9300529360771179,0.9302890300750732,0.23307535013915662
1284,0.28089386224746704,0.9824961423873901,0.9296116828918457,0.9358041286468506,0.2628486805438942
1285,0.2735600471496582,0.9822019338607788,0.9271844625473022,0.9355835318565369,0.2511157184662402
1286,0.2742719054222107,0.9805839657783508,0.9289497137069702,0.9316126108169556,0.2115440387397439
1287,0.2807927429676056,0.9835257530212402,0.9300529360771179,0.9329362511634827,0.25385598686132627
1288,0.26989907026290894,0.9827167391777039,0.9307149052619934,0.932715654373169,0.20847090724226808
1289,0.28085190057754517,0.9811723232269287,0.9289497137069702,0.930509626865387,0.23201816633289404
1290,0.27740925550460815,0.9810987710952759,0.9322595000267029,0.9316126108169556,0.2565704053451618
1291,0.284323126077652,0.9824961423873901,0.9320388436317444,0.9322744607925415,0.2766494680491888
1292,0.27738726139068604,0.9814664721488953,0.9313768744468689,0.9318332076072693,0.21636994046430277
1293,0.2795432209968567,0.9835993051528931,0.9315975308418274,0.930509626865387,0.22156778324071255
1294,0.2896036207675934,0.9836728572845459,0.9302735924720764,0.9313920140266418,0.2954313961680901
1295,0.27541595697402954,0.9824225902557373,0.9278464317321777,0.9311714172363281,0.2258220449674986
1296,0.2872854471206665,0.982569694519043,0.9287290573120117,0.9294065833091736,0.2927520256808783
1297,0.28827887773513794,0.9822754859924316,0.9282877445220947,0.9331568479537964,0.28715674990363677
1298,0.2906275689601898,0.9818342328071594,0.9293910264968872,0.9318332076072693,0.32689307486161107
1299,0.2792608439922333,0.9816135764122009,0.9271844625473022,0.9318332076072693,0.2806645129600876
1300,0.27583324909210205,0.982128381729126,0.9285084009170532,0.9318332076072693,0.28597863539795465
1301,0.27199816703796387,0.9830109477043152,0.9302735924720764,0.9353629350662231,0.22814042637248547
1302,0.28513067960739136,0.9829373955726624,0.9298323392868042,0.9329362511634827,0.242619108019917
1303,0.2754596471786499,0.9826432466506958,0.9298323392868042,0.9360247254371643,0.2707077536406185
1304,0.2739253044128418,0.9810987710952759,0.9298323392868042,0.9333774447441101,0.23928231962564683
1305,0.2810961902141571,0.9814664721488953,0.9311562180519104,0.9355835318565369,0.2450477102804219
1306,0.26872965693473816,0.9824961423873901,0.9296116828918457,0.9329362511634827,0.20253141983978187
1307,0.2750217914581299,0.9822019338607788,0.9287290573120117,0.9331568479537964,0.2201740442255957
1308,0.28069406747817993,0.9837464094161987,0.9298323392868042,0.934039294719696,0.21826094098801282
1309,0.27942371368408203,0.9833786487579346,0.9293910264968872,0.9316126108169556,0.2276673968549011
1310,0.284244567155838,0.9809516668319702,0.9287290573120117,0.9342598915100098,0.23421034856415865
1311,0.2794676721096039,0.9818342328071594,0.9311562180519104,0.9307302236557007,0.28739278095831156
1312,0.2807760238647461,0.9816135764122009,0.9296116828918457,0.9342598915100098,0.2514659055206023
1313,0.2789466381072998,0.9805839657783508,0.9282877445220947,0.9333774447441101,0.20820068975580877
1314,0.2786640524864197,0.9838935136795044,0.9267431497573853,0.9331568479537964,0.27263380121197534
1315,0.279491126537323,0.9824961423873901,0.9304942488670349,0.9331568479537964,0.2976304347102194
1316,0.2773638367652893,0.9830109477043152,0.9293910264968872,0.9329362511634827,0.20930722560199444
1317,0.275450736284256,0.9838199615478516,0.9285084009170532,0.934039294719696,0.24345474356613023
1318,0.2765103578567505,0.9819077849388123,0.9315975308418274,0.9329362511634827,0.25868603225944004
1319,0.27598652243614197,0.982569694519043,0.9296116828918457,0.9324950575828552,0.26235752652878414
1320,0.28053218126296997,0.9827167391777039,0.9276257753372192,0.9335980415344238,0.24530493720777927
1321,0.27603864669799805,0.9831580519676208,0.9304942488670349,0.9335980415344238,0.23994197202829715
1322,0.27049049735069275,0.9828638434410095,0.9291703701019287,0.9316126108169556,0.2606472159865996
1323,0.27439215779304504,0.9838199615478516,0.9285084009170532,0.9316126108169556,0.2358320487404673
1324,0.2784460186958313,0.9824961423873901,0.9291703701019287,0.9329362511634827,0.25414617984547344
1325,0.275341272354126,0.9835257530212402,0.9315975308418274,0.9309508204460144,0.2483070310728755
1326,0.2740011215209961,0.9829373955726624,0.9289497137069702,0.930509626865387,0.2328668103929631
1327,0.278278112411499,0.9823490381240845,0.9291703701019287,0.9300683736801147,0.2792498830745243
1328,0.27749815583229065,0.9826432466506958,0.9285084009170532,0.9294065833091736,0.29244795795790246
1329,0.27931442856788635,0.983084499835968,0.9249779582023621,0.9283035397529602,0.2150826438131051
1330,0.27965834736824036,0.9822754859924316,0.9282877445220947,0.9307302236557007,0.29273585107238503
1331,0.2757039964199066,0.9820548295974731,0.9293910264968872,0.9324950575828552,0.2296345251748754
1332,0.2800123691558838,0.9826432466506958,0.9302735924720764,0.9355835318565369,0.2427727695973948
1333,0.28122881054878235,0.9833786487579346,0.9304942488670349,0.9318332076072693,0.2724874521986467
1334,0.2764343023300171,0.9828638434410095,0.9285084009170532,0.932715654373169,0.2633090648765383
1335,0.2747650444507599,0.9830109477043152,0.9289497137069702,0.9324950575828552,0.2535277850615648
1336,0.27411285042762756,0.9834522008895874,0.9331421256065369,0.9331568479537964,0.20394841982076045
1337,0.27372318506240845,0.9836728572845459,0.9333627820014954,0.934039294719696,0.24140743368880804
1338,0.271834135055542,0.9838935136795044,0.9331421256065369,0.9344804883003235,0.23473351183147131
1339,0.2751738429069519,0.9819813370704651,0.9260811805725098,0.932715654373169,0.21705894089789676
1340,0.2787991166114807,0.9832316040992737,0.9287290573120117,0.9331568479537964,0.2568363509785675
1341,0.28233128786087036,0.9827902913093567,0.9304942488670349,0.9329362511634827,0.24714544509961364
1342,0.2801607549190521,0.9808781147003174,0.9296116828918457,0.9338186979293823,0.25386861051628323
1343,0.2750365734100342,0.9811723232269287,0.9302735924720764,0.9344804883003235,0.2398254373464234
1344,0.2800939679145813,0.9827902913093567,0.9285084009170532,0.9333774447441101,0.24773857014604445
1345,0.2784995138645172,0.9823490381240845,0.9309355616569519,0.9338186979293823,0.20925373165182812
1346,0.2747412323951721,0.9822754859924316,0.9304942488670349,0.9342598915100098,0.24142065251196723
1347,0.2732997536659241,0.9822019338607788,0.9300529360771179,0.9351422786712646,0.24148070218226686
1348,0.2758798897266388,0.9827167391777039,0.9335834383964539,0.9333774447441101,0.22821028411430924
1349,0.27828267216682434,0.9827167391777039,0.9324801564216614,0.9322744607925415,0.23562756298880688
1350,0.29558083415031433,0.9832316040992737,0.9346866607666016,0.9347010850906372,0.27658360912962354
1351,0.2766515612602234,0.9819077849388123,0.9318181872367859,0.9302890300750732,0.2505045136511117
1352,0.2787255048751831,0.9838935136795044,0.9340247511863708,0.932715654373169,0.26436221597684684
1353,0.2797943651676178,0.9810987710952759,0.9331421256065369,0.9329362511634827,0.22201716589456735
1354,0.2848202586174011,0.9820548295974731,0.9300529360771179,0.9347010850906372,0.3100258730275916
1355,0.2849311828613281,0.9822754859924316,0.9320388436317444,0.9331568479537964,0.32587017194391754
1356,0.2848473787307739,0.9824225902557373,0.9320388436317444,0.9311714172363281,0.23749409064983176
1357,0.2802378237247467,0.9815400242805481,0.9263018369674683,0.9291859865188599,0.3046050875464521
1358,0.30163082480430603,0.9827902913093567,0.9263018369674683,0.9283035397529602,0.4148942092516222
1359,0.2799287438392639,0.9814664721488953,0.9274051189422607,0.9307302236557007,0.22809483369331077
1360,0.28758522868156433,0.9833786487579346,0.9322595000267029,0.9333774447441101,0.28647999140036906
1361,0.271893709897995,0.9824225902557373,0.9269638061523438,0.9333774447441101,0.2141343547369302
1362,0.2961175739765167,0.9806574583053589,0.9271844625473022,0.9329362511634827,0.3563856553220822
1363,0.2929670512676239,0.9816135764122009,0.9276257753372192,0.9338186979293823,0.2860116390541115
1364,0.29109832644462585,0.9835993051528931,0.9289497137069702,0.9318332076072693,0.28108198977555815
1365,0.2788897752761841,0.9802162051200867,0.925419270992279,0.9300683736801147,0.2571356813138149
1366,0.30160796642303467,0.980510413646698,0.9285084009170532,0.9320538640022278,0.32611210524913736
1367,0.28746649622917175,0.9811723232269287,0.9271844625473022,0.9351422786712646,0.273876966739285
1368,0.2875978350639343,0.9811723232269287,0.9300529360771179,0.9320538640022278,0.23270719836762502
1369,0.2889306843280792,0.9813929200172424,0.9289497137069702,0.9324950575828552,0.2504248698575363
1370,0.2840297818183899,0.9816871285438538,0.9271844625473022,0.9302890300750732,0.211321964975392
1371,0.28021615743637085,0.9816135764122009,0.9307149052619934,0.9335980415344238,0.27344565287585004
1372,0.2831685245037079,0.9804368615150452,0.9293910264968872,0.9316126108169556,0.20449544900799538
1373,0.2776109576225281,0.9818342328071594,0.9267431497573853,0.9311714172363281,0.24473420020824638
1374,0.28176748752593994,0.980069100856781,0.925860583782196,0.9296271800994873,0.2598408250373023
1375,0.2883683741092682,0.9806574583053589,0.9269638061523438,0.9338186979293823,0.26456102455050146
1376,0.2736546993255615,0.9797749519348145,0.9289497137069702,0.9331568479537964,0.21049264550151545
1377,0.28276070952415466,0.980069100856781,0.9302735924720764,0.936245322227478,0.229350469985804
1378,0.2858700752258301,0.9809516668319702,0.9274051189422607,0.934039294719696,0.24145104549660068
1379,0.27936500310897827,0.9813929200172424,0.925860583782196,0.9313920140266418,0.29265909542062285
1380,0.2821076512336731,0.9819813370704651,0.9271844625473022,0.9342598915100098,0.25413047041293263
1381,0.28076183795928955,0.9816871285438538,0.925860583782196,0.9335980415344238,0.2502032511439181
1382,0.27527064085006714,0.9760976433753967,0.9218888282775879,0.9283035397529602,0.2911487797410493
1383,0.291910320520401,0.9798485040664673,0.9276257753372192,0.9349216818809509,0.29589245486920035
1384,0.27661392092704773,0.9813193678855896,0.9260811805725098,0.9331568479537964,0.21628449345402806
1385,0.30451464653015137,0.9836728572845459,0.9311562180519104,0.934039294719696,0.3594394047816151
1386,0.2862720489501953,0.9802897572517395,0.9263018369674683,0.9283035397529602,0.2759928764861302
1387,0.27928370237350464,0.982128381729126,0.9251986145973206,0.930509626865387,0.2517738130457129
1388,0.27453169226646423,0.9827167391777039,0.9274051189422607,0.9316126108169556,0.2552464201037161
1389,0.27748098969459534,0.9781569242477417,0.9232127070426941,0.9309508204460144,0.23761915765762406
1390,0.279477059841156,0.9813929200172424,0.9276257753372192,0.9313920140266418,0.24467633020520782
1391,0.2728007733821869,0.9829373955726624,0.9291703701019287,0.9311714172363281,0.22412558474942582
1392,0.2787862718105316,0.9816135764122009,0.9324801564216614,0.9313920140266418,0.25230752703520865
1393,0.2732115387916565,0.9823490381240845,0.9333627820014954,0.9347010850906372,0.2668775763867155
1394,0.2719087302684784,0.9827902913093567,0.9278464317321777,0.930509626865387,0.21090457843754687
1395,0.2709985673427582,0.984187662601471,0.9300529360771179,0.9324950575828552,0.24208356052803273
1396,0.26653236150741577,0.9836728572845459,0.9313768744468689,0.9316126108169556,0.1982946176795981
1397,0.27791616320610046,0.982128381729126,0.9296116828918457,0.9322744607925415,0.24719834829715295
1398,0.2734838128089905,0.9824961423873901,0.9282877445220947,0.9313920140266418,0.20323526842918732
1399,0.2820943593978882,0.9827902913093567,0.9329214692115784,0.9355835318565369,0.2265720708233231
1400,0.2800293266773224,0.9806574583053589,0.9309355616569519,0.9324950575828552,0.223987008378025
1401,0.29198142886161804,0.9802897572517395,0.9249779582023621,0.9291859865188599,0.33078237670742233
1402,0.2918398678302765,0.9816135764122009,0.9274051189422607,0.9349216818809509,0.3194101993398895
1403,0.270820677280426,0.9796278476715088,0.9278464317321777,0.9349216818809509,0.2333905036034989
1404,0.280901163816452,0.9835257530212402,0.9302735924720764,0.9331568479537964,0.2845694421164297
1405,0.2724565267562866,0.9834522008895874,0.9309355616569519,0.9335980415344238,0.21696553433693097
1406,0.27354320883750916,0.9835993051528931,0.9307149052619934,0.9320538640022278,0.23562136833638514
1407,0.280902624130249,0.9827902913093567,0.9271844625473022,0.9307302236557007,0.27116312007051924
1408,0.28450319170951843,0.9815400242805481,0.9285084009170532,0.9324950575828552,0.23077113118771742
1409,0.2797033488750458,0.9813193678855896,0.9304942488670349,0.9307302236557007,0.2334734018851588
1410,0.2770257890224457,0.9822754859924316,0.9320388436317444,0.9313920140266418,0.2446865358743757
1411,0.27263572812080383,0.9816135764122009,0.9293910264968872,0.9322744607925415,0.2393819459115572
1412,0.2742079198360443,0.981025218963623,0.9263018369674683,0.9344804883003235,0.2223347510766064
1413,0.2842217981815338,0.9820548295974731,0.925860583782196,0.9338186979293823,0.23917971356333684
1414,0.28333908319473267,0.9835257530212402,0.9296116828918457,0.9335980415344238,0.24218448186516386
1415,0.2640810012817383,0.9814664721488953,0.9265224933624268,0.9335980415344238,0.24319054544074012
1416,0.2761133313179016,0.9833051562309265,0.9274051189422607,0.9333774447441101,0.24935844195099574
1417,0.27656862139701843,0.9832316040992737,0.9304942488670349,0.9349216818809509,0.2676203595792838
1418,0.2864170968532562,0.9828638434410095,0.9285084009170532,0.9347010850906372,0.26036409528053905
1419,0.2717902362346649,0.9839670658111572,0.9300529360771179,0.9333774447441101,0.22135382662593125
1420,0.2787971496582031,0.9818342328071594,0.9265224933624268,0.9324950575828552,0.22709946227477176
1421,0.2841656804084778,0.9801426529884338,0.9260811805725098,0.9316126108169556,0.2827216014745226
1422,0.28197938203811646,0.9820548295974731,0.9285084009170532,0.9296271800994873,0.32691262094271845
1423,0.281008780002594,0.9835993051528931,0.9287290573120117,0.930509626865387,0.2560187510939833
1424,0.27964168787002563,0.9824961423873901,0.9315975308418274,0.9331568479537964,0.26107997664921473
1425,0.27168455719947815,0.9828638434410095,0.9327008128166199,0.9344804883003235,0.26931050569451387
1426,0.2727409303188324,0.9828638434410095,0.925860583782196,0.9313920140266418,0.23947115630803503
1427,0.27871429920196533,0.9822754859924316,0.9280670881271362,0.9331568479537964,0.26776296827749974
1428,0.2686205506324768,0.9847760200500488,0.9320388436317444,0.9351422786712646,0.23684133318285505
1429,0.272491991519928,0.9845554232597351,0.9300529360771179,0.9338186979293823,0.21870831382140987
1430,0.278231143951416,0.9808045625686646,0.9298323392868042,0.9322744607925415,0.22255182562468237
1431,0.28171858191490173,0.9827167391777039,0.9300529360771179,0.9349216818809509,0.2181793557427585
1432,0.2715317904949188,0.9838935136795044,0.9309355616569519,0.9316126108169556,0.21539913381691156
1433,0.2811603248119354,0.9834522008895874,0.9307149052619934,0.9311714172363281,0.2558582237263095
1434,0.27520689368247986,0.9809516668319702,0.9240953326225281,0.9296271800994873,0.22034465694957012
1435,0.2749471664428711,0.980510413646698,0.9269638061523438,0.9316126108169556,0.22269491950154244
1436,0.2755470275878906,0.9819813370704651,0.9267431497573853,0.9313920140266418,0.21902700199770433
1437,0.279872864484787,0.9814664721488953,0.9271844625473022,0.9289653897285461,0.275637986711933
1438,0.28486207127571106,0.9829373955726624,0.9289497137069702,0.9349216818809509,0.2687884044049982
1439,0.2777232527732849,0.9822019338607788,0.9276257753372192,0.9302890300750732,0.25145263170593674
1440,0.2826589345932007,0.9827902913093567,0.9265224933624268,0.9307302236557007,0.26606958793684704
1441,0.2752304673194885,0.979554295539856,0.9236540198326111,0.930509626865387,0.21390986402905618
1442,0.2966727912425995,0.981025218963623,0.9271844625473022,0.9316126108169556,0.4043333860194038
1443,0.30211111903190613,0.9836728572845459,0.9346866607666016,0.9360247254371643,0.3866851756431462
1444,0.27762630581855774,0.9805839657783508,0.9318181872367859,0.9324950575828552,0.23951966862896618
1445,0.28257817029953003,0.9823490381240845,0.9260811805725098,0.9333774447441101,0.3571688148746643
1446,0.2815663516521454,0.9808781147003174,0.9245366454124451,0.9351422786712646,0.3228947916908153
1447,0.30453452467918396,0.9747738242149353,0.9234333634376526,0.9223472476005554,0.4726736729539738
1448,0.2955910265445709,0.9640361666679382,0.9101941585540771,0.9126406311988831,0.4831129861685999
1449,0.3505808413028717,0.9413105845451355,0.8887908458709717,0.891903817653656,0.8252514729244107
1450,0.44010138511657715,0.9396190047264099,0.8861429691314697,0.8916832208633423,0.553447140402252
1451,0.43586352467536926,0.9621239900588989,0.9082083106040955,0.9097728133201599,0.4616027481955201
1452,0.399973064661026,0.9674928188323975,0.9185789823532104,0.917714536190033,0.3802164060325159
1453,0.3863120973110199,0.9734500050544739,0.9221094250679016,0.9223472476005554,0.4151996356626681
1454,0.3482048213481903,0.9721261858940125,0.9214475154876709,0.9203618168830872,0.2834113684953253
1455,0.3709252178668976,0.9724203944206238,0.9199029207229614,0.9214648008346558,0.323082529825509
1456,0.34838226437568665,0.971905529499054,0.9210062026977539,0.9221266508102417,0.30142316417836035
1457,0.3499409854412079,0.9734500050544739,0.9243159890174866,0.9230090379714966,0.2769458778084572
1458,0.3499019145965576,0.9725674390792847,0.9212268590927124,0.9236708879470825,0.30902777359613337
1459,0.34000784158706665,0.9768331050872803,0.9221094250679016,0.9280829429626465,0.2907938146904913
1460,0.327666699886322,0.9768331050872803,0.9234333634376526,0.9287447929382324,0.2353908151301414
1461,0.3294440507888794,0.9771273136138916,0.9251986145973206,0.9311714172363281,0.2881526880928735
1462,0.3150653839111328,0.9757299423217773,0.9287290573120117,0.9338186979293823,0.2261851405962049
1463,0.3149971067905426,0.9770537614822388,0.9280670881271362,0.9287447929382324,0.24721989871457695
1464,0.30942124128341675,0.9772743582725525,0.9276257753372192,0.9260975122451782,0.23669838430015763
1465,0.30326735973358154,0.9772743582725525,0.9267431497573853,0.9254357218742371,0.21608182701206158
1466,0.30983734130859375,0.9781569242477417,0.9267431497573853,0.9302890300750732,0.2300872173128418
1467,0.2938365042209625,0.9770537614822388,0.9260811805725098,0.9300683736801147,0.20323392371598534
1468,0.29701849818229675,0.9769802093505859,0.9296116828918457,0.9307302236557007,0.2111421782841211
1469,0.2973927855491638,0.978451132774353,0.925419270992279,0.9291859865188599,0.21616962454050406
1470,0.29649847745895386,0.9791130423545837,0.9289497137069702,0.9320538640022278,0.20244272824968423
1471,0.2785685956478119,0.9794807434082031,0.9322595000267029,0.9316126108169556,0.21001905192174306
1472,0.2811037600040436,0.9809516668319702,0.9327008128166199,0.9324950575828552,0.18821620612332923
1473,0.2824210524559021,0.9811723232269287,0.9313768744468689,0.9324950575828552,0.1930168708911531
1474,0.2823736071586609,0.9807310104370117,0.9309355616569519,0.9342598915100098,0.19517684783630332
1475,0.2817820608615875,0.9826432466506958,0.9318181872367859,0.9342598915100098,0.21825485609067666
1476,0.27498859167099,0.9807310104370117,0.9331421256065369,0.9351422786712646,0.18920723093282374
1477,0.26927629113197327,0.9809516668319702,0.9304942488670349,0.9347010850906372,0.20916944024707618
1478,0.26990950107574463,0.9834522008895874,0.9320388436317444,0.9366865158081055,0.19646842737598808
1479,0.2739509046077728,0.9835257530212402,0.9320388436317444,0.9360247254371643,0.1949672868122439
1480,0.27442020177841187,0.982128381729126,0.9307149052619934,0.9311714172363281,0.20041552469709586
1481,0.2768510580062866,0.9817606806755066,0.9304942488670349,0.9333774447441101,0.20692207477694963
1482,0.2703157663345337,0.9806574583053589,0.9298323392868042,0.9318332076072693,0.18588587594248915
1483,0.2741662859916687,0.9813193678855896,0.9307149052619934,0.9347010850906372,0.23897716328138044
1484,0.27533668279647827,0.9809516668319702,0.9276257753372192,0.932715654373169,0.20798546671119433
1485,0.2670856714248657,0.9830109477043152,0.9311562180519104,0.9324950575828552,0.2190353623112367
1486,0.25900888442993164,0.9833786487579346,0.9287290573120117,0.9309508204460144,0.17954928649139135
1487,0.2773551940917969,0.9827167391777039,0.9309355616569519,0.9344804883003235,0.217905000505253
1488,0.2695944309234619,0.9818342328071594,0.9276257753372192,0.9318332076072693,0.1990108384969954
1489,0.26828905940055847,0.983084499835968,0.9291703701019287,0.9329362511634827,0.19642280443692464
1490,0.2738415002822876,0.9829373955726624,0.9287290573120117,0.9313920140266418,0.20153731159009242
1491,0.27524638175964355,0.9827902913093567,0.9313768744468689,0.9324950575828552,0.1994805937275361
1492,0.2647588551044464,0.9828638434410095,0.9315975308418274,0.9338186979293823,0.2039786093698239
1493,0.2647862136363983,0.9827902913093567,0.9291703701019287,0.9344804883003235,0.1895195559602783
1494,0.25952664017677307,0.9854379296302795,0.9329214692115784,0.9338186979293823,0.23661643435640534
1495,0.26587095856666565,0.9843347668647766,0.9315975308418274,0.9355835318565369,0.18954826006347758
1496,0.260354608297348,0.984702467918396,0.9282877445220947,0.9329362511634827,0.23782623375520603
1497,0.27212581038475037,0.9833051562309265,0.9307149052619934,0.9344804883003235,0.22013921108598003
1498,0.2663860023021698,0.9841141104698181,0.9291703701019287,0.932715654373169,0.22411546511467792
1499,0.267435222864151,0.9847760200500488,0.9313768744468689,0.936245322227478,0.21554777176617015
1500,0.2674511671066284,0.9839670658111572,0.9280670881271362,0.9302890300750732,0.25419619690364154
1501,0.2693462669849396,0.9841141104698181,0.9278464317321777,0.9302890300750732,0.20807042887807467
1502,0.26544588804244995,0.9846289753913879,0.9324801564216614,0.934039294719696,0.21355582586288346
1503,0.26520562171936035,0.9830109477043152,0.9322595000267029,0.9351422786712646,0.17678985174431477
1504,0.26110532879829407,0.9835993051528931,0.9304942488670349,0.9355835318565369,0.21927597038153163
1505,0.2626035213470459,0.984187662601471,0.9282877445220947,0.932715654373169,0.2345369591823152
1506,0.26520660519599915,0.9850702285766602,0.9304942488670349,0.9313920140266418,0.21696303216921026
1507,0.2660137712955475,0.9842612147331238,0.9318181872367859,0.9344804883003235,0.18776410554989684
1508,0.2708888649940491,0.9838935136795044,0.9293910264968872,0.9313920140266418,0.23260766419502515
1509,0.26183900237083435,0.9847760200500488,0.9289497137069702,0.9329362511634827,0.19943835148100184
1510,0.2664589583873749,0.9822019338607788,0.9285084009170532,0.9309508204460144,0.21421506207536767
1511,0.26860901713371277,0.9838935136795044,0.9309355616569519,0.9333774447441101,0.24765582656928237
1512,0.26461029052734375,0.9824225902557373,0.9271844625473022,0.9302890300750732,0.1999648295509158
1513,0.28862348198890686,0.9782304763793945,0.9256399273872375,0.9263181090354919,0.3313759433437432
1514,0.29088258743286133,0.9818342328071594,0.9298323392868042,0.9342598915100098,0.3787143854385615
1515,0.27986618876457214,0.9819813370704651,0.9291703701019287,0.9313920140266418,0.24290585875539594
1516,0.28289979696273804,0.9785982370376587,0.9267431497573853,0.9302890300750732,0.3561500935686783
1517,0.2795625925064087,0.9797749519348145,0.9289497137069702,0.9300683736801147,0.29944342792290574
1518,0.27507758140563965,0.9811723232269287,0.9291703701019287,0.9294065833091736,0.22684765762343997
1519,0.28219377994537354,0.9822019338607788,0.9320388436317444,0.9338186979293823,0.3151676142313034
1520,0.275765597820282,0.981025218963623,0.9289497137069702,0.9347010850906372,0.2606399342665617
1521,0.2876910865306854,0.9828638434410095,0.9251986145973206,0.9311714172363281,0.2906046267958652
1522,0.28713563084602356,0.9823490381240845,0.9278464317321777,0.9355835318565369,0.3493923660243098
1523,0.2712450921535492,0.9803633093833923,0.9287290573120117,0.9322744607925415,0.26169127826753835
1524,0.281913697719574,0.9811723232269287,0.9307149052619934,0.9320538640022278,0.25543244977416535
1525,0.2736683487892151,0.9824961423873901,0.9291703701019287,0.9311714172363281,0.2564797421742827
1526,0.28376200795173645,0.9819813370704651,0.9271844625473022,0.9294065833091736,0.2730261354637122
1527,0.2815952003002167,0.9829373955726624,0.925860583782196,0.9283035397529602,0.2700074905738444
1528,0.2744255065917969,0.9835993051528931,0.925860583782196,0.9316126108169556,0.2510128761480398
1529,0.2783472537994385,0.9843347668647766,0.9289497137069702,0.932715654373169,0.2741197525456024
1530,0.27727991342544556,0.9840405583381653,0.9296116828918457,0.9335980415344238,0.27666654489683307
1531,0.2683318257331848,0.9827902913093567,0.9263018369674683,0.9309508204460144,0.20759477266356138
1532,0.28688377141952515,0.9822754859924316,0.9298323392868042,0.9329362511634827,0.31998699735477976
1533,0.27654194831848145,0.9819813370704651,0.9285084009170532,0.932715654373169,0.24946369991249642
1534,0.27567967772483826,0.9818342328071594,0.9296116828918457,0.9324950575828552,0.25997750386877155
1535,0.2824278473854065,0.9819813370704651,0.9289497137069702,0.9296271800994873,0.27122961085955927
1536,0.2889218330383301,0.9822754859924316,0.9274051189422607,0.930509626865387,0.2931099597171267
1537,0.27194204926490784,0.9810987710952759,0.9251986145973206,0.9307302236557007,0.22906662529878188
1538,0.28219491243362427,0.982128381729126,0.9309355616569519,0.929847776889801,0.3092615508439545
1539,0.28926271200180054,0.982569694519043,0.9296116828918457,0.9309508204460144,0.3044155099818835
1540,0.271923691034317,0.9822019338607788,0.9302735924720764,0.9272005558013916,0.22992763157835736
1541,0.28736647963523865,0.9827902913093567,0.9304942488670349,0.9316126108169556,0.33287607479449266
1542,0.2905985414981842,0.9844818711280823,0.9302735924720764,0.9309508204460144,0.3266881109464151
1543,0.2818394899368286,0.9831580519676208,0.9296116828918457,0.9316126108169556,0.2632225379562544
1544,0.27098003029823303,0.9826432466506958,0.9293910264968872,0.9294065833091736,0.301121546491784
1545,0.2760733366012573,0.9820548295974731,0.9293910264968872,0.9313920140266418,0.2615167255691962
1546,0.28467613458633423,0.9781569242477417,0.925419270992279,0.9320538640022278,0.24421310678049932
1547,0.2873991131782532,0.9810987710952759,0.9269638061523438,0.9318332076072693,0.26203890651465983
1548,0.285958856344223,0.9810987710952759,0.9298323392868042,0.9272005558013916,0.26085777797916637
1549,0.2895159423351288,0.9807310104370117,0.9304942488670349,0.9324950575828552,0.26036758529210735
1550,0.28677698969841003,0.9822019338607788,0.9293910264968872,0.9331568479537964,0.27915196897176453
1551,0.2846667170524597,0.980510413646698,0.925419270992279,0.9287447929382324,0.21430836871001638
1552,0.2785443365573883,0.975435733795166,0.9223300814628601,0.9260975122451782,0.3168576279712964
1553,0.2968931794166565,0.9823490381240845,0.9313768744468689,0.9311714172363281,0.3462532307124839
1554,0.28025031089782715,0.9812458753585815,0.9249779582023621,0.9291859865188599,0.2168220847552018
1555,0.2857542932033539,0.978009819984436,0.925860583782196,0.9296271800994873,0.3173981924411236
1556,0.29783809185028076,0.9816135764122009,0.9289497137069702,0.9333774447441101,0.3766079831450897
1557,0.27533355355262756,0.9814664721488953,0.9269638061523438,0.9311714172363281,0.21113506739687835
1558,0.2879476547241211,0.9834522008895874,0.9324801564216614,0.9355835318565369,0.3328322148145278
1559,0.2786223292350769,0.9807310104370117,0.9285084009170532,0.9324950575828552,0.22592777423295268
1560,0.2851344048976898,0.9829373955726624,0.9324801564216614,0.9333774447441101,0.2891759526960283
1561,0.26974406838417053,0.9830109477043152,0.9322595000267029,0.9296271800994873,0.20795358858929103
1562,0.28407391905784607,0.9822019338607788,0.9324801564216614,0.9344804883003235,0.29291547207627355
1563,0.2782455384731293,0.9816135764122009,0.9289497137069702,0.9338186979293823,0.23773901006710274
1564,0.27224600315093994,0.9814664721488953,0.9289497137069702,0.934039294719696,0.22013294275695075
1565,0.28413406014442444,0.9830109477043152,0.9304942488670349,0.9358041286468506,0.2171192692385377
1566,0.26404082775115967,0.9832316040992737,0.9300529360771179,0.9375689625740051,0.19027831555937033
1567,0.26360851526260376,0.984187662601471,0.9320388436317444,0.9382307529449463,0.20181919822990285
1568,0.2685057520866394,0.9834522008895874,0.9311562180519104,0.9349216818809509,0.20991360692631308
1569,0.27832502126693726,0.9838199615478516,0.9282877445220947,0.9331568479537964,0.22877637865557907
1570,0.27297404408454895,0.9842612147331238,0.9302735924720764,0.932715654373169,0.20135844798744112
1571,0.2627102732658386,0.9846289753913879,0.9293910264968872,0.9335980415344238,0.20200602664574321
1572,0.2735503911972046,0.9833051562309265,0.9300529360771179,0.9324950575828552,0.2388739131760145
1573,0.26733219623565674,0.9831580519676208,0.9309355616569519,0.9331568479537964,0.23125381440655432
1574,0.26176828145980835,0.9837464094161987,0.9322595000267029,0.9331568479537964,0.2045597564844188
1575,0.2769617438316345,0.9835993051528931,0.9329214692115784,0.934039294719696,0.27433960211991637
1576,0.2669164538383484,0.9827902913093567,0.9274051189422607,0.9324950575828552,0.2133778218808853
1577,0.2740643620491028,0.983084499835968,0.9324801564216614,0.9287447929382324,0.25556904487103427
1578,0.2655787169933319,0.9833051562309265,0.9287290573120117,0.9309508204460144,0.23026918394574536
1579,0.26831355690956116,0.9838935136795044,0.9307149052619934,0.9349216818809509,0.1929696759714773
1580,0.26908499002456665,0.9848495721817017,0.9298323392868042,0.9331568479537964,0.2501841944907968
1581,0.2729150652885437,0.9844818711280823,0.9311562180519104,0.9318332076072693,0.25346560430451276
1582,0.2744380831718445,0.983084499835968,0.9243159890174866,0.9309508204460144,0.2589231482652357
1583,0.27012142539024353,0.9838935136795044,0.9282877445220947,0.9353629350662231,0.27138951628221764
1584,0.26838192343711853,0.984187662601471,0.9302735924720764,0.9338186979293823,0.22420157511272698
1585,0.2712636888027191,0.9837464094161987,0.9296116828918457,0.9347010850906372,0.2582055106694014
1586,0.2653208374977112,0.9849966764450073,0.9307149052619934,0.9351422786712646,0.21387540060379445
1587,0.275255024433136,0.9839670658111572,0.9293910264968872,0.934039294719696,0.25039567595568724
1588,0.27533116936683655,0.9844818711280823,0.9263018369674683,0.9316126108169556,0.2447950932971394
1589,0.27706363797187805,0.9834522008895874,0.9285084009170532,0.9329362511634827,0.2198080602809185
1590,0.27468714118003845,0.9854379296302795,0.9344660043716431,0.934039294719696,0.24065081933480817
1591,0.2660416066646576,0.9830109477043152,0.9311562180519104,0.9355835318565369,0.22596493174264054
1592,0.2726064920425415,0.981025218963623,0.9274051189422607,0.9318332076072693,0.24682427112214142
1593,0.27482715249061584,0.9819077849388123,0.9282877445220947,0.9296271800994873,0.24699812069882524
1594,0.2796432077884674,0.9815400242805481,0.9278464317321777,0.9307302236557007,0.27171830681237674
1595,0.28006067872047424,0.9822754859924316,0.9271844625473022,0.9313920140266418,0.23494154503211506
1596,0.27319520711898804,0.9824225902557373,0.9260811805725098,0.9318332076072693,0.22208985662421316
1597,0.2768571972846985,0.9792601466178894,0.925860583782196,0.9283035397529602,0.28057258295606496
1598,0.28254905343055725,0.9832316040992737,0.9282877445220947,0.9313920140266418,0.3034371576653357
1599,0.2865108549594879,0.9829373955726624,0.9280670881271362,0.9316126108169556,0.261913213456357
1600,0.28297632932662964,0.980510413646698,0.9256399273872375,0.9302890300750732,0.29661564780604105
1601,0.2949405610561371,0.9820548295974731,0.9285084009170532,0.930509626865387,0.31405353804320485
1602,0.29837459325790405,0.9833051562309265,0.9274051189422607,0.9324950575828552,0.3165708504838331
1603,0.27791276574134827,0.9794071912765503,0.925860583782196,0.9283035397529602,0.2489471012633411
1604,0.2885424494743347,0.9817606806755066,0.9296116828918457,0.9324950575828552,0.29863482110351036
1605,0.28595197200775146,0.9827167391777039,0.9298323392868042,0.9291859865188599,0.30327422745885
1606,0.2760483920574188,0.9818342328071594,0.9271844625473022,0.930509626865387,0.2544005674357263
1607,0.28379514813423157,0.9833051562309265,0.9260811805725098,0.9313920140266418,0.2757897375196326
1608,0.2771036922931671,0.9822754859924316,0.9269638061523438,0.9311714172363281,0.22640239805558382
1609,0.28009065985679626,0.9815400242805481,0.9311562180519104,0.9302890300750732,0.26716026867205256
1610,0.2787741422653198,0.9815400242805481,0.9300529360771179,0.929847776889801,0.24068182718753864
1611,0.28270411491394043,0.982569694519043,0.9313768744468689,0.9335980415344238,0.22271058558489268
1612,0.27912646532058716,0.982569694519043,0.9304942488670349,0.9318332076072693,0.23792754951609757
1613,0.27219727635383606,0.9828638434410095,0.9298323392868042,0.9335980415344238,0.2211493958871372
1614,0.2762818932533264,0.9827167391777039,0.9300529360771179,0.9324950575828552,0.23738443527890127
1615,0.2718910574913025,0.9815400242805481,0.9269638061523438,0.927641749382019,0.26255824265617717
1616,0.286734402179718,0.9820548295974731,0.9302735924720764,0.9324950575828552,0.3320465026974032
1617,0.26551589369773865,0.980510413646698,0.9278464317321777,0.9333774447441101,0.19857096048106787
1618,0.28445225954055786,0.9794071912765503,0.925860583782196,0.9302890300750732,0.32501178056394076
1619,0.2874419093132019,0.9819077849388123,0.9269638061523438,0.9338186979293823,0.30099543448911564
1620,0.2783381938934326,0.9798485040664673,0.9260811805725098,0.9311714172363281,0.2690256098787112
1621,0.2867504954338074,0.9801426529884338,0.9285084009170532,0.9322744607925415,0.2695608235922193
1622,0.28615155816078186,0.981025218963623,0.9285084009170532,0.9316126108169556,0.2842348934490893
1623,0.27859076857566833,0.9832316040992737,0.9311562180519104,0.932715654373169,0.24397547211181378
1624,0.27588820457458496,0.9834522008895874,0.9320388436317444,0.9335980415344238,0.25811469606740084
1625,0.2730107605457306,0.9788923859596252,0.9267431497573853,0.9307302236557007,0.2196468695523057
1626,0.2930673658847809,0.9816871285438538,0.9293910264968872,0.9335980415344238,0.2978721822574126
1627,0.27967026829719543,0.9799955487251282,0.9282877445220947,0.9296271800994873,0.25013665981828703
1628,0.27668026089668274,0.9796278476715088,0.9307149052619934,0.9316126108169556,0.2610764852430276
1629,0.26787039637565613,0.9812458753585815,0.9293910264968872,0.9320538640022278,0.25277272755684466
1630,0.27595430612564087,0.9822019338607788,0.9282877445220947,0.9309508204460144,0.24281106110879055
1631,0.279518187046051,0.9833786487579346,0.9282877445220947,0.9342598915100098,0.21002108263802333
1632,0.2714562714099884,0.9832316040992737,0.9333627820014954,0.9318332076072693,0.22767103655600207
1633,0.27026426792144775,0.9841141104698181,0.9329214692115784,0.9360247254371643,0.21403945324887047
1634,0.26349878311157227,0.9832316040992737,0.9304942488670349,0.9331568479537964,0.23158570394913006
1635,0.27459612488746643,0.982128381729126,0.9311562180519104,0.9355835318565369,0.2019332019009947
1636,0.2757768929004669,0.9828638434410095,0.9331421256065369,0.9360247254371643,0.20933206595520062
1637,0.2757340669631958,0.9844083189964294,0.9355692863464355,0.9331568479537964,0.20384406823048998
1638,0.27135950326919556,0.9843347668647766,0.9346866607666016,0.9335980415344238,0.21804452279877032
1639,0.2731846272945404,0.9835257530212402,0.9320388436317444,0.9342598915100098,0.21969461185562567
1640,0.27563026547431946,0.9839670658111572,0.9313768744468689,0.9349216818809509,0.21292629267495744
1641,0.2739371061325073,0.9840405583381653,0.9340247511863708,0.9347010850906372,0.24573785671192927
1642,0.2720871865749359,0.9835257530212402,0.9322595000267029,0.9333774447441101,0.22583565168656192
1643,0.27207377552986145,0.9839670658111572,0.9293910264968872,0.9347010850906372,0.2257055408630324
1644,0.2720243036746979,0.9836728572845459,0.9304942488670349,0.9331568479537964,0.22377526732283706
1645,0.2682376503944397,0.9842612147331238,0.9315975308418274,0.934039294719696,0.2333333580953635
1646,0.2699916362762451,0.9849966764450073,0.9329214692115784,0.934039294719696,0.2176805155675143
1647,0.27047476172447205,0.9827902913093567,0.9338040947914124,0.929847776889801,0.230670818414068
1648,0.2800925076007843,0.9822019338607788,0.9285084009170532,0.9289653897285461,0.23356334555526267
1649,0.26770439743995667,0.9841141104698181,0.9315975308418274,0.932715654373169,0.23367557190219915
1650,0.2735503613948822,0.9836728572845459,0.9311562180519104,0.9358041286468506,0.21465486915836562
1651,0.2744342088699341,0.982128381729126,0.9267431497573853,0.9324950575828552,0.23690011006744163
1652,0.2861117422580719,0.9836728572845459,0.9304942488670349,0.9351422786712646,0.2916769395696936
1653,0.28022629022598267,0.9838935136795044,0.9282877445220947,0.9344804883003235,0.26574978864823995
1654,0.2784520089626312,0.9783040285110474,0.9223300814628601,0.9324950575828552,0.3360181462227957
1655,0.29041334986686707,0.9836728572845459,0.9300529360771179,0.9344804883003235,0.3239648800620151
1656,0.2744660973548889,0.9797013998031616,0.9243159890174866,0.9296271800994873,0.2718059587366071
1657,0.3002755641937256,0.9716849327087402,0.9190202951431274,0.9236708879470825,0.41271703438415974
1658,0.31294235587120056,0.9799220561981201,0.9271844625473022,0.9335980415344238,0.39467093501853184
1659,0.29576125741004944,0.9786717295646667,0.9263018369674683,0.9342598915100098,0.25925444798888253
1660,0.29861980676651,0.9813193678855896,0.9315975308418274,0.9344804883003235,0.36097662484216336
1661,0.2787214517593384,0.9783775806427002,0.9232127070426941,0.9309508204460144,0.25136595944333706
1662,0.2819786071777344,0.9823490381240845,0.9287290573120117,0.9358041286468506,0.27385161171532507
1663,0.28597405552864075,0.9822019338607788,0.9289497137069702,0.9358041286468506,0.23403941568391995
1664,0.2820678949356079,0.9806574583053589,0.9274051189422607,0.9353629350662231,0.22151394865585852
1665,0.2825375497341156,0.9811723232269287,0.9296116828918457,0.9347010850906372,0.23113848742543722
1666,0.27652832865715027,0.981025218963623,0.9256399273872375,0.932715654373169,0.20727405535204876
1667,0.2726627588272095,0.9818342328071594,0.925860583782196,0.9329362511634827,0.20965217839918
1668,0.2879372239112854,0.9824225902557373,0.9267431497573853,0.9333774447441101,0.26480024149600057
1669,0.2713390588760376,0.9833051562309265,0.9296116828918457,0.9322744607925415,0.2473891741467935
1670,0.2742031216621399,0.9835993051528931,0.9313768744468689,0.9349216818809509,0.2458392067090436
1671,0.2785351276397705,0.981025218963623,0.9293910264968872,0.9344804883003235,0.23626267608320325
1672,0.27936190366744995,0.9833786487579346,0.9315975308418274,0.9342598915100098,0.2506403720259355
1673,0.2736876308917999,0.9834522008895874,0.9304942488670349,0.9342598915100098,0.22929369284732876
1674,0.2786232829093933,0.9838199615478516,0.9289497137069702,0.9331568479537964,0.26831308052144787
1675,0.27025604248046875,0.9835993051528931,0.9278464317321777,0.9311714172363281,0.22074542760077642
1676,0.2732279896736145,0.9832316040992737,0.9296116828918457,0.9313920140266418,0.22642318984170343
1677,0.2827211022377014,0.9844083189964294,0.9307149052619934,0.9355835318565369,0.27426347798666645
1678,0.2716653645038605,0.9811723232269287,0.9276257753372192,0.9316126108169556,0.2246028672932908
1679,0.284397155046463,0.9847760200500488,0.9309355616569519,0.9344804883003235,0.27972050978069574
1680,0.2722531855106354,0.983084499835968,0.9276257753372192,0.9320538640022278,0.22073782229676273
1681,0.29297977685928345,0.9813193678855896,0.9238746762275696,0.9322744607925415,0.3194249292801156
1682,0.2792483866214752,0.9818342328071594,0.9267431497573853,0.929847776889801,0.2617842818009918
1683,0.2902359068393707,0.982128381729126,0.9271844625473022,0.9302890300750732,0.28207297322635677
1684,0.2766653597354889,0.9813193678855896,0.9311562180519104,0.9320538640022278,0.2750011372652828
1685,0.2818945050239563,0.9836728572845459,0.9298323392868042,0.9353629350662231,0.2686085463155587
1686,0.2680562436580658,0.9824225902557373,0.9274051189422607,0.9351422786712646,0.2069909065699276
1687,0.28405436873435974,0.9840405583381653,0.9293910264968872,0.9355835318565369,0.2644086639936625
1688,0.27875036001205444,0.981025218963623,0.9269638061523438,0.9320538640022278,0.23049325602448173
1689,0.2742200195789337,0.9811723232269287,0.9251986145973206,0.9285241961479187,0.24418171258237184
1690,0.2833293378353119,0.9813193678855896,0.9234333634376526,0.930509626865387,0.23901098092932782
1691,0.272716760635376,0.9846289753913879,0.9269638061523438,0.9280829429626465,0.22562526151066753
1692,0.2727641463279724,0.982569694519043,0.9271844625473022,0.9302890300750732,0.21059077119196748
1693,0.2804189622402191,0.9838199615478516,0.9307149052619934,0.9342598915100098,0.23646536034644874
1694,0.26428624987602234,0.9818342328071594,0.9329214692115784,0.934039294719696,0.20655280685766317
1695,0.2728477716445923,0.9813193678855896,0.9320388436317444,0.9349216818809509,0.21811641136141538
1696,0.27047455310821533,0.9813929200172424,0.9289497137069702,0.9313920140266418,0.22812666908470255
1697,0.2770584225654602,0.9827902913093567,0.9293910264968872,0.9318332076072693,0.2542409414613521
1698,0.27223119139671326,0.980069100856781,0.9289497137069702,0.9294065833091736,0.2507425488594755
1699,0.27980053424835205,0.9834522008895874,0.9260811805725098,0.9322744607925415,0.2838657638366251
1700,0.27596521377563477,0.982128381729126,0.9274051189422607,0.9313920140266418,0.2647640356142989
1701,0.28346866369247437,0.982569694519043,0.9287290573120117,0.929847776889801,0.30449330208284026
1702,0.2860405445098877,0.9829373955726624,0.9289497137069702,0.9318332076072693,0.2908145550121124
1703,0.2753194272518158,0.9805839657783508,0.9245366454124451,0.9274211525917053,0.29920867158114867
1704,0.2884482741355896,0.9802897572517395,0.9263018369674683,0.9289653897285461,0.36073917038627207
1705,0.28125086426734924,0.9814664721488953,0.9280670881271362,0.932715654373169,0.2699926156359709
1706,0.27882692217826843,0.9823490381240845,0.9298323392868042,0.9329362511634827,0.2747977722320751
1707,0.2911159098148346,0.9819077849388123,0.9318181872367859,0.9309508204460144,0.3502059802026543
1708,0.2970266044139862,0.9814664721488953,0.9298323392868042,0.930509626865387,0.3478554398584303
1709,0.2781696617603302,0.9816871285438538,0.9342453479766846,0.9302890300750732,0.26337465487517836
1710,0.27664893865585327,0.9833786487579346,0.9344660043716431,0.9316126108169556,0.3054300531625054
1711,0.2784518599510193,0.9806574583053589,0.9307149052619934,0.9320538640022278,0.27099402801160877
1712,0.28700318932533264,0.9811723232269287,0.9280670881271362,0.9280829429626465,0.2481269897712008
1713,0.28215137124061584,0.9816871285438538,0.9278464317321777,0.9300683736801147,0.3242978469921578
1714,0.2683056592941284,0.9837464094161987,0.9302735924720764,0.9309508204460144,0.25119208298199974
1715,0.2757997512817383,0.9831580519676208,0.9322595000267029,0.9329362511634827,0.2616090968787917
1716,0.2721659243106842,0.984187662601471,0.9342453479766846,0.9316126108169556,0.24407974238032687
1717,0.27862101793289185,0.9835257530212402,0.9315975308418274,0.932715654373169,0.24593280329418502
1718,0.28184303641319275,0.9823490381240845,0.9304942488670349,0.9307302236557007,0.23423629349942982
1719,0.27531346678733826,0.9816871285438538,0.9263018369674683,0.9344804883003235,0.24408439781498567
1720,0.2879065275192261,0.9842612147331238,0.9276257753372192,0.936245322227478,0.2400771639507217
1721,0.2755109369754791,0.9843347668647766,0.9311562180519104,0.9344804883003235,0.22274797545631017
1722,0.2777210772037506,0.9828638434410095,0.9302735924720764,0.9355835318565369,0.21634518836050057
1723,0.2753393352031708,0.9833051562309265,0.9324801564216614,0.9373483657836914,0.24107412006448392
1724,0.2764553725719452,0.9829373955726624,0.9338040947914124,0.9360247254371643,0.22126936228767577
1725,0.2772457003593445,0.9837464094161987,0.935789942741394,0.9351422786712646,0.26264874436254254
1726,0.2728065550327301,0.9837464094161987,0.9346866607666016,0.9344804883003235,0.2325127843882274
1727,0.2738148272037506,0.9842612147331238,0.9309355616569519,0.9329362511634827,0.22991246498207293
1728,0.2702193856239319,0.9831580519676208,0.9318181872367859,0.9353629350662231,0.28065269691703243
1729,0.27338486909866333,0.9830109477043152,0.9302735924720764,0.9353629350662231,0.27495248920647913
1730,0.2662087380886078,0.9826432466506958,0.9278464317321777,0.9311714172363281,0.24488302033627676
1731,0.2710780203342438,0.9827902913093567,0.9293910264968872,0.9291859865188599,0.2513223005214532
1732,0.2712799608707428,0.9838935136795044,0.9333627820014954,0.9320538640022278,0.2518395383542419
1733,0.28047001361846924,0.9846289753913879,0.9313768744468689,0.9333774447441101,0.24925243610044975
1734,0.27292805910110474,0.9833051562309265,0.9313768744468689,0.9344804883003235,0.2357389761649362
1735,0.2786230146884918,0.9837464094161987,0.9315975308418274,0.936245322227478,0.2763692285829732
1736,0.2686021029949188,0.9827902913093567,0.9304942488670349,0.9329362511634827,0.20852071081224888
1737,0.2760144770145416,0.9842612147331238,0.9329214692115784,0.9349216818809509,0.28495911471550667
1738,0.2719052731990814,0.9840405583381653,0.9280670881271362,0.9329362511634827,0.19718730486457048
1739,0.28636518120765686,0.9848495721817017,0.9300529360771179,0.9347010850906372,0.300393279357895
1740,0.27074894309043884,0.9828638434410095,0.9280670881271362,0.9331568479537964,0.23912860055293902
1741,0.28692805767059326,0.9836728572845459,0.9300529360771179,0.9324950575828552,0.2711983185288821
1742,0.2728908360004425,0.9824225902557373,0.9260811805725098,0.9311714172363281,0.24197112859885128
1743,0.2729893922805786,0.9818342328071594,0.9278464317321777,0.9320538640022278,0.2613148658916171
1744,0.2765699326992035,0.9835993051528931,0.9291703701019287,0.9351422786712646,0.2544383309014514
1745,0.2718473970890045,0.9827167391777039,0.9298323392868042,0.9351422786712646,0.24436534477731117
1746,0.28211554884910583,0.9828638434410095,0.9331421256065369,0.9386719465255737,0.26174600793360214
1747,0.2735147476196289,0.9838935136795044,0.9342453479766846,0.9358041286468506,0.2638562235046333
1748,0.2678368389606476,0.9824225902557373,0.9315975308418274,0.9364659190177917,0.21625903493394574
1749,0.27425867319107056,0.983084499835968,0.9322595000267029,0.934039294719696,0.2875632107097179
1750,0.277439683675766,0.9812458753585815,0.9293910264968872,0.936245322227478,0.2053130450897144
1751,0.2833520770072937,0.9808781147003174,0.9287290573120117,0.9320538640022278,0.25883210526842704
1752,0.2753334045410156,0.9817606806755066,0.9289497137069702,0.9331568479537964,0.21025860197565155
1753,0.27608945965766907,0.9829373955726624,0.9302735924720764,0.9316126108169556,0.25952207683216383
1754,0.2768697738647461,0.9834522008895874,0.9320388436317444,0.930509626865387,0.25562889672376116
1755,0.27442312240600586,0.9811723232269287,0.9298323392868042,0.9309508204460144,0.23929982228615415
1756,0.265513151884079,0.9812458753585815,0.9265224933624268,0.932715654373169,0.2397638011079821
1757,0.277533620595932,0.9819813370704651,0.9278464317321777,0.9342598915100098,0.22955782961641616
1758,0.2751755118370056,0.9824961423873901,0.9298323392868042,0.9322744607925415,0.22761050069076985
1759,0.2765657305717468,0.984702467918396,0.9318181872367859,0.9320538640022278,0.23403898440692844
1760,0.2768677771091461,0.9855114817619324,0.9311562180519104,0.9342598915100098,0.22539788490443124
1761,0.2715241014957428,0.984702467918396,0.9298323392868042,0.9364659190177917,0.22215688379440485
1762,0.26553788781166077,0.9844083189964294,0.9313768744468689,0.9373483657836914,0.22399317102947172
1763,0.2797801196575165,0.9848495721817017,0.9342453479766846,0.9375689625740051,0.24714579813627321
1764,0.26996544003486633,0.9835257530212402,0.9293910264968872,0.9380101561546326,0.20258001912529144
1765,0.26183274388313293,0.9840405583381653,0.9304942488670349,0.9366865158081055,0.20943826786896727
1766,0.2625315189361572,0.9850702285766602,0.9291703701019287,0.9366865158081055,0.19282615144984225
1767,0.26556238532066345,0.9843347668647766,0.9307149052619934,0.934039294719696,0.22362112965193368
1768,0.27484965324401855,0.9849966764450073,0.9318181872367859,0.9307302236557007,0.2217970362756139
1769,0.26601001620292664,0.9848495721817017,0.9344660043716431,0.936245322227478,0.22073797252097618
1770,0.2752918004989624,0.9841141104698181,0.9291703701019287,0.9358041286468506,0.22247768683304003
1771,0.2640366852283478,0.9843347668647766,0.9302735924720764,0.9335980415344238,0.20336100893633668
1772,0.27674540877342224,0.9843347668647766,0.9304942488670349,0.934039294719696,0.23275129435259198
1773,0.26805251836776733,0.9850702285766602,0.9298323392868042,0.9331568479537964,0.24483696375857256
1774,0.27409130334854126,0.9833051562309265,0.9304942488670349,0.9331568479537964,0.31379122346176275
1775,0.28345221281051636,0.9829373955726624,0.9287290573120117,0.930509626865387,0.3148969588640151
1776,0.2832234799861908,0.9827167391777039,0.9289497137069702,0.9320538640022278,0.31841974579855975
1777,0.2760535180568695,0.9818342328071594,0.9269638061523438,0.9331568479537964,0.2989480701036549
1778,0.280577689409256,0.9822754859924316,0.9274051189422607,0.9329362511634827,0.29425164346670646
1779,0.2832130491733551,0.9823490381240845,0.9276257753372192,0.9309508204460144,0.2694229494264296
1780,0.28204160928726196,0.982569694519043,0.9315975308418274,0.9313920140266418,0.263981792015988
1781,0.2721940875053406,0.9826432466506958,0.9276257753372192,0.9285241961479187,0.34782451965146216
1782,0.2907002866268158,0.9843347668647766,0.9293910264968872,0.9333774447441101,0.3401545034703754
1783,0.2715120017528534,0.9836728572845459,0.9302735924720764,0.9307302236557007,0.20733909591879846
1784,0.2871454060077667,0.9824225902557373,0.9263018369674683,0.9320538640022278,0.2876639542598095
1785,0.27747219800949097,0.9828638434410095,0.9304942488670349,0.9338186979293823,0.259867581158128
1786,0.2733342945575714,0.9817606806755066,0.9287290573120117,0.9329362511634827,0.23820411240178044
1787,0.27925699949264526,0.9812458753585815,0.9318181872367859,0.9316126108169556,0.24859823354109606
1788,0.27395689487457275,0.982128381729126,0.9298323392868042,0.9322744607925415,0.25364210369115414
1789,0.27539461851119995,0.9818342328071594,0.9285084009170532,0.9307302236557007,0.23658684631559873
1790,0.2817215323448181,0.983084499835968,0.9282877445220947,0.9300683736801147,0.24895377740664312
1791,0.27969077229499817,0.9806574583053589,0.9302735924720764,0.9302890300750732,0.2475224448394112
1792,0.2844422161579132,0.9816135764122009,0.9313768744468689,0.9322744607925415,0.2646576676599014
1793,0.27667275071144104,0.9792601466178894,0.9274051189422607,0.9294065833091736,0.25797778630782
1794,0.2869173586368561,0.9838935136795044,0.9282877445220947,0.934039294719696,0.2611814335063055
1795,0.2788676917552948,0.9815400242805481,0.9269638061523438,0.9329362511634827,0.25943474184722753
1796,0.2874050438404083,0.982569694519043,0.9276257753372192,0.9331568479537964,0.2625549399032828
1797,0.2854231894016266,0.9836728572845459,0.9329214692115784,0.9347010850906372,0.2589774391683984
1798,0.2759155035018921,0.9824961423873901,0.9320388436317444,0.9347010850906372,0.21903218686207454
1799,0.28166690468788147,0.9826432466506958,0.9302735924720764,0.9333774447441101,0.24331731492955652
1800,0.28763657808303833,0.9824961423873901,0.9313768744468689,0.9311714172363281,0.27085326056309195
1801,0.2773142457008362,0.9824961423873901,0.9282877445220947,0.9324950575828552,0.24681615875483723
1802,0.27323707938194275,0.9813193678855896,0.925419270992279,0.9324950575828552,0.20889796946602857
1803,0.27691417932510376,0.9822754859924316,0.9287290573120117,0.9360247254371643,0.2939332491807943
1804,0.2748482823371887,0.9841141104698181,0.9300529360771179,0.9364659190177917,0.20602513936252917
1805,0.2793616056442261,0.9844818711280823,0.9313768744468689,0.9335980415344238,0.2555839980385835
1806,0.27236539125442505,0.9807310104370117,0.9307149052619934,0.9300683736801147,0.22235493711592758
1807,0.27976012229919434,0.9802162051200867,0.9263018369674683,0.9283035397529602,0.3628638736996383
1808,0.290650874376297,0.9805839657783508,0.9245366454124451,0.9316126108169556,0.33464441706563247
1809,0.29282304644584656,0.9810987710952759,0.9287290573120117,0.9329362511634827,0.3150984417068116
1810,0.29338356852531433,0.9823490381240845,0.9300529360771179,0.9280829429626465,0.3925390620996812
1811,0.2801819145679474,0.9819813370704651,0.9251986145973206,0.9285241961479187,0.3009552290264207
1812,0.2828707695007324,0.9822754859924316,0.9271844625473022,0.9316126108169556,0.3094026554898411
1813,0.28397637605667114,0.9797013998031616,0.925860583782196,0.9320538640022278,0.27745923019079
1814,0.2861514091491699,0.9809516668319702,0.9296116828918457,0.9342598915100098,0.2497738035593622
1815,0.28422385454177856,0.9794071912765503,0.9285084009170532,0.932715654373169,0.2539237716995381
1816,0.28118208050727844,0.9824225902557373,0.9296116828918457,0.9366865158081055,0.2774114704480653
1817,0.28244659304618835,0.9801426529884338,0.925860583782196,0.9302890300750732,0.24433799282008023
1818,0.2780247628688812,0.9836728572845459,0.9289497137069702,0.9300683736801147,0.2666147859564851
1819,0.2706835865974426,0.9816135764122009,0.9320388436317444,0.9318332076072693,0.25176135408777356
1820,0.2695528268814087,0.9799955487251282,0.9293910264968872,0.9324950575828552,0.21672647451128624
1821,0.2820861041545868,0.9817606806755066,0.9302735924720764,0.9333774447441101,0.2473387630643894
1822,0.2721380293369293,0.9833786487579346,0.9291703701019287,0.934039294719696,0.22964237324355613
1823,0.27357685565948486,0.982128381729126,0.9282877445220947,0.9335980415344238,0.25919115991174085
1824,0.2702377736568451,0.9829373955726624,0.9304942488670349,0.9369071125984192,0.2485199067271656
1825,0.2609672248363495,0.9827167391777039,0.9304942488670349,0.9351422786712646,0.187515640653217
1826,0.2697392702102661,0.9819077849388123,0.9318181872367859,0.9338186979293823,0.2625779696162726
1827,0.27056679129600525,0.9833786487579346,0.9335834383964539,0.9344804883003235,0.227429353448562
1828,0.2645656168460846,0.9835257530212402,0.9285084009170532,0.9333774447441101,0.21882018501778602
1829,0.2698991298675537,0.9842612147331238,0.9331421256065369,0.9355835318565369,0.22468071954778382
1830,0.2667680084705353,0.9843347668647766,0.9346866607666016,0.934039294719696,0.22495424091560295
1831,0.2699587643146515,0.9846289753913879,0.9329214692115784,0.9351422786712646,0.24078255890023484
1832,0.26387903094291687,0.9818342328071594,0.9276257753372192,0.932715654373169,0.1965606021182198
1833,0.27527889609336853,0.9840405583381653,0.9311562180519104,0.9338186979293823,0.24968714438237657
1834,0.2633218765258789,0.9837464094161987,0.9327008128166199,0.9338186979293823,0.2032281931997546
1835,0.2727808952331543,0.9839670658111572,0.9338040947914124,0.9333774447441101,0.23670996130657126
1836,0.2636358439922333,0.9822019338607788,0.9260811805725098,0.9333774447441101,0.22569844772132258
1837,0.2746787369251251,0.9849231243133545,0.9311562180519104,0.934039294719696,0.2680750932555162
1838,0.26855990290641785,0.9842612147331238,0.9324801564216614,0.9347010850906372,0.2246130302413027
1839,0.26894164085388184,0.9838935136795044,0.9322595000267029,0.9335980415344238,0.22515632092561982
1840,0.2641819417476654,0.9837464094161987,0.9320388436317444,0.9338186979293823,0.22010606903708707
1841,0.2748177945613861,0.9837464094161987,0.9304942488670349,0.9360247254371643,0.26140439563815326
1842,0.2649114429950714,0.9824961423873901,0.9298323392868042,0.9331568479537964,0.2390155266590275
1843,0.26695841550827026,0.9822754859924316,0.9251986145973206,0.9342598915100098,0.2729927772197187
1844,0.2699556350708008,0.9824961423873901,0.9265224933624268,0.9335980415344238,0.2696017692934637
1845,0.26107627153396606,0.9842612147331238,0.9309355616569519,0.934039294719696,0.2246548146855124
1846,0.27160927653312683,0.9849231243133545,0.9324801564216614,0.9338186979293823,0.23603437762020213
1847,0.2752787172794342,0.9835993051528931,0.9267431497573853,0.9329362511634827,0.22818048181706707
1848,0.27088847756385803,0.9828638434410095,0.9269638061523438,0.9338186979293823,0.2599847969079232
1849,0.2747126519680023,0.9833051562309265,0.9302735924720764,0.9355835318565369,0.21363761143762744
1850,0.27586790919303894,0.9826432466506958,0.9285084009170532,0.9344804883003235,0.2189126870926098
1851,0.2728331685066223,0.9824225902557373,0.9280670881271362,0.936245322227478,0.24195523581270723
1852,0.2811410427093506,0.9833051562309265,0.9340247511863708,0.9364659190177917,0.25071320472006836
1853,0.2728712856769562,0.9846289753913879,0.9315975308418274,0.9333774447441101,0.23621154279457604
1854,0.27775636315345764,0.9836728572845459,0.9280670881271362,0.9349216818809509,0.26811825790044463
1855,0.2749907076358795,0.9844818711280823,0.9324801564216614,0.9349216818809509,0.24134926362539966
1856,0.2781073749065399,0.985143780708313,0.9318181872367859,0.9358041286468506,0.23697812092898404
1857,0.27115029096603394,0.9830109477043152,0.9304942488670349,0.9353629350662231,0.22653222716775154
1858,0.2758272588253021,0.9830109477043152,0.9267431497573853,0.9338186979293823,0.23010097875939559
1859,0.2718318998813629,0.9829373955726624,0.9280670881271362,0.9322744607925415,0.26530694354391837
1860,0.27212804555892944,0.9826432466506958,0.9278464317321777,0.9322744607925415,0.24902339494404063
1861,0.2737535238265991,0.9828638434410095,0.9309355616569519,0.9338186979293823,0.24534990419890515
1862,0.2783837914466858,0.9833786487579346,0.9318181872367859,0.9364659190177917,0.25573893289913235
1863,0.2766694128513336,0.9808781147003174,0.9320388436317444,0.9355835318565369,0.27244163469856814
1864,0.28141307830810547,0.9815400242805481,0.9313768744468689,0.9358041286468506,0.27867232019989346
1865,0.2855948805809021,0.9827167391777039,0.9289497137069702,0.9338186979293823,0.3097247734120389
1866,0.2818649709224701,0.9802162051200867,0.9271844625473022,0.9333774447441101,0.2956662986000395
1867,0.282125860452652,0.9817606806755066,0.925860583782196,0.9331568479537964,0.2887038201938636
1868,0.2863040268421173,0.9822754859924316,0.9271844625473022,0.9338186979293823,0.2869212727648254
1869,0.27591976523399353,0.9809516668319702,0.9256399273872375,0.9318332076072693,0.26460443747657253
1870,0.28464725613594055,0.9814664721488953,0.9251986145973206,0.930509626865387,0.24483309132904707
1871,0.2755291759967804,0.9822754859924316,0.9296116828918457,0.9300683736801147,0.21954217140982302
1872,0.28476107120513916,0.9833786487579346,0.9298323392868042,0.9316126108169556,0.2748507161979747
1873,0.27147939801216125,0.9813193678855896,0.9271844625473022,0.9335980415344238,0.22801104400929856
1874,0.27297499775886536,0.9836728572845459,0.9298323392868042,0.9342598915100098,0.25959605929887397
1875,0.27769362926483154,0.9833786487579346,0.9282877445220947,0.9324950575828552,0.22937479312264142
1876,0.2703402638435364,0.9831580519676208,0.9271844625473022,0.934039294719696,0.25370702732201117
1877,0.2711942493915558,0.9827902913093567,0.9265224933624268,0.9335980415344238,0.23382418297082913
1878,0.2832489609718323,0.9831580519676208,0.9309355616569519,0.9331568479537964,0.27716691465632426
1879,0.290000319480896,0.9833786487579346,0.9298323392868042,0.9333774447441101,0.2987260792404709
1880,0.2799271047115326,0.9831580519676208,0.9287290573120117,0.9307302236557007,0.2934651404193097
1881,0.2842673361301422,0.9828638434410095,0.9315975308418274,0.9322744607925415,0.3155424408925353
1882,0.27548637986183167,0.9819077849388123,0.9315975308418274,0.932715654373169,0.3078572243462222
1883,0.27633488178253174,0.9809516668319702,0.9309355616569519,0.9296271800994873,0.23271694982576518
1884,0.27875369787216187,0.9833786487579346,0.9300529360771179,0.9316126108169556,0.27954082308111483
1885,0.28576090931892395,0.9828638434410095,0.9276257753372192,0.9309508204460144,0.27857996144576497
1886,0.2740575969219208,0.9812458753585815,0.9285084009170532,0.930509626865387,0.2581833068938037
1887,0.28548842668533325,0.9824225902557373,0.9331421256065369,0.9353629350662231,0.27307690654932126
1888,0.2785486578941345,0.9830109477043152,0.9329214692115784,0.9333774447441101,0.24801601359664643
1889,0.2791614234447479,0.9817606806755066,0.9296116828918457,0.9309508204460144,0.228574583422322
1890,0.28585565090179443,0.983084499835968,0.9289497137069702,0.9316126108169556,0.25548921275376235
1891,0.2763526141643524,0.9829373955726624,0.9293910264968872,0.9322744607925415,0.23105704228840715
1892,0.2779674828052521,0.983084499835968,0.9309355616569519,0.9353629350662231,0.28490251716241954
1893,0.27237778902053833,0.9831580519676208,0.9355692863464355,0.9344804883003235,0.2445108135852642
1894,0.2703821659088135,0.9830109477043152,0.9338040947914124,0.9333774447441101,0.22007739199252366
1895,0.26995912194252014,0.983084499835968,0.9311562180519104,0.9344804883003235,0.25725537875974563
1896,0.2771226167678833,0.9832316040992737,0.9280670881271362,0.929847776889801,0.2678313094176393
1897,0.28117185831069946,0.9835257530212402,0.9304942488670349,0.934039294719696,0.27003409404776635
1898,0.2751177251338959,0.9834522008895874,0.9298323392868042,0.930509626865387,0.250706581001295
1899,0.28842177987098694,0.9833786487579346,0.9269638061523438,0.9278623461723328,0.2826575271860885
1900,0.28641369938850403,0.9810987710952759,0.9256399273872375,0.9289653897285461,0.3768667641520843
1901,0.2731899619102478,0.9808781147003174,0.9263018369674683,0.9316126108169556,0.26029505586641355
1902,0.2775517404079437,0.982128381729126,0.9293910264968872,0.9322744607925415,0.2767231198633955
1903,0.27737438678741455,0.982569694519043,0.9313768744468689,0.9342598915100098,0.2755243729274569
1904,0.26935499906539917,0.980069100856781,0.9309355616569519,0.9316126108169556,0.24606354032850558
1905,0.27780890464782715,0.9808045625686646,0.9271844625473022,0.934039294719696,0.27423332518135796
1906,0.2792474925518036,0.9827167391777039,0.9287290573120117,0.9380101561546326,0.24314194383212576
1907,0.27390679717063904,0.9832316040992737,0.9287290573120117,0.9347010850906372,0.2284377058021246
1908,0.27301469445228577,0.9835257530212402,0.9300529360771179,0.9335980415344238,0.26515054275668154
1909,0.2732027769088745,0.9831580519676208,0.9304942488670349,0.9324950575828552,0.28439539091342886
1910,0.27942514419555664,0.9819077849388123,0.9240953326225281,0.9331568479537964,0.23641106124009323
1911,0.27893680334091187,0.9828638434410095,0.925860583782196,0.9349216818809509,0.26021539509580954
1912,0.2734484076499939,0.982128381729126,0.9289497137069702,0.9320538640022278,0.25402775302230457
1913,0.27362334728240967,0.984702467918396,0.9304942488670349,0.9366865158081055,0.2111795747971579
1914,0.2740740478038788,0.984187662601471,0.9320388436317444,0.9364659190177917,0.2349944868417638
1915,0.2655694782733917,0.9838199615478516,0.9309355616569519,0.936245322227478,0.206121978922164
1916,0.2729951739311218,0.9831580519676208,0.9311562180519104,0.9318332076072693,0.23096428469373934
1917,0.27370601892471313,0.9847760200500488,0.9300529360771179,0.9320538640022278,0.23507844444862108
1918,0.2837914228439331,0.9835993051528931,0.9309355616569519,0.9302890300750732,0.2670710026647357
1919,0.26719990372657776,0.9835993051528931,0.9291703701019287,0.9318332076072693,0.22027917246353382
1920,0.28398245573043823,0.9805839657783508,0.9285084009170532,0.929847776889801,0.349093865109319
1921,0.2852267920970917,0.9838199615478516,0.9318181872367859,0.936245322227478,0.3090345799798165
1922,0.2811344861984253,0.983084499835968,0.9340247511863708,0.9342598915100098,0.25520831219960266
1923,0.2719692587852478,0.9814664721488953,0.9315975308418274,0.9371277689933777,0.23819581044727145
1924,0.2745259702205658,0.9811723232269287,0.9271844625473022,0.9324950575828552,0.26377285889222873
1925,0.2801853120326996,0.9841141104698181,0.9307149052619934,0.9338186979293823,0.25601932058006066
1926,0.2759508788585663,0.984187662601471,0.9313768744468689,0.9360247254371643,0.23570780715118053
1927,0.2735576331615448,0.9849231243133545,0.9304942488670349,0.9351422786712646,0.25102505178959006
1928,0.2728308439254761,0.9845554232597351,0.9251986145973206,0.9322744607925415,0.20982549705225545
1929,0.27655917406082153,0.9816871285438538,0.9260811805725098,0.9316126108169556,0.237119320480635
1930,0.27104413509368896,0.9834522008895874,0.9293910264968872,0.9338186979293823,0.23102121639183476
1931,0.27278316020965576,0.9849231243133545,0.9298323392868042,0.9355835318565369,0.23270613963200742
1932,0.2779908776283264,0.9822754859924316,0.9245366454124451,0.9316126108169556,0.2964602255323361
1933,0.2810852825641632,0.9833051562309265,0.9291703701019287,0.9322744607925415,0.29780736635870964
1934,0.2635955214500427,0.982569694519043,0.9269638061523438,0.934039294719696,0.22948669661005608
1935,0.27863723039627075,0.9824225902557373,0.9291703701019287,0.9320538640022278,0.272992869624145
1936,0.2737211585044861,0.9842612147331238,0.9318181872367859,0.9333774447441101,0.25881843810656097
1937,0.26840779185295105,0.9855114817619324,0.9307149052619934,0.9351422786712646,0.22320182715732856
1938,0.26747918128967285,0.9833786487579346,0.9302735924720764,0.9344804883003235,0.22895529671212997
1939,0.28088971972465515,0.9827902913093567,0.9287290573120117,0.9329362511634827,0.2916990096038792
1940,0.2745405435562134,0.9840405583381653,0.9313768744468689,0.9360247254371643,0.26969563448247713
1941,0.2669079601764679,0.9823490381240845,0.9309355616569519,0.9388926029205322,0.2398213878582179
1942,0.2833017110824585,0.9841141104698181,0.9285084009170532,0.9358041286468506,0.2971476159794989
1943,0.2665036618709564,0.9835993051528931,0.9289497137069702,0.9347010850906372,0.22397983402079988
1944,0.27820685505867004,0.9831580519676208,0.9291703701019287,0.9353629350662231,0.3376671540771811
1945,0.2773839235305786,0.9839670658111572,0.9289497137069702,0.9351422786712646,0.28356010840847895
1946,0.2747197151184082,0.9838935136795044,0.9278464317321777,0.9347010850906372,0.27406839061980154
1947,0.27444419264793396,0.9828638434410095,0.9302735924720764,0.9316126108169556,0.2948262114722521
1948,0.274964839220047,0.9834522008895874,0.9315975308418274,0.9344804883003235,0.31121274990605674
1949,0.26876842975616455,0.9824961423873901,0.9276257753372192,0.9318332076072693,0.24755632933626973
1950,0.2780783176422119,0.9824961423873901,0.9267431497573853,0.9320538640022278,0.2521632662402056
1951,0.27259933948516846,0.9840405583381653,0.9293910264968872,0.9331568479537964,0.22204745190475156
1952,0.26735302805900574,0.9823490381240845,0.9313768744468689,0.9329362511634827,0.2607220828679416
1953,0.2794415354728699,0.9833051562309265,0.9302735924720764,0.9342598915100098,0.257197061468823
1954,0.2753567397594452,0.9815400242805481,0.9322595000267029,0.9349216818809509,0.25501693764544275
1955,0.2795264720916748,0.9813193678855896,0.9296116828918457,0.9349216818809509,0.23135895211241295
1956,0.28176411986351013,0.9841141104698181,0.9304942488670349,0.9360247254371643,0.266352930222867
1957,0.2733941972255707,0.9843347668647766,0.9315975308418274,0.9331568479537964,0.26343646223688316
1958,0.2758539617061615,0.9849966764450073,0.9333627820014954,0.9344804883003235,0.23666291816228574
1959,0.27060365676879883,0.9824225902557373,0.9320388436317444,0.9335980415344238,0.21466578106149137
1960,0.27975812554359436,0.9827167391777039,0.9315975308418274,0.9338186979293823,0.26931900610314746
1961,0.27144914865493774,0.9828638434410095,0.9320388436317444,0.9338186979293823,0.25927088895527317
1962,0.26916974782943726,0.9836728572845459,0.9320388436317444,0.9353629350662231,0.2107938133707324
1963,0.279295951128006,0.9827902913093567,0.9318181872367859,0.9382307529449463,0.25016686298844254
1964,0.27448850870132446,0.9827167391777039,0.9313768744468689,0.9369071125984192,0.22596389396650104
1965,0.2671571671962738,0.982569694519043,0.9322595000267029,0.9373483657836914,0.22864477401029243
1966,0.2673419713973999,0.9824225902557373,0.9296116828918457,0.9366865158081055,0.24080709679361983
1967,0.2799639403820038,0.9833786487579346,0.9304942488670349,0.9351422786712646,0.25203641483198513
1968,0.2679022550582886,0.9842612147331238,0.9287290573120117,0.9353629350662231,0.2405688868945795
1969,0.2710880637168884,0.9828638434410095,0.9238746762275696,0.9344804883003235,0.24829541198541635
1970,0.2774200737476349,0.9814664721488953,0.925860583782196,0.9347010850906372,0.23243709411263372
1971,0.2753629982471466,0.9852173328399658,0.9304942488670349,0.9382307529449463,0.23988480481394173
1972,0.27009615302085876,0.985143780708313,0.9313768744468689,0.9353629350662231,0.21958839385396636
1973,0.28101447224617004,0.9844818711280823,0.9318181872367859,0.9373483657836914,0.25919680928217004
1974,0.26704326272010803,0.983084499835968,0.9296116828918457,0.936245322227478,0.20529285743278883
1975,0.2722141444683075,0.9850702285766602,0.9304942488670349,0.9342598915100098,0.22091335621272862
1976,0.2704502046108246,0.9849966764450073,0.9324801564216614,0.932715654373169,0.21201829520926788
1977,0.2675154209136963,0.9843347668647766,0.9315975308418274,0.9347010850906372,0.24978651802348664
1978,0.26574116945266724,0.9841141104698181,0.9309355616569519,0.934039294719696,0.23458098886025197
1979,0.2758730947971344,0.9852908849716187,0.9320388436317444,0.9373483657836914,0.2572827228805288
1980,0.26639384031295776,0.9838935136795044,0.9300529360771179,0.9360247254371643,0.222868589376401
1981,0.2684716284275055,0.9838199615478516,0.9293910264968872,0.9344804883003235,0.2511559606049138
1982,0.27408501505851746,0.9830109477043152,0.9324801564216614,0.9329362511634827,0.2863163734591859
1983,0.272299200296402,0.9846289753913879,0.9309355616569519,0.9342598915100098,0.27414137909257236
1984,0.2738977074623108,0.9848495721817017,0.9324801564216614,0.9329362511634827,0.23200413597376804
1985,0.2647017240524292,0.9840405583381653,0.9315975308418274,0.9364659190177917,0.22924493661340087
1986,0.26364535093307495,0.9846289753913879,0.9304942488670349,0.9371277689933777,0.21800354313222278
1987,0.2623450756072998,0.9864675998687744,0.9287290573120117,0.9371277689933777,0.23583895240898833
1988,0.27275916934013367,0.9844818711280823,0.9300529360771179,0.932715654373169,0.2620731854242068
1989,0.2729681134223938,0.9839670658111572,0.9327008128166199,0.9333774447441101,0.24249198388331242
1990,0.2628830075263977,0.9837464094161987,0.9307149052619934,0.9349216818809509,0.23523780618484094
1991,0.26553231477737427,0.9840405583381653,0.9318181872367859,0.9353629350662231,0.2336776441230141
1992,0.27546069025993347,0.9827902913093567,0.9282877445220947,0.9338186979293823,0.22370362574308966
1993,0.2739631235599518,0.9845554232597351,0.9289497137069702,0.930509626865387,0.22916202920129558
1994,0.2729327976703644,0.9845554232597351,0.9293910264968872,0.9309508204460144,0.20102816558029915
1995,0.278495728969574,0.9857321381568909,0.9287290573120117,0.9320538640022278,0.24655748002537067
1996,0.28017181158065796,0.9835993051528931,0.9251986145973206,0.9338186979293823,0.2621663469524282
1997,0.2667151093482971,0.9827167391777039,0.9267431497573853,0.934039294719696,0.23806223285886652
1998,0.27713677287101746,0.9833051562309265,0.9304942488670349,0.9331568479537964,0.23901067676850388
1999,0.2739968001842499,0.9829373955726624,0.9265224933624268,0.9302890300750732,0.2617334197820696
2000,0.27257922291755676,0.9831580519676208,0.9267431497573853,0.9333774447441101,0.30903463529679936
2001,0.2838614583015442,0.9838199615478516,0.9267431497573853,0.9331568479537964,0.29554164542347855
2002,0.27305498719215393,0.9823490381240845,0.9289497137069702,0.9318332076072693,0.2785713782784975
2003,0.26950740814208984,0.9839670658111572,0.9274051189422607,0.9331568479537964,0.2889097415621014
2004,0.2822822034358978,0.9830109477043152,0.9287290573120117,0.9344804883003235,0.30223248255678914
2005,0.2753312289714813,0.9812458753585815,0.9291703701019287,0.9318332076072693,0.2678426986707059
2006,0.2821747362613678,0.9816135764122009,0.9236540198326111,0.930509626865387,0.318287451334743
2007,0.28065866231918335,0.9833051562309265,0.9271844625473022,0.9335980415344238,0.31603850348519363
2008,0.27808088064193726,0.9790394902229309,0.9263018369674683,0.930509626865387,0.2564531408990522
2009,0.29254642128944397,0.9813929200172424,0.9274051189422607,0.9294065833091736,0.3452936355973888
2010,0.28544655442237854,0.983084499835968,0.9276257753372192,0.9322744607925415,0.31499271754544517
2011,0.296769917011261,0.983084499835968,0.9298323392868042,0.9349216818809509,0.33054634834835
2012,0.29177427291870117,0.9828638434410095,0.9313768744468689,0.9342598915100098,0.3130921770327574
2013,0.2833591103553772,0.9826432466506958,0.9309355616569519,0.9329362511634827,0.27408042769986546
2014,0.2750173807144165,0.9802162051200867,0.9276257753372192,0.9333774447441101,0.25874555038937413
2015,0.28803297877311707,0.9816135764122009,0.9307149052619934,0.9320538640022278,0.2840094632853878
2016,0.2782477140426636,0.9811723232269287,0.9265224933624268,0.9333774447441101,0.22330847462422568
2017,0.2928455173969269,0.9824225902557373,0.9287290573120117,0.9307302236557007,0.303048459966035
2018,0.2932029962539673,0.9817606806755066,0.9287290573120117,0.9291859865188599,0.25669105851219165
2019,0.2761880159378052,0.9822019338607788,0.9263018369674683,0.9324950575828552,0.2327351226389829
2020,0.2796889841556549,0.9830109477043152,0.9302735924720764,0.9344804883003235,0.29818431728894274
2021,0.2824658751487732,0.9824225902557373,0.9304942488670349,0.9344804883003235,0.23494585575386753
2022,0.28316769003868103,0.9833786487579346,0.9298323392868042,0.9331568479537964,0.2638854721839643
2023,0.2821400463581085,0.9823490381240845,0.925419270992279,0.9309508204460144,0.27556838382084586
2024,0.2808966636657715,0.9824961423873901,0.9289497137069702,0.9344804883003235,0.25338271639539356
2025,0.2737996280193329,0.984187662601471,0.9342453479766846,0.9316126108169556,0.2250258287892098
2026,0.2681753933429718,0.9838935136795044,0.9338040947914124,0.9331568479537964,0.22512447713015554
2027,0.2759414315223694,0.980069100856781,0.9307149052619934,0.9318332076072693,0.23683621871181196
2028,0.2838890552520752,0.9824961423873901,0.9327008128166199,0.9333774447441101,0.26696158155507516
2029,0.2684178948402405,0.982569694519043,0.9322595000267029,0.9322744607925415,0.2036674292830123
2030,0.2720109820365906,0.9812458753585815,0.9300529360771179,0.9316126108169556,0.253300237762103
2031,0.2799610495567322,0.9837464094161987,0.9298323392868042,0.9318332076072693,0.25660233845730623
2032,0.2782561480998993,0.9829373955726624,0.9302735924720764,0.9329362511634827,0.24359622315697663
2033,0.27216166257858276,0.9796278476715088,0.9285084009170532,0.9307302236557007,0.24908925627376027
2034,0.28161516785621643,0.9829373955726624,0.9313768744468689,0.9322744607925415,0.2778529273262703
2035,0.2738940119743347,0.9847760200500488,0.9282877445220947,0.9324950575828552,0.1947686478677095
2036,0.27498364448547363,0.9843347668647766,0.9313768744468689,0.932715654373169,0.2878744204172359
2037,0.2710138261318207,0.9811723232269287,0.9245366454124451,0.9278623461723328,0.22403735422744298
2038,0.28117436170578003,0.9823490381240845,0.925419270992279,0.9331568479537964,0.25667280035550283
2039,0.2888123393058777,0.9835257530212402,0.9291703701019287,0.9344804883003235,0.26967322839241553
2040,0.2627379298210144,0.9839670658111572,0.9300529360771179,0.9333774447441101,0.22425152823572841
2041,0.2663191556930542,0.9848495721817017,0.9302735924720764,0.9335980415344238,0.20357864875649823
2042,0.27530422806739807,0.984702467918396,0.9309355616569519,0.9353629350662231,0.2510681243485959
2043,0.26708558201789856,0.9829373955726624,0.9307149052619934,0.9320538640022278,0.23366634437734787
2044,0.2812240421772003,0.9835257530212402,0.9318181872367859,0.9351422786712646,0.27471287816294127
2045,0.28058359026908875,0.9845554232597351,0.9304942488670349,0.9349216818809509,0.28150785918112037
2046,0.27454331517219543,0.9824961423873901,0.9309355616569519,0.9347010850906372,0.27800604889669817
2047,0.2797071635723114,0.9852173328399658,0.9333627820014954,0.9324950575828552,0.26575856680594223
2048,0.28143829107284546,0.9831580519676208,0.9238746762275696,0.9300683736801147,0.328294043601943
2049,0.27607253193855286,0.9813193678855896,0.9225507378578186,0.9331568479537964,0.2836369236553947
2050,0.27365100383758545,0.9802897572517395,0.9278464317321777,0.9302890300750732,0.266854352611283
2051,0.2848820984363556,0.9823490381240845,0.9287290573120117,0.9324950575828552,0.26092898254686653
2052,0.27337726950645447,0.9823490381240845,0.9260811805725098,0.9329362511634827,0.25072341777011004
2053,0.2745325565338135,0.9838199615478516,0.9307149052619934,0.9322744607925415,0.23925013181647042
2054,0.26936763525009155,0.9841141104698181,0.9289497137069702,0.9294065833091736,0.23146324310519187
2055,0.28748226165771484,0.9844083189964294,0.9307149052619934,0.9309508204460144,0.32934881653615533
2056,0.2641121745109558,0.9827902913093567,0.9287290573120117,0.9335980415344238,0.22136600230606565
2057,0.28214067220687866,0.9815400242805481,0.9309355616569519,0.9360247254371643,0.26090510923277177
2058,0.2790764272212982,0.9831580519676208,0.9311562180519104,0.9344804883003235,0.2704495504588416
2059,0.2816891670227051,0.9841141104698181,0.9298323392868042,0.9349216818809509,0.22571812293570653
2060,0.26910099387168884,0.9835993051528931,0.925860583782196,0.932715654373169,0.21568115676873562
2061,0.27693870663642883,0.9831580519676208,0.9291703701019287,0.9329362511634827,0.21703583173574711
2062,0.2790607511997223,0.9833786487579346,0.9304942488670349,0.9351422786712646,0.245973426511523
2063,0.2727506160736084,0.984187662601471,0.9318181872367859,0.9335980415344238,0.23172176856943455
2064,0.2758873403072357,0.9833786487579346,0.9298323392868042,0.9360247254371643,0.24566659186936915
2065,0.26678466796875,0.9855114817619324,0.9315975308418274,0.9353629350662231,0.23419292789363108
2066,0.2765556871891022,0.9848495721817017,0.9291703701019287,0.9331568479537964,0.22485519316429609
2067,0.2621031701564789,0.9822019338607788,0.9302735924720764,0.9351422786712646,0.201618597112056
2068,0.27540987730026245,0.9838199615478516,0.9311562180519104,0.9355835318565369,0.22174448951312262
2069,0.2683630883693695,0.9854379296302795,0.9309355616569519,0.9358041286468506,0.19947789451776596
2070,0.27856364846229553,0.9854379296302795,0.9309355616569519,0.9347010850906372,0.22932000225597993
2071,0.26386818289756775,0.9844083189964294,0.9309355616569519,0.9360247254371643,0.2042442654250848
2072,0.27036309242248535,0.9843347668647766,0.9342453479766846,0.9375689625740051,0.20031920686615012
2073,0.263616681098938,0.9849966764450073,0.9346866607666016,0.9371277689933777,0.19065318749960555
2074,0.26141369342803955,0.9839670658111572,0.9322595000267029,0.9347010850906372,0.20006747520954538
2075,0.2734583914279938,0.9844083189964294,0.9331421256065369,0.9351422786712646,0.24098707161087568
2076,0.2632964849472046,0.9849231243133545,0.9318181872367859,0.9344804883003235,0.19797724158818722
2077,0.2657455801963806,0.9855850338935852,0.9309355616569519,0.9296271800994873,0.19760247187849173
2078,0.2721824049949646,0.984702467918396,0.9291703701019287,0.9320538640022278,0.2235030362499788
2079,0.2722536623477936,0.9858792424201965,0.9300529360771179,0.9347010850906372,0.23115440182476452
2080,0.2627805471420288,0.9848495721817017,0.9300529360771179,0.9351422786712646,0.20272904209704112
2081,0.27656465768814087,0.9840405583381653,0.9313768744468689,0.9351422786712646,0.2745447495503649
2082,0.26092612743377686,0.9837464094161987,0.9304942488670349,0.9349216818809509,0.21054702396975325
2083,0.26805514097213745,0.9840405583381653,0.9300529360771179,0.9318332076072693,0.26525837361259536
2084,0.2642083764076233,0.985143780708313,0.9309355616569519,0.9351422786712646,0.24238075229044548
2085,0.268643319606781,0.9848495721817017,0.9265224933624268,0.9338186979293823,0.26101568007535786
2086,0.2644033133983612,0.9829373955726624,0.9263018369674683,0.9329362511634827,0.22693425067113976
2087,0.27147048711776733,0.9838199615478516,0.9274051189422607,0.9338186979293823,0.2835348860550469
2088,0.27927494049072266,0.9824225902557373,0.9304942488670349,0.9347010850906372,0.2980103017462247
2089,0.263637900352478,0.9814664721488953,0.9285084009170532,0.9351422786712646,0.22860280824488016
2090,0.2639085352420807,0.9853644371032715,0.9302735924720764,0.9355835318565369,0.2563388751149568
2091,0.28717702627182007,0.9839670658111572,0.9296116828918457,0.9355835318565369,0.3152685746510138
2092,0.26111915707588196,0.9846289753913879,0.9298323392868042,0.9355835318565369,0.22094822097672667
2093,0.2661968171596527,0.9861733913421631,0.9315975308418274,0.9329362511634827,0.2475609895629818
2094,0.2714666426181793,0.9840405583381653,0.9304942488670349,0.9329362511634827,0.23753238051762146
2095,0.27207133173942566,0.9839670658111572,0.9307149052619934,0.9355835318565369,0.2522375293009609
2096,0.2709067165851593,0.9848495721817017,0.9313768744468689,0.9338186979293823,0.2453068568517132
2097,0.27359622716903687,0.9833786487579346,0.9263018369674683,0.9320538640022278,0.29364785184460473
2098,0.2716604769229889,0.9824225902557373,0.9274051189422607,0.9318332076072693,0.2528767017776001
2099,0.27617985010147095,0.9847760200500488,0.9289497137069702,0.9351422786712646,0.26654660698230953
2100,0.2770557999610901,0.9817606806755066,0.9267431497573853,0.9324950575828552,0.2304212921923256
2101,0.2795236110687256,0.9816135764122009,0.9280670881271362,0.9344804883003235,0.2620615187731931
2102,0.2857995927333832,0.9836728572845459,0.9307149052619934,0.9311714172363281,0.258362608556827
2103,0.28345614671707153,0.9826432466506958,0.9293910264968872,0.9300683736801147,0.2468146041022291
2104,0.2776970863342285,0.9832316040992737,0.9311562180519104,0.9335980415344238,0.2705258793528932
2105,0.285086452960968,0.9837464094161987,0.9300529360771179,0.9360247254371643,0.3264602267055581
2106,0.2865557372570038,0.9831580519676208,0.9260811805725098,0.9369071125984192,0.31277473857546906
2107,0.2828579545021057,0.9816871285438538,0.9276257753372192,0.9338186979293823,0.26407223053633844
2108,0.27248677611351013,0.9816135764122009,0.9280670881271362,0.932715654373169,0.24041018973717182
2109,0.2874961793422699,0.9836728572845459,0.9265224933624268,0.9318332076072693,0.29848398112902014
2110,0.28218796849250793,0.9792601466178894,0.9263018369674683,0.9318332076072693,0.33867930436679444
2111,0.3004797697067261,0.9818342328071594,0.9309355616569519,0.9349216818809509,0.35206716262888055
2112,0.2808895707130432,0.9822019338607788,0.9302735924720764,0.9355835318565369,0.2689940512886222
2113,0.28388914465904236,0.981025218963623,0.9234333634376526,0.9309508204460144,0.2835443238992712
2114,0.2873026728630066,0.9820548295974731,0.9260811805725098,0.9300683736801147,0.3152121535470533
2115,0.2857295572757721,0.9835257530212402,0.9296116828918457,0.9358041286468506,0.27722822120040735
2116,0.282998263835907,0.9796278476715088,0.9243159890174866,0.932715654373169,0.27929340329443225
2117,0.29087167978286743,0.9801426529884338,0.9276257753372192,0.9324950575828552,0.3044878810521292
2118,0.28522375226020813,0.981025218963623,0.9296116828918457,0.9311714172363281,0.29743070926289983
2119,0.2824234366416931,0.9820548295974731,0.9271844625473022,0.930509626865387,0.2539616938610232
2120,0.28305038809776306,0.9815400242805481,0.9256399273872375,0.9313920140266418,0.25808530142402125
2121,0.28768017888069153,0.9809516668319702,0.9260811805725098,0.9318332076072693,0.2462188226011416
2122,0.27773797512054443,0.9806574583053589,0.9256399273872375,0.9294065833091736,0.2725882334721897
2123,0.29032889008522034,0.9803633093833923,0.9265224933624268,0.9294065833091736,0.27938749870769336
2124,0.27912449836730957,0.9827167391777039,0.9269638061523438,0.9316126108169556,0.24636952037766455
2125,0.29487666487693787,0.9822754859924316,0.9285084009170532,0.9347010850906372,0.2945562781650878
2126,0.2888360023498535,0.9815400242805481,0.9329214692115784,0.9371277689933777,0.28086352391791136
2127,0.2729746699333191,0.980069100856781,0.9287290573120117,0.9338186979293823,0.209312826378388
2128,0.27781587839126587,0.9814664721488953,0.9291703701019287,0.9347010850906372,0.2495034974018952
2129,0.26781314611434937,0.9813193678855896,0.9263018369674683,0.9331568479537964,0.19753285317361727
2130,0.2820250988006592,0.9819813370704651,0.9296116828918457,0.9355835318565369,0.2674449120322002
2131,0.28037527203559875,0.9824961423873901,0.9307149052619934,0.9369071125984192,0.25640025359928886
2132,0.2719802260398865,0.9827902913093567,0.9307149052619934,0.9364659190177917,0.2400703701731989
2133,0.27859312295913696,0.9819077849388123,0.9278464317321777,0.932715654373169,0.27908492815193847
2134,0.2830263674259186,0.9838199615478516,0.9320388436317444,0.934039294719696,0.26936348454442377
2135,0.2697781026363373,0.9831580519676208,0.9296116828918457,0.9333774447441101,0.2638630367069949
2136,0.28164616227149963,0.9819813370704651,0.9276257753372192,0.932715654373169,0.28684999745693857
2137,0.27974021434783936,0.9848495721817017,0.9324801564216614,0.9344804883003235,0.24560170862204989
2138,0.27760109305381775,0.9853644371032715,0.9344660043716431,0.93845134973526,0.2761196973740492
2139,0.2733795940876007,0.9842612147331238,0.9320388436317444,0.9355835318565369,0.25609814078084614
2140,0.26779448986053467,0.9841141104698181,0.9313768744468689,0.9302890300750732,0.23255022650906945
2141,0.26745498180389404,0.984187662601471,0.9320388436317444,0.9269799590110779,0.22497557845054217
2142,0.27380889654159546,0.9830109477043152,0.9322595000267029,0.9333774447441101,0.2625408772538103
2143,0.27432388067245483,0.9823490381240845,0.9338040947914124,0.9347010850906372,0.22868795372052242
2144,0.2766439616680145,0.9839670658111572,0.9324801564216614,0.9322744607925415,0.24329656289334628
2145,0.2819764018058777,0.9833051562309265,0.9331421256065369,0.9344804883003235,0.29025338658840405
2146,0.27055010199546814,0.9832316040992737,0.9304942488670349,0.9358041286468506,0.2424516649178266
2147,0.2728104889392853,0.9837464094161987,0.9322595000267029,0.9322744607925415,0.2486075976194547
2148,0.2703321576118469,0.9830109477043152,0.9289497137069702,0.9347010850906372,0.267406270518186
2149,0.2791246771812439,0.9834522008895874,0.9307149052619934,0.9329362511634827,0.23479327242518985
2150,0.2693026065826416,0.9834522008895874,0.9293910264968872,0.9316126108169556,0.2504886441060906
2151,0.27172282338142395,0.9838199615478516,0.9291703701019287,0.932715654373169,0.24485660181432298
2152,0.2593159079551697,0.9841141104698181,0.9278464317321777,0.9300683736801147,0.23008930790550583
2153,0.2775229811668396,0.9842612147331238,0.9315975308418274,0.9287447929382324,0.240796808935865
2154,0.26592937111854553,0.9827902913093567,0.9296116828918457,0.9296271800994873,0.23134227585680892
2155,0.27263274788856506,0.978009819984436,0.9223300814628601,0.9289653897285461,0.2525105527520643
2156,0.28686782717704773,0.9831580519676208,0.9315975308418274,0.934039294719696,0.3219219117128974
2157,0.2739909291267395,0.9830109477043152,0.9289497137069702,0.9335980415344238,0.2312972038562435
2158,0.2719317674636841,0.979554295539856,0.9265224933624268,0.9311714172363281,0.28045118446648604
2159,0.27979564666748047,0.9828638434410095,0.9311562180519104,0.9335980415344238,0.30444631605215977
2160,0.2723664343357086,0.9828638434410095,0.9274051189422607,0.930509626865387,0.21702258218963696
2161,0.2865981459617615,0.9814664721488953,0.9291703701019287,0.9316126108169556,0.34391689531007524
2162,0.2782593071460724,0.9811723232269287,0.9278464317321777,0.9351422786712646,0.25536082983475017
2163,0.2899758517742157,0.9833786487579346,0.9327008128166199,0.9347010850906372,0.29237670532520843
2164,0.26895609498023987,0.9852173328399658,0.9327008128166199,0.9351422786712646,0.24253354094598334
2165,0.2755669057369232,0.9838935136795044,0.9293910264968872,0.9333774447441101,0.3061463468651092
2166,0.28230276703834534,0.9827902913093567,0.9278464317321777,0.930509626865387,0.323250820435489
2167,0.2843245565891266,0.9860263466835022,0.9265224933624268,0.9313920140266418,0.2690398527125527
2168,0.2830897867679596,0.9835993051528931,0.9271844625473022,0.9342598915100098,0.2521742282719686
2169,0.28010520339012146,0.9831580519676208,0.9285084009170532,0.9358041286468506,0.2619513491228376
2170,0.2801324129104614,0.9827902913093567,0.9269638061523438,0.9338186979293823,0.24442093862049125
2171,0.276620477437973,0.9827902913093567,0.9245366454124451,0.9342598915100098,0.24645818459312693
2172,0.26960232853889465,0.9837464094161987,0.9260811805725098,0.9331568479537964,0.22391109109751783
2173,0.2782406508922577,0.9824225902557373,0.9276257753372192,0.9307302236557007,0.24493981788259303
2174,0.2771807610988617,0.9847760200500488,0.9271844625473022,0.934039294719696,0.22251581095542589
2175,0.27285248041152954,0.9830109477043152,0.9263018369674683,0.9355835318565369,0.22379243579024732
2176,0.2655123174190521,0.9822019338607788,0.9300529360771179,0.9358041286468506,0.2329059409326469
2177,0.2715917229652405,0.9828638434410095,0.9318181872367859,0.9375689625740051,0.24755430323647298
2178,0.2707929015159607,0.983084499835968,0.9311562180519104,0.9351422786712646,0.22147036463969227
2179,0.27052199840545654,0.9834522008895874,0.9298323392868042,0.9331568479537964,0.23161348450561514
2180,0.26984766125679016,0.9832316040992737,0.9285084009170532,0.9333774447441101,0.2214219803732706
2181,0.26795661449432373,0.985143780708313,0.9313768744468689,0.9353629350662231,0.23649652332294196
2182,0.2819727063179016,0.9827167391777039,0.9311562180519104,0.9358041286468506,0.2858491072796668
2183,0.2709342837333679,0.9835993051528931,0.9298323392868042,0.9342598915100098,0.24350078914878964
2184,0.2705059051513672,0.9833051562309265,0.9333627820014954,0.936245322227478,0.25111406484143073
2185,0.26972025632858276,0.9841141104698181,0.9320388436317444,0.9331568479537964,0.19686175311092494
2186,0.26695436239242554,0.9837464094161987,0.9315975308418274,0.934039294719696,0.22197417147134527
2187,0.27928271889686584,0.9838935136795044,0.9322595000267029,0.9331568479537964,0.2474241129952151
2188,0.27227264642715454,0.9838199615478516,0.9307149052619934,0.9335980415344238,0.23053254290796027
2189,0.2654825448989868,0.9843347668647766,0.9322595000267029,0.9342598915100098,0.21143218782632522
2190,0.2767801284790039,0.9833786487579346,0.9318181872367859,0.9353629350662231,0.24848289902938372
2191,0.26569080352783203,0.9838935136795044,0.9304942488670349,0.9358041286468506,0.22703290665163312
2192,0.27161216735839844,0.9839670658111572,0.9324801564216614,0.9342598915100098,0.23897456139188708
2193,0.26744526624679565,0.9841141104698181,0.9309355616569519,0.9342598915100098,0.21105814183013405
2194,0.2662990987300873,0.982128381729126,0.9315975308418274,0.929847776889801,0.1991763924981373
2195,0.28498533368110657,0.9541810750961304,0.9060017466545105,0.9042576551437378,0.47673883472678225
2196,0.3794574737548828,0.9783040285110474,0.9212268590927124,0.9285241961479187,0.6416881515006957
2197,0.3199951946735382,0.9562403559684753,0.9029126167297363,0.9060224890708923,0.49950508656765324
2198,0.3609693646430969,0.9768331050872803,0.9194616079330444,0.9263181090354919,0.6279120211949027
2199,0.33981627225875854,0.9783775806427002,0.9236540198326111,0.9302890300750732,0.48326239367846546
2200,0.3221500515937805,0.9782304763793945,0.9260811805725098,0.932715654373169,0.3395248397365085
2201,0.3151973485946655,0.9792601466178894,0.9265224933624268,0.9311714172363281,0.30483695403904437
2202,0.3089640736579895,0.9791865944862366,0.9287290573120117,0.9296271800994873,0.3452234137819795
2203,0.2994821071624756,0.9775685667991638,0.9260811805725098,0.9278623461723328,0.30389472958858876
2204,0.3074803054332733,0.9788188338279724,0.9263018369674683,0.9324950575828552,0.282090834836289
2205,0.30180543661117554,0.9797013998031616,0.9278464317321777,0.932715654373169,0.26515320441022167
2206,0.28676971793174744,0.9776421189308167,0.9249779582023621,0.9263181090354919,0.21048834068811362
2207,0.2941167652606964,0.9802897572517395,0.9256399273872375,0.9309508204460144,0.288993767459104
2208,0.29735738039016724,0.9808781147003174,0.9260811805725098,0.9313920140266418,0.2385335655334353
2209,0.2967740297317505,0.9829373955726624,0.9329214692115784,0.9349216818809509,0.2617793860035598
2210,0.27632105350494385,0.9798485040664673,0.9267431497573853,0.9320538640022278,0.22675637120788253
2211,0.2869546115398407,0.9785982370376587,0.9278464317321777,0.9322744607925415,0.2205239282613274
2212,0.2784719169139862,0.9797013998031616,0.9278464317321777,0.9344804883003235,0.20993374269639944
2213,0.2786433696746826,0.9817606806755066,0.9346866607666016,0.9360247254371643,0.222294834304289
2214,0.28280138969421387,0.9814664721488953,0.936231255531311,0.9335980415344238,0.2087742592488195
2215,0.27364587783813477,0.9823490381240845,0.9335834383964539,0.932715654373169,0.2111261610000261
2216,0.2706816494464874,0.9819077849388123,0.9315975308418274,0.9313920140266418,0.20130864370056634
2217,0.272494375705719,0.9835257530212402,0.9329214692115784,0.9322744607925415,0.19872986893159836
2218,0.2713225781917572,0.9835993051528931,0.9322595000267029,0.9335980415344238,0.21446814471355785
2219,0.27097123861312866,0.9828638434410095,0.9322595000267029,0.9320538640022278,0.18758354606076091
2220,0.27226293087005615,0.9843347668647766,0.9329214692115784,0.9355835318565369,0.23494466807190137
2221,0.267063707113266,0.9828638434410095,0.9327008128166199,0.9329362511634827,0.19459969884273404
2222,0.27188003063201904,0.9833786487579346,0.9329214692115784,0.9331568479537964,0.21818608234310322
2223,0.2648063600063324,0.9842612147331238,0.9355692863464355,0.9331568479537964,0.2252680260456244
2224,0.25896358489990234,0.9828638434410095,0.9364519119262695,0.9309508204460144,0.21061377354173597
2225,0.27289479970932007,0.9861733913421631,0.9382171034812927,0.932715654373169,0.2213854019113479
2226,0.27056771516799927,0.9848495721817017,0.9322595000267029,0.9311714172363281,0.20335205187074745
2227,0.27315300703048706,0.9823490381240845,0.9307149052619934,0.9322744607925415,0.2362770252410329
2228,0.26918065547943115,0.9835993051528931,0.9304942488670349,0.9316126108169556,0.2124788005732426
2229,0.26581794023513794,0.9845554232597351,0.935789942741394,0.9322744607925415,0.217164596142745
2230,0.2670999765396118,0.9842612147331238,0.9327008128166199,0.9322744607925415,0.24552216870122287
2231,0.26122790575027466,0.9849231243133545,0.9309355616569519,0.932715654373169,0.2107635020035977
2232,0.2616214454174042,0.9844083189964294,0.9309355616569519,0.9335980415344238,0.19671264759913426
2233,0.26851004362106323,0.9845554232597351,0.9318181872367859,0.9338186979293823,0.20207610679487678
2234,0.2651052176952362,0.9849966764450073,0.9302735924720764,0.9364659190177917,0.19446459882209005
2235,0.26772645115852356,0.9842612147331238,0.9302735924720764,0.9331568479537964,0.20767962447793595
2236,0.2638251483440399,0.9855850338935852,0.9315975308418274,0.9371277689933777,0.21742929602825864
2237,0.2657706141471863,0.9845554232597351,0.9280670881271362,0.9353629350662231,0.2155005933024154
2238,0.2670295536518097,0.9838199615478516,0.9274051189422607,0.9324950575828552,0.22045611078780578
2239,0.27057743072509766,0.985143780708313,0.9300529360771179,0.9344804883003235,0.2231808792321937
2240,0.2574566900730133,0.9847760200500488,0.9291703701019287,0.9344804883003235,0.20056650328389705
2241,0.2723143994808197,0.9842612147331238,0.9342453479766846,0.9335980415344238,0.24031510814653687
2242,0.26690447330474854,0.9866147041320801,0.9327008128166199,0.9320538640022278,0.2749158326224575
2243,0.26801714301109314,0.9858792424201965,0.9322595000267029,0.9342598915100098,0.22891622477318738
2244,0.2628629207611084,0.9845554232597351,0.9320388436317444,0.9349216818809509,0.23455469271741142
2245,0.26685357093811035,0.9848495721817017,0.9313768744468689,0.9335980415344238,0.21181193142456647
2246,0.2663770318031311,0.984702467918396,0.9320388436317444,0.9353629350662231,0.21990333863530503
2247,0.26950544118881226,0.9849231243133545,0.9315975308418274,0.9371277689933777,0.22936690474746224
2248,0.28032514452934265,0.9827902913093567,0.9311562180519104,0.9335980415344238,0.35005982858548174
2249,0.27999964356422424,0.9845554232597351,0.9320388436317444,0.9338186979293823,0.3272559592425725
2250,0.26929929852485657,0.9838935136795044,0.9318181872367859,0.9316126108169556,0.27375033404037546
2251,0.2899208664894104,0.982128381729126,0.9263018369674683,0.9283035397529602,0.36003496069383334
2252,0.27934324741363525,0.9816871285438538,0.9278464317321777,0.929847776889801,0.30859621713437796
2253,0.28073590993881226,0.982569694519043,0.925419270992279,0.930509626865387,0.2778217521393478
2254,0.28167101740837097,0.9838935136795044,0.9289497137069702,0.9322744607925415,0.3010455611544344
2255,0.2726512551307678,0.984187662601471,0.925419270992279,0.929847776889801,0.24959511922274752
2256,0.2811039090156555,0.9835257530212402,0.9280670881271362,0.9331568479537964,0.2517062480820178
2257,0.28488290309906006,0.9833051562309265,0.9280670881271362,0.9294065833091736,0.28643384224208185
2258,0.27541860938072205,0.9813929200172424,0.9304942488670349,0.9318332076072693,0.2628562305700134
2259,0.28549954295158386,0.9824225902557373,0.9333627820014954,0.9318332076072693,0.3225816002403138
2260,0.2703551948070526,0.9837464094161987,0.9315975308418274,0.9369071125984192,0.2699848471625492
2261,0.27943116426467896,0.9826432466506958,0.9327008128166199,0.9344804883003235,0.26510217798221236
2262,0.2821698486804962,0.9828638434410095,0.9315975308418274,0.9360247254371643,0.2948479565198703
2263,0.2740579843521118,0.9809516668319702,0.9298323392868042,0.9324950575828552,0.22101606539675062
2264,0.2736817002296448,0.9808045625686646,0.9324801564216614,0.9322744607925415,0.2754316031300332
2265,0.27427607774734497,0.9829373955726624,0.9315975308418274,0.9291859865188599,0.2552196977071703
2266,0.2792488932609558,0.9840405583381653,0.9267431497573853,0.9289653897285461,0.2431624900932755
2267,0.275794118642807,0.9832316040992737,0.9291703701019287,0.9324950575828552,0.2581106778840468
2268,0.2725502550601959,0.9830109477043152,0.9329214692115784,0.9331568479537964,0.2432332435079132
2269,0.27639153599739075,0.9844083189964294,0.9333627820014954,0.9331568479537964,0.24223054379702313
2270,0.27579328417778015,0.9846289753913879,0.9313768744468689,0.9318332076072693,0.24172872805112
2271,0.2770169973373413,0.9820548295974731,0.9320388436317444,0.9313920140266418,0.2709461715236326
2272,0.28627362847328186,0.9844818711280823,0.9296116828918457,0.930509626865387,0.2448868213705877
2273,0.27042531967163086,0.9841141104698181,0.9271844625473022,0.9313920140266418,0.21913277900772363
2274,0.2708800733089447,0.9842612147331238,0.9302735924720764,0.9353629350662231,0.22721534813352595
2275,0.2725432217121124,0.9840405583381653,0.9320388436317444,0.9344804883003235,0.21876662439926672
2276,0.26897022128105164,0.9824961423873901,0.9309355616569519,0.930509626865387,0.21071607062861653
2277,0.27404898405075073,0.9837464094161987,0.9322595000267029,0.9300683736801147,0.2536752127649118
2278,0.26648467779159546,0.9816135764122009,0.9304942488670349,0.927641749382019,0.2282537557033709
2279,0.27877330780029297,0.9831580519676208,0.9267431497573853,0.9265387058258057,0.2935630213007636
2280,0.28434646129608154,0.9786717295646667,0.9269638061523438,0.9243326783180237,0.3397778775074904
2281,0.2875012755393982,0.9823490381240845,0.9311562180519104,0.9329362511634827,0.33553551426473727
2282,0.2799948453903198,0.9797013998031616,0.925860583782196,0.9280829429626465,0.2604869167406781
2283,0.2994290590286255,0.9815400242805481,0.9267431497573853,0.9322744607925415,0.41640170788952524
2284,0.2797533869743347,0.9785982370376587,0.925419270992279,0.9291859865188599,0.22758371907239838
2285,0.29159992933273315,0.9838935136795044,0.9324801564216614,0.9349216818809509,0.2781966808500476
2286,0.27505049109458923,0.9822754859924316,0.925860583782196,0.9322744607925415,0.225001285940673
2287,0.2894013226032257,0.9790394902229309,0.9265224933624268,0.9280829429626465,0.33711314914602336
2288,0.2871246039867401,0.9806574583053589,0.9298323392868042,0.9316126108169556,0.28371640678344545
2289,0.28112828731536865,0.9803633093833923,0.9285084009170532,0.9285241961479187,0.23524742603730334
2290,0.2931867241859436,0.9827167391777039,0.9285084009170532,0.9287447929382324,0.2834655202559612
2291,0.2809864580631256,0.9797013998031616,0.9280670881271362,0.929847776889801,0.24439199018470786
2292,0.28995251655578613,0.9833051562309265,0.9304942488670349,0.9300683736801147,0.3076222738155875
2293,0.27262425422668457,0.9841141104698181,0.9296116828918457,0.9307302236557007,0.25992143509061716
2294,0.28286251425743103,0.9836728572845459,0.9329214692115784,0.9353629350662231,0.31590755174534174
2295,0.27476948499679565,0.9813193678855896,0.9304942488670349,0.9347010850906372,0.23734696056732663
2296,0.2849358916282654,0.9827902913093567,0.9296116828918457,0.9347010850906372,0.28105492902918927
2297,0.28020069003105164,0.9833051562309265,0.9320388436317444,0.9342598915100098,0.2456844896047159
2298,0.2697070837020874,0.9822019338607788,0.9291703701019287,0.930509626865387,0.2418108145153377
2299,0.2747659981250763,0.9827167391777039,0.9293910264968872,0.9322744607925415,0.23921126588307645
2300,0.27550289034843445,0.9835993051528931,0.9274051189422607,0.9335980415344238,0.2242333381010327
2301,0.28297159075737,0.9831580519676208,0.9318181872367859,0.9331568479537964,0.26623930096266574
2302,0.27231383323669434,0.9835993051528931,0.9311562180519104,0.9331568479537964,0.2181701577782021
2303,0.2786615192890167,0.9846289753913879,0.9327008128166199,0.9322744607925415,0.23052108929476642
2304,0.2743639051914215,0.9830109477043152,0.9320388436317444,0.9318332076072693,0.22855960293052854
2305,0.27859464287757874,0.9818342328071594,0.9333627820014954,0.9320538640022278,0.26274732612725354
2306,0.27529528737068176,0.9801426529884338,0.9307149052619934,0.9318332076072693,0.24043492120839352
2307,0.2764228582382202,0.9839670658111572,0.9338040947914124,0.934039294719696,0.24016869610474773
2308,0.27062445878982544,0.9844083189964294,0.9327008128166199,0.9338186979293823,0.2277138393653579
2309,0.2726333439350128,0.984187662601471,0.9309355616569519,0.9311714172363281,0.28491123754720715
2310,0.2740669250488281,0.9844083189964294,0.9340247511863708,0.9333774447441101,0.24156306631679444
2311,0.27236199378967285,0.9838199615478516,0.935348629951477,0.934039294719696,0.2487078175663004
2312,0.2639710605144501,0.9823490381240845,0.9313768744468689,0.9322744607925415,0.22879642424363408
2313,0.2770703136920929,0.9843347668647766,0.9307149052619934,0.9351422786712646,0.3124899025888593
2314,0.2788829207420349,0.9827902913093567,0.9311562180519104,0.9287447929382324,0.28229399756317064
2315,0.27480506896972656,0.9824225902557373,0.9304942488670349,0.9291859865188599,0.2473099828097961
2316,0.27435246109962463,0.983084499835968,0.9302735924720764,0.9267593622207642,0.3143293226180509
2317,0.28911909461021423,0.9844083189964294,0.9302735924720764,0.9313920140266418,0.3121210674191226
2318,0.278774619102478,0.9824225902557373,0.9307149052619934,0.9335980415344238,0.2751774010798748
2319,0.28313902020454407,0.9844083189964294,0.9320388436317444,0.9335980415344238,0.29487456658127553
2320,0.27422404289245605,0.9835993051528931,0.9311562180519104,0.9316126108169556,0.22891253747070087
2321,0.2795630395412445,0.9822754859924316,0.9287290573120117,0.9331568479537964,0.2509546484870521
2322,0.2651682198047638,0.9818342328071594,0.9260811805725098,0.9307302236557007,0.22089453102131415
2323,0.2697010934352875,0.9827902913093567,0.9296116828918457,0.9302890300750732,0.2585738442694967
2324,0.2663241922855377,0.9830109477043152,0.9309355616569519,0.9302890300750732,0.23814892891916392
2325,0.26784008741378784,0.9822754859924316,0.9302735924720764,0.9300683736801147,0.23025689356640702
2326,0.2682604193687439,0.9840405583381653,0.9327008128166199,0.9335980415344238,0.27380141903232813
2327,0.27513763308525085,0.9827902913093567,0.9307149052619934,0.9353629350662231,0.2284350637028868
2328,0.28924545645713806,0.9816871285438538,0.9251986145973206,0.9313920140266418,0.34015904248449497
2329,0.2958165407180786,0.9837464094161987,0.9307149052619934,0.9324950575828552,0.42867016841142636
2330,0.27874988317489624,0.9824225902557373,0.9269638061523438,0.9289653897285461,0.23752917332348913
2331,0.29132479429244995,0.9838199615478516,0.9278464317321777,0.9322744607925415,0.33555356701050615
2332,0.27593815326690674,0.9816871285438538,0.9289497137069702,0.9283035397529602,0.23675256549464913
2333,0.2801963984966278,0.982128381729126,0.9280670881271362,0.9307302236557007,0.2733537205004774
2334,0.2753331661224365,0.9828638434410095,0.9267431497573853,0.934039294719696,0.24306502791682616
2335,0.2806347608566284,0.9813193678855896,0.9287290573120117,0.9324950575828552,0.23691959040361754
2336,0.2792762219905853,0.9846289753913879,0.9309355616569519,0.936245322227478,0.23317004304006403
2337,0.2645634710788727,0.984702467918396,0.9313768744468689,0.9329362511634827,0.20593362155158768
2338,0.27331218123435974,0.9845554232597351,0.9313768744468689,0.9338186979293823,0.20541033780295856
2339,0.2686963379383087,0.984702467918396,0.9298323392868042,0.9349216818809509,0.205375582853251
2340,0.2741865813732147,0.9834522008895874,0.9311562180519104,0.9342598915100098,0.2226934382157269
2341,0.27790603041648865,0.9836728572845459,0.9311562180519104,0.9331568479537964,0.2003021218802753
2342,0.26604709029197693,0.9828638434410095,0.9302735924720764,0.9349216818809509,0.2015679780539315
2343,0.2768341302871704,0.9822754859924316,0.9322595000267029,0.9344804883003235,0.26331113347104523
2344,0.2756497263908386,0.9848495721817017,0.9333627820014954,0.9347010850906372,0.23079600968003477
2345,0.26420149207115173,0.9850702285766602,0.9327008128166199,0.9364659190177917,0.2095979897091566
2346,0.2707130014896393,0.9835257530212402,0.9329214692115784,0.9344804883003235,0.21900156355335318
2347,0.263136625289917,0.9844083189964294,0.9329214692115784,0.9353629350662231,0.22953933614483582
2348,0.2625981867313385,0.984702467918396,0.9318181872367859,0.9358041286468506,0.21548974473302682
2349,0.27178508043289185,0.984187662601471,0.9344660043716431,0.9333774447441101,0.20929468134157214
2350,0.2730696201324463,0.9845554232597351,0.9331421256065369,0.9324950575828552,0.2622212434092465
2351,0.26981496810913086,0.9839670658111572,0.9318181872367859,0.9302890300750732,0.2492375533958695
2352,0.28150635957717896,0.9848495721817017,0.9335834383964539,0.9335980415344238,0.2845923672672275
2353,0.26090207695961,0.9839670658111572,0.9344660043716431,0.9329362511634827,0.20454666170910935
2354,0.2775042653083801,0.9840405583381653,0.9320388436317444,0.9329362511634827,0.33904266072000483
2355,0.2823871374130249,0.9819077849388123,0.9289497137069702,0.9269799590110779,0.36398919942801433
2356,0.28478366136550903,0.9839670658111572,0.9320388436317444,0.9324950575828552,0.4083555232123127
2357,0.2799258232116699,0.9844818711280823,0.9320388436317444,0.9311714172363281,0.29815573825151814
2358,0.2715323269367218,0.9832316040992737,0.9291703701019287,0.9316126108169556,0.2600920405837424
2359,0.2762265205383301,0.9847760200500488,0.9304942488670349,0.9342598915100098,0.2618607162678357
2360,0.27464285492897034,0.9840405583381653,0.9304942488670349,0.9331568479537964,0.2396883088386508
2361,0.27458781003952026,0.9838199615478516,0.9349073171615601,0.9324950575828552,0.30780218369366896
2362,0.2692294418811798,0.9819077849388123,0.9287290573120117,0.932715654373169,0.2570220947763932
2363,0.272205650806427,0.9819077849388123,0.9324801564216614,0.9333774447441101,0.2676755062182465
2364,0.2768344283103943,0.9826432466506958,0.9311562180519104,0.9320538640022278,0.2600221907558313
2365,0.26599109172821045,0.9822019338607788,0.9309355616569519,0.9294065833091736,0.23955147425505322
2366,0.2718542218208313,0.9831580519676208,0.9271844625473022,0.9296271800994873,0.2697690890323893
2367,0.28348508477211,0.9804368615150452,0.9276257753372192,0.9307302236557007,0.3135508561083351
2368,0.2729051113128662,0.981025218963623,0.9249779582023621,0.9287447929382324,0.25817684371309846
2369,0.2763845920562744,0.9804368615150452,0.9243159890174866,0.9296271800994873,0.27835833634579205
2370,0.2932671308517456,0.9834522008895874,0.9320388436317444,0.9322744607925415,0.333182152258344
2371,0.27530285716056824,0.9833051562309265,0.9320388436317444,0.9347010850906372,0.26999150579074194
2372,0.2763122022151947,0.9834522008895874,0.9291703701019287,0.934039294719696,0.29947783463082583
2373,0.2857353091239929,0.9813193678855896,0.9267431497573853,0.9322744607925415,0.3201731120588232
2374,0.28169679641723633,0.9840405583381653,0.935348629951477,0.9338186979293823,0.28369413568847046
2375,0.2708625793457031,0.9817606806755066,0.9282877445220947,0.9294065833091736,0.20372829145035531
2376,0.2845807671546936,0.9844083189964294,0.9307149052619934,0.9355835318565369,0.3076512116039528
2377,0.2665179967880249,0.9831580519676208,0.9298323392868042,0.9369071125984192,0.2233623045299839
2378,0.27496588230133057,0.984702467918396,0.9313768744468689,0.9338186979293823,0.24892686614571174
2379,0.27079999446868896,0.9832316040992737,0.9302735924720764,0.9349216818809509,0.23543237173683776
2380,0.27463194727897644,0.9839670658111572,0.9291703701019287,0.9320538640022278,0.22913255007935132
2381,0.2686097025871277,0.9838199615478516,0.9315975308418274,0.9320538640022278,0.21811263058386496
2382,0.26821398735046387,0.9837464094161987,0.9315975308418274,0.9347010850906372,0.21252597014544633
2383,0.26108211278915405,0.983084499835968,0.9278464317321777,0.9316126108169556,0.20757499272755953
2384,0.273348867893219,0.9849231243133545,0.9291703701019287,0.9331568479537964,0.245678443041048
2385,0.26269465684890747,0.9842612147331238,0.9320388436317444,0.9307302236557007,0.20280976124142133
2386,0.2807610332965851,0.9838935136795044,0.9349073171615601,0.9349216818809509,0.2537933602709314
2387,0.26763325929641724,0.9830109477043152,0.9315975308418274,0.9349216818809509,0.22521665817848802
2388,0.27642059326171875,0.9847760200500488,0.9313768744468689,0.9347010850906372,0.23397884935408111
2389,0.27423593401908875,0.9831580519676208,0.9311562180519104,0.9349216818809509,0.2340534998101526
2390,0.2708713710308075,0.9827167391777039,0.9280670881271362,0.9322744607925415,0.2225449100140965
2391,0.2778517007827759,0.9833051562309265,0.9298323392868042,0.9320538640022278,0.2471725457232215
2392,0.27410057187080383,0.9832316040992737,0.9280670881271362,0.9311714172363281,0.22171377606906975
2393,0.26756539940834045,0.9838935136795044,0.9302735924720764,0.9333774447441101,0.25349625229794526
2394,0.27786481380462646,0.9827902913093567,0.9289497137069702,0.9311714172363281,0.23128240502914182
2395,0.2746959924697876,0.9855850338935852,0.9333627820014954,0.9331568479537964,0.2648740489473747
2396,0.2627239525318146,0.9845554232597351,0.9329214692115784,0.930509626865387,0.2022247304558816
2397,0.2763587534427643,0.9848495721817017,0.9302735924720764,0.9329362511634827,0.2641524701688237
2398,0.26293855905532837,0.9833051562309265,0.9280670881271362,0.9338186979293823,0.22545572315647447
2399,0.2750455141067505,0.9839670658111572,0.9298323392868042,0.9351422786712646,0.22367317834758824
2400,0.2786608338356018,0.9833786487579346,0.9302735924720764,0.9349216818809509,0.22322397815241743
