epoch,loss,train_acc,val_acc,test_acc
1,1.0966088771820068,0.3995943204868154,0.3995943204868154,0.3993675040276866
2,1.0856481790542603,0.3995943204868154,0.3995943204868154,0.3993675040276866
3,1.0815644264221191,0.3995943204868154,0.3995943204868154,0.3993675040276866
4,1.0738909244537354,0.3995943204868154,0.3995943204868154,0.3993675040276866
5,1.0710827112197876,0.3995943204868154,0.3995943204868154,0.3993675040276866
6,1.0647609233856201,0.3995943204868154,0.3995943204868154,0.3993675040276866
7,1.0643757581710815,0.3995943204868154,0.3995943204868154,0.3993675040276866
8,1.061409592628479,0.3924949290060852,0.3924949290060852,0.3925055194223999
9,1.0596914291381836,0.3995943204868154,0.3995943204868154,0.3993675040276866
10,1.0701249837875366,0.3995943204868154,0.3995943204868154,0.3993675040276866
11,1.0618928670883179,0.3995943204868154,0.3995943204868154,0.3993675040276866
12,1.0654889345169067,0.3995943204868154,0.3995943204868154,0.3993675040276866
13,1.0618951320648193,0.3995943204868154,0.3995943204868154,0.3993675040276866
14,1.0598735809326172,0.3995943204868154,0.3995943204868154,0.3993675040276866
15,1.062772274017334,0.3995943204868154,0.3995943204868154,0.3993675040276866
16,1.060152292251587,0.3995943204868154,0.3995943204868154,0.3993675040276866
17,1.0582895278930664,0.3995943204868154,0.3995943204868154,0.3993675040276866
18,1.0583089590072632,0.3995943204868154,0.3995943204868154,0.3993675040276866
19,1.063439130783081,0.3995943204868154,0.3995943204868154,0.3993675040276866
20,1.05922269821167,0.3995943204868154,0.3995943204868154,0.3993675040276866
21,1.0591100454330444,0.3995943204868154,0.3995943204868154,0.3993675040276866
22,1.0616902112960815,0.3995943204868154,0.3995943204868154,0.3993675040276866
23,1.0607298612594604,0.3995943204868154,0.3995943204868154,0.3993675040276866
24,1.0606043338775635,0.3995943204868154,0.3995943204868154,0.3993675040276866
25,1.062059998512268,0.3995943204868154,0.3995943204868154,0.3993675040276866
26,1.059563398361206,0.3995943204868154,0.3995943204868154,0.3993675040276866
27,1.0570145845413208,0.3995943204868154,0.3995943204868154,0.3993675040276866
28,1.057506799697876,0.3995943204868154,0.3995943204868154,0.3993675040276866
29,1.0598360300064087,0.45334685598377283,0.4538539553752535,0.4475207351273942
30,1.05406653881073,0.4695740365111562,0.47718052738336714,0.48266603019273224
31,1.0503747463226318,0.4381338742393509,0.45841784989858014,0.45092189271436245
32,1.0397082567214966,0.41683569979716023,0.4330628803245436,0.4285458559579927
33,1.0326887369155884,0.4127789046653144,0.43204868154158216,0.4278894922131392
34,1.0254677534103394,0.4198782961460446,0.43509127789046653,0.43320007160331764
35,1.0096908807754517,0.43103448275862066,0.4406693711967546,0.4405990810907572
36,0.9889490008354187,0.4381338742393509,0.44523326572008115,0.44596932991228594
37,0.9643572568893433,0.44929006085192696,0.45588235294117646,0.45420371143863
38,0.9441369771957397,0.4645030425963489,0.4751521298174442,0.47174652425562386
39,0.9415112137794495,0.4787018255578093,0.49239350912778906,0.4914971060325795
40,0.9100717902183533,0.4908722109533469,0.49898580121703856,0.5013425622053822
41,0.9031171798706055,0.5060851926977687,0.5136916835699797,0.5116057043976371
42,0.8930789232254028,0.5111561866125761,0.5192697768762677,0.5138731427889492
43,0.8954036831855774,0.5202839756592292,0.5278904665314401,0.5249119875887582
44,0.8828438520431519,0.5446247464503042,0.5573022312373225,0.546930007757026
45,0.873188853263855,0.5649087221095335,0.5750507099391481,0.5653081926129244
46,0.8679528832435608,0.5750507099391481,0.5877281947261663,0.5760486902559818
47,0.8521198630332947,0.5851926977687627,0.5963488843813387,0.5838057163315233
48,0.8542548418045044,0.6146044624746451,0.6186612576064908,0.6139387791634345
49,0.8345623016357422,0.6176470588235294,0.6293103448275862,0.6187123336714601
50,0.8209028840065002,0.6206896551724138,0.6282961460446247,0.6119696879288741
51,0.816856861114502,0.6399594320486816,0.6435091277890467,0.6331523360582374
52,0.8059808015823364,0.652129817444219,0.6612576064908722,0.645981263798556
53,0.8010286092758179,0.6582150101419878,0.6592292089249493,0.6434154782504923
54,0.7785509824752808,0.652129817444219,0.6587221095334685,0.6406110149770272
55,0.7798018455505371,0.6845841784989858,0.6795131845841785,0.6632257294587982
56,0.7628957033157349,0.6835699797160243,0.6724137931034483,0.6625693657139448
57,0.7528768181800842,0.640973630831643,0.6359026369168357,0.6304075422161227
58,0.7211694717407227,0.640973630831643,0.6364097363083164,0.6258129960021481
59,0.7311798930168152,0.640973630831643,0.6313387423935092,0.6260516737275493
60,0.7117868661880493,0.7099391480730223,0.6769776876267748,0.6750999462975118
61,0.7268582582473755,0.6815415821501014,0.6835699797160243,0.6687153171430277
62,0.686539888381958,0.6764705882352942,0.6815415821501014,0.6664478787517155
63,0.6806696057319641,0.6744421906693712,0.6774847870182555,0.6662092010263142
64,0.6959227919578552,0.6825557809330629,0.6881338742393509,0.6721761441613462
65,0.6859368681907654,0.6947261663286004,0.6871196754563894,0.6727728384748494
66,0.6780554056167603,0.6977687626774848,0.6886409736308317,0.6750402768661614
67,0.6657911539077759,0.6947261663286004,0.6911764705882353,0.6791574676293335
68,0.6493577361106873,0.6896551724137931,0.6921906693711968,0.6793364759233844
69,0.6525610089302063,0.6997971602434077,0.6952332657200812,0.6807088728444418
70,0.6460852026939392,0.7038539553752535,0.6921906693711968,0.681305567157945
71,0.6446953415870667,0.7099391480730223,0.6881338742393509,0.6797541619428367
72,0.6356359720230103,0.7109533468559838,0.6911764705882353,0.682618294647652
73,0.6288272142410278,0.7089249492900609,0.6952332657200812,0.6844083775881615
74,0.6097816824913025,0.7150101419878296,0.6997971602434077,0.6854227579211171
75,0.6186678409576416,0.716024340770791,0.6932048681541582,0.6845277164508622
76,0.6161608099937439,0.7170385395537525,0.6901622718052738,0.6822006086281998
77,0.6114054918289185,0.7200811359026369,0.6921906693711968,0.6845873858822126
78,0.6068035960197449,0.718052738336714,0.6962474645030426,0.6868548242735246
79,0.6041468381881714,0.7221095334685599,0.7008113590263692,0.6889432543707859
80,0.60282963514328,0.7221095334685599,0.697261663286004,0.6876305268810788
81,0.6003469824790955,0.7302231237322515,0.6921906693711968,0.6847663941762635
82,0.5940019488334656,0.7261663286004056,0.6977687626774848,0.6887045766453845
83,0.5874387621879578,0.7271805273833671,0.7028397565922921,0.6890625932334865
84,0.5858832597732544,0.7261663286004056,0.7023326572008114,0.6894802792529388
85,0.5808671116828918,0.7271805273833671,0.6957403651115619,0.6886449072140343
86,0.5905680060386658,0.731237322515213,0.6937119675456389,0.6860194522346202
87,0.5744554996490479,0.7302231237322515,0.6952332657200812,0.6862581299600214
88,0.562980592250824,0.7302231237322515,0.6977687626774848,0.6868548242735246
89,0.561678946018219,0.7302231237322515,0.6967545638945233,0.6866758159794737
90,0.5622743964195251,0.7332657200811359,0.6952332657200812,0.6863774688227221
91,0.5609478950500488,0.7363083164300203,0.6947261663286004,0.6866758159794737
92,0.5527529716491699,0.7363083164300203,0.6967545638945233,0.6877498657437795
93,0.5313151478767395,0.7393509127789046,0.6982758620689655,0.6887045766453845
94,0.5431374907493591,0.7434077079107505,0.6977687626774848,0.6877498657437795
95,0.5372392535209656,0.742393509127789,0.6962474645030426,0.6899576347037413
96,0.5339747667312622,0.7454361054766734,0.6947261663286004,0.6887045766453845
97,0.5192005634307861,0.744421906693712,0.6957403651115619,0.6890029238021361
98,0.5160089135169983,0.744421906693712,0.6947261663286004,0.6893012709588877
99,0.5186339616775513,0.7434077079107505,0.6947261663286004,0.6890625932334865
100,0.5108614563941956,0.7464503042596349,0.6906693711967545,0.6861984605286712
101,0.5059598684310913,0.7474645030425964,0.6952332657200812,0.6887045766453845
102,0.49796193838119507,0.7484787018255578,0.699290060851927,0.6892416015275374
103,0.48792538046836853,0.7515212981744422,0.6937119675456389,0.6869741631362253
104,0.4822930693626404,0.7535496957403651,0.6876267748478702,0.683931022137359
105,0.47581881284713745,0.7505070993914807,0.697261663286004,0.6884658989199833
106,0.4767911732196808,0.7565922920892495,0.6962474645030426,0.6866161465481234
107,0.45365795493125916,0.7535496957403651,0.6876267748478702,0.6822602780595501
108,0.4655962586402893,0.7565922920892495,0.6957403651115619,0.686914493704875
109,0.4446851313114166,0.7525354969574036,0.7003042596348884,0.6876305268810788
110,0.4591488540172577,0.7545638945233266,0.6921906693711968,0.6835730055492572
111,0.4230457544326782,0.757606490872211,0.6926977687626775,0.6856614356465183
112,0.42550382018089294,0.7616632860040567,0.6926977687626775,0.6857807745092189
113,0.41012778878211975,0.7626774847870182,0.6906693711967545,0.683931022137359
114,0.3998166620731354,0.7626774847870182,0.6967545638945233,0.686556477116773
115,0.4055640399456024,0.7657200811359026,0.6921906693711968,0.6844083775881615
116,0.38545653223991394,0.7626774847870182,0.678498985801217,0.6759353183364163
117,0.3973674178123474,0.7535496957403651,0.6947261663286004,0.6874515185870279
118,0.4020706117153168,0.7636916835699797,0.6830628803245437,0.678322095590429
119,0.36371591687202454,0.8681541582150102,0.7794117647058824,0.7776120293573602
120,0.3605404794216156,0.8813387423935092,0.7925963488843814,0.7937824452532968
121,0.3481200933456421,0.9036511156186613,0.800709939148073,0.798317322035921
122,0.34782731533050537,0.9036511156186613,0.7966531440162272,0.7976012888597172
123,0.3326311707496643,0.9056795131845842,0.8093306288032455,0.8045229428963542
124,0.3374905288219452,0.9158215010141988,0.8098377281947262,0.8057163315233605
125,0.3030383884906769,0.9137931034482759,0.8052738336713996,0.8038665791515007
126,0.3246814012527466,0.90973630831643,0.8164300202839757,0.8081031087773733
127,0.29729118943214417,0.9117647058823529,0.8113590263691683,0.8109672414821887
128,0.3017592430114746,0.9158215010141988,0.8047667342799188,0.8047616206217555
129,0.29697075486183167,0.9178498985801217,0.802738336713996,0.8032698848379974
130,0.28559309244155884,0.9137931034482759,0.8118661257606491,0.8015991407601886
131,0.27070021629333496,0.9198782961460447,0.8098377281947262,0.8048212900531058
132,0.261392742395401,0.922920892494929,0.7986815415821501,0.8019571573482904
133,0.2859170734882355,0.9259634888438134,0.8073022312373225,0.8021958350736917
134,0.25221410393714905,0.9259634888438134,0.8012170385395537,0.7967062473894624
135,0.2613205313682556,0.9279918864097363,0.8108519269776876,0.8029715376812459
136,0.23873886466026306,0.9290060851926978,0.8108519269776876,0.8063130258368638
137,0.24774211645126343,0.9310344827586207,0.8108519269776876,0.8081627782087236
138,0.2338605374097824,0.9371196754563894,0.8057809330628803,0.8030312071125962
139,0.2310946136713028,0.9320486815415822,0.8002028397565923,0.7940807924100484
140,0.23414309322834015,0.9391480730223124,0.8002028397565923,0.7973029417029656
141,0.21822777390480042,0.9330628803245437,0.8042596348884381,0.8002864132704816
142,0.2298290878534317,0.9371196754563894,0.8062880324543611,0.8039859180142013
143,0.2266690880060196,0.9432048681541582,0.8032454361054767,0.7981979831732203
144,0.215254545211792,0.934077079107505,0.7946247464503042,0.7914553374306342
145,0.21375827491283417,0.9350912778904665,0.7991886409736308,0.7975416194283669
146,0.22852493822574615,0.9401622718052738,0.8078093306288032,0.8036279014260994
147,0.2095188945531845,0.9350912778904665,0.813894523326572,0.8047019511904051
148,0.2056940644979477,0.9432048681541582,0.808316430020284,0.8042245957396026
149,0.21017803251743317,0.9462474645030426,0.800709939148073,0.7979593054478191
150,0.19367846846580505,0.947261663286004,0.7986815415821501,0.7926487260576407
151,0.19266057014465332,0.9442190669371197,0.8002028397565923,0.7933050898024941
152,0.1960696578025818,0.947261663286004,0.8037525354969574,0.7954531893311056
153,0.19341599941253662,0.9513184584178499,0.8037525354969574,0.7969449251148637
154,0.18473683297634125,0.9513184584178499,0.8032454361054767,0.7987350080553732
155,0.18676961958408356,0.9533468559837728,0.8047667342799188,0.7975416194283669
156,0.18261869251728058,0.9513184584178499,0.8067951318458418,0.7985559997613223
157,0.17698219418525696,0.949290060851927,0.8123732251521298,0.8027925293871949
158,0.17664548754692078,0.9503042596348884,0.8062880324543611,0.7998090578196789
159,0.18368162214756012,0.9513184584178499,0.802738336713996,0.7950951727430038
160,0.17544934153556824,0.9513184584178499,0.8037525354969574,0.7949758338803031
161,0.16573861241340637,0.9543610547667343,0.8062880324543611,0.797004594546214
162,0.16974541544914246,0.9574036511156186,0.8047667342799188,0.7960498836446088
163,0.176500141620636,0.949290060851927,0.8052738336713996,0.7937227758219464
164,0.153287872672081,0.9503042596348884,0.8002028397565923,0.7926487260576407
165,0.17679448425769806,0.9563894523326572,0.7996957403651116,0.7971239334089146
166,0.1595945805311203,0.9553752535496958,0.8047667342799188,0.7973626111343158
167,0.16957831382751465,0.9553752535496958,0.800709939148073,0.7959902142132586
168,0.15621508657932281,0.9523326572008114,0.7981744421906694,0.7940807924100484
169,0.1721244752407074,0.9594320486815415,0.8093306288032455,0.7978399665851185
170,0.15274707973003387,0.9523326572008114,0.8042596348884381,0.7966465779581121
171,0.1679903268814087,0.9543610547667343,0.8012170385395537,0.7942598007040993
172,0.170862078666687,0.9432048681541582,0.7925963488843814,0.7854883942956024
173,0.18281888961791992,0.9574036511156186,0.8042596348884381,0.7960498836446088
174,0.15408028662204742,0.949290060851927,0.8073022312373225,0.7993317023688764
175,0.1846107393503189,0.9523326572008114,0.8113590263691683,0.7992123635061757
176,0.16787800192832947,0.9553752535496958,0.7986815415821501,0.7901426099409272
177,0.15618014335632324,0.9513184584178499,0.7900608519269777,0.785607733158303
178,0.15688250958919525,0.9563894523326572,0.7981744421906694,0.7907989736857808
179,0.15311290323734283,0.9614604462474645,0.8017241379310345,0.7952741810370547
180,0.1429852694272995,0.9594320486815415,0.808316430020284,0.7982576526045707
181,0.1459614336490631,0.9543610547667343,0.8042596348884381,0.7949758338803031
182,0.14163263142108917,0.9563894523326572,0.8037525354969574,0.7946178172922012
183,0.14935606718063354,0.9584178498985801,0.8002028397565923,0.7943791395668
184,0.14686712622642517,0.9574036511156186,0.7991886409736308,0.79252938719494
185,0.14475369453430176,0.9634888438133874,0.8017241379310345,0.7975416194283669
186,0.1556430459022522,0.9645030425963489,0.808316430020284,0.7992720329375261
187,0.14229349792003632,0.9634888438133874,0.8088235294117647,0.8005250909958828
188,0.1431446373462677,0.9675456389452333,0.8093306288032455,0.7995107106629273
189,0.15967202186584473,0.9584178498985801,0.802738336713996,0.7939614535473477
190,0.1477130651473999,0.9563894523326572,0.7925963488843814,0.7892475684706725
191,0.1450057327747345,0.9634888438133874,0.8017241379310345,0.7947371561549018
192,0.12971900403499603,0.9675456389452333,0.8093306288032455,0.7973626111343158
193,0.14655517041683197,0.962474645030426,0.808316430020284,0.7986156691926726
194,0.15040792524814606,0.9655172413793104,0.802738336713996,0.7960498836446088
195,0.12349728494882584,0.9645030425963489,0.7966531440162272,0.7921713706068381
196,0.1297329068183899,0.9614604462474645,0.7915821501014199,0.7867414523539591
197,0.13532431423664093,0.962474645030426,0.7931034482758621,0.788412196431768
198,0.14154326915740967,0.9614604462474645,0.8022312373225152,0.7932454203711439
199,0.1353590488433838,0.960446247464503,0.8047667342799188,0.7958112059192076
200,0.14489375054836273,0.962474645030426,0.8057809330628803,0.793842114684647
201,0.14153653383255005,0.9665314401622718,0.7961460446247465,0.7900232710782267
202,0.11382238566875458,0.9665314401622718,0.7925963488843814,0.7881138492750164
203,0.1285279095172882,0.9584178498985801,0.7920892494929006,0.7845933528253476
204,0.14265014231204987,0.9685598377281948,0.7961460446247465,0.7906796348230801
205,0.11568817496299744,0.9665314401622718,0.8042596348884381,0.7939017841159973
206,0.1227305456995964,0.962474645030426,0.8062880324543611,0.7967062473894624
207,0.12909775972366333,0.9655172413793104,0.8073022312373225,0.7987946774867235
208,0.14563344419002533,0.9675456389452333,0.7996957403651116,0.7929470732143923
209,0.13024337589740753,0.9614604462474645,0.7961460446247465,0.7855480637269526
210,0.12426070868968964,0.962474645030426,0.789553752535497,0.7842353362372456
211,0.1380121111869812,0.9695740365111561,0.7946247464503042,0.7906199653917299
212,0.12916015088558197,0.9685598377281948,0.8052738336713996,0.7962288919386599
213,0.12316638976335526,0.9655172413793104,0.8078093306288032,0.7965272390954115
214,0.12745581567287445,0.9655172413793104,0.8052738336713996,0.7950355033116534
215,0.12704159319400787,0.9695740365111561,0.7996957403651116,0.7921117011754878
216,0.12307142466306686,0.9685598377281948,0.7971602434077079,0.7887702130198699
217,0.11891571432352066,0.9675456389452333,0.7956389452332657,0.7872784772361119
218,0.11806325614452362,0.9705882352941176,0.7966531440162272,0.7888298824512202
219,0.11633379757404327,0.9695740365111561,0.8022312373225152,0.7917536845873859
220,0.11554513871669769,0.9685598377281948,0.8037525354969574,0.794200131272749
221,0.11348889768123627,0.9665314401622718,0.8052738336713996,0.7945581478608509
222,0.11905030161142349,0.9705882352941176,0.808316430020284,0.7969449251148637
223,0.11539276689291,0.9695740365111561,0.8012170385395537,0.7926487260576407
224,0.11642779409885406,0.9705882352941176,0.800709939148073,0.789724923921475
225,0.10472487658262253,0.9665314401622718,0.7910750507099391,0.7875768243928636
226,0.11788666993379593,0.973630831643002,0.7961460446247465,0.7902022793722776
227,0.11341984570026398,0.9746450304259635,0.8017241379310345,0.7948564950176025
228,0.10086914151906967,0.9705882352941176,0.8078093306288032,0.795691867056507
229,0.10638966411352158,0.9726166328600405,0.8073022312373225,0.7945581478608509
230,0.10036535561084747,0.9726166328600405,0.7996957403651116,0.7922907094695387
231,0.10392753034830093,0.9726166328600405,0.7956389452332657,0.789724923921475
232,0.1033080667257309,0.9726166328600405,0.7961460446247465,0.790858643117131
233,0.10552138090133667,0.9705882352941176,0.8022312373225152,0.7921117011754878
234,0.10241096466779709,0.9675456389452333,0.8022312373225152,0.7939614535473477
235,0.10880604386329651,0.9746450304259635,0.8017241379310345,0.7949161644489529
236,0.09989871829748154,0.973630831643002,0.7971602434077079,0.7921117011754878
237,0.10328296571969986,0.9726166328600405,0.7961460446247465,0.7884718658631183
238,0.0925784632563591,0.9716024340770791,0.7961460446247465,0.788591204725819
239,0.0989149734377861,0.9675456389452333,0.7925963488843814,0.7880541798436661
240,0.10982884466648102,0.9756592292089249,0.7976673427991886,0.7907989736857808
241,0.11097698658704758,0.9746450304259635,0.7956389452332657,0.7910973208425324
242,0.10163882374763489,0.9716024340770791,0.7961460446247465,0.7913359985679337
243,0.09671060740947723,0.9746450304259635,0.8022312373225152,0.7934244286651948
244,0.0988975539803505,0.9787018255578094,0.7976673427991886,0.7894265767647234
245,0.1007077619433403,0.9766734279918864,0.7966531440162272,0.7877558326869145
246,0.09640606492757797,0.9787018255578094,0.7971602434077079,0.7877558326869145
247,0.09464962780475616,0.9776876267748479,0.7991886409736308,0.7873381466674623
248,0.09933439642190933,0.9766734279918864,0.7986815415821501,0.7902022793722776
249,0.09591910988092422,0.9766734279918864,0.7996957403651116,0.7920520317441375
250,0.10827086865901947,0.9776876267748479,0.8017241379310345,0.7913359985679337
251,0.1037411317229271,0.9797160243407708,0.8002028397565923,0.7912763291365833
252,0.08149673789739609,0.9817444219066938,0.7996957403651116,0.7897845933528254
253,0.09589996933937073,0.9817444219066938,0.8002028397565923,0.7907393042544305
254,0.08851085603237152,0.9817444219066938,0.8002028397565923,0.7900232710782267
255,0.08541049063205719,0.9827586206896551,0.7986815415821501,0.7893072379020228
256,0.10263577103614807,0.9797160243407708,0.7971602434077079,0.7900232710782267
257,0.09646879136562347,0.9807302231237323,0.800709939148073,0.79252938719494
258,0.08232904225587845,0.9776876267748479,0.802738336713996,0.7926487260576407
259,0.08232048898935318,0.9776876267748479,0.8032454361054767,0.7916343457246853
260,0.09223834425210953,0.9817444219066938,0.7931034482758621,0.7892475684706725
261,0.07690924406051636,0.9797160243407708,0.7920892494929006,0.7873978160988125
262,0.096925750374794,0.9817444219066938,0.7956389452332657,0.788233188137717
263,0.08148947358131409,0.9858012170385395,0.7976673427991886,0.7905006265290292
264,0.07703644037246704,0.9776876267748479,0.800709939148073,0.7911569902738826
265,0.07722575217485428,0.9797160243407708,0.7986815415821501,0.7910973208425324
266,0.08642493188381195,0.9847870182555781,0.7981744421906694,0.789724923921475
267,0.07794304192066193,0.9827586206896551,0.7931034482758621,0.7874574855301629
268,0.0799800381064415,0.9787018255578094,0.7900608519269777,0.7862640969031565
269,0.07877832651138306,0.9858012170385395,0.7961460446247465,0.789903932215526
270,0.07125123590230942,0.9858012170385395,0.7971602434077079,0.7905006265290292
271,0.07925402373075485,0.9847870182555781,0.7981744421906694,0.789724923921475
272,0.07380430400371552,0.9858012170385395,0.7946247464503042,0.7894862461960738
273,0.07682783901691437,0.9858012170385395,0.7925963488843814,0.7892475684706725
274,0.06806901097297668,0.986815415821501,0.7941176470588235,0.7903812876663285
275,0.07956615090370178,0.9827586206896551,0.7961460446247465,0.7896652544901247
276,0.07588475197553635,0.9817444219066938,0.7971602434077079,0.7905006265290292
277,0.07390189170837402,0.9837728194726166,0.7961460446247465,0.790858643117131
278,0.07797453552484512,0.9847870182555781,0.7971602434077079,0.7928277343516916
279,0.07069271057844162,0.9858012170385395,0.7961460446247465,0.7919923623127871
280,0.07373913377523422,0.9858012170385395,0.7966531440162272,0.7912763291365833
281,0.06723541021347046,0.9847870182555781,0.7981744421906694,0.7930664120770929
282,0.07281353324651718,0.9847870182555781,0.7961460446247465,0.7907989736857808
283,0.07290948927402496,0.9847870182555781,0.795131845841785,0.7906199653917299
284,0.07753586024045944,0.986815415821501,0.7920892494929006,0.7901426099409272
285,0.06275946646928787,0.9858012170385395,0.7941176470588235,0.788591204725819
286,0.06263908743858337,0.9847870182555781,0.7910750507099391,0.7861447580404559
287,0.06764055043458939,0.9858012170385395,0.7925963488843814,0.7863834357658571
288,0.07446115463972092,0.986815415821501,0.795131845841785,0.7888895518825706
289,0.07092753052711487,0.9858012170385395,0.7966531440162272,0.7894862461960738
290,0.06148713082075119,0.9847870182555781,0.7991886409736308,0.7902619488036279
291,0.07083000242710114,0.9878296146044625,0.7946247464503042,0.7897845933528254
292,0.06546073406934738,0.986815415821501,0.7910750507099391,0.7868011217853094
293,0.07361479848623276,0.986815415821501,0.7865111561866126,0.7849513694134495
294,0.05921739712357521,0.986815415821501,0.7890466531440162,0.7847723611193985
295,0.0565948449075222,0.9878296146044625,0.7981744421906694,0.7885315352944686
296,0.06129096448421478,0.9878296146044625,0.7966531440162272,0.7890088907452713
297,0.06092483922839165,0.9878296146044625,0.7966531440162272,0.788591204725819
298,0.06294705718755722,0.9888438133874239,0.7956389452332657,0.7899636016468763
299,0.057252075523138046,0.9888438133874239,0.7946247464503042,0.7914553374306342
300,0.05286487191915512,0.9888438133874239,0.7966531440162272,0.7919326928814369
301,0.055591143667697906,0.9888438133874239,0.7961460446247465,0.7888895518825706
302,0.06201890856027603,0.986815415821501,0.7910750507099391,0.7866817829226087
303,0.07109691202640533,0.9888438133874239,0.7915821501014199,0.7920520317441375
304,0.06124740466475487,0.9878296146044625,0.7986815415821501,0.7961692225073095
305,0.07595670968294144,0.9847870182555781,0.800709939148073,0.796825586252163
306,0.06396650522947311,0.9847870182555781,0.7991886409736308,0.7950355033116534
307,0.05522708222270012,0.9858012170385395,0.795131845841785,0.7928874037830419
308,0.049680598080158234,0.9847870182555781,0.7880324543610547,0.7870397995107107
309,0.06032877787947655,0.986815415821501,0.7915821501014199,0.7878155021182648
310,0.06331468373537064,0.9888438133874239,0.7931034482758621,0.790858643117131
311,0.04964753985404968,0.9898580121703854,0.795131845841785,0.7905006265290292
312,0.0593867190182209,0.9888438133874239,0.7946247464503042,0.7889492213139209
313,0.05977218225598335,0.9888438133874239,0.7936105476673428,0.791216659705233
314,0.05375190079212189,0.9888438133874239,0.7931034482758621,0.7921713706068381
315,0.05468329042196274,0.9888438133874239,0.7936105476673428,0.7921713706068381
316,0.05232503265142441,0.9888438133874239,0.7941176470588235,0.7904409570976788
317,0.04515926167368889,0.9888438133874239,0.7941176470588235,0.789903932215526
318,0.05597194656729698,0.9888438133874239,0.7915821501014199,0.7903216182349783
319,0.051657479256391525,0.9888438133874239,0.7915821501014199,0.7921117011754878
320,0.04719563573598862,0.9888438133874239,0.7956389452332657,0.7933647592338445
321,0.04745960608124733,0.9898580121703854,0.795131845841785,0.7928277343516916
322,0.05250111222267151,0.9908722109533469,0.7941176470588235,0.7909779819798317
323,0.04605080559849739,0.9908722109533469,0.7925963488843814,0.7893669073333731
324,0.043404608964920044,0.9908722109533469,0.787525354969574,0.7873978160988125
325,0.041823409497737885,0.9908722109533469,0.7854969574036511,0.7855480637269526
326,0.048683490604162216,0.9908722109533469,0.7900608519269777,0.7873381466674623
327,0.04196128249168396,0.9908722109533469,0.7925963488843814,0.7893669073333731
328,0.04923439398407936,0.9918864097363083,0.7961460446247465,0.7925890566262903
329,0.03928042948246002,0.9918864097363083,0.7981744421906694,0.7928874037830419
330,0.04543116316199303,0.9908722109533469,0.7946247464503042,0.7915150068619846
331,0.0429588221013546,0.9898580121703854,0.7941176470588235,0.788591204725819
332,0.04223798215389252,0.9898580121703854,0.7931034482758621,0.787099468942061
333,0.05363231152296066,0.9898580121703854,0.7936105476673428,0.7873381466674623
334,0.042145587503910065,0.9908722109533469,0.7925963488843814,0.789903932215526
335,0.045340005308389664,0.9908722109533469,0.7925963488843814,0.790082940509577
336,0.04324495792388916,0.9908722109533469,0.7936105476673428,0.7891282296079718
337,0.04375728964805603,0.9898580121703854,0.7941176470588235,0.7877558326869145
338,0.04897275194525719,0.9898580121703854,0.7915821501014199,0.7879945104123157
339,0.04943429306149483,0.9898580121703854,0.7920892494929006,0.7888298824512202
340,0.03915189951658249,0.9898580121703854,0.789553752535497,0.7890088907452713
341,0.057390544563531876,0.9929006085192698,0.7920892494929006,0.7899636016468763
342,0.042973592877388,0.9908722109533469,0.7931034482758621,0.7928277343516916
343,0.04511599242687225,0.9908722109533469,0.7915821501014199,0.7928277343516916
344,0.05395058915019035,0.9918864097363083,0.7925963488843814,0.7894265767647234
345,0.04525693506002426,0.9908722109533469,0.789553752535497,0.785607733158303
346,0.05018015205860138,0.9878296146044625,0.7809330628803245,0.7832209559042902
347,0.051605891436338425,0.9898580121703854,0.7890466531440162,0.7862044274718062
348,0.05608370527625084,0.9898580121703854,0.7925963488843814,0.7921117011754878
349,0.034275881946086884,0.9888438133874239,0.7971602434077079,0.7948564950176025
350,0.04832802712917328,0.9908722109533469,0.7986815415821501,0.795691867056507
351,0.044010598212480545,0.9918864097363083,0.7991886409736308,0.7947371561549018
352,0.0411708764731884,0.9898580121703854,0.7966531440162272,0.7941404618413986
353,0.042293060570955276,0.9878296146044625,0.7941176470588235,0.7910973208425324
354,0.04227886348962784,0.9888438133874239,0.7925963488843814,0.7893072379020228
355,0.039576005190610886,0.9888438133874239,0.7900608519269777,0.7892475684706725
356,0.04587310925126076,0.9908722109533469,0.7900608519269777,0.7881735187063668
357,0.04586780071258545,0.9918864097363083,0.7931034482758621,0.7905006265290292
358,0.04061976820230484,0.9908722109533469,0.7920892494929006,0.789903932215526
359,0.043056830763816833,0.9898580121703854,0.7915821501014199,0.790082940509577
360,0.048978906124830246,0.9898580121703854,0.7885395537525355,0.7892475684706725
361,0.0408894307911396,0.9939148073022313,0.7966531440162272,0.7924100483322394
362,0.03453509509563446,0.9929006085192698,0.7981744421906694,0.7941404618413986
363,0.051299046725034714,0.9908722109533469,0.7961460446247465,0.7934840980965452
364,0.041160304099321365,0.9908722109533469,0.7971602434077079,0.7931857509397936
365,0.04115699604153633,0.9898580121703854,0.7931034482758621,0.7902022793722776
366,0.04150955379009247,0.9908722109533469,0.7905679513184585,0.7885315352944686
367,0.043896108865737915,0.9918864097363083,0.7920892494929006,0.791216659705233
368,0.04210981726646423,0.9939148073022313,0.7946247464503042,0.7931260815084432
369,0.04462060704827309,0.9929006085192698,0.7961460446247465,0.7946774867235515
370,0.04471655935049057,0.9929006085192698,0.7976673427991886,0.7956321976251566
371,0.048064302653074265,0.9949290060851927,0.7946247464503042,0.794021122978698
372,0.051010921597480774,0.9949290060851927,0.7956389452332657,0.7931260815084432
373,0.032396916300058365,0.9939148073022313,0.7956389452332657,0.7931260815084432
374,0.03458347171545029,0.9929006085192698,0.7956389452332657,0.7940807924100484
375,0.026034148409962654,0.9929006085192698,0.7961460446247465,0.7944984784295006
376,0.028222693130373955,0.9929006085192698,0.7976673427991886,0.7946774867235515
377,0.03605334460735321,0.9929006085192698,0.795131845841785,0.7944984784295006
378,0.03417674079537392,0.9918864097363083,0.7966531440162272,0.7935437675278955
379,0.0284811370074749,0.9918864097363083,0.7961460446247465,0.7933050898024941
380,0.053427599370479584,0.9929006085192698,0.795131845841785,0.7920520317441375
381,0.0425536148250103,0.9929006085192698,0.7931034482758621,0.7919326928814369
382,0.033016324043273926,0.9929006085192698,0.7920892494929006,0.7939017841159973
383,0.03276825696229935,0.9929006085192698,0.7920892494929006,0.7948564950176025
384,0.026244115084409714,0.9918864097363083,0.795131845841785,0.7937227758219464
385,0.03966584801673889,0.9929006085192698,0.7941176470588235,0.79252938719494
386,0.046480268239974976,0.9949290060851927,0.789553752535497,0.7900232710782267
387,0.0360887385904789,0.9959432048681541,0.783975659229209,0.7839966585118444
388,0.03437630459666252,0.9959432048681541,0.7834685598377282,0.7841159973745451
389,0.04456702247262001,0.9979716024340771,0.7854969574036511,0.7868011217853094
390,0.03319635987281799,0.9959432048681541,0.7905679513184585,0.7887105435885196
391,0.03937221318483353,0.9939148073022313,0.7920892494929006,0.7906199653917299
392,0.033442337065935135,0.9939148073022313,0.7936105476673428,0.7912763291365833
393,0.026659049093723297,0.9959432048681541,0.7961460446247465,0.7910973208425324
394,0.033341001719236374,0.9959432048681541,0.7966531440162272,0.7903216182349783
395,0.027561286464333534,0.9969574036511156,0.7931034482758621,0.7896652544901247
396,0.026341211050748825,0.9959432048681541,0.7931034482758621,0.7888895518825706
397,0.0550885908305645,0.9959432048681541,0.7961460446247465,0.7916940151560355
398,0.03997299075126648,0.9939148073022313,0.7976673427991886,0.7937227758219464
399,0.02841663919389248,0.9918864097363083,0.795131845841785,0.7927680649203414
400,0.04601075500249863,0.9969574036511156,0.7941176470588235,0.7901426099409272
401,0.03789442405104637,0.9949290060851927,0.7885395537525355,0.7868607912166597
402,0.034731581807136536,0.9929006085192698,0.7844827586206896,0.7831016170415896
403,0.04206955060362816,0.9939148073022313,0.7860040567951319,0.7833402947669909
404,0.03140055015683174,0.9918864097363083,0.7804259634888439,0.7844143445312967
405,0.048440780490636826,0.9929006085192698,0.7809330628803245,0.7878155021182648
406,0.043395720422267914,0.9939148073022313,0.7910750507099391,0.7918730234500865
407,0.03689100220799446,0.9969574036511156,0.7920892494929006,0.7927680649203414
408,0.03899070993065834,0.9949290060851927,0.7961460446247465,0.7887105435885196
409,0.03355897217988968,0.9939148073022313,0.783975659229209,0.7849513694134495
410,0.04832207038998604,0.9959432048681541,0.787525354969574,0.7847723611193985
411,0.02610184997320175,0.9969574036511156,0.7860040567951319,0.7851303777075005
412,0.034936629235744476,0.9959432048681541,0.7870182555780934,0.7874574855301629
413,0.0337660051882267,0.9959432048681541,0.7860040567951319,0.7894265767647234
414,0.0361708328127861,0.9949290060851927,0.7915821501014199,0.7902022793722776
415,0.03323199972510338,0.9969574036511156,0.7915821501014199,0.7866817829226087
416,0.039473529905080795,0.9969574036511156,0.7915821501014199,0.7862640969031565
417,0.02738972380757332,0.9969574036511156,0.7900608519269777,0.7872784772361119
418,0.038614269345998764,0.9979716024340771,0.787525354969574,0.7893669073333731
419,0.03222876042127609,0.9959432048681541,0.7865111561866126,0.7887105435885196
420,0.02803962677717209,0.9949290060851927,0.7915821501014199,0.7920520317441375
421,0.03414697200059891,0.9979716024340771,0.7981744421906694,0.7955725281938063
422,0.025407249107956886,0.9969574036511156,0.7936105476673428,0.7967659168208127
423,0.023139331489801407,0.9949290060851927,0.7966531440162272,0.7904409570976788
424,0.029669923707842827,0.9949290060851927,0.7946247464503042,0.7891282296079718
425,0.029402540996670723,0.9969574036511156,0.7936105476673428,0.7910973208425324
426,0.03180583566427231,0.9969574036511156,0.7925963488843814,0.7899636016468763
427,0.02989274263381958,0.9949290060851927,0.789553752535497,0.7903216182349783
428,0.03793192282319069,0.9969574036511156,0.7910750507099391,0.7906796348230801
429,0.024048831313848495,0.9969574036511156,0.7961460446247465,0.7939614535473477
430,0.02472314052283764,0.9979716024340771,0.7996957403651116,0.7927680649203414
431,0.025985272601246834,0.9979716024340771,0.7971602434077079,0.7892475684706725
432,0.025359496474266052,0.9979716024340771,0.795131845841785,0.7861447580404559
433,0.02878382056951523,0.9989858012170385,0.7920892494929006,0.7866221134912584
434,0.02296953834593296,0.9989858012170385,0.7865111561866126,0.7863834357658571
435,0.02679230272769928,0.9959432048681541,0.7870182555780934,0.7876364938242139
436,0.02094786800444126,0.9979716024340771,0.7890466531440162,0.7888298824512202
437,0.021389368921518326,0.9979716024340771,0.7931034482758621,0.7894265767647234
438,0.019435720518231392,0.9969574036511156,0.7910750507099391,0.7894265767647234
439,0.015695661306381226,0.9989858012170385,0.7971602434077079,0.7886508741571693
440,0.01860968768596649,0.9989858012170385,0.795131845841785,0.788591204725819
441,0.017159895971417427,0.9989858012170385,0.7961460446247465,0.7885315352944686
442,0.024959715083241463,0.9989858012170385,0.7971602434077079,0.791216659705233
443,0.01725037582218647,0.9989858012170385,0.7966531440162272,0.7937824452532968
444,0.01589513197541237,0.9989858012170385,0.7981744421906694,0.7939017841159973
445,0.02498110570013523,0.9979716024340771,0.7961460446247465,0.7937227758219464
446,0.01707015186548233,0.9989858012170385,0.795131845841785,0.7937824452532968
447,0.017905209213495255,0.9989858012170385,0.800709939148073,0.7920520317441375
448,0.014749742113053799,0.9989858012170385,0.800709939148073,0.789903932215526
449,0.013588589616119862,0.9979716024340771,0.802738336713996,0.7877558326869145
450,0.024493727833032608,0.9989858012170385,0.7991886409736308,0.7876961632555641
451,0.019377335906028748,0.9989858012170385,0.7966531440162272,0.7922310400381884
452,0.02408544160425663,0.9989858012170385,0.795131845841785,0.790858643117131
453,0.013674793764948845,0.9989858012170385,0.7920892494929006,0.7889492213139209
454,0.01786859892308712,0.9989858012170385,0.7941176470588235,0.7900232710782267
455,0.01894799992442131,0.9989858012170385,0.7956389452332657,0.7905006265290292
456,0.025434451177716255,0.9989858012170385,0.7986815415821501,0.7917536845873859
457,0.01801016740500927,0.9979716024340771,0.8012170385395537,0.7937824452532968
458,0.014998196624219418,0.9979716024340771,0.8002028397565923,0.7925890566262903
459,0.019518008455634117,0.9989858012170385,0.800709939148073,0.7918133540187362
460,0.017287636175751686,0.9989858012170385,0.7976673427991886,0.7903812876663285
461,0.011370389722287655,0.9989858012170385,0.7936105476673428,0.7899636016468763
462,0.01791525073349476,0.9989858012170385,0.795131845841785,0.7901426099409272
463,0.013909492641687393,1.0,0.795131845841785,0.7909183125484814
464,0.02069082483649254,0.9989858012170385,0.7936105476673428,0.7905602959603795
465,0.02230880782008171,1.0,0.7956389452332657,0.7887702130198699
466,0.01771673560142517,1.0,0.7961460446247465,0.7884718658631183
467,0.01397631224244833,1.0,0.7971602434077079,0.7869801300793603
468,0.01062212884426117,1.0,0.7966531440162272,0.7881735187063668
469,0.020205320790410042,1.0,0.7956389452332657,0.7878751715496152
470,0.019361644983291626,1.0,0.7910750507099391,0.7888298824512202
471,0.02091873623430729,1.0,0.7931034482758621,0.7882928575690674
472,0.013686497695744038,1.0,0.7925963488843814,0.7876364938242139
473,0.012307805009186268,0.9989858012170385,0.7956389452332657,0.7876364938242139
474,0.014253274537622929,0.9989858012170385,0.7991886409736308,0.7873381466674623
475,0.02146962657570839,0.9989858012170385,0.7976673427991886,0.787099468942061
476,0.015583330765366554,0.9989858012170385,0.7986815415821501,0.7888298824512202
477,0.010538279078900814,0.9989858012170385,0.7966531440162272,0.7907989736857808
478,0.01860923506319523,1.0,0.7996957403651116,0.7928277343516916
479,0.012859700247645378,1.0,0.802738336713996,0.7947371561549018
480,0.022855186834931374,1.0,0.8017241379310345,0.7951548421743541
481,0.016985833644866943,1.0,0.800709939148073,0.7945581478608509
482,0.016305988654494286,1.0,0.800709939148073,0.7936034369592457
483,0.01373992208391428,0.9989858012170385,0.7961460446247465,0.7927680649203414
484,0.018600856885313988,0.9989858012170385,0.7946247464503042,0.7927680649203414
485,0.01774159073829651,0.9989858012170385,0.7966531440162272,0.7936034369592457
486,0.01860542595386505,0.9989858012170385,0.795131845841785,0.7930664120770929
487,0.021413307636976242,0.9989858012170385,0.7966531440162272,0.7932454203711439
488,0.0180825088173151,0.9989858012170385,0.7961460446247465,0.7941404618413986
489,0.01038649957627058,0.9989858012170385,0.8012170385395537,0.7946774867235515
490,0.012413469143211842,0.9989858012170385,0.8042596348884381,0.7946178172922012
491,0.016030775383114815,0.9989858012170385,0.8032454361054767,0.7937824452532968
492,0.016180969774723053,0.9989858012170385,0.8012170385395537,0.7912763291365833
493,0.02593509666621685,0.9989858012170385,0.795131845841785,0.790858643117131
494,0.009314059279859066,0.9989858012170385,0.7925963488843814,0.7889492213139209
495,0.008057146333158016,0.9989858012170385,0.7905679513184585,0.78692046064801
496,0.014024334959685802,0.9989858012170385,0.7910750507099391,0.788412196431768
497,0.017405832186341286,0.9989858012170385,0.7941176470588235,0.7911569902738826
498,0.01628863997757435,0.9989858012170385,0.8002028397565923,0.7926487260576407
499,0.0138524966314435,1.0,0.800709939148073,0.7918133540187362
500,0.016821693629026413,1.0,0.8012170385395537,0.79252938719494
501,0.013777535408735275,1.0,0.7971602434077079,0.7918730234500865
502,0.009509922005236149,1.0,0.7966531440162272,0.7906199653917299
503,0.02087503671646118,1.0,0.7936105476673428,0.7883525270004177
504,0.02761213295161724,1.0,0.795131845841785,0.7880541798436661
505,0.01161766704171896,0.9989858012170385,0.7936105476673428,0.788233188137717
506,0.01051231101155281,0.9989858012170385,0.7910750507099391,0.788412196431768
507,0.018717041239142418,0.9989858012170385,0.7925963488843814,0.7894265767647234
508,0.023747647181153297,1.0,0.7966531440162272,0.7913359985679337
509,0.020290331915020943,1.0,0.7976673427991886,0.7924697177635898
510,0.00870847050100565,1.0,0.7981744421906694,0.7915746762933349
511,0.015360431745648384,1.0,0.7966531440162272,0.7914553374306342
512,0.018677540123462677,0.9989858012170385,0.7961460446247465,0.7904409570976788
513,0.01649150624871254,0.9989858012170385,0.7941176470588235,0.7881138492750164
514,0.02327747270464897,0.9979716024340771,0.7936105476673428,0.7890088907452713
515,0.013858023099601269,0.9979716024340771,0.7966531440162272,0.7916343457246853
516,0.018228398635983467,0.9989858012170385,0.7981744421906694,0.7931260815084432
517,0.02869795449078083,0.9989858012170385,0.8017241379310345,0.7949758338803031
518,0.012657555751502514,0.9989858012170385,0.800709939148073,0.7957515364878572
519,0.012063047848641872,1.0,0.8022312373225152,0.7953935198997554
520,0.016895165666937828,1.0,0.8012170385395537,0.7946178172922012
521,0.013537002727389336,1.0,0.7966531440162272,0.7930067426457426
522,0.02521508000791073,1.0,0.7931034482758621,0.7888895518825706
523,0.00899500958621502,0.9989858012170385,0.7925963488843814,0.782803269884838
524,0.041448552161455154,0.9989858012170385,0.7910750507099391,0.7830419476102393
525,0.02500409446656704,1.0,0.7920892494929006,0.7883525270004177
526,0.012945844791829586,1.0,0.7996957403651116,0.7925890566262903
527,0.021509917452931404,1.0,0.8037525354969574,0.7928874037830419
528,0.009192300029098988,1.0,0.8022312373225152,0.7931260815084432
529,0.02351684682071209,1.0,0.8032454361054767,0.7943791395668
530,0.009638022631406784,1.0,0.8042596348884381,0.793842114684647
531,0.00996834971010685,0.9989858012170385,0.8032454361054767,0.794021122978698
532,0.012986929155886173,0.9979716024340771,0.7996957403651116,0.7944984784295006
533,0.01470621582120657,0.9989858012170385,0.8002028397565923,0.794200131272749
534,0.03057524934411049,0.9989858012170385,0.7976673427991886,0.7937227758219464
535,0.0176849327981472,0.9989858012170385,0.7986815415821501,0.7932454203711439
536,0.008617783896625042,0.9989858012170385,0.7981744421906694,0.7926487260576407
537,0.011880236677825451,0.9989858012170385,0.7981744421906694,0.7923503789008891
538,0.011125902645289898,0.9989858012170385,0.7996957403651116,0.7922310400381884
539,0.008976689539849758,0.9989858012170385,0.7996957403651116,0.7918730234500865
540,0.015161722898483276,1.0,0.7991886409736308,0.7916940151560355
541,0.009644607082009315,1.0,0.7956389452332657,0.7913359985679337
542,0.010101393796503544,1.0,0.7946247464503042,0.7907989736857808
543,0.00954816397279501,1.0,0.7936105476673428,0.7898442627841756
544,0.019842330366373062,1.0,0.7925963488843814,0.7885315352944686
545,0.022412916645407677,1.0,0.7941176470588235,0.7891282296079718
546,0.013120676390826702,1.0,0.7976673427991886,0.7894265767647234
547,0.01094798929989338,1.0,0.7976673427991886,0.7888298824512202
548,0.014242446981370449,0.9989858012170385,0.7991886409736308,0.7909183125484814
549,0.013028121553361416,0.9989858012170385,0.8002028397565923,0.7921117011754878
550,0.013651167973876,0.9989858012170385,0.8002028397565923,0.7921117011754878
551,0.0112703712657094,0.9989858012170385,0.8002028397565923,0.7922907094695387
552,0.014298972673714161,1.0,0.7986815415821501,0.7915150068619846
553,0.01057945191860199,1.0,0.800709939148073,0.7922907094695387
554,0.007193384692072868,1.0,0.8012170385395537,0.7918133540187362
555,0.015120488591492176,1.0,0.8012170385395537,0.7920520317441375
556,0.015819719061255455,1.0,0.8002028397565923,0.7915746762933349
557,0.014663620851933956,1.0,0.8012170385395537,0.7910376514111821
558,0.007985224016010761,1.0,0.7996957403651116,0.7905602959603795
559,0.007037786301225424,1.0,0.7981744421906694,0.7896652544901247
560,0.006187596824020147,1.0,0.7961460446247465,0.7894265767647234
561,0.006682581268250942,1.0,0.7956389452332657,0.7900232710782267
562,0.009630036540329456,0.9989858012170385,0.795131845841785,0.7879348409809654
563,0.02936888299882412,1.0,0.7941176470588235,0.7882928575690674
564,0.009778446517884731,1.0,0.7961460446247465,0.7898442627841756
565,0.01670636236667633,1.0,0.7976673427991886,0.7902619488036279
566,0.01576194167137146,1.0,0.8012170385395537,0.7919326928814369
567,0.016701387241482735,1.0,0.8057809330628803,0.794021122978698
568,0.010034122504293919,1.0,0.8042596348884381,0.7967659168208127
569,0.015545123256742954,0.9989858012170385,0.8073022312373225,0.7950951727430038
570,0.009812499396502972,0.9989858012170385,0.8042596348884381,0.7931857509397936
571,0.009360837750136852,0.9989858012170385,0.7986815415821501,0.7916343457246853
572,0.007233250420540571,0.9989858012170385,0.7966531440162272,0.7884718658631183
573,0.026661856099963188,0.9989858012170385,0.7976673427991886,0.7922310400381884
574,0.01448438223451376,0.9989858012170385,0.8002028397565923,0.7942598007040993
575,0.008893664926290512,1.0,0.7996957403651116,0.7958112059192076
576,0.008870950900018215,1.0,0.800709939148073,0.7967062473894624
577,0.02073311246931553,1.0,0.7981744421906694,0.7949758338803031
578,0.013830806128680706,1.0,0.7991886409736308,0.7947371561549018
579,0.009494928643107414,1.0,0.7971602434077079,0.7915746762933349
580,0.01881033554673195,1.0,0.7946247464503042,0.7904409570976788
581,0.011206747964024544,1.0,0.7941176470588235,0.7892475684706725
582,0.023331310600042343,1.0,0.7986815415821501,0.7913359985679337
583,0.010555211454629898,1.0,0.8022312373225152,0.795512858762456
584,0.007848324254155159,1.0,0.800709939148073,0.7980189748791694
585,0.007046535145491362,1.0,0.8052738336713996,0.79998806611373
586,0.013687634840607643,1.0,0.8093306288032455,0.8002864132704816
587,0.014898054301738739,1.0,0.8067951318458418,0.7986156691926726
588,0.02237161062657833,1.0,0.7996957403651116,0.7914553374306342
589,0.010667112655937672,1.0,0.7981744421906694,0.7848916999820992
590,0.011064299382269382,1.0,0.7946247464503042,0.7809535175129781
591,0.026024259626865387,1.0,0.7900608519269777,0.7876961632555641
592,0.013712513260543346,1.0,0.7946247464503042,0.7904409570976788
593,0.02128407172858715,1.0,0.8002028397565923,0.792708395488991
594,0.01863040216267109,1.0,0.7996957403651116,0.7945581478608509
595,0.009790659882128239,1.0,0.802738336713996,0.7966465779581121
596,0.01264742761850357,1.0,0.8057809330628803,0.7937824452532968
597,0.008054542355239391,1.0,0.8032454361054767,0.788233188137717
598,0.012922403402626514,1.0,0.8002028397565923,0.7860254191777553
599,0.012974017299711704,1.0,0.8017241379310345,0.7887105435885196
600,0.009399198926985264,1.0,0.7991886409736308,0.7911569902738826
601,0.015527305193245411,1.0,0.7981744421906694,0.7932454203711439
602,0.004191777668893337,1.0,0.7981744421906694,0.7931857509397936
603,0.014953330159187317,1.0,0.7996957403651116,0.7947968255862522
604,0.010216056369245052,1.0,0.8047667342799188,0.7966465779581121
605,0.006601416971534491,1.0,0.8047667342799188,0.79813831374187
606,0.007349010556936264,1.0,0.8088235294117647,0.7972432722716153
607,0.007213997654616833,1.0,0.8067951318458418,0.7954531893311056
608,0.008842827752232552,0.9989858012170385,0.8052738336713996,0.7947371561549018
609,0.017680766060948372,0.9989858012170385,0.8012170385395537,0.7970642639775642
610,0.01772923395037651,0.9989858012170385,0.800709939148073,0.7953935198997554
611,0.008460774086415768,0.9989858012170385,0.7991886409736308,0.7947371561549018
612,0.009087339974939823,1.0,0.7966531440162272,0.7950951727430038
613,0.01943332515656948,1.0,0.795131845841785,0.7966465779581121
614,0.008944210596382618,1.0,0.800709939148073,0.796825586252163
615,0.007260056212544441,1.0,0.8012170385395537,0.7957515364878572
616,0.006128682289272547,1.0,0.8012170385395537,0.7946178172922012
617,0.007914040237665176,1.0,0.7996957403651116,0.7941404618413986
618,0.008750437758862972,1.0,0.800709939148073,0.7928874037830419
619,0.007179085165262222,1.0,0.7976673427991886,0.7916940151560355
620,0.009030145592987537,1.0,0.7966531440162272,0.7927680649203414
621,0.00931346695870161,1.0,0.7976673427991886,0.7934244286651948
622,0.008912350982427597,1.0,0.7996957403651116,0.7943194701354496
623,0.0036798175424337387,1.0,0.8012170385395537,0.7953935198997554
624,0.012349167838692665,1.0,0.8022312373225152,0.7949161644489529
625,0.0063071222975850105,1.0,0.8022312373225152,0.7947371561549018
626,0.007987265475094318,1.0,0.8017241379310345,0.7943791395668
627,0.011844988912343979,1.0,0.802738336713996,0.7967062473894624
628,0.00953553058207035,1.0,0.8032454361054767,0.7977802971537681
629,0.008860242553055286,1.0,0.8052738336713996,0.7983769914672714
630,0.00879730749875307,1.0,0.8067951318458418,0.7991526940748255
631,0.010506824590265751,1.0,0.8042596348884381,0.7993913718002268
632,0.006193805485963821,1.0,0.8042596348884381,0.7981979831732203
633,0.014411605894565582,1.0,0.7996957403651116,0.7952741810370547
634,0.008376330137252808,1.0,0.7986815415821501,0.7917536845873859
635,0.011724693700671196,1.0,0.7971602434077079,0.7897845933528254
636,0.005631261970847845,1.0,0.7925963488843814,0.7883525270004177
637,0.0067228516563773155,1.0,0.7966531440162272,0.7905006265290292
638,0.006146735046058893,1.0,0.7996957403651116,0.7920520317441375
639,0.01393657736480236,1.0,0.8002028397565923,0.7914553374306342
640,0.004989815875887871,1.0,0.8017241379310345,0.7921117011754878
641,0.008641115389764309,1.0,0.802738336713996,0.7932454203711439
642,0.008071615360677242,1.0,0.8042596348884381,0.7933647592338445
643,0.010162110440433025,1.0,0.802738336713996,0.7948564950176025
644,0.008374405093491077,1.0,0.802738336713996,0.7962288919386599
645,0.007228522095829248,1.0,0.8012170385395537,0.7980189748791694
646,0.008263365365564823,1.0,0.8032454361054767,0.7956321976251566
647,0.00681738555431366,1.0,0.7996957403651116,0.7943194701354496
648,0.006287985015660524,1.0,0.7986815415821501,0.7939017841159973
649,0.0067818365059792995,1.0,0.7976673427991886,0.79252938719494
650,0.005265362560749054,1.0,0.7966531440162272,0.7919326928814369
651,0.01738906465470791,1.0,0.7986815415821501,0.79252938719494
652,0.007665542419999838,1.0,0.8012170385395537,0.7928874037830419
653,0.005392345599830151,1.0,0.8022312373225152,0.7936034369592457
654,0.0085616335272789,1.0,0.8037525354969574,0.7955725281938063
655,0.008617621846497059,1.0,0.8032454361054767,0.7958708753505579
656,0.01094177458435297,1.0,0.8032454361054767,0.797004594546214
657,0.013264253735542297,1.0,0.800709939148073,0.7949758338803031
658,0.0054342797957360744,1.0,0.7986815415821501,0.7933647592338445
659,0.004077063873410225,0.9989858012170385,0.795131845841785,0.7910973208425324
660,0.01490932609885931,0.9989858012170385,0.7920892494929006,0.7905602959603795
661,0.008395737037062645,0.9989858012170385,0.7946247464503042,0.7915746762933349
662,0.009512237273156643,0.9989858012170385,0.7956389452332657,0.7931260815084432
663,0.007413406390696764,1.0,0.8017241379310345,0.7963482308013604
664,0.0118027962744236,1.0,0.8037525354969574,0.79998806611373
665,0.01177134457975626,1.0,0.8057809330628803,0.8007040992899338
666,0.005666765850037336,1.0,0.808316430020284,0.7997493883883287
667,0.0045813885517418385,1.0,0.8042596348884381,0.7984963303299719
668,0.006510871462523937,1.0,0.8012170385395537,0.7973626111343158
669,0.0059122079983353615,1.0,0.7996957403651116,0.7953935198997554
670,0.005672290455549955,1.0,0.7961460446247465,0.7947371561549018
671,0.005192356184124947,1.0,0.7961460446247465,0.7933050898024941
672,0.00794938113540411,1.0,0.795131845841785,0.7932454203711439
673,0.009680666960775852,1.0,0.7991886409736308,0.7942598007040993
674,0.004496437963098288,1.0,0.8047667342799188,0.7954531893311056
675,0.009873314760625362,1.0,0.802738336713996,0.7962288919386599
676,0.00623883493244648,1.0,0.800709939148073,0.7951548421743541
677,0.004080861806869507,1.0,0.8022312373225152,0.7929470732143923
678,0.00421133590862155,1.0,0.8012170385395537,0.7913359985679337
679,0.012900815345346928,1.0,0.800709939148073,0.7918133540187362
680,0.008602659218013287,1.0,0.8052738336713996,0.7943791395668
681,0.008747701533138752,1.0,0.8052738336713996,0.7954531893311056
682,0.006967643275856972,1.0,0.8073022312373225,0.7967062473894624
683,0.005092970095574856,1.0,0.8073022312373225,0.7965272390954115
684,0.013871487230062485,1.0,0.8078093306288032,0.7960498836446088
685,0.007599163334816694,1.0,0.8057809330628803,0.7963482308013604
686,0.009624965488910675,1.0,0.8012170385395537,0.7943194701354496
687,0.002238089684396982,1.0,0.7966531440162272,0.7920520317441375
688,0.004548352211713791,1.0,0.7961460446247465,0.7905602959603795
689,0.005798009689897299,1.0,0.7961460446247465,0.7921117011754878
690,0.005504522006958723,1.0,0.8002028397565923,0.7953935198997554
691,0.014565849676728249,1.0,0.8032454361054767,0.7961692225073095
692,0.009847533889114857,1.0,0.8073022312373225,0.7964079002327108
693,0.007750001735985279,1.0,0.8073022312373225,0.7969449251148637
694,0.006154090166091919,1.0,0.8088235294117647,0.7961095530759592
695,0.0067541711032390594,1.0,0.8073022312373225,0.795333850468405
696,0.006619067396968603,1.0,0.8078093306288032,0.7950355033116534
697,0.008270381949841976,1.0,0.802738336713996,0.7939614535473477
698,0.006512203253805637,1.0,0.7981744421906694,0.7928277343516916
699,0.0072339619509875774,1.0,0.7976673427991886,0.7919326928814369
700,0.010305863805115223,1.0,0.8022312373225152,0.792708395488991
701,0.003726854221895337,1.0,0.802738336713996,0.7941404618413986
702,0.004468844272196293,1.0,0.8047667342799188,0.7948564950176025
703,0.004620012361556292,1.0,0.8052738336713996,0.7947371561549018
704,0.009210484102368355,1.0,0.8052738336713996,0.7951548421743541
705,0.006865980103611946,1.0,0.8062880324543611,0.7951548421743541
706,0.011972632259130478,1.0,0.8012170385395537,0.79252938719494
707,0.010939584113657475,1.0,0.7961460446247465,0.7896652544901247
708,0.00833120383322239,0.9989858012170385,0.7905679513184585,0.7880541798436661
709,0.009973705746233463,0.9989858012170385,0.7905679513184585,0.7874574855301629
710,0.006593590602278709,0.9989858012170385,0.7946247464503042,0.7892475684706725
711,0.006983055267482996,1.0,0.800709939148073,0.7909183125484814
712,0.013418365269899368,1.0,0.8012170385395537,0.7933647592338445
713,0.011564389802515507,1.0,0.8047667342799188,0.7949161644489529
714,0.004894151818007231,1.0,0.8057809330628803,0.795512858762456
715,0.006574834231287241,1.0,0.8062880324543611,0.7965869085267617
716,0.004959205165505409,1.0,0.8062880324543611,0.7967062473894624
717,0.00841228011995554,1.0,0.8052738336713996,0.7958112059192076
718,0.006096696015447378,1.0,0.8042596348884381,0.7945581478608509
719,0.007048226892948151,1.0,0.8032454361054767,0.7944388089981502
720,0.004907189402729273,1.0,0.8042596348884381,0.7946774867235515
721,0.010326261632144451,1.0,0.8017241379310345,0.7942598007040993
722,0.00342350360006094,1.0,0.8012170385395537,0.7946178172922012
723,0.004818845074623823,1.0,0.7996957403651116,0.7937227758219464
724,0.00583276804536581,1.0,0.8017241379310345,0.7935437675278955
725,0.005012183450162411,1.0,0.8017241379310345,0.7934244286651948
726,0.0067985826171934605,1.0,0.8047667342799188,0.7959902142132586
727,0.004197979811578989,1.0,0.808316430020284,0.7961692225073095
728,0.006422799546271563,1.0,0.8067951318458418,0.7978996360164687
729,0.010472344234585762,1.0,0.8088235294117647,0.798317322035921
730,0.012287008576095104,1.0,0.8088235294117647,0.7977802971537681
731,0.012071824632585049,1.0,0.8057809330628803,0.7967659168208127
732,0.005238262005150318,1.0,0.8017241379310345,0.7944984784295006
733,0.0027118572033941746,1.0,0.7961460446247465,0.7937227758219464
734,0.014986769296228886,1.0,0.7946247464503042,0.7926487260576407
735,0.00823198538273573,1.0,0.7976673427991886,0.7915746762933349
736,0.004077246878296137,1.0,0.795131845841785,0.7922310400381884
737,0.007263335399329662,1.0,0.7991886409736308,0.7919923623127871
738,0.012667890638113022,1.0,0.7991886409736308,0.7919923623127871
739,0.009789558127522469,1.0,0.7991886409736308,0.7919923623127871
740,0.0095653822645545,1.0,0.8052738336713996,0.7919326928814369
741,0.01132772397249937,1.0,0.7971602434077079,0.791216659705233
742,0.00447913259267807,1.0,0.7946247464503042,0.7907393042544305
743,0.004588623996824026,1.0,0.795131845841785,0.7907393042544305
744,0.00549491960555315,1.0,0.7971602434077079,0.7910376514111821
745,0.003747411770746112,1.0,0.8012170385395537,0.7922310400381884
746,0.012003697454929352,1.0,0.8037525354969574,0.7946178172922012
747,0.010800759308040142,1.0,0.8047667342799188,0.7973029417029656
748,0.006694631185382605,1.0,0.8073022312373225,0.7986156691926726
749,0.017115220427513123,1.0,0.8093306288032455,0.7986156691926726
750,0.004560600966215134,0.9989858012170385,0.8042596348884381,0.7971239334089146
751,0.009500361979007721,0.9989858012170385,0.8047667342799188,0.7951548421743541
752,0.01517646387219429,0.9989858012170385,0.800709939148073,0.7932454203711439
753,0.009606541134417057,0.9989858012170385,0.800709939148073,0.7918730234500865
754,0.0059913890436291695,1.0,0.8012170385395537,0.7924100483322394
755,0.004286178853362799,1.0,0.8017241379310345,0.7936034369592457
756,0.0037268518935889006,1.0,0.8012170385395537,0.7943194701354496
757,0.00554821128025651,1.0,0.8017241379310345,0.794021122978698
758,0.013210118748247623,1.0,0.8012170385395537,0.7935437675278955
759,0.006156559567898512,1.0,0.8022312373225152,0.7930664120770929
760,0.01217111386358738,1.0,0.7991886409736308,0.7917536845873859
761,0.0074457996524870396,1.0,0.7981744421906694,0.7902619488036279
762,0.006818536669015884,1.0,0.7991886409736308,0.7900232710782267
763,0.006414731498807669,1.0,0.7991886409736308,0.7918133540187362
764,0.005565870087593794,1.0,0.800709939148073,0.7943791395668
765,0.010830512270331383,1.0,0.8042596348884381,0.7978399665851185
766,0.01264545414596796,1.0,0.802738336713996,0.798317322035921
767,0.006220480427145958,1.0,0.8067951318458418,0.7987350080553732
768,0.014800581149756908,1.0,0.8057809330628803,0.7999283966823796
769,0.01384126115590334,1.0,0.8047667342799188,0.8000477355450802
770,0.004459698684513569,1.0,0.8062880324543611,0.7997493883883287
771,0.009999370202422142,1.0,0.8032454361054767,0.7985559997613223
772,0.0053014857694506645,1.0,0.8032454361054767,0.7976012888597172
773,0.014174476265907288,1.0,0.800709939148073,0.7944984784295006
774,0.009308958426117897,1.0,0.7925963488843814,0.784295005668596
775,0.008165651001036167,1.0,0.7849898580121704,0.7805358314935259
776,0.010728377848863602,1.0,0.783975659229209,0.7794617817292201
777,0.015402193181216717,1.0,0.7880324543610547,0.7843546750999463
778,0.007275096606463194,1.0,0.7925963488843814,0.7884718658631183
779,0.013549269177019596,1.0,0.7966531440162272,0.7930664120770929
780,0.011118615977466106,1.0,0.8017241379310345,0.7969449251148637
781,0.007660136558115482,1.0,0.8012170385395537,0.7988543469180739
782,0.009646592661738396,1.0,0.802738336713996,0.7976609582910675
783,0.008021005429327488,1.0,0.8032454361054767,0.7965272390954115
784,0.005023438483476639,0.9989858012170385,0.800709939148073,0.7948564950176025
785,0.009628290310502052,0.9989858012170385,0.8022312373225152,0.7955725281938063
786,0.005084499251097441,0.9989858012170385,0.8017241379310345,0.7950355033116534
787,0.012540604919195175,1.0,0.8037525354969574,0.79813831374187
788,0.005379995796829462,1.0,0.8067951318458418,0.8010621158780357
789,0.008626939728856087,1.0,0.8052738336713996,0.8014798018974879
790,0.0049277679063379765,1.0,0.8057809330628803,0.8011814547407363
791,0.007598802447319031,1.0,0.8057809330628803,0.7986156691926726
792,0.015584686771035194,1.0,0.802738336713996,0.7946178172922012
793,0.006424689199775457,1.0,0.7976673427991886,0.7905602959603795
794,0.0049104243516922,1.0,0.7925963488843814,0.785607733158303
795,0.008868503384292126,1.0,0.789553752535497,0.78131153410108
796,0.013635765761137009,1.0,0.7976673427991886,0.7903812876663285
797,0.011042003519833088,1.0,0.8017241379310345,0.795333850468405
798,0.009510481730103493,1.0,0.8037525354969574,0.7991526940748255
799,0.005984168034046888,1.0,0.8088235294117647,0.7992123635061757
800,0.008669356815516949,1.0,0.8078093306288032,0.8005250909958828
801,0.00784195214509964,1.0,0.8073022312373225,0.7972432722716153
802,0.006209890823811293,1.0,0.8047667342799188,0.7948564950176025
803,0.008214462548494339,1.0,0.7981744421906694,0.7887105435885196
804,0.008515644818544388,1.0,0.7931034482758621,0.7845336833939972
805,0.007213287986814976,1.0,0.7981744421906694,0.7906796348230801
806,0.015627821907401085,1.0,0.8017241379310345,0.7959902142132586
807,0.015637855976819992,1.0,0.8017241379310345,0.7973029417029656
808,0.005544828251004219,1.0,0.8032454361054767,0.7980786443105197
809,0.00838305614888668,1.0,0.8037525354969574,0.8001670744077809
810,0.010956541635096073,1.0,0.8052738336713996,0.7977206277224178
811,0.01142835058271885,1.0,0.7941176470588235,0.7866221134912584
812,0.011479589156806469,1.0,0.7860040567951319,0.7764783101617042
813,0.017906635999679565,1.0,0.7915821501014199,0.787099468942061
814,0.005742476787418127,1.0,0.7981744421906694,0.7935437675278955
815,0.0051065669395029545,1.0,0.800709939148073,0.79813831374187
816,0.007698113564401865,1.0,0.8032454361054767,0.7990930246434752
817,0.004863113164901733,1.0,0.8047667342799188,0.8000477355450802
818,0.00923563539981842,1.0,0.8078093306288032,0.801121785309386
819,0.00563353206962347,1.0,0.8093306288032455,0.8010621158780357
820,0.016996294260025024,1.0,0.8022312373225152,0.7995703800942777
821,0.005078115500509739,1.0,0.8022312373225152,0.7931857509397936
822,0.005388166755437851,1.0,0.795131845841785,0.7854883942956024
823,0.01800391636788845,1.0,0.7931034482758621,0.7832209559042902
824,0.01780598983168602,1.0,0.7996957403651116,0.7915746762933349
825,0.004848076030611992,1.0,0.8022312373225152,0.7963482308013604
826,0.01277814619243145,1.0,0.8042596348884381,0.7961692225073095
827,0.008703568950295448,1.0,0.8042596348884381,0.7963482308013604
828,0.014656530693173409,1.0,0.8037525354969574,0.7965272390954115
829,0.006948365364223719,1.0,0.800709939148073,0.7937824452532968
830,0.008695132099092007,1.0,0.8012170385395537,0.79252938719494
831,0.003785821609199047,1.0,0.7981744421906694,0.7899636016468763
832,0.012239476665854454,1.0,0.8002028397565923,0.790082940509577
833,0.01367011945694685,1.0,0.8012170385395537,0.792708395488991
834,0.005256699863821268,1.0,0.8022312373225152,0.7956321976251566
835,0.006430917885154486,1.0,0.8017241379310345,0.7958112059192076
836,0.008872447535395622,1.0,0.8022312373225152,0.7958708753505579
837,0.008472316898405552,1.0,0.8042596348884381,0.7970642639775642
838,0.007488012779504061,1.0,0.8057809330628803,0.7982576526045707
839,0.008587546646595001,1.0,0.8073022312373225,0.798675338624023
840,0.010880205780267715,1.0,0.8062880324543611,0.7978399665851185
841,0.004545019939541817,1.0,0.8042596348884381,0.7964079002327108
842,0.007458950392901897,1.0,0.8037525354969574,0.7958708753505579
843,0.004973051603883505,1.0,0.802738336713996,0.7956321976251566
844,0.009801028296351433,1.0,0.8042596348884381,0.7981979831732203
845,0.006647944916039705,1.0,0.8073022312373225,0.7995107106629273
846,0.003197518177330494,1.0,0.808316430020284,0.8001074049764306
847,0.009982203133404255,1.0,0.8078093306288032,0.8010024464466854
848,0.009902304038405418,1.0,0.8057809330628803,0.801300793603437
849,0.004932285286486149,1.0,0.8057809330628803,0.8004057521331822
850,0.012037834152579308,1.0,0.808316430020284,0.8008234381526345
851,0.009182644076645374,1.0,0.8067951318458418,0.7990930246434752
852,0.008860976435244083,1.0,0.8067951318458418,0.7968852556835133
853,0.00786491110920906,1.0,0.8052738336713996,0.7951548421743541
854,0.003925378434360027,1.0,0.8012170385395537,0.7943194701354496
855,0.005464821122586727,1.0,0.8017241379310345,0.7947968255862522
856,0.01118660718202591,1.0,0.8052738336713996,0.7962885613700101
857,0.009657044894993305,1.0,0.8057809330628803,0.7977802971537681
858,0.0033280830830335617,1.0,0.8037525354969574,0.7972432722716153
859,0.016648365184664726,1.0,0.8017241379310345,0.7976012888597172
860,0.017278054729104042,1.0,0.800709939148073,0.7980786443105197
861,0.0103158513084054,1.0,0.802738336713996,0.7965869085267617
862,0.004879484418779612,1.0,0.7991886409736308,0.794200131272749
863,0.0016624591080471873,1.0,0.7961460446247465,0.7892475684706725
864,0.01675746589899063,1.0,0.7981744421906694,0.7905602959603795
865,0.005791264120489359,1.0,0.802738336713996,0.7957515364878572
866,0.0043345666490495205,1.0,0.8022312373225152,0.7977802971537681
867,0.0032362048514187336,1.0,0.8022312373225152,0.7970642639775642
868,0.0067902859300374985,1.0,0.8012170385395537,0.7985559997613223
869,0.013500736095011234,1.0,0.8032454361054767,0.799630049525628
870,0.021149594336748123,1.0,0.8042596348884381,0.8002267438391312
871,0.005594901740550995,1.0,0.8062880324543611,0.7995107106629273
872,0.005547398701310158,1.0,0.8067951318458418,0.7978996360164687
873,0.012154693715274334,1.0,0.8052738336713996,0.7980786443105197
874,0.004558788612484932,1.0,0.8047667342799188,0.7987350080553732
875,0.005483212415128946,1.0,0.8067951318458418,0.7988543469180739
876,0.005024605430662632,1.0,0.8022312373225152,0.7991526940748255
877,0.0042962986044585705,1.0,0.8017241379310345,0.7990930246434752
878,0.007663729600608349,1.0,0.8012170385395537,0.7998687272510293
879,0.0073936497792601585,1.0,0.7976673427991886,0.7980189748791694
880,0.008240642957389355,1.0,0.7996957403651116,0.7976609582910675
881,0.006218980997800827,1.0,0.8002028397565923,0.7953935198997554
882,0.004323162138462067,1.0,0.800709939148073,0.794021122978698
883,0.005032745189964771,1.0,0.7991886409736308,0.7934840980965452
884,0.00919134821742773,1.0,0.7971602434077079,0.7939017841159973
885,0.010846308432519436,1.0,0.7961460446247465,0.7989140163494242
886,0.004029948730021715,1.0,0.8002028397565923,0.7989140163494242
887,0.004742687102407217,1.0,0.8017241379310345,0.7996897189569784
888,0.008009594865143299,1.0,0.8022312373225152,0.7984366608986216
889,0.01678052544593811,1.0,0.7981744421906694,0.7992123635061757
890,0.012872671708464622,1.0,0.7981744421906694,0.7939017841159973
891,0.003970320336520672,1.0,0.795131845841785,0.7868607912166597
892,0.01045310590416193,1.0,0.7915821501014199,0.783936989080494
893,0.015308400616049767,1.0,0.7966531440162272,0.7899636016468763
894,0.02204478159546852,1.0,0.8052738336713996,0.8006444298585834
895,0.0041900319047272205,1.0,0.8088235294117647,0.8027925293871949
896,0.011707756668329239,1.0,0.8067951318458418,0.8005847604272331
897,0.009991580620408058,1.0,0.8022312373225152,0.7990333552121248
898,0.01971939392387867,1.0,0.8052738336713996,0.7984963303299719
899,0.012217080220580101,1.0,0.8088235294117647,0.8013604630347873
900,0.010985495522618294,1.0,0.8088235294117647,0.8018974879169402
901,0.006830671336501837,1.0,0.8093306288032455,0.8002864132704816
902,0.005580567289143801,1.0,0.8078093306288032,0.7974222805656662
903,0.010492296889424324,1.0,0.8057809330628803,0.796825586252163
904,0.010338377207517624,1.0,0.8073022312373225,0.7978996360164687
905,0.007494975812733173,1.0,0.8052738336713996,0.7984963303299719
906,0.008943519555032253,1.0,0.8032454361054767,0.7984366608986216
907,0.007859339006245136,1.0,0.8032454361054767,0.7987350080553732
908,0.009204309433698654,1.0,0.8052738336713996,0.7984963303299719
909,0.0046035172417759895,1.0,0.8073022312373225,0.8002864132704816
910,0.0034892838448286057,1.0,0.8088235294117647,0.800942777015335
911,0.014288246631622314,1.0,0.8128803245436106,0.8017184796228892
912,0.00588556844741106,1.0,0.8113590263691683,0.8007040992899338
913,0.012551357969641685,1.0,0.8042596348884381,0.7967062473894624
914,0.0059041776694357395,1.0,0.8017241379310345,0.794200131272749
915,0.013122061267495155,1.0,0.8037525354969574,0.7959305447819083
916,0.0046991691924631596,1.0,0.8042596348884381,0.7963482308013604
917,0.0033644039649516344,1.0,0.802738336713996,0.7964079002327108
918,0.012048572301864624,1.0,0.8017241379310345,0.795333850468405
919,0.008638341911137104,1.0,0.802738336713996,0.7964079002327108
920,0.0061436183750629425,1.0,0.8062880324543611,0.7971836028402649
921,0.007632304914295673,1.0,0.8088235294117647,0.7984963303299719
922,0.01412989478558302,1.0,0.8088235294117647,0.7984963303299719
923,0.004909270443022251,1.0,0.8057809330628803,0.798317322035921
924,0.004751110449433327,1.0,0.8052738336713996,0.7978996360164687
925,0.00848304945975542,1.0,0.8052738336713996,0.7963482308013604
926,0.0058870986104011536,1.0,0.8073022312373225,0.7963482308013604
927,0.004961153957992792,1.0,0.8067951318458418,0.7974819499970165
928,0.013269657269120216,1.0,0.8073022312373225,0.798675338624023
929,0.006170316133648157,1.0,0.8062880324543611,0.7992123635061757
930,0.01057744212448597,1.0,0.8093306288032455,0.7986156691926726
931,0.003518510377034545,1.0,0.808316430020284,0.7984366608986216
932,0.014869244769215584,1.0,0.8067951318458418,0.7956321976251566
933,0.0035991629119962454,1.0,0.8047667342799188,0.7930067426457426
934,0.005582280457019806,1.0,0.8012170385395537,0.7919923623127871
935,0.008871587924659252,1.0,0.8037525354969574,0.7928874037830419
936,0.00463376147672534,1.0,0.8067951318458418,0.7937227758219464
937,0.008578455075621605,1.0,0.8078093306288032,0.7971836028402649
938,0.0067119235172867775,1.0,0.8103448275862069,0.7978996360164687
939,0.005811284761875868,1.0,0.8062880324543611,0.7980786443105197
940,0.019240727648139,1.0,0.8088235294117647,0.79813831374187
941,0.006736782379448414,1.0,0.8067951318458418,0.7977802971537681
942,0.006020160857588053,1.0,0.8067951318458418,0.7967062473894624
943,0.0025288087781518698,1.0,0.8052738336713996,0.7965272390954115
944,0.003948153927922249,1.0,0.8042596348884381,0.7964675696640611
945,0.011456601321697235,1.0,0.8073022312373225,0.7977802971537681
946,0.009058886207640171,1.0,0.8052738336713996,0.797004594546214
947,0.006331615149974823,1.0,0.8047667342799188,0.7969449251148637
948,0.0058128200471401215,1.0,0.802738336713996,0.7959902142132586
949,0.009400538168847561,1.0,0.8047667342799188,0.7958708753505579
950,0.0036698838230222464,1.0,0.8042596348884381,0.7959902142132586
951,0.004679880104959011,1.0,0.8032454361054767,0.7963482308013604
952,0.006432382855564356,1.0,0.8032454361054767,0.7939614535473477
953,0.0028649906162172556,1.0,0.802738336713996,0.7935437675278955
954,0.00544910691678524,1.0,0.8017241379310345,0.7922907094695387
955,0.005995378829538822,1.0,0.7981744421906694,0.7916343457246853
956,0.004395368043333292,1.0,0.7971602434077079,0.791395667999284
957,0.004818677436560392,1.0,0.7956389452332657,0.790082940509577
958,0.010038676671683788,1.0,0.7971602434077079,0.7909183125484814
959,0.007768278010189533,1.0,0.7981744421906694,0.7909779819798317
960,0.017458798363804817,1.0,0.7996957403651116,0.7926487260576407
961,0.009049695916473866,1.0,0.8022312373225152,0.7942598007040993
962,0.004609318915754557,1.0,0.8052738336713996,0.7959902142132586
963,0.004751642234623432,1.0,0.8042596348884381,0.7962288919386599
964,0.004369749221950769,1.0,0.8062880324543611,0.7962288919386599
965,0.004298817832022905,1.0,0.8042596348884381,0.7953935198997554
966,0.0035928701981902122,1.0,0.8017241379310345,0.7950355033116534
967,0.013010886497795582,1.0,0.8002028397565923,0.7915150068619846
968,0.008354367688298225,1.0,0.7981744421906694,0.7882928575690674
969,0.015243112109601498,1.0,0.7986815415821501,0.7918730234500865
970,0.004305573645979166,1.0,0.8047667342799188,0.7963482308013604
971,0.0044997516088187695,1.0,0.8037525354969574,0.7991526940748255
972,0.0033044179435819387,1.0,0.8032454361054767,0.7984963303299719
973,0.003827921813353896,1.0,0.8022312373225152,0.7977206277224178
974,0.0064644464291632175,1.0,0.8037525354969574,0.79813831374187
975,0.016335248947143555,1.0,0.8012170385395537,0.7971239334089146
976,0.0029844073578715324,1.0,0.800709939148073,0.7930067426457426
977,0.012906127609312534,1.0,0.795131845841785,0.7888895518825706
978,0.01035964023321867,1.0,0.7915821501014199,0.7870397995107107
979,0.009879106655716896,1.0,0.7986815415821501,0.7904409570976788
980,0.010783715173602104,1.0,0.8062880324543611,0.7975416194283669
981,0.005359825678169727,1.0,0.8108519269776876,0.8020168267796408
982,0.007638298906385899,1.0,0.8123732251521298,0.8035682319947491
983,0.009504633955657482,1.0,0.8133874239350912,0.8036279014260994
984,0.015222485177218914,1.0,0.8113590263691683,0.8033295542693478
985,0.0038151415064930916,1.0,0.8103448275862069,0.802255504505042
986,0.004158204887062311,1.0,0.8088235294117647,0.8014798018974879
987,0.0033691891003400087,1.0,0.8057809330628803,0.7993913718002268
988,0.009054796770215034,1.0,0.8037525354969574,0.7974222805656662
989,0.005797503981739283,1.0,0.8022312373225152,0.7965869085267617
990,0.013004672713577747,1.0,0.8042596348884381,0.8002864132704816
991,0.0031777264084666967,1.0,0.8078093306288032,0.8024345127990931
992,0.0028651447501033545,1.0,0.8057809330628803,0.8043439346023032
993,0.0054752579890191555,1.0,0.808316430020284,0.804284265170953
994,0.008651862852275372,1.0,0.8113590263691683,0.8025538516617937
995,0.004548006225377321,1.0,0.8042596348884381,0.8034488931320485
996,0.004079514183104038,1.0,0.802738336713996,0.8014201324661376
997,0.007542048115283251,1.0,0.8062880324543611,0.8023748433677427
998,0.011061570607125759,1.0,0.8037525354969574,0.8029118682498956
999,0.006944381631910801,1.0,0.8057809330628803,0.8019571573482904
1000,0.008351925760507584,1.0,0.8042596348884381,0.8007040992899338
1001,0.012943844310939312,1.0,0.8073022312373225,0.8032698848379974
1002,0.007438069209456444,1.0,0.8093306288032455,0.8020168267796408
1003,0.008186619728803635,1.0,0.8062880324543611,0.7985559997613223
1004,0.007606221828609705,1.0,0.8032454361054767,0.7965272390954115
1005,0.014540138654410839,1.0,0.8052738336713996,0.7985559997613223
1006,0.007085227407515049,1.0,0.8098377281947262,0.8012411241720866
1007,0.005086781922727823,1.0,0.8113590263691683,0.8029715376812459
1008,0.002929577836766839,1.0,0.8118661257606491,0.8027925293871949
1009,0.005012473091483116,1.0,0.8118661257606491,0.8027925293871949
1010,0.008537613786756992,1.0,0.8123732251521298,0.8029118682498956
1011,0.007859875448048115,1.0,0.8113590263691683,0.8020168267796408
1012,0.004750627093017101,1.0,0.8067951318458418,0.7984963303299719
1013,0.007206960115581751,1.0,0.8062880324543611,0.7969449251148637
1014,0.004120743367820978,1.0,0.8062880324543611,0.7961692225073095
1015,0.00551874004304409,1.0,0.8078093306288032,0.7967659168208127
1016,0.003534483490511775,1.0,0.8067951318458418,0.798317322035921
1017,0.004271111451089382,1.0,0.8052738336713996,0.8010024464466854
1018,0.006606658920645714,1.0,0.8078093306288032,0.8023151739363924
1019,0.0039076353423297405,1.0,0.8093306288032455,0.8024345127990931
1020,0.006627496797591448,1.0,0.8073022312373225,0.8019571573482904
1021,0.006405081134289503,1.0,0.8067951318458418,0.8014798018974879
1022,0.003546684281900525,1.0,0.808316430020284,0.8004057521331822
1023,0.0028850350063294172,1.0,0.8073022312373225,0.8005847604272331
1024,0.008160668425261974,1.0,0.8067951318458418,0.8001074049764306
1025,0.007058245129883289,1.0,0.808316430020284,0.8012411241720866
1026,0.003981722053140402,1.0,0.8093306288032455,0.8017184796228892
1027,0.004168844316154718,1.0,0.8098377281947262,0.8015991407601886
1028,0.01253964938223362,1.0,0.8073022312373225,0.8007637687212841
1029,0.003396739950403571,1.0,0.8078093306288032,0.7993913718002268
1030,0.0025843095500022173,1.0,0.8073022312373225,0.7979593054478191
1031,0.004180264193564653,1.0,0.8062880324543611,0.795691867056507
1032,0.011135156266391277,1.0,0.8047667342799188,0.7964675696640611
1033,0.0039001095574349165,1.0,0.8062880324543611,0.7969449251148637
1034,0.005894963629543781,1.0,0.8057809330628803,0.7991526940748255
1035,0.004046064335852861,1.0,0.8032454361054767,0.7993317023688764
1036,0.00388433039188385,1.0,0.7981744421906694,0.7973626111343158
1037,0.014714526943862438,1.0,0.8002028397565923,0.7980189748791694
1038,0.008001072332262993,1.0,0.8088235294117647,0.8029118682498956
1039,0.008634612895548344,1.0,0.8103448275862069,0.8048212900531058
1040,0.00433563394472003,1.0,0.8123732251521298,0.803926248582851
1041,0.008176836185157299,1.0,0.8113590263691683,0.8038069097201503
1042,0.01864963211119175,1.0,0.8108519269776876,0.8027328599558446
1043,0.004581034649163485,1.0,0.8032454361054767,0.7985559997613223
1044,0.005195608362555504,1.0,0.7996957403651116,0.7937227758219464
1045,0.014044987969100475,1.0,0.7996957403651116,0.7934840980965452
1046,0.015873709693551064,1.0,0.8047667342799188,0.7999283966823796
1047,0.003899053670465946,1.0,0.8073022312373225,0.7991526940748255
1048,0.01633276790380478,1.0,0.8078093306288032,0.794200131272749
1049,0.02005905658006668,1.0,0.8103448275862069,0.7947968255862522
1050,0.015995381399989128,1.0,0.8078093306288032,0.7967659168208127
1051,0.0031544200610369444,1.0,0.7996957403651116,0.7943194701354496
1052,0.008221366442739964,0.9989858012170385,0.7936105476673428,0.7887702130198699
1053,0.02123347297310829,1.0,0.8022312373225152,0.7945581478608509
1054,0.014796556904911995,1.0,0.8073022312373225,0.7988543469180739
1055,0.004650813527405262,1.0,0.8123732251521298,0.802255504505042
1056,0.004034072160720825,1.0,0.813894523326572,0.8020764962109911
1057,0.013388385996222496,1.0,0.8113590263691683,0.8015394713288382
1058,0.013181370683014393,1.0,0.8154158215010142,0.801121785309386
1059,0.003251994028687477,1.0,0.8133874239350912,0.801121785309386
1060,0.008710315451025963,1.0,0.8149087221095335,0.8011814547407363
1061,0.0038968510925769806,1.0,0.8123732251521298,0.7993913718002268
1062,0.003536508185788989,1.0,0.808316430020284,0.7971239334089146
1063,0.009527687914669514,1.0,0.808316430020284,0.795512858762456
1064,0.015972450375556946,1.0,0.8073022312373225,0.7960498836446088
1065,0.006060360465198755,1.0,0.8073022312373225,0.7959902142132586
1066,0.005463602486997843,1.0,0.8067951318458418,0.7959902142132586
1067,0.008440511301159859,1.0,0.808316430020284,0.7962885613700101
1068,0.005514879245311022,1.0,0.8073022312373225,0.7959902142132586
1069,0.008033961988985538,1.0,0.8078093306288032,0.7930664120770929
1070,0.014276845380663872,1.0,0.8078093306288032,0.7932454203711439
1071,0.002310775453224778,1.0,0.8098377281947262,0.7946774867235515
1072,0.008318689651787281,1.0,0.8093306288032455,0.7967659168208127
1073,0.01066663023084402,1.0,0.8073022312373225,0.7976609582910675
1074,0.002971355803310871,1.0,0.808316430020284,0.7978399665851185
1075,0.004422924946993589,1.0,0.8093306288032455,0.7983769914672714
1076,0.007801480125635862,1.0,0.8093306288032455,0.7995703800942777
1077,0.005106047261506319,1.0,0.8113590263691683,0.8006444298585834
1078,0.003689416917040944,1.0,0.8113590263691683,0.8012411241720866
1079,0.00434294156730175,1.0,0.8098377281947262,0.8018378184855899
1080,0.005554263014346361,1.0,0.8113590263691683,0.8010024464466854
1081,0.007549668196588755,1.0,0.8103448275862069,0.7990930246434752
1082,0.006087396759539843,1.0,0.8103448275862069,0.7980189748791694
1083,0.00822214875370264,1.0,0.8078093306288032,0.7967659168208127
1084,0.007425542455166578,1.0,0.808316430020284,0.7971836028402649
1085,0.005290915258228779,1.0,0.8062880324543611,0.796825586252163
1086,0.003979403991252184,1.0,0.8062880324543611,0.7944984784295006
1087,0.010614301078021526,1.0,0.8103448275862069,0.7960498836446088
1088,0.0069998204708099365,1.0,0.8103448275862069,0.7965272390954115
1089,0.004184049088507891,1.0,0.8128803245436106,0.7971239334089146
1090,0.004340215120464563,1.0,0.8113590263691683,0.7983769914672714
1091,0.0032555863726884127,1.0,0.8144016227180527,0.8001074049764306
1092,0.003787804627791047,1.0,0.8108519269776876,0.8012411241720866
1093,0.0023429233115166426,1.0,0.8123732251521298,0.8014798018974879
1094,0.008095599710941315,1.0,0.8123732251521298,0.8019571573482904
1095,0.005723021924495697,1.0,0.8118661257606491,0.8010024464466854
1096,0.007105635013431311,1.0,0.8113590263691683,0.8010024464466854
1097,0.0029853773303329945,1.0,0.8108519269776876,0.801300793603437
1098,0.004121733829379082,1.0,0.813894523326572,0.8005847604272331
1099,0.002071762690320611,1.0,0.8154158215010142,0.7992123635061757
1100,0.006805139593780041,1.0,0.8149087221095335,0.799630049525628
1101,0.007969005033373833,1.0,0.8149087221095335,0.8015991407601886
1102,0.0066671003587543964,1.0,0.813894523326572,0.8020168267796408
1103,0.0063424971885979176,1.0,0.8154158215010142,0.8026731905244943
1104,0.003779415739700198,1.0,0.8164300202839757,0.8025538516617937
1105,0.004482167307287455,1.0,0.8128803245436106,0.8026731905244943
1106,0.003326562698930502,1.0,0.8133874239350912,0.8020764962109911
1107,0.004532665945589542,1.0,0.8128803245436106,0.801121785309386
1108,0.0062003000639379025,1.0,0.8118661257606491,0.8001074049764306
1109,0.0018010918283835053,1.0,0.8098377281947262,0.798317322035921
1110,0.0021105704363435507,1.0,0.8088235294117647,0.7957515364878572
1111,0.008332103490829468,1.0,0.8042596348884381,0.7931260815084432
1112,0.013870133087038994,1.0,0.8093306288032455,0.7951548421743541
1113,0.010280123911798,1.0,0.8108519269776876,0.8000477355450802
1114,0.0030854467768222094,1.0,0.8123732251521298,0.8005250909958828
1115,0.0023298263549804688,1.0,0.813894523326572,0.8018378184855899
1116,0.00992254726588726,1.0,0.8118661257606491,0.8004057521331822
1117,0.008556132204830647,1.0,0.8108519269776876,0.7992720329375261
1118,0.003907478880137205,1.0,0.8108519269776876,0.796825586252163
1119,0.007964828051626682,1.0,0.8123732251521298,0.7968852556835133
1120,0.0062209623865783215,1.0,0.8108519269776876,0.7978399665851185
1121,0.0034378315322101116,1.0,0.8103448275862069,0.7980786443105197
1122,0.0033253231085836887,1.0,0.808316430020284,0.7980189748791694
1123,0.005632129497826099,1.0,0.8073022312373225,0.7990930246434752
1124,0.005906230304390192,1.0,0.8073022312373225,0.7992123635061757
1125,0.007195755839347839,1.0,0.8057809330628803,0.7980189748791694
1126,0.010471940040588379,1.0,0.8047667342799188,0.7984366608986216
1127,0.004813199397176504,1.0,0.8073022312373225,0.7989140163494242
1128,0.003365203971043229,1.0,0.8073022312373225,0.7987946774867235
1129,0.007435682695358992,1.0,0.8062880324543611,0.7990333552121248
1130,0.006244370248168707,1.0,0.8057809330628803,0.7994510412315771
1131,0.00553879514336586,1.0,0.8093306288032455,0.7987946774867235
1132,0.012853313237428665,1.0,0.8073022312373225,0.7993913718002268
1133,0.004441669676452875,1.0,0.8062880324543611,0.7983769914672714
1134,0.005150667391717434,1.0,0.8067951318458418,0.7965869085267617
1135,0.003041211050003767,1.0,0.8057809330628803,0.7961692225073095
1136,0.004346303176134825,1.0,0.8037525354969574,0.7949161644489529
1137,0.009602543897926807,1.0,0.8032454361054767,0.7952145116057044
1138,0.004029418807476759,1.0,0.8057809330628803,0.7961095530759592
1139,0.005268013570457697,1.0,0.8022312373225152,0.7967062473894624
1140,0.006776226684451103,1.0,0.8032454361054767,0.7983769914672714
1141,0.008693760260939598,1.0,0.8037525354969574,0.7987350080553732
1142,0.002576008439064026,1.0,0.8032454361054767,0.7993317023688764
1143,0.0027450050693005323,1.0,0.7996957403651116,0.7993913718002268
1144,0.008859595283865929,1.0,0.8047667342799188,0.801121785309386
1145,0.003597529837861657,1.0,0.8062880324543611,0.8005250909958828
1146,0.0033574369736015797,1.0,0.8078093306288032,0.7987946774867235
1147,0.005641594063490629,1.0,0.8062880324543611,0.7965869085267617
1148,0.00600641593337059,1.0,0.8037525354969574,0.7944388089981502
1149,0.004011404700577259,1.0,0.802738336713996,0.7949161644489529
1150,0.0043517909944057465,1.0,0.802738336713996,0.7947371561549018
1151,0.0056991372257471085,1.0,0.8078093306288032,0.7962885613700101
1152,0.003561505349352956,1.0,0.8098377281947262,0.7986156691926726
1153,0.002553751692175865,1.0,0.808316430020284,0.8006444298585834
1154,0.002709656022489071,1.0,0.8078093306288032,0.8014201324661376
1155,0.006124528590589762,1.0,0.808316430020284,0.8016588101915388
1156,0.0032370719127357006,1.0,0.8078093306288032,0.8021958350736917
1157,0.004938820842653513,1.0,0.8088235294117647,0.8029715376812459
1158,0.0033971359953284264,1.0,0.8093306288032455,0.8030312071125962
1159,0.0036745716352015734,1.0,0.8113590263691683,0.8030312071125962
1160,0.005596572998911142,1.0,0.8098377281947262,0.8026731905244943
1161,0.003676548833027482,1.0,0.8118661257606491,0.8008831075839847
1162,0.006718553602695465,1.0,0.8078093306288032,0.7968852556835133
1163,0.00894517358392477,1.0,0.8037525354969574,0.793842114684647
1164,0.005102618597447872,1.0,0.802738336713996,0.7936034369592457
1165,0.006507290527224541,1.0,0.808316430020284,0.7971836028402649
1166,0.003086678683757782,1.0,0.8032454361054767,0.7986156691926726
1167,0.0028843397740274668,1.0,0.7991886409736308,0.8005847604272331
1168,0.005662107840180397,1.0,0.7976673427991886,0.7993317023688764
1169,0.016489923000335693,1.0,0.8037525354969574,0.7984366608986216
1170,0.002631095703691244,1.0,0.8012170385395537,0.7952145116057044
1171,0.01246208231896162,1.0,0.8042596348884381,0.7962288919386599
1172,0.003984522074460983,1.0,0.8062880324543611,0.7981979831732203
1173,0.004410254303365946,1.0,0.8062880324543611,0.7995107106629273
1174,0.00296363839879632,1.0,0.808316430020284,0.8005847604272331
1175,0.012648124247789383,1.0,0.8078093306288032,0.8004057521331822
1176,0.0054017845541238785,1.0,0.8093306288032455,0.8003460827018318
1177,0.004966973792761564,1.0,0.8098377281947262,0.7997493883883287
1178,0.003291540080681443,1.0,0.8088235294117647,0.8000477355450802
1179,0.004971811082214117,1.0,0.8088235294117647,0.799630049525628
1180,0.010248425416648388,1.0,0.8098377281947262,0.7987350080553732
1181,0.003223151434212923,1.0,0.8118661257606491,0.7989736857807745
1182,0.00779963843524456,1.0,0.8078093306288032,0.7977206277224178
1183,0.0032276769634336233,1.0,0.808316430020284,0.7977206277224178
1184,0.006167369429022074,1.0,0.8078093306288032,0.7981979831732203
1185,0.01682123728096485,1.0,0.8088235294117647,0.7987946774867235
1186,0.007129489444196224,1.0,0.8118661257606491,0.7986156691926726
1187,0.00818287767469883,1.0,0.808316430020284,0.799630049525628
1188,0.0026766296941787004,1.0,0.8118661257606491,0.79813831374187
1189,0.00993992667645216,1.0,0.8113590263691683,0.7996897189569784
1190,0.003982747904956341,1.0,0.8108519269776876,0.802255504505042
1191,0.004253065213561058,1.0,0.8123732251521298,0.8031505459752969
1192,0.004670633468776941,1.0,0.8113590263691683,0.8032102154066472
1193,0.0034703302662819624,1.0,0.808316430020284,0.8030908765439465
1194,0.007302612066268921,1.0,0.8078093306288032,0.8014798018974879
1195,0.0072809746488928795,1.0,0.8078093306288032,0.8017184796228892
1196,0.004561306443065405,1.0,0.808316430020284,0.8026731905244943
1197,0.0035889067221432924,1.0,0.8078093306288032,0.8027328599558446
1198,0.006994536612182856,1.0,0.8093306288032455,0.8032698848379974
1199,0.006488660350441933,1.0,0.808316430020284,0.8020764962109911
1200,0.009030099958181381,1.0,0.808316430020284,0.8020764962109911
1201,0.007133165840059519,1.0,0.8098377281947262,0.8007637687212841
1202,0.005920469295233488,1.0,0.8093306288032455,0.8017781490542395
1203,0.004316934384405613,1.0,0.8123732251521298,0.8005250909958828
1204,0.004668607842177153,1.0,0.8118661257606491,0.8002267438391312
1205,0.011058582924306393,1.0,0.8098377281947262,0.8014201324661376
1206,0.0022284756414592266,1.0,0.8098377281947262,0.8006444298585834
1207,0.005863560363650322,1.0,0.8093306288032455,0.7999283966823796
1208,0.005159946624189615,1.0,0.8118661257606491,0.8007040992899338
1209,0.004338302183896303,1.0,0.8118661257606491,0.801121785309386
1210,0.007144434377551079,1.0,0.8128803245436106,0.8015394713288382
1211,0.012633416801691055,1.0,0.8133874239350912,0.8023151739363924
1212,0.0036076565738767385,1.0,0.8128803245436106,0.8029118682498956
1213,0.0055442992597818375,1.0,0.8113590263691683,0.800942777015335
1214,0.008701496757566929,1.0,0.8118661257606491,0.7999283966823796
1215,0.006582723464816809,1.0,0.8103448275862069,0.7989140163494242
1216,0.005161731503903866,1.0,0.8103448275862069,0.7980786443105197
1217,0.006559166591614485,1.0,0.8067951318458418,0.8002267438391312
1218,0.004006397910416126,1.0,0.8067951318458418,0.7984366608986216
1219,0.0035770367830991745,1.0,0.8062880324543611,0.7980786443105197
1220,0.007095942273736,1.0,0.8062880324543611,0.7976012888597172
1221,0.002871978096663952,1.0,0.8052738336713996,0.7977206277224178
1222,0.005302151665091515,1.0,0.8047667342799188,0.7988543469180739
1223,0.0034851906821131706,1.0,0.8037525354969574,0.7998687272510293
1224,0.009014973416924477,1.0,0.8062880324543611,0.8010024464466854
1225,0.003184621687978506,1.0,0.8042596348884381,0.8005847604272331
1226,0.0035636427346616983,1.0,0.802738336713996,0.7996897189569784
1227,0.006444666069000959,1.0,0.8052738336713996,0.7986156691926726
1228,0.006229919847100973,1.0,0.8052738336713996,0.7976609582910675
1229,0.007962292060256004,1.0,0.8057809330628803,0.7978399665851185
1230,0.006268996279686689,1.0,0.8057809330628803,0.7988543469180739
1231,0.006705321837216616,1.0,0.800709939148073,0.7949161644489529
1232,0.008112494833767414,1.0,0.8042596348884381,0.7962885613700101
1233,0.0023747882805764675,1.0,0.8067951318458418,0.7975416194283669
1234,0.0039255209267139435,1.0,0.8078093306288032,0.7991526940748255
1235,0.004264646675437689,1.0,0.808316430020284,0.8021958350736917
1236,0.002745465375483036,1.0,0.8103448275862069,0.8032698848379974
1237,0.009950360283255577,1.0,0.8108519269776876,0.8044036040336535
1238,0.00765124661847949,1.0,0.8098377281947262,0.8046422817590548
1239,0.010231923311948776,1.0,0.8103448275862069,0.8023151739363924
1240,0.005884955171495676,1.0,0.8073022312373225,0.7966465779581121
1241,0.010591487400233746,1.0,0.8052738336713996,0.7945581478608509
1242,0.010517220944166183,1.0,0.8012170385395537,0.7947968255862522
1243,0.004191085230559111,1.0,0.8042596348884381,0.7957515364878572
1244,0.006624163128435612,1.0,0.8067951318458418,0.798675338624023
1245,0.004268068820238113,1.0,0.8073022312373225,0.8024345127990931
1246,0.00401321379467845,1.0,0.8108519269776876,0.8018974879169402
1247,0.013900676742196083,1.0,0.8067951318458418,0.8004654215645325
1248,0.006469964049756527,1.0,0.8047667342799188,0.7981979831732203
1249,0.014407854527235031,1.0,0.8047667342799188,0.798317322035921
1250,0.005204855464398861,1.0,0.8037525354969574,0.8005847604272331
1251,0.0064378525130450726,1.0,0.8047667342799188,0.8034488931320485
1252,0.004726964980363846,1.0,0.8057809330628803,0.804284265170953
1253,0.008218965493142605,1.0,0.8067951318458418,0.8047019511904051
1254,0.0077913240529596806,1.0,0.8078093306288032,0.804284265170953
1255,0.008647531270980835,1.0,0.8057809330628803,0.8037472402888001
1256,0.0038812276907265186,1.0,0.8052738336713996,0.8021361656423415
1257,0.0027508498169481754,1.0,0.8062880324543611,0.79813831374187
1258,0.003788748988881707,1.0,0.802738336713996,0.7956321976251566
1259,0.012532168067991734,1.0,0.8078093306288032,0.8006444298585834
1260,0.004413804970681667,1.0,0.8073022312373225,0.8029715376812459
1261,0.0027402350679039955,1.0,0.8103448275862069,0.8015991407601886
1262,0.011891664005815983,1.0,0.8098377281947262,0.8015394713288382
1263,0.005559589713811874,1.0,0.8093306288032455,0.801300793603437
1264,0.006660624872893095,1.0,0.808316430020284,0.8008831075839847
1265,0.006483345292508602,1.0,0.8052738336713996,0.7991526940748255
1266,0.0026396838948130608,1.0,0.8047667342799188,0.7979593054478191
1267,0.008950632065534592,1.0,0.8047667342799188,0.7997493883883287
1268,0.006694797892123461,1.0,0.8093306288032455,0.8017184796228892
1269,0.005260527599602938,1.0,0.8118661257606491,0.8044632734650039
1270,0.005146237555891275,1.0,0.8154158215010142,0.8061936869741632
1271,0.016735080629587173,1.0,0.8133874239350912,0.8059550092487618
1272,0.004287500400096178,1.0,0.8113590263691683,0.8029715376812459
1273,0.004331665113568306,1.0,0.8093306288032455,0.8020168267796408
1274,0.005594851914793253,0.9989858012170385,0.8078093306288032,0.8007637687212841
1275,0.008721818216145039,1.0,0.8067951318458418,0.79998806611373
1276,0.0068565900437533855,1.0,0.808316430020284,0.8001670744077809
1277,0.004010281525552273,1.0,0.808316430020284,0.8010621158780357
1278,0.004457142204046249,1.0,0.8123732251521298,0.8021958350736917
1279,0.006912463344633579,1.0,0.8128803245436106,0.804284265170953
1280,0.009352882392704487,1.0,0.8128803245436106,0.803926248582851
1281,0.007752142380923033,1.0,0.8103448275862069,0.8027925293871949
1282,0.003887338098138571,1.0,0.8093306288032455,0.8027925293871949
1283,0.0066163563169538975,1.0,0.8093306288032455,0.8024941822304433
1284,0.0027107258792966604,1.0,0.808316430020284,0.8020764962109911
1285,0.004460722208023071,1.0,0.8073022312373225,0.8020764962109911
1286,0.004345446825027466,1.0,0.8062880324543611,0.8001074049764306
1287,0.002504336880519986,1.0,0.8032454361054767,0.7979593054478191
1288,0.0035279851872473955,1.0,0.8017241379310345,0.7945581478608509
1289,0.008081463165581226,1.0,0.8017241379310345,0.792708395488991
1290,0.004704658407717943,1.0,0.8022312373225152,0.7931857509397936
1291,0.002945433370769024,1.0,0.8012170385395537,0.7944388089981502
1292,0.005503026302903891,1.0,0.8042596348884381,0.7974819499970165
1293,0.005871625151485205,1.0,0.808316430020284,0.8015394713288382
1294,0.004017029423266649,1.0,0.808316430020284,0.8034488931320485
1295,0.009872362948954105,1.0,0.8052738336713996,0.8017184796228892
1296,0.0034251974429935217,1.0,0.8062880324543611,0.8014201324661376
1297,0.0028215234633535147,1.0,0.8057809330628803,0.799630049525628
1298,0.002668351400643587,1.0,0.8062880324543611,0.7993317023688764
1299,0.005848573055118322,1.0,0.8057809330628803,0.7986156691926726
1300,0.006691557355225086,1.0,0.8067951318458418,0.8008831075839847
1301,0.007110092788934708,1.0,0.8088235294117647,0.8033295542693478
1302,0.005234099458903074,1.0,0.8128803245436106,0.8030908765439465
1303,0.010913348756730556,1.0,0.8113590263691683,0.8036875708574497
1304,0.007668887730687857,1.0,0.8088235294117647,0.8007637687212841
1305,0.00408194912597537,1.0,0.802738336713996,0.7977802971537681
1306,0.004962512291967869,1.0,0.8017241379310345,0.7963482308013604
1307,0.005031374748796225,1.0,0.8032454361054767,0.7957515364878572
1308,0.005722270347177982,1.0,0.802738336713996,0.7973029417029656
1309,0.003272291738539934,1.0,0.8037525354969574,0.7991526940748255
1310,0.005087852943688631,1.0,0.8057809330628803,0.8001670744077809
1311,0.0027505734469741583,1.0,0.8047667342799188,0.8014798018974879
1312,0.005867305211722851,1.0,0.8088235294117647,0.8005847604272331
1313,0.003887181170284748,1.0,0.8088235294117647,0.799630049525628
1314,0.0045937178656458855,1.0,0.8088235294117647,0.7995703800942777
1315,0.007162569556385279,1.0,0.8067951318458418,0.7973029417029656
1316,0.010145485401153564,1.0,0.8078093306288032,0.7980786443105197
1317,0.0051948255859315395,1.0,0.8062880324543611,0.797004594546214
1318,0.005392849445343018,1.0,0.8037525354969574,0.7987350080553732
1319,0.0031118907500058413,1.0,0.8042596348884381,0.801121785309386
1320,0.002754111075773835,1.0,0.8032454361054767,0.8011814547407363
1321,0.003269748529419303,1.0,0.8042596348884381,0.8035682319947491
1322,0.004272477701306343,1.0,0.8057809330628803,0.8045826123277046
1323,0.009363386780023575,1.0,0.8062880324543611,0.8041649263082523
1324,0.005192210432142019,1.0,0.8062880324543611,0.8037472402888001
1325,0.006532405968755484,1.0,0.8032454361054767,0.7993913718002268
1326,0.003249881789088249,1.0,0.7971602434077079,0.7955725281938063
1327,0.008565912023186684,1.0,0.800709939148073,0.7978996360164687
1328,0.004714982118457556,1.0,0.8047667342799188,0.8008234381526345
1329,0.00954622682183981,1.0,0.8078093306288032,0.8030312071125962
1330,0.00300340773537755,1.0,0.8098377281947262,0.8060743481114625
1331,0.00478909257799387,1.0,0.8123732251521298,0.8066113729936154
1332,0.007222396787256002,1.0,0.8123732251521298,0.8060743481114625
1333,0.0056302729062736034,1.0,0.8123732251521298,0.8064323646995644
1334,0.004760875832289457,1.0,0.8098377281947262,0.803926248582851
1335,0.0029539691749960184,1.0,0.8052738336713996,0.802613521093144
1336,0.003347535617649555,1.0,0.800709939148073,0.8013604630347873
1337,0.0028936839662492275,1.0,0.7986815415821501,0.7992123635061757
1338,0.009076089598238468,1.0,0.7971602434077079,0.7991526940748255
1339,0.005857241805642843,1.0,0.7981744421906694,0.7988543469180739
1340,0.005808314774185419,1.0,0.8012170385395537,0.7999283966823796
1341,0.003973643761128187,1.0,0.8057809330628803,0.8021361656423415
1342,0.004000202752649784,1.0,0.8088235294117647,0.8027925293871949
1343,0.00603276863694191,1.0,0.8088235294117647,0.8028521988185453
1344,0.008784578181803226,1.0,0.8088235294117647,0.8018378184855899
1345,0.0020295290742069483,1.0,0.8042596348884381,0.8004057521331822
1346,0.004305708222091198,1.0,0.808316430020284,0.8017781490542395
1347,0.02083762176334858,1.0,0.8123732251521298,0.8024345127990931
1348,0.010892994701862335,1.0,0.8108519269776876,0.8024941822304433
1349,0.008767686784267426,1.0,0.8118661257606491,0.8031505459752969
1350,0.004509867634624243,1.0,0.8118661257606491,0.8035682319947491
1351,0.008439812809228897,1.0,0.8149087221095335,0.8041052568769019
1352,0.01210245955735445,1.0,0.8067951318458418,0.7993317023688764
1353,0.0050680069252848625,1.0,0.7971602434077079,0.7904409570976788
1354,0.010199328884482384,1.0,0.7971602434077079,0.7888895518825706
1355,0.013566217385232449,1.0,0.8057809330628803,0.7991526940748255
1356,0.0069848536513745785,1.0,0.8062880324543611,0.8038665791515007
1357,0.0036527374759316444,1.0,0.8118661257606491,0.8041649263082523
1358,0.002923112828284502,1.0,0.8078093306288032,0.8035085625633988
1359,0.01657789759337902,1.0,0.8073022312373225,0.8024941822304433
1360,0.00902936514467001,1.0,0.8012170385395537,0.8005847604272331
1361,0.0037699283566325903,1.0,0.8022312373225152,0.7961692225073095
1362,0.006768489722162485,1.0,0.7925963488843814,0.7922907094695387
1363,0.0072829523123800755,1.0,0.7920892494929006,0.7876961632555641
1364,0.011656062677502632,1.0,0.7941176470588235,0.79252938719494
1365,0.004312027245759964,1.0,0.8012170385395537,0.7974222805656662
1366,0.0034964480437338352,1.0,0.8022312373225152,0.8017781490542395
1367,0.003786312649026513,1.0,0.8073022312373225,0.8042245957396026
1368,0.003068821970373392,1.0,0.8078093306288032,0.8041649263082523
1369,0.007245541550219059,1.0,0.8067951318458418,0.8046422817590548
1370,0.004664309788495302,1.0,0.8073022312373225,0.8038665791515007
1371,0.0030643632635474205,1.0,0.8057809330628803,0.8029715376812459
1372,0.0034750569611787796,1.0,0.8017241379310345,0.8014798018974879
1373,0.003584724385291338,1.0,0.8022312373225152,0.801300793603437
1374,0.0038755317218601704,1.0,0.800709939148073,0.8008234381526345
1375,0.004516183864325285,1.0,0.7996957403651116,0.8004057521331822
1376,0.006061209831386805,1.0,0.800709939148073,0.7993317023688764
1377,0.0038291243836283684,1.0,0.800709939148073,0.7980786443105197
1378,0.006799660623073578,1.0,0.8012170385395537,0.7964079002327108
1379,0.010830986313521862,1.0,0.8032454361054767,0.800942777015335
1380,0.003724882612004876,1.0,0.8057809330628803,0.8024941822304433
1381,0.004037187434732914,1.0,0.8062880324543611,0.8027328599558446
1382,0.010540583170950413,1.0,0.8067951318458418,0.8038665791515007
1383,0.006471088621765375,1.0,0.8073022312373225,0.8014201324661376
1384,0.008518186397850513,1.0,0.8057809330628803,0.8002267438391312
1385,0.007947448641061783,1.0,0.8022312373225152,0.7983769914672714
1386,0.00608859583735466,1.0,0.802738336713996,0.7986156691926726
1387,0.006691687274724245,1.0,0.8022312373225152,0.7983769914672714
1388,0.003919042181223631,1.0,0.8017241379310345,0.7994510412315771
1389,0.005685804877430201,1.0,0.8032454361054767,0.8004057521331822
1390,0.007178280968219042,1.0,0.8042596348884381,0.7973626111343158
1391,0.0050930301658809185,1.0,0.7971602434077079,0.7923503789008891
1392,0.007930239662528038,1.0,0.7986815415821501,0.7922907094695387
1393,0.009511249139904976,1.0,0.8047667342799188,0.7965272390954115
1394,0.008488527499139309,1.0,0.8062880324543611,0.7986156691926726
1395,0.006430503912270069,1.0,0.8062880324543611,0.7988543469180739
1396,0.003851078450679779,1.0,0.8073022312373225,0.801300793603437
1397,0.005115625448524952,1.0,0.8073022312373225,0.8008234381526345
1398,0.010657533071935177,1.0,0.8057809330628803,0.799630049525628
1399,0.004644081462174654,1.0,0.8022312373225152,0.7977206277224178
1400,0.013339218683540821,1.0,0.8057809330628803,0.7998090578196789
1401,0.00824691541492939,1.0,0.8032454361054767,0.8007040992899338
1402,0.014345718547701836,1.0,0.8057809330628803,0.8016588101915388
1403,0.007665781304240227,1.0,0.8037525354969574,0.8001670744077809
1404,0.005503669381141663,1.0,0.8067951318458418,0.7995703800942777
1405,0.00769529165700078,1.0,0.8078093306288032,0.7978399665851185
1406,0.006167725659906864,1.0,0.8057809330628803,0.7965272390954115
1407,0.00540724815800786,1.0,0.8062880324543611,0.7959902142132586
1408,0.017567481845617294,1.0,0.8057809330628803,0.7974819499970165
1409,0.005520382430404425,1.0,0.8042596348884381,0.7984963303299719
1410,0.004305373411625624,1.0,0.8017241379310345,0.7974222805656662
1411,0.008214779198169708,1.0,0.8037525354969574,0.7969449251148637
1412,0.00703050009906292,1.0,0.802738336713996,0.7984366608986216
1413,0.010697061195969582,1.0,0.8062880324543611,0.7983769914672714
1414,0.006571274716407061,1.0,0.8052738336713996,0.7992123635061757
1415,0.004071513656526804,1.0,0.802738336713996,0.7963482308013604
1416,0.005609620828181505,1.0,0.802738336713996,0.7945581478608509
1417,0.0223244521766901,1.0,0.8062880324543611,0.7988543469180739
1418,0.0023695973213762045,1.0,0.8062880324543611,0.7996897189569784
1419,0.004643176216632128,1.0,0.8017241379310345,0.7992123635061757
1420,0.011500540189445019,1.0,0.8002028397565923,0.7993317023688764
1421,0.0059356349520385265,1.0,0.8037525354969574,0.8015394713288382
1422,0.006894491612911224,1.0,0.8073022312373225,0.8021958350736917
1423,0.0031079468317329884,1.0,0.8128803245436106,0.8036279014260994
1424,0.004550110548734665,1.0,0.8108519269776876,0.8023748433677427
1425,0.010479849763214588,1.0,0.8118661257606491,0.802255504505042
1426,0.008498859591782093,1.0,0.8078093306288032,0.8012411241720866
1427,0.008444580249488354,1.0,0.8057809330628803,0.7995703800942777
1428,0.0024412190541625023,1.0,0.8002028397565923,0.7972432722716153
1429,0.00488991430029273,1.0,0.7971602434077079,0.7949161644489529
1430,0.013388439081609249,1.0,0.8017241379310345,0.7994510412315771
1431,0.00623129028826952,1.0,0.808316430020284,0.8041052568769019
1432,0.007176865823566914,1.0,0.8088235294117647,0.8054179843666089
1433,0.005490292329341173,1.0,0.8103448275862069,0.8043439346023032
1434,0.004970625974237919,1.0,0.8133874239350912,0.8040455874455517
1435,0.006524126511067152,1.0,0.808316430020284,0.8024345127990931
1436,0.004965238738805056,1.0,0.802738336713996,0.7980189748791694
1437,0.007539111655205488,1.0,0.8022312373225152,0.7971239334089146
1438,0.0033647159580141306,1.0,0.8037525354969574,0.7980786443105197
1439,0.0031886110082268715,1.0,0.8052738336713996,0.7994510412315771
1440,0.009331153705716133,1.0,0.8062880324543611,0.8008234381526345
1441,0.003989275544881821,1.0,0.808316430020284,0.8020764962109911
1442,0.003109796904027462,1.0,0.8093306288032455,0.8031505459752969
1443,0.009821361862123013,1.0,0.808316430020284,0.8037472402888001
1444,0.002151064109057188,1.0,0.8103448275862069,0.8042245957396026
1445,0.005783888977020979,1.0,0.8098377281947262,0.8040455874455517
1446,0.004116344731301069,1.0,0.8103448275862069,0.8032698848379974
1447,0.002216638997197151,1.0,0.8078093306288032,0.8021958350736917
1448,0.00391999538987875,1.0,0.8047667342799188,0.8002864132704816
1449,0.003673981176689267,1.0,0.8022312373225152,0.7980189748791694
1450,0.0037261235993355513,1.0,0.800709939148073,0.7971239334089146
1451,0.008219137787818909,1.0,0.8067951318458418,0.8003460827018318
1452,0.004346819594502449,1.0,0.8123732251521298,0.8032102154066472
1453,0.004135092254728079,1.0,0.8108519269776876,0.8037472402888001
1454,0.003882459830492735,1.0,0.8118661257606491,0.8036875708574497
1455,0.003102114424109459,1.0,0.8108519269776876,0.8029118682498956
1456,0.008175332099199295,1.0,0.8113590263691683,0.8035085625633988
1457,0.0015622216742485762,1.0,0.8113590263691683,0.8029715376812459
1458,0.0034713700879365206,1.0,0.8088235294117647,0.8023748433677427
1459,0.0022111248690634966,1.0,0.8088235294117647,0.8004057521331822
1460,0.0017287344671785831,1.0,0.8093306288032455,0.7998687272510293
1461,0.0034531925339251757,1.0,0.8062880324543611,0.7980786443105197
1462,0.0031660727690905333,1.0,0.8067951318458418,0.7977206277224178
1463,0.0031389109790325165,1.0,0.8093306288032455,0.7982576526045707
1464,0.008014644496142864,1.0,0.8088235294117647,0.7996897189569784
1465,0.004281692206859589,1.0,0.8062880324543611,0.8007637687212841
1466,0.005274434108287096,1.0,0.808316430020284,0.8020168267796408
1467,0.003554054070264101,1.0,0.8067951318458418,0.8023151739363924
1468,0.004129491746425629,1.0,0.8078093306288032,0.802255504505042
1469,0.00274589192122221,1.0,0.8093306288032455,0.8027328599558446
1470,0.009777568280696869,1.0,0.8073022312373225,0.8033892237006981
1471,0.007682181894779205,1.0,0.8088235294117647,0.8021958350736917
1472,0.003585978876799345,1.0,0.8088235294117647,0.8015394713288382
1473,0.004411084111779928,1.0,0.8098377281947262,0.800942777015335
1474,0.005179001018404961,1.0,0.8073022312373225,0.801300793603437
1475,0.0031718434765934944,1.0,0.8073022312373225,0.8012411241720866
1476,0.004133653827011585,1.0,0.8088235294117647,0.8017184796228892
1477,0.002704265993088484,1.0,0.808316430020284,0.8015394713288382
1478,0.004385767504572868,1.0,0.8078093306288032,0.8005250909958828
1479,0.0041885897517204285,1.0,0.8073022312373225,0.7993913718002268
1480,0.004027626011520624,1.0,0.8062880324543611,0.7973626111343158
1481,0.0051209814846515656,1.0,0.8037525354969574,0.7967062473894624
1482,0.004678336903452873,1.0,0.802738336713996,0.7965272390954115
1483,0.00432514026761055,1.0,0.8042596348884381,0.7971836028402649
1484,0.008967204950749874,1.0,0.8103448275862069,0.8032698848379974
1485,0.004281613044440746,1.0,0.8128803245436106,0.8045826123277046
1486,0.009277102537453175,1.0,0.8128803245436106,0.8061340175428128
1487,0.011564057320356369,1.0,0.8108519269776876,0.8067903812876663
1488,0.007318558171391487,1.0,0.813894523326572,0.8063726952682141
1489,0.0027714059688150883,1.0,0.8088235294117647,0.8044036040336535
1490,0.01078110747039318,1.0,0.808316430020284,0.8033892237006981
1491,0.004688165616244078,1.0,0.8093306288032455,0.8030908765439465
1492,0.008039711974561214,1.0,0.813894523326572,0.8035682319947491
1493,0.005932922940701246,1.0,0.8108519269776876,0.8054179843666089
1494,0.004712136462330818,1.0,0.8098377281947262,0.805238976072558
1495,0.00519777275621891,1.0,0.8088235294117647,0.8053583149352587
1496,0.006197180598974228,1.0,0.8093306288032455,0.803926248582851
1497,0.006374742835760117,1.0,0.8093306288032455,0.8038665791515007
1498,0.003049431601539254,1.0,0.8088235294117647,0.8020168267796408
1499,0.004192067310214043,1.0,0.8067951318458418,0.8002864132704816
1500,0.00923007819801569,1.0,0.8022312373225152,0.7976012888597172
1501,0.0024705741088837385,1.0,0.8002028397565923,0.7955725281938063
1502,0.006934089586138725,1.0,0.7996957403651116,0.7949758338803031
1503,0.010060484521090984,1.0,0.7996957403651116,0.796825586252163
1504,0.0018344385316595435,1.0,0.8017241379310345,0.7990333552121248
1505,0.005641502793878317,1.0,0.8073022312373225,0.8012411241720866
1506,0.0023408883716911077,1.0,0.8098377281947262,0.8030908765439465
1507,0.003564839717000723,1.0,0.8103448275862069,0.8031505459752969
1508,0.005644116085022688,1.0,0.8098377281947262,0.802613521093144
1509,0.005362457595765591,1.0,0.8093306288032455,0.8033295542693478
1510,0.0028590962756425142,1.0,0.8093306288032455,0.8029118682498956
1511,0.0035743361804634333,1.0,0.8078093306288032,0.801121785309386
1512,0.003947074059396982,1.0,0.8037525354969574,0.7984963303299719
1513,0.0035343971103429794,1.0,0.8022312373225152,0.7969449251148637
1514,0.009444687515497208,1.0,0.7986815415821501,0.7967062473894624
1515,0.0034913362469524145,1.0,0.7996957403651116,0.7961692225073095
1516,0.003676790278404951,1.0,0.7986815415821501,0.7968852556835133
1517,0.009206023067235947,1.0,0.8032454361054767,0.7992720329375261
1518,0.0061171031557023525,1.0,0.802738336713996,0.7993317023688764
1519,0.008204079233109951,1.0,0.8108519269776876,0.8010024464466854
1520,0.00639996025711298,1.0,0.8118661257606491,0.8021958350736917
1521,0.004375816788524389,1.0,0.8133874239350912,0.8039859180142013
1522,0.0018104377668350935,1.0,0.8128803245436106,0.8051793066412077
1523,0.0034977684263139963,1.0,0.813894523326572,0.8048212900531058
1524,0.0054428307339549065,1.0,0.815922920892495,0.8051196372098574
1525,0.00431571202352643,1.0,0.813894523326572,0.8051793066412077
1526,0.003460144391283393,1.0,0.8123732251521298,0.8037472402888001
1527,0.004769822116941214,1.0,0.8088235294117647,0.802613521093144
1528,0.0032129117753356695,1.0,0.8047667342799188,0.7998687272510293
1529,0.0044574434868991375,1.0,0.8002028397565923,0.7975416194283669
1530,0.004322273191064596,1.0,0.7976673427991886,0.7973029417029656
1531,0.003106767311692238,1.0,0.7991886409736308,0.7978996360164687
1532,0.0022694962099194527,1.0,0.7996957403651116,0.7985559997613223
1533,0.003627537516877055,1.0,0.8017241379310345,0.8001670744077809
1534,0.009700901806354523,1.0,0.8052738336713996,0.7996897189569784
1535,0.00811033882200718,1.0,0.8078093306288032,0.7998090578196789
1536,0.0025074316654354334,1.0,0.8042596348884381,0.7997493883883287
1537,0.006204717792570591,1.0,0.8037525354969574,0.8001670744077809
1538,0.004952624905854464,1.0,0.802738336713996,0.7993913718002268
1539,0.0028133175801485777,1.0,0.8017241379310345,0.7993317023688764
1540,0.0030276163015514612,1.0,0.802738336713996,0.7982576526045707
1541,0.0034144502133131027,1.0,0.7986815415821501,0.7943194701354496
1542,0.00908907875418663,1.0,0.7986815415821501,0.7933050898024941
1543,0.005977269262075424,1.0,0.8037525354969574,0.7957515364878572
1544,0.004760230891406536,1.0,0.8093306288032455,0.7995107106629273
1545,0.004179361276328564,1.0,0.8098377281947262,0.8021361656423415
1546,0.0025084575172513723,1.0,0.8093306288032455,0.8032698848379974
1547,0.005345095414668322,1.0,0.8103448275862069,0.8029715376812459
1548,0.0028781648725271225,1.0,0.8093306288032455,0.8020764962109911
1549,0.0022312405053526163,1.0,0.8098377281947262,0.801300793603437
1550,0.0035987249575555325,1.0,0.808316430020284,0.7997493883883287
1551,0.004173751920461655,1.0,0.8057809330628803,0.7981979831732203
1552,0.0014962473651394248,1.0,0.8047667342799188,0.7970642639775642
1553,0.011645980179309845,1.0,0.8078093306288032,0.798675338624023
1554,0.002049736911430955,1.0,0.8078093306288032,0.8000477355450802
1555,0.003330634208396077,1.0,0.8093306288032455,0.79998806611373
1556,0.0073883747681975365,1.0,0.8093306288032455,0.8021958350736917
1557,0.0036346507258713245,1.0,0.8062880324543611,0.8017781490542395
1558,0.002894545439630747,1.0,0.8067951318458418,0.8017781490542395
1559,0.002597734797745943,1.0,0.808316430020284,0.8020764962109911
1560,0.005802453029900789,1.0,0.8052738336713996,0.8010024464466854
1561,0.006857425905764103,1.0,0.8052738336713996,0.8013604630347873
1562,0.004342257976531982,1.0,0.8073022312373225,0.801121785309386
1563,0.0032123802229762077,1.0,0.8103448275862069,0.8017184796228892
1564,0.0035171278286725283,1.0,0.8144016227180527,0.8006444298585834
1565,0.004831289406865835,1.0,0.813894523326572,0.8023151739363924
1566,0.008838620036840439,1.0,0.8093306288032455,0.8026731905244943
1567,0.00766523415222764,1.0,0.808316430020284,0.8019571573482904
1568,0.0036079473793506622,1.0,0.808316430020284,0.8012411241720866
1569,0.0028268236201256514,1.0,0.8073022312373225,0.8017184796228892
1570,0.0034517780877649784,1.0,0.8078093306288032,0.8017184796228892
1571,0.005146820563822985,1.0,0.8088235294117647,0.8020764962109911
1572,0.009857971221208572,1.0,0.8118661257606491,0.8035085625633988
1573,0.0040271407924592495,1.0,0.8108519269776876,0.8027925293871949
1574,0.009593959897756577,1.0,0.8078093306288032,0.801121785309386
1575,0.0024018490221351385,1.0,0.802738336713996,0.7990333552121248
1576,0.004006450064480305,1.0,0.8017241379310345,0.7969449251148637
1577,0.006787381134927273,1.0,0.8012170385395537,0.7961692225073095
1578,0.004975673742592335,1.0,0.8012170385395537,0.7965272390954115
1579,0.005692757666110992,1.0,0.8017241379310345,0.7973029417029656
1580,0.005378399044275284,1.0,0.8032454361054767,0.7988543469180739
1581,0.003861698554828763,1.0,0.802738336713996,0.7988543469180739
1582,0.0042262086644768715,1.0,0.8062880324543611,0.7992720329375261
1583,0.007063498254865408,1.0,0.8047667342799188,0.799630049525628
1584,0.007738628424704075,1.0,0.800709939148073,0.7981979831732203
1585,0.004267206881195307,1.0,0.7986815415821501,0.797004594546214
1586,0.004660354927182198,1.0,0.7961460446247465,0.7950951727430038
1587,0.006221827119588852,1.0,0.7986815415821501,0.7972432722716153
1588,0.006401895545423031,1.0,0.7996957403651116,0.8000477355450802
1589,0.007116678636521101,1.0,0.802738336713996,0.8015991407601886
1590,0.008512279018759727,1.0,0.8103448275862069,0.8033892237006981
1591,0.008480556309223175,1.0,0.8098377281947262,0.8039859180142013
1592,0.010675428435206413,1.0,0.8052738336713996,0.8041052568769019
1593,0.00655879033729434,1.0,0.8062880324543611,0.8013604630347873
1594,0.018264861777424812,1.0,0.8067951318458418,0.8015394713288382
1595,0.00721518462523818,1.0,0.7986815415821501,0.7992720329375261
1596,0.00212905858643353,1.0,0.7961460446247465,0.7971836028402649
1597,0.003927120007574558,1.0,0.795131845841785,0.7936631063905961
1598,0.005533289629966021,1.0,0.7941176470588235,0.7924697177635898
1599,0.012590411119163036,1.0,0.7971602434077079,0.7946178172922012
1600,0.005056059919297695,1.0,0.800709939148073,0.7967062473894624
1601,0.0027576007414609194,1.0,0.8067951318458418,0.795691867056507
1602,0.003897032467648387,1.0,0.8052738336713996,0.7950355033116534
1603,0.02014016918838024,1.0,0.8037525354969574,0.7987350080553732
1604,0.013908430933952332,1.0,0.8012170385395537,0.7963482308013604
1605,0.003095156280323863,0.9989858012170385,0.7966531440162272,0.7921713706068381
1606,0.004005774389952421,0.9989858012170385,0.7900608519269777,0.7878751715496152
1607,0.021858640015125275,0.9989858012170385,0.7936105476673428,0.791216659705233
1608,0.02114560641348362,1.0,0.7991886409736308,0.7971239334089146
1609,0.007763197645545006,1.0,0.8108519269776876,0.8015394713288382
1610,0.021670443937182426,1.0,0.8103448275862069,0.8010024464466854
1611,0.00824922788888216,1.0,0.8067951318458418,0.802613521093144
1612,0.007883531041443348,1.0,0.8098377281947262,0.8017184796228892
1613,0.004879109561443329,1.0,0.808316430020284,0.8013604630347873
1614,0.003746057627722621,1.0,0.8052738336713996,0.8004057521331822
1615,0.004276431165635586,1.0,0.802738336713996,0.7993317023688764
1616,0.007914016954600811,1.0,0.8022312373225152,0.7975416194283669
1617,0.00544880423694849,1.0,0.800709939148073,0.7958112059192076
1618,0.010477690026164055,1.0,0.7991886409736308,0.7954531893311056
1619,0.011071021668612957,1.0,0.802738336713996,0.7981979831732203
1620,0.003517026547342539,1.0,0.802738336713996,0.7997493883883287
1621,0.008764502592384815,1.0,0.8073022312373225,0.800942777015335
1622,0.006172854453325272,1.0,0.8103448275862069,0.8018974879169402
1623,0.006506033707410097,1.0,0.8113590263691683,0.8023748433677427
1624,0.012387500144541264,1.0,0.8098377281947262,0.8018974879169402
1625,0.003594521898776293,1.0,0.8012170385395537,0.8006444298585834
1626,0.005567368119955063,1.0,0.8037525354969574,0.7978996360164687
1627,0.004274842329323292,1.0,0.800709939148073,0.7943194701354496
1628,0.004024422727525234,1.0,0.8002028397565923,0.7926487260576407
1629,0.004045957699418068,1.0,0.8002028397565923,0.7924100483322394
1630,0.006287878379225731,1.0,0.7996957403651116,0.7932454203711439
1631,0.01172670815140009,1.0,0.8032454361054767,0.7969449251148637
1632,0.006592644844204187,1.0,0.8073022312373225,0.7996897189569784
1633,0.0070562767796218395,1.0,0.8052738336713996,0.8015394713288382
1634,0.005486929323524237,1.0,0.8037525354969574,0.8017184796228892
1635,0.012000962160527706,1.0,0.8057809330628803,0.8019571573482904
1636,0.010557862929999828,1.0,0.8073022312373225,0.8007040992899338
1637,0.0026649103965610266,1.0,0.8002028397565923,0.792708395488991
1638,0.010448834858834743,1.0,0.8012170385395537,0.7922907094695387
1639,0.004183347336947918,1.0,0.8017241379310345,0.7935437675278955
1640,0.0036037296522408724,1.0,0.8062880324543611,0.798317322035921
1641,0.0026275247801095247,1.0,0.8057809330628803,0.8001670744077809
1642,0.00477509293705225,1.0,0.8057809330628803,0.8021958350736917
1643,0.0035404255613684654,1.0,0.8062880324543611,0.8025538516617937
1644,0.006456960458308458,1.0,0.8073022312373225,0.8030908765439465
1645,0.008190253749489784,1.0,0.8057809330628803,0.802613521093144
1646,0.003931497689336538,1.0,0.8052738336713996,0.800942777015335
1647,0.004323701839894056,1.0,0.8032454361054767,0.7985559997613223
1648,0.002528488403186202,1.0,0.8037525354969574,0.7969449251148637
1649,0.003116917796432972,1.0,0.8042596348884381,0.7969449251148637
1650,0.005160907749086618,1.0,0.8012170385395537,0.79813831374187
1651,0.005377784371376038,1.0,0.802738336713996,0.8002864132704816
1652,0.0025027054361999035,1.0,0.8047667342799188,0.8004654215645325
1653,0.002484478522092104,1.0,0.8067951318458418,0.8010621158780357
1654,0.003490258939564228,1.0,0.8062880324543611,0.8014798018974879
1655,0.010407253168523312,1.0,0.8037525354969574,0.8001074049764306
1656,0.0028744975570589304,1.0,0.8037525354969574,0.7998090578196789
1657,0.0018131935503333807,1.0,0.8032454361054767,0.7977802971537681
1658,0.0022516739554703236,1.0,0.8012170385395537,0.7945581478608509
1659,0.007317516021430492,1.0,0.802738336713996,0.7973029417029656
1660,0.0018793803174048662,1.0,0.8032454361054767,0.7987946774867235
1661,0.0025554413441568613,1.0,0.8042596348884381,0.8020168267796408
1662,0.0018964441260322928,1.0,0.802738336713996,0.8015394713288382
1663,0.007166073191910982,1.0,0.8047667342799188,0.8024345127990931
1664,0.00945083424448967,1.0,0.8057809330628803,0.8015394713288382
1665,0.006435811053961515,1.0,0.8047667342799188,0.8005250909958828
1666,0.008735179901123047,1.0,0.7956389452332657,0.7949161644489529
1667,0.00788146909326315,1.0,0.7946247464503042,0.7911569902738826
1668,0.0042209927923977375,1.0,0.8012170385395537,0.7931857509397936
1669,0.005593258421868086,1.0,0.8113590263691683,0.8008831075839847
1670,0.0024218608159571886,1.0,0.8113590263691683,0.8045826123277046
1671,0.00460954150184989,1.0,0.8123732251521298,0.8038069097201503
1672,0.019510818645358086,1.0,0.8144016227180527,0.8051793066412077
1673,0.008182636462152004,1.0,0.8108519269776876,0.8045826123277046
1674,0.008617274463176727,1.0,0.8047667342799188,0.8038665791515007
1675,0.0040184189565479755,1.0,0.8067951318458418,0.799630049525628
1676,0.006212844047695398,1.0,0.8042596348884381,0.7975416194283669
1677,0.006052366923540831,1.0,0.8067951318458418,0.7983769914672714
1678,0.011809960007667542,1.0,0.8057809330628803,0.8008234381526345
1679,0.004105104133486748,1.0,0.8037525354969574,0.8026731905244943
1680,0.003223305568099022,1.0,0.8037525354969574,0.8024941822304433
1681,0.004855544771999121,1.0,0.8042596348884381,0.802255504505042
1682,0.006141244899481535,1.0,0.8002028397565923,0.8018378184855899
1683,0.004627368412911892,1.0,0.802738336713996,0.8017184796228892
1684,0.0030966629274189472,1.0,0.8032454361054767,0.7999283966823796
1685,0.013202318921685219,1.0,0.8042596348884381,0.7991526940748255
1686,0.005281091667711735,1.0,0.8037525354969574,0.8010024464466854
1687,0.0042708138935267925,1.0,0.8047667342799188,0.8012411241720866
1688,0.006803437136113644,1.0,0.8088235294117647,0.8047019511904051
1689,0.004524981137365103,1.0,0.8123732251521298,0.8072677367384689
1690,0.0036079022102057934,1.0,0.8118661257606491,0.807864431051972
1691,0.007326659746468067,1.0,0.8098377281947262,0.8073274061698192
1692,0.012125800363719463,1.0,0.8057809330628803,0.8017184796228892
1693,0.005708013195544481,1.0,0.7976673427991886,0.7953935198997554
1694,0.004774775356054306,1.0,0.7936105476673428,0.79252938719494
1695,0.006510646548122168,1.0,0.7961460446247465,0.7949161644489529
1696,0.007395078428089619,1.0,0.8057809330628803,0.7994510412315771
1697,0.004159880336374044,1.0,0.8037525354969574,0.8039859180142013
1698,0.009206832386553288,1.0,0.8118661257606491,0.8060743481114625
1699,0.003260213416069746,1.0,0.813894523326572,0.8070290590130677
1700,0.019763588905334473,1.0,0.8103448275862069,0.8064323646995644
1701,0.0051328944973647594,1.0,0.8022312373225152,0.8052986455039084
1702,0.0025065462104976177,1.0,0.8017241379310345,0.8027925293871949
1703,0.006544934120029211,1.0,0.7991886409736308,0.8023748433677427
1704,0.004142357036471367,1.0,0.800709939148073,0.801121785309386
1705,0.005521823652088642,1.0,0.8042596348884381,0.8007040992899338
1706,0.014352988451719284,1.0,0.8042596348884381,0.8029715376812459
1707,0.008716641925275326,1.0,0.8057809330628803,0.8054776537979593
1708,0.0031313307117670774,1.0,0.8078093306288032,0.8055373232293096
1709,0.006380697712302208,1.0,0.8098377281947262,0.8062533564055134
1710,0.01150484662503004,1.0,0.8088235294117647,0.8060743481114625
1711,0.0034850770607590675,1.0,0.8108519269776876,0.8029118682498956
1712,0.004522639326751232,1.0,0.8078093306288032,0.8001074049764306
1713,0.003454450983554125,1.0,0.8032454361054767,0.7974222805656662
1714,0.007351914886385202,1.0,0.8093306288032455,0.7993317023688764
1715,0.006701088510453701,1.0,0.8108519269776876,0.8034488931320485
1716,0.012388174422085285,1.0,0.8062880324543611,0.8033892237006981
1717,0.005624683573842049,1.0,0.8073022312373225,0.8012411241720866
1718,0.005669149104505777,1.0,0.8037525354969574,0.8017781490542395
1719,0.005418875254690647,1.0,0.8042596348884381,0.8011814547407363
1720,0.005884791258722544,1.0,0.802738336713996,0.8004654215645325
1721,0.00690761161968112,1.0,0.802738336713996,0.801121785309386
1722,0.004467173479497433,1.0,0.8057809330628803,0.8001074049764306
1723,0.007923517376184464,1.0,0.7996957403651116,0.7949161644489529
1724,0.007033201865851879,1.0,0.7991886409736308,0.7917536845873859
1725,0.014482126571238041,1.0,0.8042596348884381,0.8014201324661376
1726,0.0051439059898257256,1.0,0.8103448275862069,0.8026731905244943
1727,0.003424401395022869,1.0,0.8113590263691683,0.8036875708574497
1728,0.015401867218315601,1.0,0.8123732251521298,0.8042245957396026
1729,0.007511629723012447,1.0,0.8062880324543611,0.8042245957396026
1730,0.003787555731832981,1.0,0.8062880324543611,0.8043439346023032
1731,0.004680858459323645,1.0,0.808316430020284,0.8045826123277046
1732,0.002486503915861249,1.0,0.808316430020284,0.8035682319947491
1733,0.005990087985992432,1.0,0.8108519269776876,0.8036875708574497
1734,0.0030395882204174995,1.0,0.8103448275862069,0.8027328599558446
1735,0.012354288250207901,1.0,0.8118661257606491,0.8014798018974879
1736,0.012879623100161552,1.0,0.8103448275862069,0.802613521093144
1737,0.003780843922868371,1.0,0.8057809330628803,0.8028521988185453
1738,0.008933446370065212,1.0,0.802738336713996,0.8014798018974879
1739,0.0049119917675852776,1.0,0.8002028397565923,0.7995703800942777
1740,0.008804294280707836,1.0,0.8032454361054767,0.8008234381526345
1741,0.027165232226252556,1.0,0.8088235294117647,0.8032102154066472
1742,0.014427606016397476,1.0,0.813894523326572,0.8004057521331822
1743,0.004815164487808943,1.0,0.8052738336713996,0.793842114684647
1744,0.014475156553089619,1.0,0.8042596348884381,0.7918133540187362
1745,0.010608040727674961,1.0,0.8022312373225152,0.7947371561549018
1746,0.008509678766131401,1.0,0.8052738336713996,0.7978399665851185
1747,0.0036459004040807486,1.0,0.800709939148073,0.7987946774867235
1748,0.008537865243852139,1.0,0.7996957403651116,0.7982576526045707
1749,0.02018473483622074,1.0,0.8037525354969574,0.8008831075839847
1750,0.008282801136374474,1.0,0.8078093306288032,0.8038069097201503
1751,0.0042524030432105064,1.0,0.8103448275862069,0.8040455874455517
1752,0.0038768688682466745,1.0,0.8108519269776876,0.7996897189569784
1753,0.00307265343144536,1.0,0.8022312373225152,0.7959305447819083
1754,0.009312482550740242,1.0,0.8052738336713996,0.7976012888597172
1755,0.013060218654572964,1.0,0.8093306288032455,0.802255504505042
1756,0.0036262907087802887,1.0,0.8057809330628803,0.8031505459752969
1757,0.009810272604227066,1.0,0.802738336713996,0.8013604630347873
1758,0.0027898249682039022,1.0,0.8032454361054767,0.800942777015335
1759,0.00486218323931098,1.0,0.8037525354969574,0.8003460827018318
1760,0.003050427418202162,1.0,0.8037525354969574,0.8006444298585834
1761,0.003493925090879202,1.0,0.8037525354969574,0.8007637687212841
1762,0.0168816726654768,1.0,0.7996957403651116,0.79998806611373
1763,0.0035743718035519123,1.0,0.7991886409736308,0.7987946774867235
1764,0.0023262137547135353,1.0,0.7976673427991886,0.7968852556835133
1765,0.004807886201888323,1.0,0.8012170385395537,0.7976012888597172
1766,0.00810976605862379,1.0,0.8047667342799188,0.7989736857807745
1767,0.006166622508317232,1.0,0.8052738336713996,0.8017184796228892
1768,0.004706435836851597,1.0,0.802738336713996,0.8035682319947491
1769,0.0027874091174453497,1.0,0.8032454361054767,0.8043439346023032
1770,0.004013069439679384,1.0,0.8022312373225152,0.8051196372098574
1771,0.005362572148442268,1.0,0.8037525354969574,0.8044632734650039
1772,0.0036736810579895973,1.0,0.800709939148073,0.8033892237006981
1773,0.005631510633975267,1.0,0.8002028397565923,0.802255504505042
1774,0.0028056297451257706,1.0,0.8032454361054767,0.8006444298585834
1775,0.0034489152021706104,1.0,0.8032454361054767,0.7991526940748255
1776,0.00617168378084898,1.0,0.8017241379310345,0.7999283966823796
1777,0.003342266194522381,1.0,0.7996957403651116,0.79813831374187
1778,0.005651088897138834,1.0,0.8002028397565923,0.7989140163494242
1779,0.005837624426931143,1.0,0.8012170385395537,0.8010024464466854
1780,0.006235567387193441,1.0,0.8057809330628803,0.8017781490542395
1781,0.0032649016939103603,1.0,0.8052738336713996,0.8018974879169402
1782,0.005341608077287674,1.0,0.8062880324543611,0.8027328599558446
1783,0.003043546574190259,1.0,0.8047667342799188,0.8026731905244943
1784,0.002088402397930622,1.0,0.8037525354969574,0.8025538516617937
1785,0.00570892496034503,1.0,0.8047667342799188,0.8038665791515007
1786,0.009584815241396427,1.0,0.8017241379310345,0.8012411241720866
1787,0.005481414496898651,1.0,0.7996957403651116,0.7989736857807745
1788,0.015543178655207157,1.0,0.8022312373225152,0.7984366608986216
1789,0.0031433694530278444,1.0,0.8037525354969574,0.8001670744077809
1790,0.0024513229727745056,1.0,0.802738336713996,0.8020168267796408
1791,0.004524483345448971,1.0,0.8032454361054767,0.8024345127990931
1792,0.0025636570062488317,1.0,0.8057809330628803,0.8015991407601886
1793,0.007597198709845543,1.0,0.8067951318458418,0.8019571573482904
1794,0.004878445528447628,1.0,0.8067951318458418,0.8035682319947491
1795,0.007984834723174572,1.0,0.802738336713996,0.8005847604272331
1796,0.0031038038432598114,1.0,0.7956389452332657,0.797004594546214
1797,0.0065431855618953705,1.0,0.7976673427991886,0.7931857509397936
1798,0.005992659833282232,1.0,0.7971602434077079,0.7936034369592457
1799,0.00846011284738779,1.0,0.8012170385395537,0.7989140163494242
1800,0.004710339475423098,1.0,0.800709939148073,0.8023151739363924
1801,0.006841255351901054,1.0,0.8052738336713996,0.8052986455039084
1802,0.0053087943233549595,1.0,0.8052738336713996,0.8062533564055134
1803,0.023723289370536804,1.0,0.802738336713996,0.8027925293871949
1804,0.010964778251945972,1.0,0.7961460446247465,0.7949758338803031
1805,0.009873972274363041,1.0,0.7910750507099391,0.7893072379020228
1806,0.01249675452709198,1.0,0.7956389452332657,0.7918133540187362
1807,0.008044429123401642,1.0,0.7996957403651116,0.7955725281938063
1808,0.007372891064733267,1.0,0.7996957403651116,0.7984366608986216
1809,0.0034264561254531145,1.0,0.8022312373225152,0.7997493883883287
1810,0.009181496687233448,1.0,0.802738336713996,0.8008234381526345
1811,0.005126735661178827,1.0,0.8017241379310345,0.8008831075839847
1812,0.00448530912399292,1.0,0.8032454361054767,0.802255504505042
1813,0.003028635634109378,1.0,0.8057809330628803,0.8025538516617937
1814,0.004294855985790491,1.0,0.8062880324543611,0.8029118682498956
1815,0.005437745712697506,1.0,0.8042596348884381,0.8027328599558446
1816,0.0024081950541585684,1.0,0.8022312373225152,0.8024345127990931
1817,0.0030874309595674276,1.0,0.800709939148073,0.8025538516617937
1818,0.004131178837269545,1.0,0.8012170385395537,0.8018974879169402
1819,0.005938468500971794,1.0,0.8012170385395537,0.8011814547407363
1820,0.005282687488943338,1.0,0.8012170385395537,0.79998806611373
1821,0.007281451486051083,1.0,0.7946247464503042,0.7939614535473477
1822,0.004328964278101921,1.0,0.7936105476673428,0.788233188137717
1823,0.011504312977194786,1.0,0.7966531440162272,0.7919326928814369
1824,0.010781322605907917,1.0,0.8012170385395537,0.7977802971537681
1825,0.0035806994419544935,1.0,0.7986815415821501,0.8002267438391312
1826,0.0024825737345963717,1.0,0.7991886409736308,0.8011814547407363
1827,0.005435209255665541,1.0,0.8032454361054767,0.801121785309386
1828,0.007023966871201992,1.0,0.8037525354969574,0.8025538516617937
1829,0.007623637560755014,1.0,0.8037525354969574,0.8027925293871949
1830,0.004145857412368059,1.0,0.800709939148073,0.8004654215645325
1831,0.0029732557013630867,1.0,0.7986815415821501,0.7959902142132586
1832,0.004103455692529678,1.0,0.7946247464503042,0.790858643117131
1833,0.004589830990880728,1.0,0.7956389452332657,0.790082940509577
1834,0.006059510167688131,1.0,0.795131845841785,0.7910973208425324
1835,0.007403098046779633,1.0,0.8022312373225152,0.7970642639775642
1836,0.003438156796619296,1.0,0.8057809330628803,0.801300793603437
1837,0.00893924105912447,1.0,0.8032454361054767,0.8042245957396026
1838,0.004444869700819254,1.0,0.8062880324543611,0.8046422817590548
1839,0.011683810502290726,1.0,0.8103448275862069,0.8056566620920103
1840,0.004350044298917055,1.0,0.8098377281947262,0.8054179843666089
1841,0.0017225431511178613,1.0,0.8123732251521298,0.8036279014260994
1842,0.0023915122728794813,1.0,0.8118661257606491,0.8002864132704816
1843,0.0035977642983198166,1.0,0.8078093306288032,0.7977802971537681
1844,0.004436841234564781,1.0,0.8052738336713996,0.798675338624023
1845,0.008027869276702404,1.0,0.8067951318458418,0.7990333552121248
1846,0.006671514827758074,1.0,0.8037525354969574,0.8043439346023032
1847,0.0016153823817148805,1.0,0.8062880324543611,0.8055373232293096
1848,0.006046927534043789,1.0,0.8057809330628803,0.8061340175428128
1849,0.006797497626394033,1.0,0.8067951318458418,0.8058953398174116
1850,0.004307895433157682,1.0,0.808316430020284,0.8060743481114625
1851,0.0069290767423808575,1.0,0.8073022312373225,0.8035682319947491
1852,0.005494807381182909,1.0,0.8057809330628803,0.798675338624023
1853,0.003975123167037964,1.0,0.8002028397565923,0.7950951727430038
1854,0.009341355413198471,1.0,0.8022312373225152,0.7962288919386599
1855,0.002986019477248192,1.0,0.8022312373225152,0.7996897189569784
1856,0.008208355866372585,1.0,0.8062880324543611,0.8060743481114625
1857,0.006237619556486607,1.0,0.808316430020284,0.8059550092487618
1858,0.0017717324662953615,1.0,0.8088235294117647,0.8053583149352587
1859,0.008838221430778503,1.0,0.8078093306288032,0.8066113729936154
1860,0.005514506716281176,1.0,0.8123732251521298,0.8094158362670804
1861,0.0032974816858768463,1.0,0.8128803245436106,0.8095948445611313
1862,0.002824856899678707,1.0,0.8133874239350912,0.806909720150367
1863,0.002913710195571184,1.0,0.8118661257606491,0.8041052568769019
1864,0.005449860822409391,1.0,0.8118661257606491,0.8038069097201503
1865,0.0068187350407242775,1.0,0.8062880324543611,0.8034488931320485
1866,0.004716577008366585,1.0,0.8017241379310345,0.8032698848379974
1867,0.0014636791311204433,1.0,0.8042596348884381,0.8023151739363924
1868,0.004360866732895374,1.0,0.8073022312373225,0.8010024464466854
1869,0.005391909275203943,1.0,0.8042596348884381,0.8004057521331822
1870,0.005925636272877455,1.0,0.8047667342799188,0.8003460827018318
1871,0.004245372023433447,1.0,0.8047667342799188,0.8005847604272331
1872,0.003641923889517784,1.0,0.808316430020284,0.8021361656423415
1873,0.026596197858452797,1.0,0.7996957403651116,0.7948564950176025
1874,0.008122695609927177,1.0,0.7961460446247465,0.7928874037830419
1875,0.012010390870273113,1.0,0.8042596348884381,0.7994510412315771
1876,0.0035869914572685957,1.0,0.8098377281947262,0.8026731905244943
1877,0.004963803570717573,1.0,0.8078093306288032,0.8020168267796408
1878,0.0031556913163512945,1.0,0.8037525354969574,0.8017781490542395
1879,0.008703247644007206,1.0,0.8022312373225152,0.8014201324661376
1880,0.012851813808083534,1.0,0.8042596348884381,0.8008234381526345
1881,0.00649671908468008,1.0,0.7996957403651116,0.795512858762456
1882,0.01662551239132881,1.0,0.7971602434077079,0.7930664120770929
1883,0.012320323847234249,1.0,0.8022312373225152,0.7991526940748255
1884,0.013855604454874992,1.0,0.8108519269776876,0.8047616206217555
1885,0.0036939841229468584,1.0,0.8108519269776876,0.8081627782087236
1886,0.008250629529356956,1.0,0.8144016227180527,0.8079241004833224
1887,0.005071795079857111,1.0,0.8154158215010142,0.8078047616206218
1888,0.013090744614601135,1.0,0.8133874239350912,0.8083417865027747
1889,0.010867167264223099,1.0,0.8012170385395537,0.8060146786801122
1890,0.0067808981984853745,1.0,0.8062880324543611,0.8032698848379974
1891,0.00741333793848753,1.0,0.8012170385395537,0.8003460827018318
1892,0.008417882956564426,1.0,0.8042596348884381,0.8000477355450802
1893,0.006177655421197414,1.0,0.8047667342799188,0.8018974879169402
1894,0.004165199119597673,1.0,0.8062880324543611,0.8032698848379974
1895,0.0036788953002542257,1.0,0.808316430020284,0.804284265170953
1896,0.020154591649770737,1.0,0.8078093306288032,0.8023748433677427
1897,0.015578720718622208,1.0,0.8057809330628803,0.8025538516617937
1898,0.00933321937918663,1.0,0.8042596348884381,0.8021361656423415
1899,0.004292271565645933,1.0,0.8062880324543611,0.8018974879169402
1900,0.009272188879549503,1.0,0.8062880324543611,0.8002864132704816
1901,0.009325812570750713,1.0,0.8067951318458418,0.8023151739363924
1902,0.010673701763153076,1.0,0.808316430020284,0.804284265170953
1903,0.005666366312652826,1.0,0.808316430020284,0.8050002983471568
1904,0.005022366996854544,1.0,0.8098377281947262,0.8059550092487618
1905,0.0048666056245565414,1.0,0.8108519269776876,0.8074467450325198
1906,0.006115988828241825,1.0,0.8103448275862069,0.8092368279730294
1907,0.004033925011754036,1.0,0.8133874239350912,0.8092964974043797
1908,0.005729183088988066,1.0,0.8103448275862069,0.8075064144638702
1909,0.003599792253226042,1.0,0.8088235294117647,0.8070290590130677
1910,0.0026523370761424303,1.0,0.8088235294117647,0.8050599677785071
1911,0.0042437403462827206,1.0,0.8057809330628803,0.8047019511904051
1912,0.007592730689793825,1.0,0.8057809330628803,0.8044632734650039
1913,0.006093983072787523,1.0,0.8057809330628803,0.8036279014260994
1914,0.005075371358543634,1.0,0.8073022312373225,0.8032102154066472
1915,0.006315519567579031,1.0,0.8088235294117647,0.8021958350736917
1916,0.005110058933496475,1.0,0.8067951318458418,0.8030312071125962
1917,0.00914533156901598,1.0,0.8093306288032455,0.8049406289158064
1918,0.005316167138516903,1.0,0.8093306288032455,0.8063726952682141
1919,0.00770903006196022,1.0,0.8093306288032455,0.8050002983471568
1920,0.003365402575582266,1.0,0.8093306288032455,0.8031505459752969
1921,0.004947400186210871,1.0,0.8073022312373225,0.8002864132704816
1922,0.0059566800482571125,1.0,0.8022312373225152,0.7973626111343158
1923,0.006115558557212353,1.0,0.7996957403651116,0.7952145116057044
1924,0.0051241242326796055,1.0,0.7986815415821501,0.7947968255862522
1925,0.006173156201839447,1.0,0.8012170385395537,0.7974819499970165
1926,0.01822960190474987,1.0,0.8057809330628803,0.802613521093144
1927,0.007650638464838266,1.0,0.8093306288032455,0.8057163315233605
1928,0.003980482928454876,1.0,0.8067951318458418,0.8055373232293096
1929,0.008040543645620346,1.0,0.8088235294117647,0.8060146786801122
1930,0.00522143067792058,1.0,0.8113590263691683,0.8056566620920103
1931,0.004103329032659531,1.0,0.8098377281947262,0.8056566620920103
1932,0.006953828502446413,1.0,0.8067951318458418,0.8060743481114625
1933,0.002154118614271283,1.0,0.8067951318458418,0.80559699266066
1934,0.016275528818368912,1.0,0.8057809330628803,0.8048809594844561
1935,0.004765544552356005,1.0,0.8052738336713996,0.8032102154066472
1936,0.002451574895530939,1.0,0.8047667342799188,0.8025538516617937
1937,0.005393313709646463,1.0,0.8052738336713996,0.8024941822304433
1938,0.003708740696310997,1.0,0.8067951318458418,0.8026731905244943
1939,0.007818752899765968,1.0,0.8093306288032455,0.8030908765439465
1940,0.003276943461969495,1.0,0.8118661257606491,0.804284265170953
1941,0.0034143489319831133,1.0,0.808316430020284,0.8038665791515007
1942,0.0029934763442724943,1.0,0.8052738336713996,0.8035682319947491
1943,0.006454496644437313,1.0,0.8067951318458418,0.8043439346023032
1944,0.009425780735909939,1.0,0.8118661257606491,0.8039859180142013
1945,0.008591308258473873,1.0,0.808316430020284,0.8040455874455517
1946,0.004338713362812996,1.0,0.8037525354969574,0.8019571573482904
1947,0.0021418514661490917,1.0,0.802738336713996,0.8014201324661376
1948,0.007906774058938026,1.0,0.8057809330628803,0.8033295542693478
1949,0.004626247566193342,1.0,0.8078093306288032,0.8046422817590548
1950,0.0031966238748282194,1.0,0.8103448275862069,0.8048809594844561
1951,0.007986272685229778,1.0,0.8093306288032455,0.8060743481114625
1952,0.003947708290070295,1.0,0.8098377281947262,0.8072677367384689
1953,0.0073447865433990955,1.0,0.8093306288032455,0.8075064144638702
1954,0.00468692509457469,1.0,0.8088235294117647,0.8067903812876663
1955,0.003624082077294588,1.0,0.8078093306288032,0.8072080673071186
1956,0.002411119407042861,1.0,0.808316430020284,0.8072080673071186
1957,0.00304452795535326,1.0,0.8088235294117647,0.8070290590130677
1958,0.003538937773555517,1.0,0.808316430020284,0.8067903812876663
1959,0.0075063640251755714,1.0,0.8088235294117647,0.8086401336595263
1960,0.003300921991467476,1.0,0.8088235294117647,0.8088788113849275
1961,0.0030684624798595905,1.0,0.8078093306288032,0.8083417865027747
1962,0.002736223628744483,1.0,0.8062880324543611,0.8089981502476281
1963,0.00211226474493742,1.0,0.8073022312373225,0.8081031087773733
1964,0.004300321452319622,1.0,0.8047667342799188,0.8081031087773733
1965,0.004439659416675568,1.0,0.8073022312373225,0.8078047616206218
1966,0.007415407802909613,1.0,0.8062880324543611,0.8060743481114625
1967,0.004788583610206842,1.0,0.8057809330628803,0.8036279014260994
1968,0.0032892057206481695,1.0,0.8062880324543611,0.8019571573482904
1969,0.002602723427116871,1.0,0.8042596348884381,0.802255504505042
1970,0.004603514913469553,1.0,0.8047667342799188,0.8041649263082523
1971,0.010726598091423512,1.0,0.8057809330628803,0.8047019511904051
1972,0.00274470541626215,1.0,0.8057809330628803,0.8030908765439465
1973,0.010533444583415985,1.0,0.8057809330628803,0.8038665791515007
1974,0.005682903807610273,1.0,0.8062880324543611,0.8044036040336535
1975,0.006183276418596506,1.0,0.8042596348884381,0.8063726952682141
1976,0.004453446250408888,1.0,0.8103448275862069,0.8051196372098574
1977,0.0019483758369460702,1.0,0.8073022312373225,0.8024345127990931
1978,0.002877437975257635,1.0,0.8078093306288032,0.7994510412315771
1979,0.004248813260346651,1.0,0.8032454361054767,0.7982576526045707
1980,0.0028998812194913626,1.0,0.8032454361054767,0.7980189748791694
1981,0.0037807582411915064,1.0,0.8073022312373225,0.7998687272510293
1982,0.004850156605243683,1.0,0.808316430020284,0.8030312071125962
1983,0.0032482524402439594,1.0,0.8062880324543611,0.8054776537979593
1984,0.0030851014889776707,1.0,0.8052738336713996,0.8051196372098574
1985,0.004238501191139221,1.0,0.8032454361054767,0.804284265170953
1986,0.0024896140675991774,1.0,0.8032454361054767,0.804284265170953
1987,0.004952448885887861,1.0,0.8037525354969574,0.8049406289158064
1988,0.0031402036547660828,1.0,0.8042596348884381,0.8048212900531058
1989,0.00801672600209713,1.0,0.8052738336713996,0.8047019511904051
1990,0.0030432159546762705,1.0,0.8067951318458418,0.8056566620920103
1991,0.004177554044872522,1.0,0.808316430020284,0.8049406289158064
1992,0.0034700599499046803,1.0,0.808316430020284,0.8034488931320485
1993,0.003678024047985673,1.0,0.8062880324543611,0.802613521093144
1994,0.0034810916986316442,1.0,0.8052738336713996,0.801300793603437
1995,0.005243953783065081,1.0,0.8022312373225152,0.7994510412315771
1996,0.006301716435700655,1.0,0.8032454361054767,0.7992123635061757
1997,0.00555097870528698,1.0,0.8067951318458418,0.7999283966823796
1998,0.0024990756064653397,1.0,0.8088235294117647,0.8004057521331822
1999,0.004316334612667561,1.0,0.8088235294117647,0.8019571573482904
2000,0.0046259514056146145,1.0,0.8067951318458418,0.8037472402888001
2001,0.0041900575160980225,1.0,0.8093306288032455,0.8043439346023032
2002,0.008905069902539253,1.0,0.8098377281947262,0.8044036040336535
2003,0.0026589673943817616,1.0,0.8098377281947262,0.8045229428963542
2004,0.001584053272381425,1.0,0.8067951318458418,0.8034488931320485
2005,0.005371653940528631,1.0,0.8062880324543611,0.8039859180142013
2006,0.0033529119100421667,1.0,0.8067951318458418,0.8047616206217555
2007,0.0032878443598747253,1.0,0.8067951318458418,0.8052986455039084
2008,0.002752507571130991,1.0,0.8067951318458418,0.8060146786801122
2009,0.002447660779580474,1.0,0.8057809330628803,0.8073870756011695
2010,0.0021302164532244205,1.0,0.8052738336713996,0.8068500507190166
2011,0.002306657610461116,1.0,0.8052738336713996,0.8069693895817173
2012,0.005907522980123758,1.0,0.8052738336713996,0.8061340175428128
2013,0.0022221142426133156,1.0,0.8052738336713996,0.8054776537979593
2014,0.005489106755703688,1.0,0.8032454361054767,0.8048212900531058
2015,0.0015542437322437763,1.0,0.8042596348884381,0.8044632734650039
2016,0.004130757413804531,1.0,0.8057809330628803,0.8045229428963542
2017,0.0034546416718512774,1.0,0.8047667342799188,0.8057163315233605
2018,0.003208924550563097,1.0,0.8067951318458418,0.8064323646995644
2019,0.0020467520225793123,1.0,0.8073022312373225,0.806909720150367
2020,0.004787637386471033,1.0,0.8057809330628803,0.8045229428963542
2021,0.002061629667878151,1.0,0.8047667342799188,0.8035682319947491
2022,0.00868025328963995,1.0,0.8052738336713996,0.8034488931320485
2023,0.004942514002323151,1.0,0.8037525354969574,0.8026731905244943
2024,0.0023962073028087616,1.0,0.8022312373225152,0.7989736857807745
2025,0.0037455190904438496,1.0,0.7981744421906694,0.7970642639775642
2026,0.007667941972613335,1.0,0.8002028397565923,0.7985559997613223
2027,0.00414504949003458,1.0,0.8057809330628803,0.8025538516617937
2028,0.0027171080000698566,1.0,0.8057809330628803,0.8057760009547109
2029,0.003716841107234359,1.0,0.8032454361054767,0.804284265170953
2030,0.009904074482619762,1.0,0.8047667342799188,0.8035682319947491
2031,0.005033062305301428,1.0,0.8052738336713996,0.8041052568769019
2032,0.007284075487405062,1.0,0.8042596348884381,0.8028521988185453
2033,0.00234754360280931,1.0,0.8037525354969574,0.801300793603437
2034,0.0017031278694048524,1.0,0.8037525354969574,0.79998806611373
2035,0.006123049650341272,1.0,0.802738336713996,0.8014201324661376
2036,0.0024285230319947004,1.0,0.808316430020284,0.8032102154066472
2037,0.0055702305398881435,1.0,0.8073022312373225,0.8036279014260994
2038,0.001768608926795423,1.0,0.8052738336713996,0.8038069097201503
2039,0.00512812752276659,1.0,0.802738336713996,0.8035682319947491
2040,0.003397613298147917,1.0,0.8017241379310345,0.8044036040336535
2041,0.006342623848468065,1.0,0.8042596348884381,0.8038069097201503
2042,0.004905428737401962,1.0,0.8062880324543611,0.805238976072558
2043,0.0027704117819666862,1.0,0.8037525354969574,0.8017184796228892
2044,0.005057577043771744,1.0,0.8037525354969574,0.8029715376812459
2045,0.0029234697576612234,1.0,0.8042596348884381,0.8040455874455517
2046,0.005311624146997929,1.0,0.8073022312373225,0.8060743481114625
2047,0.0029794282745569944,1.0,0.8067951318458418,0.8079241004833224
2048,0.008084670640528202,1.0,0.8057809330628803,0.8076257533265708
2049,0.0042399074882268906,1.0,0.8022312373225152,0.8064920341309147
2050,0.007238875608891249,1.0,0.8032454361054767,0.8058356703860612
2051,0.00859061535447836,1.0,0.8052738336713996,0.8068500507190166
2052,0.0029466641135513783,1.0,0.7986815415821501,0.8017184796228892
2053,0.00321310106664896,1.0,0.7956389452332657,0.7945581478608509
2054,0.010361364111304283,1.0,0.7946247464503042,0.7910973208425324
2055,0.004109521862119436,1.0,0.7981744421906694,0.7917536845873859
2056,0.008244911208748817,1.0,0.8062880324543611,0.8041052568769019
2057,0.0034804518800228834,1.0,0.8098377281947262,0.8059550092487618
2058,0.004092668183147907,1.0,0.8073022312373225,0.8061340175428128
2059,0.0071997009217739105,1.0,0.8103448275862069,0.8043439346023032
2060,0.00615211995318532,1.0,0.8108519269776876,0.8047019511904051
2061,0.006314848084002733,1.0,0.8073022312373225,0.803926248582851
2062,0.010168485343456268,1.0,0.8032454361054767,0.8040455874455517
2063,0.005018626805394888,1.0,0.8052738336713996,0.8025538516617937
2064,0.00887721311300993,1.0,0.8052738336713996,0.801121785309386
2065,0.006056549493223429,1.0,0.7996957403651116,0.7994510412315771
2066,0.014813396148383617,1.0,0.8103448275862069,0.8030312071125962
2067,0.013715306296944618,1.0,0.8164300202839757,0.8066113729936154
2068,0.008982361294329166,1.0,0.8103448275862069,0.806909720150367
2069,0.006836971268057823,1.0,0.8103448275862069,0.8041052568769019
2070,0.014522599056363106,1.0,0.8108519269776876,0.8023748433677427
2071,0.011334133334457874,1.0,0.8073022312373225,0.8024345127990931
2072,0.008755601942539215,1.0,0.8017241379310345,0.8005250909958828
2073,0.005344117991626263,1.0,0.8037525354969574,0.8028521988185453
2074,0.003379494184628129,1.0,0.8032454361054767,0.8036875708574497
2075,0.004495515953749418,1.0,0.802738336713996,0.8012411241720866
2076,0.005515919532626867,1.0,0.8088235294117647,0.802613521093144
2077,0.01528639905154705,1.0,0.8118661257606491,0.8075660838952204
2078,0.017604732885956764,1.0,0.8118661257606491,0.8068500507190166
2079,0.0057142251171171665,1.0,0.8093306288032455,0.8056566620920103
2080,0.009469767101109028,1.0,0.8078093306288032,0.8057163315233605
2081,0.013955996371805668,1.0,0.8103448275862069,0.8075660838952204
2082,0.003586921375244856,1.0,0.8113590263691683,0.8089384808162778
2083,0.003741276916116476,1.0,0.8144016227180527,0.8070290590130677
2084,0.008085223846137524,1.0,0.8128803245436106,0.8061936869741632
2085,0.010837330482900143,1.0,0.8133874239350912,0.8077450921892715
2086,0.003529145149514079,1.0,0.8078093306288032,0.806909720150367
2087,0.011687437072396278,1.0,0.808316430020284,0.8041649263082523
2088,0.007757871877402067,1.0,0.8057809330628803,0.802613521093144
2089,0.006235439330339432,1.0,0.8062880324543611,0.8020764962109911
2090,0.005386617500334978,1.0,0.8093306288032455,0.8024345127990931
2091,0.014867101795971394,1.0,0.8108519269776876,0.8066710424249657
2092,0.00396514218300581,1.0,0.813894523326572,0.8081031087773733
2093,0.0036286867689341307,1.0,0.8123732251521298,0.8077450921892715
2094,0.011120415292680264,1.0,0.8128803245436106,0.8067903812876663
2095,0.0054148659110069275,1.0,0.8103448275862069,0.8075660838952204
2096,0.004873064812272787,1.0,0.8093306288032455,0.8067307118563161
2097,0.0043671997264027596,1.0,0.8093306288032455,0.8072080673071186
2098,0.006037307903170586,1.0,0.8073022312373225,0.8048212900531058
2099,0.0029610060155391693,1.0,0.8052738336713996,0.8035682319947491
2100,0.004020284861326218,1.0,0.8047667342799188,0.8028521988185453
2101,0.006469628773629665,1.0,0.8047667342799188,0.8031505459752969
2102,0.006256423890590668,1.0,0.8037525354969574,0.804284265170953
2103,0.0017194799147546291,1.0,0.8022312373225152,0.8054179843666089
2104,0.0026626281905919313,1.0,0.8022312373225152,0.8053583149352587
2105,0.0027567294891923666,1.0,0.8047667342799188,0.8061936869741632
2106,0.002439269330352545,1.0,0.8073022312373225,0.8066710424249657
2107,0.011784903705120087,1.0,0.8017241379310345,0.8038069097201503
2108,0.0030081639997661114,1.0,0.7996957403651116,0.8010621158780357
2109,0.007710015866905451,1.0,0.800709939148073,0.8005250909958828
2110,0.004635307006537914,1.0,0.800709939148073,0.8020764962109911
2111,0.00433678925037384,1.0,0.7986815415821501,0.8030312071125962
2112,0.0017169496277347207,1.0,0.8012170385395537,0.8036875708574497
2113,0.003292142180725932,1.0,0.8047667342799188,0.803926248582851
2114,0.004608538467437029,1.0,0.8042596348884381,0.803926248582851
2115,0.006878526881337166,1.0,0.8037525354969574,0.8042245957396026
2116,0.006148209795355797,1.0,0.8042596348884381,0.8047019511904051
2117,0.0022543868981301785,1.0,0.8047667342799188,0.8044632734650039
2118,0.004864684771746397,1.0,0.8047667342799188,0.8037472402888001
2119,0.002289063762873411,1.0,0.8042596348884381,0.8032102154066472
2120,0.002164080273360014,1.0,0.8047667342799188,0.8033295542693478
2121,0.003989447373896837,1.0,0.808316430020284,0.8061936869741632
2122,0.006052256096154451,1.0,0.8108519269776876,0.8097738528551823
2123,0.0023956578224897385,1.0,0.8098377281947262,0.809177158541679
2124,0.0020727086812257767,1.0,0.8103448275862069,0.809714183423832
2125,0.009638728573918343,1.0,0.8088235294117647,0.8094158362670804
2126,0.0034191582817584276,1.0,0.8073022312373225,0.8093561668357301
2127,0.010653801262378693,1.0,0.8067951318458418,0.8051793066412077
2128,0.010833529755473137,1.0,0.8057809330628803,0.8045229428963542
2129,0.0035874887835234404,1.0,0.8052738336713996,0.8032102154066472
2130,0.004565655719488859,1.0,0.808316430020284,0.8026731905244943
2131,0.015620391815900803,1.0,0.8123732251521298,0.806909720150367
2132,0.005957691464573145,1.0,0.8174442190669371,0.8086401336595263
2133,0.007916291244328022,1.0,0.8184584178498986,0.8110865803448893
2134,0.014637715183198452,1.0,0.8174442190669371,0.810847902619488
2135,0.0036463395226746798,1.0,0.8154158215010142,0.8115042663643416
2136,0.003950753714889288,1.0,0.813894523326572,0.8107285637567874
2137,0.003231918439269066,1.0,0.8103448275862069,0.8101915388746346
2138,0.009954525157809258,1.0,0.8093306288032455,0.8089981502476281
2139,0.009733240120112896,1.0,0.8093306288032455,0.8073870756011695
2140,0.0037233801558613777,1.0,0.8098377281947262,0.8050002983471568
2141,0.0027795296628028154,1.0,0.8113590263691683,0.8057760009547109
2142,0.004847423173487186,1.0,0.8113590263691683,0.8054776537979593
2143,0.0025656926445662975,1.0,0.8108519269776876,0.8066113729936154
2144,0.013300947844982147,1.0,0.808316430020284,0.8047019511904051
2145,0.00415983609855175,1.0,0.8032454361054767,0.8020168267796408
2146,0.005955711472779512,1.0,0.8032454361054767,0.802255504505042
2147,0.007207085844129324,1.0,0.8067951318458418,0.8038665791515007
2148,0.0026752259582281113,1.0,0.8118661257606491,0.8070290590130677
2149,0.0051872762851417065,1.0,0.8164300202839757,0.8103108777373351
2150,0.003714118618518114,1.0,0.8179513184584178,0.8121009606778448
2151,0.010427100583910942,1.0,0.8149087221095335,0.811026910913539
2152,0.005104771815240383,1.0,0.813894523326572,0.809535175129781
2153,0.006951799150556326,1.0,0.8088235294117647,0.8066710424249657
2154,0.004569288808852434,1.0,0.8057809330628803,0.8038069097201503
2155,0.006505191326141357,1.0,0.8047667342799188,0.8018974879169402
2156,0.0020466214045882225,1.0,0.8017241379310345,0.801300793603437
2157,0.005833199247717857,1.0,0.8088235294117647,0.8031505459752969
2158,0.005776958540081978,1.0,0.8062880324543611,0.8048809594844561
2159,0.005609160289168358,1.0,0.8078093306288032,0.80559699266066
2160,0.0034316484816372395,1.0,0.8108519269776876,0.8073870756011695
2161,0.008219224400818348,1.0,0.8098377281947262,0.8061936869741632
2162,0.013498182408511639,1.0,0.8067951318458418,0.8015394713288382
2163,0.003446832299232483,1.0,0.7981744421906694,0.796825586252163
2164,0.003701373003423214,1.0,0.7966531440162272,0.7944388089981502
2165,0.010893886908888817,1.0,0.8012170385395537,0.7977802971537681
2166,0.004012968856841326,1.0,0.8047667342799188,0.8007637687212841
2167,0.0022939604241400957,1.0,0.8067951318458418,0.8024941822304433
2168,0.00406652269884944,1.0,0.8067951318458418,0.8039859180142013
2169,0.004967623855918646,1.0,0.8073022312373225,0.8037472402888001
2170,0.009046459570527077,1.0,0.808316430020284,0.8029118682498956
2171,0.005694691091775894,1.0,0.8088235294117647,0.8021361656423415
2172,0.002748501254245639,1.0,0.8047667342799188,0.8014798018974879
2173,0.003944649826735258,1.0,0.800709939148073,0.7984366608986216
2174,0.012493089772760868,1.0,0.8017241379310345,0.7974222805656662
2175,0.0048505268059670925,1.0,0.8017241379310345,0.7977802971537681
2176,0.005559013225138187,1.0,0.8017241379310345,0.7983769914672714
2177,0.002259443746879697,1.0,0.8002028397565923,0.7998090578196789
2178,0.002157499548047781,1.0,0.802738336713996,0.8016588101915388
2179,0.0026464322581887245,1.0,0.8073022312373225,0.8027925293871949
2180,0.0017638858407735825,1.0,0.8073022312373225,0.8049406289158064
2181,0.0028608953580260277,1.0,0.8078093306288032,0.8053583149352587
2182,0.005334762390702963,1.0,0.8098377281947262,0.8063726952682141
2183,0.0041909413412213326,1.0,0.808316430020284,0.8070290590130677
2184,0.01395354326814413,1.0,0.8022312373225152,0.803926248582851
2185,0.00602029450237751,1.0,0.8047667342799188,0.7999283966823796
2186,0.0022432226687669754,1.0,0.8062880324543611,0.7993913718002268
2187,0.004297004546970129,1.0,0.8062880324543611,0.7988543469180739
2188,0.005041716620326042,1.0,0.8047667342799188,0.8035085625633988
2189,0.001780125079676509,1.0,0.8073022312373225,0.8064323646995644
2190,0.003741445718333125,1.0,0.8103448275862069,0.8079241004833224
2191,0.0027797019574791193,1.0,0.8108519269776876,0.8073870756011695
2192,0.007661099079996347,1.0,0.8078093306288032,0.806551703562265
2193,0.00459542591124773,1.0,0.8062880324543611,0.8058953398174116
2194,0.0022437528241425753,1.0,0.8073022312373225,0.8055373232293096
2195,0.002884951885789633,1.0,0.8078093306288032,0.8045229428963542
2196,0.003816846292465925,1.0,0.808316430020284,0.8047019511904051
2197,0.0017256748396903276,1.0,0.8073022312373225,0.8047019511904051
2198,0.0025466009974479675,1.0,0.8067951318458418,0.8041052568769019
2199,0.003488285467028618,1.0,0.8078093306288032,0.8036875708574497
2200,0.002171784173697233,1.0,0.8062880324543611,0.8029118682498956
2201,0.002929066075012088,1.0,0.8052738336713996,0.8030312071125962
2202,0.0026417826302349567,1.0,0.802738336713996,0.8021958350736917
2203,0.0029125353321433067,1.0,0.8047667342799188,0.8015991407601886
2204,0.0017192099476233125,1.0,0.8017241379310345,0.7998687272510293
2205,0.0026855424512177706,1.0,0.8012170385395537,0.7993317023688764
2206,0.006302536465227604,1.0,0.802738336713996,0.8012411241720866
2207,0.0016075946623459458,1.0,0.8042596348884381,0.8018378184855899
2208,0.0034924170468002558,1.0,0.8052738336713996,0.8038069097201503
2209,0.005491864867508411,1.0,0.8078093306288032,0.8057760009547109
2210,0.004135430324822664,1.0,0.8078093306288032,0.8069693895817173
2211,0.005252364557236433,1.0,0.8078093306288032,0.8084014559341249
2212,0.005034955684095621,1.0,0.8078093306288032,0.8070887284444179
2213,0.006731376983225346,1.0,0.8047667342799188,0.8058953398174116
2214,0.003736004699021578,1.0,0.8032454361054767,0.8025538516617937
2215,0.00279041426256299,1.0,0.8017241379310345,0.79998806611373
2216,0.003997944761067629,1.0,0.7991886409736308,0.7995107106629273
2217,0.003315376816317439,1.0,0.8017241379310345,0.7994510412315771
2218,0.004149154294282198,1.0,0.8042596348884381,0.801300793603437
2219,0.0063204276375472546,1.0,0.8057809330628803,0.8029715376812459
2220,0.004418694414198399,1.0,0.8078093306288032,0.8034488931320485
2221,0.005258772522211075,1.0,0.8103448275862069,0.8052986455039084
2222,0.0049715107306838036,1.0,0.8108519269776876,0.8054776537979593
2223,0.00438308622688055,1.0,0.8088235294117647,0.8038665791515007
2224,0.0024676877073943615,1.0,0.808316430020284,0.8033295542693478
2225,0.012027363292872906,1.0,0.8052738336713996,0.8007637687212841
2226,0.0020111710764467716,1.0,0.7991886409736308,0.7960498836446088
2227,0.004433271940797567,1.0,0.7966531440162272,0.7940807924100484
2228,0.008194253779947758,1.0,0.7981744421906694,0.7940807924100484
2229,0.004393835086375475,1.0,0.7996957403651116,0.7961692225073095
2230,0.004548529628664255,1.0,0.8002028397565923,0.7975416194283669
2231,0.008042325265705585,1.0,0.8032454361054767,0.8016588101915388
2232,0.003064349526539445,1.0,0.808316430020284,0.8021361656423415
2233,0.0057678259909152985,1.0,0.8067951318458418,0.802613521093144
2234,0.0033275617752224207,1.0,0.8052738336713996,0.8017184796228892
2235,0.0019050585106015205,1.0,0.8052738336713996,0.8012411241720866
2236,0.003117634914815426,1.0,0.8047667342799188,0.7996897189569784
2237,0.0036281102802604437,1.0,0.7996957403651116,0.7983769914672714
2238,0.008969398215413094,1.0,0.8002028397565923,0.7998687272510293
2239,0.003284892998635769,1.0,0.8012170385395537,0.8002864132704816
2240,0.004135849419981241,1.0,0.8017241379310345,0.8004057521331822
2241,0.005045791156589985,1.0,0.8017241379310345,0.8004654215645325
2242,0.0032271191012114286,1.0,0.7986815415821501,0.8008831075839847
2243,0.0023013863246887922,1.0,0.800709939148073,0.7999283966823796
2244,0.0027522549498826265,1.0,0.8022312373225152,0.7988543469180739
2245,0.0017460323870182037,1.0,0.8042596348884381,0.7984963303299719
2246,0.0032383089419454336,1.0,0.8032454361054767,0.7992123635061757
2247,0.010427112691104412,1.0,0.7996957403651116,0.799630049525628
2248,0.004393191076815128,1.0,0.7996957403651116,0.7998090578196789
2249,0.007391896564513445,1.0,0.7996957403651116,0.8002864132704816
2250,0.008596687577664852,1.0,0.8002028397565923,0.8013604630347873
2251,0.0031908226665109396,1.0,0.8017241379310345,0.802613521093144
2252,0.002222372218966484,1.0,0.8017241379310345,0.802613521093144
2253,0.002069791778922081,1.0,0.8022312373225152,0.802255504505042
2254,0.002431507222354412,1.0,0.8052738336713996,0.8013604630347873
2255,0.0055893221870064735,1.0,0.800709939148073,0.8004057521331822
2256,0.004241750109940767,1.0,0.800709939148073,0.7979593054478191
2257,0.008858531713485718,1.0,0.8002028397565923,0.794200131272749
2258,0.0072694444097578526,1.0,0.7976673427991886,0.795333850468405
2259,0.008979913778603077,1.0,0.7991886409736308,0.7997493883883287
2260,0.005998654756695032,1.0,0.8037525354969574,0.801300793603437
2261,0.00795633066445589,1.0,0.808316430020284,0.8042245957396026
2262,0.0022605278063565493,1.0,0.8118661257606491,0.8070887284444179
2263,0.008141689002513885,1.0,0.813894523326572,0.8072677367384689
2264,0.005647363606840372,1.0,0.8098377281947262,0.8071483978757682
2265,0.004831385798752308,1.0,0.8062880324543611,0.8044632734650039
2266,0.008806140162050724,1.0,0.7996957403651116,0.7987946774867235
2267,0.009977622888982296,1.0,0.7971602434077079,0.7947968255862522
2268,0.011271314695477486,1.0,0.8002028397565923,0.7945581478608509
2269,0.014297226443886757,1.0,0.8037525354969574,0.8008831075839847
2270,0.004238374996930361,1.0,0.808316430020284,0.8045826123277046
2271,0.003442703979089856,1.0,0.8194726166328601,0.8058356703860612
2272,0.010822965763509274,1.0,0.8174442190669371,0.8059550092487618
2273,0.0041363132186234,1.0,0.8108519269776876,0.8038665791515007
2274,0.00568057456985116,1.0,0.8037525354969574,0.8032102154066472
2275,0.002816449385136366,1.0,0.802738336713996,0.7989140163494242
2276,0.006408571265637875,1.0,0.7925963488843814,0.7925890566262903
2277,0.004607078153640032,1.0,0.7915821501014199,0.7887105435885196
2278,0.003885821904987097,1.0,0.7910750507099391,0.7873381466674623
2279,0.008385816588997841,1.0,0.7941176470588235,0.7943791395668
2280,0.003316430374979973,1.0,0.7991886409736308,0.8013604630347873
2281,0.004697138909250498,1.0,0.8042596348884381,0.8037472402888001
2282,0.008704937063157558,1.0,0.8042596348884381,0.8038665791515007
2283,0.0034552616998553276,1.0,0.8047667342799188,0.8050002983471568
2284,0.0043972753919661045,1.0,0.8037525354969574,0.805238976072558
2285,0.0040425509214401245,1.0,0.8022312373225152,0.8055373232293096
2286,0.017953578382730484,1.0,0.7991886409736308,0.8053583149352587
2287,0.0033971366938203573,1.0,0.8022312373225152,0.8024345127990931
2288,0.005436327774077654,1.0,0.7971602434077079,0.7991526940748255
2289,0.005106860306113958,1.0,0.7956389452332657,0.7959305447819083
2290,0.007411562837660313,1.0,0.800709939148073,0.7998687272510293
2291,0.00950414128601551,1.0,0.800709939148073,0.8062533564055134
2292,0.002239514607936144,1.0,0.8067951318458418,0.8071483978757682
2293,0.007393556647002697,1.0,0.8093306288032455,0.8075064144638702
2294,0.008943571709096432,1.0,0.8108519269776876,0.8069693895817173
2295,0.005656769033521414,1.0,0.8047667342799188,0.8050599677785071
2296,0.005629721097648144,1.0,0.8042596348884381,0.80559699266066
2297,0.003005728591233492,1.0,0.8047667342799188,0.8044036040336535
2298,0.005051749292761087,1.0,0.802738336713996,0.8029715376812459
2299,0.003908856771886349,1.0,0.8037525354969574,0.8025538516617937
2300,0.008516164496541023,1.0,0.802738336713996,0.8056566620920103
2301,0.0029848392587155104,1.0,0.8017241379310345,0.8067307118563161
2302,0.0032381946220993996,1.0,0.8062880324543611,0.8074467450325198
2303,0.0021288522984832525,1.0,0.8098377281947262,0.8082821170714243
2304,0.0039521208964288235,1.0,0.8118661257606491,0.8081627782087236
2305,0.007691716309636831,1.0,0.8108519269776876,0.807864431051972
2306,0.007529964204877615,1.0,0.8093306288032455,0.8073274061698192
2307,0.003520533675327897,1.0,0.8078093306288032,0.8067307118563161
2308,0.002049520844593644,1.0,0.8002028397565923,0.8027925293871949
2309,0.0023793738801032305,1.0,0.795131845841785,0.8004654215645325
2310,0.010638863779604435,1.0,0.7905679513184585,0.7909779819798317
2311,0.018333671614527702,1.0,0.7956389452332657,0.798675338624023
2312,0.0067495726980268955,1.0,0.795131845841785,0.8026731905244943
2313,0.003552166512235999,1.0,0.8037525354969574,0.8041052568769019
2314,0.0035663798917084932,1.0,0.8073022312373225,0.8034488931320485
2315,0.004799331538379192,1.0,0.8062880324543611,0.803926248582851
2316,0.027680402621626854,1.0,0.8057809330628803,0.8064323646995644
2317,0.003602072596549988,1.0,0.8017241379310345,0.7987946774867235
2318,0.0027402860578149557,1.0,0.7865111561866126,0.7819082284145832
2319,0.024278296157717705,1.0,0.7905679513184585,0.7853093860015514
2320,0.02045392617583275,1.0,0.8002028397565923,0.8008234381526345
2321,0.004379322286695242,1.0,0.8057809330628803,0.8006444298585834
2322,0.008343256078660488,1.0,0.7981744421906694,0.794021122978698
2323,0.026971403509378433,1.0,0.8032454361054767,0.801121785309386
2324,0.007203271146863699,1.0,0.8012170385395537,0.8064920341309147
2325,0.005338807124644518,0.9989858012170385,0.8017241379310345,0.8023151739363924
2326,0.009964698925614357,0.9979716024340771,0.7986815415821501,0.7962288919386599
2327,0.030993428081274033,1.0,0.8017241379310345,0.7989140163494242
2328,0.011154661886394024,1.0,0.8012170385395537,0.8012411241720866
2329,0.003703251015394926,1.0,0.795131845841785,0.8000477355450802
2330,0.011579611338675022,1.0,0.7956389452332657,0.798317322035921
2331,0.0067527093924582005,1.0,0.7986815415821501,0.7998687272510293
2332,0.012245086021721363,1.0,0.7971602434077079,0.8032102154066472
2333,0.005499768070876598,1.0,0.8032454361054767,0.8041052568769019
2334,0.005792294628918171,1.0,0.7981744421906694,0.8040455874455517
2335,0.007983545772731304,1.0,0.7971602434077079,0.8028521988185453
2336,0.007128607947379351,1.0,0.7996957403651116,0.8030908765439465
2337,0.010943138040602207,1.0,0.7991886409736308,0.8048809594844561
2338,0.0049323029816150665,1.0,0.8032454361054767,0.807864431051972
2339,0.004608768504112959,1.0,0.802738336713996,0.8103108777373351
2340,0.006886730901896954,1.0,0.8037525354969574,0.809177158541679
2341,0.006915908772498369,1.0,0.8052738336713996,0.8093561668357301
2342,0.007826465182006359,1.0,0.8052738336713996,0.8094158362670804
2343,0.011372154578566551,1.0,0.8067951318458418,0.809177158541679
2344,0.009671737439930439,1.0,0.8052738336713996,0.8094158362670804
2345,0.006302929949015379,1.0,0.8057809330628803,0.8094755056984307
2346,0.010735942050814629,1.0,0.8093306288032455,0.802613521093144
2347,0.006139501929283142,1.0,0.7966531440162272,0.7971239334089146
2348,0.00729020219296217,1.0,0.7936105476673428,0.7939017841159973
2349,0.013561107218265533,1.0,0.8017241379310345,0.7996897189569784
2350,0.004105951637029648,1.0,0.8052738336713996,0.802613521093144
2351,0.005734433885663748,1.0,0.8047667342799188,0.805238976072558
2352,0.005472714547067881,1.0,0.8057809330628803,0.8047616206217555
2353,0.006119640078395605,1.0,0.8073022312373225,0.8064323646995644
2354,0.004783887881785631,1.0,0.808316430020284,0.8076854227579211
2355,0.005034830421209335,1.0,0.8108519269776876,0.8088788113849275
2356,0.004850275814533234,1.0,0.8144016227180527,0.8094755056984307
2357,0.0033593594562262297,1.0,0.8149087221095335,0.8099528611492333
2358,0.006125019863247871,1.0,0.8144016227180527,0.809714183423832
2359,0.009083118289709091,1.0,0.8118661257606491,0.8089981502476281
2360,0.002581764245405793,1.0,0.8088235294117647,0.8080434393460231
2361,0.002610408701002598,1.0,0.8073022312373225,0.806909720150367
2362,0.003681098809465766,1.0,0.808316430020284,0.8067307118563161
2363,0.006441740784794092,1.0,0.8042596348884381,0.8033295542693478
2364,0.016885602846741676,1.0,0.8057809330628803,0.8034488931320485
2365,0.005666855722665787,1.0,0.8052738336713996,0.8017781490542395
2366,0.00566808320581913,1.0,0.8047667342799188,0.8015394713288382
2367,0.006132116541266441,1.0,0.8052738336713996,0.8014798018974879
2368,0.003277026116847992,1.0,0.8057809330628803,0.801121785309386
2369,0.01068004872649908,1.0,0.8067951318458418,0.8029715376812459
2370,0.02266472578048706,1.0,0.8047667342799188,0.8030908765439465
2371,0.00672504585236311,1.0,0.808316430020284,0.8038665791515007
2372,0.005521274637430906,1.0,0.8093306288032455,0.8042245957396026
2373,0.003939807880669832,1.0,0.8073022312373225,0.8053583149352587
2374,0.006668383255600929,1.0,0.8037525354969574,0.8036875708574497
2375,0.007415503729134798,1.0,0.8067951318458418,0.802255504505042
2376,0.0030927290208637714,1.0,0.808316430020284,0.8036279014260994
2377,0.004651508294045925,1.0,0.8118661257606491,0.8058953398174116
2378,0.005461475811898708,1.0,0.8164300202839757,0.8073870756011695
2379,0.0024451238568872213,1.0,0.8154158215010142,0.8066113729936154
2380,0.0029494035989046097,1.0,0.815922920892495,0.8084611253654753
2381,0.005136262625455856,1.0,0.8209939148073022,0.809535175129781
2382,0.0058226631954312325,1.0,0.8225152129817445,0.810847902619488
2383,0.00912813376635313,1.0,0.8199797160243407,0.8095948445611313
2384,0.0052079688757658005,1.0,0.8184584178498986,0.8075064144638702
2385,0.003782899584621191,1.0,0.8184584178498986,0.806551703562265
2386,0.0027633251156657934,1.0,0.8169371196754563,0.8054179843666089
2387,0.0031100905034691095,1.0,0.8154158215010142,0.8061936869741632
2388,0.005767373368144035,1.0,0.8133874239350912,0.805238976072558
2389,0.004524540156126022,1.0,0.8128803245436106,0.8062533564055134
2390,0.006255211774259806,1.0,0.815922920892495,0.8078047616206218
2391,0.0036757795605808496,1.0,0.8149087221095335,0.8091174891103288
2392,0.006171404384076595,1.0,0.8164300202839757,0.8090578196789785
2393,0.006164436228573322,1.0,0.8179513184584178,0.8094158362670804
2394,0.008409898728132248,1.0,0.8149087221095335,0.8075660838952204
2395,0.012447141110897064,1.0,0.8073022312373225,0.8048809594844561
2396,0.003970993682742119,1.0,0.8012170385395537,0.8001670744077809
2397,0.010223100893199444,1.0,0.7996957403651116,0.7984963303299719
2398,0.012120922096073627,1.0,0.8057809330628803,0.8036279014260994
2399,0.004266123753041029,1.0,0.808316430020284,0.8080434393460231
2400,0.005441988818347454,1.0,0.8113590263691683,0.8101915388746346
