epoch,loss,train_acc,val_acc,test_acc
1,1.100598931312561,0.5354969574036511,0.5147058823529411,0.5141714899457008
2,1.0038032531738281,0.5649087221095335,0.5532454361054767,0.5554030670087714
3,0.9571269750595093,0.5699797160243407,0.5598377281947262,0.5606539769675994
4,0.9655827283859253,0.6075050709939148,0.5897565922920892,0.5933528253475744
5,0.8703931570053101,0.6288032454361054,0.6272819472616633,0.624858285100543
6,0.8966943621635437,0.6734279918864098,0.6678498985801217,0.6610179604988364
7,0.7844235897064209,0.6977687626774848,0.6871196754563894,0.6815442448833463
8,0.7218250036239624,0.7099391480730223,0.6876267748478702,0.6841696998627603
9,0.6555905938148499,0.7028397565922921,0.6774847870182555,0.6775463929828749
10,0.6336749196052551,0.7139959432048681,0.6896551724137931,0.6824989557849513
11,0.5848381519317627,0.7231237322515213,0.6926977687626775,0.6861984605286712
12,0.5654581785202026,0.7271805273833671,0.6977687626774848,0.6879288740378304
13,0.5417836904525757,0.7322515212981744,0.6947261663286004,0.6894206098215884
14,0.5078262090682983,0.7342799188640974,0.6987829614604463,0.6912703621934483
15,0.4752788543701172,0.8600405679513184,0.8078093306288032,0.8036875708574497
16,0.4459792375564575,0.8732251521298174,0.8113590263691683,0.8079241004833224
17,0.418785035610199,0.8843813387423936,0.7986815415821501,0.8021361656423415
18,0.3856144845485687,0.8833671399594321,0.8037525354969574,0.8050002983471568
19,0.3522641062736511,0.8914807302231237,0.8032454361054767,0.8018974879169402
20,0.32953187823295593,0.9107505070993914,0.7900608519269777,0.7897845933528254
21,0.33063504099845886,0.9056795131845842,0.8067951318458418,0.8037472402888001
22,0.32321903109550476,0.8985801217038539,0.8073022312373225,0.8011814547407363
23,0.31934279203414917,0.90973630831643,0.8103448275862069,0.7974819499970165
24,0.3204593360424042,0.9290060851926978,0.8103448275862069,0.8106092248940867
25,0.2804628610610962,0.9411764705882353,0.8144016227180527,0.8104898860313862
26,0.24087713658809662,0.9391480730223124,0.8154158215010142,0.8078047616206218
27,0.23630763590335846,0.9411764705882353,0.8154158215010142,0.8069693895817173
28,0.20856769382953644,0.9462474645030426,0.8062880324543611,0.8032102154066472
29,0.22406315803527832,0.9310344827586207,0.813894523326572,0.801300793603437
30,0.22234773635864258,0.9401622718052738,0.800709939148073,0.7844143445312967
31,0.24288471043109894,0.9381338742393509,0.7991886409736308,0.7890088907452713
32,0.23225151002407074,0.9452332657200812,0.8022312373225152,0.7978996360164687
33,0.19508309662342072,0.949290060851927,0.8088235294117647,0.8005847604272331
34,0.1796710342168808,0.9533468559837728,0.8042596348884381,0.7993317023688764
35,0.17656387388706207,0.9584178498985801,0.8149087221095335,0.8023151739363924
36,0.184661403298378,0.9584178498985801,0.8144016227180527,0.8008234381526345
37,0.16023389995098114,0.9563894523326572,0.8123732251521298,0.7958708753505579
38,0.18653449416160583,0.9675456389452333,0.8174442190669371,0.8051196372098574
39,0.15833929181098938,0.9685598377281948,0.813894523326572,0.8030312071125962
40,0.14459411799907684,0.9614604462474645,0.8133874239350912,0.8048809594844561
41,0.14053623378276825,0.9705882352941176,0.813894523326572,0.8059550092487618
42,0.12118718028068542,0.9655172413793104,0.8098377281947262,0.7964675696640611
43,0.13371892273426056,0.9756592292089249,0.8103448275862069,0.798675338624023
44,0.1275847852230072,0.973630831643002,0.8022312373225152,0.7956321976251566
45,0.12293983995914459,0.9695740365111561,0.8022312373225152,0.7979593054478191
46,0.10832828283309937,0.9756592292089249,0.8088235294117647,0.8023151739363924
47,0.10880203545093536,0.9807302231237323,0.808316430020284,0.8056566620920103
48,0.11814038455486298,0.9756592292089249,0.8133874239350912,0.8066113729936154
49,0.12000398337841034,0.9766734279918864,0.8164300202839757,0.8084611253654753
50,0.11063333600759506,0.9776876267748479,0.8144016227180527,0.8039859180142013
51,0.14747948944568634,0.9797160243407708,0.8022312373225152,0.7954531893311056
52,0.12128807604312897,0.9837728194726166,0.8047667342799188,0.8000477355450802
53,0.11082077771425247,0.962474645030426,0.813894523326572,0.801300793603437
54,0.15181700885295868,0.9827586206896551,0.8174442190669371,0.806551703562265
55,0.10992767661809921,0.9766734279918864,0.8123732251521298,0.8014201324661376
56,0.10395479202270508,0.9847870182555781,0.8149087221095335,0.806551703562265
57,0.10680948942899704,0.9847870182555781,0.8133874239350912,0.8128766632853989
58,0.0943664014339447,0.9847870182555781,0.815922920892495,0.8073274061698192
59,0.10627419501543045,0.9888438133874239,0.8194726166328601,0.8045229428963542
60,0.09364735335111618,0.9888438133874239,0.8144016227180527,0.8041052568769019
61,0.0857144370675087,0.9837728194726166,0.8118661257606491,0.8050599677785071
62,0.1068950742483139,0.9878296146044625,0.8052738336713996,0.8046422817590548
63,0.10786163806915283,0.9847870182555781,0.8047667342799188,0.8045229428963542
64,0.09978172183036804,0.9766734279918864,0.8002028397565923,0.7950951727430038
65,0.11392877995967865,0.9898580121703854,0.8179513184584178,0.8113849275016409
66,0.09272348880767822,0.9908722109533469,0.8240365111561866,0.8147860850886091
67,0.10565441846847534,0.986815415821501,0.821501014198783,0.8130556715794498
68,0.08738327771425247,0.9929006085192698,0.8225152129817445,0.8159198042842651
69,0.09902457892894745,0.9949290060851927,0.8250507099391481,0.8171131929112716
70,0.08600004762411118,0.9918864097363083,0.8255578093306288,0.8149650933826601
71,0.09239378571510315,0.9918864097363083,0.8204868154158215,0.8140700519124052
72,0.07155050337314606,0.9918864097363083,0.8179513184584178,0.8144877379318575
73,0.08628499507904053,0.9939148073022313,0.815922920892495,0.8116832746583925
74,0.0781855657696724,0.9939148073022313,0.7991886409736308,0.79813831374187
75,0.10246199369430542,0.9837728194726166,0.8052738336713996,0.8104898860313862
76,0.14594945311546326,0.9858012170385395,0.815922920892495,0.8158004654215645
77,0.09836939722299576,0.9888438133874239,0.8123732251521298,0.809535175129781
78,0.1112741157412529,0.9929006085192698,0.8204868154158215,0.8172922012053225
79,0.09558071196079254,0.9949290060851927,0.827079107505071,0.8208723670863417
80,0.09616922587156296,0.9949290060851927,0.8225152129817445,0.8212303836744436
81,0.11190158128738403,0.9929006085192698,0.8128803245436106,0.8118622829524434
82,0.10985376685857773,0.9888438133874239,0.8174442190669371,0.8171131929112716
83,0.09496884793043137,0.9878296146044625,0.8240365111561866,0.8217077391252461
84,0.12081393599510193,0.9918864097363083,0.8174442190669371,0.8211110448117429
85,0.10378144681453705,0.9858012170385395,0.8098377281947262,0.8150247628140104
86,0.1251891851425171,0.9959432048681541,0.8230223123732252,0.8132943493048511
87,0.09960068017244339,0.9918864097363083,0.8240365111561866,0.8123993078345964
88,0.07931949198246002,0.9918864097363083,0.8169371196754563,0.8070887284444179
89,0.08895105123519897,0.9929006085192698,0.8118661257606491,0.8092368279730294
90,0.09199341386556625,0.9969574036511156,0.8149087221095335,0.8121009606778448
91,0.08734653145074844,0.9949290060851927,0.8133874239350912,0.8149054239513097
92,0.10045608878135681,0.9969574036511156,0.8255578093306288,0.8187242675577302
93,0.07125820219516754,0.9969574036511156,0.8255578093306288,0.8188436064204309
94,0.07818586379289627,0.9969574036511156,0.8250507099391481,0.8169938540485709
95,0.07973237335681915,0.9969574036511156,0.8189655172413793,0.8116832746583925
96,0.0841398537158966,0.9969574036511156,0.8250507099391481,0.8140700519124052
97,0.08919277787208557,0.9959432048681541,0.8301217038539553,0.8249895578495137
98,0.07114169746637344,0.9939148073022313,0.8286004056795132,0.8268393102213736
99,0.08622121810913086,0.9959432048681541,0.8275862068965517,0.8258249298884182
100,0.0768171101808548,0.9969574036511156,0.8255578093306288,0.8209917059490424
101,0.056900180876255035,0.9969574036511156,0.8245436105476673,0.8165761680291187
102,0.05488396808505058,0.9969574036511156,0.8311359026369168,0.8209917059490424
103,0.07258403301239014,0.9969574036511156,0.8235294117647058,0.8184259204009786
104,0.07337121665477753,0.9949290060851927,0.8164300202839757,0.8131750104421505
105,0.09744804352521896,0.9989858012170385,0.8326572008113591,0.8185452592636793
106,0.08437105268239975,0.9969574036511156,0.8230223123732252,0.8150247628140104
107,0.08210117369890213,0.9949290060851927,0.8194726166328601,0.8150844322453608
108,0.09319458156824112,0.9918864097363083,0.8230223123732252,0.8193209618712334
109,0.09339587390422821,0.9908722109533469,0.8230223123732252,0.8175308789307237
110,0.1295454502105713,0.9908722109533469,0.8204868154158215,0.8155021182648129
111,0.11304295063018799,0.9918864097363083,0.8255578093306288,0.8188436064204309
112,0.10482217371463776,0.9929006085192698,0.8250507099391481,0.8147264156572588
113,0.10033229738473892,0.9929006085192698,0.8311359026369168,0.8187242675577302
114,0.0907764583826065,0.9939148073022313,0.8296146044624746,0.8187242675577302
115,0.10807452350854874,0.9949290060851927,0.8240365111561866,0.8171131929112716
116,0.08696074783802032,0.9939148073022313,0.8199797160243407,0.819619309027985
117,0.08973447978496552,0.9929006085192698,0.8164300202839757,0.816635837460469
118,0.10436340421438217,0.9939148073022313,0.8133874239350912,0.8186049286950295
119,0.09958844631910324,0.9929006085192698,0.8230223123732252,0.8180679038128766
120,0.10984007269144058,0.9949290060851927,0.815922920892495,0.8178888955188257
121,0.10851090401411057,0.9939148073022313,0.8225152129817445,0.8274360045348768
122,0.07921495288610458,0.9929006085192698,0.827079107505071,0.8220657557133481
123,0.1112959235906601,0.9979716024340771,0.8230223123732252,0.8200966644787875
124,0.06978049129247665,0.9918864097363083,0.8098377281947262,0.8113252580702905
125,0.1015973687171936,0.9949290060851927,0.813894523326572,0.8187242675577302
126,0.09257929772138596,0.9979716024340771,0.8230223123732252,0.8249298884181634
127,0.06472430378198624,0.9989858012170385,0.8255578093306288,0.8249895578495137
128,0.07869778573513031,0.9989858012170385,0.8275862068965517,0.8231994749090041
129,0.059010837227106094,0.9959432048681541,0.829107505070994,0.8158601348529149
130,0.08479870855808258,0.9969574036511156,0.8265720081135902,0.8202160033414881
131,0.10078883171081543,0.9969574036511156,0.8265720081135902,0.8260039381824691
132,0.07085153460502625,0.9989858012170385,0.8260649087221096,0.8258249298884182
133,0.07956652343273163,0.9969574036511156,0.8255578093306288,0.8200966644787875
134,0.09099340438842773,0.9959432048681541,0.8189655172413793,0.8190226147144818
135,0.08290861546993256,0.9959432048681541,0.827079107505071,0.8245718718300614
136,0.10524975508451462,0.9989858012170385,0.827079107505071,0.8233784832030551
137,0.08697347342967987,1.0,0.8286004056795132,0.8245122023987111
138,0.08195225149393082,0.9959432048681541,0.8275862068965517,0.8257652604570679
139,0.08558125793933868,0.9939148073022313,0.8220081135902637,0.820753028223641
140,0.09254065901041031,0.9959432048681541,0.8260649087221096,0.8220657557133481
141,0.06575213372707367,0.9959432048681541,0.8280933062880325,0.8238558386538576
142,0.10773486644029617,0.9959432048681541,0.8245436105476673,0.8221254251446983
143,0.09696375578641891,0.9918864097363083,0.8240365111561866,0.8204546810668895
144,0.11288975179195404,0.9959432048681541,0.8275862068965517,0.8240945163792589
145,0.07389891892671585,0.9959432048681541,0.8235294117647058,0.8204546810668895
146,0.09000714868307114,0.9979716024340771,0.8245436105476673,0.8228414583209022
147,0.07820981740951538,0.9969574036511156,0.8245436105476673,0.8215884002625455
148,0.07307460159063339,0.9949290060851927,0.8199797160243407,0.8169938540485709
149,0.07874926179647446,0.9959432048681541,0.8235294117647058,0.8206933587922907
150,0.06258397549390793,0.9969574036511156,0.8301217038539553,0.8248105495554627
151,0.09581872075796127,0.9969574036511156,0.8316430020283976,0.8263619547705711
152,0.07213519513607025,0.9989858012170385,0.8265720081135902,0.8223641028700996
153,0.08431745320558548,0.9959432048681541,0.8149087221095335,0.8136523658929531
154,0.1023067906498909,0.9969574036511156,0.8133874239350912,0.8115639357956919
155,0.09273773431777954,0.9959432048681541,0.821501014198783,0.8191419535771824
156,0.07112541049718857,0.9949290060851927,0.8245436105476673,0.8191419535771824
157,0.07171430438756943,0.9939148073022313,0.8230223123732252,0.8197386478906856
158,0.08684161305427551,0.9949290060851927,0.8179513184584178,0.8162778208723671
159,0.08393671363592148,0.9939148073022313,0.8179513184584178,0.8132346798735008
160,0.09362313151359558,0.9929006085192698,0.8189655172413793,0.8135330270302524
161,0.08857450634241104,0.9908722109533469,0.8184584178498986,0.8140700519124052
162,0.08261086791753769,0.9949290060851927,0.8280933062880325,0.822244764007399
163,0.1016702800989151,0.9969574036511156,0.8301217038539553,0.8224834417328003
164,0.08019529283046722,0.9969574036511156,0.8280933062880325,0.8229607971836028
165,0.06903532892465591,0.9979716024340771,0.8230223123732252,0.819440300733934
166,0.07365475594997406,0.9969574036511156,0.8235294117647058,0.8178888955188257
167,0.08771044760942459,0.9969574036511156,0.8255578093306288,0.8187839369890805
168,0.08870023488998413,0.9979716024340771,0.8255578093306288,0.8208126976549913
169,0.08653664588928223,0.9949290060851927,0.8280933062880325,0.8194999701652843
170,0.0879722461104393,0.9959432048681541,0.8255578093306288,0.8172922012053225
171,0.09460677951574326,0.9989858012170385,0.829107505070994,0.8219464168506474
172,0.10188736021518707,0.9969574036511156,0.829107505070994,0.8226624500268512
173,0.08151961863040924,0.9959432048681541,0.8275862068965517,0.8180082343815264
174,0.07991520315408707,0.9959432048681541,0.8199797160243407,0.8149650933826601
175,0.09333194047212601,0.9969574036511156,0.8240365111561866,0.8152634405394117
176,0.08989591151475906,0.9959432048681541,0.8245436105476673,0.8137120353243034
177,0.06819205731153488,0.9949290060851927,0.8240365111561866,0.8136523658929531
178,0.09925571829080582,0.9979716024340771,0.8280933062880325,0.8208723670863417
179,0.07294245064258575,0.9989858012170385,0.8255578093306288,0.8205143504982397
180,0.10066057741641998,0.9969574036511156,0.8209939148073022,0.8231994749090041
181,0.07344155013561249,0.9959432048681541,0.8179513184584178,0.8102512083059848
182,0.10556134581565857,0.9969574036511156,0.8169371196754563,0.8174712094993735
183,0.06359922140836716,0.9929006085192698,0.8133874239350912,0.8145474073632079
184,0.07943601161241531,0.9969574036511156,0.815922920892495,0.8129960021480995
185,0.06532950699329376,0.9989858012170385,0.8179513184584178,0.8172325317739721
186,0.060710325837135315,0.9989858012170385,0.8275862068965517,0.8229607971836028
187,0.07690618187189102,0.9979716024340771,0.8245436105476673,0.8242138552419596
188,0.07344523817300797,0.9959432048681541,0.8250507099391481,0.8254072438689659
189,0.1025262102484703,0.9989858012170385,0.8250507099391481,0.8232591443403544
190,0.07242261618375778,0.9979716024340771,0.821501014198783,0.8186049286950295
191,0.10445885360240936,0.9979716024340771,0.8174442190669371,0.8157407959902142
192,0.10528770834207535,0.9969574036511156,0.8240365111561866,0.8201563339101379
193,0.08598390966653824,0.9929006085192698,0.8164300202839757,0.8169341846172206
194,0.09942076355218887,0.9959432048681541,0.8204868154158215,0.8190822841458321
195,0.09743005037307739,0.9949290060851927,0.8194726166328601,0.8220060862819978
196,0.08728420734405518,0.9969574036511156,0.8164300202839757,0.8196789784593352
197,0.08921580016613007,0.9969574036511156,0.8209939148073022,0.8200369950474372
198,0.078455850481987,0.9949290060851927,0.8235294117647058,0.8204546810668895
199,0.07980077713727951,0.9939148073022313,0.827079107505071,0.819440300733934
200,0.11822950094938278,0.9929006085192698,0.8255578093306288,0.8143683990691569
201,0.12249749898910522,0.9939148073022313,0.8194726166328601,0.8137717047556536
202,0.10192421078681946,0.9939148073022313,0.8301217038539553,0.823557491497106
203,0.10300592333078384,0.9929006085192698,0.8280933062880325,0.8254669133003163
204,0.07577714323997498,0.9979716024340771,0.827079107505071,0.8245122023987111
205,0.09440690279006958,0.9979716024340771,0.8255578093306288,0.8223044334387494
206,0.09578746557235718,0.9989858012170385,0.8286004056795132,0.8220657557133481
207,0.09189418703317642,0.9969574036511156,0.8407707910750507,0.8248105495554627
208,0.06674890220165253,0.9949290060851927,0.8372210953346856,0.8233188137717048
209,0.07407371699810028,0.9939148073022313,0.8230223123732252,0.8175905483620741
210,0.10062216967344284,0.9959432048681541,0.8189655172413793,0.8072080673071186
211,0.08935268223285675,0.9939148073022313,0.8204868154158215,0.8135330270302524
212,0.08256760984659195,0.9959432048681541,0.827079107505071,0.8233784832030551
213,0.0983939990401268,0.9959432048681541,0.8286004056795132,0.8245718718300614
214,0.09485673159360886,0.9959432048681541,0.8235294117647058,0.8183662509696282
215,0.10128285735845566,0.9959432048681541,0.8204868154158215,0.8158004654215645
216,0.08370808511972427,0.9969574036511156,0.8225152129817445,0.8171131929112716
217,0.0791994258761406,0.9959432048681541,0.8240365111561866,0.818127573244227
218,0.085201196372509,0.9939148073022313,0.821501014198783,0.812339638403246
219,0.09535866230726242,0.9959432048681541,0.8225152129817445,0.8131750104421505
220,0.06808935850858688,0.9989858012170385,0.8260649087221096,0.8165164985977683
221,0.06163584440946579,0.9959432048681541,0.8174442190669371,0.8117429440897428
222,0.09826181083917618,0.9989858012170385,0.8225152129817445,0.8162778208723671
223,0.06808901578187943,0.9969574036511156,0.8164300202839757,0.8116236052270421
224,0.0930025577545166,0.9969574036511156,0.8250507099391481,0.823915508085208
225,0.07978413999080658,0.9939148073022313,0.8265720081135902,0.8279730294170297
226,0.08442503958940506,0.9959432048681541,0.827079107505071,0.8252879050062653
227,0.08622605353593826,0.9969574036511156,0.8316430020283976,0.8225431111641506
228,0.06921044737100601,0.9959432048681541,0.8230223123732252,0.8196789784593352
229,0.08737336099147797,0.9959432048681541,0.8230223123732252,0.8189629452831314
230,0.0876469761133194,0.9918864097363083,0.815922920892495,0.8088191419535772
231,0.10150980949401855,0.9959432048681541,0.8103448275862069,0.8051793066412077
232,0.10764283686876297,0.9959432048681541,0.8108519269776876,0.8097738528551823
233,0.09020671248435974,0.9939148073022313,0.8184584178498986,0.8189032758517811
234,0.08972226828336716,0.9959432048681541,0.8255578093306288,0.8230801360463035
235,0.09762876480817795,0.9939148073022313,0.8204868154158215,0.8230204666149532
236,0.10301293432712555,0.9929006085192698,0.815922920892495,0.8184259204009786
237,0.09113378077745438,0.9949290060851927,0.8154158215010142,0.8146070767945581
238,0.09025661647319794,0.9959432048681541,0.8154158215010142,0.81681484575452
239,0.08640358597040176,0.9969574036511156,0.8260649087221096,0.825049227280864
240,0.07791417092084885,0.9959432048681541,0.8296146044624746,0.8266603019273226
241,0.061610147356987,0.9969574036511156,0.8194726166328601,0.8159794737156155
242,0.08425527811050415,0.9989858012170385,0.8199797160243407,0.8137120353243034
243,0.08867965638637543,0.9969574036511156,0.827079107505071,0.8215884002625455
244,0.09630988538265228,0.9979716024340771,0.8356997971602435,0.8270779879467749
245,0.09129058569669724,0.9949290060851927,0.8321501014198783,0.8277343516916283
246,0.08471877127885818,0.9969574036511156,0.829107505070994,0.821290053105794
247,0.0879807397723198,0.9989858012170385,0.8204868154158215,0.813831374187004
248,0.08833394944667816,0.9979716024340771,0.8220081135902637,0.8200369950474372
249,0.05656285956501961,0.9949290060851927,0.827079107505071,0.8190822841458321
250,0.0695686936378479,0.9979716024340771,0.8286004056795132,0.8170535234799212
251,0.06825724989175797,0.9989858012170385,0.8194726166328601,0.8146667462259085
252,0.06739605963230133,0.9989858012170385,0.8189655172413793,0.8130556715794498
253,0.078879214823246,0.9959432048681541,0.8169371196754563,0.8144877379318575
254,0.08105308562517166,0.9929006085192698,0.8169371196754563,0.8131750104421505
255,0.08247602730989456,0.9959432048681541,0.8189655172413793,0.821290053105794
256,0.07665173709392548,0.9989858012170385,0.8301217038539553,0.8234978220657557
257,0.0975198820233345,1.0,0.8296146044624746,0.8218270779879467
258,0.05654539540410042,1.0,0.8220081135902637,0.8120412912464944
259,0.07493384927511215,0.9979716024340771,0.8220081135902637,0.8131750104421505
260,0.09928925335407257,0.9969574036511156,0.84026369168357,0.8253475744376156
261,0.0684969499707222,0.9969574036511156,0.8316430020283976,0.8220060862819978
262,0.05608532950282097,0.9898580121703854,0.8199797160243407,0.8129363327167493
263,0.11274922639131546,0.9959432048681541,0.8296146044624746,0.8240348469479086
264,0.09118685871362686,0.9908722109533469,0.8301217038539553,0.8243331941046602
265,0.14406178891658783,0.9959432048681541,0.8209939148073022,0.815323109970762
266,0.09741508215665817,0.9918864097363083,0.815922920892495,0.8074467450325198
267,0.11115213483572006,0.9939148073022313,0.8245436105476673,0.8161584820096665
268,0.10001987218856812,0.9878296146044625,0.8245436105476673,0.8190226147144818
269,0.1180165633559227,0.9898580121703854,0.8255578093306288,0.8221254251446983
270,0.10440018773078918,0.9908722109533469,0.8225152129817445,0.8194999701652843
271,0.09330816566944122,0.9939148073022313,0.8133874239350912,0.813831374187004
272,0.1271340698003769,0.9959432048681541,0.8235294117647058,0.8257055910257175
273,0.07524574548006058,0.9908722109533469,0.8275862068965517,0.8253475744376156
274,0.1390659660100937,0.9969574036511156,0.8286004056795132,0.824870218986813
275,0.09926477074623108,0.9979716024340771,0.8088235294117647,0.8106092248940867
276,0.08075384795665741,0.9939148073022313,0.8073022312373225,0.8114445969329912
277,0.11380427330732346,0.9949290060851927,0.8225152129817445,0.8237961692225073
278,0.0854344516992569,0.9979716024340771,0.8286004056795132,0.8253475744376156
279,0.05826600268483162,0.9969574036511156,0.8245436105476673,0.823915508085208
280,0.12335419654846191,0.9979716024340771,0.8199797160243407,0.8174115400680232
281,0.08152221143245697,0.9959432048681541,0.8179513184584178,0.819261292439883
282,0.07328850775957108,0.9959432048681541,0.8220081135902637,0.8203950116355391
283,0.09991271793842316,0.9959432048681541,0.829107505070994,0.8240348469479086
284,0.08585929125547409,0.9959432048681541,0.8356997971602435,0.8275553433975774
285,0.08017875999212265,0.9969574036511156,0.8351926977687627,0.8303598066710425
286,0.06491294503211975,0.9989858012170385,0.8306288032454361,0.8242735246733098
287,0.0723908469080925,0.9989858012170385,0.829107505070994,0.823915508085208
288,0.09545310586690903,0.9989858012170385,0.8336713995943205,0.8245122023987111
289,0.054822973906993866,0.9989858012170385,0.8321501014198783,0.819440300733934
290,0.059669941663742065,0.9979716024340771,0.8316430020283976,0.8204546810668895
291,0.08064146339893341,0.9979716024340771,0.829107505070994,0.8230204666149532
292,0.08388306945562363,0.9949290060851927,0.8179513184584178,0.8178292260874754
293,0.08558817207813263,0.9939148073022313,0.8230223123732252,0.8219464168506474
294,0.0754150003194809,0.9949290060851927,0.8321501014198783,0.8249298884181634
295,0.11454085260629654,0.9989858012170385,0.8316430020283976,0.8261232770451697
296,0.10546883940696716,0.9989858012170385,0.8250507099391481,0.8234381526344053
297,0.0879657119512558,0.9979716024340771,0.8220081135902637,0.8123993078345964
298,0.06819471716880798,0.9959432048681541,0.8280933062880325,0.8180082343815264
299,0.0839054211974144,0.9969574036511156,0.8286004056795132,0.817948564950176
300,0.07725724577903748,0.9969574036511156,0.8235294117647058,0.8168745151858703
301,0.06754286587238312,0.9969574036511156,0.821501014198783,0.8169341846172206
302,0.0779789611697197,0.9949290060851927,0.8194726166328601,0.8134136881675518
303,0.09164818376302719,0.9969574036511156,0.8199797160243407,0.8132943493048511
304,0.06931617856025696,0.9959432048681541,0.815922920892495,0.8047616206217555
305,0.10003027319908142,0.9929006085192698,0.827079107505071,0.8168745151858703
306,0.08359075337648392,0.9918864097363083,0.8296146044624746,0.8221254251446983
307,0.08713776618242264,0.9929006085192698,0.8235294117647058,0.8205740199295901
308,0.0657980740070343,0.9959432048681541,0.8245436105476673,0.822602780595501
309,0.06869760900735855,1.0,0.8230223123732252,0.8182469121069276
310,0.06895103305578232,0.9969574036511156,0.8204868154158215,0.8178888955188257
311,0.08164379745721817,0.9949290060851927,0.8209939148073022,0.8148457545199594
312,0.06094013527035713,0.9969574036511156,0.8169371196754563,0.8130556715794498
313,0.07222630083560944,0.9939148073022313,0.8133874239350912,0.8123993078345964
314,0.08792610466480255,0.9969574036511156,0.8149087221095335,0.8130556715794498
315,0.07130537182092667,0.9969574036511156,0.815922920892495,0.8092368279730294
316,0.05961136147379875,0.9979716024340771,0.8225152129817445,0.8093561668357301
317,0.08486146479845047,0.9989858012170385,0.8260649087221096,0.813831374187004
318,0.07689935714006424,1.0,0.8280933062880325,0.8184855898323289
319,0.10789096355438232,0.9969574036511156,0.827079107505071,0.8200966644787875
320,0.08837597817182541,0.9969574036511156,0.8250507099391481,0.8283310460051315
321,0.09595334529876709,0.9939148073022313,0.8260649087221096,0.8283310460051315
322,0.09687140583992004,0.9929006085192698,0.8220081135902637,0.8221850945760487
323,0.1258869171142578,0.9939148073022313,0.8245436105476673,0.8263619547705711
324,0.11761816591024399,0.9898580121703854,0.8199797160243407,0.8243331941046602
325,0.11984777450561523,0.9939148073022313,0.815922920892495,0.8160391431469658
326,0.11485046148300171,0.9969574036511156,0.8235294117647058,0.8213497225371442
327,0.09936079382896423,0.9979716024340771,0.8275862068965517,0.8226624500268512
328,0.0998295322060585,0.9969574036511156,0.8265720081135902,0.8195596395966347
329,0.08921612799167633,0.9979716024340771,0.8220081135902637,0.818127573244227
330,0.07637009769678116,0.9908722109533469,0.8199797160243407,0.8119219523837938
331,0.106867216527462,0.9908722109533469,0.827079107505071,0.8177098872247748
332,0.09628254175186157,0.9939148073022313,0.8250507099391481,0.8219464168506474
333,0.11097849160432816,0.9929006085192698,0.827079107505071,0.823915508085208
334,0.08587569743394852,0.9939148073022313,0.8306288032454361,0.8215884002625455
335,0.0809769257903099,0.9969574036511156,0.8296146044624746,0.8240945163792589
336,0.07062142342329025,0.9989858012170385,0.8235294117647058,0.8224834417328003
337,0.07010430842638016,0.9949290060851927,0.8179513184584178,0.8156214571275135
338,0.09217410534620285,0.9989858012170385,0.8265720081135902,0.8231398054776538
339,0.08256033062934875,0.9969574036511156,0.8260649087221096,0.8261829464765201
340,0.07923492789268494,0.9969574036511156,0.8250507099391481,0.8276746822602781
341,0.09512807428836823,0.9959432048681541,0.8230223123732252,0.8165761680291187
342,0.07928173243999481,0.9969574036511156,0.8250507099391481,0.8203353422041888
343,0.0880543664097786,0.9969574036511156,0.8240365111561866,0.8209917059490424
344,0.08199533075094223,0.9959432048681541,0.8169371196754563,0.8163374903037174
345,0.07586002349853516,0.9959432048681541,0.8230223123732252,0.8198579867533863
346,0.09141185879707336,0.9959432048681541,0.8220081135902637,0.8248105495554627
347,0.07235963642597198,0.9929006085192698,0.8326572008113591,0.8307774926904946
348,0.10778568685054779,0.9939148073022313,0.8356997971602435,0.8320305507488513
349,0.11063974350690842,0.9939148073022313,0.8331643002028397,0.8218270779879467
350,0.08779894560575485,0.9979716024340771,0.8326572008113591,0.825228235574915
351,0.08046089112758636,0.9918864097363083,0.8321501014198783,0.8280923682797303
352,0.08343343436717987,0.9949290060851927,0.8301217038539553,0.8285100542991826
353,0.07723422348499298,0.9959432048681541,0.8209939148073022,0.8220060862819978
354,0.09562281519174576,0.9979716024340771,0.815922920892495,0.817948564950176
355,0.08596212416887283,0.9989858012170385,0.829107505070994,0.822602780595501
356,0.08523738384246826,0.9969574036511156,0.829107505070994,0.825228235574915
357,0.06931264698505402,0.9929006085192698,0.821501014198783,0.8211707142430933
358,0.09292536973953247,0.9939148073022313,0.821501014198783,0.8162778208723671
359,0.077896848320961,0.9979716024340771,0.8301217038539553,0.819619309027985
360,0.08903420716524124,1.0,0.8316430020283976,0.8220060862819978
361,0.08589666336774826,0.9989858012170385,0.8351926977687627,0.8261829464765201
362,0.08048170804977417,0.9979716024340771,0.8341784989858012,0.8268393102213736
363,0.06521623581647873,0.9959432048681541,0.8275862068965517,0.8225431111641506
364,0.0643410012125969,0.9969574036511156,0.8240365111561866,0.819261292439883
365,0.0828840434551239,0.9939148073022313,0.8311359026369168,0.8224834417328003
366,0.08604696393013,0.9959432048681541,0.8311359026369168,0.8227221194582016
367,0.1103137880563736,0.9969574036511156,0.8326572008113591,0.8197386478906856
368,0.05794626474380493,0.9959432048681541,0.8240365111561866,0.8180082343815264
369,0.10691598057746887,0.9949290060851927,0.8209939148073022,0.8149054239513097
370,0.09427376836538315,0.9959432048681541,0.827079107505071,0.8184259204009786
371,0.06555388122797012,0.9949290060851927,0.8296146044624746,0.8221850945760487
372,0.09627031534910202,0.9949290060851927,0.8316430020283976,0.8263619547705711
373,0.09656719863414764,0.9979716024340771,0.8321501014198783,0.8249895578495137
374,0.07510481774806976,0.9969574036511156,0.821501014198783,0.8175905483620741
375,0.06881040334701538,0.9969574036511156,0.8280933062880325,0.8234978220657557
376,0.07339943200349808,0.9979716024340771,0.8362068965517241,0.8259442687511188
377,0.06577896326780319,0.9959432048681541,0.829107505070994,0.8226624500268512
378,0.06694036722183228,0.9949290060851927,0.8189655172413793,0.8185452592636793
379,0.061551403254270554,0.9969574036511156,0.8220081135902637,0.8184259204009786
380,0.07946551591157913,0.9979716024340771,0.8296146044624746,0.8253475744376156
381,0.07228569686412811,0.9969574036511156,0.8336713995943205,0.8263022853392207
382,0.07859927415847778,0.9969574036511156,0.8260649087221096,0.8190822841458321
383,0.09496725350618362,0.9929006085192698,0.8280933062880325,0.8147264156572588
384,0.09661763161420822,0.9969574036511156,0.8286004056795132,0.8169341846172206
385,0.07798312604427338,0.9969574036511156,0.8225152129817445,0.8153827794021123
386,0.07579682022333145,0.9969574036511156,0.8209939148073022,0.8109075720508384
387,0.08469031751155853,0.9929006085192698,0.8225152129817445,0.8173518706366728
388,0.09392471611499786,0.9929006085192698,0.8240365111561866,0.8227817888895519
389,0.0935412049293518,0.9969574036511156,0.8235294117647058,0.8163374903037174
390,0.08017688244581223,0.9979716024340771,0.8220081135902637,0.8094158362670804
391,0.1030493974685669,0.9949290060851927,0.8250507099391481,0.8143087296378065
392,0.08202704042196274,0.9969574036511156,0.8260649087221096,0.8196789784593352
393,0.08903797715902328,0.9949290060851927,0.829107505070994,0.817769556656125
394,0.09301480650901794,0.9959432048681541,0.8230223123732252,0.8119219523837938
395,0.09510665386915207,0.9908722109533469,0.815922920892495,0.8104302166000358
396,0.10579262673854828,0.9908722109533469,0.8336713995943205,0.824870218986813
397,0.09172206372022629,0.9878296146044625,0.8265720081135902,0.8232591443403544
398,0.11356250196695328,0.9949290060851927,0.8189655172413793,0.8175308789307237
399,0.08619005978107452,0.9929006085192698,0.8093306288032455,0.804284265170953
400,0.08900617063045502,0.9969574036511156,0.8169371196754563,0.8110865803448893
401,0.09216983616352081,0.9959432048681541,0.8280933062880325,0.820753028223641
402,0.07023295760154724,0.9969574036511156,0.827079107505071,0.8260039381824691
403,0.07570799440145493,0.9959432048681541,0.8209939148073022,0.8226624500268512
404,0.06777551770210266,0.9959432048681541,0.8123732251521298,0.8149054239513097
405,0.09118758887052536,0.9979716024340771,0.8164300202839757,0.8172922012053225
406,0.0676288977265358,0.9979716024340771,0.8154158215010142,0.8184855898323289
407,0.08978830277919769,0.9939148073022313,0.8209939148073022,0.8198579867533863
408,0.0987621396780014,0.9939148073022313,0.8260649087221096,0.825049227280864
409,0.08798951655626297,0.9929006085192698,0.8194726166328601,0.8251685661435646
410,0.10212045162916183,0.9949290060851927,0.8169371196754563,0.8225431111641506
411,0.09409833699464798,0.9969574036511156,0.8240365111561866,0.8234381526344053
412,0.08337825536727905,0.9979716024340771,0.8179513184584178,0.8200966644787875
413,0.09722293168306351,0.9969574036511156,0.8245436105476673,0.8246315412614118
414,0.08228100091218948,0.9959432048681541,0.8321501014198783,0.829166418044036
415,0.07446728646755219,0.9949290060851927,0.8301217038539553,0.8288680708872844
416,0.0683193951845169,0.9959432048681541,0.821501014198783,0.8280326988483799
417,0.07696069777011871,0.9969574036511156,0.827079107505071,0.8200966644787875
418,0.08742541819810867,0.9959432048681541,0.8255578093306288,0.820932036517692
419,0.07883049547672272,0.9959432048681541,0.8306288032454361,0.8264812936332717
420,0.0703405886888504,0.9959432048681541,0.8316430020283976,0.8258249298884182
421,0.09218227118253708,0.9959432048681541,0.8245436105476673,0.8244525329673609
422,0.0619252510368824,0.9939148073022313,0.8199797160243407,0.8217077391252461
423,0.07093394547700882,0.9918864097363083,0.8194726166328601,0.8199176561847366
424,0.11074146628379822,0.9949290060851927,0.8225152129817445,0.8259442687511188
425,0.09846978634595871,0.9989858012170385,0.8245436105476673,0.826540963064622
426,0.10609791427850723,1.0,0.8194726166328601,0.8180679038128766
427,0.09862522035837173,0.9959432048681541,0.827079107505071,0.8211707142430933
428,0.06595246493816376,0.9929006085192698,0.8336713995943205,0.8263022853392207
429,0.09848853945732117,0.9949290060851927,0.8321501014198783,0.8283907154364819
430,0.11491554230451584,0.9969574036511156,0.8286004056795132,0.8267199713586729
431,0.1120770275592804,0.9949290060851927,0.8245436105476673,0.8208126976549913
432,0.09720857441425323,0.9969574036511156,0.8311359026369168,0.8260039381824691
433,0.08260788023471832,0.9939148073022313,0.8301217038539553,0.8296437734948386
434,0.0802529975771904,0.9949290060851927,0.827079107505071,0.8312548481412972
435,0.10061861574649811,0.9939148073022313,0.8260649087221096,0.8283310460051315
436,0.11225695163011551,0.9979716024340771,0.829107505070994,0.828211707142431
437,0.07175440341234207,0.9989858012170385,0.8245436105476673,0.8242138552419596
438,0.0800783559679985,0.9969574036511156,0.8230223123732252,0.8221254251446983
439,0.06811947375535965,0.9979716024340771,0.8199797160243407,0.8202160033414881
440,0.06723232567310333,0.9979716024340771,0.8255578093306288,0.8249895578495137
441,0.06399355083703995,0.9929006085192698,0.8255578093306288,0.826540963064622
442,0.0730489045381546,0.9929006085192698,0.8275862068965517,0.8312548481412972
443,0.08928943425416946,0.9959432048681541,0.8265720081135902,0.8294050957694373
444,0.08893043547868729,0.9969574036511156,0.8225152129817445,0.8221850945760487
445,0.07994966208934784,0.9979716024340771,0.8149087221095335,0.8156811265588639
446,0.0912536159157753,0.9979716024340771,0.8194726166328601,0.8186645981263798
447,0.08266916871070862,0.9959432048681541,0.8280933062880325,0.820932036517692
448,0.08539813756942749,0.9969574036511156,0.8220081135902637,0.8198579867533863
449,0.07221464067697525,0.9989858012170385,0.8235294117647058,0.8189032758517811
450,0.07469464838504791,0.9989858012170385,0.8265720081135902,0.8162181514410167
451,0.07980182766914368,0.9989858012170385,0.821501014198783,0.8215884002625455
452,0.06563765555620193,0.9989858012170385,0.8209939148073022,0.8206933587922907
453,0.0743233934044838,0.9989858012170385,0.8230223123732252,0.8203353422041888
454,0.062308672815561295,0.9969574036511156,0.8189655172413793,0.8192016230085327
455,0.08639507740736008,0.9969574036511156,0.8194726166328601,0.8167551763231696
456,0.06854403018951416,0.9969574036511156,0.8235294117647058,0.8200966644787875
457,0.0722774937748909,0.9969574036511156,0.8240365111561866,0.8237961692225073
458,0.10291755944490433,0.9939148073022313,0.8225152129817445,0.8225431111641506
459,0.0833120048046112,0.9949290060851927,0.8225152129817445,0.8171728623426219
460,0.07768917828798294,1.0,0.8326572008113591,0.8263022853392207
461,0.0790020003914833,0.9959432048681541,0.8275862068965517,0.8285697237305328
462,0.07936485856771469,0.9989858012170385,0.8275862068965517,0.8247508801241125
463,0.07506536692380905,0.9989858012170385,0.8133874239350912,0.8178888955188257
464,0.06182541325688362,0.9989858012170385,0.8057809330628803,0.8067903812876663
465,0.09532161056995392,1.0,0.821501014198783,0.8159198042842651
466,0.06431765854358673,0.9969574036511156,0.8194726166328601,0.8147860850886091
467,0.10313169658184052,0.9969574036511156,0.8225152129817445,0.8184855898323289
468,0.05472489818930626,0.9929006085192698,0.8078093306288032,0.8053583149352587
469,0.09712816774845123,0.9949290060851927,0.8199797160243407,0.8231398054776538
470,0.07684816420078278,0.9979716024340771,0.8286004056795132,0.824870218986813
471,0.09509097784757614,0.9979716024340771,0.8235294117647058,0.8253475744376156
472,0.08350197225809097,0.9969574036511156,0.8204868154158215,0.8227221194582016
473,0.07136569917201996,0.9959432048681541,0.8133874239350912,0.819440300733934
474,0.09617944061756134,0.9969574036511156,0.8199797160243407,0.8234978220657557
475,0.08917663246393204,0.9969574036511156,0.8209939148073022,0.8249298884181634
476,0.08308233320713043,0.9949290060851927,0.8194726166328601,0.8220657557133481
477,0.08201460540294647,0.9949290060851927,0.8184584178498986,0.8185452592636793
478,0.06506962329149246,0.9918864097363083,0.8154158215010142,0.8137717047556536
479,0.10082726925611496,0.9949290060851927,0.8220081135902637,0.817769556656125
480,0.09297015517950058,0.9929006085192698,0.8265720081135902,0.823557491497106
481,0.09840013086795807,0.9959432048681541,0.8199797160243407,0.8182469121069276
482,0.08937503397464752,0.9959432048681541,0.8209939148073022,0.8181872426755773
483,0.10268063098192215,0.9969574036511156,0.8296146044624746,0.8221850945760487
484,0.08436612039804459,0.9959432048681541,0.8296146044624746,0.8197386478906856
485,0.0874640941619873,0.9969574036511156,0.8209939148073022,0.8167551763231696
486,0.07076646387577057,0.9979716024340771,0.8164300202839757,0.8157407959902142
487,0.08127632737159729,0.9979716024340771,0.813894523326572,0.8149650933826601
488,0.07692079246044159,0.9969574036511156,0.8250507099391481,0.8208723670863417
489,0.07352466136217117,0.9969574036511156,0.829107505070994,0.8211707142430933
490,0.07486458867788315,1.0,0.8275862068965517,0.8187839369890805
491,0.06637594103813171,1.0,0.8301217038539553,0.8212303836744436
492,0.059513792395591736,1.0,0.8321501014198783,0.8246315412614118
493,0.08360804617404938,0.9989858012170385,0.8275862068965517,0.8261232770451697
494,0.06555456668138504,0.9989858012170385,0.821501014198783,0.8208723670863417
495,0.054079748690128326,0.9969574036511156,0.8164300202839757,0.8150247628140104
496,0.0896294116973877,0.9949290060851927,0.834685598377282,0.8266603019273226
497,0.08027955889701843,1.0,0.8296146044624746,0.8263619547705711
498,0.0776979997754097,0.9969574036511156,0.8133874239350912,0.8145474073632079
499,0.07441926747560501,0.9918864097363083,0.8189655172413793,0.8159794737156155
500,0.07810956239700317,0.9949290060851927,0.8220081135902637,0.8245122023987111
501,0.08545909076929092,0.9969574036511156,0.8199797160243407,0.816456829166418
502,0.10015341639518738,0.9989858012170385,0.8235294117647058,0.8178292260874754
503,0.08450688421726227,0.9969574036511156,0.8265720081135902,0.819619309027985
504,0.0809762254357338,0.9959432048681541,0.821501014198783,0.8188436064204309
505,0.08462303131818771,0.9929006085192698,0.8235294117647058,0.8131750104421505
506,0.10745541006326675,0.9939148073022313,0.8169371196754563,0.8074467450325198
507,0.12502162158489227,0.9969574036511156,0.8250507099391481,0.8221254251446983
508,0.10220454633235931,0.9949290060851927,0.8240365111561866,0.8255265827316666
509,0.08662329614162445,0.9959432048681541,0.8275862068965517,0.8241541858106092
510,0.0795569121837616,0.9969574036511156,0.8179513184584178,0.8197386478906856
511,0.0780395120382309,0.9949290060851927,0.8189655172413793,0.8141297213437556
512,0.0740681141614914,0.9969574036511156,0.8194726166328601,0.810847902619488
513,0.08136721700429916,1.0,0.8230223123732252,0.8190822841458321
514,0.06550955027341843,0.9989858012170385,0.8306288032454361,0.8245718718300614
515,0.10664185136556625,0.9949290060851927,0.8240365111561866,0.8154424488334626
516,0.10583173483610153,0.9959432048681541,0.8265720081135902,0.8269586490840742
517,0.060010876506567,0.9929006085192698,0.8280933062880325,0.8266603019273226
518,0.1059984415769577,0.9949290060851927,0.8245436105476673,0.8163374903037174
519,0.08156909048557281,0.9949290060851927,0.8067951318458418,0.8056566620920103
520,0.11394046992063522,0.9949290060851927,0.8022312373225152,0.8043439346023032
521,0.0866701677441597,0.9929006085192698,0.8235294117647058,0.8210513753803926
522,0.07625177502632141,0.9949290060851927,0.8286004056795132,0.824870218986813
523,0.11036621779203415,0.9969574036511156,0.8316430020283976,0.8244525329673609
524,0.09890048950910568,0.9979716024340771,0.8220081135902637,0.8180679038128766
525,0.09748993813991547,0.9979716024340771,0.8108519269776876,0.8130556715794498
526,0.06502599269151688,0.9949290060851927,0.8093306288032455,0.8096545139924817
527,0.0821818858385086,0.9939148073022313,0.8123732251521298,0.812339638403246
528,0.10216345638036728,0.9929006085192698,0.8154158215010142,0.8171728623426219
529,0.09769327193498611,0.9959432048681541,0.8189655172413793,0.8215884002625455
530,0.07093578577041626,0.9949290060851927,0.8204868154158215,0.8208126976549913
531,0.08306337147951126,0.9959432048681541,0.8128803245436106,0.8156214571275135
532,0.08555175364017487,0.9939148073022313,0.8149087221095335,0.8134136881675518
533,0.09863491356372833,0.9969574036511156,0.8184584178498986,0.8152634405394117
534,0.05503233149647713,0.9959432048681541,0.8250507099391481,0.8191419535771824
535,0.08225031197071075,0.9949290060851927,0.8260649087221096,0.8218270779879467
536,0.07626640051603317,0.9959432048681541,0.8280933062880325,0.8208723670863417
537,0.0706443041563034,0.9959432048681541,0.8255578093306288,0.8190226147144818
538,0.07883141189813614,0.9979716024340771,0.8306288032454361,0.8237961692225073
539,0.06699605286121368,0.9979716024340771,0.8286004056795132,0.8271376573781252
540,0.06502875685691833,0.9989858012170385,0.8280933062880325,0.8244525329673609
541,0.07351373881101608,0.9989858012170385,0.8245436105476673,0.8141297213437556
542,0.0734664648771286,0.9959432048681541,0.8220081135902637,0.8135330270302524
543,0.09572786837816238,0.9969574036511156,0.8341784989858012,0.8269586490840742
544,0.08167875558137894,0.9929006085192698,0.829107505070994,0.8266603019273226
545,0.07879962772130966,0.9969574036511156,0.8194726166328601,0.8244525329673609
546,0.06751265376806259,0.9969574036511156,0.8230223123732252,0.8166955068918194
547,0.06818264722824097,0.9969574036511156,0.8194726166328601,0.8200966644787875
548,0.08811865746974945,0.9949290060851927,0.8133874239350912,0.8191419535771824
549,0.10946885496377945,0.9969574036511156,0.8189655172413793,0.8187242675577302
550,0.06094856560230255,0.9969574036511156,0.8133874239350912,0.8144280685005072
551,0.07915838062763214,0.9969574036511156,0.8209939148073022,0.817948564950176
552,0.0793740525841713,0.9929006085192698,0.8240365111561866,0.8178888955188257
553,0.08255962282419205,0.9969574036511156,0.8225152129817445,0.8205740199295901
554,0.06575489044189453,0.9949290060851927,0.8047667342799188,0.8072080673071186
555,0.08381928503513336,0.9969574036511156,0.815922920892495,0.8140700519124052
556,0.08242795616388321,0.9989858012170385,0.8164300202839757,0.8174115400680232
557,0.057629358023405075,0.9949290060851927,0.815922920892495,0.8155617876961633
558,0.09520971775054932,0.9959432048681541,0.8194726166328601,0.8180082343815264
559,0.06589177250862122,0.9969574036511156,0.8220081135902637,0.8178292260874754
560,0.08213037997484207,0.9969574036511156,0.8250507099391481,0.8215884002625455
561,0.0962865799665451,0.9969574036511156,0.8250507099391481,0.8185452592636793
562,0.08143430203199387,0.9979716024340771,0.8280933062880325,0.8247508801241125
563,0.12697917222976685,0.9949290060851927,0.827079107505071,0.8194999701652843
564,0.10540615022182465,0.9939148073022313,0.8301217038539553,0.8149650933826601
565,0.11083536595106125,0.9949290060851927,0.8230223123732252,0.8137120353243034
566,0.10228539258241653,0.9929006085192698,0.8265720081135902,0.81681484575452
567,0.121892549097538,0.9939148073022313,0.8321501014198783,0.817948564950176
568,0.08354902267456055,0.9939148073022313,0.8341784989858012,0.8215287308311952
569,0.11016970872879028,0.9949290060851927,0.8336713995943205,0.8249895578495137
570,0.08115387707948685,0.9918864097363083,0.8225152129817445,0.8178888955188257
571,0.09516214579343796,0.9939148073022313,0.8321501014198783,0.8242735246733098
572,0.057614803314208984,0.9949290060851927,0.8321501014198783,0.8256459215943672
573,0.09271986037492752,0.9939148073022313,0.8260649087221096,0.8274956739662271
574,0.07784239202737808,0.9949290060851927,0.8250507099391481,0.8256459215943672
575,0.0805702731013298,0.9959432048681541,0.8240365111561866,0.8257055910257175
576,0.06492502242326736,0.9939148073022313,0.827079107505071,0.8247508801241125
577,0.11234227567911148,0.9959432048681541,0.829107505070994,0.8296437734948386
578,0.0923478901386261,0.9979716024340771,0.8209939148073022,0.8203353422041888
579,0.07955790311098099,0.9979716024340771,0.8204868154158215,0.8199176561847366
580,0.09430740028619766,0.9959432048681541,0.8260649087221096,0.8239751775165582
581,0.058804817497730255,0.9969574036511156,0.8235294117647058,0.8218270779879467
582,0.0718902051448822,0.9929006085192698,0.8209939148073022,0.8213497225371442
583,0.09375575929880142,0.9939148073022313,0.8184584178498986,0.8187839369890805
584,0.10577237606048584,0.9979716024340771,0.827079107505071,0.8245122023987111
585,0.0671672374010086,0.9989858012170385,0.8250507099391481,0.8215884002625455
586,0.07814224064350128,1.0,0.8194726166328601,0.8174115400680232
587,0.09397290647029877,1.0,0.8250507099391481,0.8202756727728385
588,0.05525771901011467,0.9969574036511156,0.8184584178498986,0.8176502177934244
589,0.08138587325811386,0.9949290060851927,0.8179513184584178,0.8173518706366728
590,0.060724932700395584,0.9949290060851927,0.8209939148073022,0.8203950116355391
591,0.09864956885576248,1.0,0.8245436105476673,0.8200369950474372
592,0.0764717161655426,0.9979716024340771,0.8133874239350912,0.8139507130497047
593,0.09510865062475204,0.9979716024340771,0.8286004056795132,0.8264812936332717
594,0.08194974809885025,0.9969574036511156,0.8260649087221096,0.8273166656721761
595,0.07890968024730682,0.9969574036511156,0.8225152129817445,0.8249895578495137
596,0.07358010113239288,0.9949290060851927,0.8108519269776876,0.8157407959902142
597,0.07562562823295593,0.9969574036511156,0.8093306288032455,0.8150247628140104
598,0.07973318547010422,0.9959432048681541,0.8113590263691683,0.812339638403246
599,0.08881553262472153,0.9969574036511156,0.8149087221095335,0.8147860850886091
600,0.08536379784345627,0.9949290060851927,0.8225152129817445,0.8140700519124052
601,0.09365140646696091,0.9969574036511156,0.8220081135902637,0.8174712094993735
602,0.0689491406083107,0.9979716024340771,0.821501014198783,0.8146667462259085
603,0.08161940425634384,0.9969574036511156,0.8240365111561866,0.8167551763231696
604,0.06365401297807693,0.9989858012170385,0.8280933062880325,0.8195596395966347
605,0.06886212527751923,0.9989858012170385,0.8245436105476673,0.8131750104421505
606,0.08839072287082672,0.9989858012170385,0.8255578093306288,0.8132943493048511
607,0.09805046021938324,0.9989858012170385,0.8275862068965517,0.8175308789307237
608,0.06268375366926193,0.9989858012170385,0.8275862068965517,0.8178888955188257
609,0.06589221209287643,0.9969574036511156,0.8255578093306288,0.8139507130497047
610,0.068674236536026,0.9969574036511156,0.8286004056795132,0.8171131929112716
611,0.05176566541194916,0.9959432048681541,0.8260649087221096,0.81681484575452
612,0.08331754058599472,0.9979716024340771,0.8326572008113591,0.8199773256160868
613,0.06222391873598099,0.9979716024340771,0.8316430020283976,0.8293454263380869
614,0.09283347427845001,0.9989858012170385,0.8265720081135902,0.8243331941046602
615,0.0640445426106453,0.9989858012170385,0.8240365111561866,0.8175308789307237
616,0.10403743386268616,0.9989858012170385,0.8275862068965517,0.823557491497106
617,0.06661434471607208,0.9979716024340771,0.8306288032454361,0.8230801360463035
618,0.0640852302312851,0.9949290060851927,0.8311359026369168,0.8303598066710425
619,0.08583872020244598,0.9959432048681541,0.827079107505071,0.8271973268094756
620,0.10177211463451385,0.9949290060851927,0.8245436105476673,0.820753028223641
621,0.0859309658408165,0.9949290060851927,0.8255578093306288,0.8156811265588639
622,0.08216654509305954,0.9989858012170385,0.8230223123732252,0.8152634405394117
623,0.06908846646547318,0.9979716024340771,0.8250507099391481,0.8186645981263798
624,0.07953383773565292,0.9949290060851927,0.8250507099391481,0.8227817888895519
625,0.08615569025278091,0.9929006085192698,0.8250507099391481,0.8247508801241125
626,0.07078129798173904,0.9969574036511156,0.8275862068965517,0.8234978220657557
627,0.05938614904880524,0.9969574036511156,0.8204868154158215,0.8185452592636793
628,0.07881136983633041,0.9969574036511156,0.8209939148073022,0.8186049286950295
629,0.08501414954662323,0.9969574036511156,0.8225152129817445,0.8189629452831314
630,0.07934635877609253,0.9959432048681541,0.8194726166328601,0.8242735246733098
631,0.07650509476661682,0.9969574036511156,0.8275862068965517,0.8266603019273226
632,0.0857037827372551,0.9939148073022313,0.8250507099391481,0.8234978220657557
633,0.06997688114643097,0.9959432048681541,0.8255578093306288,0.819440300733934
634,0.0734449177980423,0.9989858012170385,0.8240365111561866,0.8144280685005072
635,0.09067106992006302,0.9989858012170385,0.8230223123732252,0.813473357598902
636,0.0827220007777214,0.9918864097363083,0.8230223123732252,0.8217077391252461
637,0.07707496732473373,0.9898580121703854,0.8301217038539553,0.8239751775165582
638,0.1100216880440712,0.9939148073022313,0.8286004056795132,0.8236171609284564
639,0.1101982519030571,0.9959432048681541,0.8265720081135902,0.8200966644787875
640,0.11292923241853714,0.9969574036511156,0.8265720081135902,0.8205740199295901
641,0.11110100895166397,0.9969574036511156,0.8199797160243407,0.8210513753803926
642,0.07953501492738724,0.9979716024340771,0.8184584178498986,0.8190226147144818
643,0.08720938116312027,0.9989858012170385,0.8204868154158215,0.8224834417328003
644,0.07597466558218002,0.9969574036511156,0.8209939148073022,0.8282713765737812
645,0.06779465824365616,0.9979716024340771,0.8209939148073022,0.8243928635360105
646,0.12072356045246124,0.9969574036511156,0.8108519269776876,0.816456829166418
647,0.10943413525819778,0.9959432048681541,0.813894523326572,0.8110865803448893
648,0.08735162019729614,0.9969574036511156,0.8189655172413793,0.8152037711080613
649,0.08913588523864746,0.9979716024340771,0.8230223123732252,0.8149650933826601
650,0.10353080928325653,0.9969574036511156,0.8169371196754563,0.8137717047556536
651,0.08597849309444427,0.9979716024340771,0.8199797160243407,0.811026910913539
652,0.09230093657970428,0.9989858012170385,0.8225152129817445,0.8166955068918194
653,0.059545256197452545,0.9989858012170385,0.8199797160243407,0.8181872426755773
654,0.07550203055143356,0.9959432048681541,0.8260649087221096,0.8172325317739721
655,0.07737500220537186,0.9979716024340771,0.8265720081135902,0.8199773256160868
656,0.061757560819387436,0.9979716024340771,0.8255578093306288,0.819619309027985
657,0.06616076827049255,0.9989858012170385,0.8194726166328601,0.8154424488334626
658,0.06626104563474655,0.9979716024340771,0.821501014198783,0.81681484575452
659,0.06963532418012619,0.9979716024340771,0.8230223123732252,0.8178888955188257
660,0.04719279706478119,0.9979716024340771,0.8199797160243407,0.8173518706366728
661,0.07117760181427002,0.9959432048681541,0.8230223123732252,0.8180679038128766
662,0.06750188022851944,0.9979716024340771,0.8240365111561866,0.8208126976549913
663,0.05182871222496033,0.9969574036511156,0.8189655172413793,0.8233188137717048
664,0.09205305576324463,0.9959432048681541,0.8199797160243407,0.8174115400680232
665,0.07381057739257812,0.9888438133874239,0.8118661257606491,0.8095948445611313
666,0.11240148544311523,0.9939148073022313,0.8280933062880325,0.8203950116355391
667,0.09377312660217285,0.9969574036511156,0.8286004056795132,0.8221850945760487
668,0.09161850064992905,0.9929006085192698,0.8164300202839757,0.8143087296378065
669,0.09281659871339798,0.9939148073022313,0.8189655172413793,0.8176502177934244
670,0.1006423756480217,0.9939148073022313,0.8306288032454361,0.8211707142430933
671,0.09256376326084137,0.9918864097363083,0.8286004056795132,0.8176502177934244
672,0.11312403529882431,0.9929006085192698,0.8250507099391481,0.8181872426755773
673,0.07359099388122559,0.9959432048681541,0.8255578093306288,0.816635837460469
674,0.08101340383291245,0.9959432048681541,0.8209939148073022,0.8124589772659466
675,0.07347440719604492,0.9908722109533469,0.8250507099391481,0.816456829166418
676,0.09112154692411423,0.9918864097363083,0.821501014198783,0.8183662509696282
677,0.08837719261646271,0.9949290060851927,0.8189655172413793,0.8170535234799212
678,0.10502384603023529,0.9949290060851927,0.8209939148073022,0.8157407959902142
679,0.08778871595859528,0.9939148073022313,0.8220081135902637,0.8176502177934244
680,0.08432210981845856,0.9939148073022313,0.8154158215010142,0.812339638403246
681,0.09803476184606552,0.9918864097363083,0.8042596348884381,0.8064323646995644
682,0.10617458820343018,0.9959432048681541,0.8199797160243407,0.8208126976549913
683,0.06992769986391068,0.9878296146044625,0.8204868154158215,0.8185452592636793
684,0.12454285472631454,0.9939148073022313,0.8179513184584178,0.8175905483620741
685,0.11521583795547485,0.9807302231237323,0.7885395537525355,0.7853690554329017
686,0.22550588846206665,0.9878296146044625,0.8225152129817445,0.8215287308311952
687,0.11292535066604614,0.9766734279918864,0.8275862068965517,0.8213497225371442
688,0.16923482716083527,0.986815415821501,0.8220081135902637,0.8171131929112716
689,0.10850677639245987,0.9908722109533469,0.8179513184584178,0.8119816218151441
690,0.10446234792470932,0.9908722109533469,0.8144016227180527,0.8106688943254371
691,0.10837317258119583,0.9949290060851927,0.8250507099391481,0.8196789784593352
692,0.09872505813837051,0.9918864097363083,0.821501014198783,0.8156214571275135
693,0.12803961336612701,0.9918864097363083,0.8230223123732252,0.8189032758517811
694,0.0909440666437149,0.9908722109533469,0.8128803245436106,0.8104302166000358
695,0.12226417660713196,0.9918864097363083,0.8118661257606491,0.8073274061698192
696,0.10426485538482666,0.9929006085192698,0.8209939148073022,0.8146667462259085
697,0.09920966625213623,0.9908722109533469,0.8189655172413793,0.8135330270302524
698,0.06476001441478729,0.9959432048681541,0.8144016227180527,0.8094755056984307
699,0.12116145342588425,0.9929006085192698,0.8073022312373225,0.8021361656423415
700,0.11798661947250366,0.9949290060851927,0.8103448275862069,0.8132346798735008
701,0.08486300706863403,0.9959432048681541,0.8199797160243407,0.8228414583209022
702,0.086251400411129,0.9969574036511156,0.8245436105476673,0.8223044334387494
703,0.09533777832984924,0.9949290060851927,0.8245436105476673,0.8236171609284564
704,0.07174275815486908,0.9939148073022313,0.821501014198783,0.823915508085208
705,0.07991988956928253,0.9939148073022313,0.8179513184584178,0.8189629452831314
706,0.09101834893226624,0.9939148073022313,0.8179513184584178,0.8192016230085327
707,0.06622593104839325,0.9929006085192698,0.8275862068965517,0.8223044334387494
708,0.06569263339042664,0.9959432048681541,0.8255578093306288,0.821290053105794
709,0.08385506272315979,0.9979716024340771,0.8235294117647058,0.8221254251446983
710,0.07043463736772537,0.9989858012170385,0.813894523326572,0.8150844322453608
711,0.065461665391922,0.9959432048681541,0.8144016227180527,0.813831374187004
712,0.0637044683098793,0.9959432048681541,0.8128803245436106,0.8175905483620741
713,0.08950532972812653,0.9989858012170385,0.813894523326572,0.8147264156572588
714,0.07061897218227386,0.9979716024340771,0.8103448275862069,0.8131750104421505
715,0.06552131474018097,0.9959432048681541,0.8184584178498986,0.817948564950176
716,0.05587964877486229,0.9949290060851927,0.8189655172413793,0.8165761680291187
717,0.09910479933023453,0.9959432048681541,0.8240365111561866,0.8195596395966347
718,0.0771472379565239,0.9969574036511156,0.8230223123732252,0.8182469121069276
719,0.08585859090089798,0.9979716024340771,0.8301217038539553,0.8211707142430933
720,0.07050448656082153,0.9959432048681541,0.8199797160243407,0.8193209618712334
721,0.08667361736297607,0.9949290060851927,0.8128803245436106,0.8119219523837938
722,0.10497628897428513,0.9979716024340771,0.8286004056795132,0.824870218986813
723,0.07116906344890594,0.9979716024340771,0.8260649087221096,0.823557491497106
724,0.10556700080633163,0.9949290060851927,0.8235294117647058,0.8228414583209022
725,0.06749691069126129,0.9949290060851927,0.8174442190669371,0.8137120353243034
726,0.0841946005821228,0.9959432048681541,0.8189655172413793,0.8129960021480995
727,0.07286545634269714,0.9959432048681541,0.8184584178498986,0.8111462497762396
728,0.07232874631881714,0.9969574036511156,0.8189655172413793,0.8149650933826601
729,0.07336127012968063,0.9979716024340771,0.8204868154158215,0.816635837460469
730,0.06381532549858093,0.9979716024340771,0.8245436105476673,0.8162181514410167
731,0.07525105029344559,0.9989858012170385,0.8250507099391481,0.8184259204009786
732,0.05697324126958847,0.9989858012170385,0.8245436105476673,0.8204546810668895
733,0.08845224231481552,0.9959432048681541,0.8306288032454361,0.8226624500268512
734,0.06266465783119202,0.9939148073022313,0.8316430020283976,0.8229607971836028
735,0.0822664201259613,0.9969574036511156,0.8250507099391481,0.8208723670863417
736,0.07631008327007294,0.9959432048681541,0.8265720081135902,0.8230801360463035
737,0.10673166066408157,0.9969574036511156,0.827079107505071,0.8205143504982397
738,0.0754726454615593,0.9959432048681541,0.8301217038539553,0.8141893907751059
739,0.09302310645580292,0.9959432048681541,0.827079107505071,0.8155617876961633
740,0.06804195791482925,0.9939148073022313,0.8235294117647058,0.818127573244227
741,0.08821520209312439,0.9969574036511156,0.8235294117647058,0.8186049286950295
742,0.07507740706205368,0.9989858012170385,0.8260649087221096,0.8128169938540486
743,0.10439665615558624,0.9989858012170385,0.8255578093306288,0.817769556656125
744,0.05764264613389969,0.9989858012170385,0.8199797160243407,0.8157407959902142
745,0.0881846696138382,0.9969574036511156,0.8189655172413793,0.8174712094993735
746,0.09507115185260773,0.9929006085192698,0.829107505070994,0.8271973268094756
747,0.07114485651254654,0.9959432048681541,0.8220081135902637,0.8256459215943672
748,0.07602600753307343,0.9969574036511156,0.8189655172413793,0.8201563339101379
749,0.08016231656074524,0.9979716024340771,0.8301217038539553,0.8257055910257175
750,0.08699611574411392,0.9969574036511156,0.8286004056795132,0.8259442687511188
751,0.08931978791952133,0.9959432048681541,0.8286004056795132,0.8205740199295901
752,0.09626587480306625,0.9949290060851927,0.8204868154158215,0.8175905483620741
753,0.0774044394493103,0.9949290060851927,0.8230223123732252,0.8150844322453608
754,0.07960137724876404,0.9969574036511156,0.8189655172413793,0.8183662509696282
755,0.07153432071208954,0.9949290060851927,0.827079107505071,0.8231398054776538
756,0.08527595549821854,0.9959432048681541,0.8331643002028397,0.8241541858106092
757,0.06917791813611984,0.9949290060851927,0.8336713995943205,0.8180679038128766
758,0.07033264636993408,0.9969574036511156,0.8331643002028397,0.8189629452831314
759,0.08134960383176804,0.9969574036511156,0.8260649087221096,0.8193806313025837
760,0.10078232735395432,1.0,0.8296146044624746,0.8182469121069276
761,0.08839675039052963,0.9989858012170385,0.8326572008113591,0.8227221194582016
762,0.05952334776520729,0.9979716024340771,0.8316430020283976,0.8246912106927621
763,0.074717216193676,0.9989858012170385,0.8316430020283976,0.8233784832030551
764,0.0867496207356453,0.9979716024340771,0.8280933062880325,0.8111462497762396
765,0.0836055651307106,1.0,0.8240365111561866,0.8149650933826601
766,0.08949411660432816,0.9979716024340771,0.8286004056795132,0.8197386478906856
767,0.06658376008272171,0.9989858012170385,0.8245436105476673,0.8192016230085327
768,0.07784070074558258,0.9969574036511156,0.8296146044624746,0.8141297213437556
769,0.05206087976694107,0.9969574036511156,0.8301217038539553,0.8136523658929531
770,0.10697633773088455,0.9959432048681541,0.8326572008113591,0.8262426159078704
771,0.07523185014724731,0.9969574036511156,0.8351926977687627,0.8267199713586729
772,0.09598242491483688,0.9979716024340771,0.8260649087221096,0.8219464168506474
773,0.07009539008140564,0.9979716024340771,0.8286004056795132,0.8156214571275135
774,0.068806953728199,0.9989858012170385,0.8280933062880325,0.819440300733934
775,0.09373045712709427,0.9989858012170385,0.8316430020283976,0.8267199713586729
776,0.07280445843935013,0.9989858012170385,0.8306288032454361,0.8264216242019213
777,0.07699529826641083,0.9989858012170385,0.829107505070994,0.8231994749090041
778,0.06229186803102493,0.9989858012170385,0.8184584178498986,0.8166955068918194
779,0.06598018109798431,0.9959432048681541,0.8164300202839757,0.809714183423832
780,0.06759003549814224,0.9969574036511156,0.821501014198783,0.8163971597350678
781,0.08108978718519211,0.9959432048681541,0.8316430020283976,0.8272569962408258
782,0.07993946224451065,0.9939148073022313,0.8286004056795132,0.8279133599856794
783,0.06237972155213356,0.9979716024340771,0.8286004056795132,0.8267199713586729
784,0.06279713660478592,0.9929006085192698,0.827079107505071,0.8234381526344053
785,0.10371852666139603,0.9949290060851927,0.8255578093306288,0.8218867474192971
786,0.08995475620031357,0.9959432048681541,0.8260649087221096,0.8168745151858703
787,0.09944959729909897,0.9979716024340771,0.8260649087221096,0.8214093919684945
788,0.07956337928771973,0.9979716024340771,0.8275862068965517,0.8221254251446983
789,0.08706555515527725,0.9969574036511156,0.8301217038539553,0.8208723670863417
790,0.08084741234779358,0.9939148073022313,0.8255578093306288,0.8146070767945581
791,0.09767027199268341,0.9939148073022313,0.8225152129817445,0.8163374903037174
792,0.06566932052373886,0.9979716024340771,0.8164300202839757,0.8187839369890805
793,0.07182745635509491,0.9979716024340771,0.8220081135902637,0.8214690613998449
794,0.06283150613307953,0.9959432048681541,0.8235294117647058,0.8193806313025837
795,0.07027508318424225,0.9969574036511156,0.827079107505071,0.820932036517692
796,0.09678131341934204,0.9979716024340771,0.8280933062880325,0.8211110448117429
797,0.07584026455879211,0.9959432048681541,0.8265720081135902,0.8167551763231696
798,0.07679259777069092,0.9949290060851927,0.8255578093306288,0.8098335222865326
799,0.10835012048482895,0.9939148073022313,0.8164300202839757,0.8088191419535772
800,0.08459650725126266,0.9969574036511156,0.8235294117647058,0.8150247628140104
801,0.08760813623666763,0.9979716024340771,0.8301217038539553,0.8220060862819978
802,0.05719340965151787,0.9969574036511156,0.8301217038539553,0.8206336893609404
803,0.07727210223674774,0.9939148073022313,0.8311359026369168,0.8189629452831314
804,0.07970096170902252,0.9989858012170385,0.8301217038539553,0.8202160033414881
805,0.058281559497117996,0.9979716024340771,0.8316430020283976,0.8199773256160868
806,0.06364170461893082,0.9929006085192698,0.8336713995943205,0.8234381526344053
807,0.07211203128099442,0.9969574036511156,0.8331643002028397,0.8267199713586729
808,0.06499315798282623,1.0,0.8321501014198783,0.822602780595501
809,0.07703445851802826,1.0,0.8275862068965517,0.8178888955188257
810,0.0708707645535469,0.9959432048681541,0.8194726166328601,0.8105495554627364
811,0.09174441546201706,0.9939148073022313,0.8204868154158215,0.8174712094993735
812,0.07984385639429092,0.9969574036511156,0.8240365111561866,0.8202160033414881
813,0.08493297547101974,0.9918864097363083,0.8230223123732252,0.8137120353243034
814,0.13711334764957428,0.9959432048681541,0.8128803245436106,0.8116832746583925
815,0.07097668945789337,0.9949290060851927,0.8078093306288032,0.8056566620920103
816,0.08786621689796448,0.9949290060851927,0.8220081135902637,0.8191419535771824
817,0.06989948451519012,0.9908722109533469,0.8275862068965517,0.8237961692225073
818,0.0876782014966011,0.9939148073022313,0.8296146044624746,0.8227817888895519
819,0.09358517080545425,0.9969574036511156,0.8240365111561866,0.8193806313025837
820,0.0685572624206543,0.9989858012170385,0.8280933062880325,0.8171728623426219
821,0.07610554248094559,1.0,0.8220081135902637,0.8119816218151441
822,0.08716250956058502,0.9969574036511156,0.8174442190669371,0.8119816218151441
823,0.07806102931499481,0.9969574036511156,0.813894523326572,0.8123993078345964
824,0.059054113924503326,0.9959432048681541,0.8154158215010142,0.812339638403246
825,0.08458852022886276,0.9949290060851927,0.8067951318458418,0.8076854227579211
826,0.1024249792098999,0.9939148073022313,0.8255578093306288,0.8233784832030551
827,0.10314027220010757,0.9949290060851927,0.8306288032454361,0.8270779879467749
828,0.07979537546634674,0.9959432048681541,0.8260649087221096,0.8242735246733098
829,0.06475857645273209,0.9949290060851927,0.8184584178498986,0.8178888955188257
830,0.09908390790224075,0.9959432048681541,0.8123732251521298,0.815144101676711
831,0.0804356262087822,0.9959432048681541,0.8230223123732252,0.8181872426755773
832,0.08188861608505249,0.9959432048681541,0.8275862068965517,0.8231398054776538
833,0.09594236314296722,0.9959432048681541,0.8311359026369168,0.8280923682797303
834,0.0779765397310257,0.9939148073022313,0.8296146044624746,0.8270779879467749
835,0.06821662187576294,0.9959432048681541,0.8275862068965517,0.8229011277522525
836,0.08978227525949478,0.9949290060851927,0.8235294117647058,0.819440300733934
837,0.07645844668149948,0.9969574036511156,0.8204868154158215,0.8178292260874754
838,0.09739907830953598,0.9959432048681541,0.8250507099391481,0.8245718718300614
839,0.08211882412433624,0.9979716024340771,0.8235294117647058,0.8215884002625455
840,0.08249977976083755,0.9929006085192698,0.821501014198783,0.8113252580702905
841,0.09672209620475769,0.9929006085192698,0.8225152129817445,0.8143087296378065
842,0.07674860209226608,0.9979716024340771,0.8301217038539553,0.8162778208723671
843,0.09984616935253143,0.9979716024340771,0.8260649087221096,0.8201563339101379
844,0.07874101400375366,0.9979716024340771,0.8280933062880325,0.8155021182648129
845,0.07764808088541031,0.9888438133874239,0.8098377281947262,0.8089981502476281
846,0.1179661899805069,0.9969574036511156,0.8280933062880325,0.8246912106927621
847,0.07130774110555649,0.9979716024340771,0.8296146044624746,0.822602780595501
848,0.10474410653114319,0.9959432048681541,0.8235294117647058,0.8190822841458321
849,0.09059596806764603,0.9959432048681541,0.8250507099391481,0.8205143504982397
850,0.0750574991106987,0.9898580121703854,0.8245436105476673,0.823736499791157
851,0.09732083976268768,0.9908722109533469,0.8311359026369168,0.8283907154364819
852,0.0948377251625061,0.9918864097363083,0.8351926977687627,0.8292260874753864
853,0.08643923699855804,0.9908722109533469,0.8331643002028397,0.8256459215943672
854,0.08084078878164291,0.9888438133874239,0.8265720081135902,0.8172325317739721
855,0.09213031083345413,0.9898580121703854,0.8280933062880325,0.8196789784593352
856,0.08286382257938385,0.9959432048681541,0.8275862068965517,0.8206933587922907
857,0.0778995156288147,0.9989858012170385,0.8275862068965517,0.8197983173220359
858,0.08277531713247299,0.9989858012170385,0.8260649087221096,0.8143087296378065
859,0.08227694779634476,0.9989858012170385,0.8255578093306288,0.8190822841458321
860,0.0729336068034172,0.9959432048681541,0.8225152129817445,0.8214093919684945
861,0.07694420963525772,0.9989858012170385,0.821501014198783,0.8226624500268512
862,0.1007128581404686,0.9969574036511156,0.8199797160243407,0.8162181514410167
863,0.09455765038728714,0.9979716024340771,0.8189655172413793,0.8163971597350678
864,0.08197788149118423,0.9979716024340771,0.8301217038539553,0.8253475744376156
865,0.07508765161037445,0.9979716024340771,0.827079107505071,0.8267199713586729
866,0.09895643591880798,0.9959432048681541,0.8220081135902637,0.8217077391252461
867,0.10348498076200485,0.9949290060851927,0.8255578093306288,0.8224237723014499
868,0.0729718804359436,0.9959432048681541,0.834685598377282,0.8266006324959723
869,0.0891546756029129,0.9979716024340771,0.8280933062880325,0.8210513753803926
870,0.07473188638687134,0.9949290060851927,0.8184584178498986,0.8118622829524434
871,0.09009262919425964,0.9959432048681541,0.8220081135902637,0.8142490602064563
872,0.07857868820428848,0.9969574036511156,0.8154158215010142,0.8129960021480995
873,0.0704665333032608,0.9949290060851927,0.8240365111561866,0.8139507130497047
874,0.06776474416255951,0.9939148073022313,0.8220081135902637,0.8144280685005072
875,0.09405844658613205,0.9939148073022313,0.8204868154158215,0.816635837460469
876,0.09470273554325104,0.9969574036511156,0.8204868154158215,0.816456829166418
877,0.07690603286027908,0.9979716024340771,0.8194726166328601,0.8107882331881378
878,0.06348331272602081,0.9979716024340771,0.8194726166328601,0.8090578196789785
879,0.07956106215715408,0.9969574036511156,0.8250507099391481,0.8232591443403544
880,0.07084952294826508,0.9908722109533469,0.8321501014198783,0.8271973268094756
881,0.10406775027513504,0.9969574036511156,0.8311359026369168,0.825228235574915
882,0.06649553030729294,0.9969574036511156,0.8275862068965517,0.8155021182648129
883,0.061212681233882904,0.9979716024340771,0.8235294117647058,0.812339638403246
884,0.08007877320051193,0.9979716024340771,0.8235294117647058,0.817948564950176
885,0.06363483518362045,0.9959432048681541,0.8250507099391481,0.8220657557133481
886,0.0638427659869194,0.9949290060851927,0.8275862068965517,0.8209917059490424
887,0.08442742377519608,0.9969574036511156,0.8265720081135902,0.8199773256160868
888,0.08024024218320847,1.0,0.8245436105476673,0.8202160033414881
889,0.06124558672308922,0.9969574036511156,0.8179513184584178,0.8122202995405454
890,0.06815588474273682,0.9979716024340771,0.8174442190669371,0.8096545139924817
891,0.06634603440761566,0.9989858012170385,0.821501014198783,0.813473357598902
892,0.07037827372550964,0.9969574036511156,0.8204868154158215,0.8148457545199594
893,0.07059761881828308,0.9979716024340771,0.8133874239350912,0.8116236052270421
894,0.09005887061357498,0.9979716024340771,0.8209939148073022,0.8146070767945581
895,0.08356564491987228,0.9989858012170385,0.8240365111561866,0.817948564950176
896,0.05548374727368355,0.9959432048681541,0.8184584178498986,0.8169341846172206
897,0.07490825653076172,0.9979716024340771,0.8133874239350912,0.810847902619488
898,0.09252411127090454,0.9959432048681541,0.8088235294117647,0.8029118682498956
899,0.08651872724294662,0.9939148073022313,0.808316430020284,0.8060146786801122
900,0.12349579483270645,0.9929006085192698,0.8123732251521298,0.8113849275016409
901,0.09482744336128235,0.9939148073022313,0.8149087221095335,0.8097738528551823
902,0.07753347605466843,0.9949290060851927,0.802738336713996,0.8002267438391312
903,0.10023320466279984,0.9989858012170385,0.8184584178498986,0.8097738528551823
904,0.10467278957366943,0.9969574036511156,0.8230223123732252,0.814010382481055
905,0.07548964768648148,0.9969574036511156,0.8174442190669371,0.8116832746583925
906,0.07436131685972214,0.9969574036511156,0.815922920892495,0.810847902619488
907,0.08696292340755463,0.9959432048681541,0.8255578093306288,0.8158601348529149
908,0.0749056488275528,0.9959432048681541,0.8260649087221096,0.8220060862819978
909,0.06962457299232483,0.9989858012170385,0.8306288032454361,0.8253475744376156
910,0.05595601350069046,1.0,0.827079107505071,0.8211110448117429
911,0.06093519926071167,0.9989858012170385,0.8128803245436106,0.8086401336595263
912,0.08397425711154938,1.0,0.8240365111561866,0.8182469121069276
913,0.05194079503417015,0.9979716024340771,0.8240365111561866,0.8184259204009786
914,0.07215695828199387,0.9969574036511156,0.8184584178498986,0.8143087296378065
915,0.07953949272632599,0.9949290060851927,0.8245436105476673,0.8171131929112716
916,0.09179036319255829,0.9949290060851927,0.827079107505071,0.8238558386538576
917,0.08108499646186829,0.9969574036511156,0.8362068965517241,0.8203353422041888
918,0.09227604418992996,0.9989858012170385,0.827079107505071,0.8160988125783162
919,0.0713261291384697,0.9949290060851927,0.829107505070994,0.8128169938540486
920,0.07221871614456177,0.9939148073022313,0.8286004056795132,0.8157407959902142
921,0.0788169726729393,0.9959432048681541,0.8311359026369168,0.8208126976549913
922,0.08263177424669266,0.9959432048681541,0.8341784989858012,0.8258249298884182
923,0.11157574504613876,0.9949290060851927,0.8382352941176471,0.8255265827316666
924,0.06829120218753815,0.9959432048681541,0.8356997971602435,0.8236171609284564
925,0.0742432028055191,0.9959432048681541,0.8331643002028397,0.8231398054776538
926,0.07932037860155106,0.9929006085192698,0.8286004056795132,0.8229011277522525
927,0.12056105583906174,0.9959432048681541,0.8321501014198783,0.8234978220657557
928,0.06518540531396866,0.9979716024340771,0.8235294117647058,0.8218270779879467
929,0.08470100164413452,0.9989858012170385,0.8220081135902637,0.8183662509696282
930,0.0726645365357399,0.9969574036511156,0.8280933062880325,0.8244525329673609
931,0.07210163027048111,0.9979716024340771,0.8316430020283976,0.8229011277522525
932,0.05940757319331169,0.9989858012170385,0.8275862068965517,0.8183662509696282
933,0.08014249056577682,1.0,0.8265720081135902,0.8193209618712334
934,0.06967956572771072,0.9989858012170385,0.8356997971602435,0.8197386478906856
935,0.07633976638317108,0.9989858012170385,0.8306288032454361,0.8184259204009786
936,0.08124786615371704,0.9969574036511156,0.8286004056795132,0.8163374903037174
937,0.1143518015742302,0.9979716024340771,0.8240365111561866,0.8180082343815264
938,0.08697667717933655,0.9969574036511156,0.8275862068965517,0.8162778208723671
939,0.07206819206476212,0.9979716024340771,0.8311359026369168,0.8152037711080613
940,0.08337985724210739,0.9969574036511156,0.8331643002028397,0.8199773256160868
941,0.06877745687961578,0.9939148073022313,0.8296146044624746,0.8192016230085327
942,0.085824154317379,0.9959432048681541,0.8280933062880325,0.8173518706366728
943,0.08888731151819229,0.9969574036511156,0.8260649087221096,0.8194999701652843
944,0.10945062339305878,0.9939148073022313,0.8316430020283976,0.8249298884181634
945,0.06216069683432579,0.9949290060851927,0.8326572008113591,0.8233188137717048
946,0.09697110205888748,0.9969574036511156,0.8387423935091278,0.823557491497106
947,0.07918062806129456,0.9969574036511156,0.8331643002028397,0.818127573244227
948,0.08360117673873901,0.9979716024340771,0.8351926977687627,0.8221254251446983
949,0.06800996512174606,0.9969574036511156,0.8331643002028397,0.817948564950176
950,0.08879321813583374,0.9979716024340771,0.8240365111561866,0.8090578196789785
951,0.0894075557589531,0.9979716024340771,0.8296146044624746,0.8169341846172206
952,0.06919857114553452,0.9969574036511156,0.827079107505071,0.8182469121069276
953,0.10763001441955566,0.9959432048681541,0.8235294117647058,0.819619309027985
954,0.07919032871723175,0.9929006085192698,0.827079107505071,0.8163374903037174
955,0.09928704053163528,0.9959432048681541,0.8275862068965517,0.8150844322453608
956,0.08636783808469772,0.9979716024340771,0.8301217038539553,0.8180679038128766
957,0.07188402861356735,1.0,0.8255578093306288,0.8181872426755773
958,0.07597275823354721,0.9969574036511156,0.8199797160243407,0.8134136881675518
959,0.07642747461795807,0.9959432048681541,0.8169371196754563,0.8131750104421505
960,0.09382616728544235,0.9989858012170385,0.8265720081135902,0.8214093919684945
961,0.08979407697916031,0.9969574036511156,0.8250507099391481,0.8203353422041888
962,0.07917799800634384,0.9969574036511156,0.8255578093306288,0.8206933587922907
963,0.07515516132116318,0.9939148073022313,0.8123732251521298,0.8156214571275135
964,0.07708591967821121,0.9939148073022313,0.813894523326572,0.81681484575452
965,0.11617687344551086,0.9959432048681541,0.8164300202839757,0.8186645981263798
966,0.08056776225566864,0.9979716024340771,0.821501014198783,0.8172922012053225
967,0.0813838467001915,0.9989858012170385,0.8169371196754563,0.8141297213437556
968,0.08058696240186691,0.9989858012170385,0.827079107505071,0.8193209618712334
969,0.08412806689739227,0.9989858012170385,0.8301217038539553,0.8212303836744436
970,0.06461963057518005,0.9969574036511156,0.8280933062880325,0.8211110448117429
971,0.07996048033237457,0.9969574036511156,0.8306288032454361,0.8221850945760487
972,0.09354043006896973,0.9939148073022313,0.829107505070994,0.8268393102213736
973,0.0583096519112587,0.9959432048681541,0.8260649087221096,0.8272569962408258
974,0.06566420197486877,0.9969574036511156,0.8199797160243407,0.8186645981263798
975,0.07508978247642517,0.9989858012170385,0.8189655172413793,0.816456829166418
976,0.08772743493318558,0.9959432048681541,0.8225152129817445,0.8152634405394117
977,0.07292241603136063,0.9979716024340771,0.8260649087221096,0.8208126976549913
978,0.06797812879085541,0.9979716024340771,0.827079107505071,0.8237961692225073
979,0.0722280964255333,0.9929006085192698,0.8174442190669371,0.8174115400680232
980,0.08299146592617035,0.9949290060851927,0.8179513184584178,0.8122202995405454
981,0.08872348070144653,0.9939148073022313,0.8149087221095335,0.813831374187004
982,0.12886178493499756,0.9908722109533469,0.8240365111561866,0.8169341846172206
983,0.12940643727779388,0.9969574036511156,0.8204868154158215,0.8156214571275135
984,0.11002586036920547,0.9949290060851927,0.8225152129817445,0.8070290590130677
985,0.08225833624601364,0.9949290060851927,0.8209939148073022,0.812160630109195
986,0.08002940565347672,0.9939148073022313,0.821501014198783,0.8159794737156155
987,0.0849580466747284,0.9959432048681541,0.8240365111561866,0.8143683990691569
988,0.07845184206962585,0.9979716024340771,0.8042596348884381,0.7984963303299719
989,0.13660785555839539,0.9969574036511156,0.8098377281947262,0.8002267438391312
990,0.11376442760229111,0.9979716024340771,0.8149087221095335,0.8142490602064563
991,0.08540695160627365,0.9969574036511156,0.8164300202839757,0.8166955068918194
992,0.07806011289358139,0.9949290060851927,0.8128803245436106,0.8119219523837938
993,0.07597585767507553,0.9959432048681541,0.8123732251521298,0.8089384808162778
994,0.09287350624799728,0.9949290060851927,0.8088235294117647,0.8060743481114625
995,0.08315229415893555,0.9959432048681541,0.8154158215010142,0.8084611253654753
996,0.05869751796126366,0.9969574036511156,0.8204868154158215,0.809714183423832
997,0.10227692127227783,0.9959432048681541,0.8184584178498986,0.8129363327167493
998,0.0783936083316803,0.9979716024340771,0.8174442190669371,0.8129960021480995
999,0.0827711895108223,0.9959432048681541,0.8164300202839757,0.8131750104421505
1000,0.09558877348899841,0.9969574036511156,0.8174442190669371,0.8140700519124052
1001,0.08451578766107559,0.9959432048681541,0.8179513184584178,0.8147860850886091
1002,0.09238650649785995,1.0,0.8149087221095335,0.8100722000119339
1003,0.08640458434820175,0.9959432048681541,0.8235294117647058,0.8117429440897428
1004,0.08745139092206955,0.9959432048681541,0.8250507099391481,0.8162778208723671
1005,0.09479323029518127,0.9959432048681541,0.8275862068965517,0.8210513753803926
1006,0.08717519789934158,0.9959432048681541,0.8265720081135902,0.8223641028700996
1007,0.07877645641565323,0.9949290060851927,0.8204868154158215,0.8173518706366728
1008,0.08740432560443878,0.9949290060851927,0.8230223123732252,0.816635837460469
1009,0.06861791014671326,0.9949290060851927,0.8209939148073022,0.8159198042842651
1010,0.07703234255313873,0.9969574036511156,0.8194726166328601,0.8172325317739721
1011,0.08251658082008362,0.9959432048681541,0.8286004056795132,0.8214690613998449
1012,0.08968246728181839,0.9959432048681541,0.8275862068965517,0.8187839369890805
1013,0.0846734344959259,0.9959432048681541,0.8184584178498986,0.8079241004833224
1014,0.10013894736766815,0.9878296146044625,0.8245436105476673,0.8219464168506474
1015,0.10413049906492233,0.9979716024340771,0.8321501014198783,0.8266006324959723
1016,0.08126114308834076,0.9898580121703854,0.8184584178498986,0.8130556715794498
1017,0.08703640848398209,0.9888438133874239,0.8123732251521298,0.8057163315233605
1018,0.11187375336885452,0.9929006085192698,0.829107505070994,0.8137717047556536
1019,0.10954785346984863,0.9898580121703854,0.8316430020283976,0.8193209618712334
1020,0.11084003001451492,0.9898580121703854,0.8306288032454361,0.820932036517692
1021,0.08488572388887405,0.9929006085192698,0.8275862068965517,0.8195596395966347
1022,0.08356494456529617,0.9959432048681541,0.8255578093306288,0.8127573244226982
1023,0.09405922889709473,0.9959432048681541,0.8209939148073022,0.8122799689718957
1024,0.09266083687543869,0.9959432048681541,0.8189655172413793,0.8137717047556536
1025,0.07927923649549484,0.9959432048681541,0.8179513184584178,0.8131750104421505
1026,0.06472862511873245,0.9979716024340771,0.8199797160243407,0.8131750104421505
1027,0.06541194021701813,0.9989858012170385,0.8179513184584178,0.8174115400680232
1028,0.08103672415018082,0.9969574036511156,0.8189655172413793,0.816635837460469
1029,0.08972188085317612,0.9969574036511156,0.8149087221095335,0.816456829166418
1030,0.07953125238418579,0.9989858012170385,0.8225152129817445,0.8190822841458321
1031,0.05737897381186485,0.9989858012170385,0.821501014198783,0.8200966644787875
1032,0.09896858781576157,0.9979716024340771,0.8169371196754563,0.8171131929112716
1033,0.09126348793506622,0.9959432048681541,0.8204868154158215,0.8119219523837938
1034,0.12778885662555695,0.9969574036511156,0.8225152129817445,0.8159794737156155
1035,0.08400057256221771,0.9959432048681541,0.8280933062880325,0.8231398054776538
1036,0.09935717284679413,0.9969574036511156,0.8280933062880325,0.8259442687511188
1037,0.0784948393702507,0.9949290060851927,0.8306288032454361,0.8242735246733098
1038,0.06316834688186646,0.9979716024340771,0.8235294117647058,0.8155617876961633
1039,0.09017937630414963,0.9979716024340771,0.8174442190669371,0.8117429440897428
1040,0.08803664892911911,0.9969574036511156,0.8209939148073022,0.8109075720508384
1041,0.10913797467947006,0.9969574036511156,0.8286004056795132,0.8190226147144818
1042,0.07006198167800903,0.9989858012170385,0.8260649087221096,0.8260039381824691
1043,0.05749319866299629,0.9939148073022313,0.8199797160243407,0.8221254251446983
1044,0.08473776280879974,0.9979716024340771,0.8184584178498986,0.8150844322453608
1045,0.1181185394525528,0.9969574036511156,0.8245436105476673,0.8254072438689659
1046,0.07598507404327393,0.9949290060851927,0.8250507099391481,0.8191419535771824
1047,0.1143723800778389,0.9929006085192698,0.8128803245436106,0.8066710424249657
1048,0.10552400350570679,0.9939148073022313,0.8240365111561866,0.8168745151858703
1049,0.10382894426584244,0.9929006085192698,0.8220081135902637,0.8189032758517811
1050,0.08154086768627167,0.9929006085192698,0.821501014198783,0.8153827794021123
1051,0.09060467779636383,0.9908722109533469,0.8118661257606491,0.8071483978757682
1052,0.09723199158906937,0.9949290060851927,0.8225152129817445,0.8176502177934244
1053,0.08324136584997177,0.9979716024340771,0.8235294117647058,0.8214093919684945
1054,0.1014314815402031,0.9989858012170385,0.8275862068965517,0.8230801360463035
1055,0.06455563753843307,0.9979716024340771,0.8209939148073022,0.823736499791157
1056,0.08006260544061661,0.9949290060851927,0.8118661257606491,0.8177098872247748
1057,0.09380128234624863,0.9969574036511156,0.8133874239350912,0.8202756727728385
1058,0.10195036232471466,0.9969574036511156,0.8204868154158215,0.8237961692225073
1059,0.10009529441595078,0.9939148073022313,0.827079107505071,0.8306581538277941
1060,0.08371318131685257,0.9908722109533469,0.8265720081135902,0.826898979652724
1061,0.1363896280527115,0.9918864097363083,0.8296146044624746,0.823915508085208
1062,0.12262806296348572,0.9959432048681541,0.8225152129817445,0.8199773256160868
1063,0.11550258100032806,0.9969574036511156,0.8255578093306288,0.8185452592636793
1064,0.06839162856340408,0.9959432048681541,0.8316430020283976,0.8208723670863417
1065,0.09281706809997559,0.9939148073022313,0.8341784989858012,0.8247508801241125
1066,0.08922439813613892,0.9959432048681541,0.8286004056795132,0.8254669133003163
1067,0.08793020993471146,0.9949290060851927,0.8245436105476673,0.8233188137717048
1068,0.07970117777585983,0.9959432048681541,0.8250507099391481,0.8217674085565965
1069,0.06722930073738098,0.9979716024340771,0.8280933062880325,0.8214093919684945
1070,0.07485371083021164,0.9989858012170385,0.8275862068965517,0.8184259204009786
1071,0.050894010812044144,1.0,0.821501014198783,0.8163374903037174
1072,0.0608133003115654,0.9989858012170385,0.8204868154158215,0.8183662509696282
1073,0.05960496887564659,0.9969574036511156,0.827079107505071,0.8221254251446983
1074,0.05472743511199951,0.9939148073022313,0.8351926977687627,0.8261829464765201
1075,0.08927739411592484,0.9929006085192698,0.8321501014198783,0.8272569962408258
1076,0.1061399057507515,0.9969574036511156,0.827079107505071,0.8223044334387494
1077,0.07621227949857712,0.9959432048681541,0.8144016227180527,0.8119816218151441
1078,0.10649317502975464,0.9949290060851927,0.8255578093306288,0.820932036517692
1079,0.09647228568792343,0.9969574036511156,0.8326572008113591,0.8267199713586729
1080,0.0718371570110321,0.9959432048681541,0.8255578093306288,0.8217077391252461
1081,0.08422596752643585,0.9929006085192698,0.8108519269776876,0.802255504505042
1082,0.11699357628822327,0.9989858012170385,0.8189655172413793,0.8147264156572588
1083,0.10420669615268707,0.9949290060851927,0.8245436105476673,0.8215287308311952
1084,0.10229766368865967,0.9908722109533469,0.8220081135902637,0.8159198042842651
1085,0.11022653430700302,0.9959432048681541,0.8194726166328601,0.8147860850886091
1086,0.08178096264600754,0.986815415821501,0.8088235294117647,0.807864431051972
1087,0.10507544130086899,0.9918864097363083,0.8189655172413793,0.8165164985977683
1088,0.07721053808927536,0.9949290060851927,0.8245436105476673,0.8166955068918194
1089,0.09042277187108994,0.9969574036511156,0.8265720081135902,0.8200966644787875
1090,0.08548695594072342,0.9949290060851927,0.8225152129817445,0.8180679038128766
1091,0.09429968148469925,0.9959432048681541,0.821501014198783,0.8218270779879467
1092,0.12512686848640442,0.9929006085192698,0.8296146044624746,0.8257652604570679
1093,0.10335776954889297,0.9918864097363083,0.834685598377282,0.8279730294170297
1094,0.06735235452651978,0.9929006085192698,0.8336713995943205,0.8266603019273226
1095,0.08230381458997726,0.9959432048681541,0.8296146044624746,0.8246315412614118
1096,0.09317765384912491,0.9979716024340771,0.8230223123732252,0.819440300733934
1097,0.08085305988788605,0.9949290060851927,0.8204868154158215,0.8224834417328003
1098,0.09167111665010452,0.9939148073022313,0.8265720081135902,0.8266006324959723
1099,0.06926291435956955,0.9949290060851927,0.8275862068965517,0.8230801360463035
1100,0.07679469883441925,0.9939148073022313,0.8286004056795132,0.8178888955188257
1101,0.07403716444969177,0.9949290060851927,0.8280933062880325,0.8191419535771824
1102,0.08237498998641968,0.9959432048681541,0.8306288032454361,0.8231994749090041
1103,0.06568916887044907,0.9979716024340771,0.8275862068965517,0.8236768303598067
1104,0.07799937576055527,0.9969574036511156,0.827079107505071,0.8206336893609404
1105,0.08103904873132706,0.9969574036511156,0.8286004056795132,0.8219464168506474
1106,0.07209624350070953,0.9949290060851927,0.829107505070994,0.8225431111641506
1107,0.06777772307395935,0.9949290060851927,0.8286004056795132,0.8220657557133481
1108,0.08776524662971497,0.9979716024340771,0.8311359026369168,0.8231398054776538
1109,0.07241256535053253,0.9989858012170385,0.8316430020283976,0.825228235574915
1110,0.0924505814909935,0.9949290060851927,0.8275862068965517,0.8200369950474372
1111,0.06134789064526558,0.9969574036511156,0.8265720081135902,0.819261292439883
1112,0.07291039079427719,0.9969574036511156,0.8260649087221096,0.825228235574915
1113,0.08240741491317749,0.9959432048681541,0.8235294117647058,0.8208126976549913
1114,0.06921826303005219,0.9959432048681541,0.8230223123732252,0.8215287308311952
1115,0.08643724769353867,0.9979716024340771,0.8189655172413793,0.8200369950474372
1116,0.08334709703922272,0.9929006085192698,0.8169371196754563,0.8148457545199594
1117,0.1418086290359497,0.9949290060851927,0.8098377281947262,0.8094755056984307
1118,0.11841290444135666,0.9979716024340771,0.8286004056795132,0.8220060862819978
1119,0.08336833864450455,0.9969574036511156,0.8296146044624746,0.8225431111641506
1120,0.07717329263687134,0.9979716024340771,0.8220081135902637,0.8143087296378065
1121,0.08366425335407257,0.9969574036511156,0.8184584178498986,0.8097738528551823
1122,0.09707644581794739,0.9979716024340771,0.8189655172413793,0.8149650933826601
1123,0.09598314017057419,0.9979716024340771,0.8235294117647058,0.8188436064204309
1124,0.09808629751205444,0.9969574036511156,0.8265720081135902,0.8186049286950295
1125,0.0777648538351059,0.9918864097363083,0.8265720081135902,0.8167551763231696
1126,0.0863155797123909,0.9939148073022313,0.8301217038539553,0.8199176561847366
1127,0.07682199031114578,0.9929006085192698,0.8255578093306288,0.8185452592636793
1128,0.09142136573791504,0.9979716024340771,0.8260649087221096,0.815323109970762
1129,0.07634232193231583,0.9989858012170385,0.8265720081135902,0.8103108777373351
1130,0.05118458718061447,0.9979716024340771,0.8199797160243407,0.8087594725222269
1131,0.08043698221445084,0.9979716024340771,0.8255578093306288,0.8135330270302524
1132,0.08255481719970703,0.9969574036511156,0.8204868154158215,0.8136523658929531
1133,0.07633288204669952,0.9969574036511156,0.8174442190669371,0.8101318694432842
1134,0.10439735651016235,0.9939148073022313,0.8108519269776876,0.8089981502476281
1135,0.13773953914642334,0.9949290060851927,0.8189655172413793,0.8174115400680232
1136,0.08356556296348572,0.9939148073022313,0.8169371196754563,0.812160630109195
1137,0.10390225052833557,0.9939148073022313,0.8275862068965517,0.8219464168506474
1138,0.07791899144649506,0.9949290060851927,0.8306288032454361,0.8258249298884182
1139,0.10219474881887436,0.9929006085192698,0.8275862068965517,0.8229607971836028
1140,0.1288251131772995,0.9979716024340771,0.8174442190669371,0.8178888955188257
1141,0.12829245626926422,0.9959432048681541,0.8275862068965517,0.829166418044036
1142,0.08219336718320847,0.9939148073022313,0.8250507099391481,0.8272569962408258
1143,0.09063354134559631,0.9939148073022313,0.8179513184584178,0.8199176561847366
1144,0.0739755854010582,0.9979716024340771,0.8098377281947262,0.8149650933826601
1145,0.10932626575231552,0.9959432048681541,0.8144016227180527,0.8138910436183543
1146,0.09089073538780212,0.9969574036511156,0.8199797160243407,0.8171728623426219
1147,0.09759066253900528,0.9949290060851927,0.8209939148073022,0.8199773256160868
1148,0.06510840356349945,0.9929006085192698,0.8164300202839757,0.8194999701652843
1149,0.07469213753938675,0.9918864097363083,0.8194726166328601,0.8197386478906856
1150,0.10929113626480103,0.9959432048681541,0.8225152129817445,0.8260636076138195
1151,0.07237892597913742,0.9969574036511156,0.8250507099391481,0.8245122023987111
1152,0.07540935277938843,0.9969574036511156,0.8225152129817445,0.8176502177934244
1153,0.08973146975040436,0.9959432048681541,0.8250507099391481,0.8188436064204309
1154,0.07725617289543152,0.9929006085192698,0.8265720081135902,0.8225431111641506
1155,0.09538007527589798,0.9969574036511156,0.829107505070994,0.825049227280864
1156,0.09099669754505157,0.9959432048681541,0.8280933062880325,0.825228235574915
1157,0.06436358392238617,0.9969574036511156,0.8255578093306288,0.8189629452831314
1158,0.07629798352718353,0.9989858012170385,0.8230223123732252,0.823915508085208
1159,0.1055135428905487,0.9929006085192698,0.829107505070994,0.824870218986813
1160,0.12489888817071915,0.9949290060851927,0.8230223123732252,0.8163374903037174
1161,0.08889163285493851,0.9949290060851927,0.8225152129817445,0.8128169938540486
1162,0.07869288325309753,0.9959432048681541,0.8255578093306288,0.8189629452831314
1163,0.0906110554933548,0.9949290060851927,0.8250507099391481,0.8211707142430933
1164,0.09549036622047424,0.9959432048681541,0.8275862068965517,0.8201563339101379
1165,0.11047744750976562,0.9989858012170385,0.8255578093306288,0.8158601348529149
1166,0.07143081724643707,0.9959432048681541,0.8240365111561866,0.8156811265588639
1167,0.07880266010761261,0.9969574036511156,0.8286004056795132,0.823915508085208
1168,0.07342293858528137,0.9979716024340771,0.829107505070994,0.8248105495554627
1169,0.07711668312549591,0.9979716024340771,0.834685598377282,0.8283310460051315
1170,0.05749443173408508,0.9949290060851927,0.8306288032454361,0.8259442687511188
1171,0.06972536444664001,0.9979716024340771,0.8265720081135902,0.8225431111641506
1172,0.09254743158817291,0.9989858012170385,0.8316430020283976,0.8263619547705711
1173,0.08681970834732056,0.9969574036511156,0.8351926977687627,0.8260636076138195
1174,0.053868845105171204,0.9969574036511156,0.8326572008113591,0.8251685661435646
1175,0.07312192022800446,0.9979716024340771,0.8220081135902637,0.8172325317739721
1176,0.05539008229970932,1.0,0.8169371196754563,0.8147264156572588
1177,0.07408547401428223,0.9979716024340771,0.827079107505071,0.8214093919684945
1178,0.08908140659332275,0.9959432048681541,0.8336713995943205,0.8298227817888896
1179,0.08497308939695358,0.9979716024340771,0.8275862068965517,0.8258249298884182
1180,0.07133034616708755,1.0,0.8209939148073022,0.8189032758517811
1181,0.08850978314876556,0.9979716024340771,0.8199797160243407,0.8230204666149532
1182,0.0765203982591629,0.9969574036511156,0.8230223123732252,0.823736499791157
1183,0.04549224674701691,0.9969574036511156,0.8194726166328601,0.8197386478906856
1184,0.0814656987786293,0.9989858012170385,0.8184584178498986,0.818127573244227
1185,0.043836139142513275,0.9969574036511156,0.8189655172413793,0.8143087296378065
1186,0.0751563236117363,0.9979716024340771,0.8235294117647058,0.818127573244227
1187,0.05019095540046692,0.9969574036511156,0.8255578093306288,0.816635837460469
1188,0.09181694686412811,0.9929006085192698,0.8199797160243407,0.8138910436183543
1189,0.08709336817264557,0.9929006085192698,0.8123732251521298,0.8063130258368638
1190,0.11100095510482788,0.9949290060851927,0.8184584178498986,0.809535175129781
1191,0.06740017235279083,0.9969574036511156,0.8220081135902637,0.8122799689718957
1192,0.0923101082444191,0.9969574036511156,0.8169371196754563,0.8101318694432842
1193,0.06689824163913727,0.9939148073022313,0.8189655172413793,0.8128766632853989
1194,0.06502665579319,0.9959432048681541,0.8189655172413793,0.8169341846172206
1195,0.0756826102733612,0.9939148073022313,0.8113590263691683,0.8094755056984307
1196,0.08860139548778534,0.9939148073022313,0.8113590263691683,0.8141893907751059
1197,0.09651170670986176,0.9969574036511156,0.8194726166328601,0.8223044334387494
1198,0.0707172304391861,0.9939148073022313,0.8133874239350912,0.8184855898323289
1199,0.08065597712993622,0.9918864097363083,0.8118661257606491,0.8146667462259085
1200,0.11946915090084076,0.9929006085192698,0.8225152129817445,0.8229607971836028
1201,0.10056605190038681,0.9939148073022313,0.8260649087221096,0.8223044334387494
1202,0.09432485699653625,0.9949290060851927,0.8179513184584178,0.8199773256160868
1203,0.1198992058634758,0.9959432048681541,0.8174442190669371,0.8197983173220359
1204,0.11525801569223404,0.9959432048681541,0.8235294117647058,0.8223641028700996
1205,0.06485342979431152,0.9969574036511156,0.8230223123732252,0.8209917059490424
1206,0.08703719824552536,0.9979716024340771,0.8250507099391481,0.8135330270302524
1207,0.10863075405359268,0.9969574036511156,0.8199797160243407,0.8158601348529149
1208,0.09763817489147186,0.9939148073022313,0.8154158215010142,0.8099528611492333
1209,0.11138927191495895,0.9989858012170385,0.8296146044624746,0.8244525329673609
1210,0.08286461979150772,0.9959432048681541,0.8362068965517241,0.8276150128289277
1211,0.13576631247997284,0.9989858012170385,0.8230223123732252,0.8238558386538576
1212,0.08471980690956116,0.9969574036511156,0.8154158215010142,0.815144101676711
1213,0.08157702535390854,0.9979716024340771,0.8255578093306288,0.8189629452831314
1214,0.10907994210720062,0.9979716024340771,0.8306288032454361,0.8277940211229787
1215,0.06727448105812073,0.9979716024340771,0.8296146044624746,0.8274360045348768
1216,0.09651181846857071,1.0,0.8275862068965517,0.8231398054776538
1217,0.0818539634346962,1.0,0.8306288032454361,0.8175905483620741
1218,0.08300638943910599,1.0,0.8321501014198783,0.8185452592636793
1219,0.09406876564025879,0.9979716024340771,0.8341784989858012,0.8251685661435646
1220,0.07156545668840408,0.9989858012170385,0.8356997971602435,0.8261232770451697
1221,0.07181524485349655,0.9989858012170385,0.834685598377282,0.828211707142431
1222,0.06700310856103897,0.9989858012170385,0.8367139959432048,0.8264216242019213
1223,0.061649639159440994,0.9949290060851927,0.8311359026369168,0.8176502177934244
1224,0.08696208149194717,0.9959432048681541,0.8362068965517241,0.823736499791157
1225,0.08367816358804703,0.9929006085192698,0.8356997971602435,0.8279730294170297
1226,0.10083494335412979,0.9939148073022313,0.8362068965517241,0.8292857569067367
1227,0.0905514806509018,0.9949290060851927,0.8407707910750507,0.8247508801241125
1228,0.08380810916423798,0.9959432048681541,0.8306288032454361,0.8159794737156155
1229,0.08153293281793594,0.9949290060851927,0.8164300202839757,0.8122202995405454
1230,0.10955428332090378,0.9959432048681541,0.8245436105476673,0.8180082343815264
1231,0.07682229578495026,0.9969574036511156,0.8265720081135902,0.8215287308311952
1232,0.07016805559396744,0.9979716024340771,0.8169371196754563,0.8147860850886091
1233,0.0667971596121788,0.9979716024340771,0.8144016227180527,0.8137120353243034
1234,0.09383486956357956,0.9969574036511156,0.8240365111561866,0.8214093919684945
1235,0.06002423167228699,0.9949290060851927,0.8209939148073022,0.8224237723014499
1236,0.09643536061048508,0.9949290060851927,0.8149087221095335,0.8158004654215645
1237,0.0712035596370697,0.9949290060851927,0.8144016227180527,0.811026910913539
1238,0.09478720277547836,0.9979716024340771,0.8245436105476673,0.8190822841458321
1239,0.0696445181965828,0.9979716024340771,0.8225152129817445,0.8240945163792589
1240,0.06966420263051987,0.9959432048681541,0.8194726166328601,0.8256459215943672
1241,0.05894815921783447,0.9959432048681541,0.8225152129817445,0.8229607971836028
1242,0.08728001266717911,0.9949290060851927,0.8230223123732252,0.8189629452831314
1243,0.08363406360149384,0.9989858012170385,0.821501014198783,0.823915508085208
1244,0.0552864708006382,0.9979716024340771,0.8209939148073022,0.8246912106927621
1245,0.08442778885364532,0.9979716024340771,0.8255578093306288,0.8242735246733098
1246,0.07639284431934357,0.9959432048681541,0.827079107505071,0.8246912106927621
1247,0.07184495031833649,0.9959432048681541,0.8280933062880325,0.8237961692225073
1248,0.08958295732736588,0.9959432048681541,0.829107505070994,0.8242735246733098
1249,0.09115130454301834,0.9979716024340771,0.8286004056795132,0.822602780595501
1250,0.06450466811656952,0.9979716024340771,0.8245436105476673,0.8203950116355391
1251,0.07036697119474411,0.9949290060851927,0.8230223123732252,0.8152634405394117
1252,0.0898624137043953,0.9959432048681541,0.8265720081135902,0.8214093919684945
1253,0.07065586000680923,0.9979716024340771,0.8265720081135902,0.8227221194582016
1254,0.07578479498624802,0.9979716024340771,0.8265720081135902,0.8180679038128766
1255,0.07503215968608856,0.9969574036511156,0.8199797160243407,0.8158601348529149
1256,0.09622958302497864,0.9949290060851927,0.8209939148073022,0.8187839369890805
1257,0.08719006925821304,0.9969574036511156,0.8240365111561866,0.8178888955188257
1258,0.0897853896021843,0.9939148073022313,0.821501014198783,0.8198579867533863
1259,0.08332368731498718,0.9959432048681541,0.8169371196754563,0.8190822841458321
1260,0.08631085604429245,0.9959432048681541,0.8245436105476673,0.8186049286950295
1261,0.07584460079669952,0.9918864097363083,0.8250507099391481,0.8211707142430933
1262,0.09753885865211487,0.9979716024340771,0.8260649087221096,0.8266603019273226
1263,0.0764593631029129,1.0,0.8275862068965517,0.8216480696938958
1264,0.08111952245235443,0.9979716024340771,0.8184584178498986,0.8121009606778448
1265,0.07374338805675507,0.9979716024340771,0.8108519269776876,0.8094158362670804
1266,0.113123819231987,0.9949290060851927,0.8184584178498986,0.8142490602064563
1267,0.09753905236721039,0.9979716024340771,0.8230223123732252,0.8236768303598067
1268,0.07656143605709076,0.9979716024340771,0.8240365111561866,0.8203353422041888
1269,0.07941427826881409,0.9949290060851927,0.8230223123732252,0.8121009606778448
1270,0.1102091446518898,0.9969574036511156,0.8255578093306288,0.8195596395966347
1271,0.08595596253871918,0.9959432048681541,0.827079107505071,0.8221254251446983
1272,0.10193872451782227,0.9949290060851927,0.8306288032454361,0.8231994749090041
1273,0.07355590164661407,0.9939148073022313,0.8240365111561866,0.8178888955188257
1274,0.10029541701078415,0.9959432048681541,0.821501014198783,0.8178888955188257
1275,0.08028653264045715,0.9959432048681541,0.8316430020283976,0.8262426159078704
1276,0.08035782724618912,0.9949290060851927,0.8296146044624746,0.8285697237305328
1277,0.1136230081319809,0.9979716024340771,0.8275862068965517,0.8239751775165582
1278,0.10912717878818512,0.9979716024340771,0.8265720081135902,0.820753028223641
1279,0.08319386094808578,0.9979716024340771,0.8204868154158215,0.8186049286950295
1280,0.08833203464746475,0.9949290060851927,0.8301217038539553,0.8230801360463035
1281,0.10419861972332001,0.9959432048681541,0.8306288032454361,0.8249298884181634
1282,0.08306168019771576,0.9959432048681541,0.8245436105476673,0.8180679038128766
1283,0.09103226661682129,0.9979716024340771,0.8204868154158215,0.8202756727728385
1284,0.1004093661904335,0.9989858012170385,0.827079107505071,0.8213497225371442
1285,0.10031277686357498,0.9969574036511156,0.8240365111561866,0.8197386478906856
1286,0.06392516940832138,0.9959432048681541,0.821501014198783,0.8157407959902142
1287,0.08661732077598572,0.9969574036511156,0.8194726166328601,0.819261292439883
1288,0.07389558106660843,0.9969574036511156,0.8245436105476673,0.8206933587922907
1289,0.07165209203958511,0.9989858012170385,0.827079107505071,0.8243928635360105
1290,0.07954759895801544,0.9989858012170385,0.8220081135902637,0.8220657557133481
1291,0.05815930664539337,0.9949290060851927,0.813894523326572,0.8154424488334626
1292,0.08811487257480621,0.9969574036511156,0.8169371196754563,0.8174712094993735
1293,0.05761324241757393,0.9969574036511156,0.8204868154158215,0.8200966644787875
1294,0.08477795869112015,0.9969574036511156,0.8225152129817445,0.8210513753803926
1295,0.0675102099776268,0.9989858012170385,0.8286004056795132,0.8214690613998449
1296,0.07673881947994232,0.9969574036511156,0.8255578093306288,0.8158004654215645
1297,0.09796718508005142,0.9969574036511156,0.8260649087221096,0.8203950116355391
1298,0.06941644102334976,0.9949290060851927,0.8280933062880325,0.8193806313025837
1299,0.09433577209711075,0.9969574036511156,0.8265720081135902,0.8181872426755773
1300,0.0739581510424614,0.9979716024340771,0.8260649087221096,0.8134136881675518
1301,0.05031770467758179,0.9959432048681541,0.821501014198783,0.808222447640074
1302,0.08868669718503952,0.9969574036511156,0.827079107505071,0.8160391431469658
1303,0.056447021663188934,0.9959432048681541,0.8245436105476673,0.8158004654215645
1304,0.0566946379840374,0.9959432048681541,0.8280933062880325,0.8187242675577302
1305,0.07723214477300644,0.9979716024340771,0.8296146044624746,0.8221850945760487
1306,0.0763012170791626,1.0,0.8280933062880325,0.822602780595501
1307,0.08048754930496216,0.9979716024340771,0.8230223123732252,0.816635837460469
1308,0.0721215009689331,0.9959432048681541,0.8199797160243407,0.8160988125783162
1309,0.07319746166467667,0.9979716024340771,0.8199797160243407,0.8193806313025837
1310,0.050312042236328125,0.9908722109533469,0.8275862068965517,0.8251685661435646
1311,0.06068115308880806,0.9929006085192698,0.8245436105476673,0.823736499791157
1312,0.11204720288515091,0.9959432048681541,0.8149087221095335,0.8150247628140104
1313,0.08653875440359116,0.9989858012170385,0.8169371196754563,0.8174115400680232
1314,0.06883440911769867,0.9979716024340771,0.8245436105476673,0.8189629452831314
1315,0.08513094484806061,0.9949290060851927,0.8204868154158215,0.8163971597350678
1316,0.08230616897344589,0.9949290060851927,0.8149087221095335,0.8085207947968256
1317,0.08675740659236908,0.9979716024340771,0.8275862068965517,0.8160391431469658
1318,0.06993386149406433,0.9969574036511156,0.8240365111561866,0.8143683990691569
1319,0.07126371562480927,0.9949290060851927,0.8199797160243407,0.8132346798735008
1320,0.07988536357879639,0.9939148073022313,0.8184584178498986,0.8132346798735008
1321,0.06986772269010544,0.9939148073022313,0.8179513184584178,0.811026910913539
1322,0.07900886237621307,0.9979716024340771,0.8169371196754563,0.8169341846172206
1323,0.06879746168851852,0.9989858012170385,0.8179513184584178,0.8167551763231696
1324,0.05639728158712387,0.9959432048681541,0.8220081135902637,0.8205740199295901
1325,0.060687802731990814,0.9959432048681541,0.8240365111561866,0.8146070767945581
1326,0.10405762493610382,0.9989858012170385,0.8199797160243407,0.8173518706366728
1327,0.0941229835152626,0.9989858012170385,0.8225152129817445,0.8221254251446983
1328,0.06606908142566681,0.9989858012170385,0.8154158215010142,0.8184259204009786
1329,0.0739981159567833,0.9959432048681541,0.8144016227180527,0.8159794737156155
1330,0.10853180289268494,0.9939148073022313,0.8280933062880325,0.8174115400680232
1331,0.0828554555773735,0.9929006085192698,0.827079107505071,0.8171728623426219
1332,0.0871811956167221,0.9918864097363083,0.8245436105476673,0.8153827794021123
1333,0.10287907719612122,0.9949290060851927,0.8240365111561866,0.8158601348529149
1334,0.1009458675980568,0.9959432048681541,0.8260649087221096,0.8169938540485709
1335,0.08645332604646683,0.9949290060851927,0.827079107505071,0.8227221194582016
1336,0.0975404754281044,0.9959432048681541,0.8311359026369168,0.8269586490840742
1337,0.06680238991975784,0.9979716024340771,0.8362068965517241,0.8279730294170297
1338,0.0791424810886383,0.9949290060851927,0.8306288032454361,0.8259442687511188
1339,0.07693742960691452,0.9969574036511156,0.8296146044624746,0.8256459215943672
1340,0.07815562933683395,0.9979716024340771,0.8280933062880325,0.8231994749090041
1341,0.08046575635671616,0.9969574036511156,0.8199797160243407,0.813831374187004
1342,0.09874743223190308,0.9949290060851927,0.8133874239350912,0.8122202995405454
1343,0.0806598961353302,0.9959432048681541,0.8240365111561866,0.8193806313025837
1344,0.057920873165130615,0.9969574036511156,0.8255578093306288,0.8244525329673609
1345,0.09418369829654694,0.9949290060851927,0.8225152129817445,0.8236171609284564
1346,0.06998246908187866,0.9969574036511156,0.8225152129817445,0.8202160033414881
1347,0.08380955457687378,0.9989858012170385,0.8189655172413793,0.8140700519124052
1348,0.07401856034994125,0.9979716024340771,0.8230223123732252,0.819261292439883
1349,0.05003637075424194,0.9979716024340771,0.8235294117647058,0.8208126976549913
1350,0.08385194838047028,0.9989858012170385,0.8250507099391481,0.8236171609284564
1351,0.07123097777366638,0.9979716024340771,0.8240365111561866,0.8218867474192971
1352,0.08275400847196579,0.9979716024340771,0.8230223123732252,0.8217077391252461
1353,0.08878137171268463,0.9989858012170385,0.8144016227180527,0.8192016230085327
1354,0.07054099440574646,0.9979716024340771,0.829107505070994,0.8255862521630168
1355,0.0729140043258667,0.9979716024340771,0.829107505070994,0.8253475744376156
1356,0.07350699603557587,0.9969574036511156,0.827079107505071,0.8200369950474372
1357,0.0766051709651947,0.9959432048681541,0.8265720081135902,0.8184259204009786
1358,0.06351339817047119,0.9989858012170385,0.827079107505071,0.8205740199295901
1359,0.07745858281850815,0.9979716024340771,0.8265720081135902,0.8186645981263798
1360,0.08804813772439957,0.9939148073022313,0.8316430020283976,0.8187839369890805
1361,0.08792515099048615,0.9918864097363083,0.8306288032454361,0.8152634405394117
1362,0.09174637496471405,0.9939148073022313,0.8230223123732252,0.8093561668357301
1363,0.11298449337482452,0.9989858012170385,0.8296146044624746,0.8226624500268512
1364,0.06520812213420868,0.9959432048681541,0.8260649087221096,0.8178292260874754
1365,0.07869020104408264,0.9959432048681541,0.8199797160243407,0.8142490602064563
1366,0.07736434042453766,0.9949290060851927,0.8164300202839757,0.8128169938540486
1367,0.07272597402334213,0.9969574036511156,0.8250507099391481,0.8205740199295901
1368,0.09209881722927094,0.9949290060851927,0.8306288032454361,0.822602780595501
1369,0.07574700564146042,0.9959432048681541,0.821501014198783,0.8190822841458321
1370,0.08855053782463074,0.9929006085192698,0.8230223123732252,0.8187839369890805
1371,0.08427973091602325,0.9979716024340771,0.821501014198783,0.8184855898323289
1372,0.09134441614151001,0.9989858012170385,0.8230223123732252,0.8189629452831314
1373,0.06505312025547028,0.9989858012170385,0.8225152129817445,0.821290053105794
1374,0.06889832764863968,0.9969574036511156,0.8189655172413793,0.8196789784593352
1375,0.09381148219108582,0.9969574036511156,0.8225152129817445,0.8214093919684945
1376,0.06999228149652481,0.9989858012170385,0.8240365111561866,0.8221254251446983
1377,0.08263097703456879,1.0,0.8199797160243407,0.8220657557133481
1378,0.06444336473941803,0.9989858012170385,0.821501014198783,0.8231994749090041
1379,0.0671493336558342,0.9989858012170385,0.8128803245436106,0.8211707142430933
1380,0.07193859666585922,0.9959432048681541,0.8154158215010142,0.8165761680291187
1381,0.05441010370850563,0.9959432048681541,0.8093306288032455,0.8086401336595263
1382,0.11137296259403229,0.9979716024340771,0.8174442190669371,0.8153827794021123
1383,0.06603771448135376,0.9969574036511156,0.8189655172413793,0.8162778208723671
1384,0.08844862133264542,1.0,0.8199797160243407,0.8182469121069276
1385,0.07682932913303375,0.9969574036511156,0.8149087221095335,0.8156214571275135
1386,0.0792667493224144,0.9949290060851927,0.8209939148073022,0.8200369950474372
1387,0.06789585202932358,0.9959432048681541,0.8301217038539553,0.8259442687511188
1388,0.07838786393404007,0.9918864097363083,0.8311359026369168,0.8245122023987111
1389,0.09260053932666779,0.9949290060851927,0.8265720081135902,0.822244764007399
1390,0.0735616460442543,0.9949290060851927,0.815922920892495,0.8202756727728385
1391,0.11700671911239624,0.9929006085192698,0.8250507099391481,0.8223044334387494
1392,0.10826338082551956,0.9898580121703854,0.8286004056795132,0.8255862521630168
1393,0.09659464657306671,0.9959432048681541,0.8286004056795132,0.8257652604570679
1394,0.08095597475767136,0.9989858012170385,0.8154158215010142,0.8137717047556536
1395,0.10493141412734985,0.9979716024340771,0.815922920892495,0.813831374187004
1396,0.06834544241428375,0.9969574036511156,0.8179513184584178,0.8149650933826601
1397,0.07729022949934006,0.9959432048681541,0.8149087221095335,0.816456829166418
1398,0.08019421249628067,0.9959432048681541,0.8179513184584178,0.8175308789307237
1399,0.08956130594015121,0.9979716024340771,0.8179513184584178,0.8200369950474372
1400,0.08335050195455551,0.9969574036511156,0.8149087221095335,0.8220657557133481
1401,0.09221421182155609,0.9989858012170385,0.8220081135902637,0.8205740199295901
1402,0.07574693113565445,0.9989858012170385,0.821501014198783,0.8188436064204309
1403,0.07549965381622314,1.0,0.8209939148073022,0.8234381526344053
1404,0.06217041239142418,1.0,0.815922920892495,0.8202756727728385
1405,0.06990112364292145,0.9989858012170385,0.8133874239350912,0.8187242675577302
1406,0.06692281365394592,0.9959432048681541,0.8108519269776876,0.8157407959902142
1407,0.08992097526788712,0.9979716024340771,0.8189655172413793,0.8183662509696282
1408,0.09166505187749863,0.9959432048681541,0.8164300202839757,0.8221850945760487
1409,0.10876946896314621,0.9939148073022313,0.8189655172413793,0.822602780595501
1410,0.05874314159154892,0.9989858012170385,0.8199797160243407,0.8193209618712334
1411,0.08216831833124161,0.9959432048681541,0.8103448275862069,0.8092964974043797
1412,0.08007341623306274,0.9969574036511156,0.8128803245436106,0.8089981502476281
1413,0.08265426754951477,0.9989858012170385,0.8174442190669371,0.8157407959902142
1414,0.06786482781171799,0.9989858012170385,0.815922920892495,0.8184259204009786
1415,0.07419386506080627,0.9979716024340771,0.8199797160243407,0.8221850945760487
1416,0.07975649833679199,0.9959432048681541,0.8245436105476673,0.8197983173220359
1417,0.07181978970766068,0.9949290060851927,0.8179513184584178,0.8149650933826601
1418,0.08368368446826935,0.9959432048681541,0.8194726166328601,0.8107882331881378
1419,0.08134753257036209,0.9979716024340771,0.8240365111561866,0.8190822841458321
1420,0.0775376632809639,0.9959432048681541,0.8255578093306288,0.8219464168506474
1421,0.06793094426393509,0.9929006085192698,0.8128803245436106,0.8097738528551823
1422,0.12150238454341888,0.9969574036511156,0.8225152129817445,0.8170535234799212
1423,0.08782339841127396,0.9969574036511156,0.8260649087221096,0.8160391431469658
1424,0.07462824881076813,0.9939148073022313,0.8296146044624746,0.8168745151858703
1425,0.08993624895811081,0.9949290060851927,0.8275862068965517,0.821290053105794
1426,0.07681328803300858,0.9939148073022313,0.8265720081135902,0.8239751775165582
1427,0.091771200299263,0.9949290060851927,0.829107505070994,0.8256459215943672
1428,0.08004861325025558,0.9979716024340771,0.8204868154158215,0.8216480696938958
1429,0.0775897204875946,0.9979716024340771,0.821501014198783,0.8187242675577302
1430,0.07877591252326965,0.9979716024340771,0.8245436105476673,0.8230801360463035
1431,0.07510809600353241,0.9969574036511156,0.8255578093306288,0.8258249298884182
1432,0.07916976511478424,0.9979716024340771,0.8280933062880325,0.8264812936332717
1433,0.10059375315904617,0.9979716024340771,0.8164300202839757,0.8180679038128766
1434,0.09403673559427261,0.9989858012170385,0.829107505070994,0.8284503848678322
1435,0.10357309877872467,0.9949290060851927,0.8316430020283976,0.8302404678083418
1436,0.08835041522979736,0.9949290060851927,0.8245436105476673,0.8218270779879467
1437,0.10966204106807709,0.9959432048681541,0.8235294117647058,0.8205740199295901
1438,0.07999042421579361,0.9949290060851927,0.8204868154158215,0.8195596395966347
1439,0.07435258477926254,0.9939148073022313,0.8179513184584178,0.8157407959902142
1440,0.10484769940376282,0.9939148073022313,0.8194726166328601,0.8157407959902142
1441,0.09788037091493607,0.9959432048681541,0.829107505070994,0.8203353422041888
1442,0.07442168891429901,0.9949290060851927,0.8220081135902637,0.8192016230085327
1443,0.09207136929035187,0.9908722109533469,0.8199797160243407,0.8212303836744436
1444,0.08932699263095856,0.9949290060851927,0.8220081135902637,0.8200966644787875
1445,0.0825161561369896,0.9949290060851927,0.8189655172413793,0.8142490602064563
1446,0.11086726933717728,0.9959432048681541,0.8184584178498986,0.8139507130497047
1447,0.09122366458177567,0.9959432048681541,0.829107505070994,0.8190226147144818
1448,0.08141229301691055,0.9979716024340771,0.8286004056795132,0.8215287308311952
1449,0.06285738945007324,0.9959432048681541,0.8260649087221096,0.8219464168506474
1450,0.09182929247617722,0.9969574036511156,0.8275862068965517,0.8220657557133481
1451,0.07851491123437881,0.9979716024340771,0.8230223123732252,0.8154424488334626
1452,0.10721415281295776,0.9959432048681541,0.8204868154158215,0.8074467450325198
1453,0.08169227093458176,0.9969574036511156,0.813894523326572,0.8057163315233605
1454,0.0962723046541214,1.0,0.827079107505071,0.8155617876961633
1455,0.0849643424153328,0.9949290060851927,0.8275862068965517,0.8172922012053225
1456,0.08164895325899124,0.9939148073022313,0.8245436105476673,0.8158004654215645
1457,0.07672616839408875,0.9949290060851927,0.8154158215010142,0.8081627782087236
1458,0.09814559668302536,0.9969574036511156,0.8245436105476673,0.8180679038128766
1459,0.08855346590280533,0.9969574036511156,0.8275862068965517,0.8205143504982397
1460,0.07247922569513321,0.9959432048681541,0.8240365111561866,0.817948564950176
1461,0.09186200797557831,0.9969574036511156,0.8225152129817445,0.8196789784593352
1462,0.07132077217102051,0.9959432048681541,0.8204868154158215,0.8197386478906856
1463,0.0755826011300087,0.9949290060851927,0.8204868154158215,0.8198579867533863
1464,0.0822889655828476,0.9929006085192698,0.815922920892495,0.8119816218151441
1465,0.06476659327745438,0.9979716024340771,0.8133874239350912,0.8128766632853989
1466,0.0873405784368515,0.9989858012170385,0.8255578093306288,0.8225431111641506
1467,0.058798499405384064,0.9979716024340771,0.8240365111561866,0.8221254251446983
1468,0.06896564364433289,0.9979716024340771,0.8169371196754563,0.8171131929112716
1469,0.07664124667644501,0.9979716024340771,0.815922920892495,0.8145474073632079
1470,0.0672263503074646,0.9979716024340771,0.815922920892495,0.8160391431469658
1471,0.07994679361581802,0.9969574036511156,0.8169371196754563,0.8165761680291187
1472,0.06462877988815308,0.9979716024340771,0.8235294117647058,0.8175905483620741
1473,0.09228647500276566,0.9989858012170385,0.8245436105476673,0.8230801360463035
1474,0.059577882289886475,0.9969574036511156,0.821501014198783,0.8198579867533863
1475,0.0691206231713295,0.9939148073022313,0.8230223123732252,0.819440300733934
1476,0.08167203515768051,0.9969574036511156,0.8199797160243407,0.8193209618712334
1477,0.06588821113109589,0.9959432048681541,0.815922920892495,0.8160391431469658
1478,0.11236387491226196,0.9959432048681541,0.8154158215010142,0.8177098872247748
1479,0.08871687203645706,0.9969574036511156,0.8174442190669371,0.8204546810668895
1480,0.10027430206537247,0.9949290060851927,0.8220081135902637,0.8238558386538576
1481,0.07644709199666977,0.9939148073022313,0.8199797160243407,0.8176502177934244
1482,0.08420776575803757,0.9929006085192698,0.8133874239350912,0.8132943493048511
1483,0.10711221396923065,0.9959432048681541,0.8296146044624746,0.8254072438689659
1484,0.11513307690620422,0.9979716024340771,0.8275862068965517,0.8246315412614118
1485,0.0872717946767807,0.9989858012170385,0.8133874239350912,0.8200369950474372
1486,0.06889719516038895,0.9959432048681541,0.8118661257606491,0.8156811265588639
1487,0.07425612956285477,0.9969574036511156,0.8174442190669371,0.8169341846172206
1488,0.06112673878669739,0.9989858012170385,0.8240365111561866,0.8212303836744436
1489,0.06978792697191238,0.9989858012170385,0.8235294117647058,0.8224834417328003
1490,0.05185762792825699,0.9979716024340771,0.815922920892495,0.8184855898323289
1491,0.08263587206602097,0.9979716024340771,0.8199797160243407,0.8221850945760487
1492,0.08130205422639847,0.9979716024340771,0.8204868154158215,0.8205740199295901
1493,0.11326424777507782,0.9989858012170385,0.8184584178498986,0.8142490602064563
1494,0.10366833209991455,0.9959432048681541,0.8133874239350912,0.8127573244226982
1495,0.07069793343544006,0.9989858012170385,0.8235294117647058,0.8181872426755773
1496,0.08415205776691437,0.9959432048681541,0.8235294117647058,0.8182469121069276
1497,0.08159839361906052,0.9969574036511156,0.8204868154158215,0.8169938540485709
1498,0.09181180596351624,0.9979716024340771,0.8255578093306288,0.8197386478906856
1499,0.09370099008083344,0.9959432048681541,0.8194726166328601,0.8176502177934244
1500,0.07530137896537781,0.9969574036511156,0.8133874239350912,0.8174115400680232
1501,0.0854014903306961,0.9949290060851927,0.8189655172413793,0.8217077391252461
1502,0.07992230355739594,0.9949290060851927,0.8265720081135902,0.8230801360463035
1503,0.07344451546669006,0.9959432048681541,0.8225152129817445,0.8243331941046602
1504,0.05986160784959793,0.9969574036511156,0.8149087221095335,0.8200966644787875
1505,0.07650882005691528,0.9949290060851927,0.815922920892495,0.8166955068918194
1506,0.07141732424497604,0.9959432048681541,0.8169371196754563,0.8184855898323289
1507,0.06582124531269073,0.9949290060851927,0.8204868154158215,0.8211110448117429
1508,0.07347362488508224,0.9949290060851927,0.8225152129817445,0.8219464168506474
1509,0.09231804311275482,0.9959432048681541,0.8164300202839757,0.819261292439883
1510,0.07997939735651016,0.9939148073022313,0.8174442190669371,0.8154424488334626
1511,0.08482096344232559,0.9959432048681541,0.8204868154158215,0.8181872426755773
1512,0.07324308156967163,0.9959432048681541,0.8194726166328601,0.8174712094993735
1513,0.08463245630264282,0.9918864097363083,0.8235294117647058,0.8174115400680232
1514,0.08443054556846619,0.9949290060851927,0.8169371196754563,0.8156214571275135
1515,0.07729784399271011,0.9959432048681541,0.8133874239350912,0.8073274061698192
1516,0.06500432640314102,0.9959432048681541,0.8108519269776876,0.8066113729936154
1517,0.08488719910383224,0.9959432048681541,0.8220081135902637,0.817948564950176
1518,0.08621971309185028,0.9888438133874239,0.8245436105476673,0.8245718718300614
1519,0.10235849767923355,0.986815415821501,0.8220081135902637,0.8237961692225073
1520,0.09113196283578873,0.9908722109533469,0.8113590263691683,0.8157407959902142
1521,0.10177011042833328,0.9949290060851927,0.8098377281947262,0.8115042663643416
1522,0.09629110246896744,0.9979716024340771,0.8169371196754563,0.8171728623426219
1523,0.10187159478664398,0.9979716024340771,0.8250507099391481,0.823915508085208
1524,0.0635819137096405,0.9969574036511156,0.8230223123732252,0.822244764007399
1525,0.07088404148817062,0.9969574036511156,0.827079107505071,0.819619309027985
1526,0.07121482491493225,0.9969574036511156,0.8230223123732252,0.8140700519124052
1527,0.08928118646144867,0.9979716024340771,0.8260649087221096,0.8186049286950295
1528,0.0733332484960556,0.9979716024340771,0.8336713995943205,0.8239751775165582
1529,0.06998784095048904,0.9979716024340771,0.827079107505071,0.8255265827316666
1530,0.07673460990190506,0.9969574036511156,0.827079107505071,0.8242138552419596
1531,0.07520905137062073,0.9969574036511156,0.8286004056795132,0.8202756727728385
1532,0.06659062951803207,0.9989858012170385,0.8260649087221096,0.8165164985977683
1533,0.08498823642730713,0.9969574036511156,0.8275862068965517,0.8160391431469658
1534,0.06642375141382217,0.9969574036511156,0.8220081135902637,0.8127573244226982
1535,0.07210417091846466,0.9979716024340771,0.8250507099391481,0.8175308789307237
1536,0.06851046532392502,0.9949290060851927,0.8220081135902637,0.8172922012053225
1537,0.08718755096197128,0.9969574036511156,0.8184584178498986,0.8132346798735008
1538,0.06248834729194641,0.9949290060851927,0.813894523326572,0.8113849275016409
1539,0.07646292448043823,0.9949290060851927,0.8316430020283976,0.8234381526344053
1540,0.08241424709558487,0.9969574036511156,0.8341784989858012,0.8226624500268512
1541,0.0774187371134758,0.9969574036511156,0.8326572008113591,0.8177098872247748
1542,0.056157294660806656,0.9979716024340771,0.8255578093306288,0.8174115400680232
1543,0.07893497496843338,0.9959432048681541,0.8184584178498986,0.8141893907751059
1544,0.0939166471362114,0.9949290060851927,0.8321501014198783,0.826540963064622
1545,0.08322708308696747,0.9918864097363083,0.8351926977687627,0.8288084014559342
1546,0.10171813517808914,0.9929006085192698,0.8275862068965517,0.8203353422041888
1547,0.12264936417341232,0.9949290060851927,0.8149087221095335,0.8085804642281759
1548,0.11193472892045975,0.9949290060851927,0.8133874239350912,0.8107882331881378
1549,0.08181755244731903,0.9939148073022313,0.8164300202839757,0.8101915388746346
1550,0.10156324505805969,0.9949290060851927,0.8133874239350912,0.813831374187004
1551,0.1035047322511673,0.9959432048681541,0.8174442190669371,0.8145474073632079
1552,0.09290547668933868,0.9949290060851927,0.8169371196754563,0.8129363327167493
1553,0.0839158296585083,0.9908722109533469,0.815922920892495,0.8115042663643416
1554,0.10095703601837158,0.9959432048681541,0.8154158215010142,0.8187242675577302
1555,0.08766148239374161,0.9959432048681541,0.8230223123732252,0.8219464168506474
1556,0.08834772557020187,0.9939148073022313,0.8103448275862069,0.8093561668357301
1557,0.12313150614500046,0.9969574036511156,0.813894523326572,0.8162181514410167
1558,0.0954417884349823,0.9939148073022313,0.8225152129817445,0.8230801360463035
1559,0.0984170138835907,0.9918864097363083,0.8230223123732252,0.8218270779879467
1560,0.09270333498716354,0.9939148073022313,0.8194726166328601,0.8154424488334626
1561,0.10388816893100739,0.9959432048681541,0.8133874239350912,0.8158004654215645
1562,0.08426608890295029,0.9969574036511156,0.8149087221095335,0.8198579867533863
1563,0.0762222483754158,0.9969574036511156,0.8164300202839757,0.8189629452831314
1564,0.08317404985427856,0.9959432048681541,0.8169371196754563,0.8155617876961633
1565,0.09751272946596146,0.9949290060851927,0.8123732251521298,0.8109075720508384
1566,0.06311491131782532,0.9979716024340771,0.8098377281947262,0.8099528611492333
1567,0.06742679327726364,0.9959432048681541,0.8174442190669371,0.8135330270302524
1568,0.0636899396777153,0.9949290060851927,0.8144016227180527,0.813473357598902
1569,0.09589090198278427,0.9969574036511156,0.8113590263691683,0.8129363327167493
1570,0.07262647897005081,0.9949290060851927,0.8123732251521298,0.8118622829524434
1571,0.11035829782485962,0.9959432048681541,0.8230223123732252,0.8233784832030551
1572,0.05526992678642273,0.9908722109533469,0.8204868154158215,0.8256459215943672
1573,0.1222800761461258,0.9939148073022313,0.8220081135902637,0.8276150128289277
1574,0.08645545691251755,0.9969574036511156,0.8189655172413793,0.8208126976549913
1575,0.09032195806503296,0.9949290060851927,0.8184584178498986,0.8184259204009786
1576,0.09478772431612015,0.9959432048681541,0.8225152129817445,0.8185452592636793
1577,0.081674724817276,0.9878296146044625,0.8149087221095335,0.8160391431469658
1578,0.096642404794693,0.9878296146044625,0.8204868154158215,0.8140700519124052
1579,0.09678056836128235,0.9949290060851927,0.8209939148073022,0.8146667462259085
1580,0.0791730284690857,0.9929006085192698,0.8225152129817445,0.8078047616206218
1581,0.08351561427116394,0.9959432048681541,0.8174442190669371,0.8078047616206218
1582,0.09510094672441483,0.9949290060851927,0.821501014198783,0.8120412912464944
1583,0.08680949360132217,0.9939148073022313,0.8286004056795132,0.8149054239513097
1584,0.10210485756397247,0.9959432048681541,0.8362068965517241,0.8189032758517811
1585,0.08375835418701172,0.9969574036511156,0.8321501014198783,0.8213497225371442
1586,0.07765229046344757,0.9959432048681541,0.8286004056795132,0.821290053105794
1587,0.06918837875127792,0.9969574036511156,0.8316430020283976,0.8234978220657557
1588,0.08012526482343674,0.9959432048681541,0.8311359026369168,0.8247508801241125
1589,0.0757056176662445,0.9939148073022313,0.8341784989858012,0.819261292439883
1590,0.0748036652803421,0.9939148073022313,0.8260649087221096,0.8148457545199594
1591,0.07802896946668625,0.9969574036511156,0.8230223123732252,0.814010382481055
1592,0.08081799000501633,0.9949290060851927,0.8204868154158215,0.8139507130497047
1593,0.09156791865825653,0.9959432048681541,0.8225152129817445,0.8162778208723671
1594,0.0823265016078949,0.9969574036511156,0.8255578093306288,0.8186645981263798
1595,0.0837494432926178,0.9949290060851927,0.8301217038539553,0.820753028223641
1596,0.10504560172557831,0.9969574036511156,0.8164300202839757,0.8130556715794498
1597,0.0848504900932312,0.9939148073022313,0.8103448275862069,0.8036875708574497
1598,0.09978961199522018,0.9949290060851927,0.8260649087221096,0.814010382481055
1599,0.08750099688768387,0.9979716024340771,0.821501014198783,0.8158601348529149
1600,0.09522397071123123,0.9979716024340771,0.8225152129817445,0.8185452592636793
1601,0.08106452971696854,0.9969574036511156,0.8179513184584178,0.8149054239513097
1602,0.05662298947572708,0.9969574036511156,0.8174442190669371,0.8112655886389403
1603,0.07269701361656189,0.9979716024340771,0.8189655172413793,0.8156811265588639
1604,0.0653621107339859,0.9969574036511156,0.8235294117647058,0.8224834417328003
1605,0.08356178551912308,0.9959432048681541,0.8204868154158215,0.8190226147144818
1606,0.05904638394713402,0.9979716024340771,0.8144016227180527,0.8129363327167493
1607,0.061920758336782455,0.9959432048681541,0.8118661257606491,0.8085207947968256
1608,0.11874970048666,0.9969574036511156,0.8189655172413793,0.814010382481055
1609,0.07468566298484802,0.9918864097363083,0.829107505070994,0.8160988125783162
1610,0.10259374976158142,0.9979716024340771,0.8280933062880325,0.8175308789307237
1611,0.08495378494262695,0.9989858012170385,0.8209939148073022,0.8163971597350678
1612,0.06560124456882477,0.9989858012170385,0.8265720081135902,0.8156811265588639
1613,0.0839850902557373,0.9979716024340771,0.8240365111561866,0.8168745151858703
1614,0.069559745490551,0.9979716024340771,0.8230223123732252,0.8180082343815264
1615,0.07146573066711426,0.9969574036511156,0.8230223123732252,0.81681484575452
1616,0.10180608183145523,0.9959432048681541,0.8230223123732252,0.8107285637567874
1617,0.101058728992939,0.9939148073022313,0.827079107505071,0.8137120353243034
1618,0.10606569796800613,0.9989858012170385,0.8255578093306288,0.8193806313025837
1619,0.0893353521823883,0.9939148073022313,0.821501014198783,0.8196789784593352
1620,0.11723729968070984,1.0,0.8250507099391481,0.818306581538278
1621,0.11850979924201965,0.9939148073022313,0.821501014198783,0.8101318694432842
1622,0.13212914764881134,0.9959432048681541,0.829107505070994,0.8162181514410167
1623,0.08853507041931152,0.9959432048681541,0.8331643002028397,0.8206336893609404
1624,0.09655150771141052,0.9939148073022313,0.8331643002028397,0.8247508801241125
1625,0.08137334883213043,0.9959432048681541,0.8301217038539553,0.8231994749090041
1626,0.07431500405073166,0.9959432048681541,0.8301217038539553,0.8205740199295901
1627,0.06055978313088417,0.9979716024340771,0.8225152129817445,0.8130556715794498
1628,0.08322051167488098,0.9989858012170385,0.8286004056795132,0.8211707142430933
1629,0.06354780495166779,0.9979716024340771,0.8280933062880325,0.8246315412614118
1630,0.07288093119859695,0.9969574036511156,0.827079107505071,0.822244764007399
1631,0.06255747377872467,0.9949290060851927,0.821501014198783,0.8209917059490424
1632,0.07205601036548615,0.9959432048681541,0.8225152129817445,0.8177098872247748
1633,0.0673132985830307,0.9959432048681541,0.8169371196754563,0.8214093919684945
1634,0.08940183371305466,0.9949290060851927,0.8230223123732252,0.8190822841458321
1635,0.0945163294672966,0.9989858012170385,0.8240365111561866,0.8223044334387494
1636,0.07616107910871506,0.9989858012170385,0.8209939148073022,0.8211707142430933
1637,0.07763063907623291,0.9989858012170385,0.8250507099391481,0.8208126976549913
1638,0.07155144959688187,0.9979716024340771,0.8204868154158215,0.8171728623426219
1639,0.07294002920389175,0.9929006085192698,0.8093306288032455,0.8048212900531058
1640,0.1069558635354042,0.9979716024340771,0.8088235294117647,0.8091174891103288
1641,0.0923595130443573,0.9969574036511156,0.8250507099391481,0.8154424488334626
1642,0.0890982523560524,0.9979716024340771,0.8265720081135902,0.8171728623426219
1643,0.08125588297843933,0.9929006085192698,0.8220081135902637,0.814010382481055
1644,0.10479439049959183,0.9979716024340771,0.8230223123732252,0.8209917059490424
1645,0.08398644626140594,0.9949290060851927,0.8255578093306288,0.8196789784593352
1646,0.10455760359764099,0.9969574036511156,0.8184584178498986,0.8160988125783162
1647,0.07504969090223312,0.9918864097363083,0.8078093306288032,0.8032102154066472
1648,0.1423911154270172,0.9949290060851927,0.8245436105476673,0.8193209618712334
1649,0.07817638665437698,0.9929006085192698,0.8260649087221096,0.8190822841458321
1650,0.10078784823417664,0.9939148073022313,0.829107505070994,0.8213497225371442
1651,0.10283422470092773,0.9959432048681541,0.8280933062880325,0.816456829166418
1652,0.06978760659694672,0.9959432048681541,0.8204868154158215,0.8118026135210932
1653,0.07235126197338104,0.9949290060851927,0.815922920892495,0.8079241004833224
1654,0.08506686240434647,0.9969574036511156,0.8209939148073022,0.8141893907751059
1655,0.0937880426645279,0.9979716024340771,0.8275862068965517,0.8192016230085327
1656,0.060913387686014175,0.9939148073022313,0.8245436105476673,0.821290053105794
1657,0.06662146747112274,0.9939148073022313,0.8301217038539553,0.8223641028700996
1658,0.07589764147996902,0.9939148073022313,0.8255578093306288,0.8234978220657557
1659,0.07220898568630219,0.9939148073022313,0.8189655172413793,0.8191419535771824
1660,0.08744703233242035,0.9969574036511156,0.815922920892495,0.8150247628140104
1661,0.09464839845895767,0.9959432048681541,0.8073022312373225,0.8099528611492333
1662,0.09970489144325256,0.9939148073022313,0.8154158215010142,0.8168745151858703
1663,0.09107524901628494,0.9929006085192698,0.8311359026369168,0.8236768303598067
1664,0.07676216214895248,0.9979716024340771,0.8245436105476673,0.8186049286950295
1665,0.07506308704614639,0.9979716024340771,0.8174442190669371,0.8131153410108002
1666,0.07113133370876312,0.9929006085192698,0.8123732251521298,0.8116236052270421
1667,0.0898326113820076,0.9949290060851927,0.8260649087221096,0.8175308789307237
1668,0.1266917735338211,0.9989858012170385,0.8321501014198783,0.8258845993197684
1669,0.072306327521801,0.9979716024340771,0.8225152129817445,0.8197983173220359
1670,0.08827121555805206,0.9939148073022313,0.8149087221095335,0.8067307118563161
1671,0.14086779952049255,0.9969574036511156,0.8250507099391481,0.8193806313025837
1672,0.09505632519721985,0.9939148073022313,0.8250507099391481,0.8199176561847366
1673,0.06929204612970352,0.9939148073022313,0.815922920892495,0.819440300733934
1674,0.11896635591983795,0.9949290060851927,0.8149087221095335,0.8158601348529149
1675,0.10126299411058426,0.9939148073022313,0.8199797160243407,0.8165164985977683
1676,0.08338119089603424,0.9969574036511156,0.8133874239350912,0.8113252580702905
1677,0.0937807485461235,0.9969574036511156,0.8169371196754563,0.8146070767945581
1678,0.0689539834856987,0.9979716024340771,0.8209939148073022,0.8190226147144818
1679,0.08231394737958908,0.9979716024340771,0.8255578093306288,0.8215287308311952
1680,0.06272409111261368,0.9939148073022313,0.8230223123732252,0.821290053105794
1681,0.06861318647861481,0.9939148073022313,0.8245436105476673,0.8191419535771824
1682,0.07636673003435135,0.9959432048681541,0.8311359026369168,0.8208723670863417
1683,0.06264572590589523,0.9949290060851927,0.8311359026369168,0.8199176561847366
1684,0.0631498172879219,0.9949290060851927,0.8250507099391481,0.8202756727728385
1685,0.07860276103019714,0.9969574036511156,0.8235294117647058,0.8181872426755773
1686,0.0714813768863678,0.9979716024340771,0.8240365111561866,0.8199176561847366
1687,0.08815871924161911,0.9989858012170385,0.827079107505071,0.8241541858106092
1688,0.08686356246471405,0.9969574036511156,0.8275862068965517,0.8227221194582016
1689,0.07841398566961288,0.9949290060851927,0.8265720081135902,0.8146070767945581
1690,0.084473617374897,0.9949290060851927,0.8255578093306288,0.8155021182648129
1691,0.06215270981192589,0.9989858012170385,0.8265720081135902,0.8202756727728385
1692,0.09507010877132416,1.0,0.8301217038539553,0.8245718718300614
1693,0.0877675861120224,1.0,0.8377281947261663,0.8260636076138195
1694,0.06409405916929245,0.9989858012170385,0.8311359026369168,0.8219464168506474
1695,0.055496055632829666,0.9989858012170385,0.8209939148073022,0.8162181514410167
1696,0.07445394992828369,0.9989858012170385,0.8230223123732252,0.8190822841458321
1697,0.09758716821670532,0.9959432048681541,0.8296146044624746,0.8251685661435646
1698,0.05735357105731964,0.9979716024340771,0.8255578093306288,0.8212303836744436
1699,0.06683354079723358,0.9989858012170385,0.8250507099391481,0.820753028223641
1700,0.07215126603841782,0.9989858012170385,0.8245436105476673,0.8212303836744436
1701,0.07339257001876831,0.9979716024340771,0.8275862068965517,0.8203353422041888
1702,0.07232142984867096,0.9989858012170385,0.8230223123732252,0.8192016230085327
1703,0.06257729232311249,1.0,0.8194726166328601,0.8189629452831314
1704,0.07938259840011597,0.9979716024340771,0.8108519269776876,0.8098335222865326
1705,0.07099062204360962,0.9979716024340771,0.813894523326572,0.8137717047556536
1706,0.0692049190402031,0.9989858012170385,0.8169371196754563,0.8169938540485709
1707,0.09468400478363037,0.9979716024340771,0.8164300202839757,0.8144877379318575
1708,0.10319735109806061,0.9949290060851927,0.7956389452332657,0.7998090578196789
1709,0.0927758514881134,0.9979716024340771,0.8098377281947262,0.8085804642281759
1710,0.08921796083450317,0.9989858012170385,0.8265720081135902,0.8217077391252461
1711,0.06407112628221512,0.9939148073022313,0.8275862068965517,0.8197386478906856
1712,0.08538124710321426,0.9969574036511156,0.8265720081135902,0.817769556656125
1713,0.05869829282164574,0.9979716024340771,0.8179513184584178,0.8171131929112716
1714,0.059457551687955856,0.9969574036511156,0.8199797160243407,0.8160988125783162
1715,0.09529471397399902,0.9929006085192698,0.8245436105476673,0.8231398054776538
1716,0.08709418773651123,0.9959432048681541,0.8250507099391481,0.8206933587922907
1717,0.07863800972700119,0.9918864097363083,0.8067951318458418,0.8042245957396026
1718,0.14510154724121094,0.9969574036511156,0.8174442190669371,0.8165761680291187
1719,0.10039153695106506,0.9939148073022313,0.8392494929006086,0.8284503848678322
1720,0.0802534967660904,0.9939148073022313,0.8331643002028397,0.8285697237305328
1721,0.1215437725186348,0.9949290060851927,0.8296146044624746,0.8260039381824691
1722,0.09625674039125443,0.9969574036511156,0.8296146044624746,0.8236171609284564
1723,0.11652728170156479,0.9959432048681541,0.8280933062880325,0.8257652604570679
1724,0.07852553576231003,0.9959432048681541,0.8280933062880325,0.8231398054776538
1725,0.07257828861474991,0.9979716024340771,0.829107505070994,0.8229011277522525
1726,0.07514289766550064,0.9989858012170385,0.8255578093306288,0.8214093919684945
1727,0.08536212146282196,0.9989858012170385,0.8275862068965517,0.8236171609284564
1728,0.10623039305210114,0.9989858012170385,0.8240365111561866,0.8245122023987111
1729,0.07654295861721039,0.9989858012170385,0.8280933062880325,0.8236171609284564
1730,0.08440086245536804,0.9989858012170385,0.8280933062880325,0.8243928635360105
1731,0.09177393466234207,0.9959432048681541,0.8362068965517241,0.8267199713586729
1732,0.09624975919723511,0.9959432048681541,0.8280933062880325,0.823915508085208
1733,0.07117018103599548,0.9959432048681541,0.8235294117647058,0.8184855898323289
1734,0.08491417020559311,0.9949290060851927,0.8220081135902637,0.8162181514410167
1735,0.08090098202228546,0.9939148073022313,0.8275862068965517,0.8211110448117429
1736,0.11016768217086792,0.9959432048681541,0.8316430020283976,0.8267199713586729
1737,0.11480151861906052,0.9969574036511156,0.8316430020283976,0.8258845993197684
1738,0.06178416311740875,0.9969574036511156,0.8245436105476673,0.8186049286950295
1739,0.0847826600074768,0.9969574036511156,0.8209939148073022,0.8142490602064563
1740,0.07723265141248703,0.9969574036511156,0.8260649087221096,0.8191419535771824
1741,0.09499921649694443,0.9979716024340771,0.829107505070994,0.8224834417328003
1742,0.0959719642996788,0.9959432048681541,0.8235294117647058,0.8182469121069276
1743,0.07590000331401825,0.9979716024340771,0.8255578093306288,0.8208723670863417
1744,0.07762723416090012,0.9959432048681541,0.8189655172413793,0.8142490602064563
1745,0.0861615538597107,0.9959432048681541,0.8250507099391481,0.8113252580702905
1746,0.11068954318761826,0.9888438133874239,0.8225152129817445,0.8155021182648129
1747,0.08428671956062317,0.9939148073022313,0.8240365111561866,0.8194999701652843
1748,0.09601917862892151,0.9959432048681541,0.8149087221095335,0.8133540187362014
1749,0.08555109053850174,0.9989858012170385,0.8067951318458418,0.8044632734650039
1750,0.10226339846849442,0.9959432048681541,0.813894523326572,0.810847902619488
1751,0.0860106498003006,0.9949290060851927,0.821501014198783,0.8180082343815264
1752,0.10058058053255081,0.9949290060851927,0.8260649087221096,0.8243928635360105
1753,0.08921851217746735,0.9949290060851927,0.8250507099391481,0.8214690613998449
1754,0.07327619194984436,0.9959432048681541,0.8204868154158215,0.8127573244226982
1755,0.08803917467594147,0.9959432048681541,0.8209939148073022,0.8139507130497047
1756,0.08717048913240433,0.9959432048681541,0.8220081135902637,0.816456829166418
1757,0.06004399061203003,0.9929006085192698,0.8225152129817445,0.8174115400680232
1758,0.10667528212070465,0.9979716024340771,0.8220081135902637,0.8217674085565965
1759,0.07835816591978073,0.9949290060851927,0.8164300202839757,0.8197386478906856
1760,0.10748142749071121,0.9959432048681541,0.8331643002028397,0.8257055910257175
1761,0.0764833614230156,0.9969574036511156,0.829107505070994,0.8237961692225073
1762,0.10520082712173462,0.9989858012170385,0.821501014198783,0.8195596395966347
1763,0.08632958680391312,0.9979716024340771,0.8245436105476673,0.8224237723014499
1764,0.06803268939256668,0.9929006085192698,0.8245436105476673,0.8227817888895519
1765,0.06346452236175537,0.9939148073022313,0.8301217038539553,0.8266603019273226
1766,0.10428784042596817,0.9939148073022313,0.8306288032454361,0.8320305507488513
1767,0.08887721598148346,0.9969574036511156,0.827079107505071,0.8284503848678322
1768,0.07673768699169159,0.9969574036511156,0.8174442190669371,0.8188436064204309
1769,0.1202167496085167,0.9939148073022313,0.8225152129817445,0.819261292439883
1770,0.08946042507886887,0.9898580121703854,0.8255578093306288,0.8233188137717048
1771,0.09752646833658218,0.9898580121703854,0.8306288032454361,0.8300017900829405
1772,0.08631695061922073,0.9939148073022313,0.8245436105476673,0.8229607971836028
1773,0.083546943962574,0.9929006085192698,0.8169371196754563,0.8155021182648129
1774,0.09162293374538422,0.9949290060851927,0.8194726166328601,0.8158004654215645
1775,0.10372950881719589,0.9949290060851927,0.8296146044624746,0.8213497225371442
1776,0.07743710279464722,0.9939148073022313,0.8367139959432048,0.8284503848678322
1777,0.08127588778734207,0.9949290060851927,0.8407707910750507,0.8322692284742527
1778,0.062023308128118515,0.9969574036511156,0.8286004056795132,0.8257652604570679
1779,0.08808568120002747,0.9969574036511156,0.827079107505071,0.8203353422041888
1780,0.0762832760810852,0.9979716024340771,0.8331643002028397,0.8242735246733098
1781,0.06531357765197754,0.9969574036511156,0.8260649087221096,0.8212303836744436
1782,0.06923768669366837,0.9949290060851927,0.8220081135902637,0.8202756727728385
1783,0.08593277633190155,0.9959432048681541,0.8235294117647058,0.8200966644787875
1784,0.06658155471086502,0.9949290060851927,0.8230223123732252,0.8243331941046602
1785,0.0725574791431427,0.9949290060851927,0.8240365111561866,0.8258845993197684
1786,0.07629171758890152,0.9949290060851927,0.8225152129817445,0.826540963064622
1787,0.08379913121461868,0.9969574036511156,0.8189655172413793,0.8220657557133481
1788,0.06846824288368225,0.9969574036511156,0.8230223123732252,0.8205740199295901
1789,0.07217373698949814,0.9959432048681541,0.8286004056795132,0.8209917059490424
1790,0.07184691727161407,0.9969574036511156,0.8286004056795132,0.818306581538278
1791,0.08878853917121887,0.9969574036511156,0.8296146044624746,0.8188436064204309
1792,0.08337920904159546,0.9959432048681541,0.8260649087221096,0.8181872426755773
1793,0.08500588685274124,0.9949290060851927,0.821501014198783,0.8195596395966347
1794,0.08172039687633514,0.9969574036511156,0.821501014198783,0.816635837460469
1795,0.08896955847740173,0.9989858012170385,0.821501014198783,0.8187839369890805
1796,0.08132363855838776,0.9969574036511156,0.8184584178498986,0.8189629452831314
1797,0.08235948532819748,0.9979716024340771,0.8230223123732252,0.8227221194582016
1798,0.0524480976164341,0.9969574036511156,0.8225152129817445,0.8183662509696282
1799,0.0929068922996521,0.9989858012170385,0.8265720081135902,0.8175308789307237
1800,0.06254300475120544,0.9979716024340771,0.8235294117647058,0.8178292260874754
1801,0.08329175412654877,1.0,0.8280933062880325,0.8230204666149532
1802,0.07143745571374893,1.0,0.8275862068965517,0.8242138552419596
1803,0.06483279168605804,0.9949290060851927,0.821501014198783,0.8094755056984307
1804,0.1019454225897789,0.9959432048681541,0.8296146044624746,0.8231398054776538
1805,0.09232255816459656,0.9949290060851927,0.8321501014198783,0.8263619547705711
1806,0.08688610047101974,0.9979716024340771,0.8301217038539553,0.827853690554329
1807,0.093867227435112,0.9989858012170385,0.821501014198783,0.8186645981263798
1808,0.08722494542598724,0.9969574036511156,0.821501014198783,0.8143683990691569
1809,0.09327924996614456,0.9908722109533469,0.8204868154158215,0.8195596395966347
1810,0.08803033083677292,0.9908722109533469,0.8280933062880325,0.8219464168506474
1811,0.09076867252588272,0.9929006085192698,0.8230223123732252,0.8148457545199594
1812,0.0910390168428421,0.9959432048681541,0.8169371196754563,0.8109672414821887
1813,0.08847736567258835,0.9979716024340771,0.8189655172413793,0.8144280685005072
1814,0.08767928928136826,1.0,0.8255578093306288,0.8224834417328003
1815,0.08487921208143234,0.9979716024340771,0.821501014198783,0.823736499791157
1816,0.0949673280119896,0.9989858012170385,0.8230223123732252,0.8217077391252461
1817,0.07523120939731598,0.9989858012170385,0.8260649087221096,0.8193806313025837
1818,0.09423834085464478,0.9989858012170385,0.827079107505071,0.819440300733934
1819,0.06806721538305283,1.0,0.8235294117647058,0.8175308789307237
1820,0.08976036310195923,1.0,0.8144016227180527,0.8083417865027747
1821,0.06197561323642731,0.9959432048681541,0.8118661257606491,0.8102512083059848
1822,0.07774263620376587,0.9979716024340771,0.8301217038539553,0.8188436064204309
1823,0.062462665140628815,0.9979716024340771,0.8326572008113591,0.8182469121069276
1824,0.09161695092916489,0.9989858012170385,0.8341784989858012,0.8174115400680232
1825,0.08610989153385162,0.9979716024340771,0.8260649087221096,0.8142490602064563
1826,0.06432454288005829,0.9979716024340771,0.8209939148073022,0.8080434393460231
1827,0.08074938505887985,0.9989858012170385,0.8265720081135902,0.8131153410108002
1828,0.07084830105304718,0.9989858012170385,0.8250507099391481,0.8150844322453608
1829,0.06949856877326965,0.9989858012170385,0.8209939148073022,0.8144877379318575
1830,0.07736334204673767,0.9989858012170385,0.8164300202839757,0.8132346798735008
1831,0.06445829570293427,0.9989858012170385,0.8169371196754563,0.808222447640074
1832,0.06138238683342934,1.0,0.827079107505071,0.8208723670863417
1833,0.08222170919179916,0.9959432048681541,0.8255578093306288,0.8224834417328003
1834,0.07043172419071198,0.9959432048681541,0.8250507099391481,0.817769556656125
1835,0.07036259770393372,0.9989858012170385,0.8179513184584178,0.8126976549913479
1836,0.06241406127810478,0.9979716024340771,0.8194726166328601,0.8126976549913479
1837,0.07570365071296692,0.9979716024340771,0.8240365111561866,0.8141893907751059
1838,0.11193870007991791,0.9949290060851927,0.8220081135902637,0.8176502177934244
1839,0.1007804349064827,0.9939148073022313,0.8235294117647058,0.8208126976549913
1840,0.08545126020908356,0.9969574036511156,0.8230223123732252,0.8178888955188257
1841,0.06824866682291031,0.9959432048681541,0.8154158215010142,0.8121009606778448
1842,0.08239974826574326,0.9969574036511156,0.8128803245436106,0.8135926964616027
1843,0.08899989724159241,0.9969574036511156,0.8189655172413793,0.817769556656125
1844,0.06281644850969315,0.9979716024340771,0.821501014198783,0.8215884002625455
1845,0.07857157289981842,0.9969574036511156,0.8240365111561866,0.8183662509696282
1846,0.08644608408212662,0.9959432048681541,0.8240365111561866,0.822602780595501
1847,0.06272916495800018,0.9949290060851927,0.8306288032454361,0.8231398054776538
1848,0.0749039575457573,0.9959432048681541,0.8296146044624746,0.8221850945760487
1849,0.07304923981428146,0.9979716024340771,0.8265720081135902,0.825049227280864
1850,0.07751569896936417,0.9939148073022313,0.8265720081135902,0.8201563339101379
1851,0.06698036938905716,0.9949290060851927,0.8260649087221096,0.8216480696938958
1852,0.07148688286542892,0.9959432048681541,0.827079107505071,0.825049227280864
1853,0.0881260484457016,0.9959432048681541,0.8245436105476673,0.8279133599856794
1854,0.06369451433420181,0.9969574036511156,0.8250507099391481,0.8254072438689659
1855,0.0845927894115448,0.9969574036511156,0.8265720081135902,0.8252879050062653
1856,0.06769073009490967,0.9969574036511156,0.8250507099391481,0.8236768303598067
1857,0.08710762113332748,0.9979716024340771,0.8154158215010142,0.8187242675577302
1858,0.08526476472616196,0.9989858012170385,0.8169371196754563,0.817769556656125
1859,0.07685980200767517,0.9949290060851927,0.8179513184584178,0.8143087296378065
1860,0.08988597989082336,0.9949290060851927,0.8367139959432048,0.826540963064622
1861,0.11652081459760666,0.9969574036511156,0.8351926977687627,0.8238558386538576
1862,0.0728146955370903,0.9969574036511156,0.8230223123732252,0.8160988125783162
1863,0.0716758742928505,0.9959432048681541,0.8260649087221096,0.8184855898323289
1864,0.0953960120677948,0.9949290060851927,0.8296146044624746,0.8242138552419596
1865,0.1228930726647377,0.9979716024340771,0.8265720081135902,0.8209917059490424
1866,0.07824758440256119,0.9949290060851927,0.8199797160243407,0.8197386478906856
1867,0.08939310163259506,0.9939148073022313,0.8189655172413793,0.8161584820096665
1868,0.09902423620223999,0.9918864097363083,0.8245436105476673,0.8149054239513097
1869,0.09835974872112274,0.9949290060851927,0.8280933062880325,0.8138910436183543
1870,0.08381900191307068,0.9959432048681541,0.8240365111561866,0.8121009606778448
1871,0.09568873047828674,0.9959432048681541,0.8179513184584178,0.8104898860313862
1872,0.09941907227039337,0.9969574036511156,0.8194726166328601,0.8158004654215645
1873,0.057052452117204666,0.9959432048681541,0.8255578093306288,0.8210513753803926
1874,0.07179907709360123,0.9979716024340771,0.8280933062880325,0.8239751775165582
1875,0.08655443042516708,0.9989858012170385,0.8280933062880325,0.8236171609284564
1876,0.06657235324382782,0.9989858012170385,0.827079107505071,0.8260039381824691
1877,0.092616006731987,0.9979716024340771,0.8255578093306288,0.8243331941046602
1878,0.08436259627342224,0.9969574036511156,0.8199797160243407,0.8217674085565965
1879,0.10903210192918777,0.9949290060851927,0.8306288032454361,0.8310161704158959
1880,0.07168374955654144,0.9908722109533469,0.8377281947261663,0.8302404678083418
1881,0.09110535681247711,0.9969574036511156,0.829107505070994,0.8264812936332717
1882,0.07327479124069214,0.9959432048681541,0.815922920892495,0.8139507130497047
1883,0.07233807444572449,0.9979716024340771,0.8235294117647058,0.817769556656125
1884,0.06984752416610718,0.9989858012170385,0.8296146044624746,0.8229011277522525
1885,0.06139608845114708,0.9989858012170385,0.8331643002028397,0.8267796407900233
1886,0.06173643469810486,0.9969574036511156,0.8341784989858012,0.8264216242019213
1887,0.0821625292301178,0.9979716024340771,0.8296146044624746,0.8213497225371442
1888,0.06127401441335678,0.9979716024340771,0.8296146044624746,0.8175308789307237
1889,0.05271897092461586,0.9989858012170385,0.8260649087221096,0.8159198042842651
1890,0.0852503776550293,0.9939148073022313,0.827079107505071,0.8208126976549913
1891,0.12035875022411346,0.9898580121703854,0.8280933062880325,0.8261829464765201
1892,0.09758271276950836,0.9908722109533469,0.8296146044624746,0.8258249298884182
1893,0.11966613680124283,0.9898580121703854,0.8235294117647058,0.8144877379318575
1894,0.09932202100753784,0.9929006085192698,0.8123732251521298,0.8046422817590548
1895,0.09930673986673355,0.9939148073022313,0.8103448275862069,0.8048809594844561
1896,0.0865531861782074,0.9949290060851927,0.815922920892495,0.8111462497762396
1897,0.08642379939556122,0.9949290060851927,0.8225152129817445,0.8146667462259085
1898,0.07834300398826599,0.9969574036511156,0.8301217038539553,0.8187839369890805
1899,0.07537485659122467,0.9959432048681541,0.8326572008113591,0.8186049286950295
1900,0.07351299375295639,0.9959432048681541,0.8301217038539553,0.8155617876961633
1901,0.06477222591638565,0.9979716024340771,0.8250507099391481,0.8155021182648129
1902,0.07017489522695541,0.9979716024340771,0.8260649087221096,0.8203950116355391
1903,0.08563362061977386,0.9969574036511156,0.8306288032454361,0.821290053105794
1904,0.07536826282739639,0.9959432048681541,0.8280933062880325,0.8183662509696282
1905,0.11861877143383026,0.9989858012170385,0.8321501014198783,0.8230801360463035
1906,0.0772949829697609,0.9979716024340771,0.8301217038539553,0.8220657557133481
1907,0.0763833299279213,0.9939148073022313,0.8230223123732252,0.8144877379318575
1908,0.09892891347408295,0.9949290060851927,0.827079107505071,0.8230204666149532
1909,0.07359953224658966,0.9939148073022313,0.8311359026369168,0.8226624500268512
1910,0.10611242055892944,0.9989858012170385,0.8169371196754563,0.8147860850886091
1911,0.10368286818265915,0.9989858012170385,0.8169371196754563,0.8128766632853989
1912,0.10196972638368607,0.9959432048681541,0.8230223123732252,0.8181872426755773
1913,0.09232056140899658,0.9969574036511156,0.821501014198783,0.8217077391252461
1914,0.07938192784786224,0.9959432048681541,0.8179513184584178,0.8184259204009786
1915,0.07784827053546906,0.9949290060851927,0.8154158215010142,0.816456829166418
1916,0.1129540354013443,0.9969574036511156,0.8220081135902637,0.8247508801241125
1917,0.09229788929224014,0.9969574036511156,0.8255578093306288,0.8262426159078704
1918,0.10074800997972488,0.9989858012170385,0.8240365111561866,0.8234381526344053
1919,0.0800819918513298,0.9969574036511156,0.8103448275862069,0.8152634405394117
1920,0.11186745762825012,0.9989858012170385,0.8209939148073022,0.8232591443403544
1921,0.07691234350204468,0.9989858012170385,0.8306288032454361,0.8297631123575392
1922,0.05774754658341408,0.9979716024340771,0.8250507099391481,0.825228235574915
1923,0.09624745696783066,0.9969574036511156,0.8209939148073022,0.8184259204009786
1924,0.09348452091217041,0.9969574036511156,0.8240365111561866,0.8184259204009786
1925,0.0768289789557457,0.9939148073022313,0.8301217038539553,0.8254669133003163
1926,0.06852638721466064,0.9959432048681541,0.8286004056795132,0.8264812936332717
1927,0.09619306027889252,0.9969574036511156,0.8275862068965517,0.8248105495554627
1928,0.08147867023944855,0.9969574036511156,0.8225152129817445,0.8204546810668895
1929,0.05953289568424225,0.9979716024340771,0.8235294117647058,0.8176502177934244
1930,0.08913416415452957,0.9959432048681541,0.8250507099391481,0.8251685661435646
1931,0.07734771072864532,0.9959432048681541,0.8245436105476673,0.8254072438689659
1932,0.0787181481719017,0.9969574036511156,0.8230223123732252,0.8206336893609404
1933,0.07884582877159119,0.9979716024340771,0.8169371196754563,0.8202756727728385
1934,0.06614869832992554,0.9979716024340771,0.8179513184584178,0.8200369950474372
1935,0.08047923445701599,0.9989858012170385,0.821501014198783,0.8215884002625455
1936,0.08203963190317154,0.9989858012170385,0.8220081135902637,0.8182469121069276
1937,0.0769534781575203,0.9979716024340771,0.8230223123732252,0.81681484575452
1938,0.07144821435213089,0.9949290060851927,0.8265720081135902,0.8201563339101379
1939,0.08956126123666763,0.9939148073022313,0.827079107505071,0.8226624500268512
1940,0.10545779019594193,0.9959432048681541,0.8235294117647058,0.8184855898323289
1941,0.08203509449958801,0.9939148073022313,0.821501014198783,0.8116832746583925
1942,0.0827365517616272,0.9949290060851927,0.8260649087221096,0.8206336893609404
1943,0.0977737233042717,0.9979716024340771,0.8245436105476673,0.8220060862819978
1944,0.07670436799526215,0.9969574036511156,0.8230223123732252,0.8190226147144818
1945,0.10194012522697449,0.9959432048681541,0.8225152129817445,0.8187839369890805
1946,0.09716439247131348,0.9959432048681541,0.8240365111561866,0.8216480696938958
1947,0.0740744099020958,0.9979716024340771,0.8235294117647058,0.8206933587922907
1948,0.09947989881038666,0.9959432048681541,0.8204868154158215,0.816635837460469
1949,0.09067884832620621,0.9989858012170385,0.8194726166328601,0.8182469121069276
1950,0.08408650010824203,0.9989858012170385,0.8255578093306288,0.8197983173220359
1951,0.06475941836833954,0.9989858012170385,0.8296146044624746,0.8220060862819978
1952,0.05975787714123726,0.9979716024340771,0.8286004056795132,0.8231994749090041
1953,0.054373130202293396,0.9949290060851927,0.8220081135902637,0.8186049286950295
1954,0.05372560769319534,0.9918864097363083,0.8133874239350912,0.8132943493048511
1955,0.09314916282892227,0.9949290060851927,0.815922920892495,0.8175905483620741
1956,0.07928448170423508,0.9979716024340771,0.827079107505071,0.820932036517692
1957,0.0793595090508461,0.9989858012170385,0.8265720081135902,0.8184259204009786
1958,0.06672903895378113,0.9989858012170385,0.8220081135902637,0.81681484575452
1959,0.0653623417019844,0.9979716024340771,0.8245436105476673,0.8153827794021123
1960,0.07542920857667923,0.9939148073022313,0.8194726166328601,0.8080434393460231
1961,0.10673199594020844,0.9949290060851927,0.8255578093306288,0.8115042663643416
1962,0.08622710406780243,0.9949290060851927,0.8179513184584178,0.8118622829524434
1963,0.06351454555988312,0.9949290060851927,0.8118661257606491,0.8111462497762396
1964,0.08528555184602737,0.9949290060851927,0.8133874239350912,0.8070290590130677
1965,0.08871543407440186,0.9939148073022313,0.813894523326572,0.8084611253654753
1966,0.10772906243801117,0.9918864097363083,0.8199797160243407,0.8147860850886091
1967,0.08978412300348282,0.9969574036511156,0.8164300202839757,0.8132346798735008
1968,0.08890536427497864,0.9969574036511156,0.8128803245436106,0.8095948445611313
1969,0.08318353444337845,0.9959432048681541,0.8199797160243407,0.8107285637567874
1970,0.0686473473906517,0.9949290060851927,0.821501014198783,0.8103108777373351
1971,0.07417968660593033,0.9949290060851927,0.8220081135902637,0.8143087296378065
1972,0.09739746898412704,0.9918864097363083,0.8209939148073022,0.8162181514410167
1973,0.10469604283571243,0.9979716024340771,0.8149087221095335,0.8095948445611313
1974,0.08127669990062714,0.9979716024340771,0.8123732251521298,0.8088788113849275
1975,0.09458429366350174,0.9959432048681541,0.8225152129817445,0.8189629452831314
1976,0.07828835397958755,0.9949290060851927,0.8235294117647058,0.820753028223641
1977,0.10074984282255173,0.9949290060851927,0.8265720081135902,0.8221850945760487
1978,0.07706373929977417,0.9939148073022313,0.8194726166328601,0.8136523658929531
1979,0.0896330177783966,0.9908722109533469,0.8199797160243407,0.8174712094993735
1980,0.1044083908200264,0.9959432048681541,0.8341784989858012,0.8269586490840742
1981,0.06702864170074463,0.9969574036511156,0.827079107505071,0.8258249298884182
1982,0.08014571666717529,1.0,0.8280933062880325,0.8267199713586729
1983,0.08047518134117126,1.0,0.8189655172413793,0.8175905483620741
1984,0.0675838515162468,0.9989858012170385,0.8204868154158215,0.8140700519124052
1985,0.08018633723258972,0.9979716024340771,0.8301217038539553,0.8199176561847366
1986,0.07550621777772903,0.9979716024340771,0.829107505070994,0.821290053105794
1987,0.08405952155590057,0.9959432048681541,0.8204868154158215,0.8171131929112716
1988,0.08308492600917816,0.9979716024340771,0.8184584178498986,0.81681484575452
1989,0.06785261631011963,0.9979716024340771,0.8174442190669371,0.81120591920759
1990,0.07067739218473434,0.9969574036511156,0.8245436105476673,0.8118622829524434
1991,0.073389932513237,0.9959432048681541,0.8250507099391481,0.8118026135210932
1992,0.07852938026189804,0.9949290060851927,0.8245436105476673,0.8176502177934244
1993,0.09531380981206894,0.9969574036511156,0.8326572008113591,0.8224237723014499
1994,0.07711396366357803,0.9979716024340771,0.8326572008113591,0.818306581538278
1995,0.06792251765727997,0.9969574036511156,0.827079107505071,0.8172922012053225
1996,0.06023241579532623,0.9969574036511156,0.8245436105476673,0.8149054239513097
1997,0.10411036759614944,0.9969574036511156,0.8260649087221096,0.8192016230085327
1998,0.0873054638504982,0.9949290060851927,0.8255578093306288,0.8182469121069276
1999,0.11483316123485565,0.9979716024340771,0.8240365111561866,0.8189629452831314
2000,0.07334822416305542,0.9949290060851927,0.821501014198783,0.8168745151858703
2001,0.08214474469423294,0.9969574036511156,0.8209939148073022,0.8111462497762396
2002,0.10960600525140762,0.9979716024340771,0.8301217038539553,0.8241541858106092
2003,0.10534628480672836,0.9949290060851927,0.8321501014198783,0.822244764007399
2004,0.0858440175652504,0.9969574036511156,0.8286004056795132,0.8171131929112716
2005,0.09158829599618912,0.9989858012170385,0.8245436105476673,0.8135330270302524
2006,0.09226623177528381,0.9959432048681541,0.8265720081135902,0.8118622829524434
2007,0.0975659042596817,0.9969574036511156,0.821501014198783,0.818306581538278
2008,0.07770536839962006,0.9949290060851927,0.8245436105476673,0.8216480696938958
2009,0.09784054756164551,0.9949290060851927,0.8250507099391481,0.8198579867533863
2010,0.06791950017213821,0.9959432048681541,0.8189655172413793,0.8152037711080613
2011,0.10951971262693405,0.9959432048681541,0.821501014198783,0.8212303836744436
2012,0.10207793861627579,0.9949290060851927,0.8245436105476673,0.8279133599856794
2013,0.12227547913789749,0.9959432048681541,0.8220081135902637,0.8253475744376156
2014,0.10859496891498566,0.9979716024340771,0.8260649087221096,0.8266006324959723
2015,0.08631709218025208,0.9969574036511156,0.8209939148073022,0.8227221194582016
2016,0.058922525495290756,0.9979716024340771,0.8164300202839757,0.8176502177934244
2017,0.11882918328046799,0.9979716024340771,0.8250507099391481,0.8229011277522525
2018,0.08772983402013779,0.9969574036511156,0.8250507099391481,0.8230801360463035
2019,0.08837532252073288,0.9949290060851927,0.821501014198783,0.8216480696938958
2020,0.06549674272537231,0.9949290060851927,0.8255578093306288,0.8230801360463035
2021,0.07033462822437286,0.9939148073022313,0.8235294117647058,0.8221254251446983
2022,0.08404859900474548,0.9969574036511156,0.8260649087221096,0.8221254251446983
2023,0.05622739717364311,0.9969574036511156,0.8301217038539553,0.8213497225371442
2024,0.05871490761637688,0.9979716024340771,0.8235294117647058,0.8228414583209022
2025,0.08176683634519577,0.9969574036511156,0.8255578093306288,0.8253475744376156
2026,0.0710892304778099,0.9969574036511156,0.8204868154158215,0.8153827794021123
2027,0.12117979675531387,0.9969574036511156,0.8255578093306288,0.8226624500268512
2028,0.08274105191230774,0.9959432048681541,0.8230223123732252,0.8183662509696282
2029,0.0707310363650322,0.9908722109533469,0.8154158215010142,0.8114445969329912
2030,0.07963597774505615,0.9939148073022313,0.8174442190669371,0.813473357598902
2031,0.09001535177230835,0.9837728194726166,0.8123732251521298,0.8060743481114625
2032,0.12760306894779205,0.9969574036511156,0.8199797160243407,0.8150844322453608
2033,0.08888142555952072,0.9989858012170385,0.8265720081135902,0.8199176561847366
2034,0.08149269223213196,0.9989858012170385,0.8296146044624746,0.8199773256160868
2035,0.07745624333620071,0.9959432048681541,0.8265720081135902,0.8181872426755773
2036,0.08174119889736176,0.9939148073022313,0.8260649087221096,0.8203353422041888
2037,0.08122017979621887,0.9939148073022313,0.8220081135902637,0.8194999701652843
2038,0.07524379342794418,0.9969574036511156,0.8174442190669371,0.820753028223641
2039,0.07924452424049377,0.9979716024340771,0.815922920892495,0.8165164985977683
2040,0.08107084035873413,0.9979716024340771,0.8149087221095335,0.8156811265588639
2041,0.06578458845615387,0.9979716024340771,0.813894523326572,0.8105495554627364
2042,0.09056705981492996,0.9949290060851927,0.8088235294117647,0.8104898860313862
2043,0.06478448957204819,0.9949290060851927,0.8118661257606491,0.8131750104421505
2044,0.09030140191316605,0.9949290060851927,0.8225152129817445,0.818306581538278
2045,0.08838014304637909,0.9969574036511156,0.8179513184584178,0.8190822841458321
2046,0.06757458299398422,0.9969574036511156,0.8149087221095335,0.8182469121069276
2047,0.07572858035564423,0.9979716024340771,0.8123732251521298,0.8182469121069276
2048,0.06664048880338669,0.9979716024340771,0.8154158215010142,0.819261292439883
2049,0.06174138933420181,0.9989858012170385,0.821501014198783,0.8200369950474372
2050,0.09294997900724411,0.9989858012170385,0.8240365111561866,0.8190822841458321
2051,0.08022221177816391,0.9949290060851927,0.8209939148073022,0.8154424488334626
2052,0.09346616268157959,0.9959432048681541,0.8194726166328601,0.8190822841458321
2053,0.07492760568857193,0.9969574036511156,0.8209939148073022,0.8205143504982397
2054,0.06461411714553833,0.9979716024340771,0.8250507099391481,0.8220060862819978
2055,0.08231993019580841,0.9989858012170385,0.8260649087221096,0.8189629452831314
2056,0.06943058967590332,0.9979716024340771,0.8296146044624746,0.8144280685005072
2057,0.07169970124959946,0.9959432048681541,0.8230223123732252,0.8106688943254371
2058,0.08212760835886002,0.9969574036511156,0.8209939148073022,0.812518646697297
2059,0.08100277930498123,0.9969574036511156,0.8255578093306288,0.8158601348529149
2060,0.06220204383134842,0.9969574036511156,0.8189655172413793,0.81681484575452
2061,0.06544274091720581,0.9969574036511156,0.8184584178498986,0.815144101676711
2062,0.06400039047002792,0.9959432048681541,0.8169371196754563,0.8149054239513097
2063,0.08183407783508301,0.9969574036511156,0.8154158215010142,0.8088191419535772
2064,0.08929768204689026,0.9959432048681541,0.8123732251521298,0.8106092248940867
2065,0.0933697521686554,0.9959432048681541,0.8164300202839757,0.812160630109195
2066,0.06611509621143341,0.9959432048681541,0.8037525354969574,0.8061936869741632
2067,0.0693579912185669,0.9949290060851927,0.7971602434077079,0.798675338624023
2068,0.0872606635093689,0.9969574036511156,0.8184584178498986,0.8112655886389403
2069,0.086649090051651,0.9959432048681541,0.8179513184584178,0.8118026135210932
2070,0.09332287311553955,0.9979716024340771,0.8184584178498986,0.8141297213437556
2071,0.1014472097158432,0.9959432048681541,0.8149087221095335,0.806551703562265
2072,0.11357689648866653,0.9989858012170385,0.8245436105476673,0.8192016230085327
2073,0.08160135895013809,0.9969574036511156,0.8240365111561866,0.8193806313025837
2074,0.07642211019992828,0.9969574036511156,0.8260649087221096,0.8193806313025837
2075,0.08536618947982788,0.9959432048681541,0.8250507099391481,0.8200369950474372
2076,0.07460399717092514,0.9969574036511156,0.827079107505071,0.8220657557133481
2077,0.0663229301571846,0.9979716024340771,0.8255578093306288,0.8259442687511188
2078,0.06227891892194748,0.9979716024340771,0.8250507099391481,0.8203353422041888
2079,0.07334250211715698,0.9959432048681541,0.8154158215010142,0.8155617876961633
2080,0.075465127825737,0.9969574036511156,0.8189655172413793,0.8185452592636793
2081,0.06932415068149567,0.9969574036511156,0.8179513184584178,0.8205740199295901
2082,0.07446031272411346,0.9969574036511156,0.8280933062880325,0.8243331941046602
2083,0.06765562295913696,0.9979716024340771,0.8275862068965517,0.8217077391252461
2084,0.061567727476358414,0.9979716024340771,0.821501014198783,0.8173518706366728
2085,0.07924356311559677,0.9979716024340771,0.8209939148073022,0.81681484575452
2086,0.07771077007055283,0.9959432048681541,0.8220081135902637,0.8127573244226982
2087,0.09383831918239594,0.9979716024340771,0.8240365111561866,0.8201563339101379
2088,0.08611152321100235,0.9989858012170385,0.8255578093306288,0.8242138552419596
2089,0.07230042666196823,0.9989858012170385,0.8306288032454361,0.8245718718300614
2090,0.06250825524330139,0.9989858012170385,0.8275862068965517,0.8202160033414881
2091,0.09926708042621613,0.9918864097363083,0.8179513184584178,0.8131750104421505
2092,0.1078103631734848,0.9939148073022313,0.827079107505071,0.8144280685005072
2093,0.07411409169435501,0.9969574036511156,0.8250507099391481,0.8167551763231696
2094,0.10335520654916763,0.9979716024340771,0.8265720081135902,0.818306581538278
2095,0.10144313424825668,0.9929006085192698,0.8204868154158215,0.8155617876961633
2096,0.10015123337507248,0.9949290060851927,0.8275862068965517,0.8231994749090041
2097,0.09255773574113846,0.9949290060851927,0.8194726166328601,0.8165761680291187
2098,0.0736926794052124,0.9969574036511156,0.815922920892495,0.8193209618712334
2099,0.10212326794862747,0.9939148073022313,0.8189655172413793,0.8197386478906856
2100,0.07909121364355087,0.9939148073022313,0.8220081135902637,0.822244764007399
2101,0.06706977635622025,0.9979716024340771,0.8240365111561866,0.8241541858106092
2102,0.1078462302684784,0.9949290060851927,0.8189655172413793,0.8201563339101379
2103,0.07546357810497284,0.9959432048681541,0.8118661257606491,0.8182469121069276
2104,0.06576686352491379,0.9959432048681541,0.8179513184584178,0.8217674085565965
2105,0.061713289469480515,0.9989858012170385,0.8128803245436106,0.8156811265588639
2106,0.08715572953224182,0.9979716024340771,0.8062880324543611,0.8044036040336535
2107,0.06099240481853485,0.9959432048681541,0.8057809330628803,0.8024941822304433
2108,0.08752122521400452,0.9929006085192698,0.8118661257606491,0.8123993078345964
2109,0.11052489280700684,0.9959432048681541,0.8154158215010142,0.815144101676711
2110,0.08739645034074783,0.9949290060851927,0.8144016227180527,0.8150844322453608
2111,0.07346322387456894,0.9918864097363083,0.8017241379310345,0.8010621158780357
2112,0.08451903611421585,0.9979716024340771,0.8128803245436106,0.8170535234799212
2113,0.07509652525186539,0.9979716024340771,0.8194726166328601,0.8156214571275135
2114,0.11559923738241196,0.9969574036511156,0.8154158215010142,0.819261292439883
2115,0.06432564556598663,0.9959432048681541,0.813894523326572,0.8189629452831314
2116,0.08097735792398453,0.9969574036511156,0.8144016227180527,0.8227817888895519
2117,0.09668473154306412,0.9969574036511156,0.8204868154158215,0.8263619547705711
2118,0.08121801167726517,0.9959432048681541,0.8280933062880325,0.8269586490840742
2119,0.07490859180688858,0.9959432048681541,0.827079107505071,0.8280923682797303
2120,0.0788039043545723,0.9969574036511156,0.821501014198783,0.8262426159078704
2121,0.08250342309474945,0.9959432048681541,0.8179513184584178,0.8210513753803926
2122,0.08056062459945679,0.9969574036511156,0.8154158215010142,0.8177098872247748
2123,0.08690042793750763,0.9949290060851927,0.8169371196754563,0.8208126976549913
2124,0.09042315185070038,0.9979716024340771,0.8265720081135902,0.8251685661435646
2125,0.07397627085447311,0.9959432048681541,0.8301217038539553,0.8260636076138195
2126,0.08634921163320541,0.9969574036511156,0.8260649087221096,0.8208126976549913
2127,0.09193076193332672,0.9969574036511156,0.827079107505071,0.8175905483620741
2128,0.12722013890743256,0.9979716024340771,0.8245436105476673,0.8193806313025837
2129,0.08416568487882614,0.9979716024340771,0.8260649087221096,0.8220657557133481
2130,0.07274173945188522,1.0,0.8220081135902637,0.8205143504982397
2131,0.07690708339214325,0.9989858012170385,0.8179513184584178,0.8209917059490424
2132,0.07131266593933105,0.9949290060851927,0.8245436105476673,0.8194999701652843
2133,0.07906460016965866,0.9939148073022313,0.8169371196754563,0.8157407959902142
2134,0.0827837884426117,0.9989858012170385,0.8245436105476673,0.8198579867533863
2135,0.08342593163251877,0.9989858012170385,0.815922920892495,0.8170535234799212
2136,0.09059510380029678,0.9979716024340771,0.8245436105476673,0.8240945163792589
2137,0.07713823765516281,0.9939148073022313,0.8204868154158215,0.8236171609284564
2138,0.09779449552297592,0.9929006085192698,0.815922920892495,0.8209917059490424
2139,0.10079380124807358,0.9969574036511156,0.8179513184584178,0.8172325317739721
2140,0.08544778823852539,0.9918864097363083,0.8286004056795132,0.819619309027985
2141,0.10307980328798294,0.9939148073022313,0.8245436105476673,0.8131153410108002
2142,0.08952987939119339,0.9959432048681541,0.8164300202839757,0.8083417865027747
2143,0.08708933740854263,0.9949290060851927,0.8230223123732252,0.8116236052270421
2144,0.07582937180995941,0.9959432048681541,0.8280933062880325,0.8178292260874754
2145,0.0684431716799736,0.9989858012170385,0.8255578093306288,0.8144280685005072
2146,0.06973540782928467,0.9989858012170385,0.8189655172413793,0.8112655886389403
2147,0.08086954057216644,0.9949290060851927,0.8128803245436106,0.812160630109195
2148,0.10434801131486893,0.9969574036511156,0.8169371196754563,0.8175308789307237
2149,0.08265377581119537,0.9939148073022313,0.8235294117647058,0.8236768303598067
2150,0.08704818040132523,0.9969574036511156,0.8265720081135902,0.8229011277522525
2151,0.07525134831666946,0.9979716024340771,0.8230223123732252,0.8150247628140104
2152,0.07099588960409164,0.9989858012170385,0.8250507099391481,0.8106092248940867
2153,0.0913807675242424,0.9969574036511156,0.8230223123732252,0.8171728623426219
2154,0.08010803908109665,0.9989858012170385,0.8301217038539553,0.8218270779879467
2155,0.05951689928770065,1.0,0.8260649087221096,0.8196789784593352
2156,0.07164784520864487,1.0,0.8199797160243407,0.8116236052270421
2157,0.0761156901717186,0.9979716024340771,0.8184584178498986,0.815144101676711
2158,0.0712689459323883,0.9959432048681541,0.8250507099391481,0.8194999701652843
2159,0.08881905674934387,0.9959432048681541,0.8225152129817445,0.8175308789307237
2160,0.11257530748844147,0.9979716024340771,0.8209939148073022,0.8202160033414881
2161,0.08521680533885956,0.9959432048681541,0.8144016227180527,0.81681484575452
2162,0.08439156413078308,0.9949290060851927,0.8128803245436106,0.8143683990691569
2163,0.0699310451745987,0.9989858012170385,0.8174442190669371,0.8219464168506474
2164,0.07771594077348709,0.9979716024340771,0.8174442190669371,0.8233188137717048
2165,0.08821939677000046,0.9979716024340771,0.8230223123732252,0.8202756727728385
2166,0.06399515271186829,0.9969574036511156,0.813894523326572,0.8078047616206218
2167,0.09669383615255356,0.9989858012170385,0.813894523326572,0.8103108777373351
2168,0.08196382224559784,0.9989858012170385,0.8204868154158215,0.8175905483620741
2169,0.07794206589460373,0.9989858012170385,0.8225152129817445,0.8175905483620741
2170,0.09072733670473099,0.9969574036511156,0.821501014198783,0.8141893907751059
2171,0.08498625457286835,0.9969574036511156,0.8220081135902637,0.8144877379318575
2172,0.06972827762365341,0.9959432048681541,0.8209939148073022,0.8162778208723671
2173,0.08471326529979706,0.9939148073022313,0.8255578093306288,0.8212303836744436
2174,0.06852618604898453,0.9959432048681541,0.8301217038539553,0.8242138552419596
2175,0.0787416398525238,0.9979716024340771,0.8306288032454361,0.8229607971836028
2176,0.0566682405769825,0.9989858012170385,0.8306288032454361,0.8223641028700996
2177,0.07650133967399597,0.9979716024340771,0.8255578093306288,0.8228414583209022
2178,0.0756523460149765,0.9979716024340771,0.8260649087221096,0.823736499791157
2179,0.08185390383005142,0.9949290060851927,0.8240365111561866,0.8224834417328003
2180,0.08967805653810501,0.9939148073022313,0.8240365111561866,0.8230801360463035
2181,0.05939231440424919,0.9959432048681541,0.8209939148073022,0.8197386478906856
2182,0.07070871442556381,0.9969574036511156,0.8280933062880325,0.8182469121069276
2183,0.11033687740564346,0.9969574036511156,0.821501014198783,0.8215287308311952
2184,0.08396834135055542,0.9989858012170385,0.8194726166328601,0.8211110448117429
2185,0.10392346978187561,0.9969574036511156,0.8235294117647058,0.8135926964616027
2186,0.1360972821712494,0.9908722109533469,0.8225152129817445,0.814010382481055
2187,0.10354723781347275,0.9979716024340771,0.8245436105476673,0.8200369950474372
2188,0.0804937556385994,0.9959432048681541,0.8164300202839757,0.8155021182648129
2189,0.12960267066955566,0.9979716024340771,0.8209939148073022,0.8152037711080613
2190,0.09137998521327972,0.9949290060851927,0.8154158215010142,0.8120412912464944
2191,0.0814969465136528,0.9949290060851927,0.8306288032454361,0.822244764007399
2192,0.07385270297527313,0.9959432048681541,0.8265720081135902,0.825049227280864
2193,0.09223604202270508,0.9969574036511156,0.8235294117647058,0.8227221194582016
2194,0.08200149238109589,0.9969574036511156,0.8174442190669371,0.8172325317739721
2195,0.0793989822268486,0.9989858012170385,0.8154158215010142,0.8120412912464944
2196,0.07018449157476425,0.9979716024340771,0.8184584178498986,0.8082821170714243
2197,0.07193099707365036,0.9969574036511156,0.8179513184584178,0.8154424488334626
2198,0.08938593417406082,0.9969574036511156,0.8220081135902637,0.8201563339101379
2199,0.05963251367211342,0.9929006085192698,0.827079107505071,0.8259442687511188
2200,0.08620484173297882,0.9949290060851927,0.8199797160243407,0.8253475744376156
2201,0.09459740668535233,0.9959432048681541,0.8179513184584178,0.8162181514410167
2202,0.112880177795887,0.9949290060851927,0.8179513184584178,0.816635837460469
2203,0.07024337351322174,0.9918864097363083,0.8174442190669371,0.8155617876961633
2204,0.09687647223472595,0.9959432048681541,0.8235294117647058,0.8206933587922907
2205,0.09826632589101791,0.9979716024340771,0.8194726166328601,0.8242138552419596
2206,0.09449545294046402,0.9959432048681541,0.8189655172413793,0.8225431111641506
2207,0.08089667558670044,0.9969574036511156,0.8164300202839757,0.8190226147144818
2208,0.06420367956161499,0.9969574036511156,0.8220081135902637,0.8141297213437556
2209,0.07207880914211273,0.9969574036511156,0.8189655172413793,0.8131153410108002
2210,0.072752945125103,0.9979716024340771,0.8220081135902637,0.8173518706366728
2211,0.08516965061426163,0.9969574036511156,0.8265720081135902,0.8204546810668895
2212,0.09100470691919327,0.9989858012170385,0.8306288032454361,0.8246315412614118
2213,0.09620822966098785,0.9959432048681541,0.8235294117647058,0.8178292260874754
2214,0.08505310863256454,0.9949290060851927,0.8225152129817445,0.8159794737156155
2215,0.07335234433412552,0.9949290060851927,0.8260649087221096,0.8243331941046602
2216,0.08162550628185272,0.9959432048681541,0.8286004056795132,0.826540963064622
2217,0.0706855058670044,0.9949290060851927,0.8209939148073022,0.8172325317739721
2218,0.07246581465005875,0.9949290060851927,0.8154158215010142,0.8008831075839847
2219,0.08248300105333328,1.0,0.8230223123732252,0.8114445969329912
2220,0.07401945441961288,0.9969574036511156,0.8306288032454361,0.8230801360463035
2221,0.08816295862197876,0.9959432048681541,0.8301217038539553,0.8289277403186348
2222,0.06679117679595947,0.9939148073022313,0.8088235294117647,0.8199176561847366
2223,0.09002908319234848,0.9888438133874239,0.8108519269776876,0.8111462497762396
2224,0.1475500911474228,0.9939148073022313,0.8179513184584178,0.8242735246733098
2225,0.07063093781471252,0.9918864097363083,0.821501014198783,0.8267199713586729
2226,0.10613151639699936,0.9969574036511156,0.8250507099391481,0.8253475744376156
2227,0.10116071254014969,0.9969574036511156,0.8184584178498986,0.8187242675577302
2228,0.0726969912648201,0.9969574036511156,0.8209939148073022,0.8162778208723671
2229,0.07602544128894806,0.9969574036511156,0.8189655172413793,0.8200966644787875
2230,0.07880973070859909,0.9979716024340771,0.8204868154158215,0.8263022853392207
2231,0.06629171967506409,0.9989858012170385,0.8255578093306288,0.8249298884181634
2232,0.0695047453045845,1.0,0.8230223123732252,0.8215287308311952
2233,0.06009603664278984,0.9979716024340771,0.8154158215010142,0.8172922012053225
2234,0.08184650540351868,1.0,0.8225152129817445,0.8174712094993735
2235,0.07823634892702103,1.0,0.8220081135902637,0.8186645981263798
2236,0.08934381604194641,0.9949290060851927,0.8128803245436106,0.8149054239513097
2237,0.07129449397325516,0.9959432048681541,0.808316430020284,0.8106092248940867
2238,0.07719036191701889,0.9949290060851927,0.808316430020284,0.8113252580702905
2239,0.07289422303438187,0.9969574036511156,0.813894523326572,0.8156811265588639
2240,0.10811365395784378,0.9979716024340771,0.8144016227180527,0.8172325317739721
2241,0.052165787667036057,0.9979716024340771,0.8118661257606491,0.8150247628140104
2242,0.08138507604598999,0.9979716024340771,0.8286004056795132,0.8224834417328003
2243,0.08000989258289337,0.9979716024340771,0.8260649087221096,0.8234381526344053
2244,0.08453430235385895,0.9989858012170385,0.8265720081135902,0.8238558386538576
2245,0.08889435976743698,0.9969574036511156,0.8220081135902637,0.8253475744376156
2246,0.07052230089902878,0.9959432048681541,0.8209939148073022,0.819619309027985
2247,0.10667863488197327,0.9959432048681541,0.8230223123732252,0.8252879050062653
2248,0.0650985985994339,0.9969574036511156,0.8240365111561866,0.8231398054776538
2249,0.09621962904930115,0.9989858012170385,0.8209939148073022,0.8175308789307237
2250,0.10038050264120102,0.9979716024340771,0.8194726166328601,0.8131153410108002
2251,0.08865133672952652,0.9969574036511156,0.8194726166328601,0.8189032758517811
2252,0.0815824642777443,0.9969574036511156,0.8255578093306288,0.8206336893609404
2253,0.0786302238702774,0.9959432048681541,0.8189655172413793,0.8162778208723671
2254,0.08531095832586288,1.0,0.8220081135902637,0.8169341846172206
2255,0.0942133218050003,1.0,0.8209939148073022,0.8169341846172206
2256,0.06728913635015488,0.9969574036511156,0.8240365111561866,0.8226624500268512
2257,0.07132935523986816,0.9989858012170385,0.8250507099391481,0.8270183185154245
2258,0.07793687283992767,0.9939148073022313,0.8255578093306288,0.826540963064622
2259,0.07001583278179169,0.9959432048681541,0.8144016227180527,0.822244764007399
2260,0.08243312686681747,0.9959432048681541,0.8123732251521298,0.8152634405394117
2261,0.08720561116933823,0.9959432048681541,0.8128803245436106,0.8138910436183543
2262,0.0846858024597168,0.9959432048681541,0.8128803245436106,0.8133540187362014
2263,0.0974954143166542,0.9949290060851927,0.8078093306288032,0.8150844322453608
2264,0.072977215051651,0.9969574036511156,0.815922920892495,0.8155617876961633
2265,0.08707565814256668,0.9979716024340771,0.8133874239350912,0.814010382481055
2266,0.07660173624753952,0.9969574036511156,0.8088235294117647,0.8128766632853989
2267,0.0806945413351059,0.9979716024340771,0.813894523326572,0.8216480696938958
2268,0.06247147172689438,0.9989858012170385,0.8174442190669371,0.8169938540485709
2269,0.0628092959523201,0.9979716024340771,0.8133874239350912,0.8180679038128766
2270,0.07314339280128479,0.9929006085192698,0.808316430020284,0.8129363327167493
2271,0.076571024954319,0.9959432048681541,0.8128803245436106,0.8137120353243034
2272,0.06067904457449913,0.9969574036511156,0.8204868154158215,0.8230801360463035
2273,0.0800471305847168,0.9949290060851927,0.821501014198783,0.8249895578495137
2274,0.07605303823947906,0.9989858012170385,0.8209939148073022,0.8198579867533863
2275,0.06069612875580788,0.9979716024340771,0.8179513184584178,0.8104898860313862
2276,0.05757399648427963,0.9959432048681541,0.8209939148073022,0.8114445969329912
2277,0.06516028940677643,0.9959432048681541,0.8204868154158215,0.8150844322453608
2278,0.06631270051002502,0.9969574036511156,0.8174442190669371,0.8167551763231696
2279,0.07089505344629288,0.9969574036511156,0.8189655172413793,0.8180082343815264
2280,0.10084120184183121,0.9969574036511156,0.8169371196754563,0.8131750104421505
2281,0.09033971279859543,0.9939148073022313,0.8169371196754563,0.8107285637567874
2282,0.09539981931447983,0.9959432048681541,0.8245436105476673,0.819261292439883
2283,0.0585535429418087,0.9959432048681541,0.827079107505071,0.8208126976549913
2284,0.07131147384643555,0.9949290060851927,0.8225152129817445,0.817948564950176
2285,0.09184938669204712,0.9959432048681541,0.8225152129817445,0.8199176561847366
2286,0.07923062890768051,0.9959432048681541,0.827079107505071,0.8182469121069276
2287,0.08411087095737457,0.9939148073022313,0.827079107505071,0.8217674085565965
2288,0.10326238721609116,0.9908722109533469,0.8306288032454361,0.8197983173220359
2289,0.12560348212718964,0.9969574036511156,0.8286004056795132,0.8182469121069276
2290,0.08734747767448425,0.9949290060851927,0.8326572008113591,0.8266006324959723
2291,0.07574183493852615,0.9949290060851927,0.829107505070994,0.820753028223641
2292,0.08812620490789413,0.9969574036511156,0.821501014198783,0.8155617876961633
2293,0.06204488128423691,0.9908722109533469,0.7941176470588235,0.7933647592338445
2294,0.1365225464105606,0.9959432048681541,0.8189655172413793,0.8159794737156155
2295,0.08244235813617706,0.9888438133874239,0.8128803245436106,0.8172922012053225
2296,0.12143129855394363,0.9878296146044625,0.8199797160243407,0.817948564950176
2297,0.1253536343574524,0.9949290060851927,0.815922920892495,0.8122799689718957
2298,0.08390747755765915,0.9939148073022313,0.808316430020284,0.8050002983471568
2299,0.10865505784749985,0.9969574036511156,0.8189655172413793,0.819440300733934
2300,0.08157818019390106,0.9918864097363083,0.8240365111561866,0.8255862521630168
2301,0.10681482404470444,0.9847870182555781,0.8240365111561866,0.8241541858106092
2302,0.1131758913397789,0.9918864097363083,0.8209939148073022,0.8208723670863417
2303,0.09365906566381454,0.9939148073022313,0.8037525354969574,0.8113252580702905
2304,0.11311827600002289,0.9929006085192698,0.808316430020284,0.8107285637567874
2305,0.08895564824342728,0.9918864097363083,0.8194726166328601,0.8169341846172206
2306,0.07858763635158539,0.9918864097363083,0.8230223123732252,0.8209917059490424
2307,0.08601415902376175,0.9969574036511156,0.8189655172413793,0.8186049286950295
2308,0.07141562551259995,0.9979716024340771,0.815922920892495,0.813831374187004
2309,0.08660142123699188,0.9949290060851927,0.8149087221095335,0.8103705471686855
2310,0.08059503883123398,0.9979716024340771,0.8169371196754563,0.8171728623426219
2311,0.0640975683927536,0.9979716024340771,0.8194726166328601,0.8183662509696282
2312,0.08988858759403229,0.9989858012170385,0.821501014198783,0.819261292439883
2313,0.07502394169569016,0.9979716024340771,0.8133874239350912,0.8146667462259085
2314,0.056698981672525406,0.9979716024340771,0.8194726166328601,0.8141893907751059
2315,0.06840287148952484,0.9979716024340771,0.8321501014198783,0.8208126976549913
2316,0.06656313687562943,0.9949290060851927,0.8275862068965517,0.8200966644787875
2317,0.1072390154004097,0.9959432048681541,0.829107505070994,0.8227817888895519
2318,0.06565921753644943,0.9929006085192698,0.8245436105476673,0.8194999701652843
2319,0.08016151189804077,0.9969574036511156,0.8240365111561866,0.81681484575452
2320,0.10981926321983337,0.9959432048681541,0.8209939148073022,0.8131153410108002
2321,0.0836898609995842,0.9949290060851927,0.8144016227180527,0.8082821170714243
2322,0.12133460491895676,0.9918864097363083,0.8108519269776876,0.8070290590130677
2323,0.09620297700166702,0.9908722109533469,0.8184584178498986,0.8125783161286473
2324,0.10022410750389099,0.9929006085192698,0.8144016227180527,0.8144877379318575
2325,0.0984511747956276,0.9949290060851927,0.8194726166328601,0.8155617876961633
2326,0.09094992280006409,0.9949290060851927,0.815922920892495,0.8136523658929531
2327,0.09401437640190125,0.9939148073022313,0.8204868154158215,0.8171131929112716
2328,0.10988688468933105,0.9929006085192698,0.8235294117647058,0.8170535234799212
2329,0.08991657942533493,0.9939148073022313,0.8225152129817445,0.8159198042842651
2330,0.09841892868280411,0.9959432048681541,0.821501014198783,0.816635837460469
2331,0.07724262028932571,0.9969574036511156,0.8108519269776876,0.8099528611492333
2332,0.08082403987646103,0.9969574036511156,0.813894523326572,0.8095948445611313
2333,0.07622571289539337,0.9969574036511156,0.8204868154158215,0.8106092248940867
2334,0.08954773843288422,0.9979716024340771,0.8194726166328601,0.812339638403246
2335,0.09182658791542053,0.9989858012170385,0.813894523326572,0.8152037711080613
2336,0.07437597215175629,0.9969574036511156,0.8062880324543611,0.813473357598902
2337,0.07788877934217453,0.9979716024340771,0.8199797160243407,0.8226624500268512
2338,0.06619516015052795,0.9959432048681541,0.8255578093306288,0.8293454263380869
2339,0.08198553323745728,0.9969574036511156,0.8311359026369168,0.8296437734948386
2340,0.06646315008401871,0.9979716024340771,0.8209939148073022,0.8241541858106092
2341,0.0733371376991272,0.9949290060851927,0.8209939148073022,0.8199773256160868
2342,0.06963588297367096,0.9939148073022313,0.8220081135902637,0.8228414583209022
2343,0.09177777171134949,0.9959432048681541,0.8250507099391481,0.8256459215943672
2344,0.08448411524295807,0.9949290060851927,0.8194726166328601,0.8165164985977683
2345,0.07980340719223022,0.9959432048681541,0.8128803245436106,0.8118026135210932
2346,0.08018270134925842,0.9969574036511156,0.8209939148073022,0.818127573244227
2347,0.081627756357193,0.9949290060851927,0.8199797160243407,0.8214690613998449
2348,0.0851254016160965,0.9969574036511156,0.8209939148073022,0.8218270779879467
2349,0.0636322945356369,0.9989858012170385,0.8184584178498986,0.8169938540485709
2350,0.061522092670202255,0.9989858012170385,0.8209939148073022,0.8208126976549913
2351,0.05430389568209648,0.9989858012170385,0.8255578093306288,0.8242138552419596
2352,0.08425169438123703,0.9979716024340771,0.8265720081135902,0.8236171609284564
2353,0.07327409833669662,0.9979716024340771,0.8144016227180527,0.8130556715794498
2354,0.0757441520690918,0.9949290060851927,0.8113590263691683,0.8085804642281759
2355,0.07679417729377747,0.9979716024340771,0.8179513184584178,0.8180082343815264
2356,0.055704522877931595,0.9949290060851927,0.8245436105476673,0.8184259204009786
2357,0.07123111933469772,0.9969574036511156,0.8225152129817445,0.8184259204009786
2358,0.05901581048965454,0.9989858012170385,0.8230223123732252,0.813473357598902
2359,0.057129137217998505,0.9969574036511156,0.8189655172413793,0.8138910436183543
2360,0.06962647289037704,0.9979716024340771,0.8199797160243407,0.8180082343815264
2361,0.06550969183444977,0.9959432048681541,0.8280933062880325,0.8196789784593352
2362,0.07764419913291931,0.9969574036511156,0.8230223123732252,0.8165164985977683
2363,0.1072852686047554,0.9959432048681541,0.8133874239350912,0.81120591920759
2364,0.07365719228982925,0.9918864097363083,0.8032454361054767,0.8059550092487618
2365,0.08478851616382599,0.9949290060851927,0.8184584178498986,0.8152634405394117
2366,0.09583167731761932,0.9918864097363083,0.8235294117647058,0.8229011277522525
2367,0.09097515791654587,0.9939148073022313,0.8189655172413793,0.81681484575452
2368,0.10037346184253693,1.0,0.815922920892495,0.8100722000119339
2369,0.0883888229727745,0.9989858012170385,0.8017241379310345,0.7984963303299719
2370,0.09782106429338455,1.0,0.8184584178498986,0.8126976549913479
2371,0.06680861860513687,0.9989858012170385,0.8220081135902637,0.8193209618712334
2372,0.09420177340507507,0.9949290060851927,0.8194726166328601,0.8224237723014499
2373,0.09647104144096375,0.9898580121703854,0.8174442190669371,0.8132346798735008
2374,0.082024946808815,0.9898580121703854,0.8103448275862069,0.806909720150367
2375,0.10788054764270782,0.9979716024340771,0.8184584178498986,0.8178292260874754
2376,0.08373665809631348,0.9979716024340771,0.8235294117647058,0.8206336893609404
2377,0.07963160425424576,1.0,0.8220081135902637,0.8187242675577302
2378,0.07153299450874329,0.9979716024340771,0.8123732251521298,0.8147264156572588
2379,0.08785460144281387,0.9969574036511156,0.815922920892495,0.8146070767945581
2380,0.09056831151247025,0.9979716024340771,0.8154158215010142,0.8105495554627364
2381,0.09877006709575653,0.9979716024340771,0.8174442190669371,0.8119816218151441
2382,0.08489551395177841,0.9969574036511156,0.8245436105476673,0.8264812936332717
2383,0.08543220907449722,0.9989858012170385,0.8235294117647058,0.8255862521630168
2384,0.08952853828668594,0.9979716024340771,0.8209939148073022,0.8197386478906856
2385,0.06337089091539383,0.9959432048681541,0.8154158215010142,0.809177158541679
2386,0.1020234227180481,0.9918864097363083,0.8108519269776876,0.808222447640074
2387,0.110346220433712,0.9949290060851927,0.8199797160243407,0.8180679038128766
2388,0.065799780189991,0.9939148073022313,0.8209939148073022,0.8192016230085327
2389,0.10505072772502899,0.9959432048681541,0.8194726166328601,0.8188436064204309
2390,0.07412975281476974,0.9959432048681541,0.8144016227180527,0.812339638403246
2391,0.08756829798221588,0.9969574036511156,0.8144016227180527,0.8148457545199594
2392,0.0663125142455101,0.9989858012170385,0.8128803245436106,0.8104898860313862
2393,0.07157635688781738,1.0,0.8133874239350912,0.8171131929112716
2394,0.08612693846225739,0.9989858012170385,0.8184584178498986,0.8197386478906856
2395,0.06497013568878174,0.9939148073022313,0.8184584178498986,0.8217077391252461
2396,0.10168180614709854,0.9959432048681541,0.8199797160243407,0.8214690613998449
2397,0.08672326803207397,0.9969574036511156,0.8184584178498986,0.8172922012053225
2398,0.07376454770565033,0.9959432048681541,0.8189655172413793,0.8144877379318575
2399,0.09058526903390884,0.9959432048681541,0.8225152129817445,0.8163971597350678
2400,0.07645465433597565,0.9969574036511156,0.8275862068965517,0.8240945163792589
